config,annual_return,sharpe,max_dd,win_rate,gt_score
Buy & Hold Nifty 50,0.11256784208631147,0.27870407761099647,-0.38439852452742035,0.5400192864030858,
Base Mean Reversion,0.2134140213766509,0.6191410055518601,-0.37043296175884777,0.5280675608544461,1.4030735618676256
MR + Regime Filter,0.1000212869472156,0.21404164635833967,-0.43714678653635747,0.5242313705054716,1.2693133322515395
MR + Regime + Volume,0.09927297976892166,0.21014675718195408,-0.37439385329760244,0.530448717948718,0.8265724724406461
Full AMIOS (All Filters),0.09820384224415506,0.1969978738535587,-0.36157139690283935,0.5245346869712352,1.027326013860179
