Date,open,high,low,close,volume,returns,log_returns,dollar_vol
2018-01-02,563.507452179855,565.0975724020449,552.9230286821097,556.0536499023438,6292268,-0.010610135748139515,-0.01066682457912605,3498838587.5637207
2018-01-03,557.8424815895835,561.9669426053422,552.3266807156245,556.9977416992188,3990149,0.0016978429995753164,0.0016964032935159244,2222503982.043396
2018-01-04,561.3706940859571,561.5197944012483,554.5629119927372,556.4512329101562,2766664,-0.0009811687699042837,-0.00098165043106817,1539513593.8481445
2018-01-05,557.5941785024343,562.5137009161397,553.2709967608432,559.7806396484375,3249056,0.005983285760495116,0.005965456987332529,1818758645.9335938
2018-01-08,562.3147998033538,564.5012604793027,558.9854592385005,561.9669799804688,3770339,0.0039057090888394708,0.0038981016090643243,2118806021.3325806
2018-01-09,560.525890923814,569.4704530130239,559.5320506916796,561.81787109375,4607504,-0.00026533389332583646,-0.0002653691005912351,2588578088.3359375
2018-01-10,562.6627144142772,563.2093144516203,556.9978125290887,559.3333129882812,2411625,-0.004422355060781147,-0.004432162598547021,1348902200.9353638
2018-01-11,558.5383310612416,559.6812718386618,550.140367154547,555.308349609375,2825921,-0.007196001535117902,-0.007222017637236893,1569257526.6364746
2018-01-12,556.7494086083607,559.9297100453156,549.0968253360892,551.6807861328125,6013121,-0.0065325210382920496,-0.006553951334072637,3317323320.3917236
2018-01-15,553.2709070778716,560.9731694019811,552.9727671197456,557.09716796875,3943472,0.009817963525438955,0.009770080475816076,2196897083.1640625
2018-01-16,559.4824359091511,563.4081174146842,552.3764531589129,559.7308959960938,5993564,0.0047275918435318864,0.004716451877556462,3354782947.9299316
2018-01-17,560.5756498132931,585.6701192115994,557.5444488098927,581.5953979492188,8453944,0.039062524705224755,0.038318888078593225,4916774924.92041
2018-01-18,592.3288388092592,593.4717794565477,575.0359927414162,581.1978149414062,9466991,-0.0006836075546925446,-0.0006838413208792531,5502194483.2699585
2018-01-19,581.2972362832163,590.3411590692504,577.6200149113827,586.6142578125,3897048,0.009319448098131344,0.009276289974419602,2286063920.1796875
2018-01-22,592.2791356877375,617.920203156103,579.5579920489328,607.7830200195312,21790443,0.03608634110935194,0.03545048120377932,13243861254.103455
2018-01-23,612.6031739574006,623.7341365860614,607.6836524307138,616.2803344726562,14286343,0.013980835550246207,0.013884005138558772,8804392242.431091
2018-01-24,618.0693464356308,618.0693464356308,602.5654003667178,604.2052612304688,6158610,-0.01959347486322116,-0.019787971764058134,3721064563.866577
2018-01-25,606.242591029169,615.4356139259229,594.9127871954362,612.3049926757812,6749846,0.01340559568914923,0.013316535742818611,4132964405.5926514
2018-01-29,610.7645084652463,617.0754303961816,599.9316862251626,601.8199462890625,7017160,-0.017123894974135245,-0.017272204391943834,4223066854.301758
2018-01-30,601.8696341244798,603.7082749916252,588.8006711676121,590.0926513671875,6447963,-0.019486384580949423,-0.019678747242198872,3804895582.5875244
2018-01-31,585.670102171301,592.3288446032108,583.5333818287394,589.943603515625,7108060,-0.00025258381241854977,-0.00025261571708221184,4193354530.4052734
2018-02-01,589.9436197349662,606.2426260767768,582.4898169553337,589.1485595703125,7839731,-0.001347660929917116,-0.001348569841603082,4618766226.068726
2018-02-02,584.1793166478615,584.1793166478615,557.8425486780383,561.42041015625,6185174,-0.0470647835145106,-0.04820835614278657,3472482923.9677734
2018-02-05,547.7053203464739,565.1472647147068,544.1275198222786,562.7620239257812,9318595,0.0023896775843219586,0.0023868268455046315,5244151382.344666
2018-02-06,539.6552770830372,573.4955268014323,530.7107144794509,560.227783203125,13938327,-0.004503219149326387,-0.004513389184095294,7808638036.770264
2018-02-07,564.5013457524177,571.1104086591514,552.5752609830005,555.9046020507812,7679830,-0.007716827479754329,-0.007746756262522323,4269252839.9676514
2018-02-08,559.3333252386502,573.3465102783135,556.2524444812774,564.9485473632812,5816886,0.01626888009046179,0.016137959902107122,3286241295.8778076
2018-02-09,556.4512227826782,558.4885833191075,547.0097396858208,554.1156616210938,5865587,-0.019174995303106068,-0.019361219939910572,3250213621.3010864
2018-02-12,560.2278722568348,564.5013740482459,556.8984703629626,560.7247924804688,4765319,0.011927348958229445,0.011856778721312551,2672032507.378235
2018-02-14,561.5198123542153,562.3645524100052,536.7731627319148,540.5498046875,6478108,-0.03598019574579714,-0.03664344075045242,3501740014.1445312
2018-02-15,531.4561298738738,551.3826168611942,528.077048402954,540.3510131835938,11593643,-0.0003677579793431862,-0.0003678256188927025,6264636741.538879
2018-02-16,543.6803303028078,545.220770653874,531.7045666804431,534.5369873046875,3910503,-0.010759720509547432,-0.010818024905438652,2090308492.4659424
2018-02-19,534.5370168279808,541.5933198252511,524.2507932989708,537.2203979492188,4251723,0.005020065417852271,0.005007506901632094,2284112322.029846
2018-02-20,538.6614080237409,544.6741293209494,526.1390453112209,528.4248657226562,3395183,-0.016372297589850482,-0.016507804731958762,1794099120.8788452
2018-02-21,530.7106725065094,535.182953454598,521.1698307475974,532.4995727539062,4638382,0.007711043320562938,0.0076814651809209555,2469936433.269409
2018-02-22,529.7169478945663,530.4623282152435,524.2508255429337,526.98388671875,7808359,-0.010358104151391156,-0.010412122655496415,4114879374.715332
2018-02-23,523.7538382257371,535.5805620622556,522.3127576585516,533.3444213867188,3888629,0.012069694782458118,0.011997436856069788,2073978583.9926147
2018-02-26,537.7669264638321,550.9850501060937,535.6798862356824,548.89794921875,5297794,0.02916225839878739,0.02874512993960174,2907948261.9833984
2018-02-27,548.202323549177,548.202323549177,532.8475383678574,535.0836791992188,4136383,-0.025167282988018402,-0.025489394999903384,2213311034.217102
2018-02-28,530.7107650432181,533.1953660031583,516.7969996675531,525.4931030273438,6626661,-0.01792350719092728,-0.018086078743733393,3482264651.600281
2018-03-01,520.7722542944603,532.2510962410591,518.7845739345578,522.511474609375,9827510,-0.00567396298979328,-0.005690121067006713,5134986741.838379
2018-03-05,520.7722476960406,525.6917686563049,518.0888671123338,521.31884765625,6766199,-0.0022824894975111976,-0.002285098347201671,3527347065.692871
2018-03-06,522.7600121374257,527.3813939228528,508.0511874258552,514.1632690429688,12240160,-0.013725915810355538,-0.013820987156063978,6293440679.208984
2018-03-07,507.75299769941284,514.7099100535904,504.4236266645875,509.49224853515625,10428057,-0.009084702834776248,-0.009126220388623745,5313014208.782776
2018-03-08,515.256526484394,520.7226482491526,504.32428295487705,517.3435668945312,8483978,0.015410084023747883,0.015292554566882298,4389131439.974731
2018-03-09,519.2318571683682,519.3312169309195,499.9016519348724,502.2371826171875,4955525,-0.029199907458061447,-0.029634709804253836,2488848914.389038
2018-03-12,507.45485950690005,518.7349528947061,502.1874877579516,516.0018920898438,5283334,0.027406790952688054,0.027037948872175636,2726210340.5426025
2018-03-13,513.914810242049,531.6548965233304,511.47994996155927,528.2261352539062,7846232,0.02369030686021989,0.023414046167900587,4144584805.6655273
2018-03-14,525.691871443734,534.6861145851192,519.2815889790423,532.8475341796875,4976540,0.008748902444139395,0.008710852565880044,2651737067.746582
2018-03-15,531.9033134577763,535.8786744542332,524.9961115945933,526.3875122070312,3932830,-0.012123584249294495,-0.012197674330649657,2070192599.6331787
2018-03-16,527.6298434893574,529.6175241042592,517.2938800281888,519.3809204101562,12146623,-0.013310710521033942,-0.013400092069016208,6308724233.615173
2018-03-19,519.3809268225392,522.7600081732705,513.8651251799273,516.2503662109375,4656613,-0.006027472470006345,-0.006045711007313038,2403978166.5526123
2018-03-20,505.8646938016811,521.7661380076278,505.8646938016811,517.89013671875,5398111,0.0031763086578471267,0.0031712748459789843,2795628443.8129883
2018-03-21,519.7785054655053,529.2199888343815,519.281585288196,523.0581665039062,5518826,0.009979007937667816,0.009929546417042311,2886667008.814087
2018-03-22,519.3809175740113,522.6606390980486,513.5669760708507,515.008056640625,7194256,-0.015390467788865214,-0.015510130401696222,3705099801.5351562
2018-03-23,506.36162053166447,507.1070007385315,492.94477680805807,496.4232177734375,29385110,-0.036086501225661594,-0.0367537199595985,14587450860.826416
2018-03-26,495.92633857752827,506.1628821317572,492.14975734945955,504.1752014160156,9498614,0.015615675022911724,0.015495004977912575,4788965626.622986
2018-03-27,509.1443731939841,519.3312362616978,505.9143922212944,509.0450134277344,6423140,0.009658967751768666,0.009612618143331544,3269667387.548218
2018-03-28,509.74074037404444,509.74074037404444,498.51032620816727,507.3554992675781,10980960,-0.0033189877429102843,-0.003324507800114716,5571250443.237305
2018-04-02,503.6285959895725,505.3678165973312,489.16823106833266,495.97601318359375,7120498,-0.022429018903730946,-0.022684374826708226,3531596209.921753
2018-04-03,490.9571195007664,502.8832033752789,490.6589795357434,498.4606018066406,6053789,0.005009493517839081,0.004996987752830237,3017575308.150421
2018-04-04,501.3924706547681,501.3924706547681,487.2302452695739,489.2179260253906,6047813,-0.01854243995964877,-0.018716506098249906,2958698532.8493958
2018-04-05,495.3300065068854,501.5415084703285,492.1497356993622,500.0010681152344,6682587,0.022041592337898264,0.021802187957226448,3341300637.7729797
2018-04-06,499.85201849477346,499.85201849477346,492.1497557463636,497.11895751953125,3812133,-0.005764208877727661,-0.005780886047727569,1895083582.8858032
2018-04-09,499.10667142837235,518.7846996272189,498.1128310076306,516.101318359375,8708770,0.03818474542704986,0.03747375101374524,4494607678.288574
2018-04-10,519.7785205655443,546.314070936582,518.1884002156407,542.7859497070312,21689156,0.05170424953085484,0.05041194316595225,11772569137.803955
2018-04-11,546.7115184253709,547.6059989486756,530.7107140446329,536.4749755859375,9261807,-0.011627003470705333,-0.011695125628087437,4968727684.206665
2018-04-12,533.9903295426882,546.6121122668708,531.5554089107519,545.3698120117188,8021652,0.016580151601789606,0.016444201545148744,4374766843.263428
2018-04-13,546.6121915744596,552.1279933757799,532.4499666109396,539.2080688476562,8788919,-0.011298284262074465,-0.011362594733204898,4739056041.248474
2018-04-16,538.1644794986476,540.4502998743747,527.0831367743795,539.0589599609375,6418203,-0.0002765331146423744,-0.0002765713569744646,3459789833.998169
2018-04-17,541.5933517051133,541.5933517051133,526.9838853265942,529.1206665039062,5541004,-0.018436375601198485,-0.01860844373051361,2931859729.5808105
2018-04-18,532.2014845587238,532.2014845587238,513.3185187200389,515.0577392578125,7131174,-0.02657792094762179,-0.026937499435691487,3672966358.694092
2018-04-19,517.7907429581094,518.2379831788751,505.96405067239414,509.74066162109375,10559623,-0.010323265202034526,-0.010376919683301032,5382669214.489319
2018-04-20,510.3369327318246,510.6847525313541,499.90161083565295,502.5849914550781,4437940,-0.014037864162648739,-0.014137326904545366,2230442036.9781494
2018-04-23,505.2684313195711,508.0512025163075,496.9201783885634,503.0820007324219,4766412,0.000988905927940209,0.0009884172825960357,2397896085.2750244
2018-04-24,502.8832363079685,511.5793397026221,500.24956534579377,501.7403259277344,4564259,-0.002666910767497588,-0.0026704733094157734,2290072798.278595
2018-04-25,502.88320970468794,502.88320970468794,493.2429463196158,495.33001708984375,4608455,-0.012776148351316463,-0.012858465214573825,2282706093.907776
2018-04-26,493.69020028802413,497.9637017168048,480.3230352747063,490.70867919921875,14919977,-0.009329815943269981,-0.009373611290572325,7321362207.352722
2018-04-27,478.2856633435787,539.7546640727304,478.2856633435787,535.8787231445312,58859461,0.09205063179038309,0.08805724235624794,31541532805.655334
2018-04-30,532.4996323823171,532.7977723470697,510.2376455655987,514.1135864257812,18357008,-0.04061578819743461,-0.0414636463737773,9437587218.926758
2018-05-02,515.3062030947009,524.6980061990478,512.2253223832723,520.5238647460938,25195767,0.01246860322225296,0.01239151035455616,13114998014.082092
2018-05-03,518.7846372207333,535.4811421488713,518.7846372207333,530.1144409179688,12001916,0.01842485392394666,0.018257172837525884,6362388990.284424
2018-05-04,530.6112945351671,530.6112945351671,515.852731517567,517.0950317382812,5929870,-0.024559619913659625,-0.024866238073904572,3066306315.853882
2018-05-07,520.5238863958198,534.5867516953015,519.7785061289045,532.7977905273438,6792091,0.030367259063146745,0.029915300885580667,3618811077.8606567
2018-05-08,533.3444305956226,544.1275737757176,530.1641294481074,538.909912109375,12028184,0.011471747238256613,0.011406445686639443,6482107582.275391
2018-05-09,539.7546975317334,546.2644006857952,533.741975237387,545.1214599609375,7556830,0.011526133982671771,0.011460214150692838,4119390202.2766113
2018-05-10,545.1214123667152,550.5875340950961,539.6056107544614,544.2766723632812,11415139,-0.0015497236115356028,-0.0015509256752432026,6212993869.484314
2018-05-11,545.2207839927122,553.072146909738,542.1399032152059,549.891845703125,4960854,0.010316762824800652,0.01026390824184785,2727933162.3237305
2018-05-14,547.8047269785648,555.4573086030007,544.1771860073582,548.5004272460938,4999526,-0.0025303493185139248,-0.0025335560629487,2742242147.027954
2018-05-15,544.6245460808757,560.029072475499,543.9785255490322,546.3140869140625,6752759,-0.00398603214040949,-0.003993997540461403,3689127367.235718
2018-05-16,541.6429809570312,549.3452435302735,537.7172995136679,546.6121826171875,9929095,0.0005456489412689614,0.0005455001290157789,5427364289.363403
2018-05-17,546.6122009891214,549.5937220854257,533.1953560557521,536.127197265625,8551787,-0.019181763021380638,-0.01936811998996128,4584845595.922607
2018-05-18,533.4934947311497,537.3694964105638,525.2446318500191,529.6175537109375,7343619,-0.012141975986087239,-0.012216291950936185,3889309530.165161
2018-05-21,531.7045590141695,534.4872997145536,518.6355348420113,523.604736328125,4258800,-0.011353130840701442,-0.01141806960400912,2229927851.0742188
2018-05-22,525.1452208737486,530.2137819672075,517.442958811432,520.0765991210938,4711540,-0.006738169008502437,-0.006760972964965778,2450361699.822998
2018-05-23,518.7846306613407,524.9464525826444,516.2006701745992,517.04541015625,4426060,-0.005828350996692211,-0.005845402119929298,2288474008.076172
2018-05-24,518.4864951947411,533.6922396104623,517.8901546208867,531.157958984375,5188026,0.02729460227460523,0.026928746942820735,2755661301.317871
2018-05-25,532.3007616560523,540.1521231280285,529.2198814455845,535.1829223632812,4588810,0.00757771452131184,0.0075491478651746975,2455852745.9698486
2018-05-28,538.3633478686578,544.6245301528074,537.6179675810399,542.7859497070312,5611936,0.014206408736243459,0.014106443365170042,3046080011.455078
2018-05-29,543.6305964028982,546.5127572837022,539.8540157260877,544.3759765625,8015443,0.002929381013504484,0.0029250987378496717,4363414610.706055
2018-05-30,540.4006389055974,541.3447992801221,531.7542165512688,538.3135986328125,5919369,-0.011136380352360198,-0.011198854089920985,3186476828.0255127
2018-05-31,539.6552535737262,548.401035606618,528.9714709293108,542.5374145507812,15652651,0.007846385320185556,0.00781576252011144,8492148804.405701
2018-06-01,539.6552830295545,540.9472632880252,529.5677797184537,533.3444213867188,4061137,-0.01694444091321201,-0.01708964050663945,2165984763.437195
2018-06-04,536.2265442135376,538.6117852972139,527.9776815095578,533.741943359375,4291186,0.0007453382030746525,0.0007450605764980688,2290385954.956543
2018-06-05,531.3567227769223,532.6983828730922,521.0207597410795,527.6298217773438,5088506,-0.011451454505451708,-0.011517527314767094,2684847513.8929443
2018-06-06,526.7353084342681,530.5118890798828,523.3562274749751,528.126708984375,5281259,0.0009417345012028289,0.0009412913474677355,2789173934.9641113
2018-06-07,530.5118976675668,546.6121213744342,528.8720976989594,539.0589599609375,6932191,0.020700053208037916,0.020488718556282575,3736859670.7105713
2018-06-08,537.7173247365495,538.5621254539234,532.1518428797926,534.08984375,4627913,-0.009218131187908596,-0.009260881078081987,2471721331.0585938
2018-06-11,536.4749841633225,539.2577248836993,527.0831811552522,536.6240844726562,4095873,0.0047449708177609295,0.0047337489280884285,2197944098.741272
2018-06-12,540.1521698471456,541.1460100860548,532.499587875706,533.84130859375,3320721,-0.005185708132427358,-0.0051992005823295094,1772738044.114746
2018-06-13,536.4749625633801,548.4010457355599,533.5431216517135,537.3197631835938,5924906,0.0065158962670137655,0.006494759581549538,3183569088.8050537
2018-06-14,536.4749644178113,536.4749644178113,527.7291821931539,528.7230224609375,3736633,-0.01599930118282078,-0.016128671750075624,1975643893.5872803
2018-06-15,524.5489425307259,531.3567855564837,512.9209979063653,525.4931030273438,7854953,-0.006108906358115673,-0.006127642068667111,4127723626.103943
2018-06-18,526.9838202518987,527.7292004785633,518.2380377242065,519.3312377929688,3711213,-0.011725872706752516,-0.01179516294373985,1927348841.003357
2018-06-19,518.9337428647093,521.1698835653746,511.2314804513071,514.0142211914062,6483110,-0.01023819908110768,-0.010290969935992099,3332410737.548218
2018-06-20,517.5423877774948,524.151450694504,513.9645866047886,515.9025268554688,4555002,0.0036736447868810362,0.0036669134345654803,2349937041.631714
2018-06-21,518.0392423616233,518.7846225664603,507.9517696554174,509.8897399902344,4856050,-0.011654889348737152,-0.01172333994750139,2476050071.8795776
2018-06-22,509.8401260994513,524.5489519135596,507.4052049833149,522.4122314453125,5932446,0.02455921442019604,0.02426248538692357,3099182352.7888184
2018-06-25,517.1448532436661,520.1263745899178,509.9395099902246,512.026611328125,4882240,-0.01988012433869424,-0.020080392694884677,2499836802.890625
2018-06-26,513.3185354933906,515.504996372734,508.89593384955526,511.03271484375,4505122,-0.0019411031817212487,-0.001942989564006009,2302264726.3623047
2018-06-27,512.8215631189258,512.8215631189258,498.5102697489683,504.7217712402344,5659070,-0.012349392553948735,-0.012426279966498918,2856255833.972473
2018-06-28,504.8708722420858,510.33699389037605,497.7152099524843,501.4918212890625,4854274,-0.0063994662707634875,-0.006420030635961017,2434378709.2961426
2018-06-29,502.6844238670976,511.33084681979705,495.6778617130686,507.65362548828125,7747444,0.012286948535631392,0.012212076657534075,3933018034.8674316
2018-07-02,507.60393558798216,510.6351363852533,499.9016732271268,509.0946960449219,6799910,0.002838688594520633,0.0028346671267179017,3461798114.5828247
2018-07-03,509.74070759972665,516.697589610552,506.11316628754594,508.39898681640625,6658467,-0.001366561533483801,-0.0013674961302492271,3385157876.550476
2018-07-04,508.7965743644593,513.0700756960439,504.5230427032745,511.5793151855469,3893493,0.006255575741910491,0.0062360908452573395,1991830482.6197205
2018-07-05,510.8339073345386,514.6601681744355,505.86470590132325,507.8523864746094,2692462,-0.007285143476893241,-0.007311809725195455,1367373252.1921997
2018-07-06,509.84006627013423,513.7160676458083,506.3616252721898,510.5357666015625,2706424,0.00528377969350613,0.005269869506974435,1381726251.5888672
2018-07-09,511.92708467672634,526.0396282528552,511.92708467672634,522.0145874023438,6295104,0.0224838719472904,0.02223483565373801,3286136117.2148438
2018-07-10,524.6979515778105,531.6051531767378,518.7845901899751,529.2695922851562,5281760,0.013898088401925524,0.01380239558348204,2795474961.748047
2018-07-11,529.1205943119166,539.0092566635595,527.5304134534434,533.2449951171875,6432494,0.00751111133149962,0.00748304339475932,3430095231.621338
2018-07-12,536.375534056991,542.3385748788381,532.0026131906278,535.0338134765625,4128221,0.0033545900585187916,0.003348975973088325,2208737824.5040283
2018-07-13,536.3756494065586,537.667629730633,516.2503823048113,519.7785034179688,4169212,-0.02851279615295199,-0.028927181793283824,2167066773.7922363
2018-07-16,519.7784526599336,526.6359746738095,515.1570712167742,518.8839721679688,5032325,-0.0017209854661509594,-0.001722468062900793,2611192785.2401733
2018-07-17,518.4865056843989,536.5246710484711,515.8031246957604,534.5867309570312,4511522,0.03026256279116546,0.029813685087380522,2411799797.6207275
2018-07-18,537.8663637409452,539.0589841912082,511.8277366568544,523.3065795898438,4954888,-0.02110069463750719,-0.02132649632528838,2592925491.5307617
2018-07-19,524.7973540759782,534.0897972020016,515.2068316533821,523.5550537109375,5276418,0.00047481558762063614,0.0004747028983691767,2762495309.3913574
2018-07-20,523.5550148513722,533.1455972213288,521.7661145903297,530.4125366210938,2532288,0.013097921339027652,0.013012885292769718,1343157301.5351562
2018-07-23,531.6052250895159,541.4442081147764,527.281983190925,537.0216064453125,6009401,0.012460244371901075,0.012383254409798532,3227178178.7940674
2018-07-24,537.7172638078798,545.5189462917937,534.7357430097667,542.7361450195312,6171893,0.010641170682209156,0.010584951896261694,3349709414.29303
2018-07-25,543.6307036479127,544.1276238523441,526.238496492815,528.9715576171875,3341114,-0.025361471736599417,-0.02568861696811031,1767354276.7565918
2018-07-26,532.1020970361965,540.649098969462,523.1575347370693,538.3135986328125,7920089,0.017660762438168387,0.01750662333655473,4263491611.0821533
2018-07-27,539.8540798919506,551.5813836650616,533.9407177910889,549.8421630859375,7678597,0.021416075095269438,0.021189973403301397,4222016383.9451904
2018-07-30,552.6249092880113,567.6816147125776,547.4072474995853,566.1411743164062,12949737,0.029643072730166864,0.02921221085575345,7331379312.268616
2018-07-31,578.4150326123334,580.8499533866128,544.6244636968363,547.0097045898438,21735293,-0.03379275451862873,-0.034376927944210524,11889416203.103699
2018-08-01,547.1091360942294,552.078338056938,534.934591285593,541.7921142578125,6871812,-0.009538387140578197,-0.009584168910619063,3723093552.262207
2018-08-02,541.8914088096287,547.9041303289555,535.6799071038788,543.8790893554688,6495837,0.0038519850007694423,0.003844585103321622,3532949912.16156
2018-08-03,543.1337281069895,574.9862978339403,542.3883478762846,571.209716796875,15953749,0.05025129293680841,0.04902946214187242,9112936448.138428
2018-08-06,571.6569155118959,600.2795021584744,571.6569155118959,593.1238403320312,22629303,0.03836440958680165,0.03764679209949686,13421979099.397156
2018-08-07,593.3226539389418,603.1616970870353,580.1045901957597,589.39697265625,16424825,-0.006283456206540139,-0.006303280203262339,9680742131.408691
2018-08-08,593.0742544688063,595.2110355772435,583.3843106379377,592.6270141601562,7138029,0.005480247869868338,0.0054652859499724794,4230188813.258606
2018-08-09,591.334960413386,620.553888603373,591.334960413386,617.2244873046875,18227195,0.04150582500763944,0.04066757460544763,11250271088.877563
2018-08-10,617.4730021778546,620.0570235036913,607.4849187136665,611.708740234375,16074351,-0.008936371099595886,-0.008976539952059518,9832821000.295166
2018-08-13,608.2303147250614,612.205676259212,598.8881908561259,601.174072265625,8445677,-0.01722170581494986,-0.01737172426780259,5077322035.130127
2018-08-14,604.8511780563383,617.4729619092824,604.8511780563383,614.2429809570312,10225641,0.02173897593779106,0.021506054011130638,6281028210.036438
2018-08-16,611.1124188594563,631.0885844337594,607.4848775356463,619.6097412109375,18777302,0.00873719427048969,0.008699245870132398,11634599232.85962
2018-08-17,626.1194162147247,628.5543371873998,616.4791527538641,623.43603515625,13411536,0.006175328905957178,0.006156339698710635,8361234829.1953125
2018-08-20,626.1193753378487,626.7156552411585,618.2680128754891,620.5538940429688,6463139,-0.004622994101646571,-0.0046337131878185795,4010726074.190979
2018-08-21,621.547761311458,634.3185851786768,613.4976183120257,631.833984375,15522297,0.018177454755042177,0.01801421998505478,9807514760.16211
2018-08-23,640.6792073867327,640.6792073867327,624.6783413188609,627.858642578125,12699837,-0.006291750515457495,-0.006311626993486007,7973702419.783447
2018-08-24,634.1197940999077,639.4368761240449,630.0947529988682,635.9584350585938,15035968,0.012900662555522358,0.012818157827808293,9562250678.871094
2018-08-27,639.0393446765602,647.4869876466236,638.0455043271409,646.1950073242188,9819034,0.01609629136325852,0.015968119629264133,6345010747.546753
2018-08-28,647.9838509508604,658.7173136507226,638.0454483289146,655.9842529296875,9886447,0.015149057938414368,0.015035456823332623,6485353549.42395
2018-08-29,653.4499786297984,663.537481651032,649.2261574751572,652.8536987304688,13329261,-0.004772300836852983,-0.0047837246241492215,8702057345.193787
2018-08-30,657.7732473634766,657.7732473634766,639.0890598933071,645.747802734375,14868623,-0.010884362009301318,-0.010944030038102034,9601380631.935791
2018-08-31,645.4992535238226,649.4746145924836,637.3000713197093,645.2507934570312,10207700,-0.0007696646821548914,-0.0007699610260830966,6586526524.371338
2018-09-03,651.4126738936039,651.4126738936039,625.7218642788573,627.9083251953125,6494484,-0.02687709714978226,-0.02724489146341006,4077940571.447754
2018-09-04,627.1132768014762,640.430762093905,618.9140937054188,637.8467407226562,9305124,0.01582781296019986,0.015703859360832063,5935243015.420166
2018-09-05,637.0516307723998,642.6668527176141,627.461047636718,633.7222900390625,8837398,-0.006466209545761603,-0.006487206039466403,5600456098.546631
2018-09-06,634.9645601703193,639.3374208760532,620.7525960638977,634.2688598632812,10026621,0.0008624753031569732,0.0008621035850491326,6359573469.951233
2018-09-07,636.0578672478945,644.0085905884931,628.2065036853712,641.5736694335938,6999943,0.011516897695225126,0.01145108306716957,4490979116.335999
2018-09-10,640.9773107200381,673.7740404718181,639.33744996877,647.7354125976562,32430222,0.009604108550000712,0.009558282279495591,21006203227.80359
2018-09-11,647.6360852248579,661.5995299433279,643.461943643103,646.1453247070312,19162102,-0.0024548416833474196,-0.0024578597474506927,12381502618.859253
2018-09-12,660.9038600977619,660.9038600977619,626.218806183837,631.535888671875,14448365,-0.022610139664448248,-0.022869668319444234,9124661030.130615
2018-09-14,637.8467431553631,640.033204121158,628.1071195723166,632.4800415039062,12083354,0.0014950105749600429,0.0014938941592141377,7642480239.426392
2018-09-17,629.796622830519,630.0947627946388,618.1686789562544,622.0943603515625,6644742,-0.016420567402646857,-0.01655687919081678,4133656524.191162
2018-09-18,620.1562989467174,629.1505408300515,602.4162752357169,604.8511352539062,10724450,-0.027718021889656108,-0.0281094156562705,6486695757.473755
2018-09-19,607.8327286174189,618.6656126038001,597.5961852314772,605.0499877929688,9373364,0.0003287627772725621,0.00032870874663255324,5671353773.779053
2018-09-21,615.1374393177242,630.0947230565494,559.9296251628263,595.5090942382812,24788799,-0.015768769105325764,-0.015894418789264283,14761955239.744812
2018-09-24,595.9065505721617,602.0186919726633,584.2289284001786,593.67041015625,11998797,-0.0030875835479610148,-0.003092359968308956,7123330736.371582
2018-09-25,595.1115905589324,615.9822379478875,585.9185673042738,610.5657958984375,17515392,0.028459201356760833,0.028061761221751864,10694299256.953125
2018-09-26,615.187168906896,620.5041904487924,608.2799664294938,613.646728515625,8725133,0.005046028843875838,0.005033340306910787,5354149321.313721
2018-09-27,613.5473135347502,615.9325546295898,593.3226867508918,596.4533081054688,9683836,-0.02801843407809912,-0.028418439802462798,5775956017.35083
2018-09-28,594.8133904713297,615.9821756946108,590.3907892206981,609.4725341796875,16754620,0.021827737221497,0.021592922996801812,10211480710.617676
2018-10-01,611.3111624018692,613.6964034563105,568.9735886295348,589.7945556640625,20117451,-0.032286899592793517,-0.032819619512794454,11865163073.63855
2018-10-03,588.9497229990453,588.9497229990453,565.5944765247389,568.72509765625,18385327,-0.03572338504225414,-0.036377080555512795,10456196893.51709
2018-10-04,561.5197493628398,586.9123559853733,550.3887262701797,582.6388549804688,16877024,0.024464820317510405,0.024170349715352986,9833209938.83789
2018-10-05,582.3904358285922,586.8627173323954,561.519788810844,564.9982299804688,9860010,-0.03027711737589378,-0.0307449363176893,5570888197.589722
2018-10-08,566.4888657857118,570.9611463050727,542.7360627636538,553.1217041015625,12918017,-0.02102046563812565,-0.02124454130560214,7145235576.652954
2018-10-09,558.4388211959433,560.4265015551968,545.7673589057023,549.4445190429688,8053297,-0.006648057798720131,-0.006670254566593573,4424839896.875183
2018-10-10,550.5378678037949,587.1608600244754,549.4446070356073,585.5707397460938,13695001,0.06575044331327606,0.06367919262676124,8019391866.393494
2018-10-11,551.5814064114605,582.1916777345264,546.7115643254081,577.2721557617188,11223315,-0.014171787319792184,-0.014273166049361208,6478907244.842834
2018-10-12,586.0179828428395,598.540346907994,577.1727795214903,581.2972412109375,10689006,0.00697259587015342,0.006948399731721835,6213489699.087158
2018-10-15,581.3965586143415,581.3965586143415,565.9423545300218,572.9985961914062,5065325,-0.014276078452125085,-0.01437896201652797,2902424114.253235
2018-10-16,574.191236233273,590.6889610331546,566.7374339455196,585.2228393554688,13083651,0.021333809969717787,0.02110942989065936,7656851387.356018
2018-10-17,591.0864722388836,595.1115130075367,563.1098457162326,572.5016479492188,9609195,-0.021737346102657873,-0.02197708273648897,5501279972.965393
2018-10-19,566.8865214814282,572.9986028241449,551.134116606069,559.0848388671875,12664549,-0.02343540691994883,-0.02371438330564054,7080557336.990601
2018-10-22,564.451633937132,568.4766751872999,554.7616906100758,558.5879516601562,10235243,-0.0008887509953552364,-0.0008891461686789146,5717283422.113953
2018-10-23,553.5690486302963,567.880373253538,550.0906075706804,559.2836303710938,9513054,0.0012454237669643486,0.0012446488701012728,5320495377.036255
2018-10-24,570.9612066978757,573.3961273700272,553.8174628936314,560.625244140625,9759225,0.002398807504237377,0.002395934958388748,5471267898.248291
2018-10-25,554.562854572056,561.2215963197242,549.0470533654094,557.5940551757812,13041860,-0.00540680070425692,-0.005421470352320687,7272063604.434814
2018-10-26,558.5383103148957,560.5259911345217,531.2573789336885,534.3880004882812,9229395,-0.04161818884561874,-0.042509030145804004,4932077939.766541
2018-10-29,538.0154607762439,573.4458942791847,535.2327198682548,563.2093505859375,15917739,0.05393337812847898,0.05252923951466623,8965019444.98645
2018-10-30,561.3706679988486,568.228190317961,555.5567265198779,559.2339477539062,8522604,-0.007058481589297894,-0.007083510517496559,4766129480.063232
2018-10-31,564.799496830706,582.3904843428692,554.5629526677833,578.8126831054688,12135088,0.03500991924792496,0.03441101048582819,7023942845.000977
2018-11-01,578.4647519743606,604.3046005556874,578.4647519743606,598.4409790039062,16048865,0.033911309256609456,0.03334899799406495,9604298482.501526
2018-11-02,608.6775112697613,614.0939531024774,601.3727485803997,606.8886108398438,12488669,0.014116065129761601,0.014017361271266694,7579230980.648621
2018-11-05,625.026175295382,629.1008961727908,613.3982319072683,620.5538940429688,24201213,0.02251695444443147,0.022267190161097624,15018156967.713318
2018-11-06,622.143975846778,624.2310160388168,596.3538100835914,603.708251953125,15354794,-0.027146138718254997,-0.02752140203141466,9269815844.840332
2018-11-07,609.1247205864822,609.1247205864822,600.9255384284415,603.1119384765625,1528117,-0.0009877510778315557,-0.0009882392253994315,921625606.0889893
2018-11-09,605.2487710105707,619.957596006738,597.2980482386749,609.4229125976562,13927467,0.01046401790194218,0.010409649015717656,8487717504.247742
2018-11-12,608.7768231416622,614.6901846651872,601.0745613289619,602.8137817382812,7073703,-0.010844900516135292,-0.010904135101151558,4264125656.3234253
2018-11-13,602.7144716005171,616.9263759834799,600.3292305791083,614.491455078125,8938939,0.019371941540835103,0.01918669406082676,5492901632.9646
2018-11-14,618.4171270950762,619.4606472789455,605.0499629191567,608.9259643554688,9840254,-0.009057067721061629,-0.00909833230530291,5991986156.452759
2018-11-15,609.4725841882577,628.6040105977546,606.9879833558555,622.243408203125,11005288,0.021870382652761977,0.02163465658833028,6847967913.376953
2018-11-16,622.7403410393194,632.7781650019648,612.7522576216941,615.9822387695312,12204545,-0.010062251124000388,-0.010113217753759406,7517782952.263489
2018-11-19,615.9822253399834,616.47914550574,604.8512014951966,612.5037841796875,9046876,-0.0056470046876549995,-0.005663009299142949,5541245785.004395
2018-11-20,610.9136422136773,615.7834232696001,605.7953404245038,608.8762817382812,6658508,-0.00592241637537716,-0.005940023435216619,4054207592.9645996
2018-11-21,607.1370057471959,624.7776693931812,606.441305471572,622.9887084960938,7842430,0.02317782311625427,0.02291329700172907,4885745337.1710205
2018-11-22,621.9452294151316,625.5230907859915,608.3296055715738,610.7645263671875,6946666,-0.019621835776792218,-0.019816899890360763,4242777169.321045
2018-11-26,614.8393196323481,630.8401240366325,612.7025387453075,627.1629028320312,9528169,0.026848934011247882,0.02649482568807143,5975714128.714172
2018-11-27,626.0200020635739,634.7657841921556,619.1624800275202,621.3986206054688,11251342,-0.009191044624184852,-0.009233542877485977,6991568398.760376
2018-11-28,626.1193305076731,627.9082307487137,618.6655289540103,624.0819702148438,9035388,0.004318241979295756,0.004308945126829928,5638822744.695557
2018-11-29,628.1070831518422,632.2812246337418,617.671759776693,627.5108032226562,19643832,0.005494202959640315,0.00547916488291113,12326716796.690918
2018-11-30,629.1009727779789,631.3371136764788,620.1564091839792,621.8956298828125,8984998,-0.008948329353066664,-0.008988606105298589,5587730990.705811
2018-12-03,628.1070166692994,629.1008568855483,617.7710541566338,620.9513549804688,5914250,-0.0015183816334610745,-0.0015195355430514916,3672461551.1932373
2018-12-04,621.100551503409,623.6845122023108,614.7896287569644,619.4110107421875,8382005,-0.0024806198197758755,-0.0024837016547499045,5191906189.096069
2018-12-05,617.0755329635858,620.1067340730635,609.6217299111631,611.1621704101562,9728083,-0.013317232320664396,-0.013406701871366273,5945436320.210144
2018-12-06,606.4910033282749,610.0688039101226,594.5649205098574,596.3538208007812,7519849,-0.024229820375559208,-0.024528191993126947,4484490682.994934
2018-12-07,598.6894180727669,605.7456599047792,588.7012745789723,600.2298583984375,12262327,0.006499560265165183,0.006478529202596479,7360214798.845337
2018-12-10,591.3350636795318,597.7950265600645,581.6947992490493,586.6640014648438,11643401,-0.022601103133707556,-0.022860422787713542,6830764221.319763
2018-12-11,577.4212863150342,612.8517216925391,576.924366103059,600.528076171875,16429956,0.023632052882764265,0.023357138688534552,9866649868.268555
2018-12-12,601.024961945942,618.1687082767687,599.2857413036842,616.13134765625,7232578,0.025982584501027084,0.025650772433976024,4456218030.168945
2018-12-13,620.951400805958,622.0446615200287,612.3547186964956,615.2864990234375,7419355,-0.0013712151410998352,-0.0013721561168666021,4565028962.962036
2018-12-14,615.2865027557309,619.1625041723348,607.534560581721,616.429443359375,4165047,0.0018575807168716985,0.0018558575474327274,2567457603.775635
2018-12-17,618.7152730575498,620.6532737945124,612.3547314670243,613.3485717773438,4843342,-0.004997930607015366,-0.005010462033762691,2970656898.3292236
2018-12-18,613.8454962416068,617.9698971628662,610.0688545085225,615.584716796875,8492688,0.0036457980378945543,0.0036391682253136023,5227968937.324219
2018-12-19,620.4047869196334,647.6360345098603,615.3362258196112,637.6976318359375,16759139,0.0359218064316551,0.03529166457148187,10687263251.909302
2018-12-20,633.026508139216,642.9152299582719,625.1254666592995,629.0511474609375,11004125,-0.013558909337810565,-0.013651670799528632,6922157458.053589
2018-12-21,629.3990190622047,633.9209800741095,612.8516152723738,617.0256958007812,10715457,-0.01911681062612325,-0.01930189951990545,6611712311.248352
2018-12-24,622.1439732993522,623.2869138079083,609.7209706376239,611.2117309570312,6191605,-0.009422565191883225,-0.009467238404919738,3784381609.4522095
2018-12-26,607.2363790615226,619.8084822042971,599.732897475007,615.6840209960938,6519211,0.007317088027842367,0.007290448011868918,4013774042.2019653
2018-12-27,619.7091358280359,622.1440568084073,611.8080929427982,613.74609375,12304812,-0.003147600359935332,-0.003152564473382008,7552030299.328125
2018-12-28,620.0569492225115,624.1316699377267,616.1809480276919,621.1998291015625,6372911,0.012144656279635235,0.012071501637966086,3958851224.079468
2018-12-31,626.5168647083907,628.0573048333569,614.988282390988,616.08154296875,6030093,-0.008239355345952104,-0.008273486442325525,3715028999.6850586
2019-01-01,618.0693336985013,626.3181964152044,618.0693336985013,623.43603515625,12179223,0.01193753046400392,0.011866840169463645,7592966498.403809
2019-01-02,619.1624928055688,624.6286143311396,613.696371279998,616.2306518554688,12386281,-0.0115575342047326,-0.01162484161086345,7632806014.695007
2019-01-03,617.5724262537913,618.1687062083179,599.9317597984896,604.2052612304688,13228602,-0.01951443114488316,-0.019707351602833555,7992790927.123901
2019-01-04,608.2302246972524,620.9016877117785,605.7456241061689,615.7833862304688,8381367,0.019162568985945372,0.01898127928413815,5161106552.500305
2019-01-07,622.1440151988021,636.7534794447347,620.3551148268749,633.5234985351562,11735286,0.028809014178319936,0.028401836300235954,7434579443.03064
2019-01-08,632.0824410610834,649.7231066724579,626.7156790902814,646.8906860351562,11879875,0.02109975009752252,0.020880232840830053,7684980488.761902
2019-01-09,648.3317454243702,667.9104129756245,648.3317454243702,665.972412109375,18003387,0.029497605215453193,0.02907092132025576,11989759066.528564
2019-01-10,664.7798340548514,664.7798340548514,650.5678685294135,659.1646118164062,12751327,-0.010222345804694832,-0.010274952799913068,8405223512.09906
2019-01-11,660.9037708645911,664.3822117638784,654.1456692492435,662.39453125,8330315,0.004900019472667605,0.004888053450492567,5517955099.589844
2019-01-14,658.9161686959096,658.9161686959096,648.5305246442015,655.1395874023438,6856244,-0.010952602271588008,-0.011013023605448672,4491796865.289795
2019-01-15,657.2266452369581,660.1584865525854,651.015142728936,656.5309448242188,5467484,0.0021237572093479873,0.002121505224887695,3589572436.331299
2019-01-16,656.6302514852484,666.2705138391669,656.6302514852484,659.909912109375,6598151,0.005146699194903848,0.005133500206713416,4354185246.494385
2019-01-17,665.7736941411165,675.8114577051143,661.5001319841484,672.4821166992188,10448209,0.019051395287664752,0.01887218995363649,7026233704.035828
2019-01-18,670.7428289936005,671.8857089196699,657.3756651005855,660.5062255859375,7037386,-0.017808490093481066,-0.01796896937024805,4648237264.851318
2019-01-21,657.4750274051328,660.4068683732417,652.4561461053922,656.2327270507812,6157956,-0.0064700352087752044,-0.006491056608431296,4041052258.9387207
2019-01-22,652.3071182059952,659.5124610610346,649.8225172214987,657.5247802734375,7951640,0.0019688948286120667,0.001966959095609016,5228400343.813477
2019-01-23,655.4377397101421,662.8915426636312,654.5432590920419,657.5247802734375,7596006,0.0,0.0,4994562176.105713
2019-01-24,660.9038550783657,661.4504551574922,650.9654512426008,659.5621948242188,7013582,0.0030986125723413416,0.003093821766420989,4625893537.499634
2019-01-25,661.1025506840041,672.6807532754573,661.1025506840041,665.62451171875,6628922,0.009191425679191623,0.00914944159250149,4412372969.47168
2019-01-28,664.8791693601464,670.2956111975359,646.3440232600442,652.2573852539062,7792690,-0.020082082659978462,-0.020286468641705774,5082839603.494263
2019-01-29,654.4437911242551,666.8667939929768,645.5489089384117,656.679931640625,8302420,0.0067803699685164975,0.006757486640114577,5452032598.051758
2019-01-30,682.8179682798462,699.0175530924946,679.5383074106545,686.6939697265625,46912230,0.04570573370645192,0.044692000734897805,32214345447.425537
2019-01-31,692.9551058647885,722.3727526424843,684.8056037822988,718.2483520507812,35239544,0.04595115686946194,0.04492666939900047,25310744405.020996
2019-02-01,716.3104113382344,721.9256334153876,701.0549866750437,712.8319702148438,13792059,-0.007541098869871865,-0.007569676718863074,9831420590.289368
2019-02-04,706.9186076061758,720.03731196428,703.6389466814495,716.0619506835938,8195956,0.004531194732717347,0.004520959775939551,5868812241.076904
2019-02-05,717.5527281836339,727.0935712199023,715.0681273242724,725.0065307617188,8665426,0.01249134948391828,0.012413976242472488,6282490441.832397
2019-02-06,726.795342115115,729.9756429569088,711.1920385000585,721.279541015625,8077340,-0.005140629205336977,-0.005153887697162424,5826020087.827148
2019-02-07,721.7765253814791,729.2800075926757,719.5403846832232,725.6525268554688,7203465,0.00606281696786537,0.006044512042088808,5227212579.364929
2019-02-08,722.5218504833858,728.2861117116621,711.838067962483,714.9686889648438,7341956,-0.014723076810498004,-0.01483253702866441,5249268655.757568
2019-02-11,715.4656162158464,715.4656162158464,700.955512251915,706.4713134765625,7234953,-0.011884961704524466,-0.011956152490622093,5111286748.851196
2019-02-12,696.6820818213666,709.0057263626289,695.6882414764004,701.2537231445312,15856819,-0.007385424195577528,-0.007412831467115641,11119653360.978943
2019-02-14,701.6512372133543,702.0487975887686,688.3337532065326,690.718994140625,10383603,-0.015022706698321509,-0.015136690561366392,7172151819.715576
2019-02-15,695.6881496319668,699.6635104870065,677.5008858519982,682.3706665039062,10866440,-0.01208643125140274,-0.012160066084644152,7414939905.324707
2019-02-18,681.7743974021719,693.4023402185666,676.5070563179297,689.0294189453125,7135564,0.009758263020774427,0.009710958662143299,4916613516.76709
2019-02-19,689.0295269908542,701.0550320484049,685.4020459800615,688.7810668945312,6816325,-0.00036043751391834356,-0.0003605024871320548,4694955605.799866
2019-02-20,693.3029499921823,698.6697117285983,691.0171294967445,696.0360107421875,5772687,0.010533018685264128,0.01047793291925596,4017998030.743286
2019-02-21,696.1851173407862,702.1481590310713,690.8183555558508,692.9054565429688,6674353,-0.004497689991471265,-0.004507835030022074,4624695612.593933
2019-02-22,693.1539447199192,700.1108269740114,686.9424427073369,697.7255859375,9822278,0.006956402708357512,0.006932318567184568,6853254672.791016
2019-02-25,698.5704183537223,701.4525190230198,691.8122553295442,699.365478515625,11428024,0.0023503403217206564,0.002347582592130133,7992365473.248047
2019-02-26,689.7251510902615,711.1920767740609,688.7809906968433,705.7756958007812,9166951,0.009165761654066351,0.009124010984591537,6469811220.3966675
2019-02-27,710.5461420381395,723.3169657628451,708.6578211847377,713.776123046875,13284424,0.011335651388528545,0.011271884333911731,9482104659.63086
2019-02-28,718.9937247149562,718.9937247149562,702.0487609679614,705.1793212890625,26230891,-0.012044115066662031,-0.01211723310833762,18497481912.187378
2019-03-01,709.1050279533011,710.5461084671057,695.2409441466918,698.0734252929688,7713824,-0.010076722021718165,-0.01012783584818296,5384815541.787109
2019-03-05,701.3530452927592,729.3793512252751,696.3838442642704,727.5407104492188,11298428,0.042212300437999284,0.04134566580099164,8220066334.079346
2019-03-06,729.3793786428191,729.3793786428191,708.1608530580468,716.1612548828125,10510670,-0.015640988061520367,-0.015764598940313942,7527334616.859131
2019-03-07,716.3104223092126,734.8952487278127,716.3104223092126,729.2303466796875,11263734,0.018248811573887025,0.01808430041964148,8213856649.727783
2019-03-08,727.4911066270995,732.7087682524988,723.9133057762194,728.8825073242188,7744794,-0.0004769951731335986,-0.00047710897152015454,5645044869.429565
2019-03-11,728.7830875034617,740.3116714999212,726.099706533472,729.9757080078125,9421608,0.0014998311423428667,0.0014987075189716698,6877544970.37207
2019-03-12,734.1498134747522,744.3863560387734,734.0007131718139,737.97607421875,8131901,0.01095977047341945,0.010900147430021054,6001148375.915527
2019-03-13,739.0196441748258,746.3740868710566,731.9634021045716,733.4541625976562,12333789,-0.0061274501695476324,-0.006146300032850522,9046268882.651184
2019-03-14,735.4418060341239,745.0820688666809,732.857845573899,736.0380859375,7100875,0.003522951360303672,0.0035167603034275065,5226514443.481445
2019-03-15,738.373704675056,744.3367468114842,727.1930006692533,730.572021484375,14560368,-0.007426333715004452,-0.007454046218004612,10637397483.316406
2019-03-18,736.4356400210216,749.2064632259937,735.6902598185711,742.398681640625,8067253,0.016188219379412505,0.016058587293344386,5989117991.661377
2019-03-19,750.3493919666539,758.3001140007376,744.4360303219651,756.2130737304688,8818172,0.018607781009679858,0.018436774364853283,6668416952.803955
2019-03-20,756.0639889711108,762.2754906879289,749.7033869494104,751.0947875976562,9758274,-0.006768312147214739,-0.006791321051610583,7329388737.349731
2019-03-22,759.9898055749378,761.1824262488633,731.0193321431285,752.3869018554688,10355078,0.0017203078481549117,0.0017188298134823438,7791025054.891724
2019-03-25,748.0635712303128,750.349391682407,736.5847284297919,741.106689453125,7130411,-0.014992568816024732,-0.015106093489293159,5284395290.6501465
2019-03-26,742.7962600768946,756.2627839301622,737.0816783857974,752.4364624023438,7300104,0.01528764091655832,0.015171962411945454,5492864428.929199
2019-03-27,756.6106053971714,765.2570281063162,751.1941636508132,754.6229248046875,7456768,0.0029058432327466743,0.002901629431423731,5627048077.75
2019-03-28,756.4118670372972,782.7983768891107,752.4862461774043,775.8911743164062,16643818,0.02818394301660443,0.02779408392192179,12913791493.12854
2019-04-01,776.1395789344851,778.1769393770045,755.9148928374063,760.8840942382812,6021202,-0.01934173319002741,-0.01953123198104806,4581436829.995728
2019-04-02,764.412316285636,770.1765780844044,756.3124933091186,762.673095703125,6592678,0.002351214170976501,0.00234845439197873,5028058139.233887
2019-04-03,765.257029743157,767.9900905636682,754.0266465034412,756.8093872070312,5591613,-0.0076883641616961595,-0.007718072001190749,4231785208.0288696
2019-04-04,758.3001232635432,767.1453258981857,755.3186024643419,757.4553833007812,7009879,0.0008535783311753864,0.0008532142403636146,5309670584.837097
2019-04-05,759.2444087410348,764.0148306738892,751.4427249688738,757.5051879882812,5343947,6.575263520214314e-05,6.575047359237896e-05,4048067576.8344116
2019-04-08,759.5921678295069,763.2693892585563,743.9391823076029,749.951904296875,4918795,-0.009971263314335399,-0.010021309319558585,3688859677.0959473
2019-04-09,750.3494706315691,761.2817145745456,746.3741091977595,758.69775390625,5483424,0.011661880660966961,0.011594405019278822,4160261472.515625
2019-04-10,756.560951509117,763.1700139698881,753.3309704353507,756.1633911132812,5933250,-0.003340411619673689,-0.0033460032502724848,4486506440.322876
2019-04-11,755.8155795910052,756.6603196174661,742.3987349828808,747.6660766601562,5365803,-0.01123740523938166,-0.011301021917565367,4011828877.1412964
2019-04-12,748.7593424202724,762.0270868019206,746.9703812665753,759.641845703125,4671869,0.01601753699521158,0.015890609829382514,3548947190.043213
2019-04-15,759.2940637677987,765.4558863647708,755.3187021773914,758.151123046875,3707106,-0.001962401972300798,-0.0019643300058487276,2810546577.1538086
2019-04-16,760.3872385750343,771.2201228111919,760.3872385750343,766.3502807617188,7088601,0.010814674628315313,0.010756614262209214,5432351366.5578
2019-04-18,773.605369841612,774.2016498011411,764.2632460809724,766.44970703125,6098041,0.0001297399792590248,0.00012973156375579268,4673841737.914551
2019-04-22,764.1637971718567,764.1637971718567,745.9267920770742,750.8463134765625,4185156,-0.020358013593775537,-0.020568094056772998,3142408953.9243164
2019-04-23,752.7843710151554,754.6229513642343,744.3864080844984,748.6102294921875,5098170,-0.002978084788112678,-0.002982528106527395,3816542213.6901855
2019-04-24,750.0512874370884,751.0451277382747,733.8019621171746,748.212646484375,7825049,-0.0005310948102889013,-0.0005312358910913919,5854800621.159912
2019-04-25,749.3555252837447,753.877486149308,734.0006817651238,736.3362426757812,10282068,-0.01587303270587226,-0.016000358450795348,7571059318.056885
2019-04-26,757.3063397686238,760.4369611061506,742.6471947402941,755.2192993164062,23294204,0.025644611179270083,0.025321303877967563,17592232423.013428
2019-04-30,755.269002673918,764.9589462988739,751.1445408673071,762.12646484375,12434805,0.009145907067782622,0.009104336534315041,9476893975.671387
2019-05-02,760.6854243066123,763.0706047390288,743.4422579257966,747.7157592773438,7033021,-0.018908548949760906,-0.019089601488265728,5258700637.028503
2019-05-03,749.5046325470017,759.0951543559994,748.8089322552502,752.6351928710938,5970814,0.006579283013246284,0.006557733997171684,4493844746.487427
2019-05-06,741.4048666931619,748.7593092055401,739.516545852114,742.845947265625,5909936,-0.01300662751116577,-0.013091954374812599,4390172006.199219
2019-05-07,747.2188602742709,750.8464018998772,735.4418761163589,737.2804565429688,5071941,-0.0074921196556870795,-0.007520326558798084,3739442976.0390015
2019-05-08,737.3302072313957,740.1626280700974,728.8328233968839,730.9696044921875,6739894,-0.008559635610541183,-0.008596479690022566,4926657651.499268
2019-05-09,729.3794758056077,735.9387980198893,724.9071941160878,726.497314453125,4193451,-0.006118298232344999,-0.006137091714271563,3046530889.7907715
2019-05-10,729.876379033677,733.9511002146547,725.0065370434538,730.5223388671875,3913815,0.005540315612993396,0.005525024516781454,2859129287.6934814
2019-05-13,729.4787749215781,738.274237249256,725.5034137503433,727.5904541015625,5891071,-0.004013408775659699,-0.00402148411432514,4286287024.034546
2019-05-14,724.9071526794495,733.9510753153908,718.0496302171562,726.8450927734375,7049134,-0.001024424281439229,-0.0010249493626280069,5123628456.202393
2019-05-15,731.2677163213635,733.1560372472634,711.6890493233531,717.5030517578125,4849130,-0.012852863847478635,-0.01293617654306758,3479265573.3703613
2019-05-16,716.509217519714,730.4726624038937,714.2730767164368,727.342041015625,5142617,0.013712818689353146,0.01361964877299682,3740441544.9416504
2019-05-17,727.2924045873012,747.5170934564982,722.7207629355582,744.3367919921875,9072242,0.02336555570585719,0.023096760095716883,6752803506.456787
2019-05-20,755.5174213018724,785.7798710938379,755.5174213018724,777.5806884765625,15866697,0.04466243888791133,0.04369380824532026,12337637177.109009
2019-05-21,784.8357295225281,786.9227699752219,766.3005828967657,768.1889038085938,9251548,-0.012078212341370187,-0.012151746656604817,7106936516.652588
2019-05-22,770.0275269235295,779.1708707013556,765.4558853642184,774.3507690429688,5928186,0.008021289039486401,0.007989289505006705,4590495388.129761
2019-05-23,783.1461376869437,799.3457220580196,765.8532926164721,771.6176147460938,14776218,-0.0035296075191517673,-0.003535851280118071,11401590088.128296
2019-05-24,774.6488436533426,790.9975289246123,773.7046832246969,788.3141479492188,9323114,0.021638351541027445,0.02140756569427229,7349542669.143433
2019-05-27,789.1091516136032,811.3711972830049,782.3510501044188,808.8865966796875,9128216,0.026096764575375797,0.025762054753071466,7383691573.99707
2019-05-28,811.2718342933229,817.0360959692326,796.066089656444,803.4205322265625,13473187,-0.006757516412760567,-0.006780451809402966,10824635070.328003
2019-05-29,801.7806465767181,807.9921483320383,797.1592650070812,799.7432861328125,5958128,-0.004576987948713529,-0.004587494429001595,4764972865.919922
2019-05-30,798.3021826408017,809.1847455350643,798.3021826408017,802.57568359375,6414384,0.0035416333091504715,0.0035353764944460087,5148028623.6328125
2019-05-31,806.0044869108924,813.6570693870154,788.3141416234794,803.3211059570312,11140585,0.0009287876252908056,0.0009283565689502408,8949467063.208313
2019-06-03,808.5387680235373,809.6320287545868,798.153124704157,807.6443481445312,6427567,0.005381711192997463,0.005367281533005273,5191188159.8703
2019-06-04,802.5756865845904,822.65127188722,800.538326191671,817.7317504882812,9515354,0.012489906438303722,0.012412550999043358,7781007082.935669
2019-06-06,818.9245011677688,820.862502106985,800.836593500426,802.7249145507812,14728937,-0.018351783367270724,-0.018522266342814415,11823284694.74884
2019-06-07,806.1037877689936,808.2405685310933,796.3641656289544,799.0475463867188,6884094,-0.004581106301055127,-0.00459163172622214,5500718419.795532
2019-06-10,802.4266490552485,811.7190312094564,802.4266490552485,809.1350708007812,5923875,0.01262443575439054,0.0125454119575402,4793215017.539978
2019-06-11,812.1166280025096,816.3901291743192,802.0291246616118,809.7810668945312,5471529,0.0007983785613330241,0.0007980600266989662,4430740591.164368
2019-06-12,809.0356774701569,810.7252180981864,804.1161558935291,808.5387573242188,4707478,-0.0015341301755505965,-0.0015353081581883222,3806178412.2510986
2019-06-13,806.2530019896798,818.3281867762262,805.7560818035536,815.0982055664062,9056584,0.008112719622613174,0.008079988419658835,7382005366.961426
2019-06-14,815.0483136596092,818.0298342226746,792.5378698039808,796.2647705078125,8919370,-0.023105725089293427,-0.02337684680647219,7102180106.124268
2019-06-17,795.171593070619,796.0660735967663,770.3255857798335,772.9096069335938,10151212,-0.029330901528299647,-0.029769653043161055,7845969276.81958
2019-06-18,777.1334406915563,780.0155411881955,765.3563966504938,770.9716186523438,8347632,-0.0025073931852634956,-0.0025105419601352927,6435787354.954102
2019-06-19,775.9905219150775,784.1400247989471,758.6479959267841,765.9527587890625,6411258,-0.0065097854990489035,-0.006531066559707344,4910720752.408447
2019-06-20,767.2447174208446,770.6734786136971,754.1756931130147,766.6484375,9190732,0.0009082527648798244,0.0009078405529135917,7046060327.28125
2019-06-21,769.9777582836792,773.4561992697945,758.1013547849602,766.300537109375,12610688,-0.0004537939081431519,-0.00045389690375905313,9663576987.71875
2019-06-24,766.2509465510115,770.4747682408192,756.3125425749932,758.151123046875,4866859,-0.010634749250262976,-0.010691702343876348,3689814616.560791
2019-06-25,756.5609004772087,778.176926205129,751.8898391076121,776.8352661132812,10044436,0.024644351895592997,0.02434557862065145,7802872113.017822
2019-06-26,778.077651085777,787.1215742024525,776.8850305081752,783.7424926757812,8715757,0.008891494585536508,0.008852198012615184,6830909116.736389
2019-06-27,784.0903670675291,801.8800731821149,776.7856039988635,795.51953125,18439210,0.015026668432906565,0.014914886466721351,14668751695.820312
2019-06-28,796.2151980921547,807.8928218735746,788.4135151703247,803.569580078125,9174348,0.010119234678595435,0.01006837802255001,7372226969.850586
2019-07-01,805.7560257012641,813.955208201462,802.4763648330246,805.4578857421875,5896530,0.002349896898634407,0.0023471402086974215,4749406587.015381
2019-07-02,806.1038930740609,807.5449737302998,795.8176695946204,797.65625,7549027,-0.009685963574617817,-0.009733177642997177,6021528567.96875
2019-07-03,797.7059488565695,806.5014113338694,796.5630082367177,801.2340698242188,5535230,0.004485415646425128,0.004475386149456192,4435014860.31311
2019-07-04,806.0103878616966,809.1946385779329,800.3384507631711,804.8660278320312,5553273,0.004532955030992714,0.0045227121324042,4469640780.976868
2019-07-05,804.0201824134244,808.9458132520953,797.3531712291801,802.1295166015625,5871202,-0.0033999586711838115,-0.0034057516650201677,4709464422.130127
2019-07-08,798.0498462855871,799.6917437045523,774.8148781719592,779.0439453125,7485169,-0.028780353809782167,-0.029202630102447624,5831275589.09082
2019-07-09,774.6656108433589,784.914867536126,772.5759783834534,782.3276977539062,6448920,0.0042151055292380946,0.004206246856695411,5045168736.599121
2019-07-10,782.7753801741962,786.1088554573245,760.7841972706861,765.4610595703125,5814417,-0.021559556477443564,-0.021795359074950324,4450709797.603638
2019-07-11,769.6901267355478,769.6901267355478,759.2418444721693,762.6251220703125,7111401,-0.0037048749437259554,-0.0037117549913010424,5423333055.715942
2019-07-12,762.3266491116464,764.8143356845659,747.3010465050266,752.077392578125,8552548,-0.013830818297138392,-0.01392735522118984,6432177999.739258
2019-07-15,753.5201878816376,755.9083910475734,740.3354503584528,746.05712890625,6350785,-0.008004845952405915,-0.008037056741863323,4738048423.400879
2019-07-16,746.3059514671655,759.4409483598944,743.868006545466,757.301513671875,6170479,0.015071747631591803,0.014959297317284978,4672913086.780518
2019-07-17,759.3414108498832,761.7793557921015,746.3556993319687,748.8931274414062,5757193,-0.0111030891641819,-0.01116518854986361,4311522271.053772
2019-07-18,750.2862247020249,751.2812992705952,730.9817537779479,736.7532348632812,11283488,-0.016210447303209974,-0.016343274013743806,8313146284.541016
2019-07-19,739.8876965276265,743.1216889332378,719.7374361542028,725.6581420898438,8091007,-0.01505944222355049,-0.015173987066104531,5871305107.25592
2019-07-22,726.404432388159,734.8625661899389,716.4536867390061,723.8670043945312,7020071,-0.0024682940787437158,-0.0024713453385450876,5081597765.406921
2019-07-23,729.2901350139323,735.6585754576589,722.5235797365881,724.4142456054688,7048354,0.0007559968994514943,0.0007557112777391914,5105928045.670288
2019-07-24,724.414309355448,729.1906552922036,705.856143757405,708.7916259765625,6618279,-0.021565864729577222,-0.02180180634776182,4690980733.576538
2019-07-25,707.6970426049801,722.672902657728,702.87089452517,719.5881958007812,9972204,0.015232360863947081,0.015117513253526504,7175880284.517334
2019-07-26,719.9861695133272,728.3945615027168,715.657619568701,726.255126953125,5450010,0.009264925677282099,0.00922226952169953,3958097704.445801
2019-07-29,732.573905031457,736.3551762219064,706.5029393480454,716.7024536132812,10314136,-0.013153329987383722,-0.013240601147934256,7392166578.101074
2019-07-30,722.3744636326685,724.4143545445747,697.5473386480039,704.1148071289062,14100900,-0.017563280857926356,-0.017719345310894336,9928652483.843994
2019-07-31,690.5817317904533,691.4773231716017,654.5600212417975,670.7797241210938,55836793,-0.04734324952451918,-0.04850061809268849,37454188604.34662
2019-08-01,670.6305391548955,677.397034291399,659.3862083161353,666.00341796875,17001210,-0.00712052851418854,-0.007146000465207375,11322863969.604492
2019-08-02,664.1127627213156,678.2925747120137,658.3412818848467,670.5309448242188,14426295,0.006798053483384914,0.006775050907453671,9673277216.662903
2019-08-05,662.2221602713427,666.0531732683546,646.9975307170453,659.1871948242188,13042504,-0.016917563741929653,-0.017062300440634247,8597451625.243652
2019-08-06,655.4556378264732,679.4866524866517,650.7787751547542,675.6556396484375,12419831,0.02498295621262825,0.024675984366882626,8391528858.630493
2019-08-07,675.6556209636867,676.1531582398014,651.0275257960119,656.699462890625,10486156,-0.02805597355433298,-0.028457062141081024,6886253012.987305
2019-08-08,657.3461700470905,661.0279577299649,640.0319107240582,656.8486328125,17563795,0.0002271509728641874,0.00022712517798809768,11536754732.749023
2019-08-09,660.9285660431768,672.6206926741331,656.7492405473324,657.5452880859375,9289628,0.0010606024563901695,0.0010600404149714879,6108351119.471191
2019-08-13,658.9383598079235,665.4063441929983,641.8230659035886,646.2511596679688,7389394,-0.017176198541160703,-0.017325420619777245,4775404441.74353
2019-08-14,649.584611706005,666.1526261762112,648.7885642648554,659.9334106445312,7148518,0.02117172367410869,0.02095071668936861,4717545864.793823
2019-08-16,660.7295007610762,674.6605444518218,653.6146934394903,672.3221435546875,7040117,0.018772701473102726,0.018598668979237832,4733226552.315796
2019-08-19,675.4566239873315,685.6063970189895,673.0186790788913,681.6260986328125,9082914,0.013838537325177702,0.013743659082883905,6191151234.0373535
2019-08-20,681.775394735059,681.8251363187542,666.2024527627726,669.0383911132812,7602499,-0.018467173637833567,-0.01863982072844529,5086363699.40033
2019-08-21,670.6802678862067,670.8295533672348,656.4009719364484,661.4260864257812,7892687,-0.011377978885237172,-0.011443203307026716,5220429073.79364
2019-08-22,661.7245673626296,666.5506545751466,654.5102769665708,657.8935546875,9262172,-0.00534078079286282,-0.0053550937469142934,6093523261.207031
2019-08-23,656.500421288738,668.2422885980006,642.0718406010735,660.6300048828125,7775604,0.004159411770818133,0.004150785330018495,5136797308.486816
2019-08-26,673.9142761826041,683.2680017626732,657.2965181335202,680.33251953125,8864341,0.029823826503206474,0.029387745382257385,6030699446.51416
2019-08-27,693.5669670358327,694.1142458959132,677.1482368262327,679.586181640625,12015623,-0.0010970192798357425,-0.0010976214459180597,8165651354.6032715
2019-08-28,681.7255975749507,685.9546647081316,670.1827562817297,674.859619140625,5677087,-0.0069550597520823265,-0.006979358913785313,3831236770.6481934
2019-08-29,670.6802381991163,673.4166931769317,655.6546369783783,657.8935546875,8753540,-0.025140138736897355,-0.025461550352572557,5758897546.699219
2019-08-30,661.6250794129962,665.3068065870526,636.9471824768153,660.6300048828125,17115901,0.004159411770818133,0.004150785330018495,11307277761.203735
2019-09-03,655.5551057174891,655.5551057174891,638.2905864549152,642.5196533203125,8461431,-0.027413758728249915,-0.027796527450420626,5436635712.713745
2019-09-04,641.0271092486286,649.7837541251535,635.4546547020855,644.11181640625,10786466,0.0024779990428460685,0.002474933865844079,6947690207.864258
2019-09-05,648.7886550523225,656.5004833907511,640.877799642124,646.4004516601562,8108303,0.003553164521457486,0.003546866945539405,5241210721.3974
2019-09-06,649.883153039562,669.4363919017413,649.883153039562,667.7944946289062,11101456,0.03309719681321921,0.03256127749548333,7413491199.165039
2019-09-09,664.3616159022191,672.4714378777458,659.485725812132,668.2423706054688,5607331,0.0006706793484594353,0.0006704545435742572,3747056160.2095337
2019-09-11,671.2275387254971,680.133468269643,667.6950361505933,678.3423461914062,5966906,0.015114240027590986,0.015001157911598685,4047605015.543579
2019-09-12,676.7501825388471,678.292596691228,657.2964870786683,659.6349487304688,8087081,-0.02757810649146597,-0.02796552187329049,5334521260.814148
2019-09-13,660.2817062690639,672.0733761409167,653.813721686585,670.9290161132812,12105997,0.01712169345264236,0.016976769153295823,8122264656.280334
2019-09-16,663.3167722821746,671.0784035480135,661.6749354640472,667.5956420898438,7659588,-0.004968296113868953,-0.004980679129023569,5113507569.003662
2019-09-17,663.714750399142,665.0083352170313,634.9073289208184,637.2955322265625,17297040,-0.04538691979538645,-0.04644917221570437,11023326312.74414
2019-09-18,642.3206193863238,651.2762902995336,638.3900627830645,645.2063598632812,9702162,0.012413122698475831,0.012336711574873574,6259896626.823853
2019-09-19,645.0073249274016,646.798446941256,629.4841257600937,635.0565795898438,9554331,-0.015731060486738224,-0.015856106759467165,6067540765.129211
2019-09-20,637.8926012846491,686.0542393216781,619.5832639056374,676.9990234375,38862975,0.06604520793209501,0.06395573378634682,26310196122.875977
2019-09-23,700.433048275793,728.3946207626207,692.4226490090133,721.9266357421875,31417887,0.0663628908599676,0.0642536907584694,22681409464.038208
2019-09-24,724.6629827725592,729.6383551225252,698.7910465527356,700.9304809570312,15683656,-0.029083502042518306,-0.029514810312997335,10993152543.244629
2019-09-25,698.5423016792198,699.9851718566595,680.2827088279972,691.5270385742188,17058681,-0.013415656243074614,-0.013506459194560293,11796539153.912292
2019-09-26,683.2181577289064,716.1054200011371,683.1684161486043,696.4526977539062,15007372,0.007122872866754726,0.007097625028350317,10451924715.596436
2019-09-27,696.7511765628681,704.4630039325106,689.0890907712854,697.149169921875,10245068,0.0010000279562631942,0.0009995282614180024,7142340651.993164
2019-09-30,700.5822575500738,708.8911668719384,678.7403580090207,681.6260986328125,20073726,-0.022266498991603267,-0.022518139936961543,13682775538.404053
2019-10-01,683.7157260382112,697.7960557711136,653.0176992510421,675.804931640625,49442205,-0.008540117527576219,-0.0085767932907733,33413285970.186768
2019-10-03,671.6753168139065,672.5709081968038,643.5147193817999,665.1078491210938,17615854,-0.01582865412592116,-0.01595526510324562,11716442764.371216
2019-10-04,666.6004370063812,674.0634958141798,648.1915586138114,653.1669311523438,15317105,-0.01795335596253944,-0.018116472735896616,10004626466.98822
2019-10-07,657.6945033129176,678.541326247217,648.4900641824454,670.1329345703125,21554138,0.025974988335733196,0.02564336861101742,14444137750.073486
2019-10-09,668.5906401050227,686.1039285635198,661.0280367939871,682.919677734375,11537721,0.019080905450888475,0.018901147998425922,7879336707.109131
2019-10-10,676.6507005098039,680.9295089690626,662.0728339182434,669.6354370117188,8679981,-0.019452127615838366,-0.01964381007645715,5812422870.188416
2019-10-11,673.2176704143965,682.6211369995618,665.0083054286146,669.3866577148438,11042828,-0.0003715145333186287,-0.000371583561940149,7391921726.639893
2019-10-14,674.4614860371311,690.5319635555987,670.0333923515431,680.1334228515625,11099352,0.01605464496918141,0.015927132128445813,7549040267.194336
2019-10-15,679.2379268814207,691.4275912557199,677.944341992688,686.6512451171875,9260732,0.009583152432500741,0.0095375252968168,6358893158.496582
2019-10-16,689.9847412109375,691.9748903800091,680.1832201125402,689.9847412109375,10404705,0.004854714991714637,0.004842968863618621,7179087686.801147
2019-10-17,687.0989883613869,708.8911456676751,687.0989883613869,706.8014526367188,10617761,0.024372584524503527,0.024080312513912593,7504648898.5494995
2019-10-18,706.3536249557068,712.1748473485403,701.7763064495637,706.0551147460938,9500635,-0.001055937120447048,-0.0010564950148170447,6707971935.085754
2019-10-22,708.8911890920757,719.4389558522503,699.835973538968,709.2394409179688,9704016,0.004510024933422008,0.004499885246369032,6882470882.499023
2019-10-23,714.4634884498104,726.4043824071888,706.5526340561416,711.3289794921875,16158781,0.0029461680409570423,0.0029418365932573644,11494209198.567749
2019-10-24,716.403958073571,719.4389234043731,698.0945614552206,704.2142944335938,8986203,-0.010001961488582789,-0.010052317157062998,6328212605.282043
2019-10-25,704.5128427930364,707.4980667031764,691.5768725157631,705.10986328125,8226456,0.0012717277322189524,0.001270919771438047,5800555265.449219
2019-10-27,707.4980694977377,711.5281096454378,705.0601244812531,706.6024780273438,965647,0.002116854158227044,0.0021146167793768935,682328563.0996704
2019-10-29,703.020161520618,739.2408990194555,700.7812438087689,734.8128051757812,10422117,0.03992390067353524,0.039147538046755456,7658305028.640198
2019-10-30,741.3305467635934,746.2064363985355,731.8773384491583,743.71875,10188947,0.01212001854280187,0.012047159231421108,7577710926.65625
2019-10-31,744.3157257103942,746.3058747096198,728.4442752946641,732.7230834960938,8775411,-0.01478471062334552,-0.014895093797449962,6429946206.86554
2019-11-01,732.3749132861132,746.3059578323164,724.5137995697991,744.6143188476562,8484197,0.016228825895350463,0.016098546135490263,6317454570.124329
2019-11-04,751.2315286651107,751.2315286651107,731.9270584868652,738.9423217773438,7851370,-0.007617362340131106,-0.007646522621980623,5801709576.932983
2019-11-05,738.1463246644506,741.9275959900204,727.001477019718,734.414794921875,7306253,-0.006127036876949932,-0.006145884192296481,5365820298.642334
2019-11-06,733.3201420886904,747.2014430783771,725.1605192958491,743.5693969726562,7821243,0.012465165617687513,0.012388115078504815,5815636941.086609
2019-11-07,746.3059297180695,752.276377155814,728.8921246913145,731.1310424804688,9871570,-0.016727899968488003,-0.016869391409704643,7217411265.018921
2019-11-08,732.2754360686944,732.2754360686944,719.2399221252545,721.9266357421875,7427196,-0.012589270874143077,-0.012669187178474598,5361890621.277832
2019-11-11,719.8369263133786,731.8773036154157,717.647750239955,730.086181640625,6355142,0.011302458580225272,0.011239063031729538,4639801356.563965
2019-11-13,730.0861985233134,733.767986449956,704.3634853511929,707.697021484375,9290616,-0.03066646201402945,-0.031146517869654215,6574941270.955078
2019-11-14,707.4980117323224,718.2448048269198,703.7664821345782,712.3739013671875,8000528,0.006608590598562669,0.006586849596070932,5699367344.357422
2019-11-15,713.219672045661,719.9364251482884,707.0999393694552,713.3689575195312,9315652,0.0013968172478442398,0.0013958426061243118,6645496955.854736
2019-11-18,714.2645019150718,721.9265881192046,708.6921087127195,719.38916015625,7907958,0.008439114953433968,0.008403704704134828,5688899264.170898
2019-11-19,721.4290719317855,746.504963544459,721.4290719317855,744.1167602539062,14424251,0.03437305073138086,0.03379549509221555,10733326923.209167
2019-11-20,744.3157058639399,750.1368672376483,737.598953170649,745.06201171875,8798051,0.0012702999251370528,0.0012694937768150327,6555093577.26416
2019-11-21,745.3108459816702,745.3108459816702,730.683237792133,733.7680053710938,5529542,-0.015158478314580281,-0.01527454244443379,4057401003.9556885
2019-11-22,733.7680234794552,736.3551931073706,723.9167607913678,728.4940795898438,4889776,-0.007187456720169738,-0.007213410925146644,3562172866.520508
2019-11-25,728.3449028796235,753.0724836608932,726.404495163444,751.0325927734375,6888402,0.030938498767599354,0.03046955123578314,5173414414.125732
2019-11-26,753.072438080536,758.2468380989843,740.3354954667248,748.5448608398438,14624880,-0.0033124154098386205,-0.0033179136026521066,10947378764.399414
2019-11-27,751.281282644566,759.9881849268705,744.7138149311542,749.191650390625,8436862,0.0008640625093003784,0.0008636894221886454,6320826565.897949
2019-11-28,748.5945930314055,751.9281293090879,742.0768666911154,746.9029541015625,9235443,-0.0030548876083564824,-0.003059563302414352,6897979659.136597
2019-11-29,746.2063847014387,752.6245665773845,732.8723622352552,735.4097900390625,12674173,-0.015387760885649415,-0.015507381190555844,9320710904.848755
2019-12-02,735.6088578594266,742.3256110424514,733.7181919289112,740.6339721679688,8285491,0.007103770169593071,0.007078657255058001,6136516110.691956
2019-12-03,741.280818954415,741.280818954415,727.0512646373342,729.7877197265625,5408215,-0.014644551626031066,-0.014752841611455568,3946848892.640991
2019-12-04,729.2404102837726,743.3207404372753,725.7079075330192,736.2059326171875,8016237,0.008794629886386351,0.008756182385556317,5901601236.665405
2019-12-05,739.3404176520451,741.330566824729,721.7275853268866,725.6581420898438,8151690,-0.014327228374602652,-0.014430854081342901,5915340220.292358
2019-12-06,729.1906364094879,731.6285812651322,711.4783211214819,714.0654907226562,7458610,-0.015975361805769195,-0.016104343428074323,5325936009.758911
2019-12-09,709.9359709800277,730.2852582802558,706.5029515334165,728.3945922851562,8977174,0.020066929082370955,0.019868241890917612,6538924995.602905
2019-12-10,727.3994941510038,731.180765284226,710.4832268451664,712.1748657226562,7625748,-0.022267774547329755,-0.022519444542518394,5430866057.934814
2019-12-11,707.9955763459059,718.841913755911,705.5576314343506,713.0206909179688,8266375,0.0011876650469182515,0.0011869603307090996,5894096413.887024
2019-12-12,715.4585672619954,721.7275244805287,711.6275547213716,718.5432739257812,5519774,0.0077453334498645,0.0077154923419154465,3966196481.2904053
2019-12-13,722.0260295365997,751.1319585257665,721.4290091331969,748.2960205078125,14834140,0.0414070351246576,0.040572717172909965,11100327929.655762
2019-12-16,748.5447693177393,750.9827139137351,742.524580927094,743.5693969726562,7286003,-0.006316515664413935,-0.006336549255701639,5417648857.050964
2019-12-17,743.9177027247928,752.773890435493,737.6984868421466,741.9773559570312,9788065,-0.0021410792618775654,-0.002143374649069585,7262522588.635559
2019-12-18,742.126662977553,744.8631182693099,733.9670386879525,738.1961059570312,6678420,-0.00509617978182475,-0.005109209593033867,4929983637.945557
2019-12-19,739.4398569681279,746.3058955005446,737.0019729637828,738.892578125,8400708,0.0009434785179012195,0.0009430337217927457,6207220792.1953125
2019-12-20,741.0320809603459,743.3207404372753,733.6685044854934,736.2059326171875,7019925,-0.0036360434349335113,-0.003642669908504225,5168110431.52771
2019-12-23,733.2705295678137,744.9128543167374,731.3798634501145,739.48974609375,10250382,0.004460455058937995,0.004450536711895534,7580052382.543945
2019-12-24,740.8330270107236,741.0320540742214,734.1660151580121,737.0020141601562,3642916,-0.0033641195793921996,-0.003369790952688615,2684836429.41626
2019-12-26,733.8674499967515,737.0019589922437,730.2852060600701,732.8723754882812,7919368,-0.00560329360372358,-0.005619050942894394,5803886038.525879
2019-12-27,735.3601530973484,758.2468696348843,732.673439443861,756.406005859375,10736285,0.03211149875230901,0.031606702649972424,8120990454.61792
2019-12-30,757.1522981509039,761.9783857354012,747.3507767614484,750.3857421875,10034206,-0.00795903737574799,-0.007990879581799415,7529525116.572266
2019-12-31,750.1369735339788,762.0778689029959,747.6990893170988,750.3857421875,11660781,0.0,0.0,8750083805.170898
2020-01-01,751.1818034698108,756.2069178096431,743.5197172738185,745.0123291015625,4917748,-0.007160867782846081,-0.007186629856086693,3663782891.414551
2020-01-02,746.3058995382067,755.2615703326652,743.9176963658726,753.2216796875,5156046,0.011019080175273643,0.010958812437176967,3883645628.6660156
2020-01-03,749.4403601025883,752.5250666605436,736.8526437846381,739.2905883789062,8489729,-0.018495340328458898,-0.018668517776594052,6276376747.587463
2020-01-06,735.8078408920039,735.9570656242026,718.1452687637661,719.6876220703125,6356198,-0.026515914873985524,-0.02687380240211268,4574477024.028076
2020-01-07,724.4142105149845,734.3649551649156,717.4984308363773,722.17529296875,9103360,0.00345659814362409,0.0034506378392298435,6574221675.0
2020-01-08,711.7270186209037,722.1753006139404,705.6072863026003,720.9314575195312,8973215,-0.0017223456151560512,-0.001723830557666172,6469072968.586121
2020-01-09,729.9369802284841,741.3305968504757,727.3995520774466,739.191162109375,7559853,0.025327934298593258,0.025012497322861184,5588176524.446045
2020-01-10,739.3405118474844,748.0971571760243,731.1808870529998,736.405029296875,8550490,-0.0037691641287341815,-0.0037762853274584773,6296623838.952637
2020-01-13,736.3551749351615,743.071928220043,731.7280539339862,733.7680053710938,6423758,-0.0035809423087442838,-0.003587369230197477,4713548094.646606
2020-01-14,736.3551346649807,747.6990083306579,730.583714675323,744.2162475585938,7237665,0.01423916293844929,0.014138738244230205,5386387887.386169
2020-01-15,743.3704514414063,745.3108590156565,734.3650386562812,742.6241455078125,7911661,-0.00213930031224685,-0.0021415918839832386,5875390489.672485
2020-01-16,742.8231550813692,746.7039701385003,731.4792808640102,733.66845703125,6487613,-0.01205951695852625,-0.012132822885326093,4759757019.525879
2020-01-17,731.2305012560695,738.7931041990385,727.25020309699,736.2556762695312,7678864,0.003526414708832304,0.003520211487625749,5653607207.301758
2020-01-20,739.2906492642876,742.5246415526401,721.4290489401731,723.6182250976562,10677371,-0.017164487255170058,-0.01731350473394071,7726340251.729187
2020-01-21,722.7723932538631,726.0063856225972,712.5231372783203,714.0654907226562,8242803,-0.013201345742377857,-0.013289258071661281,5885901169.125183
2020-01-22,713.4684401294431,719.1901186939401,703.1196406928891,709.090087890625,13321307,-0.006967712201013887,-0.006992100058744891,9446006751.447998
2020-01-23,721.4787945009789,733.917226447877,715.8566597016994,719.4389038085938,20643257,0.014594500888813755,0.014489026156278667,14851562187.11908
2020-01-24,719.836961520969,738.0468138352971,716.8517378387995,733.7680053710938,9541490,0.019917051311298284,0.01972130174552155,7001240085.568237
2020-01-27,728.8423734517797,744.7635664081289,727.3995031932043,736.6039428710938,9170435,0.0038648966420467,0.003857447117279358,6754978578.843079
2020-01-28,734.7630692570519,742.823148787999,731.3797915059334,733.5192260742188,7836737,-0.004187754934967591,-0.0041965481384391035,5748397259.187195
2020-01-29,736.3552054334198,741.8281157440736,729.936962104019,731.6286010742188,7985274,-0.002577471636454054,-0.002580799035219463,5842254845.814331
2020-01-30,732.12607490013,732.7728976291233,723.7176830958596,727.2999877929688,6041343,-0.00591640796285775,-0.005933979244641951,4393868690.153137
2020-01-31,731.0813128175736,733.6187408730764,721.628104220362,725.7078857421875,8345819,-0.0021890582668818714,-0.0021914577573189,6056626661.276978
2020-02-03,701.229062952313,709.2891426907463,692.1241063257778,705.4581298828125,11594991,-0.027903452969462283,-0.02830015123370124,8179780666.868042
2020-02-04,708.9409044595501,717.0507259349619,706.5029595648492,711.4783325195312,9653925,0.00853374903726567,0.008497542440467984,6868558461.268616
2020-02-05,715.9064457017865,722.0759204771462,711.6773785774441,720.4837646484375,7975101,0.012657352609763528,0.012577917908628096,5745930791.931519
2020-02-06,723.8670425992215,741.33058998828,719.4389484047334,733.3202514648438,9627252,0.017816483099615477,0.017659629873073145,7059858857.55542
2020-02-07,733.071471549127,745.5099040759734,730.3847579764214,744.465087890625,8438354,0.015197775328744667,0.01508344605309516,6282059952.262207
2020-02-10,742.6241067141028,743.1216439771746,735.36007482016,737.44970703125,4713339,-0.009423384620026232,-0.009468065627964739,3475850464.688965
2020-02-11,739.3403843403951,753.370911081845,738.3453097988871,746.2561645507812,7845657,0.011941773704112535,0.011871033344520953,5854869901.200989
2020-02-12,748.2960978877027,756.9532590394273,747.3010232894478,751.5300903320312,6190440,0.007067178847929068,0.007042323376162689,4652301932.39502
2020-02-13,747.4004942275168,749.7389559358774,738.6438500530444,744.1167602539062,5031706,-0.009864315712029281,-0.009913290408323405,3744176767.2701416
2020-02-14,744.415215492724,748.8433092023218,728.4940233572013,732.8723754882812,6155000,-0.015111048918973746,-0.015226384184944522,4510829471.130371
2020-02-17,733.7680479401421,739.4399246776892,726.6034985403824,734.7631225585938,4275465,0.0025799131384272034,0.002576590875399509,3141454013.789978
2020-02-18,734.1162191823012,734.1162191823012,721.130508983793,730.0364379882812,5215502,-0.006432936582137172,-0.006453717086389156,3807506502.400757
2020-02-19,737.0020310124992,741.4300644202789,731.7280870146119,737.4000244140625,4372673,0.010086601219622127,0.010036070959184226,3224409176.954712
2020-02-20,739.0916187691432,750.286207407518,733.9669605653195,740.6339721679688,7529403,0.0043856084171898235,0.004376019661392131,5576531651.94342
2020-02-24,734.3153247858072,734.7631205097688,719.438947134528,721.8768920898438,6589087,-0.025325708491631405,-0.025651923786175344,4756509645.269592
2020-02-25,725.8074062520296,728.3945758067109,718.4935718165304,725.1605834960938,5419596,0.0045488246572675806,0.004538510022202056,3930077397.6730957
2020-02-26,721.7275311086429,732.1260719016543,718.4437973673046,725.807373046875,7136975,0.0008919259616442243,0.0008915284320441165,5180069076.251221
2020-02-27,725.110839320321,735.8078907710061,713.0206592008507,732.2255859375,8867328,0.008842859867463027,0.008803990756813084,6492884440.5
2020-02-28,715.3591254515547,721.1305457524367,687.5965209347613,693.865478515625,16428944,-0.052388373417409206,-0.05381053726814282,11399477090.066406
2020-03-02,705.8063639215326,709.7369205284278,671.9738293292205,680.8300170898438,13854352,-0.018786727153032312,-0.018965439531764747,9432458708.92871
2020-03-03,686.501896669183,692.3727995631752,671.6752628690776,683.7654418945312,11198145,0.0043115384618832575,0.004302270410087403,7656904564.324036
2020-03-04,686.6014745241749,692.5719221287329,665.0083435407832,678.8399047851562,14802724,-0.0072035478946225195,-0.007229618722845518,10048679750.720947
2020-03-05,683.118775274127,690.5818354555632,671.9241850019727,674.5611572265625,10508008,-0.0063030289298445785,-0.006322976882547944,7088294036.625977
2020-03-06,646.7984827383693,657.5452761508079,637.8925530214498,654.4108276367188,12969235,-0.029871760883314447,-0.030327010948122183,8487207810.1651
2020-03-09,635.8526746084642,638.6886129478808,612.0703671798425,620.478759765625,14336369,-0.05185132402780224,-0.053243957829539904,8895412456.662354
2020-03-11,610.627561758965,631.2753600192142,609.0851475181622,616.2994384765625,11021433,-0.006735639573933416,-0.006758426374258894,6792502969.107056
2020-03-12,589.0841668344455,591.074316046724,525.5486775262669,540.5742797851562,29369378,-0.12287072478695116,-0.1311008913009427,15876330360.088013
2020-03-13,514.4038755017663,582.7655191652208,448.8782007912731,565.9984741210938,25599305,0.047031823907792925,0.045959326753876095,14489167568.560486
2020-03-16,539.6786445313666,542.3156163173636,499.8756938845127,506.09490966796875,21542970,-0.10583697163874117,-0.11186716208795784,10902787456.12976
2020-03-17,512.6126882886889,528.6831061302513,475.09836490698336,485.9446716308594,20590414,-0.03981513675039583,-0.040629447173680944,10005801969.97345
2020-03-18,487.586544678004,503.5574795557545,390.16874927395395,471.1180725097656,36240904,-0.030510879091100618,-0.0309860257044229,17073744838.491455
2020-03-19,438.87765985679033,462.65996815670024,421.66288065200513,426.1407165527344,33243997,-0.09546939203037885,-0.10033913506248514,14166620702.656952
2020-03-20,429.27519129291824,447.48507532645607,412.1599257981617,426.04119873046875,30764236,-0.00023353277074922296,-0.00023356004377290902,13106831983.467041
2020-03-23,383.4519926032026,390.06923243716557,300.5125209082245,307.1297607421875,37622635,-0.2791078382621619,-0.3272657205148341,11555030886.04065
2020-03-24,330.3149937714273,335.8376451220849,289.5666806830421,301.6568298339844,50681510,-0.01781960463544019,-0.017980285498247456,15288423637.799377
2020-03-25,292.05436905651936,361.9583534729435,284.5913102220257,325.1903381347656,51993973,0.07801417363476504,0.07512062048456773,16907937660.839874
2020-03-26,334.2953367850249,397.0347805643964,330.364779817994,339.7184753417969,62971564,0.04467579599800553,0.04370659421732934,21392603711.968384
2020-03-27,368.17760305822185,407.43330828795797,352.3061509956972,357.97808837890625,71042591,0.053749249341644045,0.05235451796512785,25431690919.66449
2020-03-30,343.3007299930808,380.1184894416141,338.6736392709751,366.3367004394531,61772544,0.023349507503094946,0.02308107818370964,22629549946.710938
2020-03-31,382.5066669855321,387.8800637073923,370.81454053276656,377.1332702636719,34637148,0.029471712256149418,0.02904576994079088,13062820897.846802
2020-04-01,374.39680216789253,377.9293046992482,352.25639326892747,356.88348388671875,27744593,-0.05369398028128236,-0.05518927416649064,9901587008.85907
2020-04-03,358.42588880169666,360.51552120131714,322.40417555844493,323.8470458984375,41317365,-0.09256925433615082,-0.09713802907321314,13380506599.557495
2020-04-07,345.68890025928357,403.7515076122854,340.6637858173002,386.93475341796875,48093237,0.19480711131549544,0.1779847592298651,18608944799.66693
2020-04-08,381.8598817218698,425.59342299366574,371.6603669657808,389.4224548339844,64930598,0.0064292529788050334,0.006408673491926378,25285432866.998596
2020-04-09,403.00519303648633,420.91653494921906,396.6864635660415,418.08056640625,44090546,0.07359131764623839,0.07100940006233925,18433400444.84082
2020-04-13,415.89140010773406,425.79237317870303,400.0199496596556,416.886474609375,33431643,-0.0028561284422742306,-0.0028602149600481836,13937199790.66919
2020-04-15,431.8623555534169,449.42541532217075,410.4185111054472,415.2445983886719,48315019,-0.003938425256519995,-0.003946201276835427,20062550660.79605
2020-04-16,406.5874778832414,424.8968440107184,398.72639480520826,420.46875,42344330,0.01258090203123663,0.012502420047190786,17804467504.6875
2020-04-17,447.78354610442597,483.5067162646371,430.27022800555534,476.4416809082031,47831797,0.1331203113387216,0.12497516470372079,22789061763.539948
2020-04-20,479.6259340841748,481.0688043315417,449.02739160888774,453.7042541503906,42163627,-0.04772342065973312,-0.048899761867760114,19129816940.310272
2020-04-21,433.85252620474427,437.78308302712975,410.91606878968,418.578125,33572119,-0.07742076215742788,-0.08058201207589664,14052554623.296875
2020-04-22,416.4884519642017,432.40964519267555,409.9707256332017,429.0263977050781,36619611,0.024961344325096224,0.0246548990256593,15710779792.691254
2020-04-23,432.4594005842485,437.6835419123242,423.95149505816636,427.9317932128906,29418000,-0.0025513686291629423,-0.002554628916748176,12588897492.736816
2020-04-24,413.95102470915185,417.58304084769,399.2736746743923,401.96038818359375,35773252,-0.060690524614459784,-0.06261027432304064,14379430260.509521
2020-04-27,412.95590856182,427.38448849952215,407.08497521234557,425.1953125,35986805,0.05780401502098709,0.05619507527591694,15301420797.851562
2020-04-28,435.84266264170117,456.14217784197103,433.1062075680375,453.20672607421875,43938246,0.0658789331649059,0.06379974815409942,19913108619.103638
2020-04-29,428.62834707319337,446.63920185709264,423.85200155103036,436.9372253417969,61499689,-0.03589863035209573,-0.036558834663600534,26871503471.043427
2020-04-30,448.7785784021561,459.6248838688001,438.2307831245731,442.7086181640625,40382553,0.013208745988055659,0.013122271153188073,17877704236.567017
2020-05-04,421.9116338799677,421.9116338799677,397.731333047433,400.8160400390625,37853978,-0.09462788029456226,-0.0994092377994028,15172481561.685791
2020-05-05,411.960847124036,416.6874510463528,384.59629810009636,387.083984375,50981056,-0.03426024483133017,-0.0348608856528522,19733950284.125
2020-05-06,383.1037102420946,392.5071770949433,366.2371840988155,386.93475341796875,67511628,-0.0003855260435851049,-0.0003856003778560583,26122595133.025635
2020-05-07,385.093855510195,400.2687425813332,380.8150470403213,395.39288330078125,41339309,0.021859318161778107,0.021623828844348707,16345268579.171936
2020-05-08,401.5125737538116,407.43327936747136,377.78004008673184,380.168212890625,33505509,-0.03850517056113678,-0.03926609156644817,12737729478.520752
2020-05-11,389.07415799864503,391.5618444308614,374.9938588657534,377.6805419921875,30141935,-0.006543605735793601,-0.006565108980977014,11384022347.493286
2020-05-12,374.4465257824162,389.87018067985036,368.1775685193969,384.944580078125,38411107,0.019233286543228312,0.019050664783642077,14786147454.450928
2020-05-13,408.9756527223449,414.398821334791,397.63180857430245,411.96087646484375,48206058,0.07018230099833,0.06782900872647728,19859009904.595093
2020-05-14,403.0549215571788,408.97562708894884,395.6913761939936,399.97021484375,31604212,-0.02910631156043042,-0.029538303358891266,12640743463.607422
2020-05-15,400.7663021836465,401.9106319202766,384.8948498881879,386.63623046875,25435025,-0.03333744333989719,-0.033905803415648104,9834102187.878418
2020-05-18,387.084009673086,387.084009673086,350.5647606238601,357.0327453613281,47864748,-0.07656676424641118,-0.07965677675473344,17089282384.46814
2020-05-19,366.98349104035117,370.6652791140278,348.37561471189923,352.7539367675781,42889678,-0.011984358996034672,-0.012056750383904401,15129502761.193787
2020-05-20,351.2613299771013,364.4958098661591,348.2761062095905,360.71453857421875,30720803,0.02256701053314014,0.02231614276116284,11081440278.774475
2020-05-21,361.21209459765413,367.18254244224346,353.9480618669777,355.440673828125,24794914,-0.014620604888673228,-0.014728539268156388,8813120939.67041
2020-05-22,350.36574779956226,357.9780618743761,331.21056311274714,335.2903747558594,48367892,-0.05669103328903036,-0.05836140768830075,16217288634.830933
2020-05-26,340.315521904254,345.987459416232,334.6933563439092,339.61895751953125,30692834,0.012909952356442433,0.012827329268466919,10423868286.400024
2020-05-27,344.3953268061024,390.5170408135583,339.8179775504179,385.0938720703125,72430787,0.1338998119625463,0.12566285216315923,27892652222.930054
2020-05-28,388.0790810770726,405.6421411087741,385.0938573764797,389.0244140625,72693713,0.010206711343019759,0.010154974608265544,28279629105.85254
2020-05-29,380.1184730477352,387.33276343934796,373.5012334516399,383.053955078125,51056390,-0.015347260399486862,-0.015466248598846735,19557352121.51123
2020-06-01,392.35787075969915,407.48301559790696,390.61649035116113,394.9948425292969,44252980,0.031172860357848275,0.03069685379170075,17479698866.552124
2020-06-02,396.03967002320337,412.95593733575225,389.62142704300663,408.080078125,37508638,0.03312761126680419,0.03259071713193357,15306527925.402344
2020-06-03,419.9214663579365,429.87221200622884,403.25396739704684,407.53277587890625,49055899,-0.0013411638436466866,-0.0013420640088104368,19991886692.70526
2020-06-04,405.5923915605669,411.8613490617688,389.6214268557422,392.40765380859375,45553578,-0.037113878847395476,-0.03782012843142112,17875572665.566772
2020-06-05,397.0347532955296,407.8810600314029,388.57661945339424,403.3037109375,39002875,0.02776718808400469,0.027388670649199892,15730004224.731445
2020-06-08,412.95594183807106,442.5594099577882,411.96086727942514,428.1308288574219,60387580,0.061559358980878054,0.059738920504334915,25853784678.093872
2020-06-09,432.80774673122573,440.32054846203175,414.4486066314943,417.9811096191406,46273705,-0.023707050635359272,-0.023992584568414056,19341534562.088776
2020-06-10,420.1204935428572,430.5687764766741,413.2544547496792,425.3446350097656,36163051,0.017616885598812138,0.01746350701834098,15381759728.43454
2020-06-11,424.3993160947835,433.4047290607907,406.68700039529597,411.4136047363281,45562670,-0.032752335698598034,-0.03330070018716282,18745102306.111755
2020-06-12,388.079075532801,410.4682529673857,387.233256089597,405.99041748046875,47813512,-0.013181837434216748,-0.01326948897768574,19411827698.087402
2020-06-15,403.9505361782064,403.9505361782064,381.7603549183148,387.6810607910156,39577100,-0.04509800207374093,-0.046146563739700025,15343292111.032104
2020-06-16,402.90568177782296,403.0051953069074,358.6248640218788,379.6706848144531,96186227,-0.020662283476573062,-0.020878735238801863,36519090674.80844
2020-06-17,375.5909107689391,395.7909125100371,373.4514761372341,387.6810607910156,56949066,0.02109822089761071,0.02087873523880172,22078074317.93756
2020-06-18,384.0988170335664,406.04020104103756,382.10866772251165,403.40325927734375,43773580,0.04055446622604908,0.03975371168629374,17658404842.23755
2020-06-19,405.49286951150066,420.21996035544197,405.49286951150066,414.9958190917969,52085319,0.028736901717700603,0.028331740697419276,21615189621.06253
2020-06-22,417.93134023712406,433.75302061550457,416.04070453331434,428.0313415527344,40454004,0.031411213947806216,0.030927975125360028,17315581603.299683
2020-06-23,428.3796187287202,442.8082005442055,428.2801051944703,441.46484375,30757220,0.03138438916303188,0.03090196694041393,13578231321.484375
2020-06-24,445.79340795868836,446.2909452443566,420.1204961651167,422.55841064453125,33577082,-0.04282658828474095,-0.043770700480326996,14188278404.001099
2020-06-25,416.9362418555266,426.5884772625728,408.3288529598859,419.6229553222656,49853200,-0.006946862843856705,-0.006971104630354978,20919547116.271973
2020-06-26,423.90177599587975,426.6382311226137,415.9411792635628,422.7574462890625,32610915,0.007469779541468657,0.007442018896488417,13786507146.549683
2020-06-29,412.95592456428386,413.75197203099606,400.36823799740375,402.80615234375,36319455,-0.047193240758840904,-0.048343166884388535,14629699923.771973
2020-06-30,407.98057006221416,412.75691580871916,402.05986427660014,404.6470642089844,26951915,0.004570217844297897,0.004559806109271629,10906013279.56009
2020-07-01,407.9805745489668,435.19587016855223,404.64706865907687,431.1160583496094,53380512,0.065412544614323,0.06336208998965784,23013195926.124023
2020-07-02,438.8278852631398,439.3254225480187,419.224904092007,421.1155700683594,50362770,-0.023196742704351347,-0.023470021531447127,21208546598.771667
2020-07-03,427.8820445245362,429.47416983342924,421.56331523543025,426.3396911621094,31044457,0.012405433246987174,0.012329116374339564,13235484209.675385
2020-07-06,432.01165136363795,435.4446710382614,428.976685841115,431.8623962402344,18424079,0.012953767131254734,0.012870584670493875,7956666905.459381
2020-07-07,431.3648474138169,446.78850401108144,424.1008148407219,445.1466369628906,37991679,0.030760355238863113,0.030296738869094963,16911868139.423676
2020-07-08,447.78353331514353,459.1273767523409,438.82786264884066,441.96234130859375,45877067,-0.007153363386102174,-0.007179071362329283,20275935943.691223
2020-07-09,445.6441720507423,454.7490986973786,443.8530195247905,451.5151062011719,29162679,0.021614431818542723,0.0213841523186189,13167390105.795685
2020-07-10,447.68403978677424,449.2264235796684,434.84758399848715,437.4347839355469,25676354,-0.03118460948979085,-0.03168120071108857,11231730364.242615
2020-07-13,441.763352829748,444.20126722493796,430.61850586890387,437.8825378417969,21326370,0.0010235900817525678,0.001023066570634906,9338445018.553162
2020-07-14,432.7579344584044,433.65349551872595,413.35397989328317,415.6426696777344,25685579,-0.05078957538173756,-0.05212477195000757,10676022627.77835
2020-07-15,421.9116119654658,442.26089879325355,420.6677687698129,424.5485534667969,43250557,0.021426779391941597,0.021200453207608168,18361961410.983246
2020-07-16,429.8225053634263,434.0018006550676,416.38899764627615,431.8623962402344,30183647,0.017227341169140375,0.01708063305746862,13035182120.689362
2020-07-17,431.862327322195,437.7332607215555,422.5086332186231,430.9667663574219,33464985,-0.0020738779078933733,-0.002076031370542664,14422296371.649628
2020-07-20,435.5441845762865,440.61904097561757,427.1855332584674,431.8623962402344,30400586,0.0020781878156928,0.0020760313705426724,13128869917.067322
2020-07-21,437.83284438183165,448.77866549137747,436.34023241234814,444.0023193359375,43147019,0.02811062783282936,0.02772277586631004,19157376508.431763
2020-07-22,475.6456399210054,482.2131380937862,457.83381136143345,476.5909729003906,89611937,0.07339748497979381,0.07082883771684949,42708240238.31851
2020-07-23,470.62054799014453,472.41167013759826,456.9382721304458,458.58013916015625,40249567,-0.037790967022782285,-0.03852356192337495,18457652035.996033
2020-07-24,454.3510946695568,454.3510946695568,439.375202854427,443.4052734375,30566635,-0.033090978929980475,-0.03365087164680109,13553407150.239258
2020-07-27,444.7983218336995,445.7933963791888,427.7825410323801,429.4244079589844,21924237,-0.03153067028303236,-0.03203846445586408,9414802493.67746
2020-07-28,431.8623735044431,437.83282106441237,422.30965133503895,434.8973388671875,33057573,0.012744806319267,0.01266427479254103,14376650527.107788
2020-07-29,433.60373517788065,444.7983238657778,432.16086493342334,438.7283630371094,24404819,0.008809031069035411,0.008770457917394402,10707086290.086945
2020-07-30,439.72346846151447,443.7037669411249,422.657944803638,423.7525329589844,26861618,-0.03413462939677392,-0.0347308223877911,11382678666.876648
2020-07-31,426.88701461301713,432.3101834723739,419.22492784485075,429.5239562988281,27499638,0.013619796676005658,0.013527880887739367,11811753310.545593
2020-08-03,429.4742165595521,429.7727268017688,413.65253600944453,415.2944030761719,23824107,-0.033128660262098375,-0.033689843324129456,9894018295.387848
2020-08-04,419.772252509994,429.0762066791729,415.2944165280942,427.0362854003906,24746211,0.02827363488947654,0.027881313411985287,10567530023.174286
2020-08-05,436.8377487170269,444.64909038826767,431.01655624267465,432.8077087402344,36932321,0.01351506543391845,0.013424551559101229,15984593230.468842
2020-08-06,433.8525026951321,436.14116200739755,424.99634529613866,430.8672790527344,33465135,-0.004483352880076841,-0.004493433247112533,14419031660.582428
2020-08-07,429.3249079413113,434.84755930503025,425.046069343352,431.165771484375,15569399,0.0006927711760726929,0.0006925313208916054,6712991931.383057
2020-08-10,431.86236423801444,434.84758795394544,427.1855016028162,428.9766540527344,14888044,-0.00507720597603134,-0.005090138779870368,6386623300.509888
2020-08-11,433.15593713233415,447.68403155744556,433.15593713233415,445.79339599609375,30469633,0.03920199802130053,0.03845310902569594,13583161169.824646
2020-08-12,442.60912522582936,450.5199796436729,436.7879636976294,448.87811279296875,23184137,0.006919610798590714,0.006895780161121703,10406851663.29364
2020-08-13,451.86339206986946,454.5003337455692,443.156489124552,445.8929443359375,21885850,-0.006650287398637489,-0.006672499090739379,9758746095.794678
2020-08-14,449.2761892595351,449.2761892595351,423.5037627708137,433.7032775878906,36725538,-0.02733765336027194,-0.027718280003292527,15927986201.778625
2020-08-17,436.93721523793414,438.8278506981014,423.2549409814741,435.99188232421875,30198343,0.005276890571490611,0.005263016570758749,13166232407.642395
2020-08-18,437.3352901641254,445.0471183752107,433.1559646641143,443.604248046875,21768516,0.01745987948692007,0.017309207077525767,9656606171.276367
2020-08-19,443.8032681151226,449.72397408553815,440.2707654597676,442.01214599609375,18127671,-0.003589014437510585,-0.0035954704014876946,8012650760.621155
2020-08-20,435.74316058528484,439.12640814654196,431.11606977597245,432.8077087402344,16688938,-0.020823946444088692,-0.021043822633491197,7223101017.08783
2020-08-21,437.83278293837054,442.6589003692122,434.10125353832757,438.28057861328125,25087973,0.012645037882935695,0.012565757031431887,10995571322.674377
2020-08-24,441.8131258995943,447.2362946594578,440.1214869192881,443.604248046875,18196776,0.012146715353981374,0.012073536003547042,8072167134.357422
2020-08-25,448.72891788703544,454.15205641638914,444.8978744766277,449.57470703125,26273592,0.013458976127171951,0.013369208663128454,11811942426.058594
2020-08-26,449.77367779721243,462.5106193578385,446.7884542720097,461.0677795410156,25914508,0.025564321858005945,0.025243018999219248,11948344661.457886
2020-08-27,461.71458873812634,472.16287145741586,461.71458873812634,470.7200012207031,19544214,0.020934496202046793,0.020718380613193872,9199852437.937683
2020-08-28,474.1032937304115,510.47325732466805,473.70523960632596,506.6919860839844,59179945,0.07641907029655903,0.0736398564514659,29986003868.39096
2020-08-31,521.8668931472126,531.2205580724999,483.90477235199415,494.3033142089844,55830536,-0.024450104235409387,-0.02475397131407411,27597218978.864014
2020-09-01,492.6116623563958,500.92054123482353,477.28751978354904,483.3077392578125,33276725,-0.022244590790914898,-0.02249573305899377,16082898729.65393
2020-09-02,484.6012989879114,485.54663194393135,469.77469447631324,482.01409912109375,20750575,-0.0026766385713279384,-0.0026802271733728502,10002069714.86969
2020-09-03,485.99439084922903,487.536774579887,470.769762797697,472.61065673828125,14045705,-0.0195086459088204,-0.019701451241646146,6638149864.402161
2020-09-04,466.68996340438326,470.6205200191941,450.37074687691546,452.95794677734375,29405304,-0.04158329838893293,-0.04247262521700497,13319366124.203613
2020-09-07,454.74906547819984,464.8490660012539,448.43033606604536,456.4407043457031,25967554,0.007688920336066829,0.00765951124135964,11852648637.89508
2020-09-08,457.5352603420626,460.12246021384385,439.0766398124345,442.161376953125,21052285,-0.03128407974272851,-0.031783878022647115,9308507323.60962
2020-09-09,437.7332734994072,441.166292726391,422.9066692849864,429.1258850097656,31657672,-0.029481299414221174,-0.02992460753679169,13585126514.348877
2020-09-10,434.30027909119553,446.48994175603127,428.62834227575416,444.6490478515625,34434841,0.03617391395870606,0.03553500036510771,15311419263.569946
2020-09-11,443.8032738154137,447.6343171179912,437.08652023188444,444.99737548828125,18620781,0.0007833765492173406,0.0007830698699615155,8286198674.542053
2020-09-14,449.7737125848802,452.7589363409745,435.8426683897732,438.3800964355469,17622727,-0.014870377708348204,-0.014982050232893672,7725452761.717316
2020-09-15,438.87759073002223,449.67415499691026,433.7529631909226,447.3357238769531,17328721,0.020428909784509175,0.02022303869965449,7751755952.396759
2020-09-16,447.33578647074245,448.3806330495693,437.8328359287416,443.80328369140625,20016188,-0.007896619914305236,-0.007927963331081391,8883249961.384521
2020-09-17,438.7781591180216,444.251069444229,436.34021418944064,440.7185363769531,14306232,-0.006950708631074609,-0.006974977328119881,6305021628.109131
2020-09-18,442.3603308752116,447.086934472906,433.90219812144267,441.166259765625,20809690,0.0010158941630922236,0.0010153784918323196,9180533104.182129
2020-09-21,440.81807299464333,441.81314765151615,418.4786348009419,421.2648620605469,19013877,-0.04511087886832277,-0.04616004876898259,8009878271.641205
2020-09-22,421.9115659843371,424.54850719828676,404.29873610648224,409.9706726074219,27558176,-0.026810186346616582,-0.027176134985969748,11298043950.55371
2020-09-23,416.04068916409034,420.8170350148759,404.09979416986016,417.68255615234375,18612700,0.018810817602815666,0.018636082051497735,7774200112.8967285
2020-09-24,411.96087259114364,412.2593828156801,399.1741582742214,400.4677734375,21177182,-0.041214990813657315,-0.04208841151874655,8480778923.220703
2020-09-25,405.49287562871507,414.64757355668655,398.1790716758239,413.00567626953125,20460096,0.03130814428439388,0.03082803941371145,8450135785.019531
2020-09-28,417.93133131536354,438.4298741152371,415.9909237016355,437.0865173339844,19387091,0.058306319859724454,0.05666981880879597,8473836086.427032
2020-09-29,440.2209866311406,441.1165476766614,422.7076680088608,424.7475891113281,19996904,-0.028229944721053668,-0.028636071151532695,8493636763.690674
2020-09-30,424.8968419606249,425.99143006254803,416.68747674709994,422.55841064453125,18485278,-0.005154069199962197,-0.005167397230071295,7811109692.002319
2020-10-01,428.0811402339323,443.10674363447777,425.2949129046826,441.5146484375,21083211,0.04486063302835386,0.04388351099969582,9308546492.598633
2020-10-05,441.8628277832931,454.20177610623296,436.8874551909026,441.96234130859375,24252318,0.001013993245021716,0.0010134795011304681,10718611245.440552
2020-10-06,447.2860476128521,450.4702985859241,440.5195522541588,447.435302734375,19387351,0.012383320736279346,0.012307274579075534,8674585263.902588
2020-10-07,444.79832528477965,453.70425468291353,441.31556434854537,450.8682861328125,19873734,0.007672580543953034,0.007643295994509863,8960436387.639404
2020-10-08,453.30621046096684,459.3761714414731,445.0471036359814,449.6741943359375,20909290,-0.002648427120738428,-0.002651940408340452,9402368134.886475
2020-10-09,451.06730891497574,467.486039992675,447.9328299645048,465.7446594238281,28048230,0.035738019415641364,0.0351142348465793,13063313328.791199
2020-10-12,471.1677952301808,477.63577974759613,460.0229482224975,465.69488525390625,21261504,-0.00010687008195320313,-0.00010687579296730613,9901373665.605469
2020-10-13,463.60521364616113,470.670248824592,457.4855114103725,459.07763671875,15582492,-0.014209407800449436,-0.014311328071927342,7153573601.548828
2020-10-14,455.7441579200855,472.3121436138144,451.76385959763934,468.9786376953125,13984621,0.021567160289770904,0.021337879849286912,6558488505.265259
2020-10-15,471.0682959070162,479.5762017106732,457.7343027271143,460.3215026855469,28971494,-0.0184595508492863,-0.01863205455013459,13336201653.125305
2020-10-16,462.858921177459,473.157948850497,460.7195169669403,470.0732116699219,16288157,0.0211845610676078,0.020963287849058217,7656626273.17392
2020-10-19,474.7002938058139,493.45745482572687,473.90424632634483,490.5220031738281,28131936,0.043501290854806474,0.04258168457777105,13799333599.87793
2020-10-20,483.4569798542235,496.1939220438283,482.7106739360686,491.51708984375,21376064,0.002028627999321797,0.0020265731121404617,10506700769.59375
2020-10-21,494.45252574436984,505.0003217901893,484.2032702766177,498.9801330566406,27029535,0.015183690185142984,0.015069571671515989,13487200970.759125
2020-10-22,493.55703498069255,510.47330432478884,493.20875277368384,507.7865905761719,30022336,0.017648914127271764,0.01749498057670037,15244939638.572266
2020-10-23,511.36885514929816,512.9609501965411,502.01512972677983,504.70184326171875,18810262,-0.006074889277704165,-0.006093416489521368,9493573903.635864
2020-10-26,505.7466489274805,507.3387743089199,488.48209910805235,490.9200439453125,17446937,-0.02730681391480383,-0.02768657428682897,8565051078.751099
2020-10-27,491.56682445593754,509.72693487359106,480.2727223145191,505.5973815917969,24239860,0.02989761332319807,0.02945939276000122,12255609746.151733
2020-10-28,508.2840723590289,514.9510840482017,491.06929464306774,502.2141418457031,30343575,-0.006691568962327588,-0.006714057890201901,15238972479.155731
2020-10-29,503.5077529849107,513.806750911243,486.93976679117293,491.4176025390625,50934336,-0.021497879902310002,-0.0217323254670146,25030029284.039062
2020-10-30,492.5619051395939,499.0796313334237,479.22791216482364,490.07421875,23140833,-0.0027336908204376176,-0.002737434176864291,11340725653.699219
2020-11-02,494.40286070620476,529.0812193688733,492.6614800166459,520.0758056640625,37597227,0.06121845583019159,0.05941773460231676,19553408122.759644
2020-11-03,522.4141474263768,534.3550422246939,521.4190728598503,531.5191040039062,25991938,0.022003135341457147,0.021764559625590756,13815211597.085083
2020-11-04,522.5136132130483,531.2205153806069,508.4830865854228,522.5634155273438,28905623,-0.016849231587537927,-0.016992794794755697,15105021082.825745
2020-11-05,532.2653853083374,539.8279273703128,524.9515511419578,536.6436767578125,23728389,0.026944598133146647,0.02658798414871578,12733689916.499634
2020-11-06,536.0964412363543,543.3107320928991,528.5836401464453,539.0816650390625,22256961,0.00454302992253508,0.004532741510703383,11998319594.589478
2020-11-09,547.2909863154002,565.2023276857225,545.5496059043967,562.266845703125,26041462,0.04300866115040747,0.0421094800593317,14642250696.237793
2020-11-10,569.1826237630079,585.103816036099,565.4510943240022,580.7254638671875,34935409,0.03282892865749476,0.032301570089758765,20287881596.914917
2020-11-11,576.9939063259716,608.1397857808839,573.5609479969098,605.652099609375,50289937,0.042923269760198224,0.042027606447837894,30458205933.273193
2020-11-12,598.9851335429491,607.4432671617984,585.8998790035054,596.7462158203125,34244439,-0.014704619689763332,-0.014813804277064854,20435239386.139526
2020-11-13,592.0693793803864,609.3338991743879,581.4220691505049,607.34375,28813262,0.017758862810918208,0.01760301660269883,17499554592.8125
2020-11-14,610.9260524023355,614.9560923167278,602.5674016110135,610.1300048828125,3211214,0.004587607730897947,0.004577116732040157,1959258013.4997559
2020-11-17,610.1300001952147,627.7925739084169,606.0004164135264,625.702880859375,25960060,0.02552386516305427,0.02520356999335697,16243284329.282227
2020-11-18,621.9215638275903,636.8476813594524,618.9860818994184,633.1658935546875,24928180,0.011927406639174132,0.011856835722383927,15783673364.39209
2020-11-19,615.951157402232,629.8822013499399,606.050153306776,608.4880981445312,26525371,-0.038975244341749704,-0.039755110033281554,16140372552.368103
2020-11-20,611.9708868769538,613.4634987961659,589.0841707823686,604.8560791015625,29556191,-0.005968923721012653,-0.0059868089521070604,17877241801.43689
2020-11-23,607.9408127261048,609.5826493043824,589.7807020614508,592.6663818359375,23728765,-0.020153054068219434,-0.020358897135146065,14063241297.98523
2020-11-24,600.0300054785366,619.5334440493647,597.5920604735492,616.5980224609375,30742369,0.04037961551128566,0.039585661466241664,18955683931.16443
2020-11-25,621.9215960981455,626.8969688669307,593.0644340391915,596.8954467773438,35115637,-0.03195367965170848,-0.03247534125093659,20960363835.986023
2020-11-26,599.2836423237143,615.1550933997414,591.1240189405202,609.5328979492188,35476456,0.02117196778783459,0.020950955741910963,21624067034.64795
2020-11-27,608.9857027981415,610.6276003102852,595.8009633176262,598.6369018554688,29921076,-0.01787597704801447,-0.01803768231725789,17911860236.82202
2020-12-01,607.990593013166,611.9708914944306,593.263500779394,600.6768188476562,21285697,0.0034076031495298142,0.0034018104257233,12785824760.9151
2020-12-02,604.0102396741579,610.4782241187742,598.2885611269975,605.1047973632812,19070722,0.007371648741364201,0.007344610932958819,11539785371.38147
2020-12-03,607.1447628801523,607.9905519564921,597.3929836719489,599.7314453125,17746316,-0.008880035448727952,-0.008919697940987271,10643023743.652344
2020-12-04,603.6122744341902,613.4137964378391,600.22905697502,611.473388671875,20019707,0.019578668837777258,0.019389472192477667,12241518079.508057
2020-12-07,613.9112917197583,621.3246096982848,609.4334559825384,616.199951171875,24658169,0.007729792641125721,0.007700070857881328,15194362533.787842
2020-12-08,616.0506643860904,620.7772687653983,608.5876048398146,617.5930786132812,16005349,0.00226083666309429,0.002258284817366184,9884792763.190002
2020-12-09,616.1004340627862,633.5639803289391,615.9511485859563,631.0762939453125,22000284,0.021831875710631277,0.021596973073544624,13883857692.464355
2020-12-10,621.4241196380583,629.334975261543,617.2945355420051,623.9615478515625,16126862,-0.011273987253221929,-0.011338020374806093,10062541775.508545
2020-12-11,623.2648826809475,628.5388260669505,605.3535418562558,610.2294311523438,17950692,-0.022007953449217244,-0.022253741341550372,10954040567.950928
2020-12-14,612.9659382418189,620.727507780442,609.3836940653874,612.866455078125,14567480,0.004321364705077491,0.004312054421072007,8927919827.021484
2020-12-15,612.7171604505845,612.7171604505845,599.3333954688259,604.1097412109375,22311290,-0.014288127200682288,-0.01439118533984583,13478467627.982178
2020-12-16,610.5280029053444,611.8713900433514,601.8211002377424,603.1146850585938,14860853,-0.0016471446898855824,-0.0016485027241577906,8962798676.797058
2020-12-17,604.259076685519,607.9906065950631,600.2290365301185,602.418212890625,14598759,-0.0011547922563037716,-0.0011554595426489175,8794558307.200928
2020-12-18,601.4231295302401,607.9905977820255,593.5620156742688,606.4979858398438,17301814,0.006772326702478848,0.006749497511197325,10493515342.37561
2020-12-21,602.2688662287503,604.2590153117037,570.5757663765306,579.6309204101562,18580262,-0.04429868863040576,-0.045309850554834566,10769694364.52185
2020-12-22,582.1186107394553,591.0245400934009,565.6003975319428,586.84521484375,19896386,0.012446358845882077,0.012369539677477396,11676098916.78418
2020-12-23,586.0989627680918,591.5718732862998,581.422099814716,589.531982421875,12247401,0.004578324079613338,0.004567875433312472,7220234591.045654
2020-12-24,592.0693733253967,610.9757902887287,591.2235842287448,607.1945190429688,15488083,0.029960268734757545,0.029520227453622122,9404279108.08258
2020-12-28,610.9758025482881,617.7422976608739,610.9758025482881,614.6078491210938,8444506,0.012209151837881516,0.012135221288167033,5190059669.550171
2020-12-29,617.6427998535235,629.2851845091578,615.5531068086736,627.0960083007812,13765454,0.020318906108254042,0.020115231477708693,8632261255.848022
2020-12-30,629.1358642289447,630.8772446360631,615.1550793929849,622.0210571289062,10262221,-0.008092781814424854,-0.008125706126336353,6383317554.910461
2020-12-31,619.3344505707338,622.8669532266598,612.9659488858981,617.39404296875,12306502,-0.007438677689648343,-0.007466482626324416,7597961024.583008
2021-01-01,617.1949756020813,622.3693752913182,614.5082622312729,620.7274780273438,6047062,0.005399201849381141,0.005384678412268123,3753577544.7349854
2021-01-04,624.7077535042836,629.8821530060571,618.2397693106985,621.623046875,14068156,0.0014427730032224861,0.0014417332062602423,8745089996.632812
2021-01-05,614.9560814190322,664.6103265264528,614.9560814190322,661.1773071289062,37973963,0.06363062060319669,0.061688169557870896,25107522597.352722
2021-01-06,658.7393546477957,663.8640128939285,645.952670924653,651.0275268554688,20829645,-0.015351071738248012,-0.015470119350416547,13560672269.62738
2021-01-07,655.7541170765478,673.1679213995213,655.7541170765478,667.7944946289062,17887570,0.02575462185819344,0.025428558163001026,11945220768.289185
2021-01-08,674.6605406497127,675.506329718072,665.2073324842669,669.3866577148438,12272794,0.002384211158886984,0.002381373437052255,8215244556.482788
2021-01-11,672.6704523501623,673.3172751558518,656.8985437005593,663.6650390625,7928365,-0.00854755407267338,-0.008584293920015137,5261778667.426758
2021-01-12,658.0427893585855,681.6260683974925,656.0028986730613,672.3718872070312,13301893,0.013119341282208596,0.013034028082910626,8943818899.835999
2021-01-13,672.6703644494612,687.7955090514433,665.7545845023725,684.4122314453125,15645903,0.017907268979218793,0.01774882260324667,10708247385.20691
2021-01-14,675.1580965843426,684.4122779499409,671.3270837788928,672.67041015625,9337503,-0.017156065817623745,-0.01730493625899478,6281061972.845215
2021-01-15,674.2625171311382,679.5862026223649,666.3019204200998,671.5260620117188,12339771,-0.0017012018475220936,-0.0017026505346243517,8286477825.756409
2021-01-18,671.1280400341197,671.6753188877889,647.9428152475659,653.7639770507812,13460603,-0.026450328536359202,-0.026806431882799228,8800057350.781677
2021-01-19,660.2817158348037,668.6403664793756,656.500444632557,665.4561157226562,9010539,0.01788434218205137,0.01772629888614056,5996118283.507507
2021-01-20,660.7295648064651,677.5960921995616,660.7295648064651,672.4216918945312,9980614,0.010467371186919872,0.010412967569722804,6711181352.026245
2021-01-21,677.3970692873901,691.5768830771004,666.4512481163856,672.5211791992188,15849438,0.0001479537407651499,0.00014794279668991128,10659082733.404907
2021-01-22,666.6998996542256,670.5807144087099,635.6535638219297,641.3255004882812,21392223,-0.04638616548564711,-0.04749647510603436,13719378122.031921
2021-01-25,650.7787522019099,664.7097958270273,636.2008858289572,655.1571044921875,21325345,0.021567213518525863,0.02133793195428367,13971451282.496948
2021-01-27,656.6994974807984,660.5305104148588,624.3098312465881,628.9866333007812,24462588,-0.03994533679321233,-0.04076505530091942,15386640867.944092
2021-01-28,618.9364003127198,671.3768438044502,612.9659527212788,667.3965454101562,64303975,0.0610663408025196,0.05927438435245979,42916250771.14105
2021-01-29,667.6950283557043,672.5211156677416,649.7836863133755,659.6349487304688,31273252,-0.011629662654183415,-0.011697816097236883,20628929979.65503
2021-02-01,661.7245488939502,713.4684233939282,651.1269810727396,705.8560791015625,30648270,0.07007077241745718,0.06772478873272132,21633267693.446045
2021-02-02,715.7074267400809,741.280856846279,700.7315657240568,710.6823120117188,28703320,0.0068374177867807084,0.006814148652763034,20398941820.012207
2021-02-03,716.4536527478838,733.1708924984287,712.025558997189,730.1856689453125,23541361,0.02744314386886293,0.027073331423049674,17189564429.66809
2021-02-04,726.404401751288,741.828056856966,717.0506769417749,740.2359619140625,20490289,0.01376402385884501,0.013670159998011251,15167648787.812134
2021-02-05,745.3108183206577,762.5255954353639,713.4684335592946,716.0556030273438,31121503,-0.032665744614993386,-0.03321118101738116,22284726597.782288
2021-02-08,722.4241989234465,744.1168142373258,722.4241989234465,732.5242309570312,15662890,0.022999090936599575,0.02273859834406975,11473446451.814575
2021-02-09,732.1262023925781,746.3060167100695,722.6232512600444,738.8429565429688,22307807,0.008625961188590603,0.008588970155310495,16481966077.869934
2021-02-10,737.8975395192961,742.7236876525258,722.5236251766606,731.1807861328125,15140744,-0.010370499362959862,-0.010424647680200835,11070621100.555664
2021-02-11,727.3994967588937,740.4847513979583,727.3994967588937,736.4546508789062,11897710,0.007212805432138092,0.007186917559294382,8762123864.308472
2021-02-12,731.8773441476608,750.9827879840778,730.9320111619505,746.7039794921875,15668442,0.013917121171072022,0.013821167283247589,11699687993.84253
2021-02-15,756.157155375496,795.0645449852162,750.186708229174,790.0891723632812,20648115,0.058102265506337236,0.05647698803365128,16313852091.211853
2021-02-16,795.0645294504773,795.0645294504773,763.2221452922604,771.2324829101562,23968943,-0.02386653318728782,-0.02415595313479056,18485627422.62201
2021-02-17,770.1877208330823,781.1335411549994,760.5354853113943,773.9192504882812,16956357,0.003483732386357463,0.0034776782472801028,13122851100.451721
2021-02-18,771.1827635304808,778.1482852655948,760.2369436610159,773.1729125976562,19685663,-0.0009643614500532971,-0.0009648267457226616,15220421398.125916
2021-02-19,769.0931872248233,773.3719958834583,737.6985348197898,745.9577026367188,15634787,-0.03519938362752728,-0.03583381414906283,11662889791.734436
2021-02-22,745.9576981718953,746.1566645042652,711.4783389886328,715.9064331054688,18123202,-0.04028548726694359,-0.041119421316952856,12974516900.269897
2021-02-23,728.7428314003936,731.3300617030704,709.0901087951357,712.4236450195312,16804763,-0.004864864910949063,-0.004876736885602134,11972110510.149353
2021-02-24,718.4437964289466,751.1817721112792,713.5181654561085,745.7088623046875,11207286,0.046721101296748335,0.045662517508061815,8357372492.583252
2021-02-25,761.2319917980918,779.6408700311175,758.3960537695177,766.8541870117188,26635119,0.028356005642308668,0.027961416072428198,20425252526.705383
2021-02-26,742.3256346902681,754.9630939693011,715.1103692940289,721.2300415039062,31306177,-0.05949520297411548,-0.06133852974806853,22578955337.038635
2021-03-01,734.3650762786575,739.8379867387288,718.6926508702715,724.9616088867188,14301187,0.00517389344325081,0.0051605548451110995,10367811536.509827
2021-03-02,726.8522678810816,736.8527556590544,718.4438752003205,727.6483154296875,14503453,0.0037059983729270662,0.0036991480805220406,10553413143.363647
2021-03-03,736.8527456348268,757.0527479867544,731.479318469402,750.2365112304688,13603791,0.031042737709689572,0.030570656852395926,10206060699.34845
2021-03-04,727.4989614937278,747.7487645337839,727.4989614937278,733.1708984375,16896947,-0.0227469771698785,-0.023009681113425485,12388349812.84082
2021-03-05,728.3946612133296,740.4350404723576,716.9513024647595,727.1508178710938,16358252,-0.008211019530693253,-0.008244915626751384,11894916320.741455
2021-03-08,731.3798092283877,748.793614210016,728.3945855172515,739.638916015625,13898556,0.01717401375012284,0.01702820739534369,10279912894.02246
2021-03-09,754.963057831038,754.963057831038,736.3551519787238,741.7783203125,18951683,0.0028924982860552007,0.0028883230621687185,14057947582.83496
2021-03-10,746.8034762239283,761.9286220665094,745.4601498276651,757.0029907226562,13377990,0.02052455564317701,0.020316765342969025,10127178439.857788
2021-03-12,768.7945948219173,772.7748931347089,741.330560757467,746.9029541015625,16343307,-0.013342135691501,-0.013431941680889516,12206864278.088745
2021-03-15,750.2862119093984,750.2862119093984,713.1202017008021,740.7335205078125,22466579,-0.008260020341158136,-0.008294323335395764,16641748156.43689
2021-03-16,747.301010168031,748.296084748814,732.3251498741533,734.1162719726562,11358574,-0.00893337259885274,-0.008973514418562296,8338513999.805542
2021-03-17,735.3601230060857,738.3453467801294,721.1305684967176,724.3148193359375,12380976,-0.01335136273492632,-0.013441293541249809,8967724394.642578
2021-03-18,732.374875,739.4398800709973,703.7664814453125,715.2098388671875,12261544,-0.012570473812889227,-0.012650150639996261,8769576908.50293
2021-03-19,705.5078165339932,725.7575582013483,700.0349068147591,722.6728515625,20377672,0.010434717602785026,0.010380651719965587,14726390332.445312
2021-03-22,715.4586822593507,726.4045035456551,705.8064458872475,712.6724853515625,14802230,-0.013838026693981376,-0.013934664741018404,10549142042.845459
2021-03-23,714.4634873912335,735.8575890331715,710.5826725670245,726.95166015625,15949688,0.020036096661769642,0.01983801555409581,11594652170.574219
2021-03-24,719.687697895514,721.4290784296546,699.8359476594052,702.9207153320312,14379147,-0.03305714278037908,-0.033615878119132594,10107400295.104431
2021-03-25,706.0054073582778,707.3985360499786,676.6507075456362,691.1787719726562,21179280,-0.016704506074811887,-0.01684559981083043,14638668741.66504
2021-03-26,703.5177528642682,703.5177528642682,689.735993739171,694.7611083984375,13143312,0.005182937571356572,0.005169552380241476,9131462013.146484
2021-03-30,701.5275423182072,709.7866487546221,687.5964989246542,691.925048828125,25965218,-0.004082064375840133,-0.004090418743753635,17965984732.48291
2021-03-31,692.5719002354157,700.0847010867527,688.6910851213183,694.0147705078125,14924620,0.003020156132845342,0.0030156046231890983,10357906724.216309
2021-04-01,702.8210870389047,713.4683960303352,692.1240364708069,709.4880981445312,13090326,0.022295386631896674,0.022050478036516732,9287430497.83191
2021-04-05,703.7167778118102,704.9606210769136,674.1133081023492,681.8748779296875,16239521,-0.038919920273586595,-0.03969754390352639,11073321399.511597
2021-04-06,686.7010198674006,690.0842981101341,672.1729536746873,674.5611572265625,12062011,-0.010725898460038574,-0.010783835566370479,8136564098.639526
2021-04-07,677.1482791145455,688.492154079786,665.1079005027224,684.860107421875,14433515,0.0152676300510044,0.015152252664724407,9884938633.375244
2021-04-08,688.0940603191415,692.0743585711684,676.0038800847974,678.2427978515625,9026398,-0.009662279199212032,-0.009709261903826467,6122089434.041748
2021-04-09,675.9541785211813,683.4172381855574,663.7147728185116,664.9088745117188,12509114,-0.019659513351385383,-0.0198553323034773,8317420910.878784
2021-04-12,647.7935327314962,651.7738309356836,623.5634917073178,632.4693603515625,14649541,-0.04878790974775071,-0.05001822316042914,9265385825.71399
2021-04-13,632.4694040920951,661.5753367231333,626.8970105146676,657.7443237304688,12737650,0.0399623522708783,0.03918451275851481,8378116985.165405
2021-04-15,663.1674604958407,668.0432894567418,649.0871310116349,665.5556030273438,15195951,0.011875859684462808,0.011805895044917674,10113750331.378967
2021-04-16,665.3565907991007,671.9240582258233,659.087572841878,665.9038696289062,12242522,0.0005232719850578604,0.0005231351260136085,8152342773.817017
2021-04-19,646.7985053614696,652.0723887198176,627.892087512442,644.9576416015625,17292072,-0.03145533309337367,-0.03196067752213207,11152653975.524414
2021-04-20,652.7689229118719,658.7393703775292,639.8329534029475,648.5398559570312,12296248,0.005554185460262762,0.0055388178489815905,7974606906.731934
2021-04-22,637.8427361169577,657.6944839667229,631.2752689000474,655.45556640625,19385102,0.010663508781605158,0.01060705455067482,12706073011.25293
2021-04-23,652.7689038981952,674.1630066936391,647.6940479940184,668.0432739257812,19167768,0.019204516926368376,0.0190224376610751,12804898488.569824
2021-04-26,690.5817568278206,700.3334755410189,681.1285483409845,697.0,21646184,0.04334558434224389,0.04243245799607772,15087390248.0
2021-04-27,687.6959782545622,700.432980731086,680.7304565965698,696.1043701171875,46559967,-0.0012849783110653323,-0.0012858046036164734,32410596501.212036
2021-04-28,704.5127628674586,708.990598224667,684.7605578633619,704.6620483398438,54060587,0.01229367116487956,0.012218717666721635,38094443969.87433
2021-04-29,708.493052733389,723.3196872599638,703.517680172059,715.8566284179688,25939327,0.015886452384513916,0.0157615834466748,18568839169.651184
2021-04-30,701.5275825280831,726.2551616751534,701.5275825280831,711.3788452148438,23011654,-0.006255139682118771,-0.0062747850341338144,16370003849.00354
2021-05-03,702.5226275193992,704.5127766058564,688.6910670747094,699.2886352539062,13752878,-0.016995458948861675,-0.017141539261573274,9617231287.433472
2021-05-04,700.5324981389223,715.1103649011089,694.6615338749111,696.9004516601562,11980155,-0.0034151614560171684,-0.0034210064313864685,8348975430.458679
2021-05-05,705.5078569997034,715.5083440951768,696.5521860363785,713.66748046875,11155033,0.024059431685904853,0.02377456368889908,7960984295.655762
2021-05-06,714.4635271131681,719.2896143882957,706.7516993483671,712.224609375,9484934,-0.0020217694279727194,-0.0020238159626620824,6755403413.097656
2021-05-07,717.4487936540809,723.3197581456187,710.4832713855947,713.2197265625,7131970,0.0013971957362906018,0.0013962205665574948,5086661693.251953
2021-05-10,719.9364773144633,721.429089223201,710.4832685591249,711.7271118164062,7980462,-0.002092783879222848,-0.002094976811495133,5679911170.220581
2021-05-11,701.328538811907,710.1847267032414,699.5374167480785,703.865966796875,12736700,-0.01104516729659033,-0.011106618065197776,8964929659.301758
2021-05-12,700.5324783761346,702.2738588266434,685.6561018091671,687.89501953125,10856584,-0.02269032460584075,-0.02295171155930979,7468190062.722656
2021-05-14,691.576844598255,695.1590888520009,678.0438543790666,681.6260986328125,9377968,-0.009113194194528829,-0.009154973370278003,6392267740.943359
2021-05-17,688.0940788626713,706.8014690044389,681.0290735687405,705.7566528320312,12099197,0.03540145286047469,0.03478922867231196,8539088776.675354
2021-05-18,716.4536847256621,722.4241320983759,705.0103272612939,708.1448364257812,19519055,0.0033838626730144927,0.0033781502926992658,13822318010.160828
2021-05-19,700.5324673743328,720.1354477133897,698.741345371702,713.2694091796875,20244016,0.007236616706508103,0.007210558038037046,14439437331.74414
2021-05-20,705.1098094647235,710.8812905047893,701.0797696405289,702.4231567382812,18840413,-0.015206389481753124,-0.015323192233827715,13233942373.712952
2021-05-21,703.5176825747766,729.7876740821299,703.5176825747766,727.2999877929688,15883692,0.03541573311763191,0.03480302057751165,11552208997.707275
2021-05-24,726.8024605282783,743.8182106862866,723.170414202353,737.49951171875,15716900,0.014023819740094146,0.013926395761028248,11591206075.732422
2021-05-25,740.7335217947958,741.3305422329831,722.2748402428465,727.94677734375,11344261,-0.012952868745278567,-0.013037488657621341,8258018236.296387
2021-05-26,734.3650496957873,737.7483276060854,725.9069156545758,731.4793090820312,9081086,0.004852733535233522,0.004840996978125966,6642626512.994507
2021-05-27,733.5689807287871,750.1369357786926,727.3995062850718,746.6541748046875,23040846,0.02074544766235409,0.020533191410742124,17203543856.931885
2021-05-28,748.8931340101932,755.9582002462349,734.8626061752715,736.2059326171875,17149692,-0.013993415613370308,-0.014092246524892174,12625704992.95752
2021-05-31,734.2656199061134,749.2912230601174,730.3848044171663,747.0025634765625,9275086,0.014665232078466595,0.014558737478621873,6928513018.465576
2021-06-01,749.8384485516634,750.2862442661029,737.499560020368,741.4798583984375,6660243,-0.007393154117734557,-0.007420618933110745,4938436036.539185
2021-06-02,741.1315033270382,741.6290405957506,730.583737524148,733.3699340820312,9973043,-0.010937484308640943,-0.010997738344660285,7313929887.507263
2021-06-03,739.3404139478723,748.5448538254199,735.3601156224463,746.9527587890625,8170508,0.018521109300769334,0.018351682342080376,6102983491.308105
2021-06-04,747.3010102118427,756.1571982751436,736.4546729868591,738.3950805664062,10336011,-0.01145678641917025,-0.011522921008503441,7632059675.080261
2021-06-07,739.4399158428122,750.2365117647362,737.8478207661257,747.4005126953125,6986728,0.012195953583545416,0.012122182144666612,5221884089.262695
2021-06-08,747.3010102551495,747.4004934194265,735.8576525748111,742.6738891601562,6426815,-0.006324083881225739,-0.006344165610156813,4773027690.96283
2021-06-09,742.3256559239269,747.5497976043566,726.5537477158715,733.1212158203125,8004726,-0.012862540987735871,-0.012945979729782417,5868434457.428467
2021-06-10,735.8078828568541,741.6787862189472,729.2901567480969,740.584228515625,7795125,0.010179780006723593,0.010128315019703588,5772946634.307861
2021-06-11,742.5743744299521,742.5743744299521,733.3699349479058,734.8128051757812,4840759,-0.0077930681178717265,-0.007823592763733164,3557051699.9699097
2021-06-14,732.275405418468,737.748315591298,721.429068236683,732.6236572265625,5190670,-0.002979191344787524,-0.0029836379690810918,3802807638.856201
2021-06-15,732.374842494513,748.2960347226546,728.3945444374776,747.2014770507812,9686490,0.01989810140639592,0.019702721723819424,7237759635.437622
2021-06-16,745.111858979532,753.12219747708,742.574430860183,746.10693359375,8614096,-0.0014648571913313813,-0.0014659311435460897,6427036752.2421875
2021-06-17,738.295633618028,741.7286532372383,732.3749274246849,734.9620971679688,6674329,-0.014937317861529964,-0.015050003145974288,4905378839.028992
2021-06-18,738.4946236108127,739.5394397725809,718.692615181167,732.6734008789062,8143792,-0.003114033088075563,-0.0031188917784827344,5966739780.69043
2021-06-21,721.4290863576293,737.250796821217,716.9512506492026,735.9074096679688,6464497,0.004413984164271634,0.004404271107866424,4757271242.076355
2021-06-22,739.5394476367027,745.3108681133709,733.4197146127195,735.7083740234375,6727233,-0.0002704628896467165,-0.0002704994713301951,4949281652.106812
2021-06-23,739.5393927961061,740.0866716332654,727.2004444979216,728.7427978515625,6154147,-0.009467849514586457,-0.009512954525872641,4484790303.1698
2021-06-24,732.2754070320821,739.2906706676254,727.4990004649159,735.5093994140625,5313822,0.009285308317898755,0.009242464848299858,3908366027.8132324
2021-06-25,733.9173319711339,762.1774777115668,733.9173319711339,757.60009765625,11170037,0.03003455599586613,0.0295923511893218,8462421122.023926
2021-06-28,760.7842714049358,765.8093859756234,754.017776288547,758.6448974609375,7672743,0.0013790914334881332,0.001378141360288735,5820887326.479126
2021-06-29,757.2518124060416,759.7892406292201,746.3557327875886,748.2463989257812,7500655,-0.013706674321488643,-0.013801478074882524,5612338093.334656
2021-06-30,748.7936443584241,756.7542412419689,742.8729382793808,744.6143188476562,5459970,-0.00485412303131616,-0.004865942550965036,4065571842.4786377
2021-07-01,746.3058788109768,750.6842309271457,740.8329690330296,742.7733764648438,5695690,-0.0024723435155820095,-0.00247540480355611,4230606892.597046
2021-07-02,743.9177327282991,749.1418742804207,740.3354885292288,746.9527587890625,3557647,0.005626726073718613,0.00561095518190007,2657394241.447632
2021-07-05,753.3709878791816,758.2468779234224,749.6892602879175,756.60498046875,4680089,0.012922131374593748,0.012839352987756656,3540978646.4370117
2021-07-06,753.2714197710612,763.2221650784729,751.4802977626331,754.61474609375,5529485,-0.002630480140068503,-0.0026339459320843615,4172630919.304199
2021-07-07,752.1768732013636,760.2369527257168,748.5448268166499,759.1423950195312,3573368,0.005999947588114951,0.005982019578256794,2712695141.8061523
2021-07-08,756.2567198135289,763.3715277213784,747.9976125203672,750.684326171875,4188267,-0.011141610458257456,-0.011204143110190738,3144066390.7229004
2021-07-09,748.2961277077486,749.1917191756813,736.604000712315,743.6690063476562,5782119,-0.009345232849063856,-0.00938917350896037,4299982691.313904
2021-07-12,748.7935648970737,754.0674476258552,744.6142398298124,749.8881225585938,4475466,0.00836274761735889,0.00832797357999333,3356098796.3148193
2021-07-13,755.2616089936243,769.1926531647847,751.2813106590071,766.9537353515625,9810976,0.022757545131854462,0.022502455098476495,7524564690.644531
2021-07-14,767.1527324974566,769.6404188595765,760.236952263857,766.2571411132812,5621924,-0.0009082610934307844,-0.0009086738124610537,4307839411.796143
2021-07-15,766.7049287532934,774.4167563948741,762.7246306157033,770.3369750976562,4239868,0.0053243666720645955,0.00531024234505066,3266127089.9333496
2021-07-16,772.1778327664474,772.1778327664474,762.7743663416512,767.3517456054688,2913553,-0.003875225503500057,-0.0038827536449758367,2235719980.4640503
2021-07-19,748.5946060588813,762.8739629452388,745.9078925040845,751.4803466796875,5554486,-0.02068334243933745,-0.02090023873941314,4174087064.9074707
2021-07-20,751.2812828194403,751.4803098757026,740.5344898611147,742.0768432617188,5815740,-0.012513305849603196,-0.012592256575718204,4315725980.430908
2021-07-22,746.4054360784114,754.7640870448375,737.3502814768947,743.0719604492188,7876163,0.0013409894090294916,0.0013400910857369267,5852555881.2276
2021-07-23,745.3108805464302,760.2369996494963,736.454692251464,751.6793823242188,6604465,0.0115835643559965,0.011516988504933063,4964440171.781921
2021-07-26,750.2861699079001,756.2566168832946,741.3304994448084,752.5748291015625,7890992,0.0011912615915776747,0.001190552602493007,5938561955.841797
2021-07-27,746.8034589590925,752.2763690513976,725.5088390334017,728.0960693359375,15441543,-0.03252667883517735,-0.033067429481837246,11242926762.78186
2021-07-28,731.1807672084364,731.1807672084364,708.5925627760562,719.3394165039062,11102486,-0.012026782180018847,-0.012099689071338036,7986455800.982788
2021-07-29,716.4536791456082,724.9118128577439,712.4733809281327,713.7172241210938,6855673,-0.007815771322718823,-0.007846474547626705,4893011903.041931
2021-07-30,714.513220272792,715.1103014032257,703.6669448503025,705.4083251953125,10358450,-0.0116417239839115,-0.011710019421099052,7306936866.119385
2021-08-02,711.4783503149554,721.9763753650034,708.4931264674801,717.5980834960938,6823345,0.01728042874657909,0.017132820203898603,4896419295.032654
2021-08-03,720.4340318688476,737.2010150846883,715.757168962571,734.9620971679688,9265839,0.02419740809127946,0.02390928937652165,6810040463.460754
2021-08-04,736.8527392421487,753.2714700962952,735.0118755311032,750.0872192382812,9744349,0.020579458625953784,0.020370562682454123,7309111644.697327
2021-08-05,749.2911017778557,751.2812507865618,739.8378939865016,745.6093139648438,7246991,-0.00596984611734197,-0.005987736887640758,5403423987.819397
2021-08-06,743.3207218172618,753.9182905385903,735.1610979984655,737.2009887695312,6522599,-0.011277119314135775,-0.011341188154185122,4808466432.147156
2021-08-09,737.3502278861267,753.6694744975262,736.1063847216764,751.77880859375,6064688,0.019774552728897943,0.019581576129796194,4559303919.1328125
2021-08-10,751.7788223512661,760.2369560243114,751.2812850763811,757.7990112304688,8309248,0.008007944049367222,0.007976050619478316,6296739918.46875
2021-08-11,761.2319984192471,765.2122964501975,748.7935670725275,757.0526733398438,6429468,-0.000984875777830796,-0.000985361086651776,4867445937.5529785
2021-08-12,755.2615872509816,759.6399395868286,749.6393917213746,753.6196899414062,3572081,-0.0045346691443441944,-0.0045449819450378605,2691990575.6655884
2021-08-13,753.7690231853267,760.7345455117917,750.4852890926144,756.1572265625,4239376,0.0033671315319416806,0.003361475437551302,3205634798.515625
2021-08-16,752.2763787217027,762.0280974100776,752.2763787217027,758.246826171875,3967629,0.002763445928929853,0.002759634632155904,3008442096.67749
2021-08-17,755.2616229326685,756.2566975346878,745.6093871461743,753.022705078125,5576110,-0.006889736842189964,-0.00691358066060157,4198937436.0131836
2021-08-18,760.0379912656894,760.0379912656894,746.8035108158598,750.684326171875,5370460,-0.0031053232398980946,-0.0031101547609927037,4031520146.333008
2021-08-20,742.1265945309211,745.3108452690972,732.5739030509241,736.6039428710938,6092036,-0.01875673010596124,-0.01893486861575199,4487417737.7126465
2021-08-23,745.8084508860587,745.8084508860587,730.7828479505479,732.4744262695312,3614761,-0.00560615598318237,-0.005621929455624855,2647719989.576477
2021-08-24,732.3748915416646,746.0074254468874,727.8970559276191,742.6738891601562,4537435,0.013924667571768357,0.013828610073645007,3369834498.2614136
2021-08-25,744.5147459207247,747.7487380147703,731.5787775445424,735.4097900390625,6726509,-0.00978100782472413,-0.009829156098096639,4946740571.385864
2021-08-26,730.4842255441434,746.3059356742506,728.7428450275702,742.6738891601562,6492155,0.009877620912155605,0.00982915609809666,4821554002.880554
2021-08-27,742.8230672890674,755.8585181211611,737.3501578850621,748.6940307617188,5841967,0.008106036430566288,0.008073358988177905,4373845820.806946
2021-08-30,752.2764018799809,785.6114011696361,750.2862526686582,780.188232421875,12517507,0.04206551724222263,0.041204817786610635,9766011660.658447
2021-08-31,781.0340646287001,785.1138461259089,774.5660798380558,782.6261596679688,12114870,0.0031247936648901575,0.0031199216439011406,9481414182.976685
2021-09-01,794.1690406314239,814.966124763526,791.482387708843,794.9651489257812,19972195,0.015766134450511338,0.01564314003275365,15877198972.549744
2021-09-02,791.5817891231202,802.1295548540791,788.4970823719519,798.746337890625,6799617,0.004756421045568171,0.004745145016544728,5431169177.808838
2021-09-03,800.5375038472034,805.9109309014577,783.8202629616264,794.0695190429688,7509746,-0.005855199111155951,-0.005872407996651615,5963260394.354858
2021-09-06,796.9053934338381,801.9305682742227,791.4324836536019,796.8556518554688,4539192,0.0035086761872662464,0.003502535143403387,3617080800.057129
2021-09-07,794.0694518665517,795.4625804618831,778.1980014273261,783.9694213867188,6926921,-0.016171348523091433,-0.016303531771025427,5430494248.361511
2021-09-08,786.1089040130595,793.4226777502546,779.1433820787666,790.7857666015625,5903035,0.008694656996680594,0.008657076144509515,4668036057.7508545
2021-09-09,785.113818686467,789.7906812108463,780.33747300106,786.2581787109375,4909325,-0.005725429164061047,-0.005741882264379574,3859996933.2000732
2021-09-13,782.1286399863243,786.5567341280646,779.6409534723729,784.467041015625,4814443,-0.0022780528633089547,-0.0022806515731487015,3776771854.3483887
2021-09-14,787.1040266759888,797.0547729045096,786.1089520531368,790.4873046875,6301208,0.007674336023194561,0.00764503810573359,4981024928.1953125
2021-09-15,792.0793327440107,793.5222029719203,783.1236618964025,787.5020141601562,4075592,-0.0037765192554533034,-0.0037836683089981977,3209536908.8950195
2021-09-16,788.5966214081767,803.4729988422157,785.213343470467,798.6468505859375,15446511,0.014152137042680257,0.01405293044587962,12336307362.69104
2021-09-17,804.8660860584473,816.6577568042612,793.3232447033942,803.3734741210938,14641298,0.005918289831968293,0.005900845547749264,11762430439.902222
2021-09-20,796.0596373736254,804.5675126011498,787.6015037265306,791.9300537109375,6306484,-0.01424420992076636,-0.014346632461043781,4994294212.847168
2021-09-21,791.3330729864921,795.0646027239324,768.4960988464512,791.4325561523438,7833561,-0.0006282089639892963,-0.0006284063699196273,6199735206.00531
2021-09-22,788.5966249225979,792.8754335796876,782.1286399863243,784.467041015625,4359142,-0.008801148098560141,-0.008840106959400747,3419603226.1069336
2021-09-23,790.4374652656172,810.4882422687176,788.6463431754657,808.1498413085938,9043492,0.030189668978708672,0.029742929928524366,7308496624.675537
2021-09-24,808.5478442192924,812.9261966996926,791.1837805142169,794.1192626953125,5184626,-0.01736135787710147,-0.017513833618553347,4117211376.4709473
2021-09-27,798.9454252896911,804.8163290231837,788.8951353304026,793.0247192382812,7715259,-0.0013783111787469826,-0.0013792619233147058,6118391102.325623
2021-09-28,798.0498086155004,801.6320527892883,774.1680188314954,785.3128662109375,7369680,-0.009724606106542466,-0.009772198887216713,5787504523.857422
2021-09-29,779.1433354199919,785.6113196859305,774.6655001589575,778.2975463867188,14241004,-0.008933152793060728,-0.008973292631488088,11083738471.283447
2021-09-30,776.0586341684406,783.4718906757867,761.0827142144722,762.7743530273438,9178187,-0.019945062696705262,-0.02014665041598718,7000885650.888977
2021-10-01,759.6399728054583,767.8990798262836,750.2862472855387,764.3665771484375,6089895,0.0020874117158953265,0.0020852360991387,4654912196.343384
2021-10-04,767.3019725821903,777.3025205455175,766.5059250772994,775.1630859375,5845527,0.014124778753854095,0.014025953568496901,4531236748.250977
2021-10-05,770.5857377617426,780.138428924145,767.4014871294321,778.7453002929688,3945224,0.004621239608096683,0.00461059446358252,3072324648.6030273
2021-10-06,778.3970761931395,790.2882293569943,772.1778601800911,775.1133422851562,5092479,-0.004663858653716657,-0.004674768376641125,3947248418.20697
2021-10-07,786.1089477966001,786.2582332830336,770.2872370851078,773.2724609375,6622698,-0.0023749834343310683,-0.0023778081808581764,5121149980.505859
2021-10-08,778.0488301957745,781.133537067451,772.1778659418369,778.0985717773438,4295686,0.006241151836692493,0.0062217565062041786,3342467141.4039307
2021-10-11,778.1483516747662,789.0941724783754,775.1631278192364,783.2730102539062,4417455,0.006650106637187347,0.0066280922229499965,3460073275.5111694
2021-10-12,784.1187375129264,795.7611217777273,781.5813095828553,793.2236938476562,5098502,0.01270397864280337,0.01262396009609224,4044252589.529663
2021-10-13,796.0099035794473,800.5374806643906,789.2931503234067,790.6862182617188,4381414,-0.0031989407346483256,-0.0032040682836304854,3464323666.29895
2021-10-14,795.0645830420964,800.0399559021846,784.1187627499023,798.0995483398438,7157116,0.009375818000752378,0.009332137831778104,5712091047.015869
2021-10-18,815.9611401244283,815.9611401244283,798.099539605286,809.2941284179688,11014585,0.014026546063597323,0.013929084376211726,8914038967.460632
2021-10-19,815.9611318025856,822.9266536594369,794.5670289565421,797.7015380859375,10633732,-0.01432432279558582,-0.014427906272680705,8482544371.993652
2021-10-20,796.6566732112312,809.7916696287677,788.099056237815,800.8359985351562,9023067,0.0039293649310740975,0.003921665140294367,7225996870.794617
2021-10-21,803.9704524606344,809.4931037752565,788.3975122798132,803.8211669921875,7405639,0.003727565272404698,0.0037206351173725135,5952809383.302856
2021-10-22,808.000505798863,820.936474487761,802.826106176398,812.6773681640625,10646970,0.011017626227751487,0.010957374335170654,8652551558.521729
2021-10-25,826.0113813579374,862.6301743474236,821.3843210196172,840.9375,29193770,0.034774109558114885,0.03418315126230682,24550135959.375
2021-10-26,844.2212805348909,847.4552728531174,819.4438997106648,837.7532958984375,16771909,-0.003786493171683336,-0.0037936800848207956,14050722043.258667
2021-10-27,835.8626302083333,836.6586777092446,781.7803521785471,783.6212158203125,39606414,-0.06461577691565124,-0.06679790032355983,31036426292.962646
2021-10-28,783.6211929586667,785.1138047547785,750.9330189176313,754.61474609375,19320926,-0.03701593211229981,-0.037718411570401615,14579855667.786133
2021-10-29,758.2468284750885,758.2468284750885,710.4832487286262,738.3453369140625,21343427,-0.021559887696212976,-0.02179569759205442,15758819799.215698
2021-11-01,751.2813201182298,756.2566930991452,736.3552011754834,748.6443481445312,11694854,0.013948772634650553,0.013852383808637934,8755286349.475464
2021-11-02,748.7935997427617,757.599985226655,744.3655058432239,752.1270751953125,11812106,0.004652044805270927,0.004641257487289274,8884204737.677002
2021-11-03,755.7094005593336,758.8936513564736,744.8133217811597,746.9029541015625,10529505,-0.00694579581833743,-0.006970030141079332,7864518389.727173
2021-11-04,753.2714338207311,753.32117540129,747.6990406384587,749.2413940429688,793433,0.003130848430261013,0.0031259575301001204,594472846.9996948
2021-11-08,757.2517116540051,757.2517116540051,737.8477584644479,747.3507080078125,13872770,-0.002523467136477775,-0.0025266564462142296,10367824481.529541
2021-11-09,746.3059414188649,750.2364981905775,739.6886711111378,741.3803100585938,12120207,-0.007988749974070175,-0.008020831009624712,8985682823.634338
2021-11-10,739.0419090790622,749.6394170066303,728.394598834439,745.6591186523438,10844883,0.005771408460270244,0.005754817686609697,8086585899.667786
2021-11-11,744.3157993190823,744.3157993190823,731.4793127108088,734.414794921875,6195359,-0.015079710620036435,-0.015194565571957794,4549963309.452393
2021-11-12,739.1413748972548,739.1413748972548,729.8871935876308,732.4246215820312,9372897,-0.0027098764262442065,-0.002713554788140585,6864940538.352356
2021-11-15,734.365031937223,740.3354793513467,724.4142862470167,729.638427734375,12849161,-0.0038040690680742895,-0.0038113229408104432,9375241629.74585
2021-11-16,729.6384304656491,729.6881720473799,717.7472771744337,722.5734252929688,8978763,-0.00968288151070118,-0.009730065439183769,6487815535.803772
2021-11-17,717.4487274681433,721.3295423821014,703.268915586838,708.84130859375,18083445,-0.01900445853464794,-0.019187364314612643,12818292817.683105
2021-11-18,711.4783301209263,712.473404708508,698.442877317419,702.8709106445312,13458109,-0.008422756795965047,-0.008458428656820059,9459313328.383362
2021-11-22,709.4881859985854,709.4881859985854,674.0635547222029,683.0192260742188,16741079,-0.028243713418312555,-0.028650239930172388,11434478822.227356
2021-11-23,677.6457672412182,689.2384100201408,674.0137208469207,682.2728881835938,16575348,-0.0010927040735217997,-0.001093301509871687,11308910552.608154
2021-11-24,686.6014781705009,691.6763343675126,678.6906229055426,681.775390625,11463429,-0.0007291767959859419,-0.0007294427746907036,7815483784.376953
2021-11-25,682.6211389362629,683.6162134828172,673.2176723244186,676.5512084960938,9760486,-0.007662614697953707,-0.007692123368994712,6603468598.809204
2021-11-26,665.7048295571933,671.5757933044979,657.1969548689506,658.4905395507812,10252753,-0.026695198705593337,-0.027057986556198635,6751340854.850891
2021-11-29,661.7743072796729,662.1723613874395,646.1516249350416,647.8930053710938,12084376,-0.016093677195297418,-0.016224586863454515,7829382684.674316
2021-11-30,644.8083096804463,674.1132673830456,644.8083096804463,652.420654296875,24699809,0.006988266408568311,0.006963961641298843,16114665548.787842
2021-12-01,661.6250178319501,678.0437460518017,656.7491287940635,676.2525634765625,16184200,0.03652844069654959,0.03587709168420588,10944606737.817383
2021-12-02,671.6753397196517,675.4566109667226,664.7595592600762,672.7698974609375,8612601,-0.005149948708099372,-0.0051632553994600695,5794298691.641968
2021-12-03,675.7550496140503,683.9644140077182,667.6949706849867,669.6851196289062,9505985,-0.00458519003848612,-0.004595734266201738,6366016701.915588
2021-12-06,670.6803224894908,675.4069271361155,657.8936373708577,659.833984375,8022785,-0.014710100262292025,-0.014819366657525318,5293706192.333984
2021-12-07,668.6900927947598,688.1437879605585,666.6999437090611,683.6162109375,15123987,0.03604274275903907,0.03540840047564446,10339002687.208008
2021-12-08,691.5768106148467,698.0945367550302,684.2630369834516,693.6664428710938,11670826,0.01470157051982568,0.01459455006934371,8095660356.787476
2021-12-09,694.7113690004402,696.452749582316,684.6113373317465,690.5320434570312,7021395,-0.0045185974415732355,-0.0045288371607484805,4848498237.268982
2021-12-10,686.7009013595033,688.5418256606156,680.3822024568236,684.6610107421875,5549743,-0.008502187219946222,-0.00853853699541669,3799692651.73938
2021-12-13,695.5570980418812,708.393583801702,689.6861340078017,700.532470703125,13634563,0.023181486475668533,0.0229168773694554,9551454105.347412
2021-12-14,697.5472967067461,710.4832665458156,694.1640187627144,707.3985595703125,8612512,0.009801242846453562,0.009753522226683742,6092478583.082031
2021-12-15,708.8911174270354,716.4536595394737,704.0649695296978,708.9906005859375,7692888,0.002250557333042913,0.002248028622183402,5454185283.360352
2021-12-16,715.4585856288853,718.3940676333783,701.5772838164398,706.1546630859375,7309187,-0.003999964876341466,-0.004007986132822037,5161416483.417114
2021-12-17,704.0152597188006,704.512797004821,681.725565011276,685.5068969726562,7844705,-0.029239722107122113,-0.029675722846827762,5377599382.215881
2021-12-20,677.5960935693564,678.4916243116585,656.8487507219114,671.028564453125,9934646,-0.021120622685884882,-0.021346854140555975,6666431243.72998
2021-12-21,679.6358639786325,679.6358639786325,659.2368373145594,662.5703125,10116104,-0.012604905962562585,-0.012685021736218398,6702630188.5625
2021-12-22,666.6998622183843,673.5160977099423,660.7294156910556,666.0530395507812,7489534,0.005256388620311414,0.005242622030273303,4988426885.518921
2021-12-23,673.6655428033318,681.1286027309906,669.2871900186238,675.4566650390625,6884683,0.014118433412785736,0.014019696586069628,4650305019.031128
2021-12-24,677.7950102625827,678.6407992816596,659.1871052321479,664.2122192382812,6028893,-0.016647175729816777,-0.01678729722110869,4004464399.080139
2021-12-27,659.7842012056218,671.2773006856236,652.7191958413356,668.8394165039062,6996729,0.006966444054479215,0.006942290494498395,4679688141.795959
2021-12-28,673.9640327114245,677.4965354903214,668.6901493353001,672.1231689453125,4645547,0.004909627573343123,0.0048976146551466615,3122379771.1243896
2021-12-29,671.1778081087458,676.2526642024117,663.9635173618393,667.197509765625,3969894,-0.007328506748869867,-0.007355492177216396,2648703390.833496
2021-12-30,664.7098139351612,669.7846699573204,661.2270529340038,665.5556030273438,5119705,-0.002460900579287273,-0.00246393357206875,3407448348.597107
2021-12-31,669.6354315129914,683.1186795375845,667.8940510480376,675.2078247070312,5586980,0.014502502324048372,0.014398346839634119,3772372612.4816895
2022-01-03,676.8994894205433,695.0596006765887,675.6556461838279,692.920166015625,8550860,0.026232428980335065,0.025894260059688798,5925063330.776367
2022-01-04,697.5472833740464,707.5477707961971,696.6019503723534,705.6571655273438,9705906,0.018381626248458183,0.01821472631556538,6849042116.834839
2022-01-05,708.3935841572154,727.30000027943,704.2640005524987,723.3197021484375,11312955,0.025029911809787198,0.024721794418028752,8182883241.018677
2022-01-06,716.4039444516208,729.8871926460282,715.4586114689765,726.7029418945312,7955578,0.004677378116543451,0.00466647317465728,5781341937.071411
2022-01-07,730.3847427141682,737.2507816193269,721.6778401273167,727.00146484375,10454143,0.0004107908913104641,0.00041070653983202765,7600177274.686035
2022-01-10,730.0364618061117,740.3354590188113,729.5886661154443,739.141357421875,9595787,0.01669858062904206,0.016560692241194577,7092643028.711182
2022-01-11,739.2409205584365,743.3704435732272,733.6684665391983,739.5891723632812,7252279,0.0006058583204817669,0.000605674862425505,5363707023.357605
2022-01-12,745.9576439839327,747.7487659868864,739.4896595538843,743.17138671875,5294563,0.004843519198668211,0.004831827098296772,3934767726.779785
2022-01-13,745.3108647273249,745.3108647273249,733.4197112806966,737.0517578125,5196538,-0.008234478635230302,-0.00826856922892511,3830117467.439453
2022-01-14,731.1807771965603,732.3251372385288,712.5231291288003,718.1453247070312,16302342,-0.025651432080673997,-0.02598616675361871,11707450689.075073
2022-01-17,715.45859158973,717.0506865539759,706.0053834950118,709.139892578125,19680557,-0.012539846489399653,-0.012619133896320009,13956268076.857666
2022-01-18,713.9660262183528,732.2754231705882,710.732033765099,721.6281127929688,24055886,0.017610376098631253,0.01745711018954116,17359403615.742798
2022-01-19,721.6280561959527,728.3448092259183,715.1600717967266,726.00634765625,7746270,0.006067162276059079,0.0060488311549080995,5623841190.65918
2022-01-20,727.4492493645716,733.5192406582008,718.593122167438,725.3098754882812,8505400,-0.0009593196674066995,-0.0009597801090161838,6169050614.978027
2022-01-21,718.44380859375,721.677800806949,704.5625067932668,708.9906005859375,10689060,-0.022499727983653295,-0.0227567088450624,7578443069.099121
2022-01-24,711.4783164067461,712.8714450963203,684.8103301205044,701.1295166015625,8812501,-0.011087712556243079,-0.011149639418074248,6178704566.180786
2022-01-25,710.4832557816853,751.2813138867962,705.1098287130527,748.4951171875,38088158,0.06755613544202621,0.06537205063222265,28508800285.666016
2022-01-27,740.3354997390122,773.1729614209846,734.4645353263007,770.0384521484375,34927774,0.028782198395478353,0.02837577108117861,26895729027.95044
2022-01-28,774.267495457609,780.8350240334769,757.7492819569561,760.9335327148438,17765524,-0.011823980228767406,-0.011894439439270163,13518382937.850342
2022-01-31,771.6305738251017,773.9689747294889,758.5950607476119,769.2423706054688,12319200,0.010919268941901983,0.010860084171306432,9476450611.96289
2022-02-01,774.2674961832904,789.9897229273715,765.3118250815118,778.048828125,15457534,0.011448222115741924,0.011383187107088952,12026716214.402344
2022-02-02,786.1089376998102,801.9306482080884,783.4719657035859,800.1394653320312,13478899,0.028392353292616468,0.02799676084385216,10784999039.12445
2022-02-03,798.2487881650928,807.9010231085285,789.1438320580597,795.61181640625,10802708,-0.005658574688479412,-0.005674645074558776,8594762133.986328
2022-02-04,793.0246043738899,800.5374044125847,787.2531846431157,794.61669921875,10776387,-0.0012507571745161705,-0.0012515400241088857,8563097067.443848
2022-02-07,798.547301010775,799.6418586871963,780.2379055785233,785.7108154296875,10939179,-0.011207773254474196,-0.011271053610656827,8595031252.221313
2022-02-08,790.0891225650619,797.0546437967438,772.3270677180831,794.61669921875,12300670,0.011334811248833399,0.01127105361065684,9774317793.579102
2022-02-09,797.0546869246041,805.5128203064506,796.2088978802308,799.890625,9399830,0.006637068899300935,0.006615140530767166,7518835893.59375
2022-02-10,803.5724226448522,811.931072970799,799.14432884997,805.8113403320312,12848281,0.007401906144394843,0.007374646470163032,10353290533.57257
2022-02-11,797.0050040983604,805.910933815609,794.5670592087345,799.8409423828125,9717894,-0.00740917588322676,-0.007436760162505355,7772769494.936279
2022-02-14,786.1089094204632,799.0448788159898,766.157676461192,769.5408935546875,8617389,-0.037882592928861425,-0.03861879099079459,6631433231.168335
2022-02-15,773.1729687056879,795.1640932000283,760.535509065136,793.0247192382812,7426563,0.03051667023842808,0.0300602980621987,5889448037.980408
2022-02-16,791.0843157373454,804.3187959166104,785.4123783077933,793.1242065429688,7457765,0.00012545296795174465,0.00012544509938624374,5914933948.208923
2022-02-17,793.074468661589,798.0498417397671,776.6557375036012,778.9443969726562,6516308,-0.01787842238748305,-0.018040172168290652,5075841605.548096
2022-02-18,777.3025731006211,786.6562382009405,775.1631383479518,783.5217895507812,5466662,0.005876404780514433,0.005859206058817238,4283248793.109253
2022-02-21,779.6907768287426,792.8755167354842,772.277458092761,784.9646606445312,5635224,0.0018415200610786275,0.001839826541792031,4423451694.815918
2022-02-22,762.3266661758963,783.1237506848487,762.3266661758963,775.3124389648438,6923558,-0.012296377357627897,-0.012372603319013577,5367920639.294556
2022-02-23,779.6408441966146,781.6309931288331,768.4462564528853,773.3718872070312,6303173,-0.002502928703689289,-0.0025060662662275014,4874696798.402405
2022-02-24,748.6941261982047,765.3616251441093,721.7275690748583,726.7029418945312,13085009,-0.06034476567417135,-0.06224224298918529,9508914535.016418
2022-02-25,738.6438593170217,761.0827792750747,733.7680302449122,754.3162841796875,10066136,0.037998115451642,0.0372939691848638,7593050303.567383
2022-02-28,746.2064060601512,746.2064060601512,732.5738730035256,738.7433471679688,14463418,-0.020645102509823432,-0.020861191938105116,10684753824.809448
2022-03-02,725.1107836296532,752.7241003699389,721.4289959173765,746.5546264648438,11691602,0.010573738940350852,0.010518227925879035,8728419563.88562
2022-03-03,752.2763788285255,755.7093982597685,728.7926431483262,734.0167846679688,8357181,-0.016794272451629344,-0.016936895331931143,6134311126.50824
2022-03-04,719.4389292470225,728.8921378609184,706.5527011474894,711.4783325195312,11660648,-0.030705635918983454,-0.03118693192220919,8296298395.137207
2022-03-07,689.5866841410719,701.5275791045538,652.3708705444075,664.2620239257812,20147061,-0.06636366342534239,-0.06866827784317833,13382927516.016174
2022-03-08,661.724595437258,670.4314980088009,633.8625072083208,667.0980224609375,24828458,0.0042693973658098905,0.0042603093466043575,16563015232.554443
2022-03-09,668.1925590342214,677.1482299669213,655.8536103442449,670.8792724609375,20438651,0.005668207478791265,0.0056522036376949305,13711867312.963013
2022-03-10,704.4132655455486,716.8516968432556,684.8600272517423,691.5270385742188,23224756,0.03077717103636335,0.030313052709892215,16060546738.288818
2022-03-11,688.4920814185143,703.169430518947,684.0639876785967,687.4472045898438,14224356,-0.005899746151338814,-0.005917218408813005,9778493769.290771
2022-03-14,691.2783032639334,708.8911349772299,681.6260679648245,706.5526733398438,10720884,0.02779190696018463,0.02741272140623308,7574869250.766357
2022-03-15,709.4881984422769,714.4635715028819,691.5768554240988,694.7113647460938,12157425,-0.016759272224923683,-0.016901297895128724,8445901313.548279
2022-03-16,707.4980446151534,722.4241636998613,705.6073785706101,720.2847290039062,10038170,0.03681149547216522,0.0361501340082709,7230340558.145142
2022-03-17,733.3699689032381,743.0719461037897,732.822690028575,735.60888671875,13657428,0.021275138980158204,0.021051982781553253,10046525406.521484
2022-03-21,741.3306084025203,745.7089611217993,720.1355306716105,722.32470703125,7495685,-0.018058753676502337,-0.018223803045397356,5414318471.623535
2022-03-22,725.4094040201754,732.3749264181744,702.8709393956933,727.797607421875,11117081,0.0075767869177818525,0.0075482272374716355,8090984953.315186
2022-03-23,732.4743326597703,739.2408880090894,721.0807779501262,723.17041015625,5886245,-0.006357807745502542,-0.006378104680241213,4256758210.930176
2022-03-24,715.5580569129887,726.8521890590279,715.4585737556517,718.6925659179688,7559843,-0.006191962745424995,-0.006211212450186775,5433202963.606995
2022-03-25,719.7374004194394,723.0709365588954,711.9758311782388,717.697509765625,5430894,-0.001384536587035412,-0.0013854959434274256,3897739099.601074
2022-03-28,722.4240720997685,734.2654826993466,711.5279944025982,732.3748168945312,7077669,0.02045054765997345,0.020244243161668313,5183506537.9151
2022-03-29,737.9970892125369,737.9970892125369,727.3995206035019,734.166015625,6174137,0.0024457404721587306,0.002442754516520872,4532841561.212891
2022-03-30,743.3207644859574,762.0778973682609,737.6488268269082,746.7537841796875,16618114,0.017145670443450722,0.017000342250161074,12409639515.429443
2022-03-31,759.2418645588108,759.2418645588108,747.5994804389848,757.4010009765625,20449544,0.014258001797166742,0.014157312446891659,15488505095.114258
2022-04-01,756.2566028172704,771.9290258361809,751.4305158957337,770.7349243164062,9321859,0.01760483987036121,0.017451669754321712,7184682290.85321
2022-04-04,776.1581944740024,781.6311048196524,763.2222245661023,780.2379760742188,10959783,0.012329857462007654,0.012254463865084239,8551238906.132629
2022-04-05,772.1779143294278,792.0794069667842,772.1779143294278,779.242919921875,7334134,-0.0012753239176467313,-0.0012761378352735308,5715071993.258301
2022-04-06,773.1728938907336,776.1083758406992,765.4113248634465,769.88916015625,9954921,-0.012003650628693241,-0.012076276209408647,7664185768.111816
2022-04-07,765.7098862392803,791.0842879275216,765.4113760133839,788.1985473632812,9820244,0.023781848290103547,0.023503465142136092,7740302055.5529785
2022-04-08,790.9847412109375,796.7561611411729,785.1137773903797,790.9847412109375,8104237,0.003534888331089725,0.0035286552977322337,6410327806.1571045
2022-04-11,785.5616225199867,790.3379682548853,780.1881956091438,782.1783447265625,6340427,-0.011133459377349109,-0.011195900223847878,4959344695.7196045
2022-04-12,776.2576784620369,797.054762091317,773.9690190074331,794.517333984375,7672215,0.01577516092206066,0.01565202636114869,6095707807.554932
2022-04-13,801.8310603779145,801.8310603779145,786.954683706007,789.1438598632812,7640132,-0.006763193062316986,-0.00678616709632643,6029163256.344971
2022-04-18,776.1581521532341,797.701540542069,772.1778539370638,794.915283203125,11478317,0.007313524990036235,0.007286910849489758,9124289608.750244
2022-04-19,801.0350324818273,812.1798798632635,781.6808198606706,793.8704833984375,8711816,-0.0013143536509669929,-0.0013152181713335942,6916053579.198242
2022-04-20,796.905438717401,798.4975944573869,784.7157753323884,790.7857666015625,6676491,-0.003885667575987739,-0.0038932363952155088,5279674053.643433
2022-04-21,791.1837573525702,800.0399452190815,786.656180257254,797.8507690429688,6851615,0.008934154786027992,0.008894481349147382,5466566296.93634
2022-04-22,792.0793607180975,794.0695098656304,774.3670454519611,776.7551879882812,6255027,-0.026440509771008758,-0.026796346402700115,4858624673.256775
2022-04-25,768.1975753399522,784.9148161279047,757.5005236108013,776.854736328125,8023525,0.0001281592210560234,0.00012815100936464772,6233113398.297119
2022-04-26,787.1039935893397,792.6763869492565,765.2123528068296,771.1828002929688,11087204,-0.007301153960861728,-0.007327937833859329,8550261028.139404
2022-04-27,761.8290535581646,769.1428879641549,745.3108402705469,762.1276245117188,11485697,-0.011741931715554266,-0.011811412624709413,8753566970.471375
2022-04-28,773.0734875568403,781.5813633117211,762.5754018506327,775.9591674804688,11037317,0.018148591553299953,0.017985871674334613,8564507310.538025
2022-04-29,761.2320934355623,763.0729572108406,721.4291081578859,725.0113525390625,34401710,-0.0656578555632421,-0.0679125861659306,24941630296.75659
2022-05-02,718.4438314588808,734.5640514584655,714.9610705030552,723.7674560546875,16136040,-0.0017156924233238113,-0.001717165909176397,11678740621.59668
2022-05-04,729.3896471534548,731.5290817356436,700.5324851241912,703.7167358398438,14548684,-0.027703263039957293,-0.028094236173347314,10238152415.245361
2022-05-05,712.4733554398764,718.2447755018411,695.4576054627075,698.8905639648438,12726146,-0.006858117235538308,-0.006881742198682985,8894183355.03894
2022-05-06,686.6014658225797,689.0891522929513,664.8093080483108,670.083251953125,15511195,-0.04121863063695308,-0.04209220781319193,10393791987.279053
2022-05-09,656.948269141235,665.7049135552946,645.6043943025328,660.4310302734375,13999329,-0.014404511158208622,-0.014509263281344172,9245591274.606812
2022-05-10,660.4309838228929,668.7895735115682,654.3112511129181,656.5004272460938,9523698,-0.005951572302283159,-0.005969353494520754,6252311805.962769
2022-05-11,658.4408829357442,672.670437741052,652.2216666104756,669.0383911132812,9352398,0.019098180818833743,0.01891809976489439,6257113310.971069
2022-05-12,663.7146515185366,663.7146515185366,640.8279393972077,646.4501342773438,11166084,-0.0337622730413879,-0.03434538088576584,7218316501.1521
2022-05-13,653.1669121919199,656.1521356283829,630.2801991790367,632.817626953125,9618627,-0.021088258167752283,-0.021313791861522182,6086836712.687256
2022-05-16,636.6984481651896,646.0024319646521,626.946729390633,635.8029174804688,6159695,0.004717457921830093,0.004706365588605129,3916352051.789856
2022-05-17,639.7334244043911,654.261487902794,637.992044018338,651.7240600585938,8152237,0.025041002707594684,0.02473261443184296,5313008996.19989
2022-05-18,651.5251631067222,667.0981065339788,647.09706852251,656.2020263671875,13013873,0.006870954416185127,0.006847456980692196,8539729833.4852295
2022-05-19,640.1314587318055,654.5102984151605,638.0418264286258,646.9974975585938,9216948,-0.014026974070091014,-0.014126281822770898,5963342291.127686
2022-05-20,656.5004467690176,672.4216398698957,654.759066273609,669.78466796875,9708672,0.03521987410483396,0.03461384290404857,6502719651.9375
2022-05-23,669.6852195413005,681.4270879153256,665.2571253335335,672.0236206054688,7919353,0.0033427946977477863,0.0033372199795232323,5321992275.912781
2022-05-24,666.4014312821012,678.0935571217883,657.9432976959444,660.7792358398438,8088546,-0.016732127295606358,-0.016873690663395866,5344743244.935425
2022-05-25,664.7097718661889,669.3368926258352,656.7989173744686,661.7245483398438,5169619,0.001430602610868137,0.0014295802738755203,3420863797.8640747
2022-05-26,669.6353884807904,681.8747925296007,664.7097576209751,679.8846435546875,10114633,0.02744358700369265,0.02707376272159578,6876783651.8914795
2022-05-27,685.6064154574395,690.3827615023986,680.8798109967388,684.9098510742188,5539060,0.00739126492585207,0.007364083382402298,3793756759.691162
2022-05-30,691.6763300900267,694.5620707235224,686.7009570905745,690.2335205078125,3818060,0.007772803129118433,0.007742750523081962,2635352995.3100586
2022-05-31,685.6064056448789,692.5719279083247,679.6856995740432,681.8251342773438,10410424,-0.012181944198077499,-0.012256752239344837,7098088741.684082
2022-06-01,679.6358723739336,689.0393383918984,677.1481861646586,682.6708374023438,6966674,0.0012403519355388415,0.0012395833345683288,4755945173.489136
2022-06-02,678.6409091330324,689.7360157389194,678.6409091330324,688.1438598632812,6347433,0.008017073765393512,0.00798510776504514,4367947044.843567
2022-06-03,693.8654176769472,694.5619819547526,669.8344056016065,673.9639282226562,8475726,-0.020606057058246807,-0.020821324191127217,5712333589.498901
2022-06-06,673.6655061028346,680.6310283225093,666.9984941170961,668.88916015625,6756864,-0.0075297324588115,-0.007558224006857136,4519593086.25
2022-06-07,668.8890718342211,674.6604916215415,657.8437087607635,662.5703125,8312778,-0.009446778379207044,-0.009491682211537388,5507799917.203125
2022-06-08,666.699953347861,670.2324558791412,652.221630686989,655.3560791015625,9282494,-0.010888253310379792,-0.01094796416732157,6083338872.123779
2022-06-09,653.7142962934843,659.4857170532672,646.7985154049396,658.0428466796875,5682743,0.004099706501247802,0.004091325602889963,3739488380.6690674
2022-06-10,652.2713401563007,660.4309632708366,648.9876064259892,657.4457397460938,6758832,-0.0009073982592571195,-0.000907810194269165,4443565304.05957
2022-06-13,643.7635129454565,648.7886274374442,636.9472156183159,645.753662109375,6135431,-0.017784095218617235,-0.017944132491011407,3961977036.869385
2022-06-14,641.8230603247755,652.4703697514875,639.9323944579144,647.5447387695312,5391833,0.002773622149204069,0.0027697827570011407,3491453091.473938
2022-06-15,650.7787202077128,653.1171209788685,644.0122257836513,647.2959594726562,4638336,-0.0003841885849427129,-0.0003842624042847509,3002376151.4765625
2022-06-16,654.261549862231,654.9581142295235,627.9418145307525,631.7728881835938,5960283,-0.023981412307453542,-0.024273647983440498,3765545205.3015747
2022-06-17,626.8970109589428,637.6438047141892,623.5137329551917,632.0714111328125,6849201,0.00047251623930399944,0.00047240463865982365,4329184141.2022705
2022-06-20,632.1211024758242,634.0117683984502,619.1353918564027,625.205322265625,5305222,-0.010862837246319867,-0.010922268650503643,3316853030.2006836
2022-06-21,628.8870938788785,642.1713143687429,625.0560812875101,633.3649291992188,10333886,0.013051083608861314,0.012966652039380848,6545120974.742798
2022-06-22,629.434386106133,630.5290045373313,618.1900559871955,623.7127075195312,5899024,-0.015239589744716509,-0.015356905716795285,3679296230.7626953
2022-06-23,624.3098361986519,637.6935411496282,615.2048792001374,626.2501831054688,8450777,0.00406834036784165,0.004060087048469574,5292300643.633484
2022-06-24,631.2255711647849,639.2857121585366,628.5389182347369,630.8773193359375,6918584,0.007388638527055624,0.007361476250187065,4364777727.520508
2022-06-27,640.8280138253112,643.7137543304489,631.5738326048644,633.9619750976562,4552114,0.0048894700557085,0.004877555418719421,2885867182.3096924
2022-06-28,630.8772482098982,641.5245577635011,628.8870991619175,639.1860961914062,10711123,0.008240432863414693,0.008206665872777446,6846400896.195984
2022-06-29,633.2157271430801,634.6585975277237,620.4290422266109,622.4689331054688,13620084,-0.02615382779060249,-0.02650192188909544,8478079156.286865
2022-06-30,620.9265700474757,636.1511997623096,620.5783182202698,633.6635131835938,10563138,0.017984158698934216,0.01782435680777905,6693475135.32312
2022-07-01,629.8822409640816,643.4152316420075,628.6881392608444,640.7783203125,6549359,0.011228052398284172,0.011165485717003472,4196687259.1435547
2022-07-04,638.3900719367548,651.9231223959255,637.3452557954718,651.1270141601562,3933384,0.01615019347503721,0.016021166454236867,2561132579.465332
2022-07-05,652.8683894716531,656.649721358026,642.8181607872133,645.3058471679688,5044787,-0.008940140503455929,-0.008980343351678273,3255430548.8169556
2022-07-06,648.7886445204773,656.1522209146767,647.793569912317,654.7093505859375,6684686,0.01457216521318938,0.014467011527319497,4376526429.930908
2022-07-07,661.1871230460026,662.2335295503253,649.4273825421825,655.9052124023438,11171714,0.0018265537453161507,0.0018248876245547828,7327585444.068237
2022-07-08,664.725045547193,674.4916082638993,659.1441699453557,666.8677368164062,12669533,0.016713580265524497,0.01657544541005151,8448902798.230774
2022-07-11,664.2765040355632,679.624001698429,663.080584857279,677.5311279296875,14864123,0.0159902639227798,0.01586376635720579,10070906021.87561
2022-07-12,674.6908749013098,682.9127356368132,670.7045181810657,673.8936157226562,6446810,-0.005368775037903117,-0.00538323870194004,4344464100.776978
2022-07-13,677.6806892816021,682.6636355263198,674.6411042377205,677.5810546875,9614674,0.005471841369040886,0.005456925232805237,6514720949.396484
2022-07-14,676.2854385335281,678.1291651362578,663.3297783253994,665.9707641601562,8026311,-0.017134910203028597,-0.01728341159350473,5345288470.057068
2022-07-15,667.7147901490255,671.9004771183407,656.851943112824,659.94140625,6015057,-0.009053487382077119,-0.009094719249091594,3969585175.2539062
2022-07-18,665.7713792792326,685.653345279401,661.1870934526314,682.165283203125,12464664,0.03367553049809113,0.03312092654864181,8502961047.591797
2022-07-19,676.2853660685873,701.4492418534154,676.2853660685873,698.2103271484375,10171314,0.02352075712497803,0.02324840644602505,7101716475.469482
2022-07-20,703.8909589906716,712.0630028189298,700.3032621036211,703.2930297851562,11620331,0.007279615381051485,0.007253246872075732,8172497796.0963745
2022-07-21,705.535321568989,715.9995079504253,701.9475640277394,713.109375,8036515,0.013957688757191944,0.01386117723448,5730914188.828125
2022-07-22,714.5545265492698,732.4931339103393,712.6609825525858,728.2576293945312,9713490,0.021242539960340867,0.02102006235299959,7073923200.547485
2022-07-25,730.9982501744162,736.28016128908,720.0357678950452,724.8692016601562,6230411,-0.0046527871423635014,-0.004663645049237107,4516233047.584656
2022-07-26,720.4344335917908,720.9825455446587,699.6555100668388,704.04052734375,14135744,-0.028734389968152474,-0.02915530532457243,9952136660.15625
2022-07-27,705.5353818616858,718.092382261698,701.2001820655762,716.4978637695312,6106880,0.017694061551798868,0.017539344032957115,4375566474.296875
2022-07-28,722.5272396386962,731.1975786797572,720.5838783459953,723.4241943359375,6964838,0.009666924238917352,0.009620498483181873,5038532318.830322
2022-07-29,731.3968305520227,732.4432370356699,720.5339840549813,722.2780151367188,6624854,-0.001584380517257733,-0.001585636975383355,4784986397.690552
2022-08-01,723.5237570663771,729.8022568424667,717.9428818936258,728.307373046875,5493105,0.008347696847750496,0.008313047520925227,4000668872.4206543
2022-08-02,724.5203731412562,731.8452796805994,718.6404723296756,727.9586181640625,7275626,-0.00047885672412384395,-0.0004789714126193295,5296354649.238525
2022-08-03,727.5101892365568,735.9811982893112,725.0187159857467,728.0084838867188,9458761,6.850076558206908e-05,6.849841951176421e-05,6886058255.056824
2022-08-04,732.6924445331799,734.1873284403503,709.7708912899004,719.1387939453125,7466635,-0.012183498046688168,-0.01225832525152421,5369546888.729858
2022-08-05,721.5306072248198,728.7060618930041,718.7401695280204,726.0152587890625,4583196,0.009562083010463907,0.00951665565191186,3327470230.020996
2022-08-08,727.5101298876939,744.8009285069729,725.6165860407563,743.007080078125,8191870,0.023404220618453042,0.02313454149453145,6086617409.07959
2022-08-10,742.459027983339,745.2992831555691,733.6392370152699,736.4794921875,9069541,-0.008785364319729871,-0.00882418315850908,6679530950.053711
2022-08-11,740.5156209586502,758.0556280395675,740.5156209586502,756.26171875,12384073,0.02686052601918698,0.026506114537019957,9365600332.105469
2022-08-12,756.1122668581132,759.4009991773435,750.8303560633518,757.9559326171875,4614341,0.002240248084998786,0.0022377424706916094,3497467136.0687256
2022-08-16,762.390774093221,769.3668988234858,755.8631266895836,762.0419921875,7051498,0.005390893315134537,0.005376414462424098,5373537583.826172
2022-08-17,768.7689279255965,771.1108881987047,763.6364692500905,769.4664916992188,7674390,0.009742900769032614,0.009695744754850192,5905185949.231567
2022-08-18,769.3669204207018,773.3532775213273,759.5006622658611,762.4406127929688,9449924,-0.00913084452935009,-0.009172786194022823,7205005845.406982
2022-08-19,769.3668642352517,770.014671547588,747.6910490835461,754.9163208007812,7553270,-0.009868692545934254,-0.009917710856599553,5702086798.414917
2022-08-22,750.8304184985363,751.876825119808,736.6788379800972,739.3197631835938,4994311,-0.020659982023760404,-0.020876385232190646,3692392825.7852173
2022-08-23,735.4828329888387,748.2889799370538,731.2971461641571,744.501953125,6594634,0.007009402696190881,0.0069849510276795545,4909717893.144531
2022-08-24,742.4589718300164,749.4849136933476,739.4692041582177,747.5914306640625,6875820,0.004149723887351353,0.004141137528995392,5140304110.788574
2022-08-25,751.3286401681897,756.0125608585573,737.4760256263093,740.8145751953125,6320890,-0.0090649186049796,-0.009106254976490384,4682607440.206299
2022-08-26,745.448777420549,752.4249023429338,738.7716171151558,742.359375,4613713,0.002085271883696782,0.0020831007220665984,3425033099.109375
2022-08-29,727.5101534707075,732.3934651330155,719.58725675724,726.214599609375,5904146,-0.02174792416493021,-0.021987895905550964,4287677023.425293
2022-08-30,730.4998677774659,750.9797632284784,730.4998677774659,748.936767578125,9193270,0.031288503399645284,0.030808994599718132,6885177917.272949
2022-09-01,730.9982382932499,752.3252732572747,730.9982382932499,741.6119384765625,9353805,-0.009780303783521238,-0.009828445102894394,6936893458.181763
2022-09-02,746.4453161376152,751.9763740717708,737.72516057526,747.6412353515625,7767812,0.008129988963480717,0.008097118639938788,5807536559.658691
2022-09-05,747.6412780027727,756.2119213422034,746.7941406322013,753.5211181640625,5894055,0.007864578001419487,0.007833813402966634,4441294914.120483
2022-09-06,755.4146080729167,758.9524875416358,746.2459753346046,747.44189453125,7606181,-0.008067754819698236,-0.008100475259433965,5685178336.787598
2022-09-07,740.6153289926856,755.4146550948194,736.5292765520527,752.8235473632812,10156460,0.007200095246743254,0.0071742983138648846,7646022245.8532715
2022-09-08,759.1517882889835,779.5320486598392,754.5176243906928,777.0903930664062,13410790,0.03223444031223277,0.031725812105168505,10421396072.43103
2022-09-09,785.2624977843975,785.2624977843975,777.3396012219318,782.1730346679688,8732302,0.006540605374757424,0.006519308428265711,6830171154.977173
2022-09-12,786.3089341295793,802.2543624515986,784.1164255699052,798.2680053710938,15521649,0.020577250799699742,0.020368399373538303,12390435787.300232
2022-09-13,802.2543782903807,806.1909181504941,800.4107124350408,802.802490234375,9887516,0.005680404115874893,0.00566433145781867,7937722467.032227
2022-09-14,791.6905137224703,808.5826526177709,791.6905137224703,800.3109741210938,10494713,-0.003103523149951659,-0.003108349065402996,8399033984.151306
2022-09-15,802.7526138112515,803.7492030276528,784.9635206292796,787.3054809570312,5996899,-0.01625054957961214,-0.01638403790848153,4721391451.44574
2022-09-16,783.368994981354,789.8966426299785,773.4529194343531,786.60791015625,11467351,-0.0008860230465222996,-0.0008864157969495412,9020309005.138184
2022-09-19,786.6078952792717,799.2645911195029,784.0167875191531,795.3778686523438,11427799,0.011149085056050057,0.01108739213019241,9089418412.007385
2022-09-20,804.0481265383211,813.4160890245587,799.2645107094452,809.9778442382812,8274079,0.018356024427326645,0.01818958628722212,6701820671.477234
2022-09-21,806.4898754891874,813.2168531346024,800.6099744016615,803.799072265625,6567084,-0.007628322202401616,-0.00765756667129722,5278616026.69043
2022-09-22,802.254337560139,806.0413645037225,781.6249281431966,786.5082397460938,7804275,-0.021511386509559527,-0.02174612891229201,6138126592.744446
2022-09-23,786.3089617813182,786.3089617813182,761.643376478292,765.978515625,10278805,-0.026102363692618535,-0.026449077056247407,7873343796.298828
2022-09-26,756.4112263924375,760.8958779323136,738.472620232933,740.067138671875,11090327,-0.03382781164819304,-0.034413211842656506,8207586569.825439
2022-09-27,743.8043484719426,751.5777931378958,728.0084334861625,734.9845581054688,11358306,-0.006867729021893143,-0.006891420405829565,8348179516.236694
2022-09-28,731.3969039601302,731.3969039601302,705.2862524075028,714.0064086914062,13170668,-0.028542299539104254,-0.028957551554247313,9403941358.746826
2022-09-29,719.7865835091667,728.3074094040037,708.5749544825442,716.5476684570312,12090981,0.003559155400695291,0.003552836595746181,8663764244.908264
2022-09-30,717.5442889883074,735.2337488904496,711.963413293636,730.6992797851562,9536017,0.019749713733069774,0.019557218492833643,6967960753.919006
2022-10-03,728.5067737834011,739.4692560154358,718.5906981444821,720.284912109375,6405645,-0.014252604270861391,-0.014355148146086044,4613889445.828857
2022-10-04,730.8986373421783,741.9607545500076,729.5033879524586,740.2665405273438,5438934,0.02774128415303334,0.027363466247152815,4026260856.336548
2022-10-06,747.4419551684598,757.8065079442553,743.455598074228,752.5245361328125,9376433,0.01655889457969617,0.01642329100080193,7055995893.9053955
2022-10-07,751.2288927983373,754.9162848368628,739.7681175169855,753.1224365234375,7500540,0.0007945261076769405,0.0007942106388967794,5648824960.041504
2022-10-10,745.4488012564514,776.0441051311705,742.4590333369737,774.2003784179688,14106654,0.027987404002769,0.027602914042311424,10921376865.011353
2022-10-11,777.3396083789139,792.786741622341,771.858367550601,782.8706665039062,15953495,0.011199023311839085,0.011136778539577173,12489523263.716736
2022-10-12,786.8071863065097,808.03452444932,780.7778337130018,805.9417114257812,21228018,0.029469803773469083,0.02904391609242707,17108545157.09729
2022-10-13,804.2475337078446,812.1704304989873,792.8863918005101,799.2645874023438,13024911,-0.00828487213005158,-0.008319382424255815,10410350116.367249
2022-10-14,812.7683707735199,817.9008298687482,791.7403614092467,797.7697143554688,8220645,-0.0018703106210841147,-0.0018720618358782028,6558181613.467712
2022-10-17,800.759469014023,814.2134240005686,794.3812734303498,811.3731689453125,9463827,0.017051856375412955,0.016908105319511584,7678695303.34021
2022-10-18,817.2031878991659,820.0933210652114,808.7819965413942,813.5656127929688,8470882,0.002702139941977766,0.002698495725157846,6891618305.226929
2022-10-19,815.6585109535193,835.5902966163728,814.1138097300447,827.0195922851562,10868663,0.016537055254830735,0.016401807189506106,8988597242.944763
2022-10-20,822.086492004441,829.0626167149702,814.1635953463724,823.033203125,11813817,-0.004820187087879457,-0.004831841656209441,9723163646.642578
2022-10-21,857.1663843034996,902.9098549269484,852.9308800171425,897.3289794921875,58057724,0.09027069149226485,0.08642600622816722,52096878228.55908
2022-10-24,912.8757922339014,915.3174481667359,901.9133100127519,906.34814453125,3085307,0.010051124219978558,0.010000947611701077,2796362274.7592773
2022-10-25,902.6108846710398,907.4941354391532,888.5589399245156,899.7705688476562,13187308,-0.007257228608324229,-0.007283690395748803,11865551620.729248
2022-10-27,905.8996382375723,916.8123028107809,898.1760714649197,912.0286865234375,11967044,0.013623603727648481,0.01353163677777415,10914287420.888184
2022-10-28,911.8791015230166,914.8190517752894,895.83404002373,899.9698486328125,7320207,-0.013221994076296095,-0.01331018285693625,6587965585.7508545
2022-10-31,904.9030295534112,914.8689219493739,899.0231287090013,902.9098510742188,9038777,0.003266778821393368,0.003261454491912738,8161200794.963074
2022-11-01,900.9166754418196,900.9166754418196,866.0360519457314,868.7766723632812,29191921,-0.03780352896839945,-0.03853661732733339,25361259986.27179
2022-11-02,872.0155730650307,874.0087515177507,858.6612531010146,860.6046142578125,11029140,-0.009406396793825933,-0.009450916343121523,9491728775.29541
2022-11-03,854.973978653849,877.3972377426342,853.0804346666695,861.1029663085938,10185978,0.0005790720181195752,0.0005789044206160525,8771175870.554077
2022-11-04,866.0360537722484,869.9227761579447,859.3588936663758,865.1390991210938,7323879,0.004687166309276902,0.0046762157500009945,6336174080.131897
2022-11-07,873.2613888299827,873.8095007888157,858.3623663786991,869.97265625,9931261,0.005587028876416156,0.005571479320908262,8639925512.082031
2022-11-09,872.0653417529298,877.7459121919487,865.5376948495117,870.719970703125,10190209,0.000859009128340027,0.0008586403911493739,8872818481.93872
2022-11-10,840.822265625,853.7779243840077,838.1314627942729,840.822265625,18956575,-0.03433676277573139,-0.03494012126006896,15939110339.990234
2022-11-11,844.1110696333851,851.784818795448,841.2708146861895,847.7984619140625,19329819,0.008296873874857447,0.008262644020336525,16387790817.277222
2022-11-14,847.5990565083702,850.9874838869297,844.459776412735,848.0973510742188,6985306,0.00035254741967971626,0.0003524852894402963,5924219515.042847
2022-11-15,848.3466503204905,856.9172940575455,844.3104757795168,855.721435546875,7124767,0.00898963363462868,0.00894946741842613,6096815845.177002
2022-11-16,855.07359067231,858.6612877009816,847.6988057692853,852.4824829101562,6521854,-0.0037850549281248647,-0.003792236375705821,5559766291.097534
2022-11-17,852.4824505087997,858.4619858806352,849.7916474260779,855.2728881835938,4909607,0.0032732699256314834,0.003267924439265338,4199053758.736389
2022-11-18,856.3691658483367,862.846996241784,852.0838440611451,856.26953125,7065304,0.0011652924817047161,0.0011646140554129806,6049804544.21875
2022-11-21,857.0666884416369,867.9793520470738,856.0700992690303,867.0823974609375,7209207,0.012627876873246402,0.012548810170033932,6250976489.352173
2022-11-22,871.9657087375,874.0087043759482,865.3881837021112,867.0823974609375,5535233,0.0,0.0,4799503100.144897
2022-11-23,870.9194155283196,874.8060773107314,865.786956291167,871.7166748046875,5861417,0.005344679303051825,0.005330447192813728,5109494936.883667
2022-11-24,875.0052938819715,877.7957314009379,870.1219826035483,875.5534057617188,4928778,0.004401350883749933,0.004391693266288401,4315408364.143433
2022-11-25,879.9883079947771,888.7582812318203,877.8954948999872,884.7221069335938,7614047,0.010471892532812888,0.01041744206925299,6736315704.131409
2022-11-28,884.6722734429534,896.4320142155716,882.2804349552773,888.6586303710938,7928147,0.004449446223451892,0.004439576702709272,7045416254.400696
2022-11-29,891.3494639431874,898.8238834390427,886.964446841493,889.5057373046875,5661158,0.0009532422289535436,0.0009527881821015262,5035632520.78833
2022-11-30,891.9473428289702,902.0128695178131,882.4299280401573,898.176025390625,10452798,0.009747309907420565,0.00970011134040198,9388452561.851074
2022-12-01,906.3979043571615,906.3979043571615,896.432012060766,900.7671508789062,7053100,0.0028848749187602163,0.0028807216529626303,6353200791.864014
2022-12-02,895.2361321565979,903.9064710008336,888.3597026661215,902.0628051757812,7988851,0.0014383898165144515,0.0014373563248062566,7206445343.191345
2022-12-05,903.9064405460773,904.205405152637,894.5384773606733,896.133056640625,5098164,-0.006573542885410011,-0.0065952437718610375,4568633288.575195
2022-12-06,894.438815942964,903.8067788474197,892.6449675304239,901.564453125,5351099,0.0060609263815532,0.006042632847214816,4824360643.552734
2022-12-07,899.7207159776931,914.8688839558654,896.780765677581,911.5303344726562,9103656,0.01105398655982115,0.010993337781612055,8298258598.604004
2022-12-08,912.5270008309415,940.7304653596467,910.633456863442,936.1461181640625,17466047,0.027004897983616827,0.026646700149865282,16350772098.72107
2022-12-09,940.7802378141974,941.7768270491702,924.4361500298539,930.515380859375,8018981,-0.006014806017387908,-0.006032967826226701,7461785159.319092
2022-12-12,926.7283912065303,937.9400205509244,918.8553116027852,935.4485473632812,7621788,0.005301542140389248,0.005287538438196293,7129790512.910889
2022-12-13,936.9932176587412,946.0621554317456,933.4054598907215,941.378173828125,8136559,0.006338805572532413,0.006318799841607623,7659579052.664795
2022-12-14,942.424645030725,946.9092966387719,935.2990075893691,939.1857299804688,8573479,-0.0023289724667618916,-0.002331688741376091,8052089133.087219
2022-12-15,936.5447137238829,941.7269898013448,929.4190765140005,934.9501953125,7359261,-0.004509794530264899,-0.004519994331174319,6880542509.305664
2022-12-16,929.070328463923,941.9761714189226,925.9310479951191,931.9105834960938,6926928,-0.003251094904996865,-0.0032563911963167215,6455277514.31543
2022-12-19,931.9106009402516,944.8662614348763,929.2198585760303,942.9727783203125,4842336,0.011870446607354257,0.011800545483965558,4566191031.480469
2022-12-20,940.5310847439807,949.5003878037909,937.2423524541128,946.5106201171875,9511818,0.003751796317150058,0.003744775883360115,9003036753.621826
2022-12-21,949.8492231848704,955.6294896993481,924.8348564626333,929.1201782226562,8368960,-0.01837321370190026,-0.018544097553010026,7775769606.738281
2022-12-22,932.8075406279887,932.8075406279887,909.8361705161678,916.4136352539062,9202717,-0.013675887432621159,-0.013770263822921574,8433495340.182922
2022-12-23,908.8894189164826,914.1215126109031,900.9167047154608,903.5078125,6371695,-0.01408296674932219,-0.014183072696060752,5756876211.3671875
2022-12-26,904.9030605709675,929.7679751165904,902.0129273462807,925.532470703125,4764440,0.024376832052157793,0.024084458972840075,4409643924.716797
2022-12-27,929.269655124141,934.601383262467,919.4532145492958,929.0205078125,3346083,0.003768681510142091,0.0037615978218448532,3108579727.8427734
2022-12-28,927.7747642872207,934.2525943412428,918.1576537993037,921.5460815429688,5956496,-0.00804549114543307,-0.008078030758284067,5489185548.526367
2022-12-29,919.6525036318719,940.7802068840708,912.676379216418,931.3624267578125,12204113,0.010652039449191797,0.01059570616677353,11366452300.106567
2022-12-30,938.039604707894,940.2819304561998,927.1767578630881,930.565185546875,3704449,-0.0008559946032102861,-0.0008563611757950137,3447231271.0339355
2023-01-02,929.0703424360158,941.7768555666773,928.621865101302,938.388427734375,3498198,0.008406979230479728,0.008371837400973093,3282668521.123535
2023-01-03,941.5277530309381,962.306615866797,939.3850616781634,959.0178833007812,6927819,0.02198391940554245,0.021745757220878226,6643902313.270935
2023-01-04,960.2138014099825,966.6916319332465,951.7427922641757,954.1844482421875,9059392,-0.005039984282626531,-0.005052727839661292,8644330956.929688
2023-01-05,956.7255870781203,958.6191308000023,935.0497729958817,946.3112182617188,6998980,-0.008251266298641702,-0.008285496421022592,6623213290.389404
2023-01-06,943.3215570212211,947.7065741198771,931.1133385197832,936.6942749023438,5787783,-0.010162558758460394,-0.010214550102044752,5421383200.477112
2023-01-09,943.5707263042906,956.7257170795307,938.1393025158903,955.47998046875,7025747,0.020055322285774446,0.019856863360450776,6712960606.338379
2023-01-10,960.7120857362673,960.7120857362673,939.5345630994461,948.9025268554688,7140150,-0.00688392613946176,-0.006907729663039083,6775306377.127075
2023-01-11,949.7495351110077,952.4901554903943,939.5843128111604,946.5106201171875,7100355,-0.0025207085771050686,-0.0025238909119210634,6720561414.102173
2023-01-12,946.1119894438225,946.4608321809351,920.8484760391259,932.3590698242188,8661375,-0.014951285270541015,-0.01506418245485346,8075511538.398743
2023-01-13,932.3092383369376,934.2525995293321,919.8518727792554,930.9638671875,9083608,-0.001496422013658072,-0.0014975427713033657,8456510831.6953125
2023-01-16,937.242334692892,938.5378885004728,908.5903949059118,910.0354614257812,10008273,-0.022480363093945632,-0.022736898417946114,9107883337.630188
2023-01-17,911.829325913297,916.5631247441648,903.6074647860002,914.5699462890625,6904960,0.00498275622817701,0.004970383381925795,6315068896.328125
2023-01-18,918.7555757556836,922.4429070054517,910.13505514566,920.848388671875,5730939,0.006864912200852169,0.006841455979832906,5277325943.726807
2023-01-19,920.4498289107772,934.8007387836647,917.6095738113638,925.532470703125,7721730,0.005086702750282113,0.005073809183191975,7146711845.002441
2023-01-20,928.0737843424014,931.6614814866497,921.4963193022849,927.3761596679688,4511360,0.0019920305588447818,0.001990049096956492,4183727711.6796875
2023-01-23,932.8075924147312,936.494985020229,921.2969980711642,929.5188598632812,5236124,0.0023104973887615454,0.002307832294010016,4867076010.582764
2023-01-24,931.8109205049624,931.8109205049624,900.667507386481,907.0955200195312,18527897,-0.024123598575555683,-0.02441933847308919,16806572364.083313
2023-01-25,901.9132748783845,904.3549307161034,881.184230560388,889.306396484375,11921748,-0.01961108079860563,-0.019805929716210438,10602086753.674805
2023-01-27,889.3063717030234,889.4558844177508,848.0974315288581,870.7698364257812,17300736,-0.020843839796804375,-0.02106413926064628,15064959056.765625
2023-01-30,848.9943755841525,882.4797488377172,843.2639876046868,868.8762817382812,21233998,-0.0021745754254332006,-0.0021769432478687427,18449717228.6781
2023-01-31,870.0224465966877,876.3009469325044,858.163009763603,868.627197265625,16856151,-0.00028667426869788404,-0.00028671536762090756,14641711199.816162
2023-02-01,873.3111233597779,892.1466839925503,830.4577867997157,854.3261108398438,12409819,-0.016464009497745402,-0.016601047514236415,10602032402.496399
2023-02-02,848.0476635998052,869.0258558679175,834.1950482179066,865.4879760742188,9567053,0.013065110726163232,0.012980498350210761,8280169337.964783
2023-02-03,870.0224280347356,881.9814992104708,856.3193256458724,879.5896606445312,7365732,0.016293333888099282,0.016162021943082295,6478821710.278564
2023-02-06,868.8763137991926,896.083249001981,867.6305772359507,879.6395263671875,10129098,5.669202912161886e-05,5.6690422189269114e-05,8909954967.246826
2023-02-07,883.8251289861092,885.3698909449143,868.5275087282845,876.1015625,5055187,-0.004022061038797209,-0.004030171280192253,4428857229.4296875
2023-02-08,879.0913466949038,883.4265463970343,865.2886100136724,868.7766723632812,6572818,-0.008360777391854923,-0.008395924734329763,5710310950.089478
2023-02-09,873.1617312210834,873.1617312210834,859.6080803738031,864.7405395507812,5993312,-0.004645765639080479,-0.004656590748560466,5182659852.576172
2023-02-10,869.0756082290804,869.7234155462331,862.1991791777392,864.2919921875,4603464,-0.0005187074535840663,-0.0005188420288340705,3978737071.5234375
2023-02-13,864.291964903683,867.4810624397231,853.5786312366728,856.1697387695312,5707194,-0.009397580321682142,-0.009442016191857324,4886326796.087036
2023-02-14,859.6080463082112,868.9261923015049,851.3363676900806,867.7800903320312,7527755,0.013560805803748854,0.013469680969881733,6532435913.8974
2023-02-15,869.0258323587835,869.2251623756382,858.6612797521524,865.3384399414062,7322266,-0.0028136741299178425,-0.0028176399517395733,6336238237.276001
2023-02-16,869.8230682498253,871.3179520956351,859.3090640330253,861.800537109375,5843235,-0.004088461425879597,-0.004096842034625019,5035703061.456299
2023-02-17,858.0633006446494,865.2885723399731,847.1008194517445,851.984130859375,8420479,-0.011390578013476205,-0.01145594751892276,7174114482.234619
2023-02-20,856.767781292412,858.2626651515379,839.6264342090392,843.8619384765625,5992322,-0.00953326721545844,-0.009578999692730869,5056692458.895752
2023-02-21,846.1043329140429,846.1043329140429,834.543921129639,841.1712036132812,9677064,-0.0031885960731193874,-0.0031936904777930693,8140067572.322754
2023-02-22,837.1349722556811,840.1247400137371,826.7206023997231,830.5076293945312,6984037,-0.012677055720576536,-0.012758095214706042,5800296012.473694
2023-02-23,830.2086466297461,845.3568151047107,827.3683916524938,841.4700927734375,8437003,0.013199714236097115,0.013113357104381147,7099485697.1397705
2023-02-24,847.2004790909477,851.6851306206476,841.5697864442899,848.49609375,7763814,0.008349674025140086,0.008315008328152079,6587565851.6015625
2023-02-27,848.9445619324921,855.5220877394029,843.0647216206131,851.43603515625,8064267,0.003464885021752684,0.0034588961375221815,6866207520.921387
2023-02-28,853.0305661731592,854.6749019114627,837.1349557410143,841.220947265625,13012372,-0.011997481277322697,-0.012070031923068021,10946279900.012695
2023-03-01,843.1643274732452,865.786915739105,842.1677382177182,862.19921875,12345125,0.02493788528752705,0.024632011034648512,10643957130.371094
2023-03-02,863.0462409614079,863.8435001502493,840.6229841234959,842.5663452148438,13900508,-0.022770692791417302,-0.023033949044811177,11712100222.189697
2023-03-03,846.8516882252868,855.6714784761886,842.7158186386732,849.7418212890625,7977804,0.008516214912891007,0.008480156530660607,6779073700.847168
2023-03-06,854.0271909606967,860.8039858619996,852.6817589439127,856.5684814453125,10781567,0.008033805074927347,0.008001705867513509,9235150472.790894
2023-03-08,855.5718330502939,859.5581898728927,850.1404097141072,858.0134887695312,8785735,0.001686972326813363,0.0016855509872801013,7538279138.754578
2023-03-09,859.5582986678539,871.2682233163725,859.0600040019596,864.8402099609375,14746065,0.007956426420750562,0.007924940957638548,12752989950.697632
2023-03-10,856.6680731334445,858.66125158264,842.6161893974077,848.994384765625,11198583,-0.018322257698943245,-0.01849218914835228,9507534084.331787
2023-03-13,842.7157930695566,854.0769341439188,825.6243249909841,829.510986328125,8315798,-0.02294879540679018,-0.02321621828895541,6898045801.085449
2023-03-14,825.1759048131482,832.8496542576039,814.6120830195212,830.0093383789062,12573734,0.0006007781198742457,0.0006005977249475197,10436316638.292358
2023-03-15,835.1916297325484,840.623053446592,816.5553981250047,821.2393798828125,6652641,-0.010566096175763984,-0.010622313720611731,5463410769.422974
2023-03-16,818.6980428258025,835.0421303365613,811.5225882887138,827.7171630859375,8791383,0.007887813665303556,0.007856867488360413,7276778596.361938
2023-03-17,832.1521065437354,838.6299373132375,820.1930343538853,834.5439453125,7762461,0.00824772341449398,0.008213896811433466,6478114828.274414
2023-03-20,833.1485971970394,838.1315433525241,822.7342275666805,834.6932983398438,10744023,0.0001789636461717592,0.00017894763408879232,8967963995.309143
2023-03-21,837.234568942929,854.4257327733916,835.88919784351,852.6817016601562,11489951,0.02155091379802654,0.02132197622438069,9797270970.671814
2023-03-22,852.6816710708521,856.8673577578542,844.1608458172617,846.7520141601562,8018924,-0.006954162952547249,-0.006978455833679077,6790040048.397217
2023-03-23,844.1110588183182,858.2128204363339,842.2175149931294,845.9049072265625,9857892,-0.0010004191539290108,-0.001000919907174068,8338839217.709473
2023-03-24,843.3636567920377,849.5923396339286,834.3943534997146,837.0353393554688,8078718,-0.010485301356359389,-0.010540659432724992,6762172462.687134
2023-03-27,838.1813788056045,839.327480776985,826.3718204920756,830.5076293945312,10602508,-0.007798607363416643,-0.007829175531630768,8805463784.716553
2023-03-28,834.5438466338419,834.5438466338419,823.2325223622307,829.6107177734375,11002402,-0.0010799559081083876,-0.0010805394806830508,9127710620.451904
2023-03-29,829.6605471665011,845.5561578031353,827.169074051887,839.72607421875,17121194,0.012192895087542732,0.012119160495930805,14377113023.557617
2023-03-31,851.9842023262293,857.9637380239396,844.6094173015935,855.5718994140625,12946752,0.01887023123588838,0.01869439700036906,11076877199.882812
2023-04-03,861.0530717852805,863.8435093895595,853.5288354645894,861.6510009765625,13266882,0.007105307650547177,0.007080183889974938,11431422155.13794
2023-04-05,868.029312550502,868.029312550502,854.0770618321243,857.5651245117188,11890015,-0.004741915764286175,-0.004753194315595816,10196462193.921204
2023-04-06,858.8605688388478,860.3056353584511,846.1042391188242,849.044189453125,19677316,-0.009936195881852572,-0.009985889326034184,16706910813.833008
2023-04-10,851.8843790410479,852.033891741843,841.0714112747503,844.4597778320312,15656078,-0.005399497079235149,-0.005414127050344951,13220928149.600952
2023-04-11,845.3567632254344,852.7813647053354,841.1710765471636,850.3895263671875,23930907,0.007021943129582375,0.006997404094428141,20350592669.267212
2023-04-12,851.9842442917326,853.7282756228025,843.7623823024031,848.1473388671875,13480335,-0.0026366593548940997,-0.002640141463273487,11433310257.288208
2023-04-13,850.7383996311652,864.740465803461,842.1178786725427,861.40185546875,23934570,0.015627610904569655,0.015506757269467961,20617283007.84668
2023-04-17,878.9916903092154,878.9916903092154,858.0633167304246,861.6011962890625,22577380,0.0002314144310775479,0.00023138765888832674,19452697617.072754
2023-04-18,862.3985130417266,869.0258561146786,854.1766514443113,860.4053344726562,17238709,-0.0013879528273136321,-0.0013889169260246678,14832277183.02179
2023-04-19,862.0496470038056,871.5172442830382,859.6079913295556,870.4210205078125,23494247,0.01164066008644049,0.011573428843842984,20449886449.802612
2023-04-20,871.8162791734077,872.61353842213,861.2026399691414,865.7869262695312,19444753,-0.005323968664701639,-0.005338191489582859,16835012931.940247
2023-04-21,867.8299061208056,870.8694911657597,854.5752812705765,861.25244140625,15520786,-0.0052374143402919016,-0.005251177671991354,13367314835.043945
2023-04-24,865.0394958965046,881.3835844354804,857.5650762891039,879.2907104492188,18201632,0.020944229793434133,0.020727914569607143,16004525932.615234
2023-04-25,881.9815301851463,892.7446824559073,871.4177079397109,875.3541870117188,36394389,-0.0044769305426743955,-0.004486982007241228,31857980794.88324
2023-04-26,874.4073971216748,886.4162849359124,872.2148886944374,884.6224365234375,19468723,0.010587999291302497,0.010532338969722917,17222469176.259888
2023-04-27,884.9712636188237,886.9644421404878,874.5070763800876,878.393798828125,15992383,-0.0070410125700530735,-0.00706591747172826,14047610055.684326
2023-04-28,882.0811388147605,887.0142678681588,850.7384549253036,857.0667724609375,23004117,-0.024279573006594668,-0.02457918135569679,19716064310.503784
2023-05-02,867.0326735942426,873.4108693169933,861.3022852342807,867.6804809570312,12947953,0.012383759162215568,0.012307707642157776,11234686086.449036
2023-05-03,860.9036546195193,863.8934225616979,851.1370915071329,856.9172973632812,15103015,-0.01240454733046259,-0.012482125947049779,12942034795.837097
2023-05-04,857.0668024648066,864.1924403277204,854.5753292018276,862.9965209960938,9756391,0.007094294457024253,0.007069248336704537,8419731490.4776
2023-05-05,864.1924205161839,881.9815148752476,859.8074033430732,862.3486938476562,14343308,-0.0007506717960922282,-0.0007509536912476093,12368932919.254639
2023-05-08,862.348624053753,878.3937466970889,862.348624053753,875.4537963867188,7007882,0.015196987752819302,0.015082670267085775,6135076901.530151
2023-05-09,879.1910451750226,887.1637591447313,876.9985366679567,885.2203979492188,12117151,0.011156044559758493,0.011094274873658315,10726349230.230774
2023-05-10,888.9576202448786,889.4559148750607,874.5568932672195,886.8648071289062,11893027,0.0018576268503267546,0.0018559035953490002,10547507096.533875
2023-05-11,887.9610360069609,896.9303394009706,885.9678574749587,892.8941650390625,13816121,0.006798508478057075,0.0067755028298305325,12336333824.373657
2023-05-12,892.1467505831944,910.4839571465301,890.9508312617417,907.5440673828125,10533272,0.016407210302588515,0.01627406640032792,9559408513.729492
2023-05-15,907.5440543286596,916.3638451469153,906.0491704050921,912.6764526367188,7339579,0.005655246327274321,0.0056393154555454145,6698660925.566956
2023-05-16,913.0750982034878,919.3535984175281,908.8894111184669,914.6696166992188,12567615,0.0021838670831724194,0.0021814859115985696,11495215594.873352
2023-05-17,914.5699426495011,915.7658618831991,908.141929991981,911.6798095703125,10248327,-0.003268729029937134,-0.0032740829949635857,9343192807.774292
2023-05-18,916.8621724498372,926.3297709696997,909.4873871667294,911.5802612304688,13614127,-0.00010919221726612971,-0.0001091981791702851,12410369447.084778
2023-05-19,917.759095682249,923.8382659819738,905.8498415767397,920.8983154296875,8393002,0.010221869203970169,0.010169979207880337,7729101403.197998
2023-05-22,919.8518948703927,924.5856938959987,911.2812514916671,914.4204711914062,9383158,-0.007034266574001413,-0.007059123663301545,8580151759.623413
2023-05-23,914.4203958844097,919.3535245228545,909.2879980702513,913.0252075195312,8273445,-0.0015258447462982438,-0.0015270100329082944,7553863838.026428
2023-05-24,908.0422990139986,917.7091658596611,907.0955270824292,914.5699462890625,6248545,0.0016918906036864634,0.0016904609690754726,5714731465.03479
2023-05-25,913.5733086861229,920.3999202025748,909.3378046933083,917.908447265625,8149350,0.00365035062666208,0.003643704266266565,7480357204.724121
2023-05-26,914.8689054147029,924.7351630391825,911.879137749949,923.7883911132812,4908462,0.006405806445263895,0.006385376467729167,4534380213.820679
2023-05-29,927.8245202474517,934.5016798732743,924.884570021122,926.6286010742188,7133871,0.003074524413014812,0.0030698077280674656,6610448904.973938
2023-05-30,927.6252815270212,936.4949503720625,924.8846610310455,934.2526245117188,7804403,0.008227701399095233,0.008194038384047716,7291283985.497131
2023-05-31,934.152934014655,936.6942853313651,907.0955716533429,911.7296752929688,34757004,-0.02410798602842723,-0.024403340112827153,31688991971.076416
2023-06-01,918.8553145613342,927.7748007672122,912.9255961902546,916.5631713867188,11817533,0.005301457465664683,0.005287454210007454,10831515524.447205
2023-06-02,919.5030999135525,927.3263012298903,917.1112613721726,922.9412841796875,11616991,0.006958726896389322,0.006934626696258774,10721800591.843872
2023-06-05,924.436172287596,950.64651846003,924.436172287596,947.6068725585938,14520005,0.02672498110302768,0.02637410648000354,13759256527.585144
2023-06-06,947.8559327842277,967.4389342544459,947.8559327842277,964.8976440429688,14457988,0.018246777208030363,0.018082302511207137,13950478558.801514
2023-06-07,969.6315520034975,977.9032308609246,964.7980574999955,973.4185791015625,15795824,0.008830921197911401,0.008792156663845427,15375948553.81836
2023-06-08,969.7311457656283,971.5249942284382,956.6260337835334,958.8184814453125,10209982,-0.014998786718993462,-0.015112406053439739,9789519436.823975
2023-06-09,963.7018480048971,978.3517228028397,960.0144554489956,971.4254150390625,12947464,0.013148404872991737,0.013062714904620423,12577495589.90332
2023-06-12,969.6813999968548,974.5647119535321,965.2963826958801,970.8773193359375,7465375,-0.0005642179982525697,-0.0005643772291241117,7247963267.837524
2023-06-13,970.9768941207329,986.3243929017011,970.9768941207329,982.4874877929688,15233785,0.011958429995019726,0.011887492941567412,14967003154.22821
2023-06-14,982.6370353482635,984.8295439414147,972.6711424948328,974.3653564453125,8644423,-0.008266905633476873,-0.00830126599815124,8422826297.659058
2023-06-15,984.9789505278337,985.6267578642999,968.8840708061163,973.8171997070312,15978311,-0.0005625782306968308,-0.0005627365372056392,15559954074.068054
2023-06-16,979.447884977415,982.0888707728268,973.8670096093874,978.2021484375,8860900,0.004502845843950887,0.004492738363862128,8667751417.089844
2023-06-19,980.4943212217917,982.6370124661768,957.7222809127747,962.3564453125,11025846,-0.016198802211087604,-0.016331437109021997,10610793963.123047
2023-06-20,962.6554768953591,973.6677768426657,955.2806915117136,971.5250854492188,7596593,0.009527280854591647,0.00948218253101038,7380280663.447937
2023-06-21,974.9632356100433,974.9632356100433,959.864945208758,962.7052001953125,7805855,-0.009078391681289544,-0.009119851394818794,7514737200.470581
2023-06-22,958.9182053403447,970.1298345995613,955.4301429041441,963.3031616210938,10135883,0.0006211262031823317,0.0006209333841413663,9763928139.721497
2023-06-23,956.7256830250307,962.2069239173616,951.2942594299611,955.1311645507812,6188008,-0.008483307639684523,-0.008519495702260911,5910359287.289551
2023-06-26,956.2273971509471,960.2137542000391,949.8492015416074,957.2738037109375,5799528,0.0022432931095530684,0.00224078068426803,5551736228.288086
2023-06-27,963.7018588301519,972.6711625834831,957.5229929680157,969.9305419921875,6921886,0.013221649053996032,0.013135005926582823,6713748639.588135
2023-06-28,975.6608456357774,980.6437917319764,963.7017750048997,974.8635864257812,10010996,0.005085977005592213,0.005073087111205614,9759355464.25415
2023-06-30,973.7672963918446,986.4738088667332,972.6710725875475,984.08203125,7096350,0.009456138225469202,0.00941170881787379,6983390522.4609375
2023-07-03,986.6233232732941,986.6233232732941,974.6642526881633,978.750244140625,5562743,-0.005418031160067449,-0.005432761922807336,5444536069.341553
2023-07-04,978.7503024276746,981.4909229333113,965.695007258889,967.3892211914062,7396806,-0.011607683387291567,-0.011675578458490786,7155590395.643921
2023-07-05,965.6949642870135,972.1727942848107,958.8184742662522,963.2034912109375,8200047,-0.004326831319573454,-0.004336219143681756,7898313898.493774
2023-07-06,957.7222801183558,982.7366462464298,957.7222801183558,977.604248046875,10221727,0.014950897673588148,0.014840234647293678,9992803737.57544
2023-07-07,973.913125545509,987.0815405475973,969.4737654458773,974.362060546875,6236524,-0.003316462163986622,-0.003321973814122494,6076632375.290039
2023-07-10,974.3619913680536,983.6397168850006,958.1010224249453,961.7422485351562,7138850,-0.01295187130401576,-0.013036478127599773,6865733650.9552
2023-07-11,965.583097735668,969.4238573789243,948.324461185316,950.9182739257812,10616390,-0.011254548321924296,-0.01131835998359644,10095319254.122925
2023-07-12,954.4098648389429,955.2578057543188,944.7330725097656,947.7258911132812,10141257,-0.003357157917809883,-0.0033628058165872236,9611131827.333801
2023-07-13,954.0108031066665,963.6875954876132,949.8707738830849,957.8516235351562,13079930,0.010684241632335834,0.010627568438725163,12528632186.226196
2023-07-14,962.1414051907159,964.6852890699142,945.4813678552339,954.7590942382812,5383514,-0.003228609965144069,-0.0032338331717922863,5139958950.459106
2023-07-17,957.7019783905746,966.580698170858,948.1748510958538,962.5403442382812,8472444,0.008149961646825687,0.008116930058823928,8155069164.299561
2023-07-18,961.6923384840633,977.604168917911,949.0227280710383,961.3432006835938,14457717,-0.0012437333789212524,-0.0012445074571780508,13898827935.357605
2023-07-19,961.6923685039854,967.578269388831,954.2103220685292,961.9916381835938,7574544,0.0006745119740161343,0.0006742845930562969,7286647991.053711
2023-07-20,961.5927162025512,977.554416658564,955.307747936752,975.5592041015625,15329753,0.014103621465553218,0.014005090742299066,14955081635.75354
2023-07-21,969.2741842405901,982.6421320165374,965.6828261847799,968.9749145507812,6230317,-0.006749246507130269,-0.006772125674205545,6037020882.69928
2023-07-24,971.1197216171681,982.5921923743232,966.4808286510473,969.1743774414062,9167788,0.00020584938539669473,0.00020582820131906368,8885185227.414795
2023-07-25,975.3097424302705,975.3097424302705,951.5167976207896,960.1959838867188,13448045,-0.0092639609173224,-0.009307138272366613,12912758800.127869
2023-07-26,964.5354766047415,977.6540217625826,960.9939869690231,974.461669921875,8298226,0.014857056553612136,0.014747771594473887,8086303165.349121
2023-07-27,986.9817512300871,987.6302196693305,953.4622044939016,957.602294921875,17858061,-0.017301219247907063,-0.017452634326754177,17100920196.454834
2023-07-28,957.6022192953338,967.4286160462416,939.9445773118847,947.676025390625,8504392,-0.010365753699514535,-0.010419852297622158,8059408408.923828
2023-07-31,952.4146499294641,956.3052775703625,946.0299459031511,951.6165771484375,6601991,0.004158121185125818,0.004149500089342021,6282564077.78479
2023-08-01,953.7116060645252,961.6924563244794,949.7211809345481,957.602294921875,8409096,0.006290052020083481,0.006270352208280151,8052569627.818359
2023-08-02,949.2222822906164,956.6045923939507,934.3579258213549,942.9872436523438,9324465,-0.015262130580758093,-0.0153797956439155,8792851548.882751
2023-08-03,941.8400068329499,944.3340223800016,924.9306301351812,933.3104858398438,17076611,-0.010261811999725867,-0.010314827393684937,15937780108.90802
2023-08-04,944.7330873809358,952.5642718277866,932.412674958146,949.9705200195312,12376086,0.017850473590999894,0.01769302481646097,11756916853.22644
2023-08-07,949.9705068423926,952.7139239007455,942.2889269011943,945.1321411132812,10922609,-0.005093188477207189,-0.005106202970624833,10323308830.713196
2023-08-08,947.7259360784058,957.6022622942126,941.7901667219988,950.6190185546875,11512735,0.005805407733719958,0.005788621291005257,10944224846.5802
2023-08-09,949.721103515625,951.0179793993384,942.0395235887916,947.7258911132812,7701831,-0.0030434142226660743,-0.003048054825641329,7299224647.678894
2023-08-10,945.7307399740623,949.671296901765,935.0563407522403,937.50048828125,13590891,-0.01078940960452146,-0.010848037371685002,12741466948.677246
2023-08-11,935.2558126509883,943.436195670119,930.7665847502635,934.95654296875,9558237,-0.002713540253364455,-0.0027172285775060984,8936536222.395996
2023-08-14,932.7617883498599,941.0419075552627,926.6764149419139,937.699951171875,7172522,0.002934262799438647,0.002929966253096015,6725673529.179199
2023-08-16,933.7094884411482,937.7497811715781,929.0705954871806,930.81640625,7394623,-0.007340882244125546,-0.007367959113642225,6883036406.433594
2023-08-17,933.7095050884316,940.7426163948037,929.4198107439744,934.3080444335938,9336994,0.0037511566836907484,0.0037441386405024112,8723628605.028198
2023-08-18,932.6121582533107,943.6856239218536,928.821266763245,940.7925415039062,6648744,0.006940427312967845,0.0069164534094944075,6255088765.568848
2023-08-21,941.9398460694051,951.9657768386505,941.690444503558,950.3197021484375,6822155,0.010126739131351536,0.0100758072691402,6483228307.610474
2023-08-22,951.5667419104972,956.8041749690464,946.3792378780363,954.7590942382812,10860061,0.004671472221198236,0.0046605947575330065,10368742003.732483
2023-08-23,959.697176619942,978.1030234221159,956.1058186098329,976.9058837890625,12677151,0.023196206964072097,0.022931264242857127,12384383401.582397
2023-08-24,982.442608181207,991.8699992810248,976.7562404631382,979.0008544921875,11899556,0.002144495941614588,0.0021421997923286923,11649675492.077637
2023-08-25,971.6684508890794,985.834471283137,968.4760988315514,980.7466430664062,6228241,0.0017832349851465423,0.0017816469093017335,6108326452.958557
2023-08-28,977.7537919349728,990.1241329133894,977.7537919349728,987.8296508789062,8451441,0.007222056646917663,0.007196102482524005,8348584012.453674
2023-08-29,987.8296759355306,988.6277487213704,975.1600649597776,978.3524169921875,8114141,-0.009593996169568797,-0.009640315044299753,7938489459.165405
2023-08-30,980.6469559137907,995.611049849403,977.6541371266683,980.99609375,9023083,0.002702172256026314,0.0026985279521241005,8851609176.582031
2023-08-31,979.4497973749469,992.3189422675721,966.2813827871787,971.169677734375,21558300,-0.010016773846735827,-0.010067279276571561,20936767263.500977
2023-09-01,971.9178357296834,990.6229518907627,966.6804032045811,988.7774047851562,10946742,0.018130433285209246,0.01796803691999133,10823891145.61267
2023-09-04,991.3712145930849,992.1692874182171,977.6541286050045,979.8987426757812,6727188,-0.008979434669933783,-0.00901999276851406,6591963062.9436035
2023-09-05,983.091071894129,983.8392765669051,975.5591570326598,979.1006469726562,10548660,-0.0008144675244154964,-0.0008147993832940818,10328199830.69458
2023-09-06,979.1006965615071,980.7966394168384,959.4977087863123,962.7399291992188,16351052,-0.016709944809069732,-0.016851130955163617,15741810644.812744
2023-09-07,962.7399127474505,977.4546051391893,960.7945683551385,975.8584594726562,8686550,0.013626245131796999,0.013534242676746105,8476843301.132202
2023-09-08,975.8583595215849,984.9365512371457,970.1719922222669,977.9533081054688,6439351,0.00214667261678958,0.0021443718072625883,6297384612.502258
2023-09-11,979.4497974015362,1001.5966681785131,976.6565120983709,998.0053100585938,7130484,0.02050404839058273,0.020296670325628808,7116260895.287842
2023-09-12,1007.5822200063346,1007.5822200063346,995.6608142353808,998.5040283203125,8958327,0.0004997150382792803,0.0004995902222994227,8944925596.51062
2023-09-13,1000.5491956622612,1014.565551227565,991.3213378954422,1012.0216674804688,12254423,0.013537891462386709,0.013447072952428982,12401741598.471008
2023-09-14,1012.0216046985313,1019.9525860325733,1006.6345069537728,1018.4561767578125,7855558,0.006358074618464604,0.006337947330851956,8000541566.979248
2023-09-15,1018.5559813857484,1029.2802485746777,1012.1214088945802,1024.6912841796875,8986157,0.006122116556575019,0.006103452537804528,9208036756.170288
2023-09-18,1019.1047057608484,1027.4347549170495,1016.5608218682338,1022.2970581054688,6397319,-0.0023365340480430152,-0.002339268003204971,6539960393.462219
2023-09-20,1009.8767878452892,1044.9925397848435,1009.8767878452892,1024.8409423828125,13619788,0.0024884002718916776,0.002485309330539405,13958116368.974121
2023-09-21,1024.1425468245343,1031.125790539965,1009.6772562711424,1012.0216674804688,8156588,-0.012508550714746214,-0.012587441195990793,8254643788.711182
2023-09-22,1007.5823094971842,1024.7910172583984,1005.5870970031303,1015.8125610351562,7108110,0.0037458620467338832,0.003738863776422936,7220507423.2196045
2023-09-25,1012.7699017646486,1023.5440373483997,1002.7439708865614,1016.5109252929688,7123890,0.0006874932291651703,0.0006872570139531353,7241512015.585327
2023-09-26,1016.5607167837618,1018.2566594998765,1008.5798671917402,1011.7223510742188,6387615,-0.004710794640372273,-0.004721925403694944,6462492865.556946
2023-09-27,1007.5324757472272,1025.4893279174812,1001.5967061970333,1022.7459106445312,5158686,0.010895834769893087,0.010836902850752516,5276025010.799194
2023-09-28,1024.541562459703,1035.4653015857891,1022.7458225971219,1028.4322509765625,15818489,0.0055598758918016244,0.005544476833370624,16268244249.317993
2023-09-29,1028.4322190332261,1038.5080169360645,1022.0475152267032,1034.21826171875,9528626,0.005626049491051388,0.0056102823846510665,9854679018.288086
2023-10-03,1032.5224171761674,1042.1991486065783,1030.128137940139,1038.5579833984375,11589322,0.004196137160134228,0.004187357927275726,12036182885.275146
2023-10-04,1032.8715858941166,1034.5176605292681,986.4828961982525,993.1668701171875,22584212,-0.04370590184355261,-0.04468977918552788,22429891146.103027
2023-10-05,997.606229461282,1006.7842189501363,986.5328246698826,1000.8484497070312,7950412,0.007734429954290967,0.0077046725899421265,7957157524.732178
2023-10-06,1002.5942480791412,1005.5870667301236,997.0076776195943,998.553955078125,5289753,-0.0022925495159410447,-0.0022951814308822104,5282103779.536377
2023-10-09,992.4186321769971,997.3069268958444,985.8843237672277,993.8651733398438,6823214,-0.004695571745959803,-0.004706630574900448,6781354764.844849
2023-10-10,997.5064314461529,1012.5203920923382,994.1145461203287,1009.8268432617188,5728499,0.016060196443181907,0.01593259586886774,5784792061.797913
2023-10-11,1016.5607861898477,1023.1948922217821,1009.577542320045,1016.6605224609375,7396783,0.00676717918999481,0.006744384611779175,7520017269.310181
2023-10-12,1019.5535749269535,1028.5320310662319,1012.5204631289959,1016.0120849609375,4920222,-0.000637811231649299,-0.0006380147197621777,4999005012.690674
2023-10-13,1006.5846966646947,1009.0288441317307,989.8747921363165,991.6704711914062,12173162,-0.023957996297324646,-0.024249656914481638,12071765296.429321
2023-10-16,987.6301545262204,1007.0336076187124,987.6301545262204,1002.3947143554688,4646960,0.010814321365421264,0.010756264778802763,4658088141.821289
2023-10-17,1006.434974625059,1012.2710073363514,1000.6987390656211,1005.6369018554688,6105067,0.003234441935465293,0.0032292223800193033,6139480663.500061
2023-10-18,1007.582298949754,1011.672460164127,986.9817058086751,990.4733276367188,7818946,-0.015078577755820333,-0.015193415363583774,7744457463.231812
2023-10-19,977.3547899117126,996.6085770707042,977.3547899117126,989.0267944335938,4836625,-0.001460446397457682,-0.001461513888766754,4783551719.62738
2023-10-20,986.6326146083185,990.5233034704851,975.4095439163634,978.0032958984375,5664400,-0.011145803730695958,-0.011208383637827153,5539801869.287109
2023-10-23,977.6540675662923,982.5423622597436,958.7992861933225,961.9916381835938,5896695,-0.016371782980684868,-0.0165072815573575,5672571282.919006
2023-10-25,957.7019990873952,971.6684865740864,949.1226097011919,953.1629028320312,6957048,-0.00917755934784703,-0.009219932600251715,6631200066.821777
2023-10-26,953.7115163461261,972.6660339304111,950.4692962330248,969.7230834960938,17540495,0.017373924871455948,0.017224723897296363,17009422897.447815
2023-10-27,977.6540684991274,1002.3448217596922,970.970094832599,1000.349609375,13443016,0.031582754293617565,0.031094277449891714,13447715804.421875
2023-10-30,1000.3496444881126,1000.3496444881126,976.8560300115275,986.8320922851562,5270567,-0.013512792890766678,-0.013604921561754123,5201164660.139099
2023-10-31,995.6110604893629,995.6110604893629,975.6589350286542,979.4996948242188,7816805,-0.007430238151212021,-0.007457979874537677,7656558112.000427
2023-11-01,975.5091991852343,976.9557403543356,965.6828024620821,969.4736938476562,5703984,-0.010235838795602414,-0.010288585238291306,5529862438.12793
2023-11-02,975.6588829327773,985.984082951752,971.6684580537067,980.5970458984375,5193982,0.011473598635394433,0.011408276084224426,5093203405.649658
2023-11-03,983.6396958568432,989.0267935974802,979.1504680359956,986.4828491210938,4268048,0.00600226489287814,0.005984323059583817,4210356151.225586
2023-11-06,992.6181502490323,1013.7674134673241,990.7226741492185,1006.9837036132812,6552178,0.020781764741731434,0.0205687697553858,6597936469.173462
2023-11-07,1005.5870326392501,1019.7530526181287,1002.8436156355219,1018.4561767578125,6559859,0.011392908448632832,0.011328498020252513,6680928917.210327
2023-11-08,1021.548754556056,1024.4916441513978,1013.1688380732181,1019.2542724609375,7643314,0.0007836328369725809,0.0007833259570713035,7790480450.260498
2023-11-09,1022.2969496906434,1026.3871107399823,1014.2163638559787,1019.4537963867188,4407935,0.00019575480934652667,0.00019573565187390633,4493686069.975891
2023-11-10,1015.4634502996684,1028.5320681288063,1014.216442457611,1026.736328125,3294063,0.007143562331213937,0.00711816795563978,3382134149.232422
2023-11-13,1027.5843914030434,1029.3800096296538,1021.0500215960942,1022.8955688476562,5985481,-0.0037407454787906635,-0.0037477595645626157,6122521992.321838
2023-11-15,1042.4985871681224,1042.4985871681224,1029.0808310971559,1038.8572998046875,7240388,0.015604458014236045,0.015483960376204123,7521729927.218262
2023-11-16,1040.3038229538877,1041.5009017158827,1019.7032299963196,1023.8931274414062,6908825,-0.014404454169109293,-0.014509205459348916,7073898436.195374
2023-11-17,1012.4705832200053,1017.5583506174719,989.4757109972611,991.9697265625,13268353,-0.03117845019497223,-0.03167484317868352,13161804497.344727
2023-11-20,978.6516721144777,992.368757223116,978.0032037355404,986.333251953125,8215656,-0.005682103453809262,-0.005698308016795627,8103374699.408203
2023-11-21,987.5802342022703,995.1121485624521,984.288146038971,989.42578125,7061614,0.0031353797418380847,0.003130474688903325,6986942948.8359375
2023-11-22,988.6277745129754,997.5064943208318,985.6349558212106,995.7107543945312,6103988,0.006352142084463441,0.006332052260660582,6077806496.295166
2023-11-23,996.6086401662712,1000.9981320061083,993.0172820348068,996.6585083007812,3112891,0.0009518365670624362,0.0009513838578845628,3102489300.5629272
2023-11-24,999.6014966534458,1008.3305516391919,997.3070143778607,1006.0859375,6956281,0.009459036491136441,0.00941457992974965,6998616491.3984375
2023-11-28,1010.6249804344942,1019.5037002486309,1006.8340889333878,1018.7056274414062,6173384,0.012543351885788923,0.012465335759271782,6288861021.156738
2023-11-29,1024.6912979894364,1060.9542613148635,1018.7056604079704,1057.6123046875,9422396,0.038192266929762964,0.03748099584709523,9965241949.238281
2023-11-30,1060.1560664063197,1078.3125724224037,1052.9234214128103,1071.678466796875,24755589,0.013299922898997618,0.013212255383113481,26530031664.173584
2023-12-01,1072.8257553160392,1106.3453000140453,1067.6381298956398,1102.0057373046875,14428758,0.028298852172011335,0.027905837013944088,15900574098.180908
2023-12-04,1117.817750299184,1126.2974030234527,1096.4689532024638,1122.905517578125,14043213,0.018965219114516207,0.018787621287619818,15769201362.224854
2023-12-05,1134.0786977616333,1149.0925969574525,1124.4517742475557,1129.739013671875,15804808,0.006085548594051193,0.006067106425858757,17855308201.19336
2023-12-06,1132.3827752128796,1142.9573765954551,1115.2738044978198,1117.8177490234375,7342767,-0.010552228881333447,-0.010608298436518341,8207875279.543579
2023-12-07,1116.5708675318951,1126.896068531604,1105.8465996507534,1115.1741943359375,6439419,-0.00236492459509563,-0.0023677254460047073,7181073895.316528
2023-12-08,1113.178834877189,1131.634549261566,1108.8392723370227,1128.4920654296875,7300989,0.011942413267265861,0.011871665360085326,8239108156.289429
2023-12-11,1126.2974708649378,1136.6726003551878,1111.183711625699,1113.827392578125,6924589,-0.012994927745441198,-0.013080100499490798,7712796910.545166
2023-12-12,1117.319055316092,1131.1858072332268,1106.345386022809,1128.292724609375,9044111,0.012987049993238076,0.012903441367693527,10204404641.85962
2023-12-13,1147.247157541495,1148.244763765444,1108.7893888970148,1112.1812744140625,8184523,-0.014279494889848254,-0.014382427939966618,9102673220.611206
2023-12-14,1129.68928946714,1135.8743992190675,1115.2239995129569,1117.767822265625,9421193,0.005023055126068154,0.005010481671859985,10530706382.75415
2023-12-15,1116.520819325448,1125.1501373806013,1105.9462178758602,1117.6680908203125,12048410,-8.922375767661528e-05,-8.92277383528646e-05,13466123402.120361
2023-12-18,1117.0196852153413,1117.3190158058185,1104.5496069139372,1108.689697265625,7922468,-0.008033148327691642,-0.008065587908494588,8783558648.516602
2023-12-19,1121.1099101400514,1124.1525360208302,1111.532793079096,1117.568359375,6824641,0.008008248052879585,0.007976352207842095,7627002845.693359
2023-12-20,1119.3142813854565,1121.1598287059148,1100.0604308642828,1107.5924072265625,9848057,-0.008926480483052113,-0.00896656020211966,10907633159.1344
2023-12-21,1101.2576075640789,1101.2576075640789,1074.6214465620133,1092.7779541015625,10914682,-0.013375365367568559,-0.0134656212742458,11927323865.62915
2023-12-22,1092.7778035441963,1103.651734959479,1083.2008088380933,1085.69482421875,10600025,-0.006481764988236716,-0.0065028628438943414,11508392279.089355
2023-12-26,1088.5878675270494,1098.015319450631,1084.0986395000405,1091.630615234375,5687517,0.005467273936666572,0.00545238264636932,6208667681.865967
2023-12-27,1093.4263887566508,1107.8916795104105,1087.0416843441974,1103.70166015625,6132936,0.011057810905462206,0.010997120308024152,6768931644.832031
2023-12-28,1104.5994586858894,1110.3356943033596,1095.37160138822,1105.197998046875,14097667,0.0013557448943342099,0.0013548267020209548,15580713345.531494
2023-12-29,1098.8133142498616,1104.2004121539771,1091.3312676547296,1099.661376953125,8786731,-0.005009619184557335,-0.005022209392443251,9662428710.376709
2024-01-01,1092.3787776242896,1101.3572333307905,1090.383565245067,1095.072265625,4083732,-0.004173204064727876,-0.004181936183219883,4471981653.4453125
2024-01-02,1092.478603887825,1096.7184305429569,1079.709316675706,1090.633056640625,7895577,-0.004053804596942601,-0.00406204353636953,8611177277.451416
2024-01-03,1088.3883103839437,1099.9605173761283,1078.711579433656,1095.9700927734375,10225290,0.004893521336361895,0.004881586979012996,11206612029.935303
2024-01-04,1100.3597447020193,1127.2951146992582,1097.4168548394916,1120.7109375,11411683,0.0225743794376303,0.022323349015484745,12789197953.382812
2024-01-05,1121.3094411424481,1137.1714051014194,1116.32140982064,1134.2283935546875,8025466,0.012061500965486527,0.011989340723774758,9102711408.707764
2024-01-08,1142.2590280896627,1143.2566342277323,1115.822465430819,1119.3140869140625,4735538,-0.013149297553628814,-0.013236514975645453,5300554392.516846
2024-01-09,1125.848594466918,1132.8318382933232,1109.6872999732295,1113.8773193359375,6359362,-0.004857231443512133,-0.004869066130253863,7083549097.246826
2024-01-10,1112.5802260814967,1113.328430672002,1096.4190556378169,1104.3499755859375,5934163,-0.008553315149355867,-0.00859010468123146,6553392764.172974
2024-01-11,1108.390413403008,1125.2000534594813,1108.390413403008,1123.05517578125,4683035,0.01693774673684212,0.016795902544712787,5259306695.114746
2024-01-12,1123.6537280685436,1126.7462829578426,1115.3736696086848,1117.6680908203125,5616755,-0.004796812371386849,-0.004808353999323975,6277667837.455444
2024-01-15,1119.3142060402943,1127.7439300929025,1113.9271079657626,1116.8201904296875,6719079,-0.0007586334418858698,-0.0007589213498557289,7504003088.292114
2024-01-16,1113.9770559493738,1125.1003901176227,1112.4307175332362,1116.421142578125,5229753,-0.0003573071609754841,-0.0003573710103888143,5838606819.661377
2024-01-17,1079.4098979472835,1112.3309022284852,1076.6165519030933,1079.709228515625,24913719,-0.03288357113850604,-0.033436388644752804,26899572320.94507
2024-01-18,1063.4482074850514,1106.0958724662764,1063.4482074850514,1094.872802734375,11473135,0.014044127639435633,0.013946422604180525,12561623473.599854
2024-01-19,1104.4997961277145,1123.6039803798592,1102.3549183111254,1113.8773193359375,12303696,0.017357739231534497,0.01720881453665944,13704807918.404297
2024-01-23,1123.204870544225,1138.8672395300805,1076.217641808556,1086.642578125,18924087,-0.024450395692744764,-0.0247542700762186,20563718686.341797
2024-01-24,1032.322937571418,1070.6309179728953,1018.4561871284802,1056.6146240234375,20884046,-0.02763369916295355,-0.028022692799835967,22066388412.378174
2024-01-25,1055.4673016704396,1061.1536079871053,1023.3444325047508,1039.7550048828125,20835434,-0.015956261400609795,-0.016084933121618284,21663746780.405518
2024-01-29,1033.5200378202296,1065.4434366718199,1033.5200378202296,1058.7095947265625,11188604,0.01822986160656792,0.01806568989592796,11845482406.395996
2024-01-30,1057.5124900515373,1067.8874970014356,1048.2846327972588,1051.57666015625,9426983,-0.0067373854037421355,-0.006760184044636061,9913195298.489746
2024-01-31,1045.69084056198,1081.5049299098825,1040.2040060924105,1065.194091796875,12600390,0.012949537733750738,0.012866409350286,13421860982.336426
2024-02-01,1070.0824540158778,1085.0465489628818,1054.270418044167,1081.6546630859375,9756682,0.015453119216325417,0.015334935749933245,10553360581.54663
2024-02-02,1085.445457406814,1093.575850385391,1062.4505861502569,1064.4957275390625,8667415,-0.01586359873669929,-0.015990772366611956,9226426236.307983
2024-02-05,1064.4957475123178,1076.9158960271432,1055.467362664861,1058.958984375,12569454,-0.005201282655086348,-0.005214856413475761,13310536241.988281
2024-02-06,1059.0089709805732,1062.5504001265635,1045.6908300252383,1047.5364990234375,8011171,-0.01078652291552551,-0.010845119201568288,8391994022.418091
2024-02-07,1058.5102357365338,1071.1298582762204,1054.9686845853087,1066.5408935546875,7281793,0.018141987939290782,0.017979385749314188,7766330012.900269
2024-02-08,1069.4338475904046,1073.0252055587823,1029.1804617312182,1033.4202880859375,9869141,-0.03105422930232138,-0.03154663284970678,10198970535.380737
2024-02-09,1037.4605147011741,1052.374800396541,1032.073538665866,1048.8831787109375,8233454,0.014962828583169996,0.014851989737598905,8635931403.290283
2024-02-12,1048.8831580325893,1054.7191298078526,1032.8715301930304,1044.1943359375,8694379,-0.004470319353581442,-0.00448034110926137,9078621306.293945
2024-02-13,1048.4841662577705,1072.975448348298,1042.2990562337152,1068.1868896484375,8413609,0.022977096202496217,0.022717097864990408,8987306828.4281
2024-02-14,1058.7595369474293,1098.264719163139,1058.0113322775178,1094.224365234375,16609115,0.024375393330756,0.024083054487335224,18174098317.979736
2024-02-15,1094.8729108750058,1094.922839901097,1066.6905329868791,1069.6334228515625,11780823,-0.022473400487244,-0.022729775715094425,12601162029.498413
2024-02-16,1070.4314768366228,1073.424295504386,1055.467383497807,1066.191650390625,8660907,-0.0032177121501700823,-0.0032229001178244003,9234186728.209717
2024-02-19,1066.4410841180998,1067.4386903707828,1057.5623641135999,1060.405517578125,7562645,-0.005426916268177595,-0.005441695472857864,8019470485.484619
2024-02-20,1056.4650199471596,1087.8896168577692,1055.1680831094475,1085.994140625,8722800,0.02413097878377446,0.023844427406191165,9472909689.84375
2024-02-21,1091.2315386297137,1091.3312748960234,1070.5312095791621,1081.6046142578125,9177213,-0.004041942956212741,-0.004050133686068815,9926115926.826782
2024-02-22,1087.6900474726833,1108.041115761234,1078.9110645331584,1098.2646484375,14633340,0.015403072398243678,0.015285649327488845,16071280010.566406
2024-02-23,1096.3692455391695,1104.7491622173827,1087.3907894792492,1094.174560546875,6250943,-0.0037241368885395643,-0.003731088751481824,6839622810.028564
2024-02-26,1090.8325467970808,1092.1794127082399,1077.0656530908761,1082.602294921875,5354189,-0.010576251762987487,-0.010632577811323879,5796457298.845459
2024-02-27,1079.0607928334823,1085.9443001110253,1069.4837974716459,1076.467041015625,6546815,-0.005667135507682164,-0.005683254648531443,7047430571.126709
2024-02-28,1074.820952971871,1082.4027357978764,1061.502934449241,1071.6285400390625,7643191,-0.004494797139350859,-0.0045049291121873,8190661612.569702
2024-02-29,1068.436327857863,1079.7093275539755,1052.8237651913394,1072.5264892578125,13648997,0.0008379295485330118,0.0008375786815563842,14638910834.300415
2024-03-01,1073.424307411303,1099.0627389049594,1073.424307411303,1096.61865234375,4819390,0.0224630005200237,0.02221442296962535,5285032966.918945
2024-03-04,1096.6186611950195,1106.245585783101,1090.483358452908,1104.1007080078125,5895441,0.006822841876774177,0.0067996716227508094,6509160582.118286
2024-03-05,1099.5615904286128,1108.240838110355,1091.8800708025524,1098.1650390625,4851446,-0.005376021319669744,-0.005390524123894337,5327688386.099609
2024-03-06,1097.5662042835554,1129.2401985869408,1092.7278389581838,1122.306884765625,13787638,0.021983804659939654,0.021745644943564405,15473961052.056152
2024-03-07,1123.3045248335036,1124.2023947240693,1104.898740078331,1108.789306640625,6943879,-0.01204445798960141,-0.012117580211891656,7699298781.8063965
2024-03-11,1109.5874985460587,1117.3189466141475,1099.2622987075213,1102.45458984375,6751641,-0.005713183522726872,-0.0057295661836063525,7443377609.427246
2024-03-12,1102.354873198211,1118.7156395632892,1081.6545441313667,1094.3740234375,9817138,-0.007329613827808723,-0.0073566074299094755,10743620811.701172
2024-03-13,1093.3763524591507,1096.917903041949,1068.1867968938282,1077.813720703125,11503890,-0.015132214745337214,-0.015247874987309952,12399050483.459473
2024-03-14,1072.4265772880124,1078.661615528059,1053.0729942352896,1055.7166748046875,10253613,-0.020501730005832774,-0.02071480781230481,10824910221.094116
2024-03-15,1053.7215382177246,1053.7215382177246,1027.7837772769806,1043.8951416015625,17798175,-0.011197638045559954,-0.011260803573594384,18579428411.87439
2024-03-18,1041.5008827914498,1064.346089346231,1041.1018159520013,1058.809326171875,7612407,0.014287052382896404,0.014185954241829155,8060087526.216064
2024-03-19,1053.0232975285835,1058.4102737109642,1044.1943850314635,1048.28466796875,6728886,-0.009940088307662465,-0.009989820823625793,7053788026.30957
2024-03-20,1047.4865666620108,1054.9186845427982,1028.482118812757,1032.2730712890625,12619644,-0.01527409220885867,-0.015391942735158443,13026918670.45459
2024-03-21,1036.8619949851457,1048.035257657642,1025.6888540907516,1033.1209716796875,9903738,0.0008213915621824164,0.0008210544047460878,10231759425.821045
2024-03-22,1037.6101871982582,1044.7430959040469,1027.4844598840073,1030.8265380859375,9891194,-0.002220876021923779,-0.002223345824503945,10196105268.556396
2024-03-26,1026.5368035141419,1041.700369393197,1025.0403941795732,1038.0592041015625,9656767,0.007016375450572765,0.006991875223444644,10024295866.214233
2024-03-27,1043.2966609454973,1055.0185343378787,1041.7503225527066,1050.3297119140625,17027308,0.011820624261137391,0.011751306401040168,17884287506.31201
2024-03-28,1050.3297370861974,1055.8665005963223,1041.6006822230963,1044.6932373046875,10235318,-0.005366385950468233,-0.005380836721682779,10692767496.26294
2024-04-01,1049.8307749029882,1061.2035090144366,1046.3890825039073,1050.5789794921875,5484556,0.005633943034498046,0.005618131736277443,5761959245.447754
2024-04-02,1048.484189842192,1053.3225558964036,1037.7099934142068,1044.6932373046875,13617893,-0.0056023795472711635,-0.0056181317362775235,14226520723.438843
2024-04-03,1041.3013215030526,1067.7378838032855,1041.2513924855891,1060.7047119140625,11573590,0.015326484404823537,0.015210220284562002,12276161446.761475
2024-04-04,1067.4386903707828,1078.1130285632478,1056.6146868847939,1060.405517578125,17964844,-0.00028207128013757465,-0.00028211106972362275,19050019700.030273
2024-04-05,1058.5599096565631,1060.4553857835742,1045.5910291154657,1056.564697265625,9210187,-0.00362202973186343,-0.0036286051639614304,9731158439.414795
2024-04-08,1064.4458579816544,1076.8660069572647,1061.0041651652145,1073.4742431640625,4967186,0.016004269253174108,0.01587755116830234,5332146232.005127
2024-04-09,1087.390734637225,1087.390734637225,1068.7853550513448,1077.4146728515625,11385226,0.00367072588149453,0.003664005208723258,12266609546.131104
2024-04-10,1083.5998995115542,1090.3836709699126,1077.414789247489,1085.1961669921875,9064074,0.0072223762463063945,0.007196419790247676,9836298362.133545
2024-04-12,1076.9159375653167,1093.7755074001911,1068.5360207821377,1070.88037109375,18045983,-0.013191896851346474,-0.013279682819655282,19325088971.791504
2024-04-15,1060.555176997231,1068.4362907053944,1052.723992312668,1055.41748046875,8889435,-0.0144394192314935,-0.014544682164533295,9382065090.490723
2024-04-16,1047.4366747471086,1055.3177887882596,1041.8501038826091,1049.382080078125,7107881,-0.00571849576334893,-0.005734908962696953,7458882948.727783
2024-04-18,1041.650556735367,1048.8832018148605,1011.4230396229323,1021.5487670898438,17832438,-0.026523526098529482,-0.02688162097297042,18216705053.10608
2024-04-19,1012.5702521129814,1034.4676586075361,993.3164654082485,1026.636474609375,21598007,0.004980386334394016,0.004968025235417722,22173301765.068604
2024-04-22,1036.5128380286305,1055.9661588578495,1029.5295946540393,1051.427001953125,9410832,0.02414732766355554,0.023860390939789082,9894802875.644531
2024-04-23,1055.467392339939,1057.7120063595655,1046.2395347036966,1053.2227783203125,8300012,0.0017079420291201686,0.0017064851547348618,8741761698.731934
2024-04-24,1053.4720675111685,1066.3910181126873,1053.4720675111685,1060.7047119140625,5641163,0.007103847113601347,0.007078733656326287,5983608174.775269
2024-04-25,1097.3668772875997,1131.2355608344606,1083.5001260280715,1124.30224609375,46136295,0.05995781244803222,0.05822910775462349,51871140094.94385
2024-04-26,1127.2950297740094,1138.6178360271808,1120.3117862267368,1127.5943603515625,10133766,0.002928139892320436,0.002923861240997465,11426777390.722412
2024-04-29,1127.5943251009617,1161.2136049877345,1122.6062941517016,1156.4749755859375,15183242,0.025612592834687975,0.02529008561384929,17559039421.26538
2024-04-30,1157.3728950223422,1180.0684368123416,1152.3848638597049,1163.109130859375,18965164,0.005736531627133834,0.0057201403856208775,22058555416.645508
2024-05-02,1153.232837036846,1171.1897497242708,1145.2519869535458,1147.0975341796875,12302236,-0.013766203234822139,-0.013861836092447139,14111864580.496582
2024-05-03,1148.1449785153566,1160.465390499882,1131.3851459567948,1138.7674560546875,9993632,-0.007261874319132722,-0.007288370078958399,11380422889.386719
2024-05-06,1141.1617550653036,1153.232765714131,1132.931503925908,1140.912353515625,7490104,0.001883525428772348,0.0018817538189845012,8545552182.716797
2024-05-07,1143.3066598846426,1146.0500769962232,1121.3593229919986,1125.00048828125,7115509,-0.013946614904592702,-0.014044782746395942,8004951099.369629
2024-05-08,1121.9578174576657,1132.7318911613593,1115.573113534311,1125.9482421875,8175609,0.0008424475510209195,0.0008420928912569978,9205312582.362305
2024-05-09,1119.3141450674307,1131.8341514619112,1109.537555695174,1112.9793701171875,5226693,-0.01151817782060438,-0.011585025838076584,5817201482.935913
2024-05-10,1121.0100592034512,1137.2710892789437,1110.6848591958812,1117.418701171875,7242718,0.003988691231734176,0.003980757492689182,8093148540.51416
2024-05-13,1117.4187443862693,1132.6821688333848,1102.4048432815728,1129.290283203125,5513160,0.010624112536151253,0.010568073215170266,6225958017.744141
2024-05-14,1127.2452119578256,1133.3805151781019,1115.4236014278974,1120.1622314453125,5471143,-0.008082998582013556,-0.008115843123037269,6128567751.436401
2024-05-15,1122.8557159257566,1128.492093577472,1115.9222797145299,1125.3497314453125,5436338,0.004631025626802954,0.0046203354193357325,6117781508.345947
2024-05-16,1131.4350577945047,1141.2115251567798,1108.6397812515845,1136.57275390625,10750526,0.0099729196598497,0.009923518275743547,12218754941.760742
2024-05-17,1129.290204353205,1143.2566909794812,1123.4043034907972,1138.6177978515625,9909986,0.0017993075571132167,0.0017976907424114244,11283686436.059814
2024-05-21,1133.2806831688256,1143.007343961868,1126.4969120583337,1134.9267578125,8162017,-0.003241684827013147,-0.0032469504700548698,9263291491.020508
2024-05-22,1139.266264405598,1139.266264405598,1115.273786921193,1123.3045654296875,9094033,-0.010240477901158562,-0.010293272331045272,10215368787.068237
2024-05-23,1123.3046476916165,1166.8501852548218,1123.0552461268537,1162.460693359375,12818081,0.03485797987005368,0.034264199785291286,14900515326.79663
2024-05-24,1162.71004443193,1174.1825159128116,1157.8217496192385,1171.189697265625,8814997,0.007509074462573206,0.007481021708881655,10324033667.827393
2024-05-27,1176.0779834037558,1193.137025211273,1165.2040513768954,1184.1585693359375,10450046,0.01107324637553675,0.011012386845788126,12374511520.854736
2024-05-28,1185.156225137097,1189.545716993226,1176.1777688860584,1180.5672607421875,4018776,-0.0030327936534411126,-0.0030374018916956946,4744435373.856445
2024-05-29,1169.1944304571298,1183.0611805664641,1153.2327317478173,1156.9737548828125,9418064,-0.01998488916636776,-0.020187288218402284,10896452869.80664
2024-05-30,1152.434695075394,1176.9759063285162,1152.2352225359814,1165.1541748046875,7232217,0.007070531969589622,0.007045652961466165,8426647830.643433
2024-05-31,1170.192167857994,1175.1801992640383,1150.6391091019225,1159.3681640625,10057642,-0.004965875647450213,-0.004978246579924544,11660509940.33789
2024-06-03,1194.1846329485845,1239.2264585688406,1190.5433457113234,1220.9703369140625,22197339,0.053134262921024744,0.0517707301719196,27102292477.42566
2024-06-04,1221.0700975483426,1221.0700975483426,1098.9132561903107,1128.5421142578125,24135989,-0.07570062913228293,-0.07871926536973796,27238480055.763306
2024-06-05,1135.2758622111123,1190.14420353063,1108.0411640812747,1181.66455078125,21039499,0.04707173604980941,0.045997445348184895,24861630134.49756
2024-06-06,1189.246368891048,1193.0373212968939,1160.4654533547418,1168.14697265625,12006879,-0.011439437796507468,-0.011505371476834225,14025799354.899902
2024-06-07,1175.1801230289318,1192.338901241373,1163.9570530933838,1183.9591064453125,8583998,0.013536082495773094,0.013445288146707183,10163102601.80835
2024-06-10,1182.163348388672,1209.4977826564013,1182.163348388672,1197.12744140625,9995057,0.011122288674710878,0.0110608908587124,11965357013.119629
2024-06-11,1201.5668763542778,1206.455171649185,1187.6003879563225,1191.740478515625,9390212,-0.004499907615764798,-0.004510062676046879,11190695742.243164
2024-06-12,1189.2464161988912,1203.2628330753819,1181.2655659980387,1185.0565185546875,7199718,-0.00560857005483506,-0.005624357140186177,8532072747.655518
2024-06-13,1198.9231671641783,1199.122639690824,1170.6409342714535,1171.838134765625,5321148,-0.011154222251934298,-0.01121689708410211,6235524147.131836
2024-06-14,1178.1229202840107,1181.814136062482,1167.1991817811422,1178.2227783203125,4451031,0.0054484005642676525,0.005433611722616728,5244306111.209839
2024-06-18,1191.1419459865251,1191.1419459865251,1178.3227291311541,1189.0469970703125,6837181,0.009186903316731998,0.009144960408379898,8129729536.476196
2024-06-19,1190.144151337927,1240.3735972420434,1182.6621051224747,1223.713623046875,17987437,0.02915496701305953,0.02873804513689216,22011471700.597412
2024-06-20,1227.1554357869195,1238.528171503914,1217.4787037783979,1236.532958984375,8206858,0.010475764669172882,0.010421274069895065,10148050406.70459
2024-06-21,1243.0173750319368,1243.0173750319368,1220.8206361920809,1234.48779296875,29311314,-0.001653951882774507,-0.0016553211712228603,36184459328.87402
2024-06-24,1228.0532386006992,1232.7918680753971,1222.117530391002,1225.16015625,6676530,-0.007555876025568842,-0.007584566268136113,8179818538.0078125
2024-06-25,1231.494942152567,1275.688946143703,1223.065218355566,1268.4063720703125,17607952,0.035298418414684285,0.034689712129808876,22334038515.908203
2024-06-26,1278.0332427953588,1289.8548515798059,1256.1856432694901,1282.322998046875,13956370,0.010971740826126286,0.010911987942560753,17896574220.251465
2024-06-27,1306.864161814128,1306.864161814128,1276.9359749023542,1285.864501953125,22311393,0.0027617877177934513,0.002757980989400797,28689428247.82544
2024-06-28,1280.028436970885,1286.8122075565059,1258.5799045739402,1262.22119140625,7167069,-0.01838709328312793,-0.01855823701980798,9046426372.0708
2024-07-01,1269.952676787439,1269.952676787439,1253.4422456717753,1258.8792724609375,5797015,-0.0026476492139932972,-0.002651160436199322,7297742025.645142
2024-07-02,1261.9718659782138,1264.8150193443623,1235.2858996423108,1250.399658203125,9945447,-0.006735843891714888,-0.006758632077604979,12435783529.477295
2024-07-03,1256.9837894439697,1285.515301896364,1240.6230237019365,1276.9359130859375,15171347,0.021222218599248555,0.02100016349206912,19372837834.1886
2024-07-04,1284.916842281519,1289.9048735015558,1265.4635205233747,1277.8338623046875,4817380,0.000703206174677895,0.0007029590410663101,6155811291.589355
2024-07-05,1268.955094098609,1292.2991036758544,1267.8577516275716,1283.9691162109375,8593502,0.0048012923175979605,0.004789802875076346,11033791168.096924
2024-07-08,1281.9239365968008,1294.2942775390354,1276.5368388889456,1284.76708984375,4216951,0.0006214897404754893,0.0006212966957061525,5417799864.283691
2024-07-09,1280.926378651802,1291.9000470047379,1276.1378201138252,1286.3134765625,6930340,0.0012036319508605953,0.0012029081666456837,8914589739.160156
2024-07-10,1281.1258660222238,1290.9024557429561,1272.097602748689,1288.55810546875,9020489,0.00174500924319676,0.0017434884834701646,11623424216.2417
2024-07-11,1297.9356295079974,1298.2847673316003,1273.8932220304036,1293.6458740234375,7848846,0.003948419968874184,0.003940645416827092,10153627243.745361
2024-07-12,1291.7988634971857,1337.4745701900265,1291.7988634971857,1315.160888671875,11278987,0.016631301564409284,0.016494515999703696,14833682566.238525
2024-07-15,1314.5617611447028,1322.2493302322418,1302.8808095322124,1305.3267822265625,11537127,-0.007477493080898623,-0.007505589681335079,15059720863.049194
2024-07-16,1305.326795116684,1316.3089323169752,1297.5893802710243,1301.8824462890625,5433264,-0.0026386771377086005,-0.0026421645824050806,7073471027.654297
2024-07-18,1297.8890431781538,1316.4588158830534,1292.397974149323,1307.2738037109375,6787511,0.004141201409729955,0.004132650235133634,8873135322.69983
2024-07-19,1303.5297937995695,1306.874329397254,1286.1080575380593,1290.2513427734375,4496066,-0.013021343263498908,-0.013106864162910443,5801055193.697998
2024-07-22,1281.2660758669613,1290.2514616948122,1276.1244140466054,1280.41748046875,6695557,-0.0076216640732567065,-0.007650857383881784,8573108224.274902
2024-07-23,1286.4076049249054,1289.00335841064,1248.9685011727254,1261.1986083984375,8789327,-0.015009848243618618,-0.015123636076902367,11085086981.158813
2024-07-24,1260.849167335916,1265.2918921132373,1224.6580346790513,1237.237548828125,10344860,-0.01899864098386539,-0.019181434080185526,12799049229.370117
2024-07-25,1198.0513181133176,1198.0513181133176,1153.6235817332822,1173.990478515625,32979871,-0.05111958521821924,-0.05247250013346085,38718054536.673584
2024-07-26,1163.1081895407196,1181.2287406448913,1153.3740222891986,1175.4381103515625,18554648,0.0012330865219349896,0.001232326895142615,21809840383.3584
2024-07-29,1180.42997752959,1192.6600849625192,1161.760392891013,1168.1500244140625,19598573,-0.006200314481312974,-0.006219616257228111,22894073528.430786
2024-07-30,1162.2096539859588,1178.0838591746794,1158.3159626193535,1168.10009765625,18090045,-4.274002205972849e-05,-4.274093544049669e-05,21130983331.105957
2024-07-31,1155.1212221770807,1169.0984884782727,1152.126093683968,1164.2064208984375,17347076,-0.003333341693597114,-0.0033389096537391966,20195577263.013184
2024-08-01,1166.1034179061303,1173.741020317349,1163.5575098116917,1170.396484375,11190500,0.005316981048588909,0.005302895810091462,13097321858.398438
2024-08-02,1162.109875166186,1165.9037534043969,1154.2226789585948,1158.9649658203125,10581445,-0.009767218807729128,-0.009815230975373979,12263524042.754517
2024-08-05,1140.1454985508794,1149.5801038837508,1122.4742904482669,1131.6593017578125,12013362,-0.023560387818257422,-0.023842371661367042,13595032852.683838
2024-08-06,1138.1488152155048,1149.1309529061807,1121.2762338435941,1124.2713623046875,8571122,-0.006528413137813938,-0.006549816430744422,9636267007.419678
2024-08-07,1136.950853942538,1142.9411110826525,1125.1699661514758,1134.9541015625,8370312,0.009501922414810515,0.009457063092676944,9499919935.757812
2024-08-08,1131.260031397282,1140.9443535197308,1124.1715848547658,1136.3018798828125,7903428,0.0011875179079550158,0.001186813366279568,8980680093.918457
2024-08-09,1150.1292660249399,1153.8232088423329,1138.098785283398,1140.894287109375,6262086,0.004041537999599276,0.0040333929232798165,7144378142.787598
2024-08-12,1144.1390911628143,1167.2015563223063,1134.0055486598599,1162.409423828125,9078384,0.018858133450086578,0.01868252320402643,10552799114.730469
2024-08-13,1159.4640771471145,1177.6844412516205,1153.5237880098216,1157.7169189453125,6180463,-0.004036877873338951,-0.004045048060265177,7155226582.015503
2024-08-14,1157.1179828491788,1157.1179828491788,1146.7848138478516,1151.2275390625,5021841,-0.005605325254056326,-0.005621094043394537,5781281655.993164
2024-08-16,1164.5059796712717,1168.1001094798687,1147.733211401699,1164.9552001953125,6107134,0.011924368265192387,0.011853833156663034,7114537511.5896
2024-08-19,1167.1017440309654,1169.3980579733616,1148.3322232652067,1151.3773193359375,6691823,-0.011655281556834596,-0.011723736780723953,7704813227.210571
2024-08-20,1156.1196316235685,1175.0887792926944,1152.7750957510625,1166.1033935546875,6721749,0.01278996378636621,0.012708862985025465,7838254319.522827
2024-08-21,1164.705537568418,1176.0870495188233,1159.6138438167345,1172.492919921875,9480630,0.005479382362236329,0.0054644251593141315,11115971551.398926
2024-08-22,1177.7842156313006,1179.0821532872228,1167.051672745748,1168.050048828125,5841326,-0.0037892519590191354,-0.003796449361824987,6822961119.520996
2024-08-23,1168.1001128413639,1172.0436499435734,1161.610667770023,1164.056640625,5121962,-0.0034188673739892206,-0.0034247250559522706,5962253879.128906
2024-08-26,1169.797287316781,1173.3415714014816,1164.2064052458907,1168.399658203125,3392612,0.0037309332093953262,0.003723990541151564,3963926701.2158203
2024-08-27,1168.1000558035714,1182.9259167528153,1162.3593931361609,1179.331787109375,8702113,0.009356497863977964,0.009312996971325063,10262678475.917725
2024-08-28,1175.088686152465,1179.7810051393292,1167.451084506114,1169.0484619140625,5483503,-0.008719620133802786,-0.008757858466204051,6410480748.051147
2024-08-29,1167.1017013718215,1177.9840256136065,1161.5108193923618,1173.4913330078125,7290114,0.0038004165254841293,0.003793213187289294,8554885595.638916
2024-08-30,1175.0887109707376,1181.0290002255358,1169.9470495007388,1173.341552734375,10190506,-0.0001276364547606601,-0.00012764460098612962,11956944133.188965
2024-09-02,1174.090365297038,1192.0611361944418,1172.193426216783,1186.86962890625,6432362,0.011529529607426703,0.011463571077361786,7634375099.930664
2024-09-03,1186.0709091667165,1191.611945748782,1174.789209514189,1189.6650390625,7920246,0.00235527987924522,0.002352510555093671,9422439766.97461
2024-09-04,1180.7794786378458,1187.7182663255207,1171.3948398901211,1175.78759765625,6527941,-0.011664998928762271,-0.011733568795320776,7675472066.031738
2024-09-05,1180.0806533633418,1180.9292487481098,1171.5444882132722,1178.633056640625,4234766,0.0024200450745075486,0.0024171214812944443,4991235194.737793
2024-09-06,1174.0902735639158,1179.4315612333492,1148.9312450220928,1156.8682861328125,9874576,-0.01846611240469287,-0.0186387395291838,11423583813.408203
2024-09-09,1156.1196208808892,1173.691017341966,1143.1407304910347,1168.94873046875,7700940,0.01044236796940834,0.01038822305290609,9002004036.416016
2024-09-10,1176.9856459572557,1188.9161919814424,1171.4446096778545,1185.2720947265625,8723854,0.013964140455729579,0.013867540101573513,10340140704.668701
2024-09-11,1185.2721396072754,1192.90974167789,1179.0822561055998,1184.1739501953125,6000329,-0.0009264915086888426,-0.0009269209672269616,7105433294.401489
2024-09-12,1188.1673904951442,1203.7420335200763,1174.8390937297338,1201.3958740234375,7592871,0.014543407094274041,0.014438666055716259,9122043891.392212
2024-09-13,1207.9353554818194,1217.56970992086,1199.0497831721539,1215.4730224609375,6762566,0.011717327104142639,0.011649210804548109,8219716535.611572
2024-09-16,1220.0156723579594,1231.996186325468,1213.0270392102461,1229.051025390625,4039284,0.011170961986631811,0.011109027608330107,4964486142.043945
2024-09-17,1233.1940625102209,1238.5853176171486,1225.6064288166565,1230.09912109375,8030427,0.0008527682589840602,0.0008524048587150963,9878221194.70752
2024-09-18,1229.8996258314878,1248.3695849409576,1223.0108058973215,1238.4356689453125,8210034,0.0067771350361993665,0.006754273488953914,10167598948.85376
2024-09-19,1246.4226697631223,1259.6511538996783,1236.9880637881504,1240.6820068359375,8449864,0.0018138510921104078,0.001812208050739796,10483594225.010742
2024-09-20,1241.9798953627007,1247.970152092746,1227.9028164215117,1242.978271484375,15009629,0.001850808374575852,0.001849097739136528,18656642710.041748
2024-09-23,1249.4677096230525,1250.4161181847596,1238.5355398977574,1244.775390625,5462814,0.0014458170201792075,0.0014447728330990854,6799976430.761719
2024-09-24,1239.084519164076,1245.0747755988766,1233.343856747392,1237.537109375,9225946,-0.005814929588514484,-0.005831902119605531,11417450544.089844
2024-09-25,1235.9895545699358,1268.9359643444172,1229.1007354244925,1266.0406494140625,6853324,0.02303247298455391,0.022771229363596466,8676586767.60498
2024-09-26,1265.49182534745,1279.5689056632127,1260.2003826370533,1275.0262451171875,7270078,0.007097399050562503,0.007072331055740923,9269540254.049072
2024-09-27,1270.9327387461415,1279.468902904462,1255.2083156233984,1271.08251953125,13372027,-0.003093054437930398,-0.0030978478174828856,16996949770.399902
2024-09-30,1261.4483202799395,1272.9296465033026,1227.353748903099,1230.1990966796875,8466919,-0.03216425544632573,-0.03269289148218833,10415996105.460083
2024-10-01,1226.1056776669482,1240.93153854236,1222.6613288324884,1224.6580810546875,11164280,-0.004504161675906948,-0.0045143359747277486,13672425721.157227
2024-10-03,1205.5391812805995,1217.1702876110573,1171.1950179115215,1173.790771484375,17300892,-0.041535927747690216,-0.04242320050379562,20307627368.04785
2024-10-04,1173.5911350580977,1200.8468520222327,1172.093570870444,1176.4864501953125,13064515,0.0022965581059464224,0.0022939250469242198,15370224875.873413
2024-10-07,1181.0289881912613,1182.9259272029717,1129.0635840139234,1143.8394775390625,20047013,-0.02774955261986245,-0.028141845797106182,22930564876.138794
2024-10-08,1151.1276845041943,1166.4527338133323,1140.644735078961,1151.42724609375,8464570,0.006633595625683775,0.006611690151562457,9746336524.467773
2024-10-09,1152.1260787102349,1183.0757394034908,1152.1260787102349,1168.2498779296875,9807734,0.014610242977147525,0.014504541681147879,11457884048.266846
2024-10-10,1175.0886775236831,1189.0659430167432,1173.1418928645546,1182.326904296875,6806243,0.01204967073665264,0.01197765141638946,8047204216.082275
2024-10-11,1180.5798722710003,1186.2705679381827,1164.10666475094,1170.546142578125,4754158,-0.009964047740041893,-0.010014021098791029,5564961308.106934
2024-10-14,1169.6476098115127,1173.0919587287326,1154.7218134686907,1162.459228515625,9765296,-0.006908667474388119,-0.006932642806397716,11351758454.386719
2024-10-15,1164.2064264310386,1170.0968702032376,1147.6334063981412,1151.976318359375,8741516,-0.009017873400717802,-0.009058780537012418,10070019418.55957
2024-10-16,1149.1308918352402,1161.0614374890406,1146.2355767689712,1151.3272705078125,7739854,-0.0005634211756079255,-0.0005635799569618063,8911104979.948975
2024-10-17,1149.1310136899726,1149.480420987831,1122.1748561142738,1130.0120849609375,6595231,-0.018513576541510757,-0.018687097802972272,7452690733.109009
2024-10-18,1156.1196043283787,1201.8951273274115,1154.1728195466103,1194.906494140625,20829666,0.05742806651659027,0.05583960741814675,24889503174.180176
2024-10-21,1194.9064782000012,1212.8274033274415,1183.624900757945,1188.3671875,7456038,-0.0054726513519604,-0.005487681168749695,8860510907.953125
2024-10-22,1192.3106560712163,1196.0545664419653,1171.4445712304916,1173.8406982421875,7256246,-0.01222390639072779,-0.01229923281934565,8517676871.25708
2024-10-23,1173.1918282108495,1181.228805232439,1156.7685887501489,1158.5157470703125,6501834,-0.013055392605507699,-0.013141363317594815,7532477073.837158
2024-10-24,1163.1081861826672,1173.2915739137154,1152.77501765838,1165.454345703125,5046700,0.005989213914751712,0.005971349865349073,5881698446.459961
2024-10-25,1185.07241966283,1199.798467000679,1168.1000261209024,1187.4185791015625,12798716,0.018846069328598558,0.01867068230830495,15197433167.044434
2024-10-28,1192.061160603629,1192.061160603629,1165.1549712634646,1169.697509765625,8572243,-0.014924029022137963,-0.015036512887944801,10026931290.20581
2024-10-29,1174.489747295322,1189.265641444449,1155.7202266058932,1184.9227294921875,9908946,0.013016373549100901,0.012932388560500933,11741335340.710693
2024-10-30,1176.8359284920803,1185.721500916195,1162.409441362478,1168.49951171875,9686560,-0.013860159286906315,-0.013957108154869722,11318740630.234375
2024-10-31,1163.6074036054613,1176.0871054888319,1151.9762970757422,1157.6671142578125,8682294,-0.0092703482990798,-0.009313585400658696,10051206240.11792
2024-11-01,1162.1598100627925,1170.5960398098143,1162.1098425062892,1167.65087890625,460781,0.008624037536764773,0.008587062953102492,538031339.6333008
2024-11-04,1170.0968431979647,1175.0387563721924,1133.6061463101485,1137.4000244140625,9288653,-0.02590744805546996,-0.026248957323638297,10564914148.973755
2024-11-05,1137.100423556092,1172.9921178913025,1131.609354942301,1169.7972412109375,11701049,0.028483573150584807,0.02808545832614112,13687854839.473999
2024-11-06,1169.897154934203,1181.6280740310438,1159.5638648703841,1164.605712890625,10353506,-0.004437972784872013,-0.004447849819598961,12057752236.047363
2024-11-07,1166.7023029388229,1170.99536897967,1149.180875253972,1158.0164794921875,6252889,-0.005657909218118595,-0.005673975817378906,7240948506.435425
2024-11-08,1154.1227842652258,1165.8537035689599,1149.2307169471244,1159.064697265625,3786168,0.0009051838138756096,0.0009047743820625636,4388413666.716797
2024-11-11,1150.1293632578993,1174.8891413546494,1141.0940100494406,1169.0985107421875,6620678,0.008656819157924156,0.008619563753428315,7740224789.903564
2024-11-12,1169.7474877488462,1185.072537895656,1151.9264971262662,1156.2694091796875,9606088,-0.010973499191574199,-0.011034152158838337,11107225696.288086
2024-11-13,1150.029589746679,1163.6074819353837,1133.2568205375103,1137.30029296875,8079113,-0.01640544674133959,-0.016541506212710843,9188377581.827637
2024-11-14,1135.7028687904137,1148.8813855767612,1129.7624574145566,1138.84765625,5975873,0.0013605582367439695,0.0013596335160487266,6805608960.097656
2024-11-18,1129.3629741553402,1133.156852012231,1119.7287424706979,1124.37109375,9474971,-0.01271158826253238,-0.01279307176019601,10653383506.519531
2024-11-19,1128.1649836941745,1137.150368520057,1120.227942513477,1132.1085205078125,19225966,0.006881559656613634,0.006857989794783791,21765879923.593506
2024-11-21,1136.1521359437722,1150.1294029940473,1113.938265096014,1137.30029296875,8126248,0.00458593179619271,0.004575448449363458,9241984231.136719
2024-11-22,1134.804259094338,1146.0359906217202,1125.7190606332729,1140.544921875,16687505,0.0028529218943400547,0.0028488600362810935,19032849086.51367
2024-11-25,1158.1162668218938,1162.6089592362891,1140.1454971643127,1154.02294921875,12385823,0.01181718237068008,0.011747904714783828,14293523986.961426
2024-11-26,1155.2209932897363,1157.71693360964,1140.7945069895281,1142.9410400390625,5127437,-0.00960284991489102,-0.009649254595213513,5860358177.5147705
2024-11-27,1143.3402343897294,1153.5735891768147,1131.7092505928033,1147.7830810546875,5989943,0.004236474888905439,0.0042275262939260585,6875155231.881958
2024-11-28,1146.6350294369997,1152.5753188902968,1127.5660689944857,1130.6610107421875,10731275,-0.01491751411492026,-0.015029899300905614,12133434238.052368
2024-11-29,1131.7092996541824,1139.04733976228,1125.868701854105,1134.454833984375,6406277,0.0033554029069218227,0.003349786103506652,7267631910.49292
2024-12-02,1130.8606604334245,1139.5466064002276,1124.7705900554713,1135.2535400390625,4785858,0.0007040439431884593,0.0007037962205164346,5433162236.624268
2024-12-03,1142.5416474793556,1163.0083577848877,1136.1520159851627,1158.615478515625,8382042,0.02057860878879847,0.020369729981480216,9711563602.768066
2024-12-04,1155.620475859988,1166.103426180964,1152.0263458386441,1157.5672607421875,18379798,-0.00090471583788998,-0.0009051253402711346,21275852423.854736
2024-12-05,1162.1098542785676,1174.9889311617428,1148.2324012319225,1164.5059814453125,10640451,0.005994226805167369,0.005976332898821627,12390868834.775757
2024-12-06,1165.6041034914654,1191.9112895042008,1158.1162826981583,1182.62646484375,7542210,0.015560661505531703,0.015440835857876943,8919617149.40918
2024-12-09,1182.3269836307725,1184.0741419346389,1159.1147375936896,1161.361083984375,6308112,-0.01798148569437319,-0.01814511713368167,7325995790.214844
2024-12-10,1155.1211468863528,1163.1581232345245,1149.3804843153964,1151.776611328125,4714389,-0.008252793027443084,-0.008287035853264499,5429922986.902588
2024-12-11,1148.1326194857947,1156.4690363050338,1142.6915179944604,1145.3870849609375,7788242,-0.005547539604767393,-0.00556298434930677,8920551801.350342
2024-12-12,1143.1407039727058,1152.6752450559866,1141.742952973343,1143.7896728515625,4825283,-0.0013946482637610114,-0.0013956216908149826,5519108863.986206
2024-12-13,1139.1472304132253,1150.8281830630162,1111.8416660481157,1146.28564453125,8731618,0.00218219462802538,0.00217981709951979,10008928366.930664
2024-12-16,1144.6382485238657,1153.124445743624,1139.8959618422361,1149.0311279296875,3975202,0.0023951127814745288,0.002392249070552131,4567630837.80835
2024-12-17,1143.3902926303374,1149.9795508853542,1128.1650562517189,1134.4049072265625,7292817,-0.012729177084591536,-0.012810887201486341,8273007392.305298
2024-12-18,1134.3549105744767,1138.0489753800873,1114.137793934539,1120.4276123046875,7222127,-0.012321257456517243,-0.012397793478983767,8091870510.371216
2024-12-19,1103.1058605329233,1117.232907788727,1099.2621366321944,1107.099365234375,11677610,-0.011895678867550163,-0.011966998617571183,12928274618.45459
2024-12-20,1102.1572227344786,1104.0541616573962,1063.2705232390288,1070.109375,12623056,-0.03341162626946692,-0.03398254764831857,13508050566.75
2024-12-23,1073.3541110903145,1081.790462182754,1070.6585443933702,1077.3975830078125,3886921,0.00681071316454207,0.006787625029464868,4187759290.7423096
2024-12-24,1075.550693795779,1082.988547493429,1074.252756029435,1077.1480712890625,4343694,-0.00023158741274820205,-0.0002316142332540147,4678801614.369873
2024-12-26,1081.2413564986148,1090.8257430405286,1071.008001093157,1074.9515380859375,4775460,-0.002039211935362162,-0.002041293958960587,5133388072.067871
2024-12-27,1076.3492862446637,1084.4860761153666,1074.2527207366024,1075.7003173828125,3801667,0.000696570282794573,0.0006963277903173048,4089454398.4837646
2024-12-30,1072.3558098554706,1094.7194602300276,1062.2222674497395,1068.2125244140625,9452155,-0.006960854103834291,-0.006985193864875657,10096910353.703003
2024-12-31,1060.275380639948,1068.711609637263,1056.7810644137335,1062.970947265625,5292136,-0.00490686734019774,-0.004918945540695173,5625386816.978516
2025-01-01,1062.422089846609,1075.2012324711711,1052.2385791743047,1070.0596923828125,2985355,0.006668804199609024,0.006646666093509274,3194508052.953491
2025-01-02,1070.259182488381,1086.9320146607752,1065.766490024577,1084.83544921875,6557076,0.013808348208159016,0.013713881593286176,7113348488.021484
2025-01-03,1084.236495050746,1091.7243161491626,1078.0466116915568,1083.1383056640625,7357220,-0.0015644248682228357,-0.0015656498585772739,7968886805.197754
2025-01-06,1085.9836525482262,1088.2299988761818,1058.1789012632846,1061.6732177734375,5283413,-0.01981749493889884,-0.020016495001924033,5609258080.536011
2025-01-07,1062.8214404990579,1068.761730185158,1054.285275175644,1065.7666015625,4619462,0.0038555967321538542,0.003848182969283057,4923268316.787109
2025-01-08,1062.0227028704326,1080.592476167825,1057.38022907806,1073.2044677734375,8780098,0.006978888435829278,0.006954648706163289,9422840401.088623
2025-01-09,1077.8468688369667,1078.3960244691536,1052.538057769639,1060.02587890625,9054190,-0.012279662695151572,-0.012355680711193055,9597675712.53418
2025-01-10,1054.5348076351484,1063.1208181441978,1035.316066762271,1039.010009765625,5612886,-0.019825807613592872,-0.020024975779636484,5831844737.67334
2025-01-13,1024.9328592000836,1061.273772881057,1021.5883237070005,1047.5960693359375,7180930,0.008263692832227276,0.00822973546982634,7522714042.176514
2025-01-14,1051.2401987834926,1059.2771761544273,1043.802344646045,1049.9423828125,6892897,0.0022397119894215223,0.0022372075732738834,7237144700.661133
2025-01-15,1041.3062114859742,1051.1901586731517,1013.0022750783879,1025.132568359375,11418721,-0.02362969136141213,-0.02391334993984147,11705702786.10913
2025-01-16,1032.2211352471902,1044.7506829203899,1025.3822829319104,1036.314453125,10261727,0.010907745115854128,0.01084868475289145,10634376004.123047
2025-01-17,998.3761525809333,1010.0571657533391,973.0173739309598,989.440673828125,33831617,-0.04523123184813971,-0.046286095408699233,33474377921.17505
2025-01-20,990.439061296575,992.5855944235661,974.9143241337787,986.445556640625,33440507,-0.0030270811244417217,-0.0030316720014877123,32987239541.959717
2025-01-21,991.9865385807151,992.8351948872215,961.4362521394861,968.6245727539062,11894500,-0.018065856515598,-0.018231036538044147,11521304980.621338
2025-01-22,974.16548665151,974.16548665151,952.4508063187708,957.7421875,17303146,-0.011234884556940772,-0.011298472590516364,16571952900.671875
2025-01-23,952.450837032954,962.1350977728039,946.4605801962688,949.505615234375,24649522,-0.008599988987772367,-0.008637182287909276,23404859551.84326
2025-01-24,946.4605287542831,960.2381065426121,944.5635898180176,946.959716796875,14421921,-0.0026812884480641452,-0.0026848895404202543,13656978225.826904
2025-01-27,941.5685439420195,948.2077698637862,931.9841570601152,946.5604248046875,12713296,-0.00042165678761718617,-0.0004217457098377751,12033902862.427734
2025-01-28,958.4410536437485,992.2360601712497,956.6439888553748,982.202392578125,21781371,0.03765419178684959,0.03696258066980233,21393714709.831787
2025-01-29,986.3956063626015,987.0445752148886,976.0124703422623,981.8031005859375,11175206,-0.00040652720376643803,-0.0004066098583517898,10971851900.486572
2025-01-30,983.0511065629934,989.7901456172491,973.2170648629341,983.1010131835938,10473118,0.0013219683222447376,0.0013210952914502296,10296132916.991333
2025-01-31,980.4053395519335,988.3923484281204,976.4617417321078,984.4986572265625,9036312,0.0014216688053678705,0.0014206591910499672,8896237030.280273
2025-02-01,987.8931967647668,1003.3181204123249,980.4053756675098,996.5291748046875,4830391,0.012219943104865516,0.012145882335285019,4813625557.213989
2025-02-03,985.4970820817739,998.8753469855333,981.753171485876,987.7933959960938,7124605,-0.008766204772987063,-0.008804853983086709,7037637768.0807495
2025-02-04,992.385906066695,1015.4483710586156,986.1959616686072,1013.6513061523438,16058171,0.026177447896556183,0.02584068296048316,16277386008.567688
2025-02-05,1018.9426747263542,1020.3903323316467,1008.8590999817069,1011.654541015625,7858373,-0.001969873786576759,-0.00197181653968248,7949958730.44458
2025-02-06,1010.3566568712627,1020.1906375069063,1008.4098112049047,1019.0425415039062,5815563,0.007302888672712671,0.00727635170061007,5926306099.796082
2025-02-07,1017.8445057093887,1025.6817342725071,1006.0137724647228,1022.43701171875,8638651,0.0033310387707996547,0.003325503150657282,8832476513.721191
2025-02-10,1019.3420349226665,1025.082697705042,1004.5660802961088,1010.1070556640625,3960565,-0.012059379612989973,-0.012132683863260404,4000594650.9161377
2025-02-11,1007.3614764933467,1014.6995163926927,1000.9718451322531,1005.7640991210938,4808215,-0.004299501244562243,-0.004308770678875935,4835930027.85553
2025-02-12,998.3761339148515,1009.008864115462,982.4021157722138,1005.2649536132812,7669283,-0.0004962848726144387,-0.0004964080627117722,7709661419.242126
2025-02-13,1001.3712372223157,1015.7977841830659,999.4243916227608,1006.5628051757812,6348246,0.001291054221909338,0.0012902215280322913,6389908301.705933
2025-02-14,1008.9089842755058,1014.3501463619988,986.0462074988543,995.8801879882812,5375755,-0.010612966356962183,-0.010669685547258112,5353607899.978943
2025-02-17,990.8383973867473,998.0267176735445,976.4617568131531,991.3375854492188,7166803,-0.004561394627438764,-0.004571829531814756,7104721181.410217
2025-02-18,991.33764196097,995.730460599508,984.9480100226741,992.5357055664062,3090004,0.0012085894197630953,0.0012078596634949358,3066939300.3430176
2025-02-19,990.0397410803987,1011.804329129352,986.5454245287212,1009.7077026367188,6401381,0.017301137857315796,0.017153177324082274,6463523703.212341
2025-02-20,1006.7625199634393,1017.9942514939594,1004.8655809305341,1015.5482177734375,5011212,0.00578436226787904,0.0057676970785683745,5089127415.484863
2025-02-21,1010.3566806288227,1020.2406290528706,999.0251355119985,1007.3116455078125,5019937,-0.00811046892848033,-0.00814353770516374,5056640999.815552
2025-02-24,999.7239055887297,1011.3550117867557,996.9284646337834,1008.4097900390625,4265454,0.0010901735685746594,0.0010895797608996205,4301325572.561279
2025-02-25,1002.3696099471763,1012.0538703579778,995.4807904446366,1007.4613037109375,5708975,-0.0009405762791020456,-0.0009410188985371097,5751571396.353149
2025-02-27,1006.0137195509107,1021.8878632634938,1003.5177792562238,1015.0490112304688,9777690,0.0075315126164967605,0.007503292380815868,9924834566.618042
2025-02-28,1013.152096799687,1033.8184951280357,1008.3099968849968,1013.90087890625,15026849,-0.001131110233610233,-0.0011317504215848325,15235735408.291504
2025-03-03,1015.3983923638058,1017.7446127420518,990.3890834419211,1005.6143188476562,6763184,-0.008172948885824982,-0.008206530531786655,6801154671.401367
2025-03-04,999.4743422792087,1009.4581038080632,996.9784018969951,1000.1732177734375,5786420,-0.005410723547029206,-0.005425414528202102,5787422310.788574
2025-03-05,1001.3713148547035,1015.747956311782,1000.9220333836612,1012.802734375,5133873,0.012627329323692482,0.012548269448496968,5199600612.333984
2025-03-06,1020.9393296621977,1037.8119093693128,1013.501476799868,1032.420654296875,7861120,0.019369931829796183,0.019184722539993083,8115982653.90625
2025-03-07,1032.0214287789433,1048.6444168767227,1029.0263001801397,1035.965087890625,7597321,0.0034331292956977233,0.003427249560734461,7870559317.498291
2025-03-10,1034.3176274673472,1048.7940807475368,1030.6735303706762,1034.1678466796875,5995655,-0.0017348472761731237,-0.0017363538664304256,6200513620.784302
2025-03-11,1028.7267223466547,1035.1163535407738,1019.4417761879421,1023.9844360351562,4771085,-0.009846961184517777,-0.009895763138375868,4885516783.000793
2025-03-12,1023.535188677738,1028.1278165033088,997.5774694995702,1009.5579833984375,7504702,-0.014088546787466405,-0.01418873245620981,7576431817.126221
2025-03-13,1013.3517635093752,1014.3501396310593,1003.4678155302854,1008.5595703125,4004140,-0.0009889606167805542,-0.0009894499609860267,4038413717.8710938
2025-03-17,1009.4580844924919,1037.312802999425,1009.4580844924919,1032.470703125,5938668,0.02370820080076297,0.02343152585295123,6131500725.5859375
2025-03-18,1032.470703125,1032.470703125,1032.470703125,1032.470703125,0,0.0,0.0,0.0
2025-03-19,1046.0985761774955,1056.8311197639223,1041.8055099940893,1050.3416748046875,4822365,0.01730893828328206,0.01716084505959364,5065130930.619507
2025-03-20,1054.5348786388236,1057.1805999868693,1045.200085389316,1052.637939453125,3742644,0.0021862073109348845,0.002183821037025119,3939649068.2666016
2025-03-21,1052.637839967216,1073.8034868790976,1048.8440838264673,1068.4122314453125,6848565,0.014985486843066553,0.01487431371474188,7317090613.848267
2025-03-24,1080.2429024147984,1103.1555843595158,1071.9563323258167,1096.067138671875,8284863,0.025884117022089814,0.02555479399742382,9080766082.698486
2025-03-25,1108.1476316970598,1121.6756781665542,1094.569739540046,1116.7337646484375,11720528,0.018855255528967607,0.018679698546609405,13088709357.107422
2025-03-26,1113.1894013460305,1117.0331251287269,1087.281589139772,1094.4698486328125,7127060,-0.019936637290298043,-0.020138053581390803,7800352279.396973
2025-03-27,1090.226742151285,1106.2007603513039,1086.333050840613,1096.56640625,8508917,0.0019155919368691876,0.0019137595303571403,9330592535.769531
2025-03-28,1096.6163196755733,1105.2023296598516,1084.7356198513357,1100.21044921875,4921190,0.0033231393447585855,0.003317629919557214,5414344660.59082
2025-04-01,1091.4246698828026,1099.4616459870902,1068.2623938308163,1083.8370361328125,6638140,-0.014882073786487093,-0.014993922931984606,7194661983.034668
2025-04-02,1089.9271919160412,1093.8208832672776,1078.995021845347,1082.68896484375,4065344,-0.0010592656006284118,-0.0010598270189304954,4401503087.09375
2025-04-03,1077.148030327788,1090.1767656925256,1073.5539006365532,1088.0802001953125,5345660,0.004979486746999884,0.0049671301057127165,5816506802.976074
2025-04-04,1079.7438189672625,1100.110717042034,1073.7035944396453,1089.5279541015625,6059991,0.0013305580838527398,0.0013296736758626965,6602529596.103882
2025-04-07,1033.3192474005818,1067.2640342717123,1030.6735264023866,1046.2481689453125,9720457,-0.039723427924287624,-0.040533940099713194,10170010337.561646
2025-04-08,1059.2769971778353,1083.1880550099745,1058.578182686304,1076.099609375,8723357,0.02853189263860756,0.028132438515483648,9387201060.138672
2025-04-09,1071.3575065294963,1080.0932985296913,1056.2820498521507,1059.9261474609375,6690201,-0.015029707076518739,-0.01514379773340103,7091118971.669312
2025-04-11,1061.5733837128932,1070.958021801289,1055.8327209873753,1067.214111328125,8144072,0.006875916670841642,0.006852385360448136,8691468562.072266
2025-04-15,1088.2300167462733,1115.186173124392,1081.2413836112057,1110.9930419921875,9320299,0.04102169395940658,0.04020262895402652,10354787338.286743
2025-04-16,1120.8768885930303,1161.6106854878976,1110.7933135489463,1159.414306640625,12836428,0.04358376949113052,0.04266072173627892,14882738269.362305
2025-04-17,1153.7234204439198,1197.2525949221158,1151.7266682029742,1188.8663330078125,13446336,0.0254025038318908,0.0250852221744008,15985896172.710938
2025-04-21,1200.0481388219926,1236.688494977289,1196.1544474414134,1221.0140380859375,15166580,0.027040638788039306,0.026681500551108833,18518607089.753418
2025-04-22,1228.4019873709017,1232.9944930922131,1210.1316558499327,1214.8240966796875,8461710,-0.0050695087961096785,-0.005082402350276446,10279489207.115479
2025-04-23,1223.3103308638504,1228.0026499644732,1192.959671888685,1204.940185546875,9433911,-0.00813608419509193,-0.008169362755805347,11367298470.772705
2025-04-24,1197.1527616775102,1218.0188466210914,1197.1527616775102,1205.1397705078125,9078137,0.0001656388950517229,0.00016562517844459412,10940423940.818481
2025-04-25,1175.088703760494,1177.9840189088325,1144.1390437634036,1164.4061279296875,17243807,-0.033799932236043384,-0.03438435672733041,20078794539.63684
2025-04-28,1164.4060709863415,1194.0577918169092,1162.4093188261124,1190.863037109375,5523502,0.02272137576837374,0.022467089920067743,6577734367.199707
2025-04-29,1192.061141874012,1208.03516052559,1182.4767550574834,1185.3720703125,6074520,-0.004610913787536308,-0.004621576840752709,7200566348.5546875
2025-04-30,1183.1754968297632,1191.9612552964234,1173.0919225507648,1183.07568359375,6288257,-0.0019372708167019193,-0.00193914975287485,7439483948.888184
2025-05-02,1180.1804557743023,1208.5343636071623,1178.183703418074,1181.4783935546875,5249372,-0.001350116532029877,-0.0013510287605238665,6202019597.730957
2025-05-05,1188.0675671485594,1188.0675671485594,1162.4093499514113,1171.2947998046875,7236056,-0.008619365200036255,-0.008656726771869648,8475554763.895508
2025-05-06,1176.0870571311964,1176.8858067677252,1155.819973357097,1159.5140380859375,5348267,-0.010057896373068864,-0.010108818748510653,6201390665.931763
2025-05-07,1157.1179926776738,1166.702379631733,1151.0279223537887,1159.414306640625,4263817,-8.601141688391323e-05,-8.601511607794722e-05,4943530430.69751
2025-05-08,1168.1000081019201,1177.0853927796272,1163.7071289961807,1170.29638671875,9912347,0.009385842503233821,0.00934206917006102,11600383878.002441
2025-05-09,1158.1162846211869,1170.2964243830247,1146.6349593857183,1149.230712890625,5379571,-0.018000289556723725,-0.018164265491995416,6182368215.375732
2025-05-12,1183.0757380839893,1207.0367656907536,1173.2916030623917,1201.0465087890625,7616208,0.04508737481276226,0.044100494182480576,9147420028.611328
2025-05-13,1203.2428820800658,1212.8273905767053,1188.0676134138669,1191.6617431640625,5569926,-0.007813823658221253,-0.00784451154264271,6637467726.454834
2025-05-14,1193.9579685531069,1197.4522848041524,1183.9742078358338,1193.55859375,4084921,0.0015917693060290006,0.001590503784035249,4875592564.339844
2025-05-15,1195.0561486093766,1215.0236698893996,1183.0756358413628,1207.136474609375,6705748,0.011375965059842619,0.011311745351163608,8094753000.338867
2025-05-16,1204.0415344019534,1211.329728425357,1201.2460326710943,1206.8370361328125,4016269,-0.000248056854266987,-0.0002480876254572364,4846982176.272095
2025-05-19,1206.0383086422082,1217.0204455586522,1199.149489292932,1200.8468017578125,4550022,-0.0049635818222774075,-0.004975941309710464,5463879366.627686
2025-05-20,1206.0382936126746,1208.7338602551959,1190.962839316932,1193.858154296875,4724482,-0.005819766060672693,-0.005836766891835902,5640361360.528809
2025-05-21,1195.1560440526246,1202.9434266363357,1180.7794033676655,1195.85498046875,3712472,0.0016725824292342928,0.0016711852209900157,4439578131.050781
2025-05-22,1194.7565812251876,1194.7565812251876,1175.5878096385115,1186.5699462890625,4795583,-0.007764347961362272,-0.007794647450077663,5690294662.734741
2025-05-23,1186.5699884264711,1211.1300159790983,1186.1706136142166,1208.1348876953125,3676469,0.018174184736174492,0.018011008340460325,4441670462.430298
2025-05-26,1214.225060749805,1222.2120701857439,1206.737239403612,1213.2266845703125,3607612,0.004214593028360802,0.00420573650686573,4376851145.976074
2025-05-27,1213.2267186289012,1214.7242829401805,1188.4670618056741,1193.6585693359375,7249163,-0.016128985195627665,-0.01626047303782924,8653025535.463013
2025-05-28,1193.6584505670924,1200.2477085066719,1189.7647593707686,1192.7598876953125,3525421,-0.0007528799806840736,-0.0007531635371483208,4204980756.0386963
2025-05-29,1198.051344500375,1207.036729584128,1187.0692071757885,1199.74853515625,7788068,0.005859224084439285,0.005842125587776161,9343723174.697266
2025-05-30,1199.449049091761,1206.837056471761,1187.6681625772683,1190.263916015625,9998488,-0.007905505914528765,-0.007936920099294139,11900839481.115234
2025-06-02,1187.8679434907856,1198.9498939286364,1177.285059235458,1192.46044921875,3761853,0.0018454169479302784,0.001843716258074229,4485860918.274902
2025-06-03,1193.0594989197061,1196.953190278046,1172.9921626846794,1179.5814208984375,8155665,-0.010800381957112526,-0.010859129462237688,9620270909.071655
2025-06-04,1179.8810222715674,1189.3655960137116,1166.7023835276484,1169.0985107421875,4306355,-0.008886974625512134,-0.008926699314508424,5034553217.227173
2025-06-05,1170.5959975050891,1173.5911258569147,1155.1211676873247,1157.117919921875,10481600,-0.010247717117274235,-0.010300586473954132,12128447189.453125
2025-06-06,1157.0181754924818,1199.2494146414624,1149.3306058090322,1192.66015625,14715421,0.03071617483075939,0.030253875991476855,17550496309.14453
2025-06-09,1210.5310596341333,1222.5115732140175,1204.2412412558594,1217.9190673828125,9138108,0.021178632488430216,0.020957482241910276,11129475973.003418
2025-06-10,1222.4117121508891,1233.893037215761,1216.4214555953035,1230.798095703125,7747558,0.010574617530201058,0.010519097322573636,9535679632.749512
2025-06-11,1230.59839323194,1239.7835267494627,1226.1057006477856,1229.400390625,4135775,-0.0011356087428185946,-0.001136254035006204,5084523400.537109
2025-06-12,1229.0011272054353,1235.0911977749258,1208.8339763039494,1210.9305419921875,3461744,-0.015023460846163239,-0.015137456211636268,4191931538.158203
2025-06-13,1196.0545368181986,1209.7322402850675,1193.6584098658498,1203.8419189453125,3906868,-0.005853864281276655,-0.005871065305947031,4703251470.186035
2025-06-16,1204.141444699681,1216.0221452054159,1194.0578700046613,1213.4263916015625,5697424,0.00796157078883497,0.007930044705004802,6913404645.744141
2025-06-17,1213.4263926474275,1225.0075315706626,1209.333074821813,1213.1268310546875,4492946,-0.00024687162645242733,-0.0002469021042685762,5450513343.079834
2025-06-18,1207.8354483996377,1221.313525681243,1201.9450050651124,1219.0172119140625,3135662,0.004855535883460771,0.004843785789089122,3822425948.744873
2025-06-19,1216.0221372882443,1225.8062721991687,1211.8290062533267,1215.52294921875,4243763,-0.0028664588663402935,-0.0028705750273090506,5158391317.54541
2025-06-20,1215.5228966095312,1224.009093423643,1212.2282067446315,1218.7176513671875,4652390,0.0026282532555150784,0.002624805437765043,5669949814.044189
2025-06-23,1210.6308537948642,1220.9141765377137,1203.6422209833972,1212.12841796875,2312469,-0.005406693987771161,-0.005421363055709258,2803009390.5717773
2025-06-24,1220.9142315421007,1236.3890620360896,1213.6260368186765,1219.2169189453125,6745788,0.0058479785404597084,0.005830945487645267,8224578861.218262
2025-06-25,1224.3087239605243,1224.3087239605243,1209.033520085913,1211.329833984375,4229259,-0.006468975978253577,-0.006489990480589634,5123027602.346924
2025-06-26,1213.2267366940066,1236.9881395356201,1209.2332318044646,1231.4970703125,8678448,0.01664883978114351,0.016511767155978754,10687483286.859375
2025-06-27,1234.8914830095598,1244.975057739528,1218.4182765518997,1223.110595703125,6068274,-0.006809983402759401,-0.006833277153336034,7422170227.029785
2025-06-30,1226.9044065990563,1233.9928524938196,1191.1624936760497,1197.2525634765625,6559872,-0.021141205314877953,-0.02136788108817156,7853823568.078125
2025-07-01,1200.048121898433,1200.048121898433,1165.1049569513073,1171.394775390625,8702198,-0.02159760511253539,-0.021834246853109897,10193709271.614746
2025-07-02,1178.0839209734715,1179.9808601358986,1170.096911339753,1173.3916015625,5471100,0.001704656887520306,0.0017032056090220697,6419742791.308594
2025-07-03,1176.0870617453147,1179.0821900859225,1166.1033006099556,1169.1982421875,6237185,-0.0035737083590986485,-0.00358010930945341,7292505738.198242
2025-07-04,1173.095303475241,1178.5910651184386,1161.104550799174,1176.6925048828125,3926186,0.006409745092749386,0.006389290037934332,4619913638.97583
2025-07-07,1176.6925315385822,1176.6925315385822,1166.700237415503,1174.1944580078125,5783402,-0.00212293939549546,-0.002125196025692357,6790838576.831299
2025-07-08,1179.090677793982,1179.090677793982,1161.0046502671364,1164.501953125,9973619,-0.008254599412142682,-0.008288857271396045,11614298805.22461
2025-07-09,1159.1060390377668,1170.0975618217456,1157.7070935609217,1163.8023681640625,8674795,-0.0006007589416746617,-0.0006009394696338074,10095746964.337769
2025-07-10,1169.1982893297397,1175.6932803896598,1162.1037850287682,1163.40283203125,4339755,-0.0003433023885686115,-0.0003433613303238929,5048883257.321777
2025-07-11,1161.1045522095474,1174.9938651381117,1159.7056066670582,1172.8955078125,4468654,0.008159405770636008,0.008126297791735357,5241264202.568359
2025-07-14,1178.091458637763,1178.9907894899875,1162.1037882915339,1171.7962646484375,4772502,-0.0009372046842541781,-0.0009376441351560227,5592400016.627197
2025-07-15,1173.0953206939591,1178.091467715654,1161.4043854536912,1165.0015869140625,4776756,-0.005798514587698866,-0.005815391244727694,5564928320.30127
2025-07-16,1164.002330953665,1173.0952939304498,1156.2082929871394,1167.4996337890625,4388279,0.002144243323837003,0.002141947715097866,5123314125.464233
2025-07-17,1169.098340588998,1171.9961301019453,1153.9101032453461,1158.90625,5694428,-0.0073605023422346205,-0.0073877245010327015,6599308199.375
2025-07-18,1089.1599990494663,1115.0400637891007,1085.1630816217619,1098.452880859375,38053695,-0.0521641583524336,-0.05357395454054999,41800190900.093994
2025-07-21,1085.163068778452,1100.6511236274998,1071.0739594077916,1098.7525634765625,15905500,0.00027282246003390576,0.00027278525075408725,17476208898.376465
2025-07-22,1101.1507259292464,1109.7440738053162,1094.1561205921278,1097.15380859375,9999957,-0.0014550636202875777,-0.0014561232533708873,10971490908.32373
2025-07-23,1098.6526441789765,1109.6441667673976,1097.2536987270212,1103.9486083984375,6633979,0.0061931150869325435,0.006174016562039437,7323571885.194458
2025-07-24,1103.149269668163,1104.1484990790943,1088.560544663815,1094.256103515625,9901209,-0.008779851533916916,-0.008818621527067727,10834458380.433838
2025-07-25,1085.262939453125,1100.151480708091,1075.37054479538,1085.262939453125,11779887,-0.00821851852926092,-0.008252476738102445,12784274792.045654
2025-07-28,1080.06700589857,1091.3582241283038,1066.5774099597274,1072.7725830078125,9029557,-0.01150906014684927,-0.011575801964151481,9686661186.306274
2025-07-29,1070.0747930042048,1077.8687091686768,1054.5867372441537,1063.3798828125,15599773,-0.008755537141877268,-0.008794092068229491,16588484784.641602
2025-07-30,1069.675009445578,1079.767201393535,1061.181560047832,1072.472900390625,8247433,0.00855105285053459,0.008514699689635842,8845148390.287354
2025-07-31,1065.1784853249985,1080.466743145018,1063.080128088743,1067.57666015625,7634413,-0.004565374316303661,-0.004575827464784894,8150321132.793457
2025-08-01,1064.1792707746743,1070.0747484070778,1059.1831239635255,1061.581298828125,5545447,-0.005615860248619042,-0.005631688479021083,5886942828.842529
2025-08-04,1063.5797746594428,1069.1754347826832,1058.183911621366,1067.7764892578125,4465845,0.005835813457270245,0.005818851058850838,4768524295.669556
2025-08-05,1067.1769625013424,1079.0678163476823,1061.6812009903335,1069.974853515625,5318081,0.002058824370014589,0.002056707895589535,5690212938.9592285
2025-08-06,1073.1723708037903,1076.8694707767693,1064.7788194860536,1070.1746826171875,4216651,0.00018676055881683418,0.00018674312123473732,4512553145.632446
2025-08-07,1066.977176292842,1078.8679082841259,1063.6796705621337,1075.37060546875,5321131,0.004855210028754886,0.004843461508884573,5722187865.248535
2025-08-08,1072.1730875391024,1079.5674090897921,1053.3875270564029,1057.2845458984375,5084903,-0.01681844331464577,-0.01696147936297268,5376189359.292603
2025-08-11,1057.2845412230301,1074.5712576112912,1051.7887798480178,1072.472900390625,5452775,0.014365436959339117,0.01426323172221924,5847953419.42749
2025-08-12,1070.274542939649,1075.7703044188218,1065.478315198115,1069.1754150390625,4573025,-0.0030746561058666577,-0.0030793925721128946,4889365902.359009
2025-08-13,1070.2745119894926,1071.9732750378564,1062.3805758797093,1065.178466796875,4966778,-0.003738346566864781,-0.0037453516481223844,5290504974.960449
2025-08-14,1066.1776825929462,1071.5735453068455,1061.1815360016017,1067.376708984375,6761305,0.002063731342702102,0.002061604774449099,7216859479.3396
2025-08-18,1079.1677749702633,1089.1600691829508,1078.5682617127516,1081.7657470703125,7964987,0.01348074954682943,0.01339069269581332,8616250112.460327
2025-08-19,1077.1692902994891,1094.1561900537483,1074.9710344159066,1082.365234375,5661531,0.0005541747890529525,0.00055402129091179,6127844327.736328
2025-08-20,1080.1669860248583,1082.8648566259114,1076.969500721666,1079.3675537109375,3034728,-0.0027695648094180347,-0.002773407150082269,3275586937.538086
2025-08-21,1089.1600252490596,1089.1600252490596,1075.570530063219,1078.068603515625,6459262,-0.0012034363927715397,-0.0012041611038347219,6963527564.081543
2025-08-22,1075.1707521863284,1077.6688254953115,1068.6757615829724,1070.07470703125,3853718,-0.007415016501089666,-0.007442644394864542,4123766159.8310547
2025-08-25,1072.1731031186114,1073.6719471583856,1067.3767534008373,1069.1754150390625,2711278,-0.0008404011292655333,-0.0008407544642705304,2898831780.9362793
2025-08-26,1067.1770021897328,1068.9756639052698,1047.1924141337454,1049.290771484375,7197666,-0.018598111474496415,-0.018773231010370584,7552444510.026855
2025-08-28,1056.1854006509102,1058.6834739731687,1046.193107361876,1051.08935546875,8564803,0.0017140949232123948,0.0017126275390939812,9002373264.986816
2025-08-29,1051.2892385789264,1062.1808635505645,1041.6966606316682,1044.39453125,4718016,-0.006369414915979532,-0.0063897861872889445,4927470108.75
2025-09-01,1046.792693797241,1063.1800803329604,1046.792693797241,1060.6820068359375,3190426,0.015595136798010278,0.015474782335553034,3384027452.3415527
2025-09-02,1060.6819506517852,1064.0793548230254,1048.1915838282832,1055.385986328125,4933541,-0.00499303323114797,-0.005005540070315879,5206790034.375244
2025-09-03,1055.3860511421183,1064.079420170901,1044.1947305714677,1053.88720703125,8303296,-0.0014201243111910955,-0.0014211336434187096,8750737430.59375
2025-09-04,1057.3844922319947,1061.3814097939771,1046.4929894565873,1049.590576171875,8088417,-0.004076936156648503,-0.004085269518295366,8489526259.348389
2025-09-05,1055.7857154711764,1057.1846609678942,1046.9925703048245,1055.0863037109375,2849589,0.005236067914316411,0.005222407374973655,3006562325.1053467
2025-09-08,1055.0863616682946,1062.1808661059258,1053.1878013881899,1054.6866455078125,2260147,-0.00037879195447743097,-0.0003788637142717467,2383746857.784546
2025-09-09,1056.6850022541591,1058.1838462289877,1047.891735478004,1051.3890380859375,4310419,-0.0031266229035139537,-0.003131521001238623,4531927286.157349
2025-09-10,1057.1846182048694,1073.2721858257835,1054.2868287880779,1069.2752685546875,5241075,0.017012000145361972,0.016868916549770345,5604151878.140259
2025-09-11,1068.176167416612,1092.1576716429909,1068.176167416612,1086.56201171875,5227539,0.016166784805028422,0.01603749395646107,5680045292.178223
2025-09-12,1087.5612418866979,1107.8455243744909,1087.5612418866979,1104.4482421875,6014850,0.016461306649638185,0.016327288088411853,6643090509.521484
2025-09-15,1104.1484634272642,1109.1446103206003,1099.1523165339283,1103.5489501953125,3881807,-0.0008142454827999579,-0.0008145771607101367,4283764039.7108154
2025-09-16,1104.847882034871,1126.2314152658462,1103.1492408711283,1120.3359375,7965606,0.01521181937757854,0.015097279763170912,8924154665.765625
2025-09-17,1120.435994746524,1127.6303977627526,1115.2399285892504,1125.13232421875,5590739,0.004281204019441764,0.0042720657381275454,6290321165.17041
2025-09-18,1128.129913734106,1133.5257765121382,1120.3358761684776,1132.1268310546875,5713032,0.006216608202767926,0.006197364805257071,6467876813.874023
2025-09-19,1132.1268686542164,1143.2182901919443,1125.731776333649,1135.024658203125,8910732,0.002559631190560019,0.0025563609139235225,10113900542.639648
2025-09-22,1135.124515662792,1146.715551462693,1130.3281661018914,1143.51806640625,7689900,0.0074830164628942875,0.007455157587828551,8793539578.857422
2025-09-23,1145.1168893049187,1171.896285943036,1141.020073171241,1169.8978271484375,16079093,0.023068949688824336,0.022806884198562204,18810895963.21765
2025-09-24,1167.0999210108505,1171.8962708465979,1153.110709628871,1158.0069580078125,12812055,-0.01016402361359059,-0.010216029997786293,14836448836.378784
2025-09-25,1153.8100741514515,1170.8969935063292,1152.5111491906418,1165.700927734375,11188302,0.006644148097174618,0.006622173028576163,13042214021.172363
2025-09-26,1160.704836753473,1168.798570429251,1147.1153414245289,1153.1107177734375,5618932,-0.010800548975634316,-0.010859298304332694,6479250711.640137
2025-09-29,1154.5095860957442,1157.4073755324762,1125.8316312925506,1131.327392578125,9693881,-0.018890922493005946,-0.0190716354786771,10966953115.692627
2025-09-30,1129.129162712632,1136.1237681453651,1124.5327321092266,1130.7279052734375,8165203,-0.0005298972769689492,-0.0005300377221475553,9232622884.322388
2025-10-01,1131.6272525367885,1163.9024097219321,1130.1284084936935,1158.6064453125,9655009,0.024655392255770625,0.024356353384283998,11186355656.950195
2025-10-03,1170.0975504074936,1187.0844490897546,1168.5987064061178,1180.08984375,11095015,0.01854244685451012,0.01837263166757107,13093114517.753906
2025-10-06,1184.086852097852,1214.263531521155,1181.1890624105488,1211.865478515625,20128505,0.02692645389155346,0.026570315813037385,24393040343.62915
2025-10-07,1211.0660300798188,1211.0660300798188,1183.0876069426613,1185.885498046875,8620156,-0.02143800688222597,-0.02167113889709243,10222517991.301758
2025-10-08,1179.1905708552174,1193.879315975699,1173.195194555325,1179.690185546875,5160430,-0.005224207994956931,-0.0052379018835135615,6087708624.20166
2025-10-09,1177.092172913211,1186.3850546477581,1162.2036312205041,1166.5003662109375,7194651,-0.0111807485537595,-0.011243722963546011,8392563026.259888
2025-10-10,1167.099888033273,1190.7815749845481,1164.301997045437,1179.4903564453125,6933035,0.011135864686069086,0.011074317444567277,8177447923.397827
2025-10-13,1170.0975857557814,1192.6801449968107,1166.600282980252,1188.6832275390625,4138448,0.00779393493428393,0.007763719121905512,4919303725.642578
2025-10-14,1190.881629244145,1190.881629244145,1165.7009755688605,1175.8931884765625,5742538,-0.010759838084852369,-0.010818143759588004,6752611318.767822
2025-10-15,1179.0906179006056,1180.7892589833573,1163.1029485053432,1168.6986083984375,6328142,-0.006118395912681485,-0.006137189995929342,7395690749.147705
2025-10-16,1215.4626602690012,1215.9622749664172,1184.386650484972,1195.378173828125,17747171,0.02282843946075075,0.022571769543783267,21214580860.59546
2025-10-17,1195.378127506221,1211.9653104224176,1190.681676346755,1199.2750244140625,6404414,0.0032599311843364287,0.003254629128439808,7680653756.207764
2025-10-20,1206.9691490495477,1230.7507342517279,1206.0698182446727,1225.05517578125,7418616,0.02149644647172,0.02126865653402143,9088213927.933594
2025-10-21,1224.8554197755107,1237.8454016834933,1221.0582993503724,1236.3465576171875,1940248,0.009217039411091532,0.00917482171980901,2398818935.723633
2025-10-23,1245.0397715691,1275.1165506443417,1240.3434424090542,1257.8299560546875,14611221,0.01737651818184771,0.017227272917890626,18378431468.335327
2025-10-24,1253.2334413696176,1255.0321030466466,1239.1443314870335,1240.9429931640625,4882046,-0.013425473617747707,-0.01351641011622377,6058340776.004639
2025-10-27,1242.441839313446,1257.5301786026632,1241.6424070164871,1253.133544921875,6185072,0.009823619477257406,0.009775681421910735,7750721200.957031
2025-10-28,1248.0374700896894,1257.9298651445754,1235.6470016359046,1245.339599609375,8146777,-0.006219564821390078,-0.006238986887752381,10145504007.286865
2025-10-29,1245.9390863463195,1250.0359022381838,1238.244947255514,1247.837646484375,4578825,0.0020059161981065277,0.00200390703457009,5713630211.663818
2025-10-30,1242.042141558398,1247.0382885477723,1234.0483063753995,1237.6455078125,4017532,-0.008167840344126542,-0.0082013799074549,4972280432.292969
2025-10-31,1242.0420660340162,1244.4402408383398,1230.0513139886355,1231.8499755859375,4106607,-0.004682707762423743,-0.004693705986161346,5058723732.69104
2025-11-03,1225.0552499537425,1240.043691021692,1221.35814994748,1232.749267578125,6118907,0.0007300336972930754,0.0007297673523128079,7543078122.628662
2025-11-04,1229.1519657161218,1234.947544579493,1221.8576648446217,1225.6546630859375,3299345,-0.005755107448675023,-0.00577173189387792,4043857584.3792725
2025-11-06,1224.0559200275998,1238.6446437404365,1224.0559200275998,1227.55322265625,3733721,0.0015490167234646357,0.00154781823455313,4583341246.049316
2025-11-07,1226.0543803853739,1227.8530419588296,1216.0620871466992,1221.857666015625,3461466,-0.004639763503125893,-0.004650560616120611,4229418767.7524414
2025-11-10,1221.0582806000282,1231.8500065022106,1214.5632897457729,1216.0621337890625,4140568,-0.004743213868323326,-0.004754498605311482,5035187957.178711
2025-11-11,1217.1612278614307,1224.0559346641744,1208.467981442474,1221.557861328125,5615453,0.004519281857694679,0.004509100566664705,6859600757.0686035
2025-11-12,1226.9537631333974,1231.7499909053392,1215.562523963644,1220.6585693359375,6782513,-0.0007361845235965836,-0.0007364556404925168,8279132615.082397
2025-11-13,1218.0605641936236,1233.8484365397046,1212.264985237154,1224.2557373046875,3345231,0.002946907562126011,0.0029425739418009766,4095418244.359497
2025-11-14,1223.056775575948,1245.039822195777,1221.058316792327,1240.6431884765625,5197740,0.013385643760962518,0.013296847550173008,6448540726.472168
2025-11-17,1242.9414044247746,1260.028201798564,1239.44410172351,1248.636962890625,4088026,0.0064432501530744535,0.00642258115299072,5104460368.85791
2025-11-18,1249.0367693639987,1272.5186606280417,1246.6385943715704,1264.4249267578125,10175969,0.012644158659726124,0.012564888786826552,12866748857.51477
2025-11-19,1267.0228456161299,1272.0189924837014,1256.8307547967806,1269.4210205078125,4101288,0.003951277489293803,0.003943491694878967,5206261198.356445
2025-11-20,1274.017503489148,1286.3080740780129,1261.6270343540828,1284.2095947265625,4617594,0.011649857675142261,0.01158252055718923,5929958519.351807
2025-11-21,1283.0105266743428,1283.5101413654154,1272.0190034707464,1274.81689453125,6363593,-0.007313993162706756,-0.00734087154978509,8112415866.320801
2025-11-24,1278.2141857045526,1289.9052427423878,1265.623919797552,1268.0220947265625,10491953,-0.00533002020434159,-0.005344275438384233,13304028220.832642
2025-11-25,1268.1219878416657,1275.7161067708207,1262.7261247685515,1265.32421875,5290156,-0.0021276253685029722,-0.002129891978926553,6693762507.765625
2025-11-26,1270.9198641332523,1291.8037824278044,1268.3218921582525,1289.2056884765625,4842021,0.01887379485248042,0.018697894610026036,6242361016.922974
2025-11-27,1296.0004592453204,1302.9950646537377,1280.0127897403665,1286.3079833984375,5924706,-0.0022476669968383156,-0.002250196791771256,7620996627.088623
2025-11-28,1286.3079857267776,1288.0066268242583,1274.0174159821017,1278.7137451171875,3093636,-0.005903903559072998,-0.005921400498508105,3955874875.5893555
2025-12-01,1287.0074895694327,1288.0067189868003,1267.522515930765,1274.7169189453125,4098016,-0.0031256613821013524,-0.0031305564645472224,5223810329.308594
2025-12-02,1269.7206814849603,1280.012792541795,1254.1327280787623,1257.030517578125,8115347,-0.013874767883226169,-0.01397192218420216,10201238839.736084
2025-12-03,1254.0328509120545,1271.9190809099528,1254.0328509120545,1269.720703125,3582794,0.010095367908270703,0.010044750067088961,4549147716.832031
2025-12-04,1269.7206681913929,1281.8114407353803,1268.421743240615,1279.0135498046875,3216108,0.007318811654260848,0.007292159116509467,4113445709.635254
2025-12-05,1274.2172952640824,1284.0097922758284,1266.3234805034615,1281.51171875,2728214,0.0019531997496773368,0.0019512947352254314,3496238212.2578125
2025-12-08,1283.0105727184648,1287.806922715388,1264.1251123229204,1272.8184814453125,2969478,-0.006783580030908287,-0.006806693095444731,3779606478.6452637
2025-12-09,1271.0197291988948,1280.4125094545745,1262.22646215608,1274.916748046875,4239279,0.0016485199045663812,0.001647162587133629,5404727796.743408
2025-12-10,1272.0189640520778,1283.010486915057,1267.3226348920275,1277.6146240234375,2928746,0.0021161193314744864,0.0021138835045907012,3741808719.6501465
2025-12-11,1276.4155672355312,1281.0119977463942,1270.020475144826,1271.7191162109375,2017404,-0.004614464879819535,-0.004625144389027816,2565571231.92041
2025-12-12,1277.0151531013842,1290.0051350969381,1276.9152545582056,1285.10888671875,2281078,0.010528874133548527,0.010473831558748066,2931433609.098633
2025-12-15,1284.009733605876,1289.4055965703628,1279.0135867825068,1283.8099365234375,1634472,-0.001010770533716454,-0.0010112817067338138,2098351394.569336
2025-12-16,1276.1158469576924,1276.6154616594986,1215.9622856507456,1218.66015625,11542048,-0.05074721609482424,-0.05208014713270254,14065834019.125
2025-12-17,1219.6592876851394,1235.0474436599686,1219.3595920738758,1223.756103515625,5147181,0.004181598322953395,0.004172879737317511,6298894164.649658
2025-12-18,1225.1550731667012,1237.5455414162577,1219.259595647226,1228.852294921875,3441592,0.004164384873431626,0.004155737820868638,4229208227.3847656
2025-12-19,1235.746885956047,1240.5432356172332,1228.152767306034,1229.651611328125,5055047,0.0006504576746555468,0.000650246218752729,6215946688.889404
2025-12-22,1234.0482954798545,1235.946855714303,1225.8546632801215,1232.2496337890625,2405809,0.002112811821660232,0.002110582973635533,2964557259.2164307
2025-12-23,1238.045242047991,1238.045242047991,1222.5571861547353,1224.0560302734375,2920318,-0.006649304889976171,-0.006671510004858584,3574632858.2160645
2025-12-24,1229.0520802122269,1234.447943008406,1223.756115954151,1225.35498046875,3155506,0.0010611852424944335,0.0010606225834567866,3866614992.9990234
2025-12-26,1224.0559328937265,1228.9521810205488,1221.058244894803,1227.25341796875,1665983,0.0015492959430203346,0.0015480970222231443,2044583331.027832
2025-12-29,1227.2534168570169,1232.949097235554,1218.0605557924741,1231.050537109375,2209655,0.0030939976088311116,0.00308922104813819,2720196974.576416
2025-12-30,1232.0498131128988,1251.1350696831464,1231.0505837429776,1245.039794921875,5673233,0.011363674675247903,0.011299593135076643,7063400850.864014
2025-12-31,1245.0397618984655,1270.5201101556172,1244.0405325550478,1268.4217529296875,3711090,0.01878008888003424,0.01860592023374915,4707227283.079834
2026-01-01,1269.021335005127,1278.214196672934,1262.8261615302456,1273.41796875,2022412,0.003938923160827779,0.003931185913953117,2575375781.015625
2026-01-02,1272.918311604941,1280.8122479783322,1263.3257341026986,1265.9237060546875,5860547,-0.005885155447169388,-0.005902541220030546,7419005377.747681
2026-01-05,1273.2180455456032,1288.7061011587011,1269.0213308796485,1284.8092041015625,6177100,0.01491835404973374,0.014808169898463605,7936394934.655762
2026-01-06,1303.5945822822944,1303.5945822822944,1284.409427601834,1292.802978515625,6751769,0.006221759922441006,0.0062024846834652075,8728707073.449463
2026-01-07,1292.0036354433014,1297.999011941878,1283.0105706954362,1294.501708984375,5440002,0.0013139902189120978,0.0013131276892520808,7042091885.878418
2026-01-08,1290.1049625392075,1302.1956130273209,1282.810661621765,1285.808349609375,3949654,-0.006715602856809277,-0.006738253985286841,5078498091.268066
2026-01-09,1285.8084190520194,1294.3018688089537,1269.1212151673558,1271.019775390625,5531427,-0.011501382941900062,-0.011568035403197825,7030553103.129639
2026-01-12,1273.7176322643472,1278.613880584573,1265.5240002008,1273.218017578125,6489750,0.001729510610347873,0.0017280167290798674,8262866629.577637
2026-01-13,1273.018218268683,1283.0105119756586,1257.729960106514,1261.0274658203125,5163166,-0.009574598842860382,-0.009620730008783662,6510894136.5896
2026-01-14,1254.0328977976028,1306.9920560312862,1252.5340536966494,1297.7991943359375,7776704,0.029160132917251502,0.02874306468340587,10092600185.789062
2026-01-15,1297.7991943359375,1297.7991943359375,1297.7991943359375,1297.7991943359375,0,0.0,0.0,0.0
2026-01-16,1297.7991895256325,1307.9912805838399,1285.5086191528724,1293.20263671875,5175495,-0.003541809578283428,-0.00354809663525673,6692963780.324707
2026-01-19,1305.992816944013,1325.9774048084967,1296.1004215558446,1306.492431640625,8833223,0.010276653128078461,0.010224207333777192,11540538996.493896
2026-01-20,1305.0934393364212,1309.889789042553,1289.0058710771407,1292.503173828125,6268527,-0.010707492423000842,-0.010765230140651222,8102091042.727295
2026-01-21,1289.005835224937,1296.699852272607,1266.423276770507,1283.9097900390625,3854702,-0.006648636508652217,-0.006670837149740667,4949089635.483154
2026-01-22,1289.0058962937878,1297.8990621440864,1280.4125480470777,1293.80224609375,5949677,0.007704946353268793,0.007675414849549763,7697705466.132324
2026-01-23,1296.0004620817394,1297.9989207742324,1247.03822411566,1257.030517578125,8885549,-0.02842144433327909,-0.028833153251745354,11169406258.435791
2026-01-27,1287.8068186364756,1332.172503629323,1277.4148091338427,1314.7860107421875,22715357,0.045945975341424417,0.044921715495715504,29865833612.614624
2026-01-28,1346.96117816438,1368.344710877668,1309.1902595410845,1318.782958984375,15426403,0.0030399990641301056,0.003035387610487864,20344077394.82544
2026-01-29,1316.9843142731056,1365.9465535746094,1304.9935617911046,1362.6490478515625,16107684,0.03326255360546204,0.032721323966154556,21949120265.693848
2026-01-30,1350.9581487855723,1377.6375249747894,1350.9581487855723,1369.343994140625,14758482,0.004913184579417695,0.004901154276702421,20209438689.33252
2026-02-02,1337.9681888395623,1351.657583056608,1301.8960312952238,1310.4893798828125,8647298,-0.04298015291237944,-0.043931148885692266,11332192193.681885
2026-02-03,1401.9187671636068,1417.2070248903838,1344.4630799847705,1355.15478515625,10384723,0.03408299674846016,0.03351504051337615,14072907065.972168
2026-02-04,1368.6444460360808,1368.8443650997315,1335.5699776381928,1337.6683349609375,6672251,-0.012903655277501258,-0.0129876306119561,8925258885.61145
2026-02-05,1338.9673655022464,1338.9673655022464,1316.38480597186,1329.5745849609375,3766488,-0.006050640348181924,-0.006069019647683683,5007826719.360352
2026-02-06,1323.978857614386,1345.3623895967637,1323.6790400259413,1340.5660400390625,5876574,0.008266896195558537,0.008232912573460366,7877935536.176514
2026-02-09,1348.9596813977641,1348.9596813977641,1329.6745053102466,1340.3663330078125,4077536,-0.0001489721694308832,-0.00014898326688667074,5465391976.027344
2026-02-10,1351.5576029795986,1359.0518231520896,1342.2648431514538,1355.6544189453125,5478998,0.011405901178667577,0.011341344310227654,7427627850.092529
2026-02-11,1356.9535467798464,1358.9520056116282,1343.7637672805854,1346.2618408203125,3866272,-0.006928445770351566,-0.0069525588929342155,5205014459.832031
2026-02-12,1346.8613439479982,1356.6537189643552,1335.1702866842277,1338.9674072265625,4152620,-0.0054182874182227,-0.005433019576973903,5560222834.597168
2026-02-13,1340.2663796042373,1345.4623234479259,1315.0857267297542,1331.2733154296875,4624549,-0.005746287590981725,-0.005762861022486454,6156538679.597046
2026-02-16,1322.9796798725715,1360.8504972188548,1322.9796798725715,1357.2532958984375,5082167,0.01951513649949832,0.01932715790548096,6897787911.056274
2026-02-17,1357.2533026228227,1359.851274590649,1349.3593662013097,1356.154052734375,4513065,-0.0008099027406190951,-0.0008102308890345569,6120411390.003662
2026-02-18,1361.9496315905558,1377.4376868287463,1352.7567701751589,1375.9388427734375,5556076,0.014588895707807747,0.01448350158810467,7644820781.80127
2026-02-19,1380.0356854729655,1381.7344486208985,1349.9589052436156,1355.5545654296875,2744704,-0.014814813500476531,-0.014925648882572915,3720596037.953125
2026-02-20,1349.95888845452,1375.439237570427,1349.95888845452,1367.24560546875,3791536,0.00862454403328039,0.008587565118795154,5183960933.9765625
2026-02-23,1379.4361742227843,1400.9196061284633,1379.1363566149982,1385.63134765625,6160153,0.013447285633217732,0.013357673355181657,8535701103.158691
2026-02-24,1396.9226494184725,1396.9226494184725,1382.4338236555484,1386.5306396484375,7888492,0.0006490124474367587,0.0006488019299390211,10937635858.621582
2026-02-25,1392.9257588022874,1403.2178702295591,1386.5306663608878,1401.9188232421875,4379373,0.01109833649089187,0.011037201866995023,6139525442.698608
2026-02-26,1401.918780685966,1404.616651145543,1384.9318817040264,1394.424560546875,8979547,-0.005345718005255629,-0.005360057481780453,12521300879.38501
2026-02-27,1385.9310826257845,1394.4245319425252,1379.935706637497,1382.83349609375,5840317,-0.008312435667784834,-0.008347176616371613,8076185975.405762
2026-03-02,1368.0449464468218,1383.6329006836204,1352.5568907547233,1371.2425537109375,5132511,-0.00838202315430947,-0.008417349855046542,7037917490.589478
2026-03-04,1343.4638586340375,1356.5537387000065,1325.977345040809,1350.2586669921875,5832353,-0.015302826375947931,-0.015421123023906408,7875185187.207886
2026-03-05,1353.8558818023537,1354.7552126199696,1334.2710107771431,1348.060302734375,6057499,-0.001628106015204911,-0.0016294328201182165,8165873935.753174
2026-03-06,1345.9619172738485,1346.8612480726197,1312.4877344760207,1314.7860107421875,11629935,-0.02468308867540625,-0.024992823541461325,15290875843.840942
2026-03-09,1281.21185421577,1290.005121495157,1259.8284431987802,1287.3072509765625,7926265,-0.020899796271876547,-0.02112128854520172,10203538407.661743
2026-03-10,1294.2017954025807,1318.483117211831,1283.609988769071,1313.686767578125,6289277,0.020492012751074595,0.020284876437597937,8262139972.533447
2026-03-11,1308.9904577529614,1316.4846779309364,1251.7345668027367,1254.832275390625,6859908,-0.04480100861181879,-0.04583559226125261,8608033964.610352
2026-03-12,1242.2419531270289,1250.1358898575004,1230.8508354394771,1233.5487060546875,9663320,-0.016961286184093427,-0.017106776277913485,11920175882.192383
2026-03-13,1223.0566935167647,1233.548601426835,1193.3796313616317,1196.3773193359375,9098187,-0.030133700060889224,-0.03059705209915968,10884864573.877075
2026-03-16,1198.2758601545113,1218.9599821354238,1179.1906028112269,1213.763916015625,8743794,0.014532703352599707,0.014428115695757533,10612901646.273926
2026-03-17,1218.7600133529452,1231.3504009913356,1209.0675372579854,1227.153564453125,5707317,0.011031509720155208,0.01097110643708363,7003754400.013916
2026-03-18,1227.0537204854681,1259.0290617359037,1223.25659992148,1252.2342529296875,6018952,0.020438100986765795,0.020232045854170853,7537137861.139648
2026-03-19,1220.0590351044686,1240.543236758557,1201.0736774738505,1206.06982421875,8264698,-0.03686564922092861,-0.037562364164157314,9967802864.081055
2026-03-20,1207.6686193933658,1230.850814485364,1198.7754534047704,1202.9722900390625,7518686,-0.0025682876044875735,-0.00257159131289179,9044770915.504639
2026-03-23,1180.0898858184764,1184.1867018397022,1164.1022159005292,1169.6978759765625,6697446,-0.027660166687147436,-0.028049912875641497,7833988360.667725
2026-03-24,1186.0852033826384,1201.8730754363555,1168.698588811437,1191.78076171875,8274701,0.018879136395584917,0.018703137191717466,9861629460.774902
2026-03-25,1199.0752581820623,1238.0452040729795,1197.0767994184255,1221.158203125,9645791,0.02465003828714507,0.024351128229901667,11779036805.279297
2026-03-27,1208.5679755024764,1212.5648931560606,1201.0737549020064,1204.271240234375,9479301,-0.01382864468126288,-0.013925151123231387,11415649571.824951
2026-03-30,1184.1867379087505,1187.883959875634,1153.0108294096656,1160.4051513671875,18534887,-0.03642542261380444,-0.03710539154276172,21507978354.808716
2026-04-01,1174.0945147139696,1207.0690840633831,1174.0945147139696,1192.1805419921875,6595695,0.027383014102929648,0.02701480601863318,7863259239.915161
2026-04-02,1173.694834782652,1201.3735624884298,1149.4136334255566,1196.9769287109375,9501543,0.004023205001093988,0.0040151335533369905,11373127758.154907
2026-04-06,1201.1735518383607,1248.8368640111612,1195.4779934543012,1244.34033203125,7847086,0.039569186493276565,0.03880638357416975,9764445598.717773
2026-04-07,1236.846148755743,1254.5324596108962,1220.0590467422576,1249.1365966796875,9248545,0.003854463706571387,0.0038470542947749266,11552696025.53894
2026-04-08,1299.0981069582683,1334.5707503418926,1299.0981069582683,1331.9727783203125,13519723,0.0663147504130539,0.06420854521374175,18007903006.43103
2026-04-09,1321.281007006804,1337.5683720869056,1311.788328262907,1317.48388671875,6542529,-0.01087776855307343,-0.010937364048809465,8619676535.890137
2026-04-10,1327.775987854385,1357.552948822845,1325.077995466752,1349.759033203125,6755589,0.02449756449375462,0.024202311430697038,9118417277.357666
2026-04-13,1316.9843426965365,1365.846684510496,1314.286472120357,1352.556884765625,8974851,0.0020728526304880646,0.0020707072356874866,12138996509.795654
2026-04-15,1365.946582373461,1383.4330967783883,1347.9604532712501,1354.4554443359375,6789879,0.0014036818648417437,0.0014026976243855635,9196588577.932251
2026-04-16,1360.950405135781,1363.448478566647,1341.9650470611996,1348.5599365234375,5232398,-0.004352677555510498,-0.004362178034833321,7056202314.745361
2026-04-17,1351.957337543237,1363.248678214176,1343.0641717554277,1358.0526123046875,4062181,0.007039120415902378,0.007014461458409132,5516655518.704468
2026-04-20,1358.4523557219322,1372.941181877113,1346.9612177367892,1353.656005859375,4878641,-0.00323743454817349,-0.003242686377432643,6604001690.081787
2026-04-21,1359.9512233524406,1379.236399704072,1353.656029295873,1376.6383056640625,5145338,0.016977946912071662,0.01683543237907151,7083269386.388916
2026-04-22,1368.944287324286,1389.928104867213,1364.947369697062,1378.536865234375,3997911,0.0013791273731822429,0.0013781772504863356,5511267697.426025
2026-04-23,1367.945042422019,1383.1332804429271,1364.347840993514,1368.5445556640625,5671255,-0.00724848919336929,-0.007274887131963708,7761365154.032593
2026-04-24,1367.9449987412254,1373.9403749227063,1348.9596408332025,1364.847412109375,3648313,-0.0027015149337930033,-0.002705170610656534,4979390556.61499
2026-04-27,1323.9788756219436,1326.2771518946506,1298.8982435808812,1323.179443359375,10768267,-0.030529397191442875,-0.031005126771986403,14248349535.005127
2026-04-28,1310.9889903752908,1320.3817712564608,1284.5094109203021,1288.0067138671875,9939787,-0.02658197999425438,-0.026941669317578097,12802512390.40979
2026-04-29,1294.0020554402972,1308.1910639372534,1278.014385257251,1295.4010009765625,6228275,0.005740876215756696,0.005724460184198708,8068113669.3573
2026-04-30,1287.0074012162179,1287.0074012162179,1256.3311089994636,1267.3226318359375,16481853,-0.02167542646598053,-0.021913789226411934,20887825321.493042
2026-05-01,1267.3226318359375,1267.3226318359375,1267.3226318359375,1267.3226318359375,0,0.0,0.0,0.0
2026-05-04,1267.3226232305547,1293.4024846611255,1263.525502940515,1274.1173095703125,9759479,0.005361442748427647,0.005347121380247054,12434721126.287964
2026-05-05,1267.0229010000714,1272.7184598875697,1251.0352303249917,1258.729248046875,10163714,-0.012077429140827767,-0.012150953881061497,12793364080.583496
2026-05-06,1274.0174810881558,1299.9974454083847,1254.2326902384063,1293.20263671875,7277673,0.027387453437954346,0.02701912702197135,9411505912.776855
2026-05-07,1297.9989290636138,1307.0918917772797,1280.212597796342,1291.7037353515625,6785048,-0.0011590614839687152,-0.0011597337152189616,8764271846.139648
2026-05-08,1279.0135664260551,1281.0120251235958,1263.625410059744,1267.3226318359375,6358595,-0.01887515135890605,-0.019055560805937958,8058391350.178833
2026-05-11,1257.7299630241207,1282.011285578894,1250.735357413012,1271.319580078125,7341360,0.0031538521776395267,0.0031488892180829395,9333214712.402344
2026-05-12,1269.421017563825,1273.0182189048855,1255.9314210526663,1259.12890625,5727828,-0.009588992428934295,-0.009635262845529537,7212073804.828125
2026-05-13,1255.1320159570741,1274.3172934854406,1246.538667573858,1254.7322998046875,6045406,-0.0034917842196210414,-0.0034978947266673887,7585366173.633057
2026-05-14,1255.631637507536,1268.022106441695,1234.8477392086593,1253.6331787109375,5822618,-0.0008759805529203746,-0.0008763644480910977,7299427111.7595215
2026-05-15,1258.6293424179842,1262.4264629724478,1241.0429291696062,1243.8408203125,4805485,-0.007811183179202819,-0.007841850272441732,5977258404.399414
2026-05-18,1238.0451728188796,1241.0428608886589,1221.1581722972078,1236.946044921875,6052023,-0.005543133235402897,-0.0055585534088869815,7486025913.626221
2026-05-19,1237.5456222864914,1248.8369633917555,1230.351219336608,1237.3458251953125,9200314,0.0003231994435639596,0.00032314722587464866,11383970118.385986
2026-05-20,1233.0490412431207,1253.1335271630967,1225.6547195178894,1248.8369140625,3562641,0.00928688539064959,0.009244027410942652,4449157592.352539
2026-05-21,1255.9314298819743,1261.726887089914,1243.8407788007414,1252.334228515625,5171528,0.0028004573005038225,0.002796543325534932,6476481528.126953
2026-05-22,1253.1334965544734,1287.8068279947058,1253.1334965544734,1284.409423828125,5016900,0.02561232822847792,0.025289827615608985,6443753638.40332
2026-05-25,1299.39784951034,1313.4869587156177,1292.9028588434312,1310.189453125,5671455,0.020071504318333933,0.019872727112006616,7430680524.873047
2026-05-26,1308.7907369859347,1315.985139985791,1290.50478989495,1298.298828125,6455265,-0.009075500471812714,-0.009116933701597928,8380862984.736328
2026-05-27,1295.3010549602839,1313.4869803364859,1292.103447855121,1303.094970703125,7243174,0.0036941746185288338,0.0036873679137596265,9438543611.327637
2026-05-28,1303.094970703125,1303.094970703125,1303.094970703125,1303.094970703125,0,0.0,0.0,0.0
2026-05-29,1295.1011997994176,1311.5884848848368,1276.4156588264402,1285.6085205078125,15215715,-0.013419167895243445,-0.013510018604803078,19561452849.61853
2026-06-01,1288.0066280954209,1292.2033425617142,1266.0235824646225,1274.916748046875,4311076,-0.008316507156248654,-0.008351282240933487,5496262994.50293
2026-06-02,1262.0267183828762,1274.8169033533427,1243.9406908361375,1250.1358642578125,11884695,-0.019437256453824103,-0.019628644015049143,14857483455.265503
2026-06-03,1244.1404736967706,1263.8253656219047,1229.3519520935338,1254.232666015625,7953326,0.003277085215249498,0.003271727273924577,9975321272.671387
2026-06-04,1245.0398052641103,1258.929118016639,1243.1412450502407,1252.334228515625,6392593,-0.0015136246658531416,-0.001514771352916299,8005663022.869385
2026-06-05,1259.0290099995375,1275.0166799677856,1251.1350735574667,1271.319580078125,7825303,0.015159971779261427,0.015046207739264551,9948460923.944092
2026-06-08,1261.0274061863013,1278.2141017590434,1261.0274061863013,1267.1226806640625,5034388,-0.003301215115246281,-0.0033066761478726726,6379187218.062988
2026-06-09,1274.916768250008,1297.3994289105083,1270.520134658929,1291.404052734375,7533504,0.019162605516292563,0.01898131512763128,9728797596.890625
2026-06-10,1282.5109488108894,1325.477813476934,1282.5109488108894,1313.487060546875,12262606,0.017099998846791697,0.01695543951559349,16106774309.584473
2026-06-11,1307.7914623726329,1338.4677555724868,1306.2926183014429,1316.284912109375,8196686,0.002130094499244617,0.0021278290644464897,10789174111.098145
2026-06-12,1330.9735596234657,1357.4531387000588,1317.4839627353902,1355.2548828125,8535670,0.029606030081036794,0.029176234004693033,11568008445.576172
2026-06-15,1370.9427053735023,1376.9380816360685,1359.5514660793779,1367.24560546875,7522828,0.008847577535648687,0.008808667062056163,10285553523.697266
2026-06-16,1362.4492051798502,1370.4430399003772,1348.1601768264127,1364.6474609375,7709061,-0.0019002763811108991,-0.0019020841968693022,10520150519.862305
2026-06-17,1363.048787960663,1364.647530591123,1348.2602661586025,1349.8590087890625,4761917,-0.010836829710054174,-0.010895975841638593,6427916561.555786
2026-06-18,1346.561512407277,1364.8474591819588,1343.9635403676145,1359.0518798828125,5186573,0.006810245391477343,0.006787160420609125,7048821785.799438
2026-06-19,1355.7545097416184,1361.9496832815275,1349.4593156798994,1356.8536376953125,4640277,-0.0016174821727111821,-0.0016187917092925863,6296176727.363892
2026-06-22,1359.9511533650066,1365.0471986847929,1354.1555743103543,1357.552978515625,3153284,0.0005154136016471966,0.0005152808216792571,4280750086.305664
2026-06-23,1357.5529705396623,1370.8427696854017,1355.0548971646165,1362.44921875,5745853,0.00360666604682236,0.0036001776232071595,7828432930.902344
2026-06-24,1354.9550675446912,1385.0318481148515,1354.9550675446912,1383.43310546875,8343829,0.015401591802446823,0.015284191190403626,11543129264.970215
2026-06-25,1385.831270177255,1399.021049380356,1371.6421396044548,1376.138671875,7995552,-0.005272704234787318,-0.005286653996680014,11002988310.1875
2026-06-26,1376.138671875,1376.138671875,1376.138671875,1376.138671875,0,0.0,0.0,0.0
2026-06-29,1391.5268564078813,1391.5268564078813,1351.1579637199086,1355.7545166015625,12602010,-0.01481257353640375,-0.014923375237417633,17085231975.758057
2026-06-30,1356.6537167481358,1373.9404342753348,1342.5646065082708,1344.6629638671875,7781221,-0.00818109222470298,-0.008214741007896617,10463119692.3656
2026-07-01,1344.6628669036613,1376.6382056137847,1344.6628669036613,1367.6451416015625,3187785,0.017091403832733887,0.016946988969546998,4359758667.720337
2026-07-02,1372.941166068036,1374.440010135796,1357.053394554533,1361.5499267578125,4013561,-0.004456722477449326,-0.004466683271082671,5464663685.588013
2026-07-03,1371.941884852612,1371.941884852612,1337.3685740578373,1341.065673828125,3500465,-0.015044804841248482,-0.015159125993095499,4694353453.936768
2026-07-06,1354.6551952621983,1369.9434532686023,1334.470810970254,1338.567626953125,5154081,-0.0018627326936713207,-0.0018644697376496038,6899085973.294189
2026-07-07,1345.762131730582,1355.8543237280394,1335.1702030839804,1339.966552734375,6198988,0.0010450915987221254,0.0010445458706880258,8306436580.801758
2026-07-08,1342.9642575887744,1342.9642575887744,1302.9950832557752,1308.4908447265625,6917968,-0.023489920657782326,-0.023770206811640996,9052097792.111328
2026-07-09,1311.8882333774443,1320.5814799012492,1291.2041127197447,1296.5999755859375,5609851,-0.009087468352222072,-0.009129011264203974,7273732669.640747
2026-07-10,1304.0,1326.5999755859375,1303.9000244140625,1323.699951171875,3549139,0.02090079908700515,0.020685373920516507,4697995121.002197
2026-07-13,1315.9000244140625,1329.9000244140625,1313.5,1319.4000244140625,3674483,-0.0032484149855908084,-0.0032537025394346647,4848112959.909058
2026-07-14,1320.0999755859375,1323.699951171875,1298.5999755859375,1317.5999755859375,6005505,-0.0013642934627990932,-0.0013652249584440825,7912853241.381226
2026-07-15,1328.0,1348.0,1303.300048828125,1312.300048828125,9442403,-0.004022409574996888,-0.004030521223948063,12391265917.954834
2026-07-16,1315.0999755859375,1315.5,1299.4000244140625,1307.5999755859375,5001226,-0.0035815538118623147,-0.003587982931130785,6539602995.499756
2026-07-17,1307.0,1333.0,1305.0,1328.5,11192836,0.015983500156228736,0.01585710902070799,14869682626.0
2026-07-20,1275.0,1284.0,1249.0999755859375,1256.0,25314148,-0.05457282649604822,-0.056118418171724256,31794569888.0
2026-07-21,1245.0,1267.699951171875,1244.5,1258.199951171875,15014867,0.0017515534807921451,0.0017500212998644293,18891704926.252197
2026-07-22,1258.199951171875,1258.199951171875,1230.5,1238.4000244140625,8358923,-0.015736709208557076,-0.015861845778348243,10351690447.275269
2026-07-23,1230.0999755859375,1239.4000244140625,1219.199951171875,1223.0,8240787,-0.012435419985839302,-0.012513386862487885,10078482501.0
2026-07-24,1216.800048828125,1233.9000244140625,1210.5999755859375,1227.300048828125,8088828,0.003515984323896104,0.003509817701284892,9927418999.362305
2026-07-27,1237.0,1237.0,1221.5999755859375,1227.5,5967502,0.00016291955016689563,0.00016290628021825215,7325108705.0
2026-07-28,1222.5,1233.9000244140625,1219.699951171875,1223.5,6093182,-0.0032586558044807035,-0.0032639767859493425,7455008177.0
2026-07-29,1229.5,1237.0999755859375,1214.4000244140625,1235.4000244140625,10110233,0.009726215295514873,0.009679220141143164,12490182095.03186
2026-07-30,1229.0,1232.199951171875,1220.199951171875,1228.9000244140625,6878684,-0.005261453676174921,-0.005275343866720001,8453214935.536621
2026-07-31,1226.199951171875,1239.699951171875,1226.0,1229.5,7487936,0.0004882216405062145,0.00048810249909778385,9206417312.0
2026-08-03,1236.9000244140625,1272.0,1230.5,1272.0,6713421,0.03456689711264738,0.03398288224382016,8539471512.0
2026-08-04,1264.0,1264.0,1244.0,1261.800048828125,5694891,-0.00801882953763755,-0.008051153266160628,7185813741.87085
2026-08-05,1260.0,1263.0,1246.199951171875,1253.9000244140625,4295407,-0.006260916237401881,-0.0062805979669128004,5386010942.168335
2026-08-06,1256.0999755859375,1259.9000244140625,1248.300048828125,1256.0,4845792,0.0016747551998164134,0.0016733543611498973,6086314752.0
2026-08-07,1252.0999755859375,1256.0,1238.0,1238.0,3628823,-0.014331210191082855,-0.014434893783602628,4492482874.0
2026-08-10,1235.0,1250.0,1235.0,1247.300048828125,3661847,0.007512155757774641,0.0074840800341789025,4567421941.901123
2026-08-11,1242.0,1243.0,1225.4000244140625,1229.800048828125,5843702,-0.01403030491054802,-0.014129660055233235,7186585004.937012
2026-08-12,1230.0,1234.9000244140625,1216.9000244140625,1230.0,7218881,0.00016258835903082414,0.00016257514297607633,8879223630.0
2026-08-13,1224.5,1224.800048828125,1215.5999755859375,1221.800048828125,5284300,-0.006666626969004108,-0.0066889481867075835,6456357998.022461
2026-08-14,1216.0,1218.699951171875,1208.5999755859375,1217.4000244140625,5557745,-0.003601263904255636,-0.0036077640656665432,6765998898.687134
2026-08-17,1220.0,1235.0,1213.5999755859375,1227.300048828125,6068014,0.008132104662004869,0.008099217274368154,7447273878.489746
2026-08-18,1223.9000244140625,1250.5,1223.4000244140625,1243.0,5064697,0.012792268025138442,0.012711138122253711,6295418371.0
2026-08-19,1243.0999755859375,1245.0,1224.0,1235.0,3061937,-0.006436041834271933,-0.006456842448633552,3781492195.0
2026-08-20,1237.5,1253.9000244140625,1236.199951171875,1251.0,4163816,0.012955465587044523,0.012872261404833558,5208933816.0
2026-08-21,1250.5999755859375,1256.4000244140625,1240.4000244140625,1245.800048828125,3690270,-0.004156635628996819,-0.004165298452674287,4597338546.188965
2026-08-24,1245.800048828125,1248.699951171875,1231.800048828125,1236.0,3778588,-0.00786647009473429,-0.007897573996600758,4670334768.0
2026-08-25,1236.0999755859375,1240.5,1229.800048828125,1235.0,3606504,-0.0008090614886731018,-0.0008093889555584729,4454032440.0
2026-08-26,1240.0999755859375,1257.699951171875,1238.199951171875,1255.0,3298266,0.0161943319838056,0.016064602503806622,4139323830.0
2026-08-27,1260.0,1268.699951171875,1251.4000244140625,1256.0,7005789,0.0007968127490038945,0.0007964954622596354,8799270984.0
2026-08-28,1256.0,1265.4000244140625,1248.199951171875,1265.0,3243469,0.007165605095541316,0.0071400541334765396,4102988285.0
2026-08-31,1257.0,1300.0,1251.199951171875,1300.0,6093670,0.027667984189723382,0.027292142288007554,7921771000.0
2026-09-01,1274.9000244140625,1275.0999755859375,1255.0,1258.0,5588158,-0.03230769230769226,-0.03284110618924222,7029902764.0
2026-09-02,1254.5999755859375,1266.9000244140625,1250.0,1253.9000244140625,6437250,-0.0032591220873906535,-0.003264444593391796,8071667932.159424
2026-09-03,1265.0,1278.9000244140625,1260.199951171875,1267.0,3309215,0.010447384425292583,0.010393187654145033,4192775405.0
2026-09-04,1270.300048828125,1280.699951171875,1262.0,1273.0,3810611,0.0047355958958168465,0.004724418236267424,4850907803.0
2026-09-08,1262.800048828125,1264.9000244140625,1239.5,1244.9000244140625,3623260,-0.02207382214134912,-0.022321094558402435,4510596462.458496
2026-09-09,1236.0,1257.4000244140625,1234.699951171875,1238.5,6679663,-0.0051409946891717295,-0.00515425506958974,8272762625.5
2026-09-10,1242.0999755859375,1255.199951171875,1240.4000244140625,1246.0,4150654,0.006055712555510739,0.006037450417984245,5171714884.0
2026-09-11,1237.9000244140625,1252.800048828125,1229.800048828125,1246.0,4562285,0.0,0.0,5684607110.0
