Date,open,high,low,close,volume,returns,log_returns,dollar_vol
2018-01-02,2769.6788569015525,2772.4554773094737,2641.4637547496704,2653.537353515625,847930,-0.04091239996717411,-0.04177286308498778,2250013928.166504
2018-01-03,2670.183285407882,2688.231318012892,2641.690613741607,2666.8837890625,470880,0.005029676906259661,0.005017070335018922,1255782238.59375
2018-01-04,2667.9344016737286,2680.1422223335135,2629.922403471918,2644.337646484375,494210,-0.008454115125147932,-0.008490053853199949,1306858108.269043
2018-01-05,2665.277461186279,2714.1460177988765,2655.022631762046,2706.001220703125,527770,0.023319100078135424,0.023051364115834534,1428146264.2504883
2018-01-08,2721.0883687988926,2721.0883687988926,2687.7734386245866,2702.3369140625,329240,-0.0013541407936515926,-0.0013550584708323988,889717405.5859375
2018-01-09,2702.6697278510733,2706.4319941148146,2638.7749226339174,2646.762451171875,827180,-0.02056533461887189,-0.020779745832298108,2189348964.3603516
2018-01-10,2648.895848683991,2656.295650475644,2591.512360697126,2600.536376953125,842020,-0.01746513904120217,-0.017619453976282,2189703640.1220703
2018-01-11,2600.7678009748392,2640.1032570394054,2574.898999178885,2632.671142578125,600910,0.012356976010714504,0.012281251759646637,1581998416.286621
2018-01-12,2639.6399544675905,2663.703993323186,2611.040860212433,2651.64892578125,596570,0.007208565815987278,0.007182708294826349,1581894199.6533203
2018-01-15,2660.928149720859,2660.928149720859,2582.2572305117205,2589.80029296875,575940,-0.023324593316695452,-0.023600916856678103,1491569580.7324219
2018-01-16,2592.437935368282,2605.3954973444174,2563.838835391448,2581.442626953125,465370,-0.0032271469110246587,-0.0032323653798188128,1201325955.3051758
2018-01-17,2573.0015564772525,2619.371207286315,2561.9043393782617,2612.137939453125,475950,0.011890759135805284,0.011820619520758104,1243247052.2827148
2018-01-18,2612.693259214764,2635.845545259981,2574.024166943519,2587.291748046875,493990,-0.009511822109766421,-0.009557348411747848,1278096250.6176758
2018-01-19,2580.405783099681,2608.944775755627,2568.4664062671004,2592.386962890625,324590,0.0019693236557478677,0.001967387079996803,841462884.284668
2018-01-22,2592.3872319513457,2600.5595981787033,2553.5653853944395,2559.10009765625,344660,-0.012840237862197346,-0.012923386246591995,882019439.6582031
2018-01-23,2563.746317768216,2575.727498757243,2500.8095850576606,2505.552978515625,1173990,-0.020924198779745273,-0.021146212257685502,2941494141.2475586
2018-01-24,2499.513482190058,2503.585767915763,2434.3693384843905,2443.800537109375,940580,-0.02464623256253562,-0.02495503539682339,2298589909.194336
2018-01-25,2452.681069080289,2473.9684896798535,2425.659864749895,2454.4765625,1754720,0.004368615698584488,0.004359100997673357,4306919113.75
2018-01-29,2473.968376476154,2577.536210269348,2458.7941303661573,2540.945068359375,1274230,0.0352288985686231,0.03462256030281575,3237748434.4555664
2018-01-30,2540.607822756321,2540.885530005845,2458.142101403381,2470.211181640625,1416630,-0.027837629234708783,-0.02823244036024075,3499375266.2475586
2018-01-31,2482.9743817642825,2534.7768383721873,2455.009103960935,2491.887451171875,1377660,0.008775067367662537,0.0087367902240354,3432973665.9814453
2018-02-01,2497.4777501985204,2619.278938945587,2472.534485353961,2595.895263671875,1255640,0.041738567466635734,0.04089101690612575,3259509928.876953
2018-02-02,2582.34984708908,2639.779436723256,2517.4693875616204,2574.08935546875,1498590,-0.00840014946222467,-0.008435629549455722,3857504567.211914
2018-02-05,2526.7248888784866,2572.909257085285,2526.7248888784866,2548.748046875,486830,-0.009844766476311828,-0.00989354660649888,1240807011.6601562
2018-02-06,2456.8971206398455,2596.140069000371,2452.6813486099763,2552.5703125,614080,0.0014996639741171602,0.0014985406010806627,1567482377.5
2018-02-07,2584.075741425373,2629.5474197445205,2510.0741077077105,2592.4794921875,1388510,0.015634899259018953,0.015513933451190275,3599683699.6972656
2018-02-08,2612.7998180244144,2623.906299716335,2573.927132102691,2609.838134765625,685330,0.0066957685221564756,0.006673451428777801,1788600368.8989258
2018-02-09,2554.9535580296965,2586.884692879189,2550.788627397154,2568.18408203125,335150,-0.015960396999147863,-0.01608913578768497,860726895.0927734
2018-02-12,2568.4665406696968,2591.512399840643,2564.3477062646766,2582.386474609375,175940,0.0055301302883599135,0.005514895259843362,454345076.34277344
2018-02-14,2574.852914498604,2611.638619325104,2568.614782399872,2594.067138671875,379990,0.0045232052511685605,0.004513006301360771,985719572.0239258
2018-02-15,2610.022835487319,2628.4409913529767,2600.7674353614775,2623.02197265625,302320,0.011161944713273586,0.011100109913989664,792992002.7734375
2018-02-16,2628.533904611649,2630.843235640988,2512.934035599948,2529.329833984375,493090,-0.03571915891234256,-0.036372697870518535,1247187247.8393555
2018-02-19,2543.8468537676986,2550.6772309457056,2470.7940401340425,2507.24169921875,332660,-0.00873280126175957,-0.008771155627996513,834059023.6621094
2018-02-20,2510.064553358349,2535.9704096769888,2480.539916880237,2491.220458984375,210980,-0.006389986350086252,-0.006410489703632723,525597692.43652344
2018-02-21,2510.4348376922885,2543.3841551230526,2502.993685212399,2532.809814453125,366820,0.0166943697490769,0.01655655051348338,929085296.1376953
2018-02-22,2531.352264691916,2531.352264691916,2471.192156024649,2486.78759765625,617210,-0.018170419482053335,-0.018337528948792058,1534870173.149414
2018-02-23,2508.2137813696922,2512.512933400324,2452.6813729260825,2473.450439453125,868030,-0.005363207624042743,-0.00537764125221294,2147029184.958496
2018-02-26,2498.032769738576,2525.3499868024774,2472.117646525282,2516.168701171875,450250,0.017270716662588503,0.017123273052417474,1132904957.7026367
2018-02-27,2517.5616157460986,2531.0558362105,2499.587474068562,2513.271728515625,506840,-0.0011513427755860395,-0.0011520060798554173,1273826642.8808594
2018-02-28,2501.73482658098,2554.3979665448783,2453.699386999215,2539.4736328125,627240,0.010425416400299259,0.01037144652824615,1592859441.4453125
2018-03-01,2527.784648970961,2591.605349338927,2525.0866629831635,2567.666259765625,914230,0.011101760061159371,0.011040587852658205,2347437524.6655273
2018-03-05,2566.0599069693167,2572.99219322505,2539.686533566526,2549.710205078125,510190,-0.006993141970537464,-0.007017708586732248,1300836649.5288086
2018-03-06,2564.6718739911094,2571.544055114351,2522.20345321027,2544.16650390625,427350,-0.002174247552068409,-0.002176614660018755,1087249555.444336
2018-03-07,2542.459102055513,2559.5815969182822,2527.2432743650947,2547.841064453125,274720,0.0014443082012254305,0.001443266191336986,699942897.2265625
2018-03-08,2552.639473572463,2577.5364106855523,2538.344444143106,2564.8427734375,298230,0.0066729864831753805,0.006650820662381501,764913060.3222656
2018-03-09,2568.374304052744,2597.528823179829,2560.0860184502085,2588.1669921875,286790,0.009093820093595939,0.009052720293194363,742260411.6894531
2018-03-12,2597.5287129000544,2626.6832307893656,2597.5287129000544,2620.843017578125,230320,0.012625161162034493,0.01254612832123686,603632563.8085938
2018-03-13,2596.3252459592627,2676.662178101591,2596.3252459592627,2670.123291015625,412710,0.018803214502728594,0.018628619303433274,1101986583.4350586
2018-03-14,2674.255597051174,2689.6151345607327,2661.853449527861,2669.873291015625,464660,-9.362863536721555e-05,-9.363301880150803e-05,1240583323.4033203
2018-03-15,2670.18321384327,2677.8837708177,2649.8213314500113,2655.88818359375,252620,-0.0052381165311987665,-0.005251883560174949,670930472.9394531
2018-03-16,2651.6720604422835,2669.109315128443,2581.1644875634533,2598.837646484375,534360,-0.02148077523059666,-0.021714845155153272,1388714884.7753906
2018-03-19,2602.618369502068,2616.9319263406546,2526.821256343191,2536.26171875,195130,-0.02407842899267898,-0.024373053372353595,494900749.1796875
2018-03-20,2534.12902025061,2630.7553249403936,2531.366183381969,2624.87353515625,470700,0.03493796233691615,0.03434148514977702,1235527972.9980469
2018-03-21,2626.6832093238995,2636.771507586619,2575.778495964909,2589.740234375,341710,-0.013384759422003456,-0.013475142726303386,884940135.4882812
2018-03-22,2589.129042050581,2636.6786643688165,2584.6030244532844,2594.335205078125,261320,0.0017742979168851036,0.0017727257097706643,677951675.7910156
2018-03-23,2551.7140342630555,2592.9283616852467,2530.361761066093,2581.89599609375,441270,-0.004794757809255534,-0.004806289536472496,1139313246.196289
2018-03-26,2573.2744061178796,2591.604890249465,2555.2541677237355,2579.762451171875,262750,-0.0008263481275400109,-0.0008266897413615483,677832584.0454102
2018-03-27,2606.228568604671,2643.342821149149,2592.798971213646,2630.7646484375,356170,0.01977011381123761,0.019577223278168906,936999444.8339844
2018-03-28,2614.4657286358383,2651.8066169829253,2591.419644489664,2626.00244140625,785360,-0.0018101988081976605,-0.0018118391979802613,2062357277.3828125
2018-04-02,2638.714879824687,2665.8981015871746,2609.00969681456,2618.2373046875,311000,-0.002957018088144525,-0.002961398703969511,814271801.7578125
2018-04-03,2613.326760266478,2613.326760266478,2573.000923530167,2590.586181640625,309720,-0.010560969014294597,-0.010617131819965956,802356352.1777344
2018-04-04,2637.604028985448,2707.204594215282,2628.593797348635,2677.980712890625,860680,0.033735427089575776,0.03317887012418645,2304884439.970703
2018-04-05,2702.5773300868723,2753.3893956684483,2693.326447510674,2746.794921875,510750,0.025696304925996616,0.025371703834729135,1402925506.3476562
2018-04-06,2753.2968770415573,2767.3605228576116,2736.637154380106,2758.031005859375,463320,0.004090616265121527,0.004082272440922909,1277850925.6347656
2018-04-09,2767.3648620810122,2775.338380897661,2748.8540603279616,2758.6416015625,246410,0.0002213882664219291,0.00022136376365602432,679756877.0410156
2018-04-10,2759.1278850782755,2792.3546867231125,2744.2265979894028,2774.03369140625,465160,0.005579590271904689,0.0055640820178298606,1290369511.8945312
2018-04-11,2776.6157723971496,2854.365659801711,2769.6787409068156,2840.029052734375,694830,0.023790396465830144,0.023511814713926334,1973337386.7114258
2018-04-12,2827.1317759712247,2859.9190811800563,2825.6740954183533,2839.70068359375,584100,-0.00011562175404822295,-0.0001156284387584978,1658669169.2871094
2018-04-13,2839.6494582612263,2915.4510963824005,2832.1524936286173,2901.845703125,452320,0.021884355590816362,0.02164833037980157,1312562848.4375
2018-04-16,2906.1956199811034,2906.1956199811034,2869.174019726567,2896.870849609375,350060,-0.0017143756162733004,-0.001715846839877163,1014078609.6142578
2018-04-17,2896.9409551806393,2912.5086053081827,2859.919345529768,2871.729248046875,272920,-0.008678882445135705,-0.008716763280181236,783752346.3769531
2018-04-18,2873.8065537875787,2900.3882645285275,2850.6635318551416,2857.503173828125,222400,-0.004953835473321733,-0.004966146390604637,635508705.859375
2018-04-19,2885.8339496433173,2886.66684532483,2830.3015452242666,2861.78369140625,268080,0.0014979922392843736,0.0014968713681411223,767186971.9921875
2018-04-20,2855.291505872003,2889.5364931385393,2839.3352019246686,2882.9375,175600,0.007391826523183154,0.007364640859118741,506243825.0
2018-04-23,2906.1915310603436,2906.1915310603436,2869.174444563028,2875.208984375,256980,-0.0026807780692436056,-0.0026843777895786884,738871204.8046875
2018-04-24,2883.057350101497,2915.451252911626,2864.61139957067,2881.8310546875,302840,0.0023031613870458933,0.002300513176250273,872733716.6015625
2018-04-25,2883.057493633253,2887.6851942650883,2832.819148458618,2845.753662109375,193600,-0.012518913112356977,-0.012597934909114457,550937908.984375
2018-04-26,2846.0358991210055,2898.4215608522063,2846.0358991210055,2888.16650390625,223920,0.014903904846576665,0.014793932983784017,646718243.5546875
2018-04-27,2900.6428964744305,2983.63601131621,2891.0542008777575,2924.64208984375,444460,0.012629322405119936,0.012550237674524768,1299886423.2519531
2018-04-30,2933.962645043766,2951.0713562946817,2873.2889161377752,2886.630615234375,256470,-0.012996966275420685,-0.013082165870928041,740334153.8891602
2018-05-02,2901.475635868019,2911.175278262252,2803.4610274074835,2824.956787109375,592920,-0.02136533431035914,-0.02159687699645695,1674973378.2128906
2018-05-03,2843.722114653691,2843.722114653691,2739.7839104781892,2765.365966796875,317930,-0.02109441835868786,-0.02132008477849839,879192801.8237305
2018-05-04,2758.10936042604,2785.875562041067,2697.949256926814,2703.3544921875,247580,-0.022424328408584215,-0.022679576726125552,669296505.1757812
2018-05-07,2725.7111911213897,2762.737315934006,2693.3263247223645,2755.04150390625,292550,0.019119583416870256,0.01893910105181559,805987391.9677734
2018-05-08,2758.1094446566294,2822.8972504035974,2758.1094446566294,2816.1455078125,385600,0.022178977637764552,0.021936601339119743,1085905707.8125
2018-05-09,2822.8044571533815,2845.1238460177483,2790.5032003762494,2805.834716796875,382510,-0.0036613133046644597,-0.0036680323175096717,1073259837.5219727
2018-05-10,2850.6635590433557,2888.3747995548356,2783.5711650314915,2836.549072265625,701120,0.010946601838262682,0.010887121470622254,1988761285.546875
2018-05-11,2846.0362200835216,2883.0578294504617,2834.466967156353,2857.42041015625,339570,0.007358003460858242,0.007331065412852684,970294248.6767578
2018-05-14,2859.053410415348,2864.5465450160573,2811.475995530433,2822.45751953125,229720,-0.012235823087400788,-0.012311297060050796,648374941.3867188
2018-05-15,2822.457148228267,2869.1738679631712,2794.218915089289,2848.150146484375,446290,0.009102927776710068,0.009061745858341866,1271100928.8745117
2018-05-16,2822.9014415393185,2866.4343588567217,2807.6255127214995,2828.977783203125,309740,-0.006731514244400216,-0.006754273078187163,876247578.5693359
2018-05-17,2829.0801211621615,2862.2330339958535,2811.5967664181867,2822.522705078125,267980,-0.002281770526204374,-0.002284377731355798,756379634.5068359
2018-05-18,2832.152775861806,2845.110337581435,2757.336776186701,2784.5986328125,309090,-0.01343623284142026,-0.013527315812705238,860691591.4160156
2018-05-21,2767.439115656223,2795.1126752728214,2713.318065946009,2724.133056640625,299030,-0.021714287818493827,-0.021953512366785995,814597507.9272461
2018-05-22,2729.4179079713886,2773.8345708228894,2729.4179079713886,2770.10009765625,234060,0.016874007274927827,0.0167332227398494,648369628.8574219
2018-05-23,2763.033817652612,2763.033817652612,2711.8328689530613,2720.3525390625,435040,-0.01795875847080064,-0.018121974025631066,1183462168.59375
2018-05-24,2725.7157301190423,2748.877281889179,2710.8144433828475,2731.768798828125,194780,0.004196610403135237,0.004187829192670986,532093926.6357422
2018-05-25,2732.4305701344933,2807.47344173323,2732.4305701344933,2795.45068359375,319310,0.023311593862900493,0.02304402892316183,892615357.7783203
2018-05-28,2786.801542992829,2846.0361158096807,2778.281873141577,2839.811767578125,259690,0.015869027575670103,0.015744430980232746,737470717.9223633
2018-05-29,2839.649670326111,2846.035806629382,2808.102446219233,2823.8876953125,202310,-0.005607439354758936,-0.0056232200633779626,571300719.6386719
2018-05-30,2807.9640010145617,2816.418819753483,2776.6205912784917,2789.235595703125,269970,-0.01227106151101387,-0.01234697263223284,753009933.7719727
2018-05-31,2799.666422516721,2915.3589459431773,2792.9795302398475,2848.872802734375,915480,0.02138120104415786,0.02115582997505004,2608086073.4472656
2018-06-01,2836.780478395062,2836.780478395062,2713.6836419753085,2764.47265625,688830,-0.02962580372256951,-0.030073512516400697,1904251699.8046875
2018-06-04,2772.015474829803,2801.9613048217357,2713.220634026935,2719.01904296875,346680,-0.016442055658784427,-0.01657872642567728,942629521.8164062
2018-06-05,2740.20491841044,2740.20491841044,2689.4900215582225,2705.94140625,241330,-0.004809689271050965,-0.0048212930484867874,653024839.5703125
2018-06-06,2721.087762966209,2782.358469443335,2703.507021151578,2771.923095703125,221440,0.024384005248866414,0.02409146144631385,613814650.3125
2018-06-07,2786.6444170280784,2801.332623262739,2738.0996502537837,2750.002197265625,239620,-0.007908191418254162,-0.00793962700612218,658955526.5087891
2018-06-08,2743.301190509181,2743.301190509181,2711.83282327662,2731.546875,176900,-0.006711020916265298,-0.0067336410768498115,483210642.1875
2018-06-11,2745.2025662322644,2756.258205143118,2730.3430843425785,2746.72509765625,159110,0.005556640010525138,0.005541258838539492,437031430.28808594
2018-06-12,2739.908579113481,2774.6719177663576,2697.949256926814,2703.3544921875,407860,-0.01578993307548604,-0.015915922067197476,1102590163.1835938
2018-06-13,2719.2368769838404,2735.5264735071187,2707.204855404266,2725.586181640625,269270,0.00822374184272645,0.008190111132159695,733918591.1303711
2018-06-14,2735.896571003102,2737.284881171067,2698.412196468046,2733.739990234375,320230,0.0029915798108581804,0.002987113940430803,875425557.0727539
2018-06-15,2735.1563384776696,2744.041614732525,2710.95355276846,2737.16943359375,539840,0.001254487760952383,0.0012537015486416482,1477633547.03125
2018-06-18,2738.6730946263756,2801.1470499786165,2723.0315576711064,2789.142822265625,389680,0.018988005650653728,0.018809983465378922,1086873174.9804688
2018-06-19,2789.1430479502874,2790.503564861502,2747.424370692883,2771.96044921875,227870,-0.0061604493357990675,-0.006179503197681339,631646627.5634766
2018-06-20,2773.843470698628,2794.2053513644173,2746.3780251081853,2758.599853515625,250430,-0.004819908489996916,-0.004831561708967816,690836161.315918
2018-06-21,2765.513918635058,2782.016371521617,2716.9924319485444,2723.392578125,235940,-0.01276273372731318,-0.012844877077657144,642557244.8828125
2018-06-22,2725.6229774913395,2727.7795582538283,2675.45422952088,2697.083984375,490230,-0.00966022818792911,-0.009707190883894578,1322191481.6601562
2018-06-25,2697.0841837522535,2750.830365141712,2697.0841837522535,2724.790283203125,266160,0.01027268671967052,0.010220281264435829,725230181.7773438
2018-06-26,2724.928704402378,2735.6605403514563,2674.8245837168033,2687.34716796875,507450,-0.013741650307985798,-0.013836940756988684,1363694320.3857422
2018-06-27,2693.2292190013272,2700.5225929563912,2614.9331763454575,2625.9287109375,345850,-0.022854679054241323,-0.02311989598831508,908177444.6777344
2018-06-28,2613.725347662844,2642.41709191835,2568.521886012062,2630.898681640625,766890,0.0018926525622817714,0.0018908637521294666,2017609889.963379
2018-06-29,2656.2631956501687,2664.5189415515497,2628.5340486709188,2646.160888671875,815170,0.005801138271783524,0.0057843764629647845,2157070971.6186523
2018-07-02,2652.1350978519117,2663.7969932385818,2579.0312152481224,2608.8798828125,419650,-0.014088714718358153,-0.014188902786826725,1094816442.8222656
2018-07-03,2626.220298860341,2626.220298860341,2591.9753117033956,2598.82421875,504760,-0.003854399019574406,-0.0038618463583115718,1311782512.65625
2018-07-04,2609.93054109283,2627.6084480885606,2599.3794739192404,2613.540283203125,378770,0.0056625855442440365,0.00564661337420695,989930653.0688477
2018-07-05,2622.7952960760226,2622.7998153143017,2577.5595285952763,2581.14599609375,366200,-0.012394791585026987,-0.012472247714799364,945215663.7695312
2018-07-06,2581.8913399209187,2604.469909326237,2542.95380362906,2556.9248046875,599240,-0.009383890505576087,-0.009428196599616797,1532211619.9609375
2018-07-09,2580.401378410451,2582.2569779203045,2549.8630731793687,2557.498779296875,288720,0.0002244784861575866,0.0002244532946321126,738401047.5585938
2018-07-10,2576.7035945088937,2627.816636045519,2558.8962123266992,2618.26025390625,981850,0.023758163679781008,0.02348033044373202,2570738830.2978516
2018-07-11,2617.31140858791,2647.9699208663787,2598.1758240337967,2606.366943359375,426020,-0.004542447806374916,-0.0045527960719405035,1110364445.209961
2018-07-12,2633.161548527304,2633.161548527304,2584.1079238974457,2591.081787109375,269670,-0.005864545009268252,-0.005881808983343237,698737025.5297852
2018-07-13,2607.616428646016,2607.616428646016,2543.397823677621,2547.93310546875,507800,-0.016652767139690328,-0.01679298330410166,1293840430.9570312
2018-07-16,2554.4910532749373,2567.9113867069977,2503.5863402567775,2538.229248046875,193280,-0.0038085212681004954,-0.0038157921519735116,490588949.0625
2018-07-17,2536.627860530205,2543.3102333415477,2497.2646105774,2513.18408203125,835930,-0.009867180450661373,-0.009916183691357034,2100845969.6923828
2018-07-18,2522.1895128749666,2563.7461745616015,2514.229777327289,2519.55615234375,596180,0.0025354570554776412,0.0025322482070247237,1502108986.9042969
2018-07-19,2530.426573262051,2534.758037557767,2480.4010868535656,2497.167236328125,450820,-0.00888605558355915,-0.008925772032247623,1125772933.4814453
2018-07-20,2497.1670363215253,2512.8318460794762,2476.846959190573,2503.409912109375,295350,0.002499902966222267,0.0024967834067842775,739382117.5415039
2018-07-23,2508.1861502795045,2531.167385768001,2486.9265189873704,2501.12890625,324740,-0.0009111595541511086,-0.0009115749123418918,812216601.015625
2018-07-24,2480.9102333808346,2573.001473157515,2480.9102333808346,2563.54248046875,860040,0.02495416132402717,0.024647890930887307,2204749074.9023438
2018-07-25,2564.671802229664,2582.2570653990483,2508.6766221376774,2525.641845703125,578560,-0.014784476970592153,-0.014894856638396322,1461235346.25
2018-07-26,2545.235437192996,2642.4171538858195,2531.1672719689013,2616.099365234375,1331650,0.03581565600251091,0.035189189782893204,3483728719.7143555
2018-07-27,2633.06886279514,2684.0662111925712,2619.3755697255115,2679.0869140625,579170,0.02407689465666829,0.023791616236172673,1551646768.0175781
2018-07-30,2695.630978370711,2695.630978370711,2636.585994992993,2646.549560546875,222190,-0.012144941377167262,-0.012219293794782931,588036846.8579102
2018-07-31,2651.6725668931904,2651.6725668931904,2566.80057914174,2572.867431640625,676180,-0.027840827167817883,-0.028235729870784553,1739721499.9267578
2018-08-01,2577.258790342947,2577.258790342947,2511.4064833580464,2526.60400390625,550960,-0.0179812714660057,-0.018144898982658034,1392057741.9921875
2018-08-02,2478.402453137525,2535.409399473586,2471.990479048601,2505.4306640625,958940,-0.008380157638876118,-0.008415468572413378,2402557680.9960938
2018-08-03,2527.552091419682,2533.13256408184,2498.4749634040645,2508.669189453125,533280,0.0012926022807486781,0.0012917675896255872,1337823105.3515625
2018-08-06,2500.8121887278458,2536.9474362864075,2500.8121887278458,2512.5537109375,206860,0.0015484391089530813,0.0015472415132259949,519746860.64453125
2018-08-07,2532.2402793349274,2564.8255905853352,2509.068512529132,2557.72119140625,426990,0.017976722357070152,0.01781705181294021,1092121371.5185547
2018-08-08,2573.8395948030975,2573.8395948030975,2543.452032771806,2564.18896484375,289800,0.0025287249678469514,0.0025255331225989257,743101962.0117188
2018-08-09,2583.4114743491186,2583.4114743491186,2527.6543921689217,2549.841064453125,267970,-0.005595492605007468,-0.005611206017356279,683280910.0415039
2018-08-10,2573.1847981076185,2711.652756002168,2569.565216049155,2694.7119140625,1509370,0.05681563907217324,0.05526027263292103,4067317321.7285156
2018-08-13,2694.7118555596116,2694.7118555596116,2623.3706525024663,2639.78173828125,432310,-0.020384433487896758,-0.02059506334836355,1141204043.2763672
2018-08-14,2644.372409857045,2708.678860293661,2640.6970165784205,2694.214599609375,495590,0.020620212852735964,0.02041049432398537,1335225813.4204102
2018-08-16,2685.63257238035,2738.6017961262605,2658.5950633793937,2676.697509765625,459330,-0.006501742602942562,-0.006522970995772136,1229487467.1606445
2018-08-17,2694.925209393037,2711.187689104892,2639.1681360952502,2646.24462890625,371630,-0.011377034852937729,-0.011442248410384161,983423891.4404297
2018-08-20,2666.0897598687716,2676.339796801798,2609.0596787715403,2637.570068359375,448570,-0.0032780644888679156,-0.0032834491129145843,1183134805.5639648
2018-08-21,2648.368274017671,2676.3398331633407,2639.0801917736567,2658.790283203125,394040,0.008045365352871814,0.00801317394685698,1047669723.1933594
2018-08-23,2658.418729243053,2678.6585769829994,2635.4513764921808,2673.263916015625,368200,0.005443691028937936,0.005428927696706622,984295773.8769531
2018-08-24,2659.8914903138193,2694.9254761282596,2651.6161833076753,2682.826171875,408080,0.003576996570404889,0.0035706143331383825,1094807704.21875
2018-08-27,2697.46249076993,2722.8041020472665,2657.847193912705,2693.257568359375,423760,0.003888211839339739,0.003880672280966662,1141294827.1679688
2018-08-28,2713.5111805332795,2719.7373423188646,2648.46125497255,2664.997802734375,405620,-0.01049278240484619,-0.010548219782032346,1080976408.7451172
2018-08-29,2678.1981993592303,2678.318897455887,2614.5422046832737,2619.537109375,421530,-0.017058435587725795,-0.017205606774625282,1104213477.7148438
2018-08-30,2639.168532442655,2647.5227927713627,2560.3606074490326,2565.025634765625,613400,-0.020809582889391054,-0.02102915371946204,1573386724.3652344
2018-08-31,2567.362777735571,2615.3788470178365,2566.2197756705355,2607.5498046875,627530,0.016578458065102497,0.01644253562820645,1636315728.9355469
2018-09-03,2611.289830052358,2694.83242817084,2610.3605454153285,2684.317626953125,1030520,0.029440596734766844,0.029015544737659042,2766243000.9277344
2018-09-04,2685.6328225713296,2698.6428085630246,2660.0774929447857,2677.009033203125,396520,-0.00272270079986614,-0.002726414091341552,1061487621.8457031
2018-09-05,2657.7589462550573,2708.8650704382044,2657.7589462550573,2700.036865234375,802480,0.008602074832633866,0.008565287799591339,2166725583.6132812
2018-09-06,2718.115615489625,2718.115615489625,2667.975994035836,2680.4423828125,396840,-0.007257116624655446,-0.007283577593454298,1063706755.1953125
2018-09-07,2680.442896389991,2690.1863198991755,2658.7487712241614,2665.39306640625,276550,-0.005614489795695343,-0.00563031028730971,737114452.5146484
2018-09-10,2665.188580246624,2680.9864205061053,2653.1078788717264,2659.896240234375,187090,-0.002062294766635109,-0.002064424224704547,497639987.5854492
2018-09-11,2665.1886653814963,2665.1886653814963,2597.4159920287625,2608.465087890625,355320,-0.019335773916962284,-0.01952515519042669,926839815.0292969
2018-09-12,2627.301560996315,2713.2279523514403,2606.1789379414117,2677.4736328125,387700,0.026455613779243548,0.026111716190517057,1038056527.4414062
2018-09-14,2679.1184721851905,2734.4202134271177,2679.1184721851905,2730.5869140625,356980,0.019837088440048722,0.01964289732438845,974764916.5820312
2018-09-17,2723.2685034845367,2767.4095217119775,2710.908973005629,2756.60205078125,446770,0.00952730586408812,0.009482207304482715,1231567098.227539
2018-09-18,2750.775789514305,2769.2684646857388,2655.1615576544264,2685.665283203125,434830,-0.02573340883861741,-0.0260703052327943,1167807835.0952148
2018-09-19,2704.028094547678,2729.36040635761,2628.026621594608,2640.14453125,386640,-0.01694952540728889,-0.017094812652993504,1020785481.5625
2018-09-21,2657.2894827349073,2667.0145283679394,2540.2926349029794,2596.43994140625,740660,-0.01655386261109637,-0.016692408907041545,1923079207.0019531
2018-09-24,2600.417162755994,2611.257304003552,2379.99089921412,2402.4609375,1398350,-0.0747096055690738,-0.07764765081321323,3359481251.953125
2018-09-25,2403.130225850847,2415.2109269088755,2326.4873797341675,2378.94091796875,1391260,-0.009789969594979131,-0.009838206430275052,3309725341.533203
2018-09-26,2406.5685621096195,2439.4141028775125,2332.5976355037983,2340.008544921875,786090,-0.016365422425083653,-0.01650081515579822,1839457317.0776367
2018-09-27,2357.5580483044237,2380.54854243523,2286.151958002422,2314.123291015625,1258480,-0.011062033923946335,-0.011123673213350217,2912277879.2773438
2018-09-28,2321.818025981341,2369.671654692952,2186.021749796189,2247.512451171875,1129010,-0.028784481839131293,-0.029206880467581957,2537464032.4975586
2018-10-01,2256.30347401872,2323.118959784704,2158.728570900118,2299.933349609375,1144040,0.02332396352695043,0.023056116726489027,2631215749.2871094
2018-10-03,2299.9794191941614,2299.9794191941614,2142.001034845471,2159.262451171875,2467470,-0.06116303259891931,-0.063113438489225,5327915320.393066
2018-10-04,2128.061851315909,2128.061851315909,1858.676161119155,2035.86279296875,4125330,-0.05714898535662194,-0.0588469996647157,8398605855.717773
2018-10-05,2006.9995102605346,2106.6373896021446,1949.1839803753628,1969.196044921875,1791150,-0.03274618912292204,-0.03329434550017511,3527125495.8618164
2018-10-08,1988.668968059407,2073.6054865055175,1919.0701824500613,2056.9482421875,1614900,0.04456244846312729,0.04359808812876817,3321765716.3085938
2018-10-09,2036.3321907803113,2061.260206065211,1933.0327642010313,1959.4617919921875,1727430,-0.047393730282507596,-0.04855360894745784,3384833083.3410645
2018-10-10,1981.91345596283,2119.698524638176,1981.91345596283,2098.54345703125,1488910,0.07097952387102069,0.06857367258165252,3124542338.6083984
2018-10-11,1979.3764760944227,2100.183491067322,1968.4528429872355,2077.643798828125,1748840,-0.009959125760822252,-0.010009049595510166,3633466581.142578
2018-10-12,2132.150679264708,2248.7759066169147,2090.9835494373133,2221.3388671875,1761030,0.06916251401728468,0.06687564482634463,3911844385.283203
2018-10-15,2239.5756175452043,2242.739858454046,2137.358861320245,2177.731689453125,1162290,-0.019631033507997442,-0.019826281754101588,2531155765.3344727
2018-10-16,2188.465718060291,2225.637110299107,2114.122933582659,2137.554931640625,1051540,-0.018448901674654516,-0.018621205158372314,2247724512.817383
2018-10-17,2172.6677312177094,2204.9510741454446,2030.4871654023502,2042.391357421875,1207330,-0.04451982627913553,-0.04554126515511381,2465840357.5561523
2018-10-19,2042.3912706990793,2079.739168519946,1984.1204007072715,2009.6060791015625,1219710,-0.016052397696050602,-0.016182633038807098,2451136630.740967
2018-10-22,2039.7798520051722,2096.466216912833,2030.4870052989982,2083.93017578125,955160,0.03698441075223835,0.03631689610858641,1990486746.6992188
2018-10-23,2048.143721938221,2088.5676111870016,2035.226753825287,2068.416015625,894490,-0.007444664095059617,-0.007472513914598097,1850177441.8164062
2018-10-24,2100.183209872973,2108.546771328219,2030.5798836236504,2102.478515625,760590,0.016467915420635304,0.0163337898110743,1599124134.1992188
2018-10-25,2074.534894587651,2084.1344773109927,2035.1333174567478,2052.994140625,1298190,-0.02353620958894309,-0.023817610345181647,2665176463.4179688
2018-10-26,2069.730758889421,2072.3048956767434,2017.0124556351443,2026.435302734375,495930,-0.012936635991829815,-0.013021043019458663,1004970059.6850586
2018-10-29,2043.497214131056,2052.2324002395403,1978.4472800750423,1994.421630859375,961780,-0.015798023174883657,-0.01592414199190618,1918194836.1279297
2018-10-30,1997.962143958805,1999.207467156501,1950.1039809756057,1953.927978515625,631350,-0.020303456258796038,-0.02051240451241489,1233612429.2358398
2018-10-31,1970.083407959588,2043.4968934448746,1923.7260352967767,2031.8436279296875,1215870,0.03987641830752331,0.03910187754215139,2470457711.890869
2018-11-01,2021.1941927165783,2072.2862466196166,2021.1941927165783,2043.692138671875,1402560,0.005831408765575308,0.005814471913387527,2866400846.015625
2018-11-02,2072.3048770521414,2144.840130647136,2063.0120300698445,2107.0693359375,1318660,0.03101112739358669,0.0305399977928628,2778508050.5273438
2018-11-05,2109.568957353847,2115.5162877506036,2079.1904728495624,2095.745849609375,358560,-0.005374045426505547,-0.005388537552844449,751450631.8359375
2018-11-06,2104.829843471621,2121.3060430366513,2078.8098718966958,2096.433837890625,507640,0.00032827848919669833,0.0003282246176030648,1064233673.4667969
2018-11-07,2109.475938886106,2121.1757131036106,2100.1969327831816,2104.857421875,52410,0.004018053816976508,0.00401000299728405,110315577.48046875
2018-11-09,2113.146550911277,2113.146550911277,2082.0620281799957,2090.44873046875,724590,-0.006845447704203589,-0.006868985259576354,1514718245.6103516
2018-11-12,2078.809869498848,2090.4490695912473,2027.7364187951619,2038.251220703125,537710,-0.02496952400928798,-0.025286551046421746,1095988063.8842773
2018-11-13,1993.4086775766114,2174.5261727533443,1969.7815689781971,2159.82958984375,2688470,0.059648373029642876,0.057937129534605274,5806637057.407227
2018-11-14,2165.233398587793,2247.3820771228093,2142.55894215991,2159.6669921875,1993430,-7.528263202549734e-05,-7.528546590506852e-05,4305144972.236328
2018-11-15,2174.5261319441292,2234.181624973788,2164.443302504958,2225.20458984375,1123080,0.030346158872330387,0.0298948223555401,2499082770.7617188
2018-11-16,2241.434684609991,2307.4138979629383,2223.322934977305,2298.585693359375,1302650,0.03297723896964344,0.032445155983467124,2994252653.45459
2018-11-19,2322.2825053746615,2354.807470435931,2297.7864604344386,2313.6494140625,1244430,0.0065534736192973675,0.006532092971893745,2879174740.341797
2018-11-20,2313.6496328665353,2355.7369779362425,2272.152392722364,2285.650390625,1030740,-0.012101670748956295,-0.01217549214576797,2355911283.6328125
2018-11-21,2299.421890395496,2351.0902086563447,2226.5753651393493,2250.392822265625,1178150,-0.015425617366501054,-0.015545830040896602,2651300303.552246
2018-11-22,2269.313070584736,2274.884240852255,2224.7074082636605,2240.4169921875,679060,-0.004432928322301355,-0.004442782882881021,1521377562.7148438
2018-11-26,2245.15151842743,2275.632097662098,2195.5833978476744,2216.185791015625,765770,-0.010815487142068148,-0.010874399686781024,1697088593.1860352
2018-11-27,2231.951357042461,2233.9773611151786,2191.2534046818296,2212.399169921875,513890,-0.0017086207794946295,-0.001710082136819582,1136929809.4311523
2018-11-28,2209.839004632063,2234.9296913961775,2141.0719372044878,2147.702392578125,814340,-0.029242813965634662,-0.029678907838536567,1748959966.3720703
2018-11-29,2165.2336199197784,2192.745078730082,2132.8992273677477,2185.798583984375,924630,0.017738114711749686,0.01758263032907784,2021054944.7094727
2018-11-30,2183.818852796827,2206.117146111351,2166.1624450508098,2175.0185546875,864900,-0.004931849336833549,-0.004944051040281024,1881173547.9492188
2018-12-03,2167.09180677096,2220.804504989824,2132.987105444431,2190.072998046875,927780,0.0069215241069693345,0.006897680319327291,2031905926.1279297
2018-12-04,2184.283739547572,2206.001232406103,2165.2334027423285,2174.65625,530750,-0.00703937634070817,-0.007064269641336972,1154198804.6875
2018-12-05,2163.3745251947876,2163.3745251947876,2108.0820920980996,2118.16015625,885510,-0.025979321444481118,-0.02632274501515284,1875651999.9609375
2018-12-06,2115.981378071921,2115.981378071921,2053.719299753599,2064.06689453125,1152120,-0.025537852536380856,-0.02586960382267298,2378052750.5273438
2018-12-07,2081.597739468013,2089.603518127573,2041.025250917903,2078.740234375,962340,0.0071089458789475035,0.007083796443499425,2000454877.1484375
2018-12-10,2053.5517908330808,2100.164625432194,2031.8808100924189,2082.04833984375,505070,0.001591399162841789,0.001590134229025964,1051580155.0048828
2018-12-11,2045.4488098118006,2115.6143478753615,2025.8408103010806,2103.95654296875,611520,0.01052242770052314,0.010467452271869442,1286611505.15625
2018-12-12,2103.9564666142487,2216.3441088182603,2103.9564666142487,2204.44921875,668060,0.047763665137043,0.04665805010214756,1472704345.078125
2018-12-13,2211.6974903969162,2241.894704318659,2155.940410807078,2165.735107421875,1087130,-0.017561806821786208,-0.017717844924146145,2354435607.331543
2018-12-14,2169.879767472863,2211.6975788374366,2151.359186987163,2203.905517578125,767570,0.01762469012274015,0.017471176401691983,1691651758.1274414
2018-12-17,2225.729992820381,2225.729992820381,2188.4655836393704,2202.200439453125,442650,-0.0007736620791591875,-0.00077396151011443,974804024.5239258
2018-12-18,2190.3238503504217,2220.990242824568,2169.3173896557214,2217.798095703125,614160,0.007082759575633091,0.007057794645115515,1362082878.4570312
2018-12-19,2217.798420837512,2250.727680640179,2212.4457315640807,2226.166748046875,490790,0.0037734058659188996,0.0037663044288012157,1092580378.2739258
2018-12-20,2211.697935657817,2246.8249482464425,2202.414389112183,2238.8330078125,501230,0.005689717437715736,0.005673592132163097,1122170268.5058594
2018-12-21,2243.8507218302093,2247.9394833852134,2175.557604558012,2192.888671875,579890,-0.02052155555022428,-0.020735048527006524,1271634211.9335938
2018-12-24,2181.9560963312197,2190.788839144795,2148.4319668463445,2156.93505859375,346870,-0.016395548822142558,-0.016531443256014758,748176063.7744141
2018-12-26,2146.6476576722466,2179.1726221824324,2109.4762696606062,2144.91455078125,550490,-0.005572957685771485,-0.005588544551391258,1180754011.0595703
2018-12-27,2165.2331967977652,2172.9463046336873,2126.937413338274,2136.843505859375,474780,-0.0037628748049358673,-0.0037699722284062153,1014530559.7119141
2018-12-28,2138.3769262817336,2166.1624456231457,2136.8899801417515,2148.886962890625,373040,0.005636096886939113,0.005620273519726026,801620792.6367188
2018-12-31,2169.8798465262303,2173.5969854496157,2138.074985862552,2152.070068359375,431030,0.001481281018368863,0.0014801850038446817,927606761.5649414
2019-01-01,2152.4327327321794,2164.5830858691415,2128.526790989266,2155.4853515625,444340,0.0015869758393733946,0.0015857179238944784,957768361.1132812
2019-01-02,2076.021951809848,2076.021951809848,1946.874524106494,1966.580078125,4814970,-0.08763932137166397,-0.09171988613766226,9469024078.769531
2019-01-03,1955.2151078502309,1955.2151078502309,1872.6016711474604,1878.21923828125,4683010,-0.0449312188334563,-0.04597191893095822,8795719475.063477
2019-01-04,1888.7710308157775,1918.791507585911,1858.6621857919126,1868.1966552734375,3418330,-0.0053362157108901576,-0.0053505041634583665,6386112672.62085
2019-01-07,1900.3872837927877,1902.8963072030042,1835.8019946858935,1842.808837890625,2156680,-0.013589478019430778,-0.013682660136412119,3974348964.501953
2019-01-08,1845.0946544083074,1917.114214074207,1838.5896619223552,1862.718505859375,3664290,0.010803978990864715,0.010746033001068247,6825540793.835449
2019-01-09,1848.3472662357146,1895.5317195131324,1844.630127439866,1885.6162109375,1637520,0.012292627686952162,0.012217686860647337,3087734257.734375
2019-01-10,1892.0234552474594,1914.3262857611821,1890.634179300898,1910.246826171875,1021430,0.013062369262369256,0.012977792238358418,1951183415.6567383
2019-01-11,1914.326449571561,1929.8733641891065,1894.5326404216362,1905.7398681640625,1122200,-0.002359358982338633,-0.0023621466553531674,2138621280.053711
2019-01-14,1916.9285315708253,1917.0399277596375,1879.1994818618914,1903.2122802734375,701210,-0.0013263026779515297,-0.0013271829958130166,1334551483.050537
2019-01-15,1908.7507074679897,1920.831408148167,1903.1749994617542,1917.87158203125,633190,0.007702399732155252,0.0076728876967947736,1214377107.0263672
2019-01-16,1916.742542550643,1931.4205204817397,1916.742542550643,1926.936767578125,674680,0.004726690583356952,0.004715554857720961,1300065698.3496094
2019-01-17,1932.9121343881784,1937.3493779846942,1873.4797735168474,1892.9482421875,1037770,-0.017638630370493957,-0.017796044807942044,1964444897.2949219
2019-01-18,1895.740712959408,1898.0639246174464,1853.9229031147152,1869.976318359375,1081400,-0.01213552664365436,-0.012209763359556083,2022192390.6738281
2019-01-21,1872.6015201231162,1886.2574219053975,1853.8996660964845,1861.17138671875,950380,-0.004708579223265286,-0.004719699503293925,1768820062.5097656
2019-01-22,1858.6622587279983,1891.0943166245543,1849.2765061832251,1860.762451171875,1378300,-0.00021971944646970165,-0.00021974358832363474,2564688886.4501953
2019-01-23,1865.7248413236603,1879.2924886541875,1857.7330156147962,1866.85400390625,535950,0.003273686402333942,0.0032683395570886663,1000540403.3935547
2019-01-24,1872.5084521230438,1889.2355747722818,1865.5388176858612,1869.311767578125,457230,0.0013165269842914107,0.001315661122511509,854705419.4897461
2019-01-25,1877.1549801858991,1889.9558988398792,1843.245392613923,1863.2110595703125,671890,-0.003263611834914304,-0.003268949031541213,1251872878.8146973
2019-01-28,1864.2378365581844,1880.964959566222,1846.6372404655526,1857.3983154296875,1019070,-0.003119745404455476,-0.003124621955188818,1892818901.3049316
2019-01-29,1858.476569615907,1858.5694754020615,1747.0553068779377,1754.2340087890625,1931980,-0.055542371167036975,-0.0571444539966033,3389145020.300293
2019-01-30,1756.3480690603158,1774.4598186445216,1747.0552221340708,1758.127685546875,1026320,0.002219588001546313,0.002217128355026872,1804401606.2304688
2019-01-31,1776.7924164601197,1782.2705681327186,1750.4100091742748,1766.17529296875,675110,0.004577373695910936,0.004566929380496898,1192362602.0361328
2019-02-01,1774.0045191109132,1872.0161506760464,1772.708148784729,1827.2896728515625,1857170,0.034602669466679004,0.03401745877598357,3393587561.7297363
2019-02-04,1832.5495318938817,1898.7099099340599,1806.0649164481536,1870.4921875,1621290,0.023642947962934757,0.023367782183097905,3032610278.671875
2019-02-05,1873.5308089860491,1912.923199938356,1873.4379032062423,1903.1424560546875,1018700,0.017455442355162276,0.017304846078608344,1938731219.9829102
2019-02-06,1907.7890074569755,1970.0835243937017,1907.7890074569755,1961.1856689453125,1297160,0.030498617014173224,0.030042779294272064,2543971602.3291016
2019-02-07,1973.3267213662402,2041.173805110589,1965.5022169399585,2035.523681640625,1352940,0.037904627732309626,0.03720389972500829,2753941409.838867
2019-02-08,2030.9516260212588,2035.5236339516769,1928.2656710108038,1937.31689453125,1234030,-0.04824644782821719,-0.0494491514735056,2390707167.3583984
2019-02-11,1898.9004268643157,1994.2032716044853,1889.328748836144,1928.5584716796875,2619820,-0.004520903563214773,-0.004531153752808144,5052476055.275879
2019-02-12,1902.2456414473684,1979.3762658929627,1865.0742561723832,1964.275390625,2590360,0.018520008322176817,0.018350601383445825,5088180400.859375
2019-02-14,1873.4378980614956,1913.2206293054262,1849.2764965984009,1860.0933837890625,1403410,-0.05303839132393162,-0.054496726558618105,2610473655.743408
2019-02-15,1872.2577335520157,1893.6219795938498,1852.2548578243473,1880.323974609375,1235950,0.01087611568140856,0.010817396112140627,2323986416.418457
2019-02-18,1898.807376165227,1900.38711469953,1863.0020112729158,1872.9918212890625,850970,-0.003899409580115365,-0.003907032099655095,1593859850.1623535
2019-02-19,1877.1551141921857,1901.7393003574264,1869.8137422956013,1896.6514892578125,654740,0.012632018837362757,0.012552900473826678,1241813596.0766602
2019-02-20,1897.1346363272662,1918.9728258710775,1893.8821400122304,1907.6866455078125,698580,0.005818230872935981,0.005801370335080995,1332671736.8188477
2019-02-21,1900.3871186088147,1917.5509789537052,1881.801425517286,1900.150146484375,670210,-0.003950595891198505,-0.003958420108826076,1273499629.675293
2019-02-22,1912.1891833860047,1923.6194311783836,1886.448041203922,1913.9036865234375,740010,0.0072381332941025,0.007212063728385756,1416307867.064209
2019-02-25,1923.6098451619825,1931.1416787931046,1905.0334548407995,1924.065185546875,462600,0.005309305319274316,0.005295260647488971,890072554.8339844
2019-02-26,1920.8313597448814,1939.8771574301238,1895.749976270573,1916.1849365234375,878770,-0.004095624765019457,-0.0041040348068990306,1683885836.6687012
2019-02-27,1931.1326137128642,1931.1326137128642,1886.6384564902369,1896.4610595703125,624010,-0.010293305503648487,-0.010346647935094058,1183410665.7824707
2019-02-28,1918.8798179562305,1918.8798179562305,1839.9836404858534,1846.405029296875,1870270,-0.026394441383773448,-0.026749027982239326,3453275934.1430664
2019-03-01,1849.6482609928235,1861.5383859452684,1832.549400089365,1853.7974853515625,984330,0.004003702295753975,0.003995708808310162,1824748478.7561035
2019-03-05,1812.1049746543497,2032.9958792664781,1795.3778518113863,1998.4637451171875,4523630,0.07803779048615445,0.0751425279819596,9040310551.324463
2019-03-06,1998.8916669448222,2025.840926982665,1989.1341762414654,1998.3294677734375,1265860,-6.719028257484716e-05,-6.719253994299944e-05,2529605340.0756836
2019-03-07,2002.5153716165073,2016.5476603723157,1989.7145665044584,1999.9598388671875,831150,0.0008158670129438939,0.0008155343743660885,1662266620.074463
2019-03-08,1999.8204751706278,2053.1102737580673,1988.6735974040696,2032.4429931640625,1957920,0.01624190329505515,0.016111414610806583,3979360785.1757812
2019-03-11,2039.6450930059978,2150.8479797115574,2034.6687917316895,2134.794677734375,2485590,0.05035894483366232,0.049131957973809724,5306224303.029785
2019-03-12,2137.4478559327913,2170.3444439734512,2069.7865816299327,2087.354736328125,1992480,-0.02222225017751933,-0.022472884442703775,4159012565.0390625
2019-03-13,2089.849854216679,2127.8763418187323,2087.35943452318,2116.6552734375,1461680,0.01403716225106888,0.013939553660217084,3093872680.078125
2019-03-14,2118.7691415677587,2136.142182769225,2090.9836194529225,2102.03271484375,968750,-0.006908332583606125,-0.006932305585928098,2036344192.5048828
2019-03-15,2122.3003081581037,2122.3003081581037,2084.0138263301365,2101.3310546875,981900,-0.00033380077831102195,-0.0003338565021916173,2063296962.5976562
2019-03-18,2100.1832925488684,2118.759683481811,2053.904871966149,2067.788330078125,993140,-0.015962608335583384,-0.016091382992892405,2053603302.133789
2019-03-19,2066.7291779312422,2066.7291779312422,2005.3546423677296,2022.039794921875,2011750,-0.022124380184755932,-0.022372795138162822,4067838557.434082
2019-03-20,2012.8305125431275,2030.486920547892,1969.1541348471317,1982.9075927734375,1371030,-0.01935283481893557,-0.01954255263384104,2718625796.920166
2019-03-22,1982.9075550483703,2014.1871934852518,1977.0530166040005,1993.0228271484375,2168820,0.005101213194131704,0.005088246086065332,4322507767.976074
2019-03-25,1987.7401160234558,1987.7401160234558,1956.232688782526,1965.562744140625,994230,-0.013778107623133251,-0.013873906719307643,1954221447.1069336
2019-03-26,1977.0529163284548,1992.7763386020238,1951.9622330189984,1986.9962158203125,1098830,0.0109044963044711,0.010845470991181562,2183371051.829834
2019-03-27,1988.76227494948,1996.5681756701074,1938.0835886921159,1949.095703125,1175880,-0.019074275226873327,-0.019258536072069267,2291902655.390625
2019-03-28,1953.7281196364088,1979.3764688565611,1931.15121979036,1942.112060546875,1255610,-0.003583016763583302,-0.0035894511424034137,2438535324.3432617
2019-04-01,1931.8621002978289,1931.8621002978289,1857.2218932575097,1863.0670166015625,1953970,-0.040700557682060046,-0.04155200850111241,3640377058.428955
2019-04-02,1887.3771861280545,1969.2517947548279,1886.5408072279758,1912.793212890625,3146450,0.026690503264755527,0.026340525513523193,6018508204.699707
2019-04-03,1895.7407747117652,1902.8033156946453,1868.995934008096,1877.406005859375,1232650,-0.018500278437193263,-0.01867354895103419,2314184513.1225586
2019-04-04,1880.8721289910538,1914.3263763446498,1851.2279260095597,1904.0625,1675580,0.014198577216345543,0.014098721514797763,3190409043.75
2019-04-05,1914.7909140026377,1954.225160365405,1914.3355736247045,1949.6669921875,1276880,0.0239511529624159,0.023668823294389903,2489490788.984375
2019-04-08,1963.0208108761233,1969.06116112256,1909.085320174665,1915.5018310546875,865240,-0.017523588012576252,-0.01767894368221502,1657368804.3017578
2019-04-09,1923.5260601735927,1953.7278090044692,1891.5587613922814,1946.5816650390625,802560,0.016225426402888043,0.01609520092616161,1562248581.09375
2019-04-10,1936.6292889828806,1958.9321214855624,1918.9728799182574,1949.0584716796875,835500,0.0012723877374933856,0.001271578938214284,1628438353.088379
2019-04-11,1942.2050527146064,1958.3652140693425,1933.8786979754016,1951.325927734375,976450,0.0011633596875795238,0.0011626835090732487,1905372202.1362305
2019-04-12,1954.0350217812074,1991.4573390653002,1942.6744242784875,1985.0592041015625,1303510,0.017287361320696526,0.01713963499193497,2587544523.1384277
2019-04-15,1985.1378504944119,2003.5377321856301,1974.8229268671912,1982.345458984375,646040,-0.0013670852292869684,-0.0013680205428317738,1280674460.3222656
2019-04-16,2000.7500040459497,2001.8464964912605,1970.083608257043,1976.6396484375,617190,-0.0028783129201901403,-0.0028824632286608967,1219962224.6191406
2019-04-18,1986.624990375394,1995.169827204712,1946.8098123575114,1953.7188720703125,694610,-0.011595829510607003,-0.011663585441746727,1357072665.7287598
2019-04-22,1937.5586846538158,1951.0147095511031,1890.6298052413372,1895.81982421875,615220,-0.029635301516132806,-0.030083300328237736,1166346272.2558594
2019-04-23,1909.586745191895,1909.586745191895,1877.5775885427468,1887.832275390625,731720,-0.004213242590928479,-0.004222143306874733,1381364632.5488281
2019-04-24,1895.7408085854909,1912.4679333671277,1871.5794061231268,1907.965576171875,804610,0.01066477199468574,0.010608304434815457,1535168182.2436523
2019-04-25,1906.0045742646207,1917.9505103648994,1886.4478512835742,1890.18359375,910660,-0.0093198654336063,-0.009363567120623945,1721314591.484375
2019-04-26,1891.1872687037069,1900.6241820494672,1874.8318806849745,1889.296142578125,637860,-0.00046950527705846845,-0.00046961552917171117,1205106437.5048828
2019-04-30,1883.6598511145255,1895.7405507023343,1872.508436110394,1892.794677734375,650900,0.0018517664210524476,0.001850054015271167,1232020055.7373047
2019-05-02,1857.6399621177272,1917.1141780134424,1845.55926201391,1911.0831298828125,1095340,0.00966214263151266,0.009615762645439379,2093285795.4858398
2019-05-03,1911.6316585910752,1914.3264934867864,1890.1650911418076,1891.312744140625,523280,-0.010345120750137049,-0.010399003449303956,989686132.7539062
2019-05-06,1877.1551142793694,1903.7093794935122,1877.0622084959805,1891.0850830078125,550680,-0.00012037201859804725,-0.00012037926389090412,1041382733.5107422
2019-05-07,1902.2456962884642,1912.4585256121536,1883.6646540759684,1891.3916015625,489780,0.00016208607293322075,0.00016207293840496485,926365778.6132812
2019-05-08,1884.5893502776942,1902.245759377929,1881.8014962092361,1889.844482421875,430210,-0.0008179792800956376,-0.000818314007692911,813029994.7827148
2019-05-09,1887.8417928938434,1904.183227392597,1879.7198540142288,1892.107177734375,437180,0.0011972918055143111,0.0011965756232762853,827191415.9619141
2019-05-10,1894.811466620751,1897.3716504572146,1886.5408102632373,1891.466064453125,547550,-0.0003388356055060715,-0.0003388930232603368,1035672243.5913086
2019-05-13,1863.2158775020614,1869.8137763756752,1728.4695920966753,1742.571533203125,3429730,-0.07871911320441771,-0.08199030898977411,5976549864.572754
2019-05-14,1701.520112825016,1799.6897521715182,1691.76262446638,1787.097900390625,3745110,0.025552102934708998,0.025231104587000227,6692878217.731934
2019-05-15,1791.1961588757817,1874.2695781271439,1787.1072837372976,1858.3602294921875,2171650,0.03987600740059394,0.039101482392301545,4035707992.376709
2019-05-16,1863.2157769530843,1893.891473208789,1814.4283314218937,1886.935791015625,1266530,0.015376761227421376,0.015259736946059688,2389860787.3950195
2019-05-17,1877.1550742525912,1951.4978494705156,1863.6061443068306,1945.643310546875,1310990,0.031112621749387337,0.03063843451948969,2550718923.6938477
2019-05-20,1993.315708571483,2008.1842639734148,1958.3420693369555,1979.1162109375,1117100,0.01720402717660341,0.017057713638410563,2210870719.2382812
2019-05-21,1973.8052226245811,1986.346028439183,1934.0320193221303,1942.36767578125,603260,-0.01856815428682801,-0.018742706583213895,1171752724.0917969
2019-05-22,1946.8516234382075,1979.3765908942157,1927.9405873240325,1972.37451171875,744680,0.015448586954800225,0.015330472450196555,1468787851.3867188
2019-05-23,1985.0452257548716,2011.8084447914332,1872.4391019029026,1888.4134521484375,1470400,-0.04256851783039306,-0.04350111957960427,2776723140.0390625
2019-05-24,1909.6801274901277,1955.9120429853267,1891.0944328186908,1937.6190185546875,1094940,0.026056564228701617,0.02572287605612415,2121576568.1762695
2019-05-27,1943.1342709958635,1965.3998956871014,1929.6596431003877,1941.029541015625,662950,0.0017601615324158715,0.0017586142634685605,1286805534.2163086
2019-05-28,1956.1442877064221,1956.1442877064221,1923.6193233027523,1931.9921875,917320,-0.004655958770671931,-0.00466683150851543,1772255073.4375
2019-05-29,1940.3463664391945,1944.7373271999106,1892.0839132623796,1897.94775390625,689320,-0.017621413696192856,-0.017778519156010808,1308293345.7226562
2019-05-30,1897.5994936397205,1905.0244698507568,1841.8424076365945,1848.48681640625,1347270,-0.026060220782264554,-0.026405805569597998,2490410833.1396484
2019-05-31,1867.862203729629,1883.0327307304633,1839.9836633754553,1853.7138671875,1118550,0.002827745772843615,0.002823755220840015,2073471646.1425781
2019-06-03,1845.5593865051999,1865.0743649123544,1817.6854968845034,1853.7509765625,1577560,2.001893369674157e-05,2.00187333205626e-05,2924403390.5859375
2019-06-04,1858.011792881201,1892.0235891338116,1838.4503051919912,1862.6070556640625,1279550,0.004777383377558397,0.004766007897223667,2383298858.074951
2019-06-06,1876.2258105062594,1892.0236504164163,1854.4758748636384,1866.3568115234375,1262960,0.0020131760201231863,0.0020111522968980595,2357133998.6816406
2019-06-07,1871.9417155465687,1879.0042561831865,1844.6300261314796,1858.3602294921875,722710,-0.004284594447255041,-0.004293799625089298,1343055521.4562988
2019-06-10,1876.6904983748173,1888.3762083930324,1860.89730904263,1870.784912109375,426260,0.006685831099916939,0.006663580053931142,797440776.6357422
2019-06-11,1874.975973493826,1879.1019431663224,1858.6066323610698,1870.8359375,429390,2.7274856823300553e-05,2.7274484871156467e-05,803318243.203125
2019-06-12,1872.6944990650684,1877.1551110407913,1856.055742573458,1868.4151611328125,418760,-0.0012939543861993918,-0.0012947922680414223,782417532.8759766
2019-06-13,1863.0298907970048,1877.154971943332,1849.2764327560546,1873.6282958984375,597650,0.0027901372639602684,0.0027862520561486334,1119773951.0437012
2019-06-14,1858.569358297855,1872.50397752417,1821.3979711318977,1836.921630859375,480610,-0.019591220478158422,-0.019785672327637595,882842905.0073242
2019-06-17,1835.341671037327,1857.6398496880308,1824.929078300363,1833.2786865234375,486340,-0.0019831789635104125,-0.0019851480667311618,891596756.4038086
2019-06-18,1835.3372319994419,1852.8078292539558,1818.219767458734,1833.650634765625,550870,0.0002028869068961825,0.00020286632813108183,1010103125.1733398
2019-06-19,1842.771523476795,1867.7693040976044,1830.6908226168866,1839.119384765625,847590,0.0029824383643828334,0.0029779997182199634,1558819199.333496
2019-06-20,1849.1834786186691,1849.1834786186691,1823.2564151649494,1839.346923828125,716150,0.0001237217466059093,0.00012371409370183161,1317248299.4995117
2019-06-21,1839.0542698825286,1849.1834949661595,1826.3462572811059,1832.4749755859375,546620,-0.003736080536609898,-0.003743077117460688,1001667471.1547852
2019-06-24,1837.288655795849,1842.859712725884,1757.4723837264783,1774.766357421875,1240360,-0.03149217257147541,-0.03199871415584634,2201349199.091797
2019-06-25,1774.9847732604467,1788.7706742085986,1749.940484850959,1776.49951171875,1296560,0.0009765534993533276,0.0009760769811898648,2303338206.9140625
2019-06-26,1770.2965585151824,1795.8425844447352,1770.2965585151824,1779.7520751953125,816920,0.001830883405881556,0.0018292093818423638,1453915065.2685547
2019-06-27,1779.7523369221651,1827.8102678565954,1779.7523369221651,1810.1817626953125,1183940,0.017097711486955713,0.01695319060947747,2143146596.1254883
2019-06-28,1816.7049772209962,1824.6318024935229,1773.0751083728965,1778.539306640625,760460,-0.017480264527454215,-0.01763484844550419,1352508001.1279297
2019-07-01,1792.5902020184553,1835.3279966711589,1784.226639645119,1823.7491455078125,1021530,0.02541964560377452,0.025101939149969686,1863014464.6105957
2019-07-02,1793.5193478364843,1885.4070171999508,1793.426442060479,1871.34228515625,1431860,0.02609631909392096,0.02576162060147201,2679500164.423828
2019-07-03,1867.8623447742555,1872.5087685174751,1819.595349379969,1826.0538330078125,922730,-0.02420105210450907,-0.024498709797854897,1684954653.3312988
2019-07-04,1835.7693589285225,1867.3975952972755,1824.7434050932911,1842.3441162109375,1051340,0.008921031192323792,0.00888147388082599,1936930063.137207
2019-07-05,1853.8581169521003,1862.7513222921934,1819.7115526008101,1825.5892333984375,753860,-0.00909432861378745,-0.009135934463874763,1376238699.489746
2019-07-08,1828.8322164180138,1835.6717379237568,1751.7944951831169,1768.6982421875,991410,-0.031163084318278855,-0.03165898292573659,1753505124.2871094
2019-07-09,1782.368127149171,1793.0921093238615,1740.5549649082388,1769.22802734375,1295640,0.0002995339417506404,0.000299489090415618,2292282601.3476562
2019-07-10,1764.7116358834774,1790.8198621655258,1733.1159562520722,1742.501708984375,831210,-0.015106203353278835,-0.015221464286340974,1448384845.5249023
2019-07-11,1757.7373387912085,1771.834628365124,1748.9137852041229,1768.814453125,695000,0.015100555715357844,0.014987677256978254,1229326044.921875
2019-07-12,1764.1680559904476,1774.933782976011,1752.6309501009196,1761.487060546875,833100,-0.00414254449650131,-0.004151148604107541,1467494870.1416016
2019-07-15,1774.9337079168745,1784.0407429976442,1745.8935621721612,1750.2008056640625,500530,-0.006407231217076648,-0.006427845624370432,876028009.2590332
2019-07-16,1753.5601215802042,1774.9336683721199,1733.4922469370179,1769.47412109375,602940,0.011012059511865457,0.010951868267752057,1066886726.5722656
2019-07-17,1770.2871963746236,1770.2871963746236,1701.5247856387916,1713.015380859375,940840,-0.03190707315881891,-0.03242719751027721,1611673390.9277344
2019-07-18,1721.9645592857764,1726.7224924403977,1705.237434586832,1710.44140625,683830,-0.0015025986562267057,-0.001503728689720617,1169651146.8359375
2019-07-19,1721.6855993248428,1722.8937147265765,1626.2481126059918,1641.4884033203125,1841410,-0.040312987441564085,-0.041148076264091345,3022653160.7580566
2019-07-22,1647.1570653200606,1653.5784541046446,1577.456064627767,1586.4747314453125,2334480,-0.03351450534997469,-0.03408898856843828,3703593531.064453
2019-07-23,1598.3696524250288,1615.2222392016604,1583.6498148304722,1588.9327392578125,1131400,0.0015493520090676949,0.0015481530015404063,1797718501.196289
2019-07-24,1600.826255398588,1605.9187385320045,1514.1875349681459,1533.4764404296875,2450250,-0.034901602476910765,-0.03552521649619535,3757400648.162842
2019-07-25,1516.5280606083832,1565.1926834577414,1515.3813261333,1538.7003173828125,2059680,0.003406558337251786,0.0034007691611178574,3169230269.7070312
2019-07-26,1539.3601275039066,1636.0621185209507,1528.435468405029,1608.8817138671875,2300560,0.0456108286269461,0.04460123965044,3701328915.654297
2019-07-29,1591.4182370795313,1591.4182370795313,1529.6337643458553,1534.1365966796875,1531070,-0.04645780764568386,-0.047571604942357265,2348870519.078369
2019-07-30,1543.6757754973498,1565.6747935229337,1498.671447096961,1513.1158447265625,1821980,-0.01370200802107191,-0.01379674693734281,2756866806.7749023
2019-07-31,1521.395841830056,1540.0904129716318,1495.6149431990616,1530.387451171875,1548640,0.011414596248864095,0.011349941286783537,2370019222.3828125
2019-08-01,1493.1248663239153,1568.9512701936565,1477.7723370067015,1550.4908447265625,2568280,0.013136146365610557,0.01305061541210459,3982094626.694336
2019-08-02,1511.8473318123106,1601.888894781457,1510.2839562812085,1582.5250244140625,3003440,0.020660670004245985,0.020450133309345087,4753018959.326172
2019-08-05,1579.4359093373077,1579.4359093373077,1529.6386056414071,1544.9864501953125,1434390,-0.023720682857858,-0.024006547915874008,2216113114.2956543
2019-08-06,1536.186693042069,1604.9499630172068,1536.186693042069,1592.424560546875,1321600,0.030704547826659212,0.030242595417868074,2104548299.21875
2019-08-07,1574.1934240622452,1607.7770289077168,1529.6337370731935,1540.5537109375,1540540,-0.0325735051408409,-0.03311583127017264,2373284613.8476562
2019-08-08,1559.5898318804448,1582.0569122916877,1525.2525937049304,1573.7862548828125,1341470,0.021571817788221592,0.02134243900899232,2111187047.3376465
2019-08-09,1566.1568084801174,1665.1804942414435,1566.1568084801174,1646.392333984375,1828890,0.046134650672094546,0.04510208648986899,3011070475.7006836
2019-08-13,1647.586186260889,1652.2527731949501,1549.0820861330312,1558.1859130859375,1474660,-0.05357557799420287,-0.05506416148839998,2297794438.5913086
2019-08-14,1590.950163585041,1590.950163585041,1535.3581712336907,1551.5999755859375,2161060,-0.004226669901640112,-0.004235627520377568,3353100643.239746
2019-08-16,1553.9730918740217,1565.2066322972075,1514.9739520416204,1554.0152587890625,1728990,0.0015566403977371746,0.0015554300889208444,2686876842.293701
2019-08-19,1572.6955275330465,1572.6955275330465,1525.1963872302656,1529.4183349609375,1350470,-0.015827980895948057,-0.01595458104579398,2065433578.8146973
2019-08-20,1538.779807583976,1551.1647681065242,1481.8912660909039,1488.0462646484375,2414640,-0.02705085284174824,-0.02742346213084958,3593096032.470703
2019-08-21,1503.4222132028647,1524.01703804126,1489.3240646213076,1497.852294921875,1797430,0.006589869217375588,0.006568250951614058,2692284650.461426
2019-08-22,1498.2733486554089,1502.6731059692495,1449.1312979700742,1453.1846923828125,1596230,-0.029821099644135707,-0.030274791133888007,2319617001.522217
2019-08-23,1453.8073676798242,1457.9965193070122,1429.0140213585146,1440.08837890625,2083250,-0.009012146594448489,-0.009053001633873516,3000064115.3564453
2019-08-26,1507.0731337980567,1507.0731337980567,1422.9151677954571,1455.5111083984375,2701320,0.010709571522201422,0.010652630244793902,3931801267.338867
2019-08-27,1458.492633408178,1517.9975762636159,1452.0286398193273,1497.374755859375,2884330,0.028762162802729696,0.028356295833765113,4318922929.567871
2019-08-28,1497.7867581295557,1529.8538423052642,1481.446677402555,1525.650634765625,1933180,0.018883635372910934,0.01870755279630928,2949357294.116211
2019-08-29,1525.7955775925777,1563.3343005167578,1510.6911379484015,1548.1690673828125,1813980,0.014759888079256767,0.014652021039487085,2808347724.851074
2019-08-30,1550.5842217921227,1560.1514257385168,1494.7207189275662,1521.99951171875,1774600,-0.016903551566433417,-0.01704804723549043,2700940333.4960938
2019-09-03,1495.0907508306743,1495.48396592502,1467.9992478643733,1476.8175048828125,1926680,-0.02968595356835213,-0.030135500675527085,2845354750.307617
2019-09-04,1479.550924579769,1491.5193580763462,1453.8073937819556,1464.3294677734375,1844770,-0.008456046240030157,-0.0084920014350438,2701351072.2644043
2019-09-05,1474.3087271460347,1486.5673018428772,1454.8512652055265,1474.7955322265625,1226400,0.007147342646214083,0.007121921450222721,1808689240.7226562
2019-09-06,1480.5475774358767,1544.5179772293482,1472.6888769973336,1535.928955078125,2475130,0.041452134560827414,0.040616022487866686,3801623834.5825195
2019-09-09,1516.397030064301,1541.80357012391,1500.2862958717506,1517.1600341796875,1925930,-0.012219914753467731,-0.012295191793023255,2921944024.6276855
2019-09-11,1517.5856820901815,1599.8432715947429,1517.5856820901815,1592.6959228515625,2597820,0.049787686842618806,0.04858794071661809,4137537322.302246
2019-09-12,1595.162756142521,1609.0361284244136,1546.624522596989,1561.513671875,1919550,-0.019578282664737268,-0.01977247606876455,2997403568.8476562
2019-09-13,1568.0150338400738,1580.1847027594297,1539.9311824877143,1562.342041015625,1655140,0.0005304911225210152,0.0005303504618494382,2585894805.7666016
2019-09-16,1552.100863338531,1575.9113436777502,1530.6635004534046,1569.353759765625,1119960,0.004487953704069847,0.004477912870500324,1757613436.7871094
2019-09-17,1572.6956423575466,1578.3077272960916,1504.540766933262,1524.4803466796875,1498790,-0.0285935613985715,-0.029010320925453966,2284875898.800049
2019-09-18,1544.611670757405,1549.7556911142308,1483.0143838747813,1500.651123046875,1677750,-0.015631046792247916,-0.015754499760083324,2517717421.6918945
2019-09-19,1507.1666916709648,1514.6557187103238,1463.1686578147317,1474.63623046875,1560270,-0.01733573658699905,-0.017487759988853113,2300830671.3134766
2019-09-20,1486.188079933127,1824.3271027761484,1475.338383588466,1671.944091796875,4954160,0.133801040047284,0.1255757402187092,8283078541.816406
2019-09-23,1722.4762989062283,1825.4504254712747,1722.4762989062283,1801.05029296875,3307200,0.07721920954493267,0.07438291464529402,5956433528.90625
2019-09-24,1824.5140735211676,1831.5350358358976,1680.8183781463604,1725.682373046875,2860100,-0.04184664926688009,-0.04274743998757124,4935624155.151367
2019-09-25,1717.7955957420452,1734.0842525836151,1629.331462882305,1647.5953369140625,2085490,-0.045249947123781276,-0.04630569749424672,3436043599.180908
2019-09-26,1657.8927736533926,1696.732731987464,1641.0846293006286,1676.7510986328125,1870460,0.017695948189170307,0.0175411978667309,3136295859.9487305
2019-09-27,1657.0409402551265,1702.284101208419,1642.9054235680146,1665.59716796875,1480120,-0.006652108755531572,-0.006674332642952416,2465283680.2539062
2019-09-30,1666.3086119858297,1685.0311806598277,1625.7227820265286,1663.0509033203125,1499570,-0.0015287397801850844,-0.0015299094951213424,2493861243.092041
2019-10-01,1681.2866385880454,1711.2427479615517,1647.024361346795,1668.8221435546875,2008420,0.0034702727516353615,0.003464265249585242,3351695769.5581055
2019-10-03,1668.6487497150138,1716.8593587530631,1659.1096568750652,1711.6778564453125,1228820,0.025680215867306178,0.025356017724911962,2103343983.557129
2019-10-04,1727.1568672332264,1732.6753623366803,1671.6865753084091,1684.9375,1431550,-0.015622306700190047,-0.01574562092128156,2412072278.125
2019-10-07,1678.9414165072694,1699.3817413175384,1652.7017129003127,1685.087158203125,794600,8.882121925890551e-05,8.881727488797103e-05,1338970255.9082031
2019-10-09,1680.355013381865,1713.1148192478543,1669.4070430003892,1707.437255859375,1112850,0.013263466846476168,0.013176277182076344,1900121550.1831055
2019-10-10,1703.2856305339894,1703.2856305339894,1671.153068786347,1689.94580078125,823540,-0.010244273994900799,-0.010297107708161843,1391737964.7753906
2019-10-11,1693.5498601194613,1717.702018470906,1675.6698305918653,1703.861328125,946990,0.008234303926976105,0.008200587010169564,1613539639.1210938
2019-10-14,1694.3923578769165,1727.1568509850338,1692.5201011278812,1715.7314453125,774670,0.006966598156531001,0.0069424435304221875,1329125678.7402344
2019-10-15,1714.0511387309548,1806.727852403464,1711.7108176786187,1797.2823486328125,2304110,0.04753127509734423,0.04643622926328689,4141136232.3083496
2019-10-16,1796.2432561573733,1806.7278487411909,1769.5261145105442,1799.2950439453125,1084750,0.0011198548263888775,0.0011192282567072114,1951785298.9196777
2019-10-17,1825.450228403965,1946.117077724297,1821.237650953802,1918.3001708984375,3986370,0.06613986258317173,0.06404452031097624,7647054252.264404
2019-10-18,1928.4244248515822,1935.9134517442096,1878.35092793263,1898.08447265625,2950660,-0.01053833938445592,-0.010594260909934233,5600601930.087891
2019-10-22,1898.0938782519056,1920.303501187184,1858.6828963538958,1870.27685546875,1613920,-0.014650358078418413,-0.014758734377872985,3018477222.578125
2019-10-23,1870.0101193334258,1941.6146877089136,1851.5684350662968,1921.0479736328125,1854730,0.027146311529015588,0.026784385773949124,3563025308.1359863
2019-10-24,1932.1689737872425,1983.5202777210718,1921.043078863648,1968.8980712890625,2248480,0.024908330407679813,0.024603174842330287,4427027935.332031
2019-10-25,1979.911572987302,2004.7189756748496,1961.1935758606974,1995.9896240234375,1505220,0.013759753808198827,0.013665947913602454,3004403501.8725586
2019-10-27,2012.67611439076,2030.3315970525514,1975.2449187445475,1996.16748046875,248880,8.910689873919964e-05,8.910292895531984e-05,496806162.5390625
2019-10-29,1996.1674595491393,2073.5244403048287,1996.1674595491393,2064.10693359375,1910470,0.03403494636083648,0.03346857276931695,3943414373.4228516
2019-10-30,2082.8855695494162,2115.5563574013177,2022.0372270681974,2107.365234375,2022690,0.020957393280945258,0.02074080793073929,4262546585.9179688
2019-10-31,2110.5013424533067,2123.1578158934035,2087.65990237692,2109.85546875,1376540,0.0011816814353675653,0.001180983799395118,2904300446.953125
2019-11-01,2114.4331212503935,2142.610676841266,2050.125718343574,2057.249755859375,1870250,-0.024933325372183734,-0.02524942608872728,3847571355.895996
2019-11-04,2081.94931763547,2085.693830796685,2018.292593894817,2035.20849609375,1570140,-0.010713944528537689,-0.010771752101070049,3195562268.0566406
2019-11-05,2036.0791054976612,2054.5488990536605,1987.4472847562,1992.75048828125,1494120,-0.020861748510774825,-0.021082429374598526,2977408359.5507812
2019-11-06,2000.5065644530118,2036.0794467408987,1969.0667259774073,2022.5570068359375,1444450,0.014957476477848397,0.014846716520410756,2921482468.52417
2019-11-07,2028.5903064869947,2031.3986917751631,1981.8915306450215,2005.556884765625,1055860,-0.008405262256072188,-0.008440785668656269,2117587292.3486328
2019-11-08,1989.2726031538884,2064.69652297579,1984.5919617347029,2030.4295654296875,1874110,0.012401882416299248,0.012325609047335694,3805248352.8674316
2019-11-11,2025.7816906346727,2042.4119097293387,1994.8940269198931,2001.152099609375,944160,-0.014419345698463926,-0.014524314742176006,1889407766.3671875
2019-11-13,2000.5063017237524,2043.0064377725662,1984.592119632361,1998.8399658203125,1589070,-0.0011554013258231466,-0.0011560693165161297,3176296624.486084
2019-11-14,2012.6759752703726,2033.7388633836672,1999.102114041805,2018.1195068359375,980830,0.009645364984341098,0.009599145416900714,1979432155.8898926
2019-11-15,2045.440477925556,2050.1211197514726,1988.4582346343045,1996.204833984375,1195330,-0.010858956953406995,-0.010918345751387129,2386123524.206543
2019-11-18,2006.029237426961,2020.164866138927,1989.272632319379,2010.5601806640625,694660,0.00719131946546514,0.007165585229392746,1396655735.1000977
2019-11-19,2022.0371037914888,2040.7550986284257,2005.5798953394965,2035.8310546875,906060,0.012569071180495994,0.012490736121657107,1844585085.4101562
2019-11-20,2035.7985099677942,2035.7985099677942,2002.8468339869182,2011.7213134765625,735750,-0.011842702347733991,-0.011913385756474949,1480123956.3903809
2019-11-21,2017.3567033531112,2059.2953014106356,2007.9954193468323,2055.232421875,1303740,0.021628795254569066,0.02139821176669269,2679488717.6953125
2019-11-22,2037.6047817313329,2149.8185879905504,2022.037078188369,2129.991455078125,2512270,0.03637497754872987,0.03572902579097676,5351113632.849121
2019-11-25,2130.628147359503,2192.038259194274,2130.628147359503,2177.55615234375,1971380,0.022330933371693007,0.022085248927854816,4292790647.607422
2019-11-26,2185.840910169341,2195.2209343217132,2127.538810338778,2134.90625,1997340,-0.019586132048923233,-0.01978048223128517,4264133649.375
2019-11-27,2152.2341507716988,2190.5404516892854,2141.1503082606,2155.1220703125,1340190,0.009469184097662398,0.009424632398601744,2888273047.4121094
2019-11-28,2168.5885277747643,2168.5885277747643,2144.2023345797493,2161.67041015625,943210,0.0030385006649764623,0.003033893751544811,2038909147.5634766
2019-11-29,2157.9630806829528,2160.5797148985803,2120.3307657811315,2141.99267578125,1115780,-0.009103022497114921,-0.009144708176365661,2389992587.783203
2019-12-02,2126.415904440521,2129.6923542162385,2025.8241425484239,2032.625244140625,2399780,-0.05105873277588835,-0.052408371408482396,4877853408.383789
2019-12-03,2032.6155768131573,2058.7288959950583,1986.6515823974594,2000.763671875,2054080,-0.015675084404993544,-0.01579923765808852,4109728643.125
2019-12-04,1996.3639732086526,2037.8532478126615,1978.5073697212488,2004.063720703125,1597410,0.001649394615923061,0.001648035858503144,3201311428.088379
2019-12-05,2030.4624394580107,2030.4624394580107,1996.2937538700821,2004.910888671875,911910,0.0004227250660735482,0.00042263574300465165,1828298288.4887695
2019-12-06,2012.6761879565381,2025.2812399408185,1934.5094615870635,1958.3807373046875,1432060,-0.02320808951165443,-0.023481637865773012,2804518718.664551
2019-12-09,1965.8696195877578,1984.4984831355396,1953.615616682085,1965.6029052734375,984820,0.003687826289942908,0.0036810429306890664,1935765053.1713867
2019-12-10,1977.85190469323,2000.0849516692174,1961.4648600671478,1990.1337890625,979760,0.01248008116148469,0.012402846878113888,1949853481.171875
2019-12-11,1990.1106800487719,2024.326218380102,1966.0755379490026,2016.5889892578125,1075180,0.013293176740531987,0.013205597748221843,2168196149.470215
2019-12-12,2020.3242857018815,2068.9376011911813,2020.3242857018815,2055.13427734375,1254760,0.019114102224729423,0.018933722677216585,2578700285.8398438
2019-12-13,2060.273215343634,2102.450410972576,2044.1999659237517,2062.7353515625,1401330,0.0036985778995299867,0.003691754978518764,2890572930.205078
2019-12-16,2075.6262031420683,2075.6262031420683,2022.037421137203,2026.811767578125,890300,-0.017415507984174128,-0.01756894197357492,1804470516.6748047
2019-12-17,2028.2158222540697,2052.7329694662044,2024.4758797052755,2031.862060546875,1160650,0.002491742474331815,0.0024886432313286294,2358280700.5737305
2019-12-18,2036.079541242484,2056.9038299772014,2004.8129399359984,2034.7548828125,1014430,0.0014237296526153909,0.0014227171104970776,2064116395.7714844
2019-12-19,2037.024958548928,2106.8460651983632,2032.2460409055902,2099.469482421875,1809760,0.03180461693740955,0.03130932446213995,3799535890.5078125
2019-12-20,2092.340787060516,2115.5565897501597,2067.9779070554623,2080.18505859375,1326790,-0.009185379444467623,-0.009227825162188225,2759968733.8916016
2019-12-23,2070.725674134899,2100.6724166004374,2059.482761372978,2075.97265625,939940,-0.002025013268097231,-0.002027066379652212,1951289738.515625
2019-12-24,2078.167666909798,2099.736102857537,2037.4321381722782,2047.1865234375,1162270,-0.013866335245715011,-0.013963370936164099,2379383480.595703
2019-12-26,2058.5464427754,2078.2051400461064,2050.2243614914737,2063.7607421875,964810,0.008096096061715796,0.008063498499796927,1991137001.6699219
2019-12-27,2076.6556958754063,2089.457297256322,2050.308344182144,2080.29736328125,797560,0.008012857670808282,0.007980925193626438,1659161965.0585938
2019-12-30,2084.7626816816896,2141.5435816744807,2076.3750071256127,2132.921875,1158460,0.02529662953364764,0.024981965390785284,2470904675.3125
2019-12-31,2132.5003982760813,2132.5003982760813,2095.6871963286667,2107.71630859375,1142680,-0.011817388485572122,-0.011887768845086537,2408445271.5039062
2020-01-01,2107.716615383537,2115.1590197461346,2059.5763904320524,2066.57861328125,1086480,-0.01951766238405528,-0.019710647158218686,2245296331.7578125
2020-01-02,2067.9075772505153,2091.4840251905393,2009.9706927699694,2022.1168212890625,2285820,-0.021514686983812537,-0.021749501950847412,4622195072.438965
2020-01-03,2026.7177588457444,2028.2108560507615,1976.1668309114857,1983.585693359375,1572970,-0.019054847634927707,-0.019238730903265708,3120120788.083496
2020-01-06,1975.230813839175,1975.230813839175,1941.4833411919146,1952.8057861328125,1258710,-0.015517306527067176,-0.01563896005906113,2458016171.0632324
2020-01-07,1961.1889924184707,1998.6153874601978,1939.077529970853,1947.502685546875,1371520,-0.0027156313359965045,-0.0027193253520124386,2671038883.28125
2020-01-08,1937.7857617566362,1937.7857617566362,1853.5435773234042,1862.165283203125,2892860,-0.04381888814689183,-0.044807936328563586,5386983461.166992
2020-01-09,1894.5366456000465,1919.0631632453005,1859.1509474171546,1903.0460205078125,2592870,0.0219533344722056,0.021715829752917935,4934350935.194092
2020-01-10,1903.1488369722774,1941.5300973342369,1895.6785514099738,1912.767578125,2169260,0.005108419613832238,0.0050954159051557904,4149290196.5234375
2020-01-13,1928.4242444160657,1928.4336148406833,1878.172828388042,1898.4681396484375,1320920,-0.007475784637974492,-0.007503868368778598,2507724535.024414
2020-01-14,1897.5320437777127,1926.48642779347,1896.1278513427515,1918.0987548828125,1162260,0.010340239493305425,0.010287144910395651,2229329458.8500977
2020-01-15,1913.4463381391722,1933.1050333940268,1900.3405413026026,1930.7459716796875,1079560,0.006593621295399643,0.006571978458859912,2084356121.1865234
2020-01-16,1937.6921362455932,2022.037398789831,1933.105198380093,2016.069580078125,2921950,0.04419204268711163,0.043243421477931275,5890854509.509277
2020-01-17,2013.5232656253397,2037.9515085792975,1975.5632136353345,1993.2232666015625,1834850,-0.011332105648693469,-0.0113968031952443,3657265710.723877
2020-01-20,2001.4424295335068,2017.3472411950775,1966.3376161062354,2000.047607421875,1005930,0.0034237714031644106,0.003417923641651619,2011907889.7338867
2020-01-21,1999.383060744126,2010.3357171959392,1963.0893447860092,1971.1634521484375,1032360,-0.014441733869860252,-0.01454703071735688,2034950301.459961
2020-01-22,1980.8476051077457,1992.0811454013624,1960.6271411604507,1975.2308349609375,786810,0.002063442688158057,0.00206131671434215,1554131373.2556152
2020-01-23,1972.4224919520523,1984.2178009306854,1945.3216211251324,1957.982666015625,1059580,-0.008732229489346599,-0.0087705788185865,2074639273.256836
2020-01-24,1963.9974022705026,1982.2519062477547,1947.1470909068853,1959.3917236328125,770750,0.0007196476463475765,0.0007193888241465443,1510201170.9899902
2020-01-27,1951.8277293783274,1980.922673414596,1944.8067663230097,1974.7816162109375,971080,0.007854423591006743,0.007823738178786272,1917670931.8701172
2020-01-28,1987.1196808027237,1987.1196808027237,1954.1680072992158,1973.981201171875,972770,-0.000405318255189302,-0.00040540041883566406,1920229693.0639648
2020-01-29,1987.9622970264911,1987.9622970264911,1881.6180228251492,1890.2537841796875,2869250,-0.04241550879131062,-0.043341320349169536,5423610670.257568
2020-01-30,1890.97925111389,1926.5521281150425,1890.97925111389,1904.1131591796875,1385590,0.0073320181215850155,0.007305269544509366,2638320152.227783
2020-01-31,1914.3825219248306,1932.3280296921482,1892.009030965487,1899.3389892578125,1021230,-0.002507293171552738,-0.002510441695025496,1939661955.9997559
2020-02-03,1829.8783644676041,1907.4179578654362,1826.5411213623813,1861.3463134765625,1486370,-0.020003104235803648,-0.020205874910091008,2766649319.962158
2020-02-04,1872.2567234809799,1885.3578353325988,1820.769663585253,1826.634521484375,1500920,-0.018648755334171985,-0.018824835930857417,2741632285.986328
2020-02-05,1845.2961172383698,1853.5340922466348,1811.979341990975,1824.2379150390625,1283330,-0.001312033916541222,-0.0013128953866414035,2341099243.50708
2020-02-06,1837.1520190612441,1932.3187516927485,1803.0769218147864,1908.878173828125,3945750,0.04639759874043081,0.04535340693646581,7531956054.382324
2020-02-07,1919.063037385568,1920.6498388657233,1841.055506375073,1847.5709228515625,2224150,-0.032116900814898486,-0.03264396430292378,4109274868.0603027
2020-02-10,1858.6829628536907,1858.6829628536907,1758.9852869312942,1784.0032958984375,2437470,-0.03440605508935701,-0.03501188002352765,4348454513.653564
2020-02-11,1802.0471327500527,1813.1823981216344,1773.4952171402465,1779.5098876953125,1295530,-0.002518721917978306,-0.0025218992343339153,2305408444.805908
2020-02-12,1778.6438173009005,1812.344436997128,1771.6977039917263,1804.6541748046875,1528370,0.014129894575601432,0.014030998124108796,2758179301.14624
2020-02-13,1804.0129287085806,1824.514162522353,1794.6329043147807,1811.904541015625,919630,0.004017593127903396,0.00400954415177121,1666281773.0541992
2020-02-14,1803.9194687907832,1811.408496165109,1732.3056445237903,1750.8924560546875,2318720,-0.03367290250662902,-0.034252891843544,4059829355.703125
2020-02-17,1769.2827098807747,1773.8463359181656,1727.166301500148,1735.1982421875,1292680,-0.00896355102388846,-0.009003965332440309,2243056063.7109375
2020-02-18,1731.8374609484777,1759.1676780586276,1716.8219255303618,1756.2095947265625,1806500,0.012108906076676362,0.012036179775500422,3172592632.873535
2020-02-19,1769.7507038612744,1782.2901618055564,1751.5524229902176,1766.9610595703125,1322670,0.006121971361524148,0.006103308226235426,2337106384.661865
2020-02-20,1766.4647365101323,1781.4521597760324,1736.0030849772436,1764.4754638671875,1249820,-0.0014067065539800083,-0.001407696894499134,2205276724.2504883
2020-02-24,1750.5600145913534,1750.5600145913534,1666.3178335123357,1680.345703125,1928210,-0.047679756655726435,-0.04885391068971101,3240059388.2226562
2020-02-25,1697.6688912971733,1706.5621112956974,1621.468014981439,1641.2484130859375,2568310,-0.023267408585240457,-0.023542368175064218,4215234711.812744
2020-02-26,1631.6717532648408,1647.5859355973148,1594.7321642535655,1606.1107177734375,2151130,-0.02140912675518314,-0.021641626509438624,3454952948.3239746
2020-02-27,1607.1263592883308,1614.634126486647,1582.627840706733,1596.4169921875,2554810,-0.006035527612552105,-0.006053815029267596,4078542095.810547
2020-02-28,1563.0535385140008,1577.1891687252514,1527.4853446465575,1554.193115234375,3264550,-0.026449152796392816,-0.02680522419993426,5073741134.338379
2020-03-02,1560.1517561780406,1664.7080091681034,1557.9987291632522,1592.6728515625,3483700,0.024758658335918726,0.024457129584394152,5548394412.988281
2020-03-03,1638.2245030065747,1688.869020501969,1628.8632201322514,1674.58837890625,2747400,0.05143273916133273,0.05015374755388297,4600764112.207031
2020-03-04,1680.724969501733,1711.242732800925,1579.2486270433046,1615.2147216796875,4186090,-0.03545567255479354,-0.03609948870310768,6761434194.276123
2020-03-05,1633.5438881680795,1674.5463535346396,1606.5647207653114,1664.0008544921875,2313750,0.030204115996272263,0.02975695347845854,3850081977.081299
2020-03-06,1624.1828532265383,1673.0019745225993,1574.7552255860976,1661.024169921875,1707910,-0.0017888720202736685,-0.0017904739625576815,2836879790.0512695
2020-03-09,1600.6859372733443,1684.9374913394756,1595.6448768131754,1674.3404541015625,1932250,0.008016911746873578,0.007984947035096043,3235244342.437744
2020-03-11,1674.3405563140984,1710.0210824973956,1639.8161350360222,1661.9649658203125,2219090,-0.007391261586575326,-0.007418712307780778,3688049836.0021973
2020-03-12,1591.3995269900051,1617.7703049549884,1563.3344160561794,1579.97412109375,3635550,-0.04933367815373502,-0.05059214883043349,5744074915.942383
2020-03-13,1488.4441285416028,1734.5195067261948,1423.1023217176155,1654.340087890625,2794020,0.047067838519655236,0.04599372302690172,4622259292.368164
2020-03-16,1579.7073047680028,1624.8147065788123,1531.5060625879657,1544.0220947265625,1924950,-0.06668398715086687,-0.06901142932079006,2972165331.2438965
2020-03-17,1564.2706060686498,1634.4802382979428,1553.977878554775,1597.1380615234375,1675350,0.03440104061871052,0.03382255448690576,2675765251.373291
2020-03-18,1601.7250390287006,1633.54403373008,1481.717996580519,1493.5133056640625,1589120,-0.06488152674824621,-0.0670820483602385,2373371864.296875
2020-03-19,1429.4339574423343,1516.2378677292616,1401.4161590330855,1419.663818359375,1611810,-0.04944682248535559,-0.05071117173314638,2288228339.069824
2020-03-20,1452.503140373269,1509.5390454075525,1364.8641961675999,1479.29443359375,2113350,0.042003335200362146,0.041145144094154595,3126266891.2353516
2020-03-23,1354.046841255146,1626.6300564675073,1257.4020584891641,1293.1802978515625,1443300,-0.12581277365456434,-0.13446070848141572,1866447123.8891602
2020-03-24,1320.929176020866,1373.2945826416933,1309.6069259406872,1340.6015625,1126980,0.036670265335175145,0.03601390890142116,1510831148.90625
2020-03-25,1293.0954396313016,1396.410981871088,1293.0954396313016,1369.671630859375,761180,0.021684346171553015,0.021452585142825203,1042566651.9775391
2020-03-26,1380.3709689386342,1430.9436621953994,1368.1051981961855,1392.443359375,2048910,0.01662568458203184,0.01648899089154892,2852991123.4570312
2020-03-27,1438.2089405172726,1452.644741047006,1320.9292476715104,1351.10302734375,1106270,-0.029689058267910906,-0.030138700365913138,1494684746.0595703
2020-03-30,1330.1755029539315,1330.1755029539315,1236.0120928624608,1258.005615234375,2263090,-0.06890474688107484,-0.0713936942437855,2846979927.7807617
2020-03-31,1288.7550774848619,1290.373183399743,1221.8594300551604,1235.6253662109375,1672550,-0.017790261627145365,-0.017950410568829865,2066645206.2561035
2020-04-01,1235.625363929541,1256.6753681206806,1200.630209941666,1226.72802734375,1387180,-0.007200676766997205,-0.007226726767029559,1701692584.9707031
2020-04-03,1232.2382302493083,1236.0028692271937,1188.8362711440495,1196.38916015625,1806810,-0.024731535035677932,-0.025042497204424814,2161647898.461914
2020-04-07,1233.257357005993,1246.5798685926,1174.6930606480198,1235.6397705078125,2405590,0.03280756099999804,0.03228088139878679,2972442675.5358887
2020-04-08,1226.577078240499,1287.905932152524,1207.7066616521838,1241.5318603515625,2799990,0.0047684527354834305,0.004757119677891183,3476276793.6657715
2020-04-09,1264.3178051060556,1325.2833891583498,1241.9186317132464,1296.614501953125,3618730,0.0443666758466954,0.04341064987179069,4692097796.652832
2020-04-13,1295.4541165200715,1295.4541165200715,1255.354480721016,1264.369873046875,1266210,-0.024868323513024926,-0.02518276429594531,1600957776.9506836
2020-04-15,1283.1884876974386,1308.8474891692586,1238.154251333083,1256.2886962890625,2755930,-0.006391465764949422,-0.006411978633840974,3462243706.763916
2020-04-16,1256.2981185085373,1276.9470832791685,1230.539951044801,1261.6148681640625,2501460,0.004239608213249868,0.004230646395151851,3155879128.117676
2020-04-17,1298.2846246873212,1413.2007823307192,1284.981004402663,1393.61328125,5656840,0.10462655158624234,0.09950731548217392,7883447353.90625
2020-04-20,1393.6132447799584,1396.4438071143595,1326.6185473215398,1341.162841796875,2999770,-0.03763629419926284,-0.03836282720991262,4023180057.9370117
2020-04-21,1316.6976235251861,1319.5140196781504,1269.0356499586073,1273.281494140625,1656250,-0.05061379986139736,-0.051939608320671696,2108872474.6704102
2020-04-22,1273.2813176820457,1315.735031407062,1245.447454123972,1292.934814453125,2765770,0.015435173135665892,0.015317262615741104,3575960321.7700195
2020-04-23,1302.0588276126805,1344.5172676435288,1293.5671396065109,1327.378173828125,2072670,0.026639672000454695,0.026291014465642498,2751216919.54834
2020-04-24,1327.3449651178762,1329.5149936195567,1274.2341481271196,1282.169189453125,1799440,-0.034058857729006076,-0.03465237595197909,2307186526.2695312
2020-04-27,1311.6826297891175,1339.7995969791748,1303.4646001033661,1320.8819580078125,1836150,0.030193182672872743,0.02974634064819839,2425337407.196045
2020-04-28,1331.3078841016052,1357.2547067896237,1330.4115853881901,1351.7681884765625,1846940,0.023383036070333985,0.023113841201376325,2496634738.0249023
2020-04-29,1359.6041109229204,1363.3876387746982,1332.775155237524,1350.7208251953125,1477410,-0.0007748098306932238,-0.0007751101509675142,1995568454.3518066
2020-04-30,1375.6722068263923,1405.845983397618,1358.8586017747825,1387.7257080078125,3472310,0.02739639614807099,0.027027831305021364,4818613853.172607
2020-05-04,1357.7265832059031,1357.7265832059031,1284.5424394449067,1297.22802734375,1924440,-0.0652129452829543,-0.06743652459791069,2496437504.9414062
2020-05-05,1320.9293322479457,1336.2993254058892,1289.4157094291368,1303.092041015625,1524890,0.004520418575816976,0.004510232170108929,1987072022.4243164
2020-05-06,1304.4176091113047,1337.478617412985,1283.1883894331822,1307.7152099609375,1871230,0.0035478452786106285,0.003541566521872736,2447035932.335205
2020-05-07,1307.714923402806,1330.8359019750287,1293.840493445668,1321.919677734375,1270450,0.010862049829535758,0.010803481499345577,1679432854.5776367
2020-05-08,1342.705658815985,1352.1408676607396,1280.452169286438,1307.6114501953125,1643300,-0.010823825214240856,-0.010882828960800506,2148797896.105957
2020-05-11,1326.5857300778664,1372.8229787207868,1320.9293266041934,1348.1923828125,1958240,0.03103439680887332,0.030562567047532015,2640084251.71875
2020-05-12,1343.5735772421822,1346.3521952340234,1301.0208135262178,1336.6905517578125,1479050,-0.00853129805606323,-0.008567897890724749,1977032160.5773926
2020-05-13,1412.4506765522776,1412.4506765522776,1338.3559584426978,1346.5599365234375,2529370,0.007383447689254918,0.0073563234710352894,3405948306.644287
2020-05-14,1332.2514069727667,1346.418386003289,1319.0421154022151,1323.934326171875,1481780,-0.016802527490887287,-0.016945291411898617,1961779405.834961
2020-05-15,1328.477152290589,1339.7050717123093,1287.90576198626,1330.326416015625,2350250,0.004828101906106275,0.004816484002041311,3126599659.2407227
2020-05-18,1325.6657322047233,1325.6657322047233,1212.9385975101486,1225.4637451171875,2752580,-0.07882476784344772,-0.08210499789667292,3373186995.534668
2020-05-19,1254.8827936893842,1259.2513000518948,1214.7878777566978,1223.3880615234375,2506930,-0.0016937943713312142,-0.0016952304628756732,3066948233.074951
2020-05-20,1223.387964955859,1302.0587357875045,1214.1226411510488,1290.274169921875,2665330,0.05467284707286324,0.05323062127657197,3439006453.317871
2020-05-21,1271.5829021430902,1339.705171190005,1260.1757682248647,1329.1943359375,3221910,0.030164260374197616,0.02971826561803833,4282544522.9003906
2020-05-22,1311.5881516092652,1330.170856996626,1292.6234078576233,1313.6072998046875,1836960,-0.011726679621922087,-0.011795979433291387,2413044065.4492188
2020-05-26,1330.8361846445903,1403.4872914986374,1327.0621011716528,1396.89208984375,3191320,0.06340158893106462,0.06147281628584182,4457929664.160156
2020-05-27,1403.958978951425,1426.603478611932,1368.576948231883,1412.162841796875,3017880,0.010931948189951468,0.010872626388005877,4261737997.001953
2020-05-28,1426.6035072255415,1550.2047370182306,1419.8102032614875,1531.9476318359375,8154230,0.08482363824744543,0.08141742838642908,12491853337.945557
2020-05-29,1500.4811402916423,1603.6974991197965,1490.8571592443086,1561.380615234375,8504020,0.019212786903925805,0.01903055177739656,13278011979.56543
2020-06-01,1594.550345439788,1639.8393493339358,1585.2377986210897,1602.6409912109375,4643120,0.026425572069990855,0.026082448340568488,7441254439.111328
2020-06-02,1622.8559607853704,1651.1615880083712,1603.9855426367035,1641.37255859375,3968190,0.02416733853384545,0.023879929803246713,6513278173.286133
2020-06-03,1688.9022818916544,1688.9022818916544,1641.7309627092075,1655.2044677734375,2850790,0.008427038156125777,0.00839172889970208,4718640344.683838
2020-06-04,1648.8026889538735,1670.0319081249534,1609.155924322675,1629.7388916015625,3037820,-0.015385154322433037,-0.015504733894836108,4950853399.685059
2020-06-05,1646.4440007811786,1662.4838563761814,1633.24415236148,1650.722900390625,1950650,0.01287568757007529,0.012793500628659152,3219982625.6469727
2020-06-08,1684.1846111139089,1685.6423921986093,1584.1714073166684,1594.064208984375,2735380,-0.03432356296313721,-0.03492645218593322,4360371355.97168
2020-06-09,1599.2679075787637,1636.8295294712798,1571.226494387207,1606.5189208984375,3252740,0.007813180826635513,0.007782815990736422,5225588354.763184
2020-06-10,1606.5186889701984,1629.422563113764,1597.1069773161923,1612.481689453125,1626270,0.0037116080471388813,0.003704737026433334,2622330597.1069336
2020-06-11,1612.4818389649708,1627.573450204908,1536.6888512949788,1551.4124755859375,2190020,-0.03787281075290794,-0.038608623701280265,3397624349.782715
2020-06-12,1471.8925058836307,1603.0182911851064,1471.0527585175014,1590.5213623046875,3796470,0.02520856789164294,0.02489607276084276,6038366636.348877
2020-06-15,1566.2397925883904,1637.1029032470017,1535.6838625238515,1555.106201171875,5365180,-0.022266385081112894,-0.022518023432327488,8343424688.40332
2020-06-16,1603.9855263575084,1603.9855263575084,1545.6853332226174,1576.5338134765625,3577860,0.013778873937059899,0.01368480834723365,5640617269.885254
2020-06-17,1585.1150248764895,1600.211358446742,1561.5270036729705,1584.81787109375,2521910,0.005254601928847746,0.0052408446796673456,3996768037.290039
2020-06-18,1584.0299074221768,1620.9687706023365,1567.1975282234923,1614.9349365234375,2089520,0.019003486759587407,0.018825175981139298,3374438848.564453
2020-06-19,1622.8558486322127,1655.8790781101936,1592.6631816809156,1636.9473876953125,3119310,0.013630549859341423,0.01353848952653353,5106146355.911865
2020-06-22,1636.947355075427,1678.971694231232,1624.4833666783668,1659.5540771484375,2342470,0.013810272476107777,0.013715779650375544,3887455639.0979004
2020-06-23,1661.5401818178098,1698.337494191969,1661.5401818178098,1688.0672607421875,2064180,0.01718123198657273,0.01703530373357178,3484474678.2788086
2020-06-24,1707.7726228174881,1744.5699334748815,1684.1893253762782,1739.55517578125,3383890,0.03050110397640493,0.030045192649505816,5886463363.774414
2020-06-25,1733.7147667045276,1733.7147667045276,1690.7892920472277,1706.8951416015625,2768290,-0.018774934324816472,-0.018953420985261153,4725180751.544189
2020-06-26,1725.6997648051406,1750.335082235571,1707.4897649563584,1743.00390625,2248860,0.021154647270573923,0.0209339941872474,3919771764.609375
2020-06-29,1733.9507606384102,1742.6830509174767,1700.224611669352,1709.0465087890625,1948400,-0.019482112082006453,-0.019674389842600032,3329906217.7246094
2020-06-30,1721.9254634937251,1748.3440459473275,1717.302188529169,1729.87939453125,2009460,0.012189771100465041,0.012116074135698748,3476123448.1347656
2020-07-01,1749.2875623462799,1759.623791241919,1726.7373922021095,1736.26220703125,2334860,0.003689744221578861,0.003682953813488723,4053929176.7089844
2020-07-02,1736.2623259751326,1750.1321517840533,1695.5069929244366,1731.700439453125,2765680,-0.002627349463491968,-0.002630807003532091,4789329271.386719
2020-07-03,1731.7002063395087,1816.1830900014174,1731.7002063395087,1791.132568359375,2507160,0.034320098067896154,0.03374430077803995,4490655930.087891
2020-07-06,1855.9053304239126,1855.9053304239126,1799.463969374831,1816.3670654296875,2833920,0.014088570280103019,0.01399024877070315,5147438954.0625
2020-07-07,1816.3672077316933,1892.2782499533487,1816.2776008949,1880.498291015625,2872780,0.0353074148978616,0.034698401840841886,5402257880.463867
2020-07-08,1880.4982975161265,1896.4768781395019,1822.0661167095568,1829.6473388671875,3568650,-0.02704121157215933,-0.02741355285465755,6529370975.848389
2020-07-09,1846.4703680507807,1854.0185351148616,1820.8679196762305,1838.2852783203125,2742010,0.004721095300514566,0.004709985882123082,5040596616.00708
2020-07-10,1839.865741708705,1862.9820035917119,1825.7129283109457,1834.9453125,2044230,-0.0018168920024014268,-0.0018185445526492034,3751050256.171875
2020-07-13,1850.244390541529,1861.4723117141075,1835.1480569114094,1854.490234375,1331720,0.010651501023957621,0.010595173416275255,2469661734.921875
2020-07-14,1854.4902895944533,1854.9242723429581,1763.8697852137589,1778.551025390625,2475010,-0.04094883196296151,-0.04181084990470932,4401931573.352051
2020-07-15,1793.6329936110626,1811.465559297079,1742.211111363928,1751.4151611328125,2823590,-0.015257287460646585,-0.01537487747396157,4945278334.822998
2020-07-16,1754.948714494543,1796.3693012750473,1729.0018921028227,1758.6802978515625,2654550,0.0041481522371034085,0.004139572372484867,4668504784.661865
2020-07-17,1765.3276076072855,1804.2950669294758,1759.8033111543268,1774.8382568359375,1672170,0.009187547619720293,0.009145598845898759,2967831287.9333496
2020-07-20,1787.971868285589,1819.1080538546782,1770.7053920360163,1810.3946533203125,1604480,0.020033598187004786,0.019835566152713924,2904742013.359375
2020-07-21,1820.244929181229,1914.1205227373125,1820.244929181229,1898.0477294921875,3687060,0.04841655713637727,0.04728098510888946,6998215861.501465
2020-07-22,1909.68625213947,1915.3473773928479,1862.6988664660785,1876.7149658203125,3357870,-0.011239318875075122,-0.011302957303830397,6301764882.279053
2020-07-23,1875.7194959415217,1985.6726179744123,1864.4114120972063,1970.3028564453125,4460610,0.04986793004237211,0.04866437534632315,8788752624.488525
2020-07-24,1905.912084089071,1969.222424171548,1905.912084089071,1962.5562744140625,3947910,-0.003931670710372814,-0.003939420046220363,7747995541.3220215
2020-07-27,1962.556253350008,1967.2409171657212,1924.7824801045904,1937.7747802734375,1922910,-0.012627150856106661,-0.012707550857801344,3726166502.7355957
2020-07-28,1939.8505160649124,1997.263851387465,1938.9353284912431,1986.41796875,2622890,0.025102601691254556,0.024792706791759836,5210155826.0546875
2020-07-29,1981.2993577744105,2033.2874491961913,1971.9820893007156,2019.2242431640625,2264820,0.016515292818613858,0.01638039855609012,4573179450.402832
2020-07-30,2023.8521149580388,2049.7989369446805,1984.3562329355993,2000.3914794921875,2464430,-0.009326732152524442,-0.009370498462513588,4929824773.804932
2020-07-31,2023.0360413225942,2027.3053809318906,1940.5392423781825,1947.304443359375,2190550,-0.026538323461710145,-0.026896821623466287,4265667748.400879
2020-08-03,1955.4469289042804,2009.1331722302343,1948.672513813133,1960.8392333984375,2018580,0.006950525936105345,0.006926482376674872,3958110859.753418
2020-08-04,1985.6395280965055,2007.3358995104809,1962.5232684441585,1982.8702392578125,1557610,0.011235498292836432,0.011172848909828134,3088538513.3703613
2020-08-05,2001.287565666386,2101.0602725850854,1996.4897997666078,2071.853515625,2380920,0.04487599571845613,0.043898213991346746,4932917472.421875
2020-08-06,2071.929557221399,2085.176627804908,2034.1131650054726,2045.6759033203125,2035230,-0.012634876021527353,-0.012715374848149304,4163420968.7145996
2020-08-07,2047.440050934301,2089.223784899665,2034.230760283112,2057.56884765625,1952900,0.005813699186969945,0.005796864852842096,4018226202.5878906
2020-08-10,2066.1222878476747,2075.651711533548,2004.0385613001258,2014.7098388671875,1681940,-0.020829926948924493,-0.021049930343210704,3388621066.3842773
2020-08-11,2036.1180520030437,2044.6097398936959,2004.9818630706525,2023.15869140625,1619100,0.004193582805856133,0.004184814243395349,3275696237.2558594
2020-08-12,2047.43551536276,2107.820846161592,2028.569706523251,2086.751953125,2986670,0.03143266120886823,0.030948769002512904,6232439455.839844
2020-08-13,2086.75206998426,2104.0468808144437,2033.773236238325,2044.887939453125,2203610,-0.020061806392073556,-0.02026577705338726,4506135512.258301
2020-08-14,2047.2515737073413,2052.1718874844523,1893.3302915828365,1900.642578125,5919120,-0.0705394943875024,-0.07315096265074378,11250131497.03125
2020-08-17,1931.5758808021644,2013.4829828879792,1900.6426319768907,1994.10302734375,6533930,0.04917307982805985,0.048002310873617816,13029329593.452148
2020-08-18,1992.3102226668796,2044.5717369161134,1988.1256527552025,2019.577880859375,3396910,0.012775093947657634,0.01269418082149577,6860324299.27002
2020-08-19,2033.287331077415,2055.0827537739833,1996.961780150974,2006.0526123046875,2854830,-0.006697076989639172,-0.00671960303852734,5726939179.185791
2020-08-20,2000.2641578622995,2031.4003452252505,1971.9585329868896,2016.431396484375,2243200,0.005173734784434947,0.005160397002941283,4523258908.59375
2020-08-21,2047.4400681358256,2061.026675064783,2026.6826112238496,2047.66650390625,2613150,0.015490290161288334,0.015371540359195556,5350859724.682617
2020-08-24,2075.2271048703474,2252.420385134102,2030.173979562921,2053.526123046875,11491305,0.0028616081424621687,0.0028575215362025294,23597695005.39917
2020-08-25,2088.955041788815,2122.921790435788,2058.9038123034993,2092.021484375,4757108,0.01874598082590162,0.018572440363584124,9951972139.492188
2020-08-26,2151.2747179349885,2158.7756624750714,2108.7690584055003,2121.8369140625,2439339,0.014251971076868486,0.014151366486182648,5175879536.112305
2020-08-27,2122.685810537888,2127.6392944829145,2089.898464425568,2110.042724609375,1370404,-0.005558480661241649,-0.005573986500840086,2891610989.975586
2020-08-28,2113.486492525675,2128.582824615144,2075.7456623020025,2088.57763671875,1470617,-0.010172821450617153,-0.010224918213950428,3071497778.378418
2020-08-31,2099.3339815741515,2103.108065136532,1955.6829259810438,1973.845703125,3087530,-0.054933047053974504,-0.05649950431978036,6094307823.769531
2020-09-01,1990.8289233136588,2051.214255584784,1987.0548400467135,2010.7373046875,2255675,0.018690215503720964,0.018517699682825586,4535569869.750977
2020-09-02,2010.7372749469303,2064.0931920627795,1982.7145228229328,2047.2987060546875,1972531,0.01818308203759611,0.01801974678883267,4038360163.952759
2020-09-03,2052.157632465567,2132.356896263072,2040.363623083581,2105.13623046875,2577059,0.028250652551585986,0.027858962751667916,5425060268.955566
2020-09-04,2044.6096346236473,2100.2773634851123,2042.7225929673264,2057.677490234375,1516060,-0.022544260816701356,-0.02280226775564723,3119562535.8447266
2020-09-07,2080.4635699508735,2089.8987788848913,2034.2310461741874,2069.046875,1354383,0.005525348272303887,0.0055101395322097735,2802281913.703125
2020-09-08,2079.4252304829797,2091.785444102132,2028.5695556245303,2039.4200439453125,1180325,-0.01431907194209292,-0.01442257912539655,2407178463.369751
2020-09-09,2019.0400668986458,2067.065413808753,2005.5948955045103,2053.99755859375,1357699,0.0071478725982494495,0.007122447641251082,2788710431.305176
2020-09-10,2072.8684002309355,2073.8591433442957,2031.0233823877331,2052.724365234375,948267,-0.0006198611843758473,-0.0006200533777460392,1946530775.647705
2020-09-11,2042.7223430763934,2055.648530770548,2019.2287694699276,2038.287841796875,1143868,-0.007032860174508437,-0.007057707301739764,2331532237.020508
2020-09-14,2042.7226517037725,2073.8588399283567,2026.9658994907766,2037.4388427734375,1180377,-0.0004165255789825295,-0.0004166123498571986,2404945948.916382
2020-09-15,2037.438936347073,2047.7234523531392,2000.2643050820163,2019.700927734375,1264201,-0.008705986489840889,-0.008744104990916908,2553307932.5427246
2020-09-16,2033.2872839827955,2064.2820337934895,2023.8520761684902,2041.5430908203125,1031516,0.010814553177652453,0.010756494110935983,2105884362.8706055
2020-09-17,2024.7957159290709,2039.844827206839,2004.9817783547417,2024.2767333984375,768952,-0.008457503297144342,-0.008493470919254986,1556571642.7001953
2020-09-18,2038.004772476173,2079.3310264328434,2014.6054123514689,2031.3529052734375,1310088,0.0034956544025086522,0.003489558803931364,2661251064.963867
2020-09-21,2031.4477356939474,2038.8542366057702,1970.1660988303026,1984.17724609375,1944477,-0.023223763363430572,-0.023497684249206882,3858187018.9526367
2020-09-22,1985.1678331156072,2002.2926440980227,1918.7911655330638,1947.75732421875,1519039,-0.018355175651116773,-0.01852572205092853,2958719338.023926
2020-09-23,1967.1936306399996,2006.72729006459,1934.2176250059806,1959.5040283203125,1353975,0.006030886884881292,0.006012773875098257,2653119466.744995
2020-09-24,1936.5292733059614,1961.5797973072947,1908.7426310498593,1919.5458984375,1346209,-0.02039196108061314,-0.02060274760930809,2584109964.3896484
2020-09-25,1947.3323479569367,2014.416764188404,1934.2175019139243,1997.9051513671875,1532674,0.04082176570691609,0.04001056047531665,3062137279.9665527
2020-09-28,2014.416992017728,2084.237534129818,2007.8123461422601,2057.771728515625,1138014,0.029964674302716654,0.029524504859916957,2341773035.8549805
2020-09-29,2066.3108824642513,2093.2012295648133,2056.875672955282,2074.330810546875,1337331,0.008047093757671098,0.008014888555521354,2774066897.199463
2020-09-30,2080.3689508109987,2095.5597280582942,2062.2061751400747,2078.3876953125,925934,0.0019557559213785325,0.0019538459206911813,1924449832.2714844
2020-10-01,2066.3109651712025,2104.0518047177084,2057.6778402656605,2073.52880859375,999891,-0.0023378153795408085,-0.0023405523364138643,2073302793.9536133
2020-10-05,2085.7945143854135,2099.3341322781284,2058.951389191363,2085.32275390625,930504,0.005687861805256711,0.005671746996293856,1940401163.8007812
2020-10-06,2098.2018917671794,2108.7692801206927,2053.195989443015,2073.481689453125,2754316,-0.005678288615488469,-0.005694471385657855,5711023792.967773
2020-10-07,2083.2939845844503,2127.639463422978,2047.4401931830876,2111.599609375,1517302,0.01838353341423926,0.018216599055554113,3203934310.5039062
2020-10-08,2125.7524021953645,2129.337827372837,2052.157778417629,2084.048828125,1515381,-0.01304735098817078,-0.013133215358210543,3158127997.2128906
2020-10-09,2086.3133628470096,2108.4861039421426,2072.585087715624,2092.68212890625,1207901,0.004142561663978528,0.004134004878609405,2527752836.1879883
2020-10-12,2106.881926644215,2106.881926644215,2048.525073570712,2058.149169921875,1098858,-0.016501769909233133,-0.016639440757319886,2261613680.5620117
2020-10-13,2060.8853198786046,2108.7690007685387,2055.3186392656016,2094.191650390625,1587481,0.017512083669872336,0.017360514106722114,3324489455.35376
2020-10-14,2076.878059522231,2138.8673336124402,2066.3106720187902,2126.6015625,1358092,0.015476096518353355,0.015357563128426696,2888120569.21875
2020-10-15,2124.856175079006,2172.9285162882375,2100.324632993251,2121.60107421875,1900928,-0.002351398761962442,-0.002354167641375992,4033010886.8125
2020-10-16,2117.260898885831,2155.9452557727823,2117.260898885831,2141.697998046875,815976,0.009472527174094303,0.009427944110290343,1747574165.6542969
2020-10-19,2151.227517103672,2151.227517103672,2061.7816953221663,2074.000244140625,1263185,-0.031609383754379494,-0.03211974392220293,2619845998.3947754
2020-10-20,2085.180826719395,2108.768845121198,2066.3104119979525,2070.509033203125,976226,-0.0016833223368045713,-0.0016847407157988758,2021284751.447754
2020-10-21,2087.3510923377034,2096.974958337111,2022.0594996602802,2058.149169921875,1308299,-0.005969480491533563,-0.005987369066061366,2692674500.859619
2020-10-22,2055.8371492120687,2055.8371492120687,2019.1342863348063,2037.4857177734375,1021353,-0.010039822404720011,-0.010090561313766755,2080992150.3050537
2020-10-23,2039.8919967210702,2074.330506378942,2038.0049550959811,2058.66796875,1153577,0.010396269672854563,0.010342600116266719,2374832019.3867188
2020-10-26,2064.423473307594,2089.568210035104,1973.043393328757,1989.0362548828125,1551460,-0.03382367381441653,-0.03440892914339663,3085910188.0004883
2020-10-27,1995.5465943520965,2014.3225670944178,1963.46688550672,1998.613037109375,1019769,0.00481478515188094,0.004803231145714161,2038123618.2399902
2020-10-28,2005.4060790520084,2025.1258004172346,1981.8652830315978,2014.416748046875,1041016,0.00790733906167107,0.007876239889709539,2097040065.3847656
2020-10-29,2009.6993877661541,2023.8522003560568,1981.4409846986691,2016.16259765625,834115,0.0008666774693308898,0.0008663021212677841,1681711465.144043
2020-10-30,2003.2832495188945,2026.116406045219,1953.6069732003002,1967.8070068359375,1013498,-0.023983973751186993,-0.02427627236695825,1994368465.814209
2020-11-02,1962.3346828542672,1977.7141185676526,1901.3831446436302,1915.01708984375,1131510,-0.02682677559781088,-0.027193181395987146,2166860987.3291016
2020-11-03,1922.8953411675864,1995.5464409074805,1922.8953411675864,1976.676025390625,1939408,0.0321975902324223,0.03169011213610277,3833581297.0507812
2020-11-04,1974.7891521310216,2004.9345974178514,1953.0881724372741,1978.9405517578125,1114904,0.0011456234294844325,0.0011449677037254202,2206328736.916992
2020-11-05,2002.151261341373,2021.2103366089525,1984.2243650334153,2000.0755615234375,828400,0.010679961935618376,0.010623333974980421,1656862595.1660156
2020-11-06,2007.8122085489679,2032.2965265819284,1992.7158761538628,2018.2381591796875,996379,0.009080955742699848,0.009039971792865956,2010930118.8052979
2020-11-09,2031.400358431399,2077.585657249674,2021.021629242943,2068.999755859375,1129889,0.025151440353461396,0.024840348363208583,2337740065.1481934
2020-11-10,2087.068141760941,2129.9511187660996,2068.3863826675906,2108.627685546875,986762,0.019153182389352263,0.018972069134447808,2080713672.2456055
2020-11-11,2108.6275478253538,2201.2340220204,2096.220111118985,2195.289794921875,2127849,0.0410988198480966,0.040276712935442424,4671245194.834717
2020-11-12,2194.629789445523,2234.7294309121758,2171.98528602906,2217.98193359375,1905794,0.010336739470281353,0.010283680702053087,4227016661.151367
2020-11-13,2187.081119229282,2428.9997496815026,2186.6093588498106,2372.577392578125,9475210,0.06970095501809936,0.06737912812014447,22480669035.930176
2020-11-14,2396.5427850779347,2441.8317825912186,2361.3966359660635,2397.061767578125,1043101,0.010319737124947714,0.01026685216585114,2500377526.82251
2020-11-17,2397.062259816024,2419.1877806159623,2350.4521854261493,2398.147216796875,2112263,0.00045282488479503336,0.00045272239054701863,5065517634.593018
2020-11-18,2383.333613882829,2481.459780091782,2371.72826161661,2466.5048828125,1880217,0.028504366010910775,0.02810567512948821,4637564411.24707
2020-11-19,2421.1688468967213,2507.87831734597,2395.1275803546823,2407.157470703125,2433481,-0.024061339802296522,-0.024355542702163505,5857771968.964111
2020-11-20,2420.131056961719,2453.1542877584675,2398.713179058183,2444.332275390625,1394396,0.015443445283470192,0.015325408989167188,3408367147.475586
2020-11-23,2448.955669077992,2459.3343987703824,2415.413455683593,2450.654052734375,823238,0.0025863003190675915,0.0025829615997789075,2017471541.0649414
2020-11-24,2449.380187398979,2561.6591713359894,2443.81350638651,2541.184814453125,2418981,0.036941469408029226,0.03627548542498769,6147077783.650635
2020-11-25,2543.7324194014222,2572.9815681408304,2435.4633930192585,2448.53125,1758420,-0.03646077370136669,-0.0371420796589473,4305546320.625
2020-11-26,2462.589254460293,2465.4198168217413,2380.031185584708,2405.22314453125,2083338,-0.01768738114686097,-0.017845672152389833,5010892775.481445
2020-11-27,2421.074094729629,2470.137170694532,2373.0489836662146,2391.49462890625,2597507,-0.005707792915686238,-0.005724144616772169,6211924039.046387
2020-12-01,2415.3662172747445,2438.9070170296827,2382.3902087721935,2389.6552734375,1227343,-0.0007691238134167611,-0.0007694197408832471,2932926672.2666016
2020-12-02,2385.2209526159922,2405.8839692024467,2365.407012740622,2389.466796875,1293136,-7.887186264687873e-05,-7.887497319579502e-05,3089905535.84375
2020-12-03,2410.6957122030667,2434.283732870416,2391.8252956691877,2405.50634765625,1073359,0.00671260667954332,0.0066901774517690886,2581971887.813965
2020-12-04,2419.942104152394,2450.9838451803234,2389.466337372418,2409.2802734375,1140298,0.0015688695999189761,0.0015676402096755522,2747297477.2402344
2020-12-07,2409.2804487787485,2428.1980875642043,2396.542917524191,2416.498291015625,723083,0.0029959227482598827,0.0029914439149657077,1747328833.7624512
2020-12-08,2416.4980887184347,2461.6456489707666,2373.285022435301,2404.279541015625,1303426,-0.005056386774792476,-0.005069213554776081,3133800465.027832
2020-12-09,2407.0161924254076,2416.0266324855334,2387.20225408274,2403.383544921875,954150,-0.00037266718718220737,-0.00037273664485534163,2293188409.387207
2020-12-10,2413.5263680504418,2413.5263680504418,2346.6308309906913,2351.8671875,1106304,-0.021434929739252095,-0.02166799434604978,2601880077.0
2020-12-11,2351.8670118128284,2366.3029260116728,2313.3715477515843,2331.251220703125,1488286,-0.008765786991054347,-0.0088044325064919,3469568554.255371
2020-12-14,2325.779077571618,2325.779077571618,2257.1851524697827,2264.874755859375,2480823,-0.02847246330823594,-0.02888566605603248,5618753386.455322
2020-12-15,2274.6399418174096,2347.4796999413816,2273.413318733424,2335.402587890625,2907490,0.031139837577680574,0.030664828793548354,6790159670.266113
2020-12-16,2358.8022471887903,2364.8879109161808,2307.8521186495122,2330.591064453125,1462297,-0.0020602543914477467,-0.0020623796350565183,3408016321.7766113
2020-12-17,2332.1006368918815,2354.0847206338904,2302.1910694776325,2327.288818359375,1059879,-0.0014169135650251574,-0.001417918336278699,2466644545.513916
2020-12-18,2320.11764538592,2349.36679016305,2288.2265963005034,2340.827880859375,849960,0.00581752569478855,0.0058006692358435925,1989610065.6152344
2020-12-21,2321.061239526169,2356.3018346328518,2208.4049446752388,2261.05322265625,1194154,-0.03407967704735204,-0.034673929586876366,2700045750.0478516
2020-12-22,2264.450072906916,2324.8354081844336,2247.8912356784294,2308.512451171875,1197777,0.020989876770733717,0.020772624119401575,2765083118.227295
2020-12-23,2307.852032637632,2335.166915571717,2280.4899275900066,2308.512451171875,954704,0.0,0.0,2203946071.1835938
2020-12-24,2320.1176049962487,2334.270416738804,2290.3967003368825,2299.124267578125,599386,-0.004066767579695818,-0.004075059367119452,1378062898.246582
2020-12-28,2303.22857061786,2322.948061943703,2288.556777040109,2312.899658203125,711668,0.0059915815857620736,0.005973703437525962,1646016673.9541016
2020-12-29,2316.34373536786,2361.6327371184334,2298.2754028518307,2321.580322265625,1955329,0.00375315203654103,0.0037461265344676843,4539453329.955322
2020-12-30,2338.9882456382297,2382.39020582353,2315.730548244861,2375.17236328125,2429452,0.02308429327283612,0.022821881691115466,5770367248.318359
2020-12-31,2387.107466445494,2403.4776433857282,2344.7434774623166,2387.95654296875,1763710,0.005382421876043875,0.005367988411584142,4211662834.399414
2021-01-01,2388.051184557815,2410.695684134815,2373.7097142294,2399.09033203125,914818,0.004662475577825287,0.0046516399062173615,2194731019.368164
2021-01-04,2444.6624995966536,2519.2006460529005,2434.2837703432524,2505.708251953125,3287511,0.04444097768990818,0.04348179270116353,8237543441.08667
2021-01-05,2481.4597381071685,2533.3533828204363,2468.2504467256094,2523.82373046875,1494362,0.007229683863436476,0.007203674981150273,3771506277.510742
2021-01-06,2517.313525335674,2521.0876085820546,2462.5893182631594,2495.94287109375,949386,-0.011047070775351497,-0.011108542804862393,2369613218.616211
2021-01-07,2509.7654681897156,2562.2723115019235,2491.6026917751847,2500.1416015625,1250528,0.0016822221844003948,0.0016808088334863908,3126497076.71875
2021-01-08,2510.709027026004,2614.779424723931,2510.709027026004,2604.919677734375,2585123,0.04190885672491196,0.04105446995166337,6734037772.063721
2021-01-11,2610.722183668586,2650.019734805723,2572.6982474638467,2620.298828125,1616318,0.005903886604289088,0.005886526958513942,4235236161.2773438
2021-01-12,2620.346023135402,2782.4429490449993,2620.346023135402,2718.896728515625,4829997,0.0376284946328731,0.036937815702459846,13132263042.040283
2021-01-13,2707.4329441982504,2746.0228529001006,2676.438193679114,2706.630859375,1878124,-0.004511340578691847,-0.004521547384754356,5083388376.1328125
2021-01-14,2717.3398094678114,2742.7676480728633,2680.5424995479348,2723.567138671875,1159961,0.006257328825692188,0.006237833029148651,3159231661.740967
2021-01-15,2717.3402420352677,2738.0977022174816,2679.5994053403333,2695.92236328125,882692,-0.010150208892631074,-0.010202073519251592,2379669102.689453
2021-01-18,2692.0063708981197,2748.1930825394948,2656.0111432817394,2710.7353515625,2069601,0.0054945900827874095,0.005479549890672918,5610140594.329102
2021-01-19,2724.888177751647,2763.5725320756837,2691.062863598338,2720.642333984375,1447495,0.0036547213715143467,0.003648059104913909,3938116175.230713
2021-01-20,2724.133290776262,2796.595736496733,2703.8003708457527,2718.802490234375,1760329,-0.0006762534446435042,-0.0006764822071443006,4785986868.831787
2021-01-21,2732.4362764293105,2788.1040044366755,2731.539977726663,2761.30810546875,1451173,0.01563394744084956,0.015512996285072713,4007135767.3374023
2021-01-22,2736.2102602135224,2865.4726069891267,2736.2102602135224,2804.7099609375,3091826,0.015717860452729937,0.015595614186710462,8671675179.685547
2021-01-25,2858.820872528142,2858.820872528142,2690.213747472387,2707.480224609375,2024082,-0.03466659215472856,-0.03528173695686155,5480161987.987793
2021-01-27,2736.1631243975485,2766.780328583816,2613.0808809154814,2632.32861328125,2574644,-0.02775703055743195,-0.028149537196320847,6777309070.212891
2021-01-28,2622.987839162846,2670.163879435559,2583.6902897563796,2640.395751953125,1430646,0.0030646396620743754,0.003059953226328476,3777471620.9487305
2021-01-29,2653.5580782253687,2708.329512359212,2572.934263657913,2589.304443359375,2067268,-0.01934986774462022,-0.01953952700960831,5352786218.014648
2021-02-01,2620.1571517222915,2706.0647630300605,2546.1379941366763,2682.2880859375,1847361,0.035910664277657434,0.03528090872692851,4955154400.725586
2021-02-02,2755.0808697670736,2755.0808697670736,2666.342688148229,2740.78662109375,2125895,0.021809191735571387,0.021574773504919622,5826624573.850098
2021-02-03,2740.7865202265607,2781.4993510842573,2709.3200090361074,2752.15576171875,1349528,0.004148130517531046,0.004139550742636174,3714111260.8007812
2021-02-04,2737.059627213521,2809.8051791640187,2718.2836538520946,2796.076904296875,1259327,0.01595881424628942,0.015832811175473353,3521175139.6574707
2021-02-05,2805.2760086723038,2821.1272042514934,2741.1165939936745,2766.54443359375,915838,-0.010562109596392366,-0.010618284576951943,2533706520.973633
2021-02-08,2768.2899689465344,2817.353049514094,2764.610330044669,2802.634033203125,654484,0.01304500993049107,0.012960656589915614,1834279132.586914
2021-02-09,2824.2410552114757,2847.545974539105,2770.2244856149337,2781.169189453125,1127584,-0.00765881078146613,-0.007688290086833645,3136001879.3203125
2021-02-10,2800.3700543390223,2829.52475824921,2714.2737715026224,2737.437255859375,2160932,-0.015724298169126905,-0.015849236386838245,5915415764.178711
2021-02-11,2594.6820631678966,2680.3537933602984,2548.732648701418,2658.98291015625,4481414,-0.02865977860686908,-0.02907848957521853,11916003239.33496
2021-02-12,2679.598834269663,2684.2692157449615,2608.882002653915,2624.1669921875,1907486,-0.013093697532153059,-0.013180175698467939,5005561799.259766
2021-02-15,2638.0841723495905,2650.3499428218884,2602.2303817382585,2613.599853515625,930514,-0.0040268545040520465,-0.004034984114495515,2431991254.0942383
2021-02-16,2613.599921956543,2621.2423024706613,2540.382613386975,2572.93408203125,1525475,-0.015559295134515039,-0.0156816113958167,3924946618.786621
2021-02-17,2566.376759297904,2589.9647809826274,2533.353528939291,2543.260498046875,1491311,-0.011532974821083841,-0.011599995371051107,3792792356.602783
2021-02-18,2548.544146157486,2559.6305156494327,2476.7421205412807,2500.518798828125,1924724,-0.01680586760639502,-0.016948688614672885,4812808544.555664
2021-02-19,2496.5562405223295,2498.348838047905,2424.8486538708944,2438.671142578125,1588781,-0.02473392972649724,-0.025044952624491513,3874514376.576416
2021-02-22,2440.0392077681604,2443.7188467093756,2311.6259360764366,2342.14892578125,2189183,-0.03957984129620418,-0.040384424951329864,5127392611.788574
2021-02-23,2336.34656207194,2405.789797076431,2318.089569652393,2372.672119140625,1821712,0.013032131741662623,0.012947944153094979,4322325271.503906
2021-02-24,2387.1548335535376,2418.1023617011006,2358.8019875923264,2392.580078125,807585,0.008390522577382376,0.008355517812037699,1932211782.3925781
2021-02-25,2410.6956556179707,2414.42251672558,2374.841865045179,2407.81787109375,1351820,0.006368770311207861,0.0063485753927474894,3254936354.501953
2021-02-26,2386.8245603156843,2403.100294379075,2324.5049643968136,2357.481201171875,1695786,-0.02090551387884232,-0.021127128216808864,3997783616.210449
2021-03-01,2380.502896277838,2423.8104073631202,2356.11279229854,2411.780517578125,1283153,0.02303276750595451,0.022771517254123876,3094683406.471924
2021-03-02,2438.057984499702,2463.533048579227,2387.1078563406527,2455.324462890625,1491743,0.018054688225206394,0.017893637928232068,3662713080.2458496
2021-03-03,2458.626577981003,2478.4877371439634,2425.886451874941,2452.2578125,1289447,-0.0012489796916757001,-0.0012497603168685149,3162056479.5546875
2021-03-04,2424.848885028047,2484.2907059450768,2401.5911853337698,2446.738525390625,1353079,-0.002250696105948302,-0.0022532327292558263,3310630517.1970215
2021-03-05,2438.8126069793216,2485.4224423026017,2415.413245097092,2441.595947265625,1153319,-0.002101809438006419,-0.0021040213393367863,2815938996.3044434
2021-03-08,2453.7672673753045,2494.197225647652,2429.5660510848134,2437.35009765625,950809,-0.0017389648824286397,-0.001740478637025069,2317454409.0024414
2021-03-09,2453.1541054035524,2470.4205822927065,2427.679043539746,2446.266357421875,677915,0.003658177696424847,0.003651502837988218,1658360657.6916504
2021-03-10,2453.1544826430663,2535.240805716123,2452.1165174519992,2521.37109375,1977416,0.030701781962646946,0.030239911944966787,4985799542.71875
2021-03-12,2546.5626625444315,2546.5626625444315,2462.6837547962136,2488.5361328125,1109504,-0.013022660971600541,-0.013108199256604995,2761040793.5
2021-03-15,2491.4612028143465,2531.938154393969,2439.3316768108934,2518.681640625,839684,0.01211375129941561,0.012040967018367802,2114896674.7265625
2021-03-16,2502.641489037946,2532.079289447411,2477.6854120508888,2510.755859375,654829,-0.0031467975635194323,-0.0031517591424293705,1644115748.6386719
2021-03-17,2516.417149481568,2518.1625247184493,2481.5068805229002,2497.49951171875,634977,-0.005279823447091325,-0.005293810971069233,1585854747.4526367
2021-03-18,2515.048989494806,2545.571747378224,2486.177162563053,2514.10546875,1066000,0.006649033144283667,0.006627025821159553,2680036429.6875
2021-03-19,2494.668807166424,2525.80499121956,2453.1538950955755,2511.180419921875,906718,-0.0011634550994311654,-0.0011641324387355754,2276932487.9907227
2021-03-22,2517.313810231643,2539.958312272707,2500.377655817121,2525.6640625,694227,0.005767663073199536,0.005751093784724105,1753384185.1171875
2021-03-23,2527.692211184644,2562.6024806186983,2515.426440842949,2550.100830078125,1134037,0.009675383175835606,0.009628876396017397,2891908695.0393066
2021-03-24,2547.5060520156776,2553.6389369557155,2480.563300163615,2510.37841796875,1149589,-0.015576800587982276,-0.015699393684810537,2885903415.1342773
2021-03-25,2486.6963412342875,2501.273691821287,2404.091047438943,2434.708251953125,1119611,-0.030142932027296787,-0.030606570947630914,2725926140.67749
2021-03-26,2472.0246418458864,2472.920940588415,2406.968924918044,2415.932373046875,676278,-0.007711757205894343,-0.007741646571008205,1633841913.3793945
2021-03-30,2428.622982483965,2503.82155789922,2416.687534326153,2490.84814453125,980304,0.031009051544722777,0.030537984380108536,2441788399.4765625
2021-03-31,2486.1777194145875,2499.103910443272,2434.378511063518,2456.88134765625,829495,-0.013636638969571568,-0.013730471951598757,2037970793.474121
2021-04-01,2463.344409786687,2499.3868620670137,2442.634172118889,2482.544921875,744423,0.010445589585851067,0.010391411370626215,1848063538.3769531
2021-04-05,2449.3800028728133,2455.984648489188,2365.406651464616,2375.030517578125,1205767,-0.04330814050916443,-0.04427392528076676,2863733422.088623
2021-04-06,2391.636841338431,2408.808875776943,2338.0920298616034,2346.1591796875,916830,-0.012156196594924507,-0.012230687451957805,2151029120.7128906
2021-04-07,2358.8020334215457,2403.3361697421924,2349.3668252878597,2394.844482421875,684434,0.020751065467288443,0.02053869502527023,1639112988.4819336
2021-04-08,2413.997958131365,2448.4364672076968,2404.0909897669408,2408.80859375,760845,0.005830905276155152,0.005813971342872644,1832729974.5117188
2021-04-09,2405.978027344601,2429.566047220528,2372.9547995183025,2379.18212890625,719036,-0.012299219174416787,-0.012375480519027815,1710717601.2402344
2021-04-12,2349.3669252010523,2368.23734227094,2259.8738801064,2290.11376953125,1050225,-0.03743654522823192,-0.038155287957686065,2405134733.605957
2021-04-13,2290.113710250127,2363.472454710376,2283.509064446632,2352.99951171875,720904,0.02745965856550958,0.027089404880760126,1696286759.9960938
2021-04-15,2335.2137343516147,2349.2721006520683,2243.692226379046,2276.338134765625,1979939,-0.03258027745918557,-0.033122831638764,4507010650.209717
2021-04-16,2278.602806476512,2330.4020079488746,2278.602806476512,2297.331787109375,789681,0.009222554427710916,0.009180286353614484,1814159262.9763184
2021-04-19,2240.8618889326285,2251.2406176813693,2187.175647818482,2236.474609375,882318,-0.026490373778769172,-0.02684756595864708,1973281804.3945312
2021-04-20,2264.308433815506,2268.6484911882217,2187.930242467589,2207.838623046875,1040931,-0.012804073968954,-0.012886752631419108,2298207665.7268066
2021-04-22,2195.3845942987427,2215.48163662029,2173.589168195469,2205.810546875,834721,-0.0009185798956067304,-0.0009190020486597074,1841236385.4980469
2021-04-23,2179.53290683264,2224.0198175305395,2173.9662266138944,2186.420654296875,962271,-0.008790370780298873,-0.008829234005250269,2103929189.4309082
2021-04-26,2197.931532096839,2241.9466818416627,2197.931532096839,2236.002685546875,1330072,0.022677260733225735,0.022423954039982968,2974044563.970703
2021-04-27,2236.002687455833,2271.054390329993,2233.0304589541615,2264.544189453125,523800,0.01276452129987904,0.012683741482073225,1186168246.4355469
2021-04-28,2290.86882670247,2396.5431712620566,2274.0268858975696,2378.804931640625,1681975,0.05045639768022947,0.049224734187563415,4001090424.89624
2021-04-29,2383.333619877324,2403.3834375425627,2314.3621549681966,2323.79736328125,1170842,-0.023124034941964355,-0.023395589903584528,2720799552.4189453
2021-04-30,2304.077692704907,2330.732154137713,2277.659111461771,2284.876953125,646257,-0.01674862480319439,-0.01689046904744273,1476617725.0957031
2021-05-03,2247.938210644073,2279.7820362932807,2233.7853992444248,2260.91162109375,461085,-0.010488675111573476,-0.01054406894343781,1042472434.8120117
2021-05-04,2262.940265294366,2280.3484088797627,2223.029518488593,2234.25732421875,623484,-0.01178918124278805,-0.011859224687477075,1393023693.5332031
2021-05-05,2242.748734685897,2252.3725998876557,2223.4537821763847,2238.408447265625,382620,0.001857943130309181,0.0018562192888407958,856459840.0927734
2021-05-06,2250.1088147282685,2309.6920707680047,2242.7493052246946,2305.257568359375,628779,0.02986457684941768,0.02942731481047788,1449497548.5754395
2021-05-07,2311.6258524948776,2318.2777198958756,2267.374821173532,2280.631103515625,464237,-0.010682738962343508,-0.01074020907682017,1058753341.6027832
2021-05-10,2290.066390007628,2311.6259321687608,2281.0087286477337,2309.03125,350564,0.012452757677730464,0.012375859826265247,809463231.125
2021-05-11,2274.356992986094,2337.950205689719,2274.356992986094,2331.628662109375,500446,0.009786533685663734,0.009738955728548816,1166854237.4379883
2021-05-12,2324.835298176168,2344.6492353765334,2300.445192862633,2317.711669921875,334233,-0.005968785859284176,-0.005986670262560821,774655724.572998
2021-05-14,2316.532337791255,2318.796926035417,2264.450033100302,2278.79150390625,429170,-0.016792496892824027,-0.01693508944619193,977988949.7314453
2021-05-17,2280.4899109641233,2349.319711399699,2273.9324870794917,2344.0361328125,577279,0.028631241074231317,0.02822902632038144,1353162834.7138672
2021-05-18,2358.8019344051213,2437.9632351830564,2351.8199728199825,2426.593994140625,1022419,0.035220387677671106,0.034614339004174356,2480995804.8952637
2021-05-19,2405.9777043546173,2467.3065477989503,2396.872822045495,2419.847412109375,1086010,-0.002780268164983779,-0.002784140289212849,2627978488.0249023
2021-05-20,2420.1308514975585,2436.1707050942287,2378.804594395787,2387.673828125,509274,-0.013295707747262187,-0.013384887019287731,1215980201.1445312
2021-05-21,2405.978255872108,2414.9417042763375,2371.5869656967625,2379.8427734375,743110,-0.0032797841125769,-0.0032851743936886247,1768484963.3691406
2021-05-24,2397.486241777886,2433.3400305175787,2383.899635027754,2407.110107421875,850202,0.011457619927130569,0.01139247850483312,2046529827.550293
2021-05-25,2420.1308368841555,2485.23377167753,2420.1308368841555,2476.789306640625,1018896,0.028947242173886112,0.028536184569470838,2523590717.3789062
2021-05-26,2490.8950926760963,2506.132862560659,2459.806126131422,2484.76220703125,1026040,0.003219046678394788,0.0032138766397286143,2549465414.9023438
2021-05-27,2499.3870516451566,2525.8056388275136,2442.9172294021478,2456.975830078125,1507004,-0.011182710713522837,-0.011245707311754515,3702672403.8310547
2021-05-28,2481.4599118301126,2556.941582151941,2477.780272542634,2489.4326171875,2284342,0.013210055512977048,0.013123563605587764,5686715483.611328
2021-05-31,2489.4324846530603,2534.2969461324215,2467.6842834790764,2525.003173828125,838679,0.014288619983139572,0.014187499759962417,2117667136.822998
2021-06-01,2462.5895253251706,2551.280489072514,2462.5895253251706,2515.238037109375,1126551,-0.0038673760175695904,-0.0038748736532272805,2833543925.9436035
2021-06-02,2496.1316143535073,2541.845153164679,2489.102430137641,2526.512939453125,659428,0.0044826382940310605,0.004472621195191616,1666053374.6376953
2021-06-03,2528.824395601584,2617.79845288366,2526.7959180274916,2611.4296875,1265747,0.033610256540089534,0.03305777712011813,3305409292.6640625
2021-06-04,2611.1464692595573,2618.270097035354,2570.2449827115124,2589.587158203125,621362,-0.008364203486476263,-0.00839937972124616,1609071055.7954102
2021-06-07,2594.918361795947,2639.8770406540802,2590.0593212893555,2598.881103515625,602326,0.003588967949218924,0.003582542971851666,1565373659.5561523
2021-06-08,2608.8350597697545,2622.0443512116267,2589.9646434242227,2607.702880859375,441932,0.003394452070860865,0.0033887039226330453,1152427349.5439453
2021-06-09,2609.9672334952375,2617.7512802223055,2564.584020485448,2574.91552734375,471760,-0.012573270427503558,-0.012652982860929989,1214742149.1796875
2021-06-10,2574.9157416890384,2599.400062816537,2539.0147256041014,2552.271240234375,571287,-0.00879418639909113,-0.008833083469605565,1458079380.0197754
2021-06-11,2567.6976226055294,2597.088436136043,2557.7436616342966,2591.28564453125,596669,0.015286151284332972,0.015170495208703621,1546139814.2368164
2021-06-14,2585.247098386908,2615.298329244266,2557.8849940609152,2589.91748046875,525550,-0.0005279865866534283,-0.0005281260206529524,1361131131.8603516
2021-06-15,2589.9647857958657,2629.6398844136584,2585.8603778743864,2607.419921875,646742,0.006757914697375744,0.006735182349888071,1686327975.1132812
2021-06-16,2595.6257790691493,2620.7705168129196,2570.4338192139667,2586.23779296875,312868,-0.008123788856770675,-0.00815696663783164,809151045.8105469
2021-06-17,2566.3768554230946,2616.28901903675,2514.20010343182,2522.739013671875,701970,-0.02455256800805794,-0.024859008641686015,1770887105.427246
2021-06-18,2522.8805096108426,2561.6593117751154,2494.8579842043237,2554.630126953125,649498,0.012641463547524046,0.01256222732300878,1659227158.1958008
2021-06-21,2511.652413481372,2587.134078800121,2511.652413481372,2546.043701171875,528922,-0.0033611228845449315,-0.0033667841470930086,1346658526.5112305
2021-06-22,2547.5061899646184,2603.504242243989,2545.6191483424222,2564.67822265625,477522,0.007319010854290431,0.007292356869204624,1224690274.2392578
2021-06-23,2567.320359981697,2606.9482376440387,2555.6207930030514,2574.4912109375,432919,0.003826206420190381,0.003818905110690699,1114546160.5478516
2021-06-24,2574.4907761114705,2580.529216689901,2541.844866457987,2553.874755859375,402741,-0.00800797260077557,-0.008040208625503396,1028550073.0495605
2021-06-25,2548.4498327724687,2571.0943333228347,2531.466457359694,2567.131591796875,455803,0.005190871598963476,0.005177445467159694,1170106280.935791
2021-06-28,2569.6792413782846,2597.4658865723254,2559.394955427932,2585.671875,243077,0.0072221787392470205,0.00719622369941074,628517362.359375
2021-06-29,2585.246897814007,2593.738584704637,2547.506067188985,2552.318115234375,290136,-0.012899455684269645,-0.012983376129280196,740519368.6816406
2021-06-30,2554.6299419302504,2571.0943348112564,2514.6245193903815,2520.28564453125,391735,-0.012550344140853098,-0.012629764914915126,987284096.9604492
2021-07-01,2528.6359180104378,2555.9980230933866,2517.2192234040845,2524.201416015625,463026,0.0015537014595436993,0.0015524957141816553,1168770884.8520508
2021-07-02,2522.9750007706807,2539.1093010315094,2492.7823306043897,2510.709228515625,621222,-0.0053451311034034,-0.005359467425828651,1559707808.3569336
2021-07-05,2524.531502207228,2566.376744576604,2520.2856583283333,2548.4970703125,489159,0.015050664317355356,0.014938526831610701,1246620278.4169922
2021-07-06,2551.2802854963634,2576.8967835003427,2541.3260948209863,2558.0263671875,331769,0.0037391829820041522,0.003732209615041963,848673849.8154297
2021-07-07,2563.1216752529244,2584.2092285668555,2544.4871379992915,2557.74365234375,517132,-0.00011052069180228496,-0.0001105267996639774,1322691090.4238281
2021-07-08,2552.3182098829807,2582.41643128188,2552.3182098829807,2575.1513671875,509968,0.006805887223216622,0.006782831722412743,1313244792.421875
2021-07-09,2585.2468717610623,2608.8348906639917,2534.34397303889,2558.9697265625,971880,-0.00628376290077004,-0.006303588836825044,2487011497.8515625
2021-07-12,2566.37669542351,2588.9739735646976,2552.2238827649244,2556.4697265625,273843,-0.0009769556763605802,-0.0009774332086012565,700071339.3310547
2021-07-13,2571.0941129790144,2589.823092511507,2547.506093593886,2553.82763671875,488409,-0.0010334915435523673,-0.001034025964182195,1247312402.222168
2021-07-14,2556.422573802692,2560.7156398292823,2535.8067810151315,2547.50634765625,830881,-0.0024752214956142993,-0.00247828992074082,2116674621.6469727
2021-07-15,2556.941679907158,2558.2155252832504,2502.2174668316543,2516.842041015625,730937,-0.01203698929693997,-0.012110020494765445,1839652970.933838
2021-07-16,2516.8416052750977,2520.4270302020714,2460.5134624663756,2469.4296875,1037591,-0.018838033036229995,-0.019017729106325747,2562258018.8828125
2021-07-19,2461.645835730812,2469.4298825475153,2425.792044332663,2434.0478515625,561172,-0.014327938194231282,-0.014431574218800938,1365919500.9570312
2021-07-20,2434.2836551114005,2454.097591839052,2394.325457236602,2410.55419921875,890122,-0.009652091403490104,-0.00969897476328199,2145687324.9169922
2021-07-22,2438.954167336448,2438.954167336448,2386.164222018144,2415.5078125,1321161,0.002054968638687038,0.0020528600788228355,3191274717.0703125
2021-07-23,2421.026894419913,2432.396364926787,2398.429619722224,2405.6474609375,379798,-0.004082102948073207,-0.004090457474087171,913660094.3691406
2021-07-26,2401.0721679288413,2439.001664179573,2396.54322128283,2418.432861328125,309303,0.00531474399230647,0.0053006705828113196,748028539.307373
2021-07-27,2421.1685865839518,2451.2668050986254,2399.042841648382,2426.1220703125,492846,0.0031794180054898202,0.003174374343841078,1195704557.8652344
2021-07-28,2430.9814549227212,2430.9814549227212,2380.503089761314,2406.35546875,383896,-0.00814740602065167,-0.008180777517444946,923790239.03125
2021-07-29,2405.978082532021,2415.3660685876266,2375.7854163982856,2385.362060546875,341346,-0.00872415088949019,-0.008762429086316803,814233797.9194336
2021-07-30,2385.3620200372948,2418.9042305709604,2367.293688845439,2387.343505859375,606230,0.0008306685786918511,0.0008303237644857102,1447279253.557129
2021-08-02,2414.2809231229508,2467.3067428062195,2392.108185663698,2455.607177734375,691444,0.028593988132607162,0.028192809632875047,1697914849.4013672
2021-08-03,2462.4008469894516,2504.9535006097326,2440.9829690116567,2499.669921875,678468,0.01794372672476019,0.017784638333987503,1695946052.5546875
2021-08-04,2507.878498038918,2528.3528550563897,2486.6492782473924,2492.593505859375,548192,-0.0028309401788204624,-0.0028349548686565167,1366419819.1640625
2021-08-05,2500.3301883336135,2601.2869166927444,2492.7820217273234,2577.84033203125,2173169,0.034200051461052094,0.03362823073926738,5602082696.52002
2021-08-06,2580.2464518067723,2603.5043792351803,2580.2464518067723,2592.18212890625,799082,0.005563493090240845,0.005548074025362933,2071366079.930664
2021-08-09,2607.0398689065937,2628.6386150892686,2579.507401245162,2590.900146484375,516622,-0.000494557233297499,-0.0004946795670616971,1338516015.4770508
2021-08-10,2590.9478937081344,2614.635265606883,2572.0074994157885,2595.979736328125,733892,0.00196055021674324,0.00195863084643886,1905168760.6533203
2021-08-11,2597.1191702540946,2610.8378902657387,2561.469319249805,2580.694580078125,361517,-0.005888010617378758,-0.005905413296959234,932964962.5061035
2021-08-12,2595.6470703825344,2601.2484106290954,2469.37747990672,2484.140625,2248827,-0.03741394112402174,-0.03813180499799803,5586402509.296875
2021-08-13,2444.6933158404872,2495.865638552806,2395.5621006580623,2417.92041015625,4134045,-0.026657192502437366,-0.02701893870491919,9995791782.004395
2021-08-16,2424.756333022335,2427.17733813021,2356.399850650523,2369.549072265625,1022752,-0.02000534744131599,-0.020208163905178014,2423461052.7578125
2021-08-17,2367.7923599746973,2411.4645526606782,2346.14609637314,2388.3466796875,1298630,0.00793298929399322,0.007901688564351798,3101578648.642578
2021-08-18,2398.1731177842685,2467.478991734487,2398.1731177842685,2458.60205078125,1901521,0.02941590167426722,0.028991555634465215,4675083430.203613
2021-08-20,2411.464490963986,2498.619041364688,2393.6633259224213,2469.99462890625,2187864,0.004633762556807364,0.004623059729262933,5404012328.777344
2021-08-23,2487.4162666752654,2489.74223934606,2406.717647336564,2415.26220703125,1271399,-0.02215892343832193,-0.022408120554807866,3070761954.757324
2021-08-24,2427.9838564785914,2444.6933092875397,2390.5777680722426,2418.964599609375,1277071,0.001532915377612687,0.001531741662153112,3089189540.187744
2021-08-25,2429.5029693443803,2452.5258091281244,2412.6036838881846,2448.965576171875,721584,0.012402404139086887,0.012326124378907346,1767134376.3164062
2021-08-26,2434.7250189348038,2454.187628756665,2417.6358981156086,2448.25390625,440543,-0.00029060021455562524,-0.00029064244698000767,1078561120.6210938
2021-08-27,2440.1364641369264,2455.706690661701,2418.6802631816327,2445.738037109375,541875,-0.0010276177377691598,-0.0010281460988764933,1325284298.8586426
2021-08-30,2450.1050714238363,2476.213449282161,2416.971259147136,2424.708740234375,926194,-0.008598343958314714,-0.008635522989871568,2245750686.9526367
2021-08-31,2424.7561788513576,2561.374102635271,2416.211619098162,2543.66796875,2381821,0.049061244569987617,0.04789571147537356,6058561784.996094
2021-09-01,2544.3799849387224,2626.977394897554,2527.3383817699364,2566.3583984375,1997385,0.008920358303937892,0.008880806941997792,5126005769.663086
2021-09-02,2566.2159979998546,2608.748962118948,2550.5984886163615,2594.8876953125,898434,0.011116645629998478,0.011055309871602829,2331335331.6503906
2021-09-03,2600.0618522132722,2712.4229005745046,2575.709950738058,2660.77587890625,2305890,0.025391535715697078,0.025074525716363264,6135456491.411133
2021-09-06,2660.775815958178,2741.8540957425353,2660.775815958178,2700.93505859375,1197932,0.015093033579366422,0.014980266992231955,3235536536.611328
2021-09-07,2700.934749335964,2734.258618969039,2664.003362787196,2680.285400390625,545226,-0.007645373826157931,-0.007674749517841466,1461361287.713379
2021-09-08,2661.250836192369,2680.2860320937634,2622.467934134347,2658.3076171875,616049,-0.008199792156433072,-0.00823359536515039,1637647749.2607422
2021-09-09,2656.4086825077684,2689.590009793755,2631.7243988247083,2675.58642578125,456149,0.006499928180633496,0.006478894742151183,1220466072.5336914
2021-09-13,2672.548153583166,2672.548153583166,2636.5186431274055,2663.05419921875,287427,-0.004683917679407679,-0.004694921596227367,765433679.3188477
2021-09-14,2676.1559849265277,2724.7649864105183,2667.4688773442444,2677.580078125,672701,0.005454593793288609,0.005439771372324699,1801210796.1347656
2021-09-15,2677.5804437017828,2707.6287215777165,2659.4468951176814,2698.134765625,412751,0.007676591138366051,0.007647276043693771,1113657822.6464844
2021-09-16,2722.8662686883627,2737.486866538046,2699.6535952863487,2715.4609375,570872,0.006421536869003042,0.006401006644645947,1550180616.3125
2021-09-17,2720.303202425691,2786.4285118751604,2719.3538068454486,2751.87060546875,1375879,0.013408282721338205,0.013319187226724063,3786240976.7817383
2021-09-20,2711.568450874338,2713.8944233811458,2617.1508874759274,2670.6494140625,1190719,-0.02951490206147056,-0.029959231525965014,3179992999.663086
2021-09-21,2667.8015197549153,2715.176265416224,2647.6743802691294,2709.95458984375,595121,0.014717459945991385,0.01461020915790797,1612750885.4624023
2021-09-22,2715.2710533226773,2733.7842650498774,2682.0422117610365,2698.989013671875,424342,-0.004046405874464254,-0.0040546147264291146,1145294396.0395508
2021-09-23,2707.2965435427286,2731.1262336602636,2699.5113143150566,2712.470703125,452680,0.00499508867388232,0.004982654607438796,1227881237.890625
2021-09-24,2716.6949967664486,2798.8652167983405,2716.6949967664486,2782.677978515625,806905,0.02588314605932518,0.0255538475326058,2245356774.2541504
2021-09-27,2814.957975017081,2842.4904476226443,2723.1989823064027,2733.642333984375,1331462,-0.01762174599786326,-0.01777885741839889,3639740889.291504
2021-09-28,2736.15787350856,2795.6374097932217,2719.543452000441,2737.15478515625,838118,0.001284897855220013,0.0012840730803961766,2294058694.225586
2021-09-29,2724.7649809994064,2743.752890274664,2691.5361397677066,2699.36865234375,386614,-0.01380489441715771,-0.013901068109676732,1043613712.1572266
2021-09-30,2699.131300618909,2702.7865658649253,2631.2970411621027,2649.003173828125,861344,-0.018658243834866584,-0.018834504789604713,2281702989.7578125
2021-10-01,2645.9653627546077,2652.7061637846086,2612.926351695624,2632.151611328125,411006,-0.006361473125623851,-0.006381793520057382,1081830105.1655273
2021-10-04,2620.3318833139538,2630.775235022814,2570.963311599343,2606.9453125,874865,-0.009576309631878055,-0.00962245733776091,2280725210.8203125
2021-10-05,2591.84985896083,2647.8641965720713,2590.9479795429384,2620.4267578125,452282,0.005171357161908308,0.005158031615489979,1185171854.8769531
2021-10-06,2629.8255145320013,2642.6423536822476,2576.279701463154,2590.852783203125,589264,-0.011285938262232897,-0.011350107728719187,1526696274.4414062
2021-10-07,2615.584676974413,2714.2267795186785,2607.1351494982314,2678.197265625,897524,0.03371263816614434,0.03315682466261927,2403746322.6328125
2021-10-08,2696.283093100063,2727.5656269955557,2672.0735089894815,2675.348876953125,572893,-0.001063547001721843,-0.0010641129691585116,1532688644.1643066
2021-10-11,2686.7893677881457,2751.9652786421675,2685.1279255995837,2707.438720703125,622401,0.011994638914736955,0.011923273336159858,1685112567.2043457
2021-10-12,2715.2712171000467,2784.956756321004,2707.7235689901363,2762.361328125,786357,0.02028581736749757,0.020082801149209784,2172202166.9003906
2021-10-13,2763.6903812080573,2809.973413184661,2710.7615805373775,2758.7060546875,687451,-0.0013232423290479023,-0.001324118587265203,1896475236.0009766
2021-10-14,2757.993918646202,2775.6052514718676,2701.0301888290687,2708.815185546875,497012,-0.018084880430030648,-0.01825041064662889,1346313652.9990234
2021-10-18,2735.208593100124,2735.208593100124,2670.5073787615056,2683.32421875,360160,-0.009410375035138752,-0.009454932368753333,966426050.625
2021-10-19,2698.846335522378,2698.846335522378,2551.2628626678484,2566.88037109375,999095,-0.04339537013178907,-0.04436510782688046,2564557344.35791
2021-10-20,2568.114878792999,2573.811251906773,2483.9035426182472,2517.037353515625,1159620,-0.01941774074842717,-0.019608741656610848,2918806855.883789
2021-10-21,2541.531910567727,2561.4692172998607,2465.01053582427,2528.57275390625,816204,0.004582927772014633,0.004572458134075847,2063831196.0292969
2021-10-22,2555.7724363272423,2555.7724363272423,2469.187621542893,2480.343017578125,519029,-0.019073897024959097,-0.01925815051602586,1287369956.0705566
2021-10-25,2470.8018817531197,2491.356202387398,2403.869496483727,2432.114013671875,457696,-0.01944448955827982,-0.019636020525303985,1113168855.6015625
2021-10-26,2449.345294971768,2480.7703779309127,2441.7976472973764,2459.171630859375,677512,0.011125143408326377,0.011063714186432054,1666118289.9667969
2021-10-27,2460.8330181617803,2479.346229525266,2441.9874256748067,2453.142822265625,430370,-0.002451560728050195,-0.002454570723515983,1055759076.418457
2021-10-28,2453.1429823852786,2458.8868716173424,2391.289957199323,2399.59716796875,1332301,-0.021827369287623632,-0.022069110503251776,3196985706.4819336
2021-10-29,2401.9707379073607,2401.9707379073607,2346.4786144500654,2359.05810546875,1628906,-0.01689411166221544,-0.017038445065824057,3842683902.3466797
2021-11-01,2363.994472503662,2437.145432156604,2352.696760309301,2430.4521484375,1071806,0.030263791639232984,0.02981487783899458,2604973195.408203
2021-11-02,2429.5033148563816,2442.7948531166353,2398.1732603857836,2413.790771484375,657518,-0.006855258172367762,-0.006878863396464664,1587110880.4848633
2021-11-03,2411.749700987084,2430.4527480425477,2378.4258225475546,2394.2333984375,930846,-0.008102348089949807,-0.008135350497785614,2228662582.001953
2021-11-04,2449.4403679940974,2559.8075938775523,2421.9078987414505,2526.9111328125,1389327,0.055415539045435835,0.053934565251741784,3510705863.416992
2021-11-08,2586.865423406704,2636.47133894868,2545.28185359039,2574.048583984375,3081804,0.01865417843935413,0.0184823231755667,7932713222.317383
2021-11-09,2564.5072550001064,2604.7142499107567,2564.0325572173883,2586.390869140625,726392,0.004794892075092649,0.0047834331948838375,1878733636.2167969
2021-11-10,2582.355624829344,2625.600633947932,2572.8616703262946,2607.751953125,861635,0.008259031625592161,0.008225112455586442,2246930354.1308594
2021-11-11,2591.8497044962824,2604.0968136822453,2550.5034842816394,2567.497802734375,533140,-0.015436341766473016,-0.015556722522530188,1368835778.5498047
2021-11-12,2587.1026483564488,2602.6253569609885,2561.0417891366274,2585.203857421875,879209,0.006896229733339254,0.006872559502328658,2272934498.2800293
2021-11-15,2577.6086434154568,2629.8253930979063,2543.762788381141,2548.509765625,686532,-0.014193887144152928,-0.01429558382133387,1749633506.4140625
2021-11-16,2548.557245434901,2600.536650241813,2515.945648339982,2573.146728515625,1233796,0.009667203643060507,0.009620775212168222,3174738141.055664
2021-11-17,2591.8023371042627,2610.4105826111568,2528.1928352115838,2538.87353515625,848875,-0.013319564321598643,-0.013409065350051068,2155186272.1557617
2021-11-18,2539.633139165593,2562.086251588104,2444.693582561272,2471.5615234375,823299,-0.02651255006863007,-0.026870345951625477,2034834130.6845703
2021-11-22,2468.428475244311,2471.2766619465156,2389.533610878822,2419.107421875,1013413,-0.021223061236827157,-0.021451508415358443,2451554909.7246094
2021-11-23,2407.667191010455,2478.8243433781045,2378.90045857769,2467.6689453125,611137,0.02007414924958595,0.019875319996732657,1508083796.2314453
2021-11-24,2467.668967178767,2485.47013446247,2397.2238608719354,2408.569091796875,455215,-0.02394966862467074,-0.024241124866581736,1096416779.1223145
2021-11-25,2416.211915019996,2416.211915019996,2370.688440227811,2392.856689453125,525539,-0.006523542296238638,-0.006544913593361602,1257539511.7185059
2021-11-26,2368.7415507720034,2379.279932549954,2298.96098805387,2310.7333984375,554629,-0.034320187823030035,-0.034922957087492885,1281599754.0419922
2021-11-29,2310.733849965646,2323.740755068543,2245.6054511072566,2291.271240234375,342547,-0.00842250266356348,-0.008458172365773908,784868089.5285645
2021-11-30,2293.5495608825086,2323.1706523898633,2240.5732487290875,2250.494384765625,1101715,-0.01779660773142644,-0.017956871637718183,2479403421.1120605
2021-12-01,2288.0431933549057,2356.826852125737,2264.3558215900316,2314.9111328125,1691658,0.02862337648248947,0.028221380604897546,3916037937.111328
2021-12-02,2316.525157622594,2338.8834693330828,2303.993182635283,2327.49072265625,363180,0.0054341567006359615,0.00541944494437255,845298080.6542969
2021-12-03,2326.019381914753,2370.7832948563655,2321.3199197248296,2331.28857421875,659154,0.0016317364986810912,0.0016304066631114794,1536678188.850586
2021-12-06,2335.513020932703,2346.76345076014,2301.382297736033,2320.417724609375,537938,-0.004663021871077477,-0.0046739276734327545,1248240869.940918
2021-12-07,2330.860961974721,2362.808027522958,2317.664225582144,2346.7158203125,262328,0.011333345468024225,0.011269604256936305,615609267.7109375
2021-12-08,2340.259780703639,2389.5808278992,2340.259780703639,2378.7578125,404128,0.013653972036219209,0.013561596472426775,961322637.25
2021-12-09,2378.7580798075287,2421.053698151009,2349.7539992375137,2414.265380859375,831115,0.014926937148787678,0.01481662679819996,2006532172.0129395
2021-12-10,2404.0592979417,2422.8573756617966,2389.1538345818617,2399.739501953125,325670,-0.006016686906672786,-0.006034860098944487,781523163.6010742
2021-12-13,2425.610484969047,2428.1740382634266,2355.4502498072893,2370.355712890625,403776,-0.012244574479265302,-0.012320156898094209,957092748.328125
2021-12-14,2351.6528372165153,2366.22615199442,2326.9685522881223,2361.573974609375,395362,-0.0037048187466094396,-0.0037116985852085928,933676609.7495117
2021-12-15,2354.500770702382,2381.2261605263966,2349.753793342095,2367.17529296875,314822,0.002371858099554869,0.002369049684031429,745238860.0830078
2021-12-16,2375.3875771476105,2382.555559638892,2308.1703283675256,2346.0986328125,680394,-0.008903717531546729,-0.008943592491196422,1596271433.1738281
2021-12-17,2341.20924489757,2364.944131808535,2292.8375917302246,2334.5634765625,670901,-0.004916739683775262,-0.004928866614638613,1566260970.9892578
2021-12-20,2297.537207490571,2314.9587083692154,2240.953140575155,2284.6728515625,475319,-0.021370429847322403,-0.021602083791604953,1085948415.131836
2021-12-21,2294.6890706138383,2314.484060772311,2269.197707090168,2294.356689453125,333858,0.0042386103043166035,0.004229652698606811,765989335.6274414
2021-12-22,2302.283949520417,2368.741630537501,2302.283949520417,2361.004150390625,625661,0.029048430544330817,0.028634521385109128,1477188217.7375488
2021-12-23,2373.4888431105737,2377.2389091254845,2345.244325877558,2354.73828125,326496,-0.0026539000956810055,-0.0026574279316050214,768812629.875
2021-12-24,2359.4374556632033,2377.9981825147274,2309.1670144411405,2314.531005859375,265892,-0.01707505063759407,-0.017222510312838328,615415278.2099609
2021-12-27,2322.2216055573513,2324.3577456278763,2269.6724671080246,2315.5283203125,345113,0.0004308926735481222,0.00043079986595917984,799118925.2080078
2021-12-28,2332.332471058523,2391.8597571115897,2327.9178744921855,2354.880615234375,632949,0.016994952977540834,0.016852154396823558,1490519330.5319824
2021-12-29,2345.956283558914,2441.560364176371,2345.0068880576764,2432.588623046875,693263,0.03299870376009095,0.03246593530621173,1686423686.5793457
2021-12-30,2432.588574328551,2460.643257185473,2411.6543575883097,2427.604248046875,797282,-0.002049000374653165,-0.002051102447844167,1935485170.0913086
2021-12-31,2428.553623245195,2472.4156478003974,2419.5818823703135,2460.738037109375,406763,0.013648760537949167,0.013556455160094565,1000937186.1887207
2022-01-03,2487.5110272024017,2595.2674071361407,2487.5110272024017,2581.21630859375,2457647,0.04896021830340813,0.04779940524739131,6343718517.166504
2022-01-04,2577.6087007928027,2587.0076232304637,2549.6015344305974,2568.11474609375,736616,-0.005075732109850906,-0.00508865739347777,1891714411.8085938
2022-01-05,2554.8231019969344,2648.813249562039,2554.8231019969344,2637.990234375,1040082,0.02720886533108957,0.026845284495648186,2743726158.9492188
2022-01-06,2608.9387514357772,2685.3175706364395,2582.355678277043,2674.58935546875,1056323,0.013873865269414587,0.013778504206083087,2825230251.7368164
2022-01-07,2682.0421420928915,2690.2070356646354,2643.828975289621,2681.472412109375,572036,0.0025735003493343456,0.002570194567715774,1533898752.7333984
2022-01-10,2677.3432340403474,2706.7269828849226,2657.1210604521843,2673.0234375,493242,-0.003150871353820306,-0.003155845800941393,1318447426.359375
2022-01-11,2671.5988878926837,2685.839820130918,2640.6485024471863,2652.943359375,334700,-0.0075121219826566055,-0.007540480079918665,887940142.3828125
2022-01-12,2660.206083687376,2685.7447288927438,2648.8608542772445,2673.402587890625,440995,0.007711897972991322,0.007682313293156728,1178957174.2468262
2022-01-13,2667.9438667549866,2694.384626078377,2653.0859188076197,2689.352783203125,266122,0.005966252664206806,0.005948525055429254,715695941.371582
2022-01-14,2694.384482398402,2701.0302510301103,2657.120708284893,2677.010498046875,324014,-0.004589314289049851,-0.004599877522928861,867388879.5141602
2022-01-17,2662.105036860573,2734.2590963475213,2662.105036860573,2700.36572265625,680219,0.008724367956873813,0.008686530571009782,1836840071.4995117
2022-01-18,2714.606355245389,2714.606355245389,2587.102504711055,2597.783203125,1221493,-0.03798838011850614,-0.03872874951048788,3173173998.1347656
2022-01-19,2597.7837656628913,2607.7999358127877,2549.554421801554,2581.121826171875,769880,-0.006413690308368358,-0.006434346388555904,1987154071.5332031
2022-01-20,2587.1027925961216,2616.5340537229035,2574.855683099706,2595.45751953125,521734,0.005554055300301952,0.005538688407951842,1354138433.4951172
2022-01-21,2585.678661564427,2614.635224508328,2533.1770437056593,2573.90625,459191,-0.008303456854551916,-0.008338122582713556,1181914584.84375
2022-01-24,2558.810712962079,2591.0426439271123,2488.840310758198,2521.97412109375,465912,-0.02017638711831482,-0.020382710372520634,1175018006.7070312
2022-01-25,2489.4100518471505,2571.8649125660468,2462.3995642417162,2555.772705078125,687092,0.01340163790805149,0.01331263030866371,1756050979.477539
2022-01-27,2553.874083151033,2553.874083151033,2440.183963650165,2510.0595703125,985827,-0.017886228565942686,-0.018048120481066375,2474484496.022461
2022-01-28,2520.8347227768127,2607.9892704169665,2467.3837132144895,2478.823974609375,871638,-0.012444165099729565,-0.012522242134120221,2160637171.5805664
2022-01-31,2511.0557583364775,2545.329024412032,2499.6630137288894,2511.62548828125,416447,0.013232691795731055,0.013145904510885988,1045958899.7182617
2022-02-01,2524.157571706564,2548.6520200444465,2465.2475391903945,2489.504638671875,671852,-0.008807383788939305,-0.00884639803810996,1672578670.5009766
2022-02-02,2489.504878447759,2584.7768112979966,2489.504878447759,2534.648681640625,1042951,0.018133745271040613,0.017971289922098076,2643514377.1657715
2022-02-03,2539.7280461910777,2572.719540484119,2506.404170751902,2535.693115234375,664625,0.0004120624689785135,0.0004119775945542526,1685285036.7126465
2022-02-04,2540.7247069787536,2542.38614912492,2483.618659640642,2498.2392578125,380540,-0.014770658640374634,-0.014880831044006467,950679967.1679688
2022-02-07,2498.334388177338,2512.1956559126056,2432.0665324738375,2469.710205078125,448637,-0.011419663927367596,-0.01148536898823286,1108003377.2756348
2022-02-08,2482.66916296768,2511.1510271699863,2451.0542473459195,2458.127197265625,386391,-0.004690027108720463,-0.004701059795108878,949798225.8786621
2022-02-09,2467.431217558859,2503.460727932499,2456.418369592834,2492.780029296875,677550,0.014097249348934193,0.013998807225995785,1688983108.8500977
2022-02-10,2492.9228209914713,2529.189683763306,2483.191516840355,2506.736572265625,558179,0.005598786417061685,0.005583171468452518,1399207713.1706543
2022-02-11,2492.16323739981,2492.5429028930075,2451.671611228463,2466.671875,731373,-0.015982811161291632,-0.016111913750432465,1804057209.234375
2022-02-14,2435.199270712043,2466.244454823571,2373.8209490593704,2440.705810546875,675126,-0.010526760659289147,-0.010582558933111084,1647783951.0512695
2022-02-15,2411.4645497774413,2599.444857201037,2362.523165805662,2586.1533203125,2216629,0.05959239705871622,0.05788430309626024,5732542448.250977
2022-02-16,2570.962820208777,2599.82434851888,2544.4747804697677,2569.4912109375,804882,-0.006442815761977583,-0.006463660279274196,2068137224.8417969
2022-02-17,2591.8023986446883,2622.942619802188,2563.4630798568915,2584.966796875,572432,0.0060228211217945304,0.0060047564319706615,1479717713.46875
2022-02-18,2566.4060720234784,2601.059010511528,2551.9753056404556,2562.656005859375,311304,-0.00863097779151234,-0.008668440395357283,797765065.2480469
2022-02-21,2551.9751065209334,2581.2640504392707,2533.4618942526454,2562.41845703125,273281,-9.2696338323206e-05,-9.270063489429492e-05,700260278.355957
2022-02-22,2496.910359409397,2591.8499168013896,2487.4639198061,2587.57763671875,575201,0.0098185289051691,0.00977064035848037,1488377244.2182617
2022-02-23,2595.5524254614006,2609.4136933341438,2561.374185344963,2569.681396484375,479284,-0.00691621382888008,-0.006940241687705774,1231607178.4326172
2022-02-24,2497.195139663582,2555.060751572364,2456.608480256348,2484.71044921875,775965,-0.033066724684964965,-0.03362578765203883,1928048343.7280273
2022-02-25,2501.84680445712,2539.6327891349056,2480.295574435492,2495.390869140625,515028,0.004298456556671715,0.004289244581037292,1285196168.5517578
2022-02-28,2468.428417108471,2482.6218341496406,2414.0755221548325,2458.74462890625,815191,-0.014685571181478063,-0.014794471674336887,2004346492.7827148
2022-03-02,2444.503588805313,2448.49100356287,2369.928525647078,2381.178955078125,630235,-0.03154686050605804,-0.03205518192729974,1500702318.753662
2022-03-03,2410.5153286267573,2410.5153286267573,2279.8311224103,2287.568603515625,558686,-0.03931260662406988,-0.0401062159842487,1278032552.8237305
2022-03-04,2278.5493146841936,2279.4036779627913,2183.6097599056857,2220.87353515625,862528,-0.029155439647525982,-0.029588905531595655,1915565608.53125
2022-03-07,2117.1522698980048,2180.9991264677988,2080.173356204753,2145.3017578125,1513430,-0.03402795168092865,-0.034620380675762126,3246764039.326172
2022-03-08,2137.0892953744924,2149.858618640918,2050.2671222461345,2141.8837890625,1533255,-0.0015932344890656758,-0.0015945050368339272,3284054028.9990234
2022-03-09,2159.874596652397,2191.537026860578,2106.7084527347997,2177.01123046875,1577642,0.016400255506684225,0.016267223847827212,3434544351.6591797
2022-03-10,2254.8142373950077,2272.33053742936,2175.7770646526355,2186.457763671875,1021481,0.004339221162901863,0.0043298338885942676,2233425062.8933105
2022-03-11,2174.1155901280968,2197.850476483207,2141.0290658346735,2174.82763671875,621070,-0.005319163784620162,-0.005333360903216118,1350720200.336914
2022-03-14,2174.115567878226,2203.3094777962415,2122.658381144159,2196.473876953125,681806,0.009953083117443473,0.009903877415256985,1497569068.1499023
2022-03-15,2202.597577879297,2235.77890451644,2164.716789836209,2188.593994140625,611025,-0.0035875149234330106,-0.0035939654873799803,1337285645.2697754
2022-03-16,2220.3510001787263,2253.7223879293883,2204.8758086303815,2238.579345703125,758341,0.022839024367389493,0.02258211815305237,1697606499.5998535
2022-03-17,2258.5169375609544,2338.3611944882996,2255.099252718575,2313.62939453125,1229513,0.03352574880679615,0.032976014011041735,2844637417.758301
2022-03-21,2325.0220284609313,2325.0220284609313,2251.966092189963,2258.37451171875,480116,-0.02388233955840402,-0.024172146103918234,1084281737.0683594
2022-03-22,2258.374508134158,2283.1063068557924,2211.1420827932543,2259.94091796875,661123,0.000693598976552412,0.000693358547949873,1494098919.510254
2022-03-23,2271.903326190258,2291.5557657721047,2243.4214625104805,2272.94775390625,439287,0.005755387600659301,0.005738888632477626,998476399.9702148
2022-03-24,2264.308422056017,2267.3464415061826,2231.0795772878996,2249.735107421875,568611,-0.010212573713796136,-0.010265079832365673,1279224129.1662598
2022-03-25,2264.308271392301,2268.9129322896206,2207.3920574266654,2218.594970703125,446420,-0.01384169034657401,-0.01393837980963509,990425166.8212891
2022-03-28,2231.0794144317883,2265.8746666275656,2198.040404831086,2259.561279296875,690955,0.018464978571896218,0.01829657079348267,1561255163.7365723
2022-03-29,2258.137242955994,2366.795513797157,2240.620941979778,2354.9755859375,1317033,0.042226917019181576,0.04135969027439448,3101580560.8740234
2022-03-30,2362.1910918386993,2390.7677579894043,2320.7498382171216,2360.719482421875,1198770,0.002439047147101636,0.002436077499369111,2829959693.942871
2022-03-31,2358.1561749326147,2368.741842355387,2313.0598873527024,2332.80712890625,840572,-0.01182366381243638,-0.011894119236923581,1960892353.9589844
2022-04-01,2332.806886148625,2368.504247001007,2299.4357295265813,2355.639892578125,745769,0.009787677424742958,0.009740088382226935,1756763207.0480957
2022-04-04,2368.7418187175426,2390.6729479098544,2331.2882118689713,2381.98583984375,660191,0.011184199821302476,0.0111221191116633,1572565613.5922852
2022-04-05,2397.2234468688766,2468.428103706566,2382.982515501339,2414.73974609375,1240010,0.013750672108171935,0.013656989439297348,2994301432.553711
2022-04-06,2402.9196305871637,2426.1323005349295,2394.422588562788,2402.634765625,469837,-0.005012954496786626,-0.00502556150306037,1128846710.3769531
2022-04-07,2395.32495797461,2447.4466806358673,2384.881606988593,2409.945556640625,451071,0.0030428224548408878,0.003038202440145441,1087056552.1794434
2022-04-08,2419.0601495361357,2443.602120141258,2388.2998227666585,2425.895751953125,800707,0.006618487819589625,0.006596681791488064,1942431709.8591309
2022-04-11,2420.8637097277224,2435.1996757771194,2411.464786149662,2416.781494140625,332108,-0.003757069035288052,-0.003764144546839333,802632468.4560547
2022-04-12,2405.7683705941927,2409.186287355225,2369.7388551265954,2394.185791015625,359805,-0.00934950188082051,-0.009393482821443904,861440018.536377
2022-04-13,2401.9705802432322,2425.705467399786,2354.0736243185083,2365.371337890625,383935,-0.012035178403083213,-0.012108187539303048,908148844.6130371
2022-04-18,2354.501109182099,2403.0153174929674,2331.857931203977,2383.932373046875,322926,0.007846985739161871,0.007816358264469124,769833745.4985352
2022-04-19,2388.6792249797268,2444.598530656138,2298.581679200267,2330.623779296875,636517,-0.02236162164359845,-0.022615433605827354,1483481656.126709
2022-04-20,2354.5008037450293,2448.016259055064,2340.639536944063,2408.426513671875,1193877,0.03338279436866998,0.03283768719554123,2875365020.863037
2022-04-21,2420.958383852595,2539.1106005818488,2413.078355304817,2517.322021484375,1090334,0.04521437843103571,0.04422201120099969,2744721788.9731445
2022-04-22,2497.812014639638,2503.555903703478,2451.3391518249455,2498.334228515625,829575,-0.0075428541945354866,-0.007571445382748211,2072555617.6208496
2022-04-25,2477.9222791139696,2515.8980994835324,2449.4404138367977,2462.874267578125,630796,-0.014193441587104338,-0.01429513184914371,1553571236.491211
2022-04-26,2480.7705382271797,2530.661320054662,2480.7705382271797,2515.233642578125,616251,0.0212594591974391,0.021036629521213476,1550015247.472412
2022-04-27,2492.16321864591,2537.6866870826393,2473.175308408608,2521.072265625,499338,0.0023213044498284763,0.002318614384823026,1258867182.9726562
2022-04-28,2548.129857169013,2567.165282190383,2531.088255295696,2544.332275390625,739026,0.009226236821045175,0.009183935089564811,1880327704.152832
2022-04-29,2548.177156045612,2570.6302636816226,2487.415852771797,2497.2421875,479794,-0.01850783733952177,-0.018681250360692885,1198161818.109375
2022-05-02,2492.068173231971,2493.8246476340596,2393.9482866700087,2423.33203125,497152,-0.02959671137223252,-0.0300435324176357,1204764366.0
2022-05-04,2395.325301068597,2432.351732595222,2331.3361249395693,2357.539306640625,515077,-0.02714969461920491,-0.02752505716153243,1214314273.4465332
2022-05-05,2367.8400427064576,2401.2112039250783,2297.4897389980897,2310.401611328125,477759,-0.01999444725257571,-0.02019704126477126,1103815163.4265137
2022-05-06,2288.043217681426,2295.828214637496,2232.3612627954117,2242.8994140625,407390,-0.02921665087777603,-0.029651956984422047,913734792.2949219
2022-05-09,2226.2849831249405,2250.4945689377696,2193.1036559857357,2225.66796875,403218,-0.007682665216488305,-0.007712328917428261,897429387.0234375
2022-05-10,2225.66806609383,2318.1391012736085,2216.7911248598025,2293.3125,841473,0.030392912240180703,0.02994019769540115,1929760549.3125
2022-05-11,2274.988847285059,2310.4488600604273,2233.927494068542,2268.248046875,459255,-0.010929366636688198,-0.010989530937634454,1041704256.7675781
2022-05-12,2249.117883586898,2279.4985388316345,2214.132567567229,2263.975830078125,419477,-0.0018834874795817802,-0.0018852634725153266,949685789.2736816
2022-05-13,2278.5492045771366,2357.3490312354293,2276.5080969624405,2309.546875,650616,0.020128768300632593,0.01992886276014099,1502628149.625
2022-05-16,2392.381458033458,2495.390862476548,2368.409223358914,2485.4697265625,2801368,0.07617202035031223,0.07341031917575667,6962715356.9609375
2022-05-17,2477.922025630301,2577.323678921951,2468.570388106534,2569.728515625,1462487,0.03390054932555264,0.033338590924377,3758194547.6308594
2022-05-18,2562.4187434618125,2629.7307992881324,2547.6080792772223,2559.570556640625,1173271,-0.003952930795066645,-0.003960764276289268,3003069906.5603027
2022-05-19,2489.3150306619623,2599.4449099742383,2489.3150306619623,2516.372802734375,1592952,-0.016876953750767476,-0.017020992457791918,4008461088.861328
2022-05-20,2557.6239729080694,2582.355772156699,2517.939194464047,2570.773193359375,687007,0.021618573593660928,0.021388206457434434,1766139179.2502441
2022-05-23,2583.3048638871287,2627.4517496536673,2577.6560076569945,2602.57763671875,892535,0.012371547766846902,0.012295645547220155,2322891630.9887695
2022-05-24,2606.992458809453,2629.7304340836517,2565.3616062928777,2581.691162109375,481731,-0.00802530318969008,-0.008057679270251085,1243680665.2141113
2022-05-25,2595.64717104432,2610.6951817035088,2537.734048354597,2550.218505859375,556605,-0.01219071309222175,-0.012265629312419035,1419464371.4538574
2022-05-26,2563.4631084526172,2600.2994716740805,2529.1423190277023,2587.197998046875,854405,0.014500519113376464,0.014396391977417596,2210514905.52124
2022-05-27,2597.7358300177766,2625.0784658200464,2591.564759483299,2603.33740234375,404877,0.006238179029613766,0.006218802133423167,1054031437.4487305
2022-05-30,2615.8696041550616,2654.509956666355,2604.049675919814,2618.860107421875,589423,0.005962617471001019,0.005944911415543917,1543616381.0969238
2022-05-31,2629.8254926798636,2676.013490297185,2579.697364729342,2640.031494140625,1766731,0.008084199174575923,0.008051697087821896,4664225481.674561
2022-06-01,2629.967843747198,2675.396511000774,2612.736408188123,2631.439453125,358924,-0.003254522165623608,-0.0032598296415474624,944486774.2734375
2022-06-02,2636.8508811185256,2644.398760520818,2577.6562127376596,2585.72607421875,558032,-0.017372004836350152,-0.017524668748043447,1442917892.6484375
2022-06-03,2602.293056759729,2626.6449585385344,2526.8161147632322,2549.3642578125,808873,-0.014062516818312387,-0.014162330870697758,2062111915.3095703
2022-06-06,2547.227894604429,2559.57003498082,2504.5526171217202,2518.841064453125,906875,-0.011972864711598974,-0.012045116744619128,2284273990.3259277
2022-06-07,2496.340479809626,2522.3540560483293,2478.4920295179495,2513.904296875,453936,-0.0019599361181594777,-0.001961859306247829,1141151660.90625
2022-06-08,2526.436771657156,2539.4434452659452,2486.6094400550696,2515.09130859375,260633,0.0004721785631320863,0.0004720671219130687,655515793.0327148
2022-06-09,2506.404286807345,2586.58069576108,2488.365771106838,2578.558349609375,531562,0.0252344878290367,0.024921355040516728,1370663633.4350586
2022-06-10,2537.0220776561277,2598.4479190056722,2537.0220776561277,2575.567626953125,666106,-0.0011598429241297392,-0.001160516062474235,1715601049.7192383
2022-06-13,2549.126945981447,2586.675584783181,2531.278264024821,2564.12744140625,556912,-0.004441811361175052,-0.004451705514772441,1427993341.6484375
2022-06-14,2553.304361795046,2612.8789340120716,2540.77238658628,2584.966796875,739832,0.008127269780834778,0.008094421382300512,1912441155.265625
2022-06-15,2605.141388660265,2611.8821897782777,2567.1180505334382,2582.450927734375,339705,-0.0009732694221320504,-0.0009737433563514888,877271492.4060059
2022-06-16,2598.0204519892054,2609.8878942146266,2498.0965884511593,2518.271240234375,542478,-0.024852238937336124,-0.02516626965894152,1366106745.8598633
2022-06-17,2496.435619627264,2531.753088025767,2454.2350334336297,2472.985595703125,836170,-0.017982830367008207,-0.01814648642920518,2067836365.559082
2022-06-20,2468.428263931907,2527.195751808806,2468.380747800399,2490.501708984375,717655,0.0070829823318359075,0.007058015834661322,1787321003.9611816
2022-06-21,2508.4926648420956,2573.811119544808,2498.951194010005,2566.026123046875,1177839,0.030324979818342923,0.029874266864088256,3022365642.743408
2022-06-22,2562.41826994311,2575.7098059857935,2508.397762598314,2528.002685546875,273509,-0.014818024321144208,-0.014928907991564693,691431486.5212402
2022-06-23,2530.2341570449707,2682.042411817132,2530.2341570449707,2676.3935546875,1338537,0.05869885739797942,0.05704066111657158,3582451799.510742
2022-06-24,2694.242274229183,2762.3138893109576,2688.640701371097,2732.265380859375,1078547,0.020875788642525928,0.020660875212253536,2946876629.7297363
2022-06-27,2761.7915922986203,2762.6934716934566,2692.4857187208277,2704.163330078125,532402,-0.01028525668777136,-0.010338515441706412,1439701965.260254
2022-06-28,2684.6053945822628,2740.0502264256743,2676.1083518930955,2718.878662109375,770778,0.005441731964771934,0.005426979237442259,2095651857.4233398
2022-06-29,2704.922574220317,2775.03528666647,2686.789029048386,2740.52490234375,856258,0.007961458720479042,0.007929933521835316,2346596371.8310547
2022-06-30,2734.211473609584,2762.7408542173807,2643.164539547545,2652.943359375,928852,-0.03195794458712953,-0.03247974697484305,2464191745.2421875
2022-07-01,2634.572695571964,2667.6117076249907,2611.217471934645,2641.97802734375,367512,-0.004133270313706694,-0.004141835886148253,970958628.7851562
2022-07-04,2652.420871228461,2663.52875086847,2606.80237665197,2654.88916015625,443843,0.004886919073085805,0.004875016845138304,1178353969.5112305
2022-07-05,2672.5480031828083,2699.9854370375037,2648.813118607473,2663.623779296875,616329,0.0032900127326260797,0.0032846124820892896,1641668580.2702637
2022-07-06,2667.801432176391,2772.2349401975307,2664.953245593996,2760.794677734375,1058465,0.036480714428503314,0.03583104628403317,2922204538.568115
2022-07-07,2794.071220868161,2808.3121547156034,2769.7666010541134,2795.21044921875,650305,0.012465893158204011,0.012388833661503822,1817739331.1791992
2022-07-08,2802.615623100719,2831.9045681093876,2748.500077532717,2783.248046875,617742,-0.004279607049656464,-0.004288790779107584,1719329214.9726562
2022-07-11,2780.779419110637,2898.5519772263483,2760.747081349037,2892.665771484375,1346332,0.03931296196622802,0.03855988135802842,3894488493.4541016
2022-07-12,2884.738169607751,2884.738169607751,2792.6468079319397,2804.561767578125,1069397,-0.0304577199256032,-0.030931195065286493,2999189940.562744
2022-07-13,2805.93861353066,2843.3922224953235,2793.121773306446,2817.236328125,768270,0.00451926596639729,0.00450908474686134,2164398153.8085938
2022-07-14,2827.205116681747,2854.6903052376206,2754.054369781093,2805.55908203125,901976,-0.004144929545730314,-0.004153543577476359,2530546958.5742188
2022-07-15,2819.135019937902,2891.194280397778,2796.6343920276245,2880.466064453125,536541,0.026699484926776762,0.02634927364424648,1545488142.6877441
2022-07-18,2901.2104962929734,2922.2395150988496,2859.579408537276,2882.839599609375,568164,0.0008240108035089122,0.0008236714929909904,1637925678.272461
2022-07-19,2867.174513866485,2932.6828057395933,2862.4275361945206,2921.95458984375,728004,0.013568215949189444,0.013476991945513876,2127194629.2246094
2022-07-20,2931.733432112069,2953.5695295662713,2874.7696996228447,2890.909423828125,432912,-0.010624794144143412,-0.010681640280318275,1251509380.4882812
2022-07-21,2898.5046791375526,2935.6261386892643,2877.6179765692505,2925.277587890625,469152,0.011888357268900585,0.011818245875447476,1372399830.9140625
2022-07-22,2929.027448125009,3018.128308940731,2921.859697494522,2988.3173828125,1461794,0.021550021503200956,0.021321102753266107,4368304420.291016
2022-07-25,2981.1018495983944,2994.2983542436777,2912.840406329956,2930.4990234375,623585,-0.0193481320650698,-0.019537757083762878,1827415233.5302734
2022-07-26,2933.632004588064,2942.0815315632526,2855.734059856607,2870.307373046875,676813,-0.020539727162242727,-0.020753601033890588,1942661344.0739746
2022-07-27,2870.3076353267184,2908.0461087370772,2861.003512506079,2902.681884765625,527215,0.011279109694925848,0.011215974830327234,1530337429.876709
2022-07-28,2909.9919951598317,2924.137894206369,2877.7125508731383,2899.45361328125,486390,-0.0011121685436210615,-0.0011127874619926903,1410265242.9638672
2022-07-29,2926.986577375599,2985.849103420778,2911.226518010381,2936.90771484375,570564,0.012917641237969013,0.012834920123237512,1675693813.4121094
2022-08-01,2952.5250408301404,3014.852995914226,2916.922708759038,2932.113037109375,891876,-0.0016325598894857407,-0.0016338939675547247,2615081247.084961
2022-08-02,2900.4032816436866,2988.6970640308755,2765.636635421733,2963.015869140625,1843785,0.010539440887898266,0.01048428816159647,5463164214.283447
2022-08-03,2970.6586737100406,3009.58389123069,2915.1665502115875,2979.39306640625,1218915,0.0055272053842811975,0.005511986437676201,3631626899.538574
2022-08-04,2991.54520866076,3034.742703739803,2944.075433848625,2986.6083984375,928111,0.0024217455939619104,0.0024188178939114173,2771904107.2822266
2022-08-05,2992.494628132022,3018.887869496227,2910.846614801009,2933.25244140625,518285,-0.01786506629364737,-0.018026573034207172,1520260741.5942383
2022-08-08,2933.6319915827785,2985.943774503073,2916.6851897907877,2959.0283203125,595708,0.008787473775660581,0.008749088636347487,1762716842.6367188
2022-08-10,2973.5068555256053,3008.9668719481497,2959.5983034656047,2994.915771484375,814819,0.012128120209435878,0.01205516384951012,2440314274.005127
2022-08-11,3091.2314831617177,3100.677921220201,2980.3420519048605,3015.70703125,2187872,0.006942185140425661,0.006918199119444874,6597980973.875
2022-08-12,3037.2587549227023,3078.7366445880093,2992.340201907798,3067.98486328125,1327610,0.017335182592183473,0.01718664250361208,4073087384.3408203
2022-08-16,3075.4874427077175,3193.9959706430054,3068.7974451629834,3190.220947265625,1700743,0.039842466449994784,0.03906922711253768,5425745944.515381
2022-08-17,3191.128858619617,3281.252730193342,3187.4016675699195,3247.1337890625,1654567,0.017839780610072076,0.017682519307672638,5372600411.967773
2022-08-18,3249.427220628445,3285.74434838841,3225.2476125856983,3260.322265625,591901,0.004061574736133,0.004053348807424722,1929788009.3457031
2022-08-19,3260.9435621194943,3306.7699955950447,3243.9796408993175,3272.4599609375,1151041,0.0037228514004499225,0.0037159387404003767,3766735585.897461
2022-08-22,3250.382886252137,3263.810712850768,3182.6228659007484,3214.3046875,928071,-0.017771118403795416,-0.01793092080401262,2983102965.6328125
2022-08-23,3212.1542581197236,3325.8842065625226,3190.3161032595704,3311.3095703125,1604447,0.030179118734368515,0.02973268880625231,5312820706.15918
2022-08-24,3302.9949985221074,3319.6721590466495,3242.7850241389383,3297.8818359375,856684,-0.004055112966599772,-0.004063357232352918,2825242602.7382812
2022-08-25,3301.991434233012,3358.0917919636713,3257.837499925772,3327.27001953125,1244869,0.008911230012398574,0.008871759317218564,4142015301.9438477
2022-08-26,3287.6556373699377,3300.8445351390556,3193.135631126983,3206.515625,1742915,-0.03629233390209252,-0.03696728129723497,5588684180.546875
2022-08-29,3143.3429314556447,3190.937529044588,3099.045500066149,3145.827880859375,1436918,-0.018926383413654824,-0.019107779840524225,4520296706.908691
2022-08-30,3174.6903260200143,3247.133482799239,3170.1028528563456,3210.00390625,1236651,0.020400361310642712,0.020195061372719144,3969654540.6679688
2022-09-01,3097.4685534060104,3282.781373528893,3097.4685534060104,3260.513427734375,1592544,0.015735034273955506,0.015612522106426994,5192511096.2578125
2022-09-02,3298.16862196993,3315.3714719251484,3263.7629220594936,3270.548583984375,1038097,0.0030777840583755545,0.0030730573770068616,3395146673.3884277
2022-09-05,3292.3864643403913,3294.3457244482656,3229.4050133604983,3249.905029296875,561306,-0.006311954755416238,-0.006331959365054802,1824191192.3745117
2022-09-06,3260.8959264486257,3272.4601583234485,3249.4273592981613,3259.319091796875,355149,0.0028967192626045968,0.002892531855906837,1157543916.1325684
2022-09-07,3211.867682021537,3267.5858494902027,3211.867682021537,3233.80126953125,662832,-0.007829188105530682,-0.007859997110411838,2143466963.0859375
2022-09-08,3250.000996532383,3310.1153114851672,3250.000996532383,3274.037109375,640524,0.0124422735011116,0.012365504547144577,2097099345.4453125
2022-09-09,3306.7698587841355,3328.751276920562,3275.279134684839,3319.33740234375,567370,0.013836218544693857,0.013741371950317762,1883292461.9677734
2022-09-12,3329.7072010913153,3395.6514596663155,3311.644301856554,3382.2236328125,761569,0.018945416764305723,0.01876818731454713,2575796669.817383
2022-09-13,3397.562973308401,3423.4629137781385,3355.033704022262,3366.0244140625,528699,-0.004789517343810168,-0.00480102383707115,1779613741.6904297
2022-09-14,3299.124117637206,3406.116233477136,3299.124117637206,3384.947265625,508971,0.005621721424076576,0.005605978522106225,1722839994.7324219
2022-09-15,3401.9112612819217,3509.381236412106,3395.9858821127364,3461.83447265625,1625125,0.022714447522435233,0.022460315573144075,5625913747.375488
2022-09-16,3474.020008249463,3479.180769950916,3373.8611453899234,3391.82861328125,957393,-0.020222185644042323,-0.020429453067335263,3247312971.555176
2022-09-19,3392.7361521009666,3472.777182720189,3338.7383224891923,3431.25146484375,517408,0.011622890203866199,0.011555863279957647,1775356957.921875
2022-09-20,3464.1284931078108,3572.6976917099673,3459.684516549209,3547.18017578125,854400,0.033786130840392614,0.03322791798115561,3030710742.1875
2022-09-21,3555.255623098147,3619.5273813382955,3508.7602363049236,3518.986328125,883098,-0.007948242338730482,-0.007979997996571824,3107609788.3945312
2022-09-22,3517.0273320273423,3593.388783214648,3507.8523847862652,3582.732666015625,659825,0.018114971740907704,0.01795285059297625,2363976581.35376
2022-09-23,3597.3070128716176,3607.294176164591,3489.693537592963,3525.102783203125,436539,-0.016085454368157004,-0.016216229571109107,1538844843.876709
2022-09-26,3507.326556617835,3507.4219880054407,3318.4295746602397,3359.85986328125,979894,-0.04687605726257016,-0.04801032844606584,3292306520.870117
2022-09-27,3386.8589695505666,3454.9057526465176,3332.8611341357596,3412.42431640625,651919,0.015644834982392775,0.015523716174078132,2224624247.927246
2022-09-28,3372.7142647685296,3503.3603048111886,3372.7142647685296,3467.61669921875,670814,0.0161739507443861,0.016044545863882265,2326125828.4697266
2022-09-29,3485.2017770022544,3515.354596733133,3445.3485546721795,3463.602783203125,578779,-0.0011575431669046399,-0.0011582136374452658,2004660555.2595215
2022-09-30,3463.4593599993023,3530.2160696073292,3425.1353723988714,3508.999267578125,517861,0.013106723610210702,0.013021573725307909,1817173869.7072754
2022-10-03,3613.55409300599,3614.414142145785,3292.386404723067,3309.9716796875,2180504,-0.05671918764120798,-0.05839125450766982,7217406487.4453125
2022-10-04,3367.9353727144867,3421.359679875327,3360.910783075046,3397.5625,961129,0.02646270989266286,0.026118629386563404,3265495848.0625
2022-10-06,3402.3413136104414,3437.559462393149,3364.1127595249304,3374.960205078125,530684,-0.0066525030582587075,-0.006674729586267914,1791037381.4716797
2022-10-07,3374.960254443098,3392.7842247147446,3313.9856631191283,3343.61279296875,458833,-0.009288231624837606,-0.009331636225252446,1534159888.6362305
2022-10-10,3307.725725754236,3385.138549731726,3298.455347820179,3375.19921875,412736,0.009446795348933001,0.009402453418437894,1393066224.75
2022-10-11,3391.971922812362,3393.4054936741786,3242.259432474772,3257.072998046875,661794,-0.0349982958181867,-0.03562541165319411,2155511367.6694336
2022-10-12,3273.367740027429,3315.0367235264584,3227.445643270174,3305.049560546875,660964,0.014729962309340205,0.014622530111101314,2184518777.7373047
2022-10-13,3314.22478708871,3397.5151621025816,3292.4344629901393,3317.47412109375,753969,0.0037592660319498705,0.0037522176503719555,2501272645.6069336
2022-10-14,3387.6711063980265,3397.467173653532,3316.136062583023,3323.208251953125,387253,0.0017284628756906173,0.0017269708028152574,1286922365.1936035
2022-10-17,3316.327001597851,3368.8912624300933,3311.835193246992,3359.04736328125,492114,0.010784491554828524,0.010726753670659783,1653034234.133789
2022-10-18,3375.867912947612,3461.5953944096022,3373.6218921791724,3452.51611328125,522357,0.02782596965488926,0.02744586248278748,1803445959.385254
2022-10-19,3469.145373785626,3521.8052966545442,3440.712888690518,3452.324951171875,645494,-5.5368926053511736e-05,-5.537045896908208e-05,2228455042.0317383
2022-10-20,3437.7030178313635,3497.9129956249067,3402.341602301822,3489.454833984375,515240,0.010755037065643736,0.010697613019418625,1797906708.6621094
2022-10-21,3489.45453931008,3521.518785727962,3409.987025804174,3468.763427734375,532326,-0.00592969596525017,-0.005947346421517817,1846512960.432129
2022-10-24,3521.7099621419684,3521.7099621419684,3469.814885429382,3479.9453125,63729,0.0032235939401981106,0.0032184093003801333,221773434.8203125
2022-10-25,3514.1601435953394,3559.0786985991417,3488.3558673165594,3546.31982421875,571186,0.0190734352865638,0.018893817675912656,2025608235.116211
2022-10-27,3575.3736678779424,3575.3736678779424,3498.8687206153213,3546.31982421875,583285,0.0,0.0,2068515158.6694336
2022-10-28,3556.211316054028,3606.0041020934464,3533.417446886022,3579.865234375,478514,0.009459217391268426,0.009414759134758706,1713015632.7617188
2022-10-31,3597.785144073374,3692.974346277096,3591.5730034341186,3679.9287109375,678149,0.027951743993505307,0.027568224290621036,2495539975.3935547
2022-11-01,3717.3922373432497,3717.3922373432497,3585.7904884916547,3630.183349609375,746053,-0.013518023101988796,-0.013610223429887216,2708309178.526123
2022-11-02,3679.307281056889,3679.307281056889,3531.3627282132543,3564.048095703125,1177767,-0.01821815802041138,-0.018386152151754213,4197618233.5319824
2022-11-03,3534.230040287438,3581.0600218921118,3486.778937972506,3512.487548828125,738117,-0.014466849349525357,-0.014572514547739019,2592626772.078369
2022-11-04,3531.362979041683,3563.8572527324586,3483.5772824376004,3504.50732421875,631943,-0.0022719581204031503,-0.002274542933053113,2214648871.9887695
2022-11-07,3517.218168436538,3598.262751986302,3517.027072326585,3588.848876953125,505944,0.02406659337006145,0.023781557090739605,1815756556.2011719
2022-11-09,3624.0189509734873,3624.0189509734873,3532.605017979623,3567.6318359375,490411,-0.005911934924838103,-0.005929479594922417,1749605896.2939453
2022-11-10,3573.7964413672944,3573.7964413672944,3475.0713827944637,3536.953857421875,442138,-0.008598975434236045,-0.008636159942733805,1563821704.612793
2022-11-11,3564.8128316428847,3573.4142567058298,3345.9543494857207,3363.7783203125,2463500,-0.04896177447890271,-0.050201022164529145,8286667892.089844
2022-11-14,3380.598923690887,3407.119983873917,3343.0871538824576,3360.863525390625,659139,-0.0008665240822421927,-0.0008668997312563677,2215276223.262451
2022-11-15,3364.112834387127,3400.33429685776,3344.9985569190185,3352.596435546875,552511,-0.0024598112304453634,-0.0024628415364305097,1852346409.2004395
2022-11-16,3359.382140848012,3425.087470494826,3305.623234773346,3347.91357421875,1048177,-0.0013967864662962626,-0.0013977628818477408,3509206006.4838867
2022-11-17,3344.9987437772284,3344.9987437772284,3269.545175922601,3289.424072265625,889808,-0.017470433646655237,-0.01762484271100183,2926955854.8945312
2022-11-18,3297.1173730948603,3304.4287246106587,3226.538039804217,3240.109130859375,868754,-0.014991968296834357,-0.015105483829925822,2814857767.8706055
2022-11-21,3240.299922453597,3259.9398884118546,3215.9770520392526,3228.974853515625,631291,-0.003436389607283652,-0.0034423075555236205,2038422764.2507324
2022-11-22,3230.7430371680357,3257.025169666794,3205.4644509394934,3225.582275390625,461525,-0.0010506672485560697,-0.001051219586305679,1488686859.6496582
2022-11-23,3241.733536236165,3267.537810101744,3225.534233197378,3231.1728515625,738556,0.001733199061306756,0.001731698805058703,2386402096.5585938
2022-11-24,3247.372407415967,3252.198575708776,3198.105311648302,3227.7802734375,407602,-0.0010499525345292193,-0.0010505041208183502,1315649695.0136719
2022-11-25,3243.931818292333,3270.6918067764414,3201.6414793486974,3262.90283203125,512690,0.01088133504092137,0.010822559302721135,1672857652.9541016
2022-11-28,3262.5206667166967,3296.7352728161954,3251.4345248861528,3288.993896484375,435882,0.00799627380778678,0.007964473023085212,1433613237.5874023
2022-11-29,3297.5950077045204,3311.30959492068,3254.2056918117946,3264.814208984375,456872,-0.007351697285253644,-0.007378854193181737,1491602197.2871094
2022-11-30,3268.350176803983,3349.299090902849,3265.7219637921457,3330.184814453125,1151772,0.020022764324186593,0.019824945012026456,3835613624.1123047
2022-12-01,3335.0593706575632,3344.9987020407616,3278.0987279999463,3285.21875,518865,-0.013502573267997198,-0.01359456200538021,1704585026.71875
2022-12-02,3282.8772043439058,3282.8772043439058,3177.7486766938823,3184.29541015625,1453049,-0.030720432191539748,-0.031202197032621726,4626937261.432129
2022-12-05,3180.711114597588,3211.198290752776,3178.7996870435686,3196.2890625,518257,0.0037665011561103245,0.003759425651662638,1656499180.6640625
2022-12-06,3187.305838946797,3190.1729806310072,3133.021243060037,3153.569091796875,944559,-0.013365490375802036,-0.013455612460354986,2978732067.7785645
2022-12-07,3153.617023124625,3177.6531350001223,3109.893111068272,3115.484130859375,943407,-0.012076780254019925,-0.012150297061778406,2939169537.4416504
2022-12-08,3139.4243744265077,3182.5271629681083,3130.9186143794363,3175.168212890625,862490,0.019157241547170578,0.01897605199963915,2738550831.936035
2022-12-09,3187.305756366671,3214.0657447259714,3178.84759528596,3209.478271484375,660249,0.010805745174210735,0.01074778030503588,2119054819.269287
2022-12-12,3193.0403592851267,3204.4610945090967,3141.431805139243,3173.400390625,541993,-0.011241042252854716,-0.011304700272897018,1719960797.9160156
2022-12-13,3159.5902758781695,3194.1392413709877,3154.859538555505,3166.2802734375,584450,-0.002243686995355043,-0.0022462078323736206,1850532505.8105469
2022-12-14,3181.571624198196,3235.091603457763,3177.7487685367983,3220.182373046875,676995,0.01702379289084721,0.01688051196566789,2180047365.640869
2022-12-15,3218.8442265305735,3232.558813523142,3150.558519043792,3157.20068359375,338209,-0.019558423144069637,-0.019752220173591094,1067793685.9975586
2022-12-16,3144.298587745727,3199.0610383864673,3134.7414491811505,3145.684326171875,771552,-0.0036476482099219165,-0.003654317100771262,2427059033.2265625
2022-12-19,3146.210023907613,3258.5064023429545,3136.7961490647936,3238.818603515625,890120,0.029607000476455703,0.029177176496222087,2882937215.361328
2022-12-20,3220.7558732972434,3228.7837768013255,3145.2544744870115,3166.710205078125,711013,-0.022263796545823444,-0.022515375950617332,2251572123.043213
2022-12-21,3182.5270428676104,3201.64131940135,3117.5385026528966,3128.290283203125,485199,-0.012132440099315023,-0.012206638903114233,1517843317.119873
2022-12-22,3129.007115072737,3150.1760833170133,3054.9871247615483,3064.06640625,613152,-0.02053002475440502,-0.02074369521121285,1878738445.125
2022-12-23,3048.823060553794,3058.284535002521,2967.539545231212,2975.758544921875,581956,-0.028820478938706096,-0.02924394512111746,1731760539.7685547
2022-12-26,2977.048480980007,3085.6652607989436,2951.4353045260873,3021.250244140625,530294,0.015287429585435053,0.015171754262907936,1602150876.9663086
2022-12-27,3034.3436285763228,3070.851850826416,3010.498614785247,3060.004638671875,422130,0.012827270632881138,0.012745698025609865,1291719758.1225586
2022-12-28,3046.9591529657855,3090.3965360416873,3034.965130278082,3069.322998046875,318724,0.0030452108657732513,0.0030405836027790783,978266903.2294922
2022-12-29,3040.173773195773,3336.1583237876766,3023.1620189705272,3135.888427734375,881072,0.021687332916691338,0.021455508492667908,2762943488.8007812
2022-12-30,3144.298359017989,3151.944069313473,3074.7701810184267,3084.80517578125,663451,-0.016289881840608644,-0.01642402069809498,2046617078.677246
2023-01-02,3084.0887695391507,3106.0223569797,3061.4383966702926,3085.85693359375,381581,0.00034094788894845074,0.00034088977942479926,1177504374.5776367
2023-01-03,3085.8568053886265,3096.5129216486703,3064.0186502486536,3071.138671875,323237,-0.00476958654775006,-0.004780997323247261,992705650.8808594
2023-01-04,3081.22162752216,3099.236927949996,3046.9115916885694,3072.859130859375,372617,0.0005602023119732902,0.0005600454572356439,1144999550.7634277
2023-01-05,3086.0000143140437,3122.2214758115083,3060.7214297073506,3113.428955078125,383751,0.013202630674255422,0.01311623554376475,1194781474.9401855
2023-01-06,3115.6271716054835,3133.64247112856,3093.693585268639,3106.6435546875,242107,-0.002179397856359566,-0.00218177620006749,752140151.0947266
2023-01-09,3122.2214241560678,3130.0584642406393,3086.1910593585358,3118.064208984375,391801,0.003676203624855212,0.0036694629034347975,1221660675.144287
2023-01-10,3117.5388632205936,3121.1706228477597,3004.9078823874543,3027.271728515625,607830,-0.029118220274983786,-0.02955056915866962,1840066574.7436523
2023-01-11,3027.2716548211242,3033.913819857409,2959.5592306858134,2998.3134765625,856148,-0.009565792089408554,-0.00961183815858734,2567000086.3320312
2023-01-12,3010.498963410336,3013.3182729166983,2957.934695795235,2965.8193359375,690116,-0.010837472758937094,-0.010896625935689054,2046759376.8398438
2023-01-13,2967.491373178172,3054.4613296867756,2924.4842518277637,3022.014892578125,964656,0.018947734260037707,0.018770461718120076,2915204798.2148438
2023-01-16,3015.802970372249,3039.0744632734068,2962.713017854336,3000.03369140625,653373,-0.007273690551909406,-0.007300272818254816,1960141013.0551758
2023-01-17,3012.4101580988977,3050.6387134047213,2986.6058832674667,3039.122314453125,495809,0.013029394689415108,0.01294524230795177,1506824195.6066895
2023-01-18,3030.568660015597,3050.638651141528,3010.4986688896656,3036.87646484375,330814,-0.00073897967143155,-0.0007392528515002472,1004641250.8408203
2023-01-19,3022.9707221743943,3039.2178575290827,2996.210734531378,3026.458984375,320900,-0.003430327373980302,-0.003436224436692564,971190688.0859375
2023-01-20,3034.3915524321537,3053.410165208878,3001.9929454084845,3010.9765625,389881,-0.005115688649650507,-0.005128818583073428,1173922553.1640625
2023-01-23,3026.077080154677,3081.795249251122,3006.437112117578,3061.486328125,424691,0.01677521049285824,0.01663606067150041,1300185690.1777344
2023-01-24,3076.8249535115956,3091.5909185722026,3037.593088185599,3083.658447265625,367438,0.0072422727930991915,0.007216173472004198,1133053292.5463867
2023-01-25,3083.658515109409,3091.734250334057,3042.371724181791,3071.52099609375,353061,-0.00393605562335797,-0.003943822276978959,1084434274.4018555
2023-01-27,3086.908200219355,3120.3581881885116,2989.473210500631,3029.374267578125,627913,-0.013721777767179755,-0.013816791532797294,1902183484.4777832
2023-01-30,3020.1515467578292,3067.841576373763,2961.8051673078076,3050.113037109375,656403,0.006845892154431654,0.006822565435689285,2002103347.897705
2023-01-31,3059.2880779213438,3131.8745031863555,3036.3031115724907,3118.8291015625,612164,0.022529022241827512,0.02227899214260196,1909234898.1289062
2023-02-01,3134.741277170816,3206.371980116064,3096.5127250101964,3156.818359375,885327,0.012180615408990514,0.01210702866503231,2794816527.6503906
2023-02-02,3120.4061132362344,3173.63933471975,3043.948995607169,3074.818603515625,613267,-0.02597544315967859,-0.02631876329570191,1885684780.5222168
2023-02-03,3090.2051496671443,3177.7486339364973,3057.854375000008,3169.816162109375,500037,0.03089533752824747,0.03042768439026107,1585025364.2526855
2023-02-06,3149.0769279955484,3153.903329285351,3078.0195146044975,3116.2958984375,346025,-0.016884343108484745,-0.017028508694457895,1078316288.256836
2023-02-07,3131.9222905333313,3152.900164025345,3096.5608761444446,3129.67626953125,447240,0.004293677984962496,0.004284486450576607,1399716414.7851562
2023-02-08,3129.962738679983,3132.7820477636146,3061.1513441196903,3085.044189453125,378309,-0.014260925486970555,-0.014363589711610145,1167099982.2678223
2023-02-09,3092.7381612972945,3105.6402995669523,3053.5060571523554,3093.789306640625,265006,0.002834681336947087,0.002830671204317348,819872728.9956055
2023-02-10,3082.224921268478,3098.7109847673064,3056.516079351423,3070.08740234375,328745,-0.00766112425497123,-0.007690621418261759,1009275883.0834961
2023-02-13,3082.1771446268194,3127.095695261691,3074.7225299834026,3108.6025390625,405135,0.012545289977525353,0.012467249840163222,1259403689.663086
2023-02-14,3117.4908696992234,3153.855829796381,3005.7201771847326,3035.060546875,1519235,-0.0236575732224934,-0.023941906993398272,4610970209.931641
2023-02-15,3061.151598713214,3193.947997455302,3061.151598713214,3164.511962890625,2093492,0.04265200447118356,0.04176747170813702,6624880478.21582
2023-02-16,3182.479494003873,3195.907321130682,3123.3208961935666,3143.438720703125,679170,-0.006659239223810842,-0.0066815108872858185,2134929275.9399414
2023-02-17,3141.4792796033703,3150.9885858126427,3096.7039920816683,3139.52001953125,491317,-0.0012466287782439966,-0.0012474064662920926,1542499557.4360352
2023-02-20,3153.85589344562,3187.3058801942857,3135.1716398960043,3144.776611328125,515895,0.001674329758744486,0.0016729296313061355,1622374529.901123
2023-02-21,3144.298548391691,3152.0399238635387,3120.453534637232,3129.150390625,494115,-0.004968944581575707,-0.0049813308348089485,1546160145.2636719
2023-02-22,3125.184240642409,3125.3275043862386,3072.7156444291077,3105.783203125,570379,-0.007467582117500204,-0.007495604100306895,1771473517.6152344
2023-02-23,3120.4057157199845,3129.819590460249,3078.2586416647405,3098.37646484375,527729,-0.00238482141116525,-0.0023876696269719356,1635103113.4155273
2023-02-24,3105.9744123820637,3105.9744123820637,3024.8343981609332,3063.636474609375,684029,-0.011212320590657132,-0.011275652500611959,2095616194.0905762
2023-02-27,3058.2843636862103,3063.445125218499,2964.6722374072187,2992.387939453125,482530,-0.02325619757655306,-0.02353089016721843,1443916952.4243164
2023-02-28,2993.2957873930395,3040.1257661868644,2954.254783169206,2968.3515625,974100,-0.008032506960818031,-0.00806494134791125,2891471257.03125
2023-03-01,2968.447216802363,3004.6686783700984,2950.001892839711,2999.794677734375,522394,0.01059278679506992,0.01053707630326615,1567074740.880371
2023-03-02,3015.373210945123,3019.052569696911,2960.132897347112,2987.083984375,970565,-0.004237187782790142,-0.004246190101619903,2899159167.294922
2023-03-03,3002.04045183841,3011.358661830103,2975.9496505245306,2988.803955078125,337278,0.0005758025928035426,0.000575636882098654,1008057820.3608398
2023-03-06,2999.030116769112,3028.7529113852856,2993.6780257786904,3025.981201171875,362693,0.012438837291614213,0.012362110560723274,1097502199.7966309
2023-03-08,3025.7901818346386,3069.322996277541,3010.5944242844653,3062.489501953125,657256,0.01206494632785926,0.01199274501936839,2012839600.0957031
2023-03-09,3068.797422941926,3077.3510159321804,3002.9488266312906,3007.344970703125,419727,-0.018006439275899955,-0.01817052795660416,1262263882.5183105
2023-03-10,2996.1151641933975,3007.822659156004,2958.07770532264,2978.10009765625,362000,-0.009724482336337159,-0.009772073901583085,1078072235.3515625
2023-03-13,2978.9602767238375,2984.6467278593723,2891.0345964355497,2899.0625,351244,-0.026539604131658345,-0.02689813720765566,1018278308.75
2023-03-14,2899.0624924665685,2914.9274367653184,2853.2838893320845,2883.293212890625,727498,-0.005439443650964715,-0.005454291290991809,2097590045.791504
2023-03-15,2909.9580286573364,2924.245906266041,2869.053422864827,2873.736328125,288927,-0.003314572629276147,-0.003320077993786714,830300016.0761719
2023-03-16,2887.8804192769717,2944.554295783637,2863.3186206321893,2901.021484375,439612,0.009494662395767683,0.009449871382599293,1275323856.7890625
2023-03-17,2916.838612267504,2922.572895253613,2811.949019313258,2842.866455078125,692626,-0.02004639731560076,-0.020250052637884056,1969043221.3149414
2023-03-20,2842.8668067090234,2857.4890434693516,2780.4108067954458,2821.267578125,561183,-0.007597570021111499,-0.007626578579330393,1583247403.2949219
2023-03-21,2835.4119452849673,2843.2487523231334,2797.3744867394325,2804.8291015625,490092,-0.005826627963245179,-0.005843668986666408,1374624304.0429688
2023-03-22,2818.8779028440385,2837.418657559797,2802.0096473077942,2816.05859375,222875,0.004003627950538657,0.003995634759561237,627629059.0820312
2023-03-23,2811.9013081784324,2819.3559230474607,2783.85124602594,2798.04345703125,379191,-0.006397287598607915,-0.006417837934072254,1060992896.5151367
2023-03-24,2795.463017177276,2801.197300289434,2758.811297620632,2780.7451171875,542971,-0.006182298491569371,-0.006201488030073646,1509863957.024414
2023-03-27,2784.5683216221078,2799.286223456672,2743.854813091193,2757.760498046875,375285,-0.008265633192542365,-0.008299982951205006,1034946148.5095215
2023-03-28,2766.6007804913174,2766.6007804913174,2710.4047537409815,2726.078369140625,1079359,-0.011488354020839808,-0.011554854974846962,2942417222.437256
2023-03-29,2731.9079552712597,2817.2532460880047,2723.784387798877,2803.777587890625,765293,0.02850219554564526,0.028103564815106057,2145711361.56958
2023-03-31,2793.6472046839244,2832.1146865463097,2791.640112298806,2818.2568359375,546110,0.005164192805239054,0.005150904092256953,1539078240.6738281
2023-04-03,2914.92729781117,2914.92729781117,2849.0787056281138,2871.251220703125,1170652,0.018803958563980983,0.018629349631891303,3361235984.0185547
2023-04-05,2849.9388797534084,2875.7431553246165,2792.7871412670147,2803.82568359375,1033837,-0.023482980737876247,-0.02376309997742342,2898698733.2495117
2023-04-06,2818.113317892538,2838.47006909418,2796.418660663155,2830.53759765625,586845,0.009526952484529172,0.009481857259844254,1661086836.496582
2023-04-10,2848.027505302679,2854.7175027983567,2820.4550651497702,2838.900390625,416883,0.0029544892728767813,0.002950133347026746,1183489311.5449219
2023-04-11,2838.900365492456,2923.528879729285,2838.900365492456,2918.94140625,618391,0.02819437268363556,0.027804227645916144,1805047095.1523438
2023-04-12,2900.5913960830426,3005.719914557222,2900.5913960830426,2989.807373046875,746284,0.024277968254223126,0.02398794315378005,2231245405.586914
2023-04-13,3000.941644764891,3088.3416342182018,2993.295933568038,3070.756591796875,1337741,0.027075061584153293,0.026715016478289538,4107876993.8669434
2023-04-17,3091.734283059771,3109.8928460823786,3064.018581604212,3086.0,539975,0.0049640561690385,0.004951775865524158,1666362850.0
2023-04-18,3085.6657072957687,3132.830283386551,3073.432755573245,3119.020263671875,577513,0.010700020632493423,0.010643180512542568,1801274749.5339355
2023-04-19,3119.4023026459527,3153.85583502459,3113.811516390106,3143.91650390625,646164,0.007982070691989085,0.007950382479070511,2031485663.8300781
2023-04-20,3162.170359357606,3162.170359357606,3077.446420140311,3103.155029296875,483671,-0.012965189933870636,-0.013049971613201173,1500906096.1750488
2023-04-21,3096.5132184297763,3115.57966519235,3052.6460411667954,3058.95361328125,443737,-0.014244024419766244,-0.014346444279564627,1357370899.496582
2023-04-24,3062.1072790463327,3074.9615840982106,3018.240105177945,3041.84619140625,379317,-0.005592573159894809,-0.005608270148898929,1153823971.7856445
2023-04-25,3034.391588382519,3102.725131239007,3016.376288298011,3075.439453125,574542,0.011043708197231217,0.010983171742041692,1766969134.2773438
2023-04-26,3086.955964423646,3134.741660467356,3082.703084141475,3104.493408203125,881684,0.009447090577121564,0.009402745883723584,2737182166.118164
2023-04-27,3104.445626142392,3125.566764138779,3092.92922654354,3119.020263671875,464406,0.004679299827264893,0.004668385936828911,1448491724.5708008
2023-04-28,3129.9627584051423,3158.634172985953,3120.7402133797427,3154.906982421875,416242,0.01150576646390622,0.011440078512928803,1313204792.177246
2023-05-02,3179.612486372902,3233.944917882928,3177.7488908319688,3207.519287109375,838718,0.016676341008035722,0.01653881765154505,2690204161.445801
2023-05-03,3218.748717154315,3218.748717154315,3174.1169251521133,3200.064697265625,577763,-0.0023240982131297327,-0.002326803121175869,1848878979.6862793
2023-05-04,3193.039950070819,3232.654242204995,3173.925673207181,3191.415283203125,325535,-0.002702887247839292,-0.002706546643018973,1038917374.2175293
2023-05-05,3191.4152995347367,3241.829205020569,3177.5096163795642,3206.515625,518154,0.004731550254944983,0.004720391655509815,1661468897.15625
2023-05-08,3221.7115604608025,3256.499453127816,3211.2943722707246,3242.6416015625,322909,0.011266427732595341,0.011203434235224685,1047078156.9189453
2023-05-09,3258.984315341422,3258.984315341422,3222.0460673860675,3232.128662109375,347387,-0.0032420910926632684,-0.0032473580570563836,1122799479.5441895
2023-05-10,3246.177761954414,3271.2174182027666,3206.2288762883923,3265.435302734375,386746,0.010304862246190094,0.01025212911559973,1262894041.5913086
2023-05-11,3273.176929682516,3273.176929682516,3237.0508966483226,3254.49267578125,408412,-0.0033510469320773284,-0.003356674265002611,1329173862.7011719
2023-05-12,3364.1129078407625,3485.966429360563,3359.2865060089666,3465.753173828125,3665298,0.0649134962321467,0.06289357166735746,12703018176.525879
2023-05-15,3469.2414023261326,3540.9199436965073,3469.2414023261326,3496.479248046875,1269701,0.008865626799617443,0.008826557874219612,4439483197.724365
2023-05-16,3506.5141635095774,3521.8055853182864,3450.127045589963,3472.299560546875,1035562,-0.006915438583971811,-0.0069394610440013165,3595781477.519043
2023-05-17,3463.5072338959694,3475.262561736335,3425.4697733480602,3468.046875,755786,-0.001224746158193013,-0.0012254967727064372,2621101275.46875
2023-05-18,3474.9756925049373,3488.3078545604644,3412.328600557675,3417.776123046875,1235091,-0.01449540728976595,-0.014601492115864019,4221264529.590088
2023-05-19,3408.2189040661515,3420.499920554646,3355.9892347101536,3412.758544921875,762689,-0.0014680827369485394,-0.0014691614262758495,2602873401.86792
2023-05-22,3411.850781502924,3418.3975150318283,3370.8029162735606,3388.435791015625,303121,-0.0071270069611112374,-0.007152525394208807,1027106045.4084473
2023-05-23,3388.4356480199554,3447.9288356249654,3373.717747951914,3442.09912109375,374270,0.015837198456117196,0.015713098576809758,1288274438.0517578
2023-05-24,3440.5698728743255,3463.5070053601544,3420.4042172324366,3450.987060546875,374043,0.0025821276902393553,0.002578799726122853,1290817553.0881348
2023-05-25,3450.9872289603986,3519.177509072283,3447.1643733595324,3489.789306640625,725887,0.011243810948280197,0.011181069172360196,2533192690.4294434
2023-05-26,3487.399840126216,3533.751961870837,3450.1269999604383,3526.918701171875,394991,0.010639437303735733,0.010583236767282001,1393101144.69458
2023-05-29,3536.1413512699796,3553.535297196996,3507.4699349083307,3547.084228515625,516724,0.00571760481381367,0.005701321350199855,1832863550.8955078
2023-05-30,3547.084430644306,3557.9318771173657,3507.852327021447,3515.450439453125,598100,-0.00891825144951186,-0.008958257085130926,2102590907.836914
2023-05-31,3515.450204855087,3561.9455912701783,3494.3288350098173,3509.33349609375,1188672,-0.001740016952230583,-0.0017415325400818075,4171446465.46875
2023-06-01,3549.2346918763997,3567.6800169582157,3523.717177210003,3551.480712890625,622442,0.012010034624463373,0.011938486452935715,2210590757.8930664
2023-06-02,3555.2556705578436,3582.0156594760206,3495.0456954919446,3535.56787109375,987424,-0.00448062176970776,-0.004490689840831271,3491104569.546875
2023-06-05,3548.70906411705,3552.8665130185295,3502.7871967246356,3510.576171875,340655,-0.007068652089266436,-0.0070937533685280765,1195895325.8300781
2023-06-06,3517.122777764645,3557.1670963996658,3517.027113044269,3541.015625,385907,0.008670785544796278,0.008633410177618206,1366502716.796875
2023-06-07,3541.0156476519724,3574.369969274462,3533.465367880149,3562.327880859375,342012,0.0060186845008274314,0.00600064456752299,1218358883.1884766
2023-06-08,3562.0411762440563,3562.0411762440563,3483.003454350889,3495.427734375,511175,-0.018779895821447012,-0.018958477428831416,1786775272.1191406
2023-06-09,3490.2669193991005,3504.7937230003263,3417.7283327791624,3422.697998046875,447350,-0.020807106269965403,-0.021026624470553573,1531143949.4262695
2023-06-12,3435.7912291738317,3456.3390765805734,3398.5183896918347,3431.586181640625,358856,0.002596835478567483,0.0025934695272713235,1231445290.7988281
2023-06-13,3440.5219235753125,3479.51509414159,3424.3226209735126,3433.545166015625,612123,0.0005708684763567895,0.0005707055929351995,2101751967.6569824
2023-06-14,3454.905528743978,3480.9965632201242,3405.351672849512,3413.857666015625,456603,-0.005733869527875135,-0.005750371267203189,1558777651.8757324
2023-06-15,3429.9615117887283,3448.980358337162,3373.670056583961,3378.161865234375,428887,-0.010456147933932791,-0.010511197522749411,1448849707.8947754
2023-06-16,3392.7840538203536,3406.0683825588144,3335.4412247417,3382.175537109375,610093,0.0011881230192980485,0.001187417759711714,2063441619.96167
2023-06-19,3409.7960581661223,3411.0861319184874,3338.308612638297,3341.796875,336012,-0.011938665414121363,-0.012010503620761165,1122883851.5625
2023-06-20,3349.5859385579106,3411.8984347338333,3311.596313129152,3404.348388671875,378562,0.018717928112215176,0.018544903469737656,1288756934.7124023
2023-06-21,3417.6328720386377,3426.7599863575906,3378.496434892839,3412.32861328125,538051,0.0023441268925148417,0.0023413837131413874,1836006822.7045898
2023-06-22,3428.958294376771,3469.241542928093,3388.0058594160027,3401.003662109375,559681,-0.003318833692569023,-0.003324353236791585,1903477130.613037
2023-06-23,3406.833351354212,3406.833351354212,3354.364750671765,3382.462646484375,281640,-0.005451630597039792,-0.005466544964903228,952636779.7558594
2023-06-26,3392.7364170658593,3414.096715460575,3365.0685471059815,3394.361083984375,346202,0.0035176848182985054,0.0035115122362880126,1175134595.9975586
2023-06-27,3388.1015459189593,3423.5583927179423,3363.1573190193467,3379.16552734375,336518,-0.004476706002882858,-0.004486756457705406,1137150024.930664
2023-06-28,3388.005568432309,3411.80274975644,3381.219906825598,3387.8623046875,657118,0.0025736464441818985,0.002570340287542657,2226225301.9316406
2023-06-30,3383.3227152875156,3440.5698819360764,3350.0638264297513,3421.55126953125,712382,0.00994401832599201,0.009894901917005072,2437451536.491211
2023-07-03,3431.9208299442403,3503.647205795711,3426.7600681443905,3470.053955078125,734331,0.01417564190219478,0.014076107034752058,2548168190.8864746
2023-07-04,3397.610610222335,3401.2423695619973,3237.050681479416,3251.1474609375,4118019,-0.06308446409609114,-0.06516214391900642,13388287015.942383
2023-07-05,3259.7490082741756,3271.7908633855795,3134.741583814865,3163.174072265625,2931606,-0.02705918132870755,-0.027432022210921538,9273180089.29834
2023-07-06,3106.070359507721,3143.4864675838885,3065.9303733233137,3079.50146484375,3837528,-0.02645210333364434,-0.026808254901136048,11817673097.378906
2023-07-07,3068.367200419037,3104.1586380498,3035.347239669386,3043.757568359375,2099192,-0.011607039935663255,-0.011674927450375839,6389431537.439453
2023-07-10,3067.841698041598,3088.8674043833166,3020.0560018104206,3033.34033203125,1778576,-0.003422492131572752,-0.003428362255229731,5395026314.3828125
2023-07-11,3056.325178905717,3117.5387000465985,3043.0408492050706,3108.985107421875,1425815,0.024937780502845897,0.02463190879949064,4432837600.938721
2023-07-12,3127.0958039392704,3160.5457896171047,3091.7343905084167,3145.87548828125,1573745,0.011865730965165744,0.011795885151022182,4950805820.305176
2023-07-13,3158.634322058608,3158.634322058608,3101.2914901906756,3112.9033203125,1050165,-0.0104810785078987,-0.01053639184634573,3269062115.3759766
2023-07-14,3129.9630510377965,3215.977302822041,3111.8044867722338,3198.8701171875,1577337,0.02761627587790616,0.027241824857146258,5045696194.03418
2023-07-17,3201.6415631588807,3224.57869674569,3177.7965480333105,3201.5458984375,1556115,0.0008364769909297021,0.0008361273390217897,4981973595.74707
2023-07-18,3206.420159655613,3219.800154360584,3170.58088812444,3200.9248046875,743048,-0.0001939980777109218,-0.00019401689777207606,2378440774.2734375
2023-07-19,3200.6857097068437,3207.901395998802,3173.0178401898143,3182.67041015625,658755,-0.0057028501589658775,-0.00571917349822207,2096600046.0424805
2023-07-20,3194.951381564605,3194.951381564605,3150.9885447258457,3170.198486328125,684856,-0.003918697892287493,-0.003926396106772195,2171129454.5527344
2023-07-21,3168.00048052986,3188.261568532273,3147.213703217037,3168.66943359375,536479,-0.00048232082027965806,-0.000482437174381337,1699924609.0649414
2023-07-24,3171.05880143958,3174.738393380283,3136.653100158138,3161.3583984375,517007,-0.002307288693083498,-0.0023099545850845155,1634444421.5009766
2023-07-25,3178.274143019862,3215.9770065798766,3166.040959449476,3178.895263671875,865631,0.005547256281680291,0.005531926920022287,2751750285.987549
2023-07-26,3199.204259506504,3211.198514910949,3179.08643643041,3205.129638671875,552958,0.008252670448065436,0.008218803364971985,1772302074.7407227
2023-07-27,3211.198527365187,3218.1274527590554,3173.3521656755242,3180.52001953125,748689,-0.007678197737681081,-0.007707826860884237,2381220352.902832
2023-07-28,3201.450566239501,3209.765230756626,3182.1927905717325,3206.611328125,338430,0.008203472524469513,0.008170006941824234,1085213471.7773438
2023-07-31,3201.641269899764,3226.441996653125,3171.4884524682784,3216.454833984375,485771,0.003069753347728188,0.0030650512752644216,1562460481.1594238
2023-08-01,3225.534200129421,3282.877030353944,3217.9363217903865,3264.622802734375,1039321,0.014975484263316075,0.014864458766895166,3392991035.9606934
2023-08-02,3278.0986750973702,3278.0986750973702,3134.7415901805753,3185.107666015625,1174483,-0.024356607646111472,-0.024658136021959473,3740854806.9050293
2023-08-03,3184.725378894396,3235.091453228725,3155.146081253634,3230.026123046875,601722,0.014102649499267983,0.014004132293152005,1943577778.8120117
2023-08-04,3268.5411624990184,3324.7850123839717,3201.641197184711,3210.768310546875,1235134,-0.0059621228331844245,-0.005979967249945304,3965729106.479004
2023-08-07,3211.150953107881,3227.5891859392095,3191.7977461418795,3207.232666015625,438968,-0.0011011833272540628,-0.0011017900750821341,1407872508.9355469
2023-08-08,3195.907489527728,3235.139594340911,3145.254649532223,3222.66748046875,881723,0.004812502259868623,0.004800959190086749,2841500038.8813477
2023-08-09,3225.534303523892,3263.762858232323,3184.4386072123284,3261.46923828125,1096303,0.012040261071817548,0.01196835374172858,3575558510.335449
2023-08-10,3260.8956934599814,3282.6860161546792,3230.4085146280563,3263.47607421875,640761,0.0006153165309501496,0.0006151273013536063,2091108192.7924805
2023-08-11,3268.5415032225164,3268.5415032225164,3226.9201166546527,3239.10546875,366412,-0.007467683204812281,-0.0074957059481814865,1186847113.015625
2023-08-14,3258.237135159227,3258.237135159227,3175.4768467727595,3226.060546875,650028,-0.004027322358241769,-0.004035453860393509,2097029685.1640625
2023-08-16,3234.032661547448,3234.032661547448,3175.2357220679655,3214.948974609375,502272,-0.0034443160951794782,-0.003450261407476734,1614778851.375
2023-08-17,3207.0256896679466,3210.8907402128916,3180.69503283051,3187.1689453125,484577,-0.008640892753282503,-0.008678441727988772,1544428766.0126953
2023-08-18,3186.734017776434,3255.3386615793834,3164.413257614175,3236.59326171875,680218,0.015507278482661091,0.015388269400761566,2201588995.2998047
2023-08-21,3232.1000231151397,3258.2374735161593,3203.643636845441,3252.005126953125,407887,0.0047617553359764475,0.004750454040838198,1326450615.2175293
2023-08-22,3247.801816448914,3255.3387119387353,3216.6882077898636,3230.602294921875,343014,-0.006581426288003067,-0.006603179370733405,1108141815.590332
2023-08-23,3230.6021888840046,3265.9674933810115,3217.944290733092,3244.709716796875,347738,0.004366808597014549,0.004357301754678901,1128308867.4995117
2023-08-24,3251.473457555629,3261.1360829867003,3207.9916431158063,3228.9111328125,840229,-0.004869028468892145,-0.004880920806465017,2713024772.211914
2023-08-25,3228.283133496768,3248.7194917761553,3211.4702597281903,3228.427978515625,463506,-0.00014963381678889665,-0.00014964501304536636,1496395738.6098633
2023-08-28,3236.931132420115,3251.4250704472533,3221.5192921653784,3235.38525390625,329661,0.00215500405674951,0.0021526853661015008,1066580338.1879883
2023-08-29,3246.6421964571796,3256.3048220418736,3235.481816726069,3242.149169921875,271577,0.0020906060591883158,0.0020884237833310834,880493145.119873
2023-08-30,3254.3722220692944,3296.887773664024,3243.26020290249,3290.8486328125,903102,0.01502073480838595,0.014909040667740344,2971971981.9902344
2023-08-31,3294.9553155206145,3294.9553155206145,3209.9242106039537,3224.03173828125,835737,-0.020303849245762895,-0.02051280564381439,2694442612.855957
2023-09-01,3236.9796593030546,3291.525135037983,3210.0210275468576,3285.67919921875,691510,0.019121232649640385,0.018940719342213006,2272080023.051758
2023-09-04,3314.2806320193586,3344.234771842274,3295.1969461644367,3318.29052734375,661736,0.009925292807877906,0.009876360600483828,2195832300.4023438
2023-09-05,3318.2906800787873,3327.808461241541,3281.9109868196556,3288.62646484375,374902,-0.00893956157713105,-0.008979759203152589,1232912638.9228516
2023-09-06,3299.7866057053016,3301.8158514203137,3261.1361037351076,3276.88623046875,431090,-0.0035699507075388492,-0.00357633818809095,1412632885.0927734
2023-09-07,3275.630233987386,3296.8396510060115,3261.1362948989463,3287.66015625,334700,0.0032878546960444233,0.003282461519879761,1100379854.296875
2023-09-08,3288.191684907142,3291.4287590349436,3252.5366887094915,3257.174560546875,448502,-0.009272733267509548,-0.009315992688354494,1460849304.7543945
2023-09-11,3263.06864887293,3294.858592577067,3249.5409731002856,3289.640869140625,544361,0.009967629302710446,0.009918280144213405,1790752193.1662598
2023-09-12,3294.9554558899176,3299.7384085644508,3208.6681587938865,3228.52490234375,446513,-0.018578309678174865,-0.01875305416255235,1441578339.7202148
2023-09-13,3236.931329833932,3256.208221404897,3196.396661193362,3208.28173828125,820181,-0.0062700969250087946,-0.006289836538853072,2631371724.385254
2023-09-14,3222.4858215187146,3270.798952276117,3212.9199159903324,3267.3203125,436335,0.01840192945472996,0.01823466285346171,1425646208.5546875
2023-09-15,3266.0157664799012,3331.576538697523,3257.8025348371616,3311.574951171875,1169429,0.013544628147588389,0.013453719633199532,3872651783.5739746
2023-09-18,3316.261605648478,3336.3599149222246,3296.8879933251987,3315.9716796875,596376,0.0013276850382231142,0.0013268044437912787,1977565926.4453125
2023-09-20,3311.3819015824943,3333.6059411904303,3262.8755666624847,3325.102783203125,547812,0.0027536735526298983,0.002749889139379898,1821531205.8720703
2023-09-21,3314.08765758357,3323.9918496666737,3289.158034232624,3319.93359375,477582,-0.001554595388520763,-0.0015558050257586291,1585540525.5703125
2023-09-22,3309.4495033228172,3316.0201363788196,3277.5628365754733,3294.424072265625,393516,-0.007683744497901546,-0.007713416555386748,1296408583.2216797
2023-09-25,3302.540647572076,3314.183922917318,3266.9821375101924,3272.39306640625,309695,-0.006687361850237994,-0.006709822445249813,1013443770.7006836
2023-09-26,3290.172227495886,3419.796249663958,3290.123867189296,3355.00830078125,2178639,0.02524612193538478,0.02493270272777873,7309351929.405762
2023-09-27,3372.2565071367126,3378.9236247806434,3311.1887573974354,3362.303955078125,552573,0.0021745562582291544,0.0021721953327929985,1857918383.3693848
2023-09-28,3362.593751703183,3381.9190031497533,3309.4493102251154,3324.184814453125,608162,-0.01133720839468666,-0.011401964442201568,2021642885.1274414
2023-09-29,3328.726166281959,3363.076847547017,3310.7054638595264,3330.65869140625,515006,0.0019475081304076713,0.0019456141950197224,1715309210.0263672
2023-10-03,3311.2850992601398,3319.0635601117847,3191.46854085193,3238.332275390625,1354075,-0.02772016726116222,-0.02811162219091922,4384944775.799561
2023-10-04,3236.979441476528,3293.9405698405294,3211.61505033063,3286.162109375,566983,0.014769896945984406,0.014661884276579313,1863198051.2597656
2023-10-05,3290.607418220762,3337.374435602499,3272.7799197060117,3327.422119140625,394665,0.012555683010255558,0.012477514052040976,1313217050.6506348
2023-10-06,3327.422034583356,3347.5684685589345,3322.349155855814,3333.992431640625,249258,0.0019745954269538846,0.001972648475942896,831024285.5258789
2023-10-09,3304.8112807284865,3358.728780718276,3286.259086082525,3329.3544921875,471285,-0.0013911067731017246,-0.0013920752604125138,1569074831.850586
2023-10-10,3334.040764199003,3356.7962957682057,3332.6880909111683,3342.060791015625,206646,0.003816445157144077,0.003809181006613998,690623494.2202148
2023-10-11,3364.5265330141615,3376.2184053911046,3344.621428147092,3368.971435546875,343468,0.008052111021915831,0.00801986575528697,1157133881.024414
2023-10-12,3372.256685412622,3415.69014482475,3359.163779181014,3376.31494140625,644992,0.0021797471423745662,0.002177374940147463,2177696126.6875
2023-10-13,3363.560136731114,3381.919126273743,3324.909632430843,3359.115234375,280442,-0.0050942247182919065,-0.005107244517041404,942036994.5585938
2023-10-16,3345.2980007223928,3384.818048578003,3345.2980007223928,3368.971435546875,147663,0.0029341658395678483,0.0029298695768939127,497472429.0871582
2023-10-17,3386.750373897746,3403.9498951599576,3369.357647298557,3382.740478515625,260333,0.0040870168335265245,0.004078687666811615,880638976.9934082
2023-10-18,3382.740381931587,3427.1884597493226,3364.622958908053,3378.150634765625,368551,-0.0013568418207517974,-0.0013577631641208464,1245020794.5935059
2023-10-19,3362.593650405152,3414.771827739025,3343.606685792458,3383.078369140625,353664,0.001458707709563578,0.001457644828968472,1196473028.34375
2023-10-20,3381.919088867078,3382.0639338950186,3348.67974989808,3363.46337890625,216268,-0.005797970987990286,-0.005814844474713824,727409498.0292969
2023-10-23,3350.1290498844696,3375.058435460435,3310.270718882964,3330.0791015625,211293,-0.00992556587745752,-0.009975152697459607,703622403.6064453
2023-10-25,3319.20869586079,3329.9824293082156,3255.145439376225,3270.218994140625,354128,-0.017975581238832472,-0.01813910458126611,1158076111.9570312
2023-10-26,3256.304997595507,3261.1363106483195,3198.3292409617593,3214.5625,428619,-0.017019194812441296,-0.01716568579310891,1377822564.1875
2023-10-27,3214.5624339128767,3294.9554342781094,3214.5624339128767,3280.316650390625,293097,0.02045508537806473,0.020248689930806318,961450969.279541
2023-10-30,3288.191686079494,3310.41572627339,3223.645296074691,3244.37158203125,257392,-0.010957804440950736,-0.011018283396896334,835075290.2421875
2023-10-31,3252.971342539196,3253.406113520296,3176.2983122976525,3184.36669921875,409346,-0.01849507101616632,-0.0186682433894549,1303507770.8583984
2023-11-01,3198.135962351286,3203.257201250731,3164.5099770932907,3171.515380859375,325630,-0.004035753282600307,-0.004043918911927508,1032740553.4692383
2023-11-02,3174.1724753334456,3232.1482283075725,3173.399418113002,3225.67431640625,493381,0.017076674410514636,0.016932506958569588,1591486419.902832
2023-11-03,3246.64228868874,3341.480867135135,3239.878450587305,3312.34814453125,568463,0.026869987364863235,0.026515328351212872,1882947363.284668
2023-11-06,3338.340447668931,3423.9030451396857,3321.4792130590945,3392.49951171875,722080,0.024197748452206458,0.023909621696119175,2449656047.421875
2023-11-07,3362.6905633143156,3419.5549756921946,3362.6905633143156,3390.663818359375,335436,-0.0005411034999516229,-0.0005412499492823327,1137350708.5751953
2023-11-08,3391.5815447761797,3444.72598493649,3387.571649562024,3430.52197265625,393482,0.011755265762726452,0.011686709368869662,1349848646.8447266
2023-11-09,3425.6907076901407,3475.0665830580565,3407.1385136835042,3422.4052734375,538782,-0.0023660245535361835,-0.002368828012538363,1843930358.0332031
2023-11-10,3420.569492526742,3444.726056739502,3383.9482355417776,3421.294189453125,259237,-0.00032465003282877714,-0.0003247027430592457,886926041.7912598
2023-11-13,3468.8827207448817,3551.015041431042,3465.0176703596503,3522.41357421875,875885,0.0295558870901389,0.0291275316753719,3085229213.45459
2023-11-15,3564.5425885275413,3729.773486504828,3548.2128456036453,3718.46826171875,1914550,0.05565919031625466,0.05416539675051527,7119193410.473633
2023-11-16,3718.2266753905215,3742.3348789793,3684.5039706474377,3707.307861328125,755583,-0.003001343457874839,-0.003005856521582568,2801178795.7858887
2023-11-17,3695.85762584896,3766.491514387483,3688.1275252550404,3734.894775390625,476357,0.0074412255724070064,0.007413676236201097,1779143270.520752
2023-11-20,3720.6421906123032,3767.3608418748436,3694.987873545888,3716.680419921875,249897,-0.004876805523080674,-0.004888735943166042,928787286.8972168
2023-11-21,3734.6049007982615,3735.1847527123596,3696.9690201948106,3714.506591796875,260475,-0.000584884326709445,-0.0005850554382708268,967536104.498291
2023-11-22,3700.8823951726545,3724.362387100054,3676.6291100979447,3704.45751953125,286194,-0.0027053585765112187,-0.0027090246725874345,1060193515.3447266
2023-11-23,3707.1146027028526,3782.9178519422094,3703.6843234979533,3752.7705078125,764501,0.01304185242414757,0.012957539738015363,2868996805.993164
2023-11-24,3764.2691712539777,3787.749399662267,3712.4292770206926,3719.193115234375,266314,-0.008947361025200884,-0.008987629034756863,990473195.2905273
2023-11-28,3725.8601039577434,3760.8387617578833,3650.298418279177,3697.596923828125,505274,-0.005806687294023227,-0.005823611650788041,1868299588.090332
2023-11-29,3722.0434590485443,3722.0434590485443,3663.1014416544735,3683.634521484375,414180,-0.0037760747402653116,-0.0037832221088258348,1525687746.1083984
2023-11-30,3727.792587354676,3787.749226241663,3698.9014312405843,3765.428466796875,1338711,0.02220468530073938,0.02196175088755551,5040820508.214111
2023-12-01,3789.6820791104224,3816.7374330663356,3751.079933771975,3759.921142578125,683211,-0.0014626022688554174,-0.0014636729156347937,2568819483.7419434
2023-12-04,3816.737235697565,4058.302883526525,3783.8843075928266,4039.31591796875,2824695,0.0743086795695529,0.07167736593683713,11409835476.906738
2023-12-05,4039.943752160171,4053.7129936019987,3961.676485017149,3996.945068359375,1045885,-0.010489610238429203,-0.010545013982947792,4180344892.821045
2023-12-06,3950.129478456799,3988.683493926315,3889.2065803710693,3910.46435546875,941566,-0.02163670288471653,-0.021874208481981596,3681960281.321289
2023-12-07,3913.3634587308647,3995.495778235093,3911.4309335660596,3952.980224609375,699553,0.010872332612153146,0.010813653738297223,2765319175.066162
2023-12-08,3961.6766410103264,3973.658202831313,3892.8787914008894,3918.19482421875,334252,-0.008799791148477731,-0.008838737961493842,1309664456.3847656
2023-12-11,3918.1948627520474,3931.6258185981724,3874.7130455328506,3889.8349609375,534584,-0.007237992124831227,-0.007264313475889959,2079443532.7578125
2023-12-12,3910.8995061285123,3910.8995061285123,3803.354431761882,3818.42822265625,981121,-0.01835726682451333,-0.018527852328165343,3746340116.2407227
2023-12-13,3835.096074716385,3908.483668471527,3824.4188263197693,3896.6953125,707209,0.02049720075379713,0.020289960249592846,2755777995.2578125
2023-12-14,3921.0935042215183,3961.6765321114403,3908.5320908270187,3948.293701171875,922658,0.013241576395864207,0.013154673040812734,3642924769.73584
2023-12-15,3961.3867314683594,3995.7853005112433,3908.531981707042,3922.92919921875,954933,-0.006424167975547679,-0.00644489174563519,3746134548.9975586
2023-12-18,3938.4862769722954,4024.4836466117786,3931.239307620653,3947.665771484375,886620,0.006305638213035092,0.00628584085612687,3500079426.3134766
2023-12-19,3956.652071819857,3970.90420901433,3886.694519272341,3903.362548828125,328368,-0.011222637685355918,-0.011286086640052335,1281739353.4335938
2023-12-20,3937.278337401928,3993.0318754270256,3760.4039299140227,3780.405517578125,557214,-0.03150028461663501,-0.032007090008784815,2106494880.0717773
2023-12-21,3768.4240757775697,3872.683714179169,3717.7436504520692,3824.4189453125,445648,0.011642514944421034,0.011575262356821724,1704344654.140625
2023-12-22,3848.6240834099744,3881.4286527573686,3814.998096459494,3870.896484375,309907,0.012152836738628325,0.012079583907515248,1199617916.7832031
2023-12-26,3889.01384698765,3932.350584028393,3876.6456382491338,3904.08740234375,475107,0.00857447831599889,0.008537926271326874,1854859253.465332
2023-12-27,3930.7562974059465,3995.447767867394,3905.730190169001,3981.001953125,385941,0.019701031983831996,0.01950947843404648,1536431874.7910156
2023-12-28,3981.001681222585,3990.6643066624456,3943.220721391153,3953.849609375,450475,-0.006820479886649133,-0.006843845664074689,1781110402.7832031
2023-12-29,3961.6284379058025,4037.045043252987,3955.878986854411,4003.708984375,673952,0.012610336741634809,0.012531488620900486,2698307677.4375
2024-01-01,4005.158502025442,4005.158502025442,3894.038302331129,3902.106689453125,763454,-0.025377042966507113,-0.025704593511047705,2979078960.489746
2024-01-02,3874.8095729825736,3875.4375492828503,3751.369531364202,3761.177001953125,1221148,-0.03611630811656541,-0.03678464322377861,4592953773.581055
2024-01-03,3762.67472907767,3796.3971977027522,3747.600938939821,3756.4423828125,435449,-0.001258813168900641,-0.0012596061397356815,1635739079.1533203
2024-01-04,3756.3457039470227,3782.9179243607955,3718.6614640874895,3730.73974609375,425702,-0.006842281632310376,-0.006865797370199667,1588183371.3916016
2024-01-05,3733.686877783953,3786.493032123211,3729.77346725022,3746.248291015625,402103,0.004156962419614718,0.004148346121500461,1506377676.5622559
2024-01-08,3758.761576448558,3826.786370257149,3746.683293747888,3753.20556640625,401263,0.0018571314152642238,0.0018554090787912046,1506022525.192871
2024-01-09,3777.362130419899,3791.566143689877,3720.6909223707576,3739.87109375,411462,-0.0035528223595324704,-0.0035591486213927934,1538814839.9765625
2024-01-10,3739.8707394373673,3742.3347560547513,3662.7629428289606,3712.912109375,577499,-0.007208533048118526,-0.00723464006030247,2144203030.2519531
2024-01-11,3738.276555871957,3792.2905374088086,3722.4780690069947,3757.601806640625,378237,0.012036292793676573,0.011964432666576158,1421264034.53833
2024-01-12,3758.9546075710673,3767.457765379027,3720.1108993868306,3740.257568359375,220410,-0.004615773350597818,-0.004626458926553362,824390170.6420898
2024-01-15,3744.267265012186,3753.5916039686417,3682.4264637319843,3702.814697265625,364325,-0.010010773431887943,-0.010061218167145867,1349027964.5812988
2024-01-16,3662.135214878576,3698.949913906878,3615.2714792792062,3664.357666015625,519197,-0.01038589138106183,-0.010440201114886992,1902523507.1223145
2024-01-17,3605.125635474385,3644.7424006993783,3594.4967472432895,3624.547607421875,585284,-0.010864130148364293,-0.010923575752226324,2121389721.8623047
2024-01-18,3624.5477490333683,3634.6451460666267,3537.487394031993,3566.6201171875,583931,-0.01598199182589255,-0.016111081107398107,2082660051.649414
2024-01-19,3575.1716283307796,3660.0578923001613,3534.588599036214,3574.64013671875,894473,0.002248632954376495,0.0022461085628730838,3197419087.0112305
2024-01-23,3577.152241817173,3617.6869077183255,3484.391039055165,3494.681640625,823427,-0.02236826450652063,-0.02262222843471074,2877615219.294922
2024-01-24,3506.5669264340827,3525.8438178541082,3442.2621041212483,3512.364501953125,1318897,0.005059934822836176,0.005047176372483363,4632447004.532471
2024-01-25,3555.846218373765,3555.846218373765,3475.6947862572433,3494.440185546875,699432,-0.005103205090554508,-0.005116270912320208,2444123287.857422
2024-01-29,3498.9336242668046,3556.812660125686,3468.931123106958,3545.265869140625,936432,0.014544728452919875,0.014439968471932376,3319900408.3710938
2024-01-30,3551.014919217938,3604.062639567942,3549.951936037002,3579.76123046875,612064,0.009729978681820795,0.009682947269582146,2191042977.765625
2024-01-31,3590.6316224796055,3722.1881738124844,3576.234404899593,3710.061767578125,759817,0.03639922573615695,0.035752422635061135,2818968002.055908
2024-02-01,3713.347069316212,3832.0525208116705,3713.347069316212,3800.50390625,1313981,0.024377529091898165,0.024085139425073485,4993789923.238281
2024-02-02,3768.4240413497523,3768.4240413497523,3682.668237844678,3696.48583984375,872011,-0.027369545979203047,-0.02775106953392065,3223376313.6879883
2024-02-05,3720.1107496374716,3786.2030124902344,3707.5493367166177,3758.712890625,592181,0.016834110416578785,0.016693987160262446,2225838358.283203
2024-02-06,3768.4241250988266,3817.4619518549202,3758.7614991370347,3811.51953125,470713,0.014049128561191893,0.013951354252901293,1794131793.1132812
2024-02-07,3840.8937406286836,3855.3876792725655,3776.105787709742,3795.14111328125,416774,-0.004297083573746918,-0.004306342571344437,1581716142.3466797
2024-02-08,3819.6359730141667,3823.7909492827284,3663.826132222734,3678.8515625,404899,-0.03064169349969359,-0.03112096608904746,1489563318.8046875
2024-02-09,3691.1228142502946,3718.1298044146115,3634.693177629613,3711.365966796875,396729,0.008838194133274468,0.008799365908718965,1472406508.6413574
2024-02-12,3739.3394761928103,3771.371222366794,3688.4174852412934,3741.223876953125,237343,0.008044992173600995,0.008012803745918888,887953298.6276855
2024-02-13,3763.2542169388203,3803.354111388634,3638.413146940911,3724.1689453125,633019,-0.004558650377938567,-0.004569072711150291,2357469701.5927734
2024-02-14,3703.6845269267415,3799.682810109135,3600.8742811722245,3769.921875,919714,0.012285406585833769,0.01221055342247288,3467249927.34375
2024-02-15,3773.2553914556174,3795.962562185248,3745.426981848727,3784.415771484375,405632,0.0038446145477153415,0.0038372429052466826,1535080138.21875
2024-02-16,3792.6290181006716,3867.9491396523063,3784.174220455916,3796.107421875,634008,0.0030894201632711837,0.0030846577110879626,2406762474.328125
2024-02-19,3802.1951117243893,3821.2787987822626,3763.351400944347,3771.17822265625,267834,-0.006567042617154573,-0.006588700512475868,1010049748.0869141
2024-02-20,3762.626562111565,3767.3611544871032,3656.530881515301,3698.949951171875,1324518,-0.01915270698437066,-0.019338496145765792,4899325791.42627
2024-02-21,3698.949964385746,3764.317535107922,3692.0894055438284,3706.921630859375,575380,0.0021551196400952932,0.0021528007008936737,2132888567.9638672
2024-02-22,3734.4118851036415,3836.0626672929284,3712.236204774517,3818.090087890625,1130600,0.029989427374400135,0.02954853750381375,4316732653.369141
2024-02-23,3836.44911170036,3837.995226294089,3781.613706591551,3794.561767578125,571998,-0.006162327176910232,-0.006181392680630558,2170481741.9311523
2024-02-26,3794.561539840143,3856.78875608761,3763.592776742893,3819.587646484375,474465,0.0065951960830046286,0.0065735429297047645,1812260652.689209
2024-02-27,3816.737168733605,3877.1769399407963,3807.0745429899753,3867.70751953125,579400,0.012598185327980405,0.012519488460401327,2240949736.8164062
2024-02-28,3867.7074687285162,3883.360875046797,3721.077124994945,3733.39697265625,658953,-0.034726138467491396,-0.03534342357094015,2460133135.322754
2024-02-29,3732.6237248479742,3758.7611729874525,3633.195406690162,3664.453857421875,1021336,-0.01846659108027382,-0.01863922721045871,3742638644.923828
2024-03-01,3662.3286988077075,3738.2770384953196,3648.656176485285,3713.87890625,665946,0.01348769850874798,0.01339754920305224,2473242802.1015625
2024-03-04,3728.4211712511938,3752.2878116252573,3617.6873767362995,3624.885986328125,641251,-0.023962256758590317,-0.02425402196285873,2324461763.6188965
2024-03-05,3624.885673463841,3673.681933281393,3616.2860309466837,3663.970947265625,591293,0.010782397318126913,0.010724681776117843,2166480373.321533
2024-03-06,3671.7979278683256,3678.416921126198,3608.07295574835,3665.227294921875,315398,0.0003428923630488523,0.00034283358889762155,1156005358.3637695
2024-03-07,3665.2271504427986,3681.4604088753217,3632.229377884931,3657.54541015625,734239,-0.0020958822325338744,-0.0020980816674085346,2685512484.407715
2024-03-11,3667.4013470351942,3686.24346778167,3642.8100109853285,3656.240966796875,373335,-0.00035664447411998257,-0.00035670808688565325,1365002721.3391113
2024-03-12,3676.049440696516,3725.7154812248004,3643.7763633435225,3682.185302734375,528035,0.007095904283417331,0.007070846821687818,1944322716.3293457
2024-03-13,3682.9581726509855,3722.4298573802002,3589.6654736581645,3609.522216796875,428324,-0.019733685288336966,-0.01993099452900412,1546044993.9873047
2024-03-14,3591.5979440972865,3675.4212213774695,3561.8853703063282,3645.370361328125,720948,0.009931548381786115,0.009882554676995255,2628122471.258789
2024-03-15,3645.3703390226697,3652.424102865143,3581.983656865513,3619.28125,487749,-0.007156779350842135,-0.007182511944681527,1765300810.40625
2024-03-18,3618.6530863758417,3618.6530863758417,3557.488622541493,3574.88134765625,533167,-0.012267602122313703,-0.012343470271911749,1906008763.4858398
2024-03-19,3574.881823408554,3604.159628428862,3548.116395600746,3591.453369140625,559402,0.004635684341031343,0.004624972647639258,2009066197.604004
2024-03-20,3692.0892892505394,3807.0745353695693,3692.0892892505394,3742.914794921875,3045475,0.04217273905953345,0.04130770604046666,11398953435.064697
2024-03-21,3750.40353015991,3815.7711023142947,3750.0652438799134,3786.73486328125,838929,0.011707471518942247,0.011639469315556596,3176801692.117676
2024-03-22,3811.905851417496,3878.529608661354,3732.865525745971,3853.841552734375,1033237,0.01772151784478937,0.01756632259524198,3981931684.4226074
2024-03-26,3866.451340468145,3906.1164664236267,3775.284607896212,3779.149658203125,772158,-0.019381153456673572,-0.019571430550014247,2918100641.7788086
2024-03-27,3802.050059166998,3852.4889188240854,3774.0284442570664,3781.758544921875,510950,0.0006903369685524741,0.0006900987955941607,1932289528.527832
2024-03-28,3783.2079108498187,3937.519997050365,3760.452380005094,3883.69921875,1307106,0.02695589171471835,0.02659898135294027,5076406551.0234375
2024-04-01,3923.799011665476,3932.6885799479605,3803.692529475466,3813.5,532524,-0.018075348989717632,-0.01824070370367369,2030780274.0
2024-04-02,3855.38764934255,3855.38764934255,3782.2416200683947,3789.875,485047,-0.006195096368165731,-0.00621436560206688,1838267499.125
2024-04-03,3790.6481210722054,3810.0700933928865,3754.9931260461835,3801.47021484375,392460,0.003059524349417808,0.003054853529362213,1491925000.5175781
2024-04-04,3823.5010269378154,3894.0381952386647,3760.742319582439,3878.867919921875,932478,0.02035993989270435,0.020155447295632466,3616959000.23291
2024-04-05,3877.611558321221,3910.029713596122,3833.6949732254825,3895.245849609375,537212,0.00422234786685638,0.004213458769225791,2092572813.3603516
2024-04-08,3889.1585633164177,4158.262930457646,3876.259099286015,4063.85888671875,2165986,0.04328687934454356,0.04237619030280883,8802261454.608398
2024-04-09,4104.490105861454,4123.912078588579,3997.911529225449,4105.3115234375,970657,0.010200314005543554,0.010148641886793125,3984849367.4052734
2024-04-10,4106.616227195446,4188.748551739355,4079.6089976369535,4169.52001953125,1018246,0.015640346835356977,0.01551929715199696,4245597081.807617
2024-04-12,4164.591562055101,4234.935286491487,4123.815094000458,4157.10302734375,1133493,-0.0029780387501043837,-0.0029824819310055443,4712047181.772949
2024-04-15,4106.615852907034,4172.176861532081,4052.2635842656177,4077.0,860133,-0.019268954080970513,-0.01945702018778705,3506762241.0
2024-04-16,4075.116078321612,4255.420786384221,4064.390468354014,4208.75048828125,1467677,0.032315547775631615,0.03180438367176515,6177086290.38916
2024-04-18,4209.040215870756,4294.071331342892,4191.695612116613,4204.40234375,1316876,-0.0010331200538870045,-0.0010336540902573493,5536676540.828125
2024-04-19,4198.411261373307,4222.036572154153,4117.53488793737,4197.58984375,719002,-0.00162032542154944,-0.0016216395685409973,3018075492.8359375
2024-04-22,4245.758022297879,4333.687922167954,4222.95412972823,4316.2470703125,781218,0.028267942076135588,0.027875777114149417,3371929903.7753906
2024-04-23,4321.174529425289,4381.90422900945,4295.03731446873,4367.65185546875,740619,0.011909602096185967,0.011839240883558689,3234765949.54541
2024-04-24,4391.6635579920585,4417.4143621608355,4362.482238476514,4377.84619140625,919636,0.002334054149653708,0.0023313344763546805,4026024960.080078
2024-04-25,4413.887819313092,4473.312972747365,4334.65428140073,4459.49560546875,1260511,0.018650589923140393,0.018478800368111017,5621243265.14502
2024-04-26,4436.111300426368,4476.549481898125,4417.7523122520915,4445.77392578125,364193,-0.0030769577776179613,-0.0030817013452045013,1619119743.3520508
2024-04-29,4434.178729826899,4448.237660850749,4379.681617746496,4417.607421875,465907,-0.006335568199478447,-0.00635572308521624,2058194221.1035156
2024-04-30,4423.550010806677,4531.723293393925,4423.550010806677,4442.29541015625,663752,0.005588542829541687,0.005572984861395955,2948582463.0820312
2024-05-02,4442.875491991855,4477.7576666624645,4393.016246828449,4447.126953125,908139,0.001087623069304211,0.0010870320358427022,4038609424.0839844
2024-05-03,4467.032234047161,4498.5324908205885,4425.482940068354,4444.08349609375,562484,-0.0006843647737808656,-0.0006845990582494514,2499725861.216797
2024-05-06,4457.369473577816,4511.286739141585,4426.690635341073,4443.841796875,716536,-5.4386741149770046e-05,-5.438822016220251e-05,3184172625.765625
2024-05-07,4449.639273556977,4497.952403563025,4415.820082552744,4466.4521484375,505027,0.005088019015078382,0.005075118785568343,2255678929.1689453
2024-05-08,4430.313638513088,4477.660501825442,4407.07521371252,4444.904296875,613158,-0.004824377570022298,-0.004836052443959646,2725428628.8632812
2024-05-09,4425.482573316746,4549.164182352673,4388.281464348909,4413.935546875,980283,-0.006967247871179749,-0.006991632471002493,4326905979.697266
2024-05-10,4435.145047156089,4530.8531627729835,4402.678531534286,4500.7060546875,471148,0.01965830875666774,0.019467579758990036,2120498656.2539062
2024-05-13,4521.142103472071,4574.09309817921,4375.526160315668,4500.3193359375,1738770,-8.592401843199315e-05,-8.592771011193573e-05,7825020251.748047
2024-05-14,4509.934220987675,4582.935647648012,4494.184328436437,4570.95361328125,870035,0.01569539227576522,0.015573493451861995,3976889626.9311523
2024-05-15,4570.9529081688615,4570.9529081688615,4442.971722358135,4492.49267578125,1082300,-0.017165113483546546,-0.017314141899130484,4862224822.998047
2024-05-16,4493.120967970711,4539.453447105525,4389.827593197651,4523.7998046875,845652,0.006968765708851299,0.006944596084430811,3825560352.4335938
2024-05-17,4502.783345696662,4541.433846518093,4466.065369916303,4535.53955078125,287570,0.0025951073435179772,0.0025917458667951356,1304285108.618164
2024-05-21,4493.120474364073,4569.310364296311,4493.120474364073,4515.29638671875,500742,-0.0044632317359051266,-0.0044732216907404825,2260998543.2783203
2024-05-22,4515.344815075098,4548.825717469857,4508.097846080221,4537.03759765625,201187,0.00481501303025178,0.004803457932131288,912792983.159668
2024-05-23,4538.197038147637,4703.6213800620235,4524.572641449629,4689.12744140625,922926,0.03352183897011707,0.03297223099539932,4327717632.987305
2024-05-24,4659.801063125476,4742.416509656783,4645.210404522699,4716.279296875,545727,0.005790385483873228,0.005773685636538631,2573800951.845703
2024-05-27,4697.050223076037,4741.450174488763,4609.072209560098,4631.5859375,655641,-0.0179576640915049,-0.01812085963385231,3036657635.6484375
2024-05-28,4631.5858236691565,4662.699664698443,4599.40947134278,4609.990234375,333511,-0.004662701592158425,-0.004673605894101171,1537482453.0566406
2024-05-29,4585.88209798984,4646.611794091549,4564.8658873637805,4585.30224609375,548865,-0.005355323336080131,-0.005369714482587464,2516711917.302246
2024-05-30,4550.85495385215,4609.07227132539,4545.975516795386,4582.93505859375,431385,-0.0005162554991913204,-0.0005163888049434025,1977009440.2514648
2024-05-31,4582.21114624727,4628.398314398461,4510.755831146265,4573.75634765625,1137018,-0.0020028018769955303,-0.0020048101665935797,5200443294.899414
2024-06-03,4638.0607953187055,4638.0607953187055,4483.458768808082,4513.26806640625,1070710,-0.013225077300192511,-0.013313307398317127,4832401251.381836
2024-06-04,4522.012266874876,4548.053232780315,4110.336273093118,4343.73681640625,920927,-0.037562858555173606,-0.03828652254262202,4000264515.1225586
2024-06-05,4385.962332796806,4490.656972009663,4343.350060973841,4424.51611328125,468061,0.01859672910428123,0.0184259242952173,2070943436.4985352
2024-06-06,4424.51612696316,4567.522981470814,4385.189053250405,4560.517578125,748915,0.03073815562237625,0.030275201510352515,3415440022.0214844
2024-06-07,4541.434006769084,4608.106123038672,4512.542850747172,4601.34228515625,419417,0.008951770568119244,0.008911940990319722,1929881177.213379
2024-06-10,4608.685832005974,4638.06011839423,4596.5108298336145,4621.39208984375,301649,0.004357381704069185,0.004347915804142785,1394038302.5092773
2024-06-11,4647.722654520474,4649.6070551305875,4583.9974535175725,4598.10498046875,733966,-0.0050389815281367545,-0.005051720006212077,3374852720.0947266
2024-06-12,4604.241169660437,4709.032534637462,4584.915918161337,4687.00146484375,523152,0.01933328724607275,0.019148773625619966,2452014190.3359375
2024-06-13,4722.076594620264,4724.6370958194475,4607.139484405915,4639.50927734375,840780,-0.010132744326245557,-0.010184430021748386,3900806610.205078
2024-06-14,4654.969965623125,4778.168444215123,4639.509764388051,4768.6025390625,549131,0.02782476637112352,0.027444691774413096,2618587480.8779297
2024-06-18,4773.337177382076,4808.122630496601,4746.813080659089,4769.56884765625,706641,0.00020263978510137726,0.0002026192564333607,3370372900.07666
2024-06-19,4773.336993546074,4796.237604687658,4686.373364108999,4716.0859375,652617,-0.0112133636948194,-0.011276707433570968,3077797856.2734375
2024-06-20,4720.530829904245,4758.74632492754,4679.65764106794,4712.36572265625,637364,-0.0007888352530153186,-0.0007891465472608678,3003492266.455078
2024-06-21,4712.365941659275,4759.132956761372,4657.385694523269,4682.025390625,414677,-0.006438450200369372,-0.006459266418420852,1941528242.9082031
2024-06-24,4674.7784144978505,4723.768116576746,4632.456301742094,4706.568359375,302473,0.005241955500528306,0.005228264276808285,1423609851.3652344
2024-06-25,4706.568017115093,4730.821300743141,4601.390247388754,4613.95166015625,660144,-0.01967817997039545,-0.019874373439676074,3045872504.7421875
2024-06-26,4613.951926502846,4645.210615209524,4560.759360397638,4579.794921875,600784,-0.007402925040635,-0.007430462680443643,2751467512.34375
2024-06-27,4562.692096903809,4605.6426591355275,4524.089716467107,4554.7685546875,1087487,-0.00546451699572037,-0.0054795020844989285,4953251591.231445
2024-06-28,4554.767831074145,4574.238397242666,4498.241476719242,4515.29638671875,939279,-0.008666119363656244,-0.008703888542527655,4241123074.820801
2024-07-01,4483.458260222723,4569.890634587457,4469.930584437568,4479.158203125,1364796,-0.008003501984951922,-0.008035701930261574,6113137198.9921875
2024-07-02,4479.496435308021,4540.5644168384215,4437.947145898027,4469.68896484375,865321,-0.00211406649460244,-0.0021163042876259984,3867715724.7475586
2024-07-03,4486.985072842212,4545.057547454014,4481.622504320964,4533.99365234375,257361,0.014386837206299408,0.01428432867647393,1166873140.3608398
2024-07-04,4533.993432269395,4565.590405385369,4504.715866646898,4531.2880859375,313153,-0.0005967292002827529,-0.0005969073140126216,1418986457.975586
2024-07-05,4541.482304404536,4588.587605739623,4540.081506731621,4577.4755859375,258687,0.010193017774204005,0.01014141930174019,1184133426.899414
2024-07-08,4598.395056196195,4613.903380406145,4556.893893611597,4594.046875,542470,0.0036201807636961902,0.0036136436815109424,2492132608.28125
2024-07-09,4597.091114140982,4674.778534070274,4582.017322976692,4665.79248046875,631367,0.015617081719208725,0.0154963900444859,2945827401.0161133
2024-07-10,4678.643562786204,4787.83123783677,4633.229220066057,4685.55224609375,832007,0.004235028820444908,0.00422608632481735,3898412267.6157227
2024-07-11,4714.346942575263,4720.192642385663,4643.713054527217,4665.74365234375,308708,-0.004227589985046909,-0.004236551509606903,1440352391.4277344
2024-07-12,4665.647170045753,4714.588749037406,4652.554500310104,4696.712890625,290823,0.0066375781844965065,0.006615646457960268,1365912132.9902344
2024-07-15,4687.3879758921385,4751.113182798248,4662.796875917657,4716.666015625,223485,0.004248316953720632,0.004239318332246115,1054104104.5019531
2024-07-16,4716.713666635582,4769.133407188312,4697.0020060243305,4750.2431640625,664540,0.007118831040032969,0.007093611779380321,3156726592.2460938
2024-07-18,4655.452890016012,4797.493482550747,4623.518101982204,4774.39990234375,773064,0.00508536877943544,0.005072481962636514,3690916686.1054688
2024-07-19,4739.518164661715,4758.843417117012,4657.579282974421,4687.05029296875,662969,-0.018295411184999444,-0.018464841938876056,3107369045.679199
2024-07-22,4606.173668428755,4705.601992460573,4599.02341977662,4693.4755859375,377893,0.001370860683613584,0.0013699219119588076,1773631569.5966797
2024-07-23,4693.185251784557,4807.1561063867675,4624.484363067221,4753.57666015625,1128441,0.012805238488684978,0.012723944677855209,5364130799.963379
2024-07-24,4752.079055994569,4775.559046421618,4714.394817852278,4749.5185546875,400075,-0.000853695177099878,-0.000854059782350178,1900163635.7666016
2024-07-25,4734.686965047983,4757.346012818171,4707.969897249656,4735.31494140625,413861,-0.002990537486632583,-0.0029950180790114514,1959762176.965332
2024-07-26,4731.594345644049,4888.225601993237,4699.659556552953,4843.39111328125,625674,0.022823439034638904,0.0225668807098967,3030383891.411133
2024-07-29,4864.165765002331,4877.645316542687,4764.78556556914,4794.83642578125,338482,-0.010024936323407063,-0.010075524376191296,1622965823.071289
2024-07-30,4783.04804187424,4810.683246870077,4738.696682455676,4784.78759765625,683440,-0.0020957603623282806,-0.0020979595412483334,3270115235.7421875
2024-07-31,4784.787928256239,4824.356101768093,4773.289496769237,4795.27197265625,567283,0.002191189219169498,0.002188792065179047,2720276270.4643555
2024-08-01,4802.808362524275,4853.537150177936,4738.068766851983,4801.16552734375,654655,0.0012290344992123003,0.0012282798545717518,3143107018.3032227
2024-08-02,4719.2263093161955,4719.2263093161955,4533.268892249899,4567.2333984375,2120560,-0.048724029107922284,-0.04995106832129285,9685092455.390625
2024-08-05,4456.548044467873,4535.008757864556,4401.326230146066,4518.00244140625,946316,-0.010779163825543114,-0.010837679894705169,4275457998.341797
2024-08-06,4528.872544731312,4591.679610105226,4481.573804468881,4496.88916015625,594238,-0.004673145161787073,-0.00468409844214019,2672222420.7529297
2024-08-07,4557.510247284943,4581.9831219729695,4473.930290256659,4491.271484375,1093582,-0.0012492359898537142,-0.0012500169355909873,4911573652.425781
2024-08-08,4517.503605860399,4535.0403861480545,4443.253979120479,4471.48828125,979435,-0.004404811241944584,-0.004414541005343139,4379532124.746094
2024-08-09,4694.9696543591235,4741.229218860194,4608.312814738084,4719.34521484375,1697560,0.05543052290510797,0.05394876226965084,8011371662.910156
2024-08-12,4688.473259878588,4740.301263779218,4682.953481579026,4698.04736328125,738630,-0.004512882739646118,-0.004523096535650447,3470118723.9404297
2024-08-13,4699.415041213914,4723.545881932217,4679.77787489645,4691.64794921875,194849,-0.0013621433688634221,-0.0013630719294596492,914162911.2573242
2024-08-14,4700.147966863715,4708.989343177256,4607.384593863889,4624.2373046875,328795,-0.014368223119229362,-0.014472445569237236,1520426104.5947266
2024-08-16,4626.044547121373,4713.873937091376,4626.044547121373,4707.03515625,259101,0.017905190868680032,0.017746781049243293,1219597516.0195312
2024-08-19,4736.344856648215,4736.344856648215,4669.910976645724,4702.44384765625,280722,-0.0009754141282870554,-0.0009758901542213422,1320079441.8017578
2024-08-20,4737.223742407026,4785.193004106833,4713.19021541539,4770.78271484375,523506,0.014532628012466464,0.014428041434833472,2497533375.916992
2024-08-21,4777.37685569341,4811.570759568516,4754.906576004055,4800.38427734375,221438,0.00620476015558169,0.006185589888360777,1062987493.6064453
2024-08-22,4818.605301984037,4835.018185633086,4792.617838676786,4819.923828125,536373,0.004070413877795165,0.00406215215472693,2585277003.4628906
2024-08-23,4806.686046656523,4853.4340947734845,4769.854135525462,4785.29052734375,208413,-0.007185445665999768,-0.007211385314021184,997316754.675293
2024-08-26,4789.101029905623,4802.729935401028,4753.001842140158,4762.91845703125,314431,-0.004675174931315751,-0.004686137743690698,1497609213.362793
2024-08-27,4753.978556769508,4774.690484916619,4725.304905816757,4756.71435546875,382109,-0.0013025840392756338,-0.0013034331392948375,1817583365.6538086
2024-08-28,4757.837344016952,4861.151779156539,4728.528284402884,4832.91748046875,424484,0.016020117943889245,0.015893150086125685,2051496143.7792969
2024-08-29,4832.918038201349,4879.372712236459,4767.6075807505595,4802.6806640625,571335,-0.006256431343685476,-0.006276084826925435,2743939557.2021484
2024-08-30,4788.172435762901,4864.815823964397,4783.238934457212,4846.25341796875,465200,0.009072590279069814,0.009031681577637712,2254477090.0390625
2024-09-02,4835.751004779081,4895.590339905647,4775.178943099945,4798.82177734375,310778,-0.009787280303818813,-0.009835490554424623,1491368234.319336
2024-09-03,4810.545489704604,4826.225647400674,4744.208929643288,4753.734375,263404,-0.009395515073432614,-0.009439931353323067,1252152649.3125
2024-09-04,4718.759002577,4765.116359990021,4710.161868500382,4722.22705078125,476838,-0.006627910129864967,-0.006649972264139267,2251737302.4404297
2024-09-05,4738.29849739665,4751.096883590539,4676.895915275859,4689.5478515625,398344,-0.006920293934901678,-0.00694435021758013,1868053249.3828125
2024-09-06,4684.27221702985,4718.759022800499,4631.027420602805,4643.0439453125,291111,-0.00991650106193187,-0.009965997048433468,1351641165.9638672
2024-09-09,4643.043500161943,4669.910137985078,4607.481936777686,4638.01220703125,272444,-0.0010837154118108483,-0.0010843030559554545,1263598597.7324219
2024-09-10,4639.624720438072,4657.698642806592,4581.348628316408,4628.0966796875,404100,-0.0021378829768317065,-0.0021401715109702368,1870213868.2617188
2024-09-11,4621.062003088992,4669.42195428411,4593.706879180643,4617.7890625,384214,-0.0022271827709952063,-0.0022296666312353734,1774219206.859375
2024-09-12,4635.618926467896,4782.26203125,4609.045662689209,4762.72265625,757317,0.03138592772176896,0.03090345868064743,3606890833.8632812
2024-09-13,4746.016534458142,4768.975300756714,4716.805263383237,4746.4072265625,315869,-0.003425651851906575,-0.003431532831846147,1499242904.2470703
2024-09-16,4772.443917294406,4825.004647776133,4748.068354986993,4786.36572265625,453831,0.008418682634336205,0.008383443167478253,2172201142.2788086
2024-09-17,4785.681048472749,4785.681048472749,4705.716067117404,4738.49365234375,356442,-0.01000175771899281,-0.010052111328807707,1688998154.428711
2024-09-18,4751.975663805679,4766.337294228827,4701.417534570082,4738.64013671875,295359,3.0913700797663424e-05,3.0913222979062325e-05,1399600012.1411133
2024-09-19,4762.722459843937,4810.398342063661,4733.511190830662,4752.85498046875,357206,0.0029997727913229078,0.0029952824506829985,1697748316.1533203
2024-09-20,4754.711252064959,4945.611324648124,4742.596935149447,4848.84228515625,1332877,0.020195715013807014,0.019994486354570143,6462910358.512207
2024-09-23,4875.074364690487,4876.442025618158,4742.841540774186,4767.16796875,899953,-0.016844085990645574,-0.01698756102635287,4290227114.9804688
2024-09-24,4774.934577029325,4782.21318474355,4743.183093908414,4764.57861328125,481696,-0.0005431643033607658,-0.0005433118705288866,2295078459.703125
2024-09-25,4739.27547979786,4806.686324593995,4739.27547979786,4782.50634765625,665986,0.0037627114232150483,0.0037556501321120046,3185082272.4501953
2024-09-26,4801.8013024548545,4884.74585212983,4777.377084232805,4879.22607421875,790345,0.02022364834076984,0.020021866340730093,3856271931.628418
2024-09-27,4875.073928418661,4987.42533157861,4839.268120123049,4946.001953125,1040624,0.013685752184979805,0.013592948049455048,5146928336.46875
2024-09-30,4945.415891180676,4967.886172788175,4883.378374568671,4910.4892578125,516973,-0.007180081134028349,-0.007205981971116095,2538590363.0791016
2024-10-01,4910.53781292637,4929.735630396957,4837.9492259760345,4858.12353515625,449002,-0.010664054009065782,-0.010721322540046664,2181307183.5322266
2024-10-03,4816.455917366375,4835.995292284697,4602.499762010749,4672.35302734375,1337657,-0.03823914860710209,-0.03898945444702351,6250005733.497559
2024-10-04,4671.864727788483,4692.185487693213,4582.814118482516,4598.396484375,466001,-0.01582854346320539,-0.015955152660722262,2142857360.1152344
2024-10-07,4639.428947000358,4639.428947000358,4542.904626608349,4560.44140625,447523,-0.00825398119843912,-0.008288233912305586,2040902419.4492188
2024-10-08,4542.904522446819,4629.366253680484,4480.574109275622,4585.35400390625,661110,0.005462760166616176,0.00544789341007183,3031423385.522461
2024-10-09,4590.678067038163,4628.779845823701,4552.674080528404,4600.44775390625,930717,0.0032917305811375197,0.003286324695924748,4281714932.1723633
2024-10-10,4628.682620124303,4659.164237698049,4581.983701992839,4589.70166015625,305739,-0.0023358799675260444,-0.002338612391042271,1403250795.8745117
2024-10-11,4595.660831519338,4697.412027694451,4552.674208095263,4619.15673828125,844931,0.006417645482429402,0.006397140079837625,3902868722.032715
2024-10-14,4639.624883466493,4699.219980937845,4621.6974103774255,4669.71533203125,346430,0.010945416363769445,0.010885948831843758,1617729482.475586
2024-10-15,4669.665897172961,4689.351720031055,4587.7469805978235,4613.34375,370224,-0.012071738430087353,-0.012145193617536508,1707970576.5
2024-10-16,4615.200225110885,4624.969912293593,4534.111821494415,4570.50390625,380474,-0.009286072330942141,-0.009329456689678866,1738957903.2265625
2024-10-17,4538.01972671626,4547.740756342268,4416.875604840519,4517.35693359375,514244,-0.011628252321056687,-0.011696389170439086,2323023698.9589844
2024-10-18,4507.636102754153,4689.352293581435,4505.828615126453,4655.89111328125,778795,0.030667087353066558,0.030206250226193297,3625984719.567871
2024-10-21,4655.255762346827,4741.082556331506,4633.762451376916,4699.6591796875,745473,0.009400577750067862,0.009356667293652969,3503469027.6591797
2024-10-22,4699.659445740111,4715.046703328296,4640.25946038473,4649.44287109375,528037,-0.010685095806689748,-0.010742591373426539,2455077865.3237305
2024-10-23,4613.7836347095445,4616.617225746872,4545.982098055296,4570.015625,655987,-0.017083174972975956,-0.017230775815675614,2997870839.796875
2024-10-24,4557.5596129854675,4576.756955176461,4523.5121536957095,4560.97900390625,288778,-0.0019773720344227197,-0.0019793296155070517,1317110394.790039
2024-10-25,4542.904980934423,4565.033229144122,4404.908136083458,4485.85009765625,446738,-0.016472100876951168,-0.016609274373819864,2003999700.9267578
2024-10-28,4485.849624864973,4655.255903795357,4429.234097298423,4611.92724609375,989928,0.028105519732674944,0.027717807419621713,4565475914.871094
2024-10-29,4580.029469433563,4805.269422428635,4577.5383899518965,4785.33935546875,1065819,0.03760079032510277,0.0369111157055267,5100305606.506348
2024-10-30,4738.396124728144,4833.797025643427,4738.396124728144,4757.10498046875,842334,-0.005900182390979891,-0.005917657237527822,4007071266.618164
2024-10-31,4756.860769237139,4801.801331033176,4709.673370165505,4781.919921875,510074,0.005216395582635425,0.005202837320929804,2439133022.2304688
2024-11-01,4870.042970011112,4875.074263874334,4816.456136453,4839.5126953125,79729,0.012043859867673756,0.011971909716323689,385849507.6845703
2024-11-04,4887.237365328325,4899.498131953007,4680.7057962433155,4720.56640625,719165,-0.02457815415541942,-0.024885239150981155,3394866139.5507812
2024-11-05,4720.566433177997,4796.916443692394,4697.265633660495,4786.951171875,499976,0.014062881423955176,0.0139649164848646,2393360699.109375
2024-11-06,4797.844935362127,4846.155754449945,4793.937060311843,4803.90185546875,370356,0.0035410186954363265,0.0035347640495987267,1779153875.5839844
2024-11-07,4803.901549524145,4807.614316806777,4706.693163839213,4765.6533203125,221554,-0.007961972643697579,-0.007993838403463687,1055849555.7285156
2024-11-08,4762.722493089931,4765.604741617901,4645.828281564066,4675.03955078125,194765,-0.01901392389266543,-0.01919701308800867,910534078.1079102
2024-11-11,4652.325410059666,4721.299502516378,4640.89468432363,4683.05126953125,209237,0.001713722132823614,0.0017122553865406354,979867598.4829102
2024-11-12,4677.726092181709,4696.532739482147,4597.17483280018,4629.0732421875,326018,-0.011526251633190654,-0.011593193763250631,1509161200.2714844
2024-11-13,4591.7535305072815,4611.244249605256,4431.579298985253,4483.01708984375,656931,-0.03155192080623248,-0.03206040707778819,2945032899.8481445
2024-11-14,4616.617345695458,4858.465778121537,4596.931043007475,4771.22265625,2874648,0.06428830420012854,0.06230631680982479,13715585666.34375
2024-11-18,4767.558673572561,4800.824267518023,4750.998863032182,4763.357421875,494329,-0.0016484735552421137,-0.0016498337828449697,2354665710.998047
2024-11-19,4767.607670266869,4898.570145067259,4767.607670266869,4851.08984375,452273,0.01841818996661937,0.01825062941990978,2194016956.9023438
2024-11-21,4777.67003713205,4843.811011626596,4755.297548399128,4769.6591796875,593722,-0.016786055646323073,-0.016928538209162562,2831851587.482422
2024-11-22,4799.847512441075,4889.7286382592265,4769.561480915394,4871.36181640625,339941,0.021322831021526545,0.02109868021499579,1655975607.230957
2024-11-25,4883.8671957213855,4950.301076359325,4873.120538559367,4887.14013671875,945466,0.0032389957689777926,0.003233761521606662,4620624836.50293
2024-11-26,4893.636361629207,4898.863239734396,4762.722551994887,4818.16552734375,564637,-0.014113491212738194,-0.014214033654155892,2720514528.862793
2024-11-27,4819.386667414687,4857.390654992064,4777.474804980293,4804.24365234375,189349,-0.0028894555243051956,-0.0028936380596949734,909678731.3276367
2024-11-28,4806.686223467065,4806.686223467065,4683.3925770834385,4704.78857421875,954250,-0.020701505860653224,-0.020918785947424405,4489544496.948242
2024-11-29,4726.574668472313,4752.2687550001565,4697.265606865415,4720.56640625,407774,0.003353568769850712,0.003347958098452607,1924924245.7421875
2024-12-02,4726.62385569176,4733.902464287212,4585.451859800829,4709.673828125,250521,-0.002307472702974489,-0.0023101390205383125,1179872197.0957031
2024-12-03,4709.722249960161,4757.837962413729,4709.722249960161,4732.77880859375,351449,0.004905855758157385,0.004893861260651471,1663330379.5014648
2024-12-04,4724.669653317077,4766.4350684464935,4641.578649821189,4686.56787109375,349544,-0.00976401800483273,-0.009811998606395589,1638161679.9335938
2024-12-05,4686.568017286229,4767.607770511084,4650.3715138591715,4726.13525390625,525957,0.008442720536823378,0.008407280107835697,2485743919.7387695
2024-12-06,4739.275253354009,4815.185913594228,4716.365146091413,4764.72509765625,327806,0.008165200883344381,0.008132045985939073,1561905475.3623047
2024-12-09,4774.055676577345,4775.423337445285,4704.10461738933,4730.58056640625,377043,-0.007166107288497203,-0.007191907165679316,1783632288.4995117
2024-12-10,4728.528717194038,4762.624830925379,4687.007545607107,4702.19921875,342297,-0.005999548524296849,-0.006017618124757563,1609548685.9804688
2024-12-11,4710.943011841909,4722.275944025732,4684.662649551258,4691.35498046875,240736,-0.0023062056235322315,-0.002308869011389212,1129378032.578125
2024-12-12,4691.355392337827,4708.989487883842,4665.025893079947,4696.923828125,236847,0.0011870446127897338,0.0011863406323823831,1112452317.9199219
2024-12-13,4677.726397572183,4746.554037156016,4644.7050444770475,4714.75341796875,404369,0.0037960142629920313,0.0037888275822696876,1906500124.8706055
2024-12-16,4708.989554000465,4752.953149421632,4689.4501782577245,4727.0634765625,404180,0.0026109655166342005,0.002607562867682166,1910584515.9570312
2024-12-17,4697.363696032129,4718.759216950324,4618.082774781779,4633.4208984375,402231,-0.019809883787111016,-0.020008729996735464,1863705521.399414
2024-12-18,4615.200340717989,4688.815030890779,4607.726625243109,4640.455078125,331577,0.0015181395866437075,0.0015169883777247117,1538668173.4394531
2024-12-19,4601.522979643617,4669.9107946277045,4565.961411258999,4662.04638671875,500287,0.004652842928171141,0.004642051914163051,2332361200.6723633
2024-12-20,4638.647574073952,4711.383087527123,4611.292449374274,4625.45849609375,386086,-0.007848032299556662,-0.007878990183736726,1785824768.9228516
2024-12-23,4640.601529880485,4666.19830176477,4589.799155237582,4641.138671875,371318,0.0033899722145365185,0.0033842392115558213,1723338329.3632812
2024-12-24,4641.138463770183,4697.265506360676,4629.5126316553005,4682.51318359375,227611,0.008914732923081425,0.008875231282340629,1065791508.230957
2024-12-26,4682.513466147084,4713.239324409161,4662.094914506163,4690.76904296875,328172,0.0017631257086314633,0.001761573227044847,1539379058.3691406
2024-12-27,4708.989189008971,4840.83130742831,4679.240300932254,4764.57861328125,408992,0.015735068095739546,0.015612555404267805,1948674536.203125
2024-12-30,4777.376875349811,4791.982748022183,4721.005591343858,4743.96435546875,242799,-0.004326564736499061,-0.004335951402170695,1151829801.543457
2024-12-31,4715.8278505528615,4760.182133520551,4699.219382879483,4710.84521484375,313948,-0.006981321557954168,-0.007005805001036732,1478960433.5097656
2025-01-01,4717.7820074454075,4793.448426562915,4633.225554493947,4772.78515625,290234,0.013148371169377171,0.013062681638402992,1385224527.0390625
2025-01-02,4772.492103524343,5207.243175390942,4755.150909084721,5185.84765625,2863478,0.08654537895113323,0.08300328601900164,14849560675.023438
2025-01-03,5202.358817003689,5261.661013487789,5149.358260041727,5188.43701171875,836689,0.0004993119043188443,0.0004991872896092935,4341108174.897949
2025-01-06,5188.437145380878,5226.78317145181,5068.954049864528,5129.18408203125,419050,-0.011420188691444011,-0.011485899814303887,2149384589.5751953
2025-01-07,5129.183668971841,5170.118563704423,5047.50898703305,5058.06005859375,439721,-0.013866537503823384,-0.013963576038308303,2224135227.0249023
2025-01-08,5092.156624197465,5117.21577680776,5016.05037821992,5044.28515625,343162,-0.0027233568174711564,-0.002727071900178983,1731006982.7890625
2025-01-09,5066.853230769272,5076.1835692776185,4987.425856040674,5021.52197265625,239408,-0.004512667878330712,-0.004522880700318685,1202192532.4296875
2025-01-10,5031.389051967305,5043.79674588054,4923.922489692275,4941.94775390625,316803,-0.015846633587049186,-0.015973533899055876,1565623874.2807617
2025-01-13,4894.6136719735905,4908.486819702384,4812.1576009306855,4825.3466796875,213093,-0.023594153565582587,-0.02387695273605429,1028247600.0146484
2025-01-14,4836.043876503574,4925.241407873136,4836.043876503574,4913.712890625,448429,0.018312924812113662,0.018147262653589357,2203451357.830078
2025-01-15,4921.870796644198,4976.092562560323,4888.94723581374,4964.857421875,497259,0.010408530654605341,0.010354734867479643,2468820036.7441406
2025-01-16,4994.31272030193,5015.855166652753,4918.939679473547,4931.54248046875,435315,-0.006710150680151572,-0.006732764961488787,2146774414.885254
2025-01-17,4889.728670389929,4958.507176060835,4882.938546656795,4896.8603515625,197564,-0.0070327142154017475,-0.007057560308863456,967443318.4960938
2025-01-20,4896.909440692197,4922.4084206368825,4816.455968209622,4901.2080078125,255315,0.000887845668013032,0.0008874517661800427,1251351922.5146484
2025-01-21,4916.448592050699,4963.001055759134,4845.7648103475,4855.48583984375,416551,-0.00932875484898199,-0.009372540203810249,2022557482.072754
2025-01-22,4865.30463653229,4909.268232645533,4839.122063439067,4894.32080078125,494734,0.007998161712021279,0.007966345949122345,2421386907.053711
2025-01-23,4881.522118663881,5039.2047784410315,4863.154820066708,4998.36767578125,442186,0.021258695380856896,0.021035881604647356,2210208209.083008
2025-01-24,5015.757441733657,5104.173111479839,4997.243693552711,5086.39208984375,730641,0.017610632064745335,0.0174573617259719,3716326602.9155273
2025-01-27,5070.4677021576435,5088.0531392749535,4997.781324146533,5026.015625,418597,-0.011870194781937182,-0.011941208064443294,2103875062.578125
2025-01-28,5041.158504528418,5074.3754404109695,4972.770695358458,4987.81591796875,603950,-0.007600395597904708,-0.00762942579204407,3012391423.6572266
2025-01-29,4963.538402812537,5114.431417393002,4963.538402812537,5063.53125,357310,0.015180057419216908,0.015065993232991988,1809250350.9375
2025-01-30,5063.531271019254,5146.671407577623,5021.668064409662,5045.40869140625,480830,-0.003579035597686908,-0.003585455668610759,2425983861.088867
2025-01-31,5046.043464205335,5123.223993473916,5026.50408970696,5074.66845703125,394118,0.00579928553158382,0.0057825344070795495,2000018182.9482422
2025-02-01,5094.696253283634,5298.149987747732,5011.94728952122,5266.0078125,609534,0.03770479925710979,0.037011350516839514,3209810805.984375
2025-02-03,5446.600916235587,5447.089400622693,5282.372369883331,5358.91796875,1330533,0.01764337607503319,0.017489538555163463,7130217201.714844
2025-02-04,5409.035805397885,5426.2305497349735,5316.6636066478495,5324.5771484375,591631,-0.006408163086793817,-0.006428783503734531,3150184902.9072266
2025-02-05,5324.479441297819,5344.018815394325,5227.759539520116,5292.43505859375,442234,-0.006036552565152009,-0.006054846206092151,2340494725.7021484
2025-02-06,5303.083897375873,5319.643230624254,5208.122348894835,5218.966796875,361000,-0.013881750253969316,-0.01397900282186925,1884047013.671875
2025-02-07,5245.003393692483,5274.654491845938,5197.52261513966,5248.8134765625,604384,0.005718886677986035,0.005702595926034376,3172298884.21875
2025-02-10,5275.631147901805,5319.496948520775,5185.163747995497,5212.47021484375,631815,-0.006924090917125092,-0.0069481736664523735,3293316868.791504
2025-02-11,5020.495860165007,5021.130794433239,4840.831405889014,4857.83056640625,2272410,-0.06803677216755677,-0.07046192019032367,11038982757.407227
2025-02-12,4835.99524611863,4884.843682948112,4723.057564761767,4737.76123046875,813864,-0.024716657836488798,-0.02502724285523495,3855893306.0742188
2025-02-13,4738.933186343565,4794.034126280332,4679.680129381771,4709.3798828125,571526,-0.005990455465279321,-0.006008470224057023,2691533046.904297
2025-02-14,4719.833631644621,4738.298244861828,4578.124033997091,4595.02587890625,476473,-0.024282178705438473,-0.024581851897637938,2189405765.6000977
2025-02-17,4591.752932908151,4645.486211910267,4538.996622615163,4635.912109375,232211,0.008897932578887158,0.008858579246716224,1076509786.8300781
2025-02-18,4659.163798322064,4662.583188821986,4576.561284345298,4610.7060546875,254026,-0.005437129542755326,-0.00545196452918487,1171239216.2480469
2025-02-19,4591.752831804845,4709.96604300663,4569.331209609813,4699.8056640625,275722,0.019324504385703767,0.01914015730913459,1295839817.3066406
2025-02-20,4669.910647246356,4786.169929050188,4666.979740982394,4775.81396484375,277284,0.016172647597421763,0.01604326345765746,1324256799.4277344
2025-02-21,4775.423659203129,4868.137906115651,4743.183687690505,4848.1591796875,324027,0.015148248105203654,0.015034659074935576,1570934474.5166016
2025-02-24,4822.317944892077,4933.594594607175,4802.338742332917,4895.39501953125,410180,0.00974304640030299,0.009695888980929686,2007993129.1113281
2025-02-25,4912.199306593236,4958.11684187762,4863.399522428904,4874.87890625,402917,-0.0041909004685825035,-0.004199706905162958,1964171584.2695312
2025-02-27,4846.253319481467,4884.843583793435,4777.230575049567,4821.8291015625,561804,-0.010882281531031657,-0.010941926668180717,2708922876.5742188
2025-02-28,4796.964802967218,4818.360798359987,4645.486002266903,4663.65771484375,1076243,-0.03280319218851935,-0.033353280130052045,5019228969.996582
2025-03-03,4715.82840286974,4814.5022517800035,4715.82840286974,4793.59521484375,503560,0.027861714547881,0.02748063906219692,2413862806.3867188
2025-03-04,4774.446103540852,4774.446103540852,4678.019100690743,4704.2021484375,638281,-0.018648438676974077,-0.018824513256230427,3002602851.506836
2025-03-05,4697.265808917312,4888.7516863190995,4670.7898600531225,4873.4130859375,551830,0.03597016713157264,0.03533834721762693,2689295543.2128906
2025-03-06,4880.545017522579,4989.477029456256,4880.545017522579,4977.0693359375,648307,0.02126974425769612,0.021046700427656048,3226668889.973633
2025-03-07,4977.069420133139,5013.2172632697175,4956.162384645031,4983.224609375,590548,0.001236726479387107,0.0012359623631316837,2942833326.6171875
2025-03-10,5005.011033157787,5011.849814581192,4856.169744914141,4875.611328125,316750,-0.02159510952958965,-0.021831696185024785,1544349888.1835938
2025-03-11,4835.995512813105,4894.613640241142,4798.919356400654,4870.7265625,228128,-0.0010018775690388004,-0.0010023797838369867,1111149109.25
2025-03-12,4870.18926280526,4923.824752258337,4846.25352821374,4901.89208984375,235018,0.006398537660416981,0.006378153922857151,1152032875.1708984
2025-03-13,4914.640959916006,4931.249427527292,4850.698168798361,4899.7421875,265867,-0.0004385862243284633,-0.00043868243139764046,1302679756.1640625
2025-03-17,4821.340872860564,4960.021780372356,4821.340872860564,4933.9365234375,287729,0.006978803093912855,0.006954563955707228,1419636621.9521484
2025-03-18,4933.9365234375,4933.9365234375,4933.9365234375,4933.9365234375,0,0.0,0.0,0.0
2025-03-19,5012.82677736762,5021.22880422773,4938.186458471299,4983.419921875,417978,0.010029192350254457,0.009979233752558882,2082959892.1054688
2025-03-20,5010.87271176089,5137.8299914605195,4995.534111593074,5108.91162109375,491655,0.025181843229364897,0.024870004884076844,2511821943.0688477
2025-03-21,5128.254964010829,5205.240380907014,5109.888143953346,5183.7470703125,414691,0.014648021881954021,0.014541775881904955,2149653256.334961
2025-03-24,5202.846922231298,5330.341340286163,5190.537020943037,5299.27392578125,316612,0.022286360407199668,0.02204164862706892,1677813716.1894531
2025-03-25,5334.249473173188,5373.1817739843145,5276.803900430151,5306.16162109375,324007,0.0012997432117993757,0.0012988992767777935,1719233508.3657227
2025-03-26,5308.750319197759,5368.443204375075,5265.861487094023,5278.85498046875,384678,-0.0051462135108073515,-0.0051595008735642045,2030659376.1767578
2025-03-27,5206.705972271539,5280.515765937748,5177.9340535559795,5222.63037109375,603145,-0.010650910014203041,-0.01070803695429254,3150003395.17334
2025-03-28,5239.483564324252,5283.789193880549,5199.867671130757,5224.5361328125,286609,0.00036490457553695066,0.00036483801405422754,1497399076.4892578
2025-04-01,5241.974495035074,5397.752353312762,5144.815238896759,5184.96875,562006,-0.007573377196876563,-0.00760220083838366,2913983547.3125
2025-04-02,5238.21315834429,5269.720398250075,5188.924897661976,5232.15576171875,365908,0.009100732134354805,0.009059570020096323,1914487650.4589844
2025-04-03,5143.740345730526,5283.739773443042,5143.740345730526,5255.26123046875,224286,0.004416051394924514,0.004406329251777344,1178681520.336914
2025-04-04,5227.711095045895,5231.765419929125,5109.546534565212,5127.0341796875,261887,-0.0243997482062015,-0.024702354549180763,1342703600.2158203
2025-04-07,4884.8440931777795,5048.388578010261,4884.79543555107,4948.59130859375,519173,-0.03480430690333847,-0.03542440742867812,2569174995.456543
2025-04-08,5046.580408571363,5147.648010020716,4992.1144042899705,5110.865234375,355195,0.03279194333535762,0.03226575972141619,1815353776.9238281
2025-04-09,5149.162691958163,5201.381864868023,5062.994330455718,5137.19482421875,472302,0.005151689319972785,0.0051384647682904015,2426307389.868164
2025-04-11,5168.164806536722,5284.424090464486,5168.164806536722,5227.662109375,500528,0.01761025000059413,0.017456986273700775,2616591260.28125
2025-04-15,5338.157188234762,5429.015280933487,5274.654220219524,5401.66015625,542322,0.03328410353128253,0.03274217994416681,2929439139.2578125
2025-04-16,5421.199547430104,5500.334015503962,5411.429860013578,5486.16796875,734279,0.01564478513188572,0.015523667091459324,4028377929.9257812
2025-04-17,5486.168251262644,5583.865130458844,5447.577983980144,5547.71728515625,564357,0.011218999629038606,0.011156533424050683,3130893083.898926
2025-04-21,5564.325354809585,5722.594287735431,5513.5229812778325,5676.6767578125,551547,0.023245501893418563,0.022979440478850206,3130954035.741211
2025-04-22,5677.165264968556,5770.465778271687,5633.690156675473,5650.787109375,459537,-0.004560705064255988,-0.004571136809089099,2596745755.8808594
2025-04-23,5655.672251333841,5682.5388927074255,5476.398480713741,5607.80078125,582611,-0.007607139906878335,-0.00763622177610215,3267166420.9648438
2025-04-24,5603.89264293536,5641.505939091742,5490.564270100544,5520.36181640625,503663,-0.015592380730803934,-0.015715220481784815,2780401993.536621
2025-04-25,5532.08563812067,5537.458966334297,5390.425167034136,5447.08935546875,457510,-0.013273126540317981,-0.01336200179548309,2492097851.020508
2025-04-28,5451.973865097844,5527.688939830409,5422.664803911044,5492.51806640625,403569,0.008339997377111219,0.008305411761891875,2216610023.541504
2025-04-29,5496.914313379764,5560.4172779882565,5381.14352405505,5450.50830078125,309552,-0.007648543913208683,-0.0076779440332199285,1687215745.5234375
2025-04-30,5475.909969603242,5475.909969603242,5378.701576744094,5438.78515625,509786,-0.002150835093594816,-0.0021531514614075253,2772616529.6640625
2025-05-02,5431.946210075827,5431.946210075827,5252.183961397059,5314.7099609375,634482,-0.02281303485024011,-0.023077278666477026,3372087805.435547
2025-05-05,5343.530511609299,5353.788683356606,5286.37784044573,5334.73779296875,320466,0.0037683772357197665,0.0037612946897846015,1709602081.5615234
2025-05-06,5334.737627316126,5468.093855890185,5315.198253166081,5387.982421875,514699,0.009980739630057744,0.0099312609981294,2773189164.5566406
2025-05-07,5334.737933208391,5442.692981577501,5326.9221831002205,5362.58154296875,349955,-0.004714358161808985,-0.004725505798013431,1876662223.869629
2025-05-08,5337.668805349145,5362.093024280915,5216.524679447563,5248.7646484375,609858,-0.021224272977346748,-0.02145274643111227,3201001110.966797
2025-05-09,5173.0492554169505,5217.501331171714,5139.343835339163,5201.38134765625,412056,-0.009027514844917928,-0.009068509765061357,2143260392.5898438
2025-05-12,5378.213144053584,5413.384020199983,5289.3089849057405,5392.86767578125,327631,0.036814514323446845,0.03615304567244502,1766870629.4838867
2025-05-13,5379.678616371866,5425.596149281968,5268.304174845235,5294.19384765625,416275,-0.01829709795553358,-0.018466560146168216,2203840543.9331055
2025-05-14,5304.940561742633,5351.346579547932,5236.55274602956,5321.060546875,315866,0.0050747479204305,0.005061914785507883,1680742110.6992188
2025-05-15,5373.328266499726,5420.222767734633,5236.552637897915,5340.111328125,1930277,0.003580260191023088,0.003573866316118,10307894074.11914
2025-05-16,5377.236046828206,5456.85900064661,5364.5354529676015,5382.609375,638327,0.007958269830663278,0.007926769814698963,3435864894.515625
2025-05-19,5383.097831960613,5498.380144877374,5382.609347583847,5402.63720703125,654074,0.0037208406993587406,0.0037139354950798775,3533724528.551758
2025-05-20,5422.176864305394,5429.5041303382395,5256.092167560904,5263.41943359375,402780,-0.025768484557192828,-0.026106308058211805,2120000079.4628906
2025-05-21,5285.400796849001,5351.346185719114,5260.9765787489605,5284.423828125,300888,0.003990636656693081,0.003982695186899361,1590019716.796875
2025-05-22,5258.0458203052485,5285.400945345856,5197.473757715334,5262.9306640625,461736,-0.004067267267267249,-0.004075561095227842,2430084553.1015625
2025-05-23,5265.861659975405,5312.267676459418,5252.184097222223,5275.63134765625,282287,0.002413234071365622,0.002410326898210853,1489242146.2358398
2025-05-26,5278.56231179468,5346.95012630988,5276.119889847709,5302.498046875,337099,0.005092603604815116,0.005079680156507007,1787466789.1035156
2025-05-27,5295.170593573152,5319.594812178194,5252.183968828277,5265.373046875,452769,-0.0070014170060618275,-0.007026041933009635,2383997689.060547
2025-05-28,5280.5162681580305,5284.912627678236,5191.612108971651,5203.82421875,380066,-0.01168935753973388,-0.011758215206833688,1977796655.5234375
2025-05-29,5205.777825722355,5272.211698697699,5165.233623832991,5255.11474609375,704795,0.00985631435415213,0.00980805771713446,3703778597.4731445
2025-05-30,5254.137705108336,5278.561922778048,5196.985035761211,5210.66259765625,915804,-0.00845883497987221,-0.008494813961662698,4771945649.583984
2025-06-02,5217.012953798265,5260.976546105554,5194.0541889266815,5237.529296875,475698,0.005156100345248715,0.005142853176173626,2491482211.4648438
2025-06-03,5289.309045551516,5289.309045551516,5174.026727972077,5230.69091796875,479572,-0.0013056497670247413,-0.0013065028703320811,2508492904.9121094
2025-06-04,5217.01272110572,5261.4647957892985,5174.51458377087,5196.98486328125,321913,-0.006443901047892386,-0.006464752603424998,1672976988.293457
2025-06-05,5208.709051475154,5215.059348546258,5162.30303441709,5186.23876953125,459910,-0.002067755445263164,-0.002069896203105393,2385203072.495117
2025-06-06,5168.653263826126,5280.516187691184,5140.321169572094,5269.76953125,538092,0.01610623140019829,0.015977902155196965,2835620826.609375
2025-06-09,5297.124409280224,5318.617721158528,5253.649301162745,5266.83837890625,270949,-0.0005562202153942541,-0.0005563749632435094,1427044591.9262695
2025-06-10,5301.032398085194,5301.032398085194,5246.8106328633485,5253.6494140625,330659,-0.0025041521867410488,-0.0025072928200062547,1737166461.6044922
2025-06-11,5246.322254129589,5309.336739304889,5219.455613163376,5228.73681640625,366787,-0.004741960434125336,-0.004753239198265819,1917832690.6791992
2025-06-12,5227.759537445031,5251.206786351531,5179.8880709275945,5193.0771484375,337217,-0.006819939350716675,-0.006843301416258036,1751193896.7646484
2025-06-13,5158.394802241963,5210.662628363165,5099.28819513294,5196.49658203125,414671,0.0006584600028094467,0.0006582433131375672,2154836434.1674805
2025-06-16,5182.818890432054,5257.556995072591,5182.818890432054,5241.43701171875,294926,0.008648216924244334,0.008611035312239687,1545836052.118164
2025-06-17,5257.068985428174,5266.838673191467,5188.68117108512,5217.990234375,710729,-0.004473349062733778,-0.00448338442762889,3708576981.2871094
2025-06-18,5211.150841151145,5337.179798501819,5185.261171617867,5268.7919921875,774670,0.009735885950462153,0.009688797597379046,4081575092.5878906
2025-06-19,5285.401133690669,5379.678621565188,5280.516289759346,5366.97802734375,923400,0.01863539788661983,0.01846388637310811,4955867510.449219
2025-06-20,5402.637285244627,5414.36091045673,5368.44337837599,5397.75244140625,776879,0.005734030194591844,0.005717653217685667,4193400518.927246
2025-06-23,5368.443435881923,5431.946406461054,5353.3004198207445,5424.619140625,247519,0.004977386330772715,0.004965040094473865,1342696305.0683594
2025-06-24,5460.278669543325,5509.615594362065,5431.946574102861,5499.357421875,579369,0.013777608955121812,0.013683560557641833,3186157210.154297
2025-06-25,5502.287885581061,5522.315744539586,5439.2734025164345,5447.57763671875,449222,-0.009415606439814872,-0.009460213484523292,2447171721.1220703
2025-06-26,5448.065861713947,5493.006421139902,5385.051381649291,5482.259765625,788150,0.006366523107900202,0.006346342408295925,4320843034.277344
2025-06-27,5485.679473122102,5554.067284897444,5466.140098329146,5529.64306640625,413724,0.008643023644803183,0.00860588654706714,2287746048.0058594
2025-06-30,5529.643511958035,5552.602279189663,5483.725977494779,5526.22412109375,340049,-0.0006182940329857445,-0.000618485255566607,1879186986.1538086
2025-07-01,5526.223591335718,5616.5931983716155,5502.77634194262,5583.86474609375,534027,0.010430381348448092,0.010376360236739724,2981934538.762207
2025-07-02,5556.021223019741,5612.685409925868,5556.021223019741,5590.70361328125,299925,0.0012247551648316701,0.0012240057640506869,1676791781.213379
2025-07-03,5578.491702977388,5641.506188939216,5568.722015231368,5584.353515625,335537,-0.00113583156888597,-0.0011364771144293767,1873757225.5722656
2025-07-04,5583.865223792248,5583.865223792248,5490.5647026003735,5499.357421875,185006,-0.015220399910603977,-0.015337419101634032,1017414119.1914062
2025-07-07,5500.3341399032115,5568.721953365596,5495.44929608447,5551.625,227078,0.00950430643352873,0.009459424669064529,1260651901.75
2025-07-08,5573.607040500649,5573.607040500649,5518.408302939162,5548.6943359375,180630,-0.0005278930155585559,-0.0005280324001320808,1002260657.9003906
2025-07-09,5540.389664556355,5586.795679203935,5538.92421146222,5563.8369140625,177978,0.002729034473376135,0.0027253174199066794,990240566.2910156
2025-07-10,5560.906388570971,5573.606982922943,5505.219167181556,5521.82763671875,189074,-0.00755041493714026,-0.007579063617385868,1044034038.5849609
2025-07-11,5502.287706013363,5552.601593950098,5460.278052007934,5483.23681640625,522930,-0.0069887766970270215,-0.0070133125809239616,2867349028.4033203
2025-07-14,5477.375447080729,5486.168166071851,5393.356132276673,5412.8955078125,503684,-0.012828427979489021,-0.012911422821300466,2726388860.9570312
2025-07-15,5461.255453099848,5512.546313795329,5440.250624434079,5462.232421875,715066,0.009114699146010041,0.009073410972294967,3905856688.9804688
2025-07-16,5471.024879476584,5503.753331880596,5412.406755767906,5496.91455078125,226544,0.006349442174477193,0.006329369389034341,1245293009.9921875
2025-07-17,5537.458972967367,5552.1135044766315,5498.380222275996,5519.87353515625,391603,0.0041767038877722484,0.004168005671593512,2161599035.987793
2025-07-18,5533.550960684141,5550.647913687666,5482.260101673562,5497.8916015625,254828,-0.003982325582958857,-0.003990276156350856,1401016721.0429688
2025-07-21,5468.0939678728855,5497.403029698183,5412.895234768576,5429.9921875,190717,-0.012350082355789493,-0.012426978393732644,1035591820.0234375
2025-07-22,5344.018736463312,5411.429576100601,5308.359379263877,5314.22119140625,517944,-0.02132065610706735,-0.02155122443066442,2752468980.7617188
2025-07-23,5306.894090123357,5336.203151740387,5297.124402917681,5316.17529296875,344237,0.00036771174780225735,0.0003676441584059572,1830024234.3256836
2025-07-24,5314.709898976047,5375.281960324671,5308.848086587471,5343.0419921875,284450,0.005053764734636257,0.0050410373285065995,1519828294.6777344
2025-07-25,5353.7886239186455,5353.7886239186455,5248.764485766957,5307.87109375,292877,-0.006582560737670828,-0.006604321336814503,1554553362.3242188
2025-07-28,5307.8711438835935,5330.341424816655,5233.621519930868,5261.95361328125,322292,-0.008650828111258724,-0.008688463734837542,1695885553.9316406
2025-07-29,5265.861824216251,5357.696891280504,5229.713978669683,5344.5078125,217256,0.015688887680496144,0.01556708935064562,1161126389.3125
2025-07-30,5339.134125273673,5428.526764333607,5314.709906951286,5354.765625,266223,0.0019193184592243284,0.0019174789209474646,1425561768.984375
2025-07-31,5324.4797887189125,5383.097914833249,5262.442271914573,5342.5537109375,307018,-0.0022805692942909905,-0.0022831737529631327,1640260155.2246094
2025-08-01,5493.473068833524,5611.239830712679,5418.2606830955765,5470.71142578125,1408773,0.023988100406249657,0.0237049058527734,7706990547.432129
2025-08-04,5470.216532668022,5611.239753998677,5462.7942578611455,5562.74755859375,505407,0.016823430382156612,0.016683483883080313,2811451555.3461914
2025-08-05,5566.706322507316,5631.032706678512,5526.626036985263,5622.1259765625,458305,0.010674296710987408,0.01061772859966657,2576648445.6884766
2025-08-06,5625.589747523791,5653.299574761132,5592.436918507686,5609.2607421875,202535,-0.0022883219672829025,-0.0022909441770664757,1136071624.4189453
2025-08-07,5601.3434175751345,5635.485881869541,5530.089579047677,5622.62060546875,266900,0.002381751160321244,0.0023789192866806117,1500677439.5996094
2025-08-08,5622.620778518453,5652.309878818647,5596.890224924951,5604.3125,373874,-0.003256151669017604,-0.0032614644668486153,2095306731.625
2025-08-11,5618.167122533583,5649.3406762344475,5593.921025210689,5612.72412109375,475811,0.0015009193533996879,0.001499794099749587,2670595876.7817383
2025-08-12,5620.641446137522,5634.991177798582,5584.519707818299,5599.3642578125,429572,-0.0023802814806166417,-0.00238311885397253,2405330102.9570312
2025-08-13,5599.364336166495,5697.833185839271,5589.962787705275,5655.27880859375,427562,0.009985874861281774,0.00993634546951343,2417982317.959961
2025-08-14,5650.825246139833,5725.542812879511,5650.825246139833,5704.265625,415010,0.008662139934075386,0.008624838849988789,2367327277.03125
2025-08-18,5819.063560475516,5962.066057837542,5765.128362508523,5850.73193359375,1288582,0.02567662837295548,0.0253525200454509,7539147856.454102
2025-08-19,5856.6699672620925,5932.87199285844,5830.444594816597,5876.95751953125,843617,0.004482445313708228,0.004472429076050863,4957901271.754395
2025-08-20,5902.193145394736,5907.636147121711,5843.804581414473,5875.9677734375,510626,-0.00016841130643885371,-0.0001684254892153042,3000421920.279297
2025-08-21,5927.923651608264,5930.397743282558,5836.877077994247,5913.0791015625,499089,0.00631578142629774,0.006295920459934874,2951152735.7197266
2025-08-22,5908.13100822063,5911.099918275012,5852.216535529765,5863.1025390625,273421,-0.008451867739566299,-0.008487787308535687,1603095359.3330078
2025-08-25,5883.389988657171,5946.72673538115,5819.063605265629,5928.41845703125,822944,0.011140162999638381,0.011078568410815658,4878756398.703125
2025-08-26,5918.027019869737,6145.64344371088,5898.234287361811,6087.2548828125,1474805,0.026792377584761384,0.026439746520953544,8977513937.44629
2025-08-28,6204.526805231432,6204.526805231432,6057.565766779105,6069.44140625,719052,-0.0029263562813505173,-0.0029306464336134783,4364243982.046875
2025-08-29,6085.275727053421,6110.511461488267,6007.094432137627,6039.75244140625,496302,-0.004891548143652558,-0.00490355092271811,2997541216.1748047
2025-09-01,6021.939301120248,6226.794097395004,6021.939301120248,6214.91845703125,698178,0.029002184663087904,0.028589579943038682,4339119338.493164
2025-09-02,6245.102113767916,6321.798954559774,6217.39228741731,6283.203125,701158,0.01098721864829888,0.010927297671870905,4405518136.71875
2025-09-03,6283.203389161574,6312.892490071143,6242.628284585165,6305.47021484375,536107,0.003543907367112187,0.0035376425243840754,3380406720.4692383
2025-09-04,6620.669241701118,6643.430884834022,6345.055432461393,6358.41552734375,1181698,0.00839672707918937,0.00836167066907115,7513726911.831055
2025-09-05,6382.166975269617,6530.117659531178,6373.7550634554145,6512.30419921875,610721,0.024202361612451595,0.02391412585546039,3977200932.851074
2025-09-08,6502.4078534110195,6777.032034115921,6500.923398380181,6744.3740234375,968116,0.03563559335059785,0.03501533809082677,6529336402.074219
2025-09-09,6711.715931755263,6865.109616423808,6708.747021729421,6803.25732421875,983283,0.008730728838084012,0.008692836417638364,6689527271.529785
2025-09-10,6828.492805449152,6852.738903091688,6732.00323319824,6765.65087890625,740607,-0.005527711729883533,-0.005543046063659893,5010688400.474121
2025-09-11,6734.477277147802,6757.733737987328,6680.047262416997,6687.96435546875,719575,-0.011482490720842398,-0.011548923549929091,4812491951.086426
2025-09-12,6694.891921875001,6827.503232670455,6692.417830255682,6803.751953125,731798,0.01731283115490445,0.01716467168887764,4978972071.792969
2025-09-15,6803.752157096039,6828.9878923696315,6717.1589478239075,6730.51904296875,380686,-0.010763606707121953,-0.010821953379934192,2562214372.3916016
2025-09-16,6752.29097615369,6882.42819781047,6730.024151155381,6855.7080078125,579275,0.018600194731568598,0.018429326644049483,3971340256.225586
2025-09-17,6849.2752262937875,6866.099049274137,6808.205305488818,6819.09130859375,310534,-0.005341052911971067,-0.005355367327192056,2117559700.4228516
2025-09-18,6824.039793811264,6863.130443054327,6797.319603189423,6852.7392578125,224356,0.0049343743463803325,0.004922240221125736,1537453168.9257812
2025-09-19,6875.006073074631,6945.270277938356,6853.234065933758,6901.2314453125,550551,0.007076321697883969,0.007051402024186017,3799479873.448242
2025-09-22,6927.456491933307,6932.8994934626835,6853.23374380545,6874.01611328125,332786,-0.003943547212828968,-0.003951343498569481,2287576326.274414
2025-09-23,6942.301274315924,7048.687216866026,6906.179535682634,6918.05517578125,679055,0.006406598671613972,0.006386163651222336,4697739957.390137
2025-09-24,6877.974748097991,6987.329598409477,6855.707923373932,6938.83740234375,323002,0.0030040562028552653,0.0029995530422645823,2241258358.631836
2025-09-25,6936.858023524728,6971.495305901983,6860.161183975093,6913.6015625,375861,-0.0036368974196204773,-0.0036435270100154894,2598553196.8828125
2025-09-26,6907.6640685974535,7017.513740748502,6893.314336649793,6973.9697265625,679362,0.008731796809052783,0.008693895144583916,4737850021.376953
2025-09-29,6975.949053076906,7000.195152069725,6896.778117590148,6912.6123046875,612976,-0.008798062549841834,-0.00883699401802695,4237265440.078125
2025-09-30,6912.117044824714,6959.619603082511,6879.459036022477,6932.8994140625,363934,0.002934796352059621,0.0029304982445722675,2523117815.357422
2025-10-01,6927.456698288293,6989.803808572888,6877.974864729091,6948.73388671875,313734,0.002283961112162114,0.0022813568376019145,2180054077.2158203
2025-10-03,6927.456432452997,6935.868343835261,6779.010937471861,6869.06787109375,669742,-0.011464824660686324,-0.011531052442806871,4600503254.12207
2025-10-06,6869.068031346521,6883.417762862804,6793.855645468068,6808.7001953125,218200,-0.008788335901482092,-0.008827181082570674,1485658382.6171875
2025-10-07,6808.700319821762,6926.467084074493,6808.700319821762,6884.90234375,286586,0.011191878956568146,0.011129713283040512,1973116623.0859375
2025-10-08,6884.902485017317,6934.384319752241,6818.10200812517,6830.96728515625,476286,-0.007833816066063926,-0.007864661600912173,3253494084.3779297
2025-10-09,6853.233941979174,6885.891952099797,6747.34281825473,6825.029296875,405889,-0.0008692748820732232,-0.0008696529205789873,2770204316.279297
2025-10-10,6824.039588077104,6911.622432474875,6805.23649153973,6892.8193359375,282882,0.009932563819695206,0.009883560128701592,1949854519.3886719
2025-10-13,6926.961860833344,6973.969602584839,6825.029283982736,6840.36865234375,342990,-0.00760946733657808,-0.007638567049352863,2346178044.067383
2025-10-14,6867.583364257103,6870.057455821429,6744.373604353651,6815.62744140625,309415,-0.003616941161354359,-0.0036234981085395738,2108857364.7827148
2025-10-15,6822.060466852112,6868.078572561639,6793.855821417241,6823.544921875,237366,0.0011616656774180445,0.0011609914659333784,1619677563.9257812
2025-10-16,6821.565570973231,6943.7856998017805,6820.575934302554,6915.5810546875,319047,0.013488023287931972,0.013397869659958062,2206395388.754883
2025-10-17,6917.560189114084,7025.430584051629,6915.580915812478,6969.51611328125,402013,0.007799063906161807,0.007768808415111867,2801836081.248535
2025-10-20,6975.948996870433,7030.873832921831,6934.879074417585,6940.81689453125,326177,-0.004117820847750142,-0.004126322418674212,2263934832.2075195
2025-10-21,6964.073415557433,6984.855786131073,6932.405041349981,6945.76513671875,14379,0.0007129192806394347,0.0007126652744058723,99873156.9008789
2025-10-23,7026.420515798624,7026.420515798624,6797.814439862077,6813.15380859375,419750,-0.019092400263284293,-0.019277013723748477,2859821311.1572266
2025-10-24,6822.555125668175,6837.894493879352,6721.61218647204,6769.11474609375,243740,-0.006463829195291537,-0.006484810199846786,1649904028.2128906
2025-10-27,6796.82476878665,6855.708151684554,6767.630486509538,6834.92578125,228141,0.009722251376256708,0.00967529439673959,1559326802.6601562
2025-10-28,6833.4410903750895,6949.228578799983,6833.4410903750895,6929.9306640625,485231,0.013899914330177898,0.013804196481056567,3362617186.053711
2025-10-29,6934.878936521752,6934.878936521752,6817.6069916087545,6879.9541015625,343504,-0.007211697334746803,-0.007237827327494349,2363291753.703125
2025-10-30,6879.954043016947,6916.075781016101,6797.8142004435285,6817.60693359375,412184,-0.009062148823724026,-0.009103459861616918,2810108496.3164062
2025-10-31,6857.192615629348,7025.430852699198,6830.967243380225,6934.38427734375,670785,0.01712878798784656,0.016983744238487107,4651480957.478027
2025-11-03,6957.145528738343,6996.730994051221,6923.9927015388075,6950.712890625,334962,0.00235473152744059,0.002351963491626626,2328224691.2695312
2025-11-04,6976.938529406791,6986.83489611517,6834.925667141561,6858.18212890625,494329,-0.01331241315456344,-0.013401817673030248,3390198313.6000977
2025-11-06,6873.026591223692,6902.715690969799,6723.096637505853,6735.9619140625,435650,-0.01782108036014518,-0.01798178799801287,2934521807.861328
2025-11-07,6735.962067474711,6825.524187081919,6650.853312930845,6814.63818359375,465149,0.011680034794585126,0.011612349721041762,3169822136.460449
2025-11-10,6798.804060446325,6843.832529842293,6730.0243104898445,6795.34033203125,514365,-0.0028318233547540705,-0.00283584055229864,3495285229.885254
2025-11-11,6800.288494188366,6818.596772896433,6684.006183474965,6801.77294921875,409676,0.0009466217839271263,0.0009461740200792854,2786523134.7441406
2025-11-12,6834.925456829379,6853.23373467653,6767.630165283097,6807.71044921875,300606,0.0008729341664781565,0.0008725533810329581,2046438607.2978516
2025-11-13,6803.752206347443,6874.511229293456,6688.459532596246,6783.95947265625,842032,-0.0034888347175848766,-0.0034949348938988845,5712310962.6796875
2025-11-14,6728.539892104066,6779.011363570062,6600.876758395958,6625.61767578125,739163,-0.023340616569603623,-0.023617322905441097,4897411438.083496
2025-11-17,6660.254622261776,6738.435917233347,6605.824606775238,6728.53955078125,789635,0.015533929066902319,0.01541451267356538,5313090328.181152
2025-11-18,6764.166457439101,6782.969553663144,6684.005889326069,6743.87890625,517129,0.002279745159106561,0.002277150482830181,3487455354.9101562
2025-11-19,6729.529358188936,6839.873846929829,6689.9438913760605,6825.029296875,416170,0.012033192136619242,0.011961368881384573,2840372442.4804688
2025-11-20,6834.430996070451,7064.026708652025,6815.133080573293,7051.65625,857232,0.033205271840923256,0.03266588466644895,6044905390.5
2025-11-21,7051.656258041636,7130.332375158232,7015.039700389886,7060.56298828125,654156,0.0012630704001275195,0.0012622733977524952,4618709642.162109
2025-11-24,7077.38670741496,7209.00838567633,7061.057702217121,7183.27783203125,1229296,0.01738031994809419,0.01723100974400689,8830374705.804688
2025-11-25,7183.277850058119,7199.112036956367,7105.591370588592,7143.6923828125,521990,-0.005510777968552594,-0.005526018322053388,3728935986.904297
2025-11-26,7182.782794646889,7197.627344374045,7105.591136065674,7123.8994140625,313545,-0.0027706916380695334,-0.002774537108864482,2233663041.7822266
2025-11-27,7135.2801265136095,7135.774944830288,6908.65333747455,6926.466796875,480102,-0.027714121959354188,-0.028105404553968677,3325410562.1132812
2025-11-28,6926.467144524881,6991.783165604841,6883.912767154604,6980.40234375,449709,0.007786877271877435,0.007756716016533816,3139149757.6054688
2025-12-01,6988.319501701635,7174.866018174163,6952.197762437724,7051.65625,974710,0.010207707627884588,0.010155960826593305,6873319863.4375
2025-12-02,7051.160985212544,7121.425185907294,7018.008158124177,7038.79052734375,448174,-0.001824496572170542,-0.001826162993269671,3154602905.801758
2025-12-03,7016.52372778653,7031.368277281142,6969.021169403773,7008.11181640625,333674,-0.004358520234168273,-0.004368046273183585,2338424702.227539
2025-12-04,7024.441136801276,7093.220885886609,6993.267581460442,7026.42041015625,364672,0.0026124859633573916,0.0026090793537596347,2562338783.8125
2025-12-05,7046.213240713443,7143.1976364423645,6997.226224503427,7133.30126953125,501035,0.015211281582370173,0.01509675002608497,3574033601.57959
2025-12-08,7155.0728873597645,7159.031433908788,7041.264674075343,7067.98486328125,273509,-0.009156546707060897,-0.00919872555334121,1933157471.9711914
2025-12-09,7067.985225979002,7121.425607133142,6978.917924055437,7049.18212890625,436443,-0.0026602680592430206,-0.002663812860459854,3076566195.8862305
2025-12-10,7055.614352550614,7218.409578161747,7055.614352550614,7153.58837890625,626505,0.014811115401865749,0.014702501976130341,4481758887.32666
2025-12-11,7174.865890889867,7252.5523698463985,7145.671608989004,7180.8037109375,502052,0.0038044308100673163,0.0037972122656821563,3605136864.6835938
2025-12-12,7160.02131612094,7199.11196463328,7113.508392574613,7154.08349609375,324682,-0.003721061864293995,-0.0037280022373807845,2322802137.678711
2025-12-15,7125.383741135996,7135.7749257584865,7020.97707659574,7047.697265625,391821,-0.014870700143049587,-0.01498237753475005,2761435790.314453
2025-12-16,7046.213081055725,7047.697536058757,6962.588782551623,6988.3193359375,505906,-0.008425153273412422,-0.008460845493591726,3535432681.966797
2025-12-17,7030.379069135889,7102.127729399453,7007.122606843562,7060.56298828125,594264,0.010337772055182937,0.010284702722072337,4195838403.6679688
2025-12-18,7061.057672567038,7069.964402637551,6940.816816615126,7032.85302734375,327756,-0.003924610683806895,-0.003932332177508873,2305059776.830078
2025-12-19,7001.679597516064,7166.94892511821,7001.679597516064,7142.2080078125,423435,0.015549163340052408,0.015429513805924099,3024260847.788086
2025-12-22,7162.989986735411,7234.243824680278,7138.249070782332,7215.935546875,233966,0.010322793592941082,0.010269877409502014,1688283576.1601562
2025-12-23,7261.953688766603,7261.953688766603,7204.554763453375,7227.31640625,249187,0.0015771841781386797,0.0015759417293815861,1800953293.3242188
2025-12-24,7224.34780315171,7273.33481907719,7165.464420372597,7236.71826171875,205296,0.0013008778003160693,0.0013000323918929983,1485669312.2578125
2025-12-26,7224.34784052217,7283.726041951119,7198.617286569625,7248.09912109375,157706,0.0015726547536336621,0.0015714194271383944,1143068719.991211
2025-12-29,7248.098800944547,7298.07545160644,7157.547047765079,7196.6376953125,282572,-0.007099989241521887,-0.007125314107179169,2033568306.8398438
2025-12-30,7196.638031152242,7236.22349887035,7058.583712485336,7117.9619140625,1976062,-0.01093229707829324,-0.010992493765411754,14065534055.826172
2025-12-31,7114.498131076389,7246.614628572383,7066.0059334935895,7236.71826171875,357381,0.016684038084220587,0.016546388445452562,2586265609.0913086
2026-01-01,7241.171361533858,7286.694647392892,7196.1428939993775,7271.85009765625,155326,0.00485466404341639,0.004842918161463594,1129507388.2685547
2026-01-02,7271.850329564047,7305.992795047166,7222.368495530541,7258.490234375,227469,-0.001837202789088832,-0.0018388925160308144,1651081515.1230469
2026-01-05,7267.891861217841,7436.6249170917035,7252.057674156365,7404.95654296875,426798,0.02017861895027573,0.019977728582971956,3160420642.6259766
2026-01-06,7436.130080331921,7490.560098220962,7406.9357980096165,7444.5419921875,396099,0.005345804393185549,0.005331566301043311,2948775638.5634766
2026-01-07,7445.036541017557,7518.269653344461,7412.37853146637,7503.919921875,380761,0.00797603529536306,0.007944394857990372,2857200053.373047
2026-01-08,7511.342412609877,7522.2284161064135,7460.87094185321,7472.74658203125,459727,-0.004154274055200857,-0.0041629270245157005,3435423367.9174805
2026-01-09,7503.425388517592,7534.598944273105,7408.420266215074,7429.20263671875,474627,-0.005827033585911301,-0.005844076986679563,3526100159.85791
2026-01-12,7399.513090153161,7429.202189083828,7246.119412344717,7358.93798828125,315579,-0.00945789903350025,-0.009502908985096975,2322326291.4038086
2026-01-13,7410.399501114262,7436.624873280332,7271.850365142575,7327.27001953125,262636,-0.004303334095277056,-0.004312620087505048,1924404888.8496094
2026-01-14,7313.41495531543,7313.41495531543,7161.010908885311,7281.74658203125,426082,-0.006212878381532949,-0.006232258623513727,3102621147.165039
2026-01-15,7281.74658203125,7281.74658203125,7281.74658203125,7281.74658203125,0,0.0,0.0,0.0
2026-01-16,7254.036933153196,7340.135325129229,7222.863377437735,7239.1923828125,441023,-0.005843954982415744,-0.005861097707503495,3192650342.245117
2026-01-19,7224.347542638851,7296.59101806524,7193.17398817404,7247.60400390625,211682,0.0011619557333109043,0.001161281185227261,1534187310.7548828
2026-01-20,7259.9746511683625,7298.5704815112695,7056.109496023777,7099.15869140625,302200,-0.02048198444892857,-0.020694649167325115,2145365756.5429688
2026-01-21,7026.915210713191,7144.1871566986165,6932.404908252363,7066.005859375,480751,-0.00466996632592287,-0.004680904686468331,3396989382.9003906
2026-01-22,7100.642948093812,7249.088445266505,6953.187087568937,6975.94873046875,366499,-0.012745125138378444,-0.012827041008757839,2556678233.7680664
2026-01-23,7015.039360664572,7021.47199885944,6877.9746852816215,6900.736328125,365996,-0.010781673611683251,-0.010840217032250393,2525641893.1484375
2026-01-27,6947.24945368658,7100.643138205301,6838.884237849161,7090.251953125,498369,0.027463101905169207,0.02709275618887337,3533561775.626953
2026-01-28,7050.1714452075375,7050.1714452075375,6780.000641650315,6997.720703125,856378,-0.01305048827767219,-0.013136394127213203,5992694060.300781
2026-01-29,6998.2156436552295,7034.832200088128,6905.6846159126335,6983.37109375,632904,-0.002050611904043542,-0.0020527172873424622,4419803498.71875
2026-01-30,6907.663789652071,7076.891656132086,6907.663789652071,7048.68701171875,454539,0.009353064170856795,0.009309595101946974,3203903145.619629
2026-02-02,6734.477515296753,6924.487755258102,6668.1718586435745,6913.10693359375,490854,-0.019234799034145267,-0.01942219468467131,3393326190.7822266
2026-02-03,7125.383965696466,7183.277710417749,6979.90737639683,7140.228515625,689971,0.032853763758169174,0.03232561550657597,4926550609.154297
2026-02-04,7140.228277103552,7252.057216162831,7096.189447120029,7202.08056640625,260280,0.008662474967838785,0.008625171006510276,1874557529.8242188
2026-02-05,7214.451397272046,7233.749312532238,7102.127634090924,7134.78564453125,254212,-0.009343816867155574,-0.00938774417056391,1813748128.2675781
2026-02-06,7134.785560889063,7134.785560889063,7036.81153071665,7103.1171875,251800,-0.004438599645319896,-0.004448479474636116,1788564907.8125
2026-02-09,7042.254548741401,7144.681944159435,6990.298623529354,7120.9306640625,314215,0.002507839317904992,0.0025046999364967512,2237503228.6083984
2026-02-10,7204.554973401521,7249.088623649195,7126.373676300049,7220.38916015625,467662,0.013967064248454397,0.013870423624168399,3376701635.416992
2026-02-11,7427.222963067314,7724.113954262543,7423.2644165180445,7690.46630859375,2286430,0.06510412915573749,0.06307256823698917,17583712881.958008
2026-02-12,7698.878486234686,7885.424998819715,7679.580571139682,7860.68408203125,1107781,0.02213360888757676,0.02189221600343842,8707916473.07666
2026-02-13,7818.129389385074,8034.859811698408,7804.76929485891,7981.41943359375,967939,0.0153593949715507,0.015242633536719102,7725527145.133301
2026-02-16,7994.779667116597,8000.717487009238,7885.919635751514,7927.484375,589984,-0.006757577275883775,-0.00678051308660977,4677088941.5
2026-02-17,7898.290089744089,7968.05947344625,7842.870437441661,7951.73046875,266572,0.003058485214611384,0.00305381756358007,2119708694.515625
2026-02-18,7940.844360115331,7960.142274499959,7862.663065941713,7926.49462890625,223326,-0.0031736286765410293,-0.003178675316298389,1770192339.4951172
2026-02-19,7952.720139224151,8055.642351080711,7802.29536804918,7815.16064453125,424777,-0.014045803294811865,-0.014145379104359476,3319700493.102051
2026-02-20,7812.686724527057,7895.321386823341,7803.779994459194,7854.25146484375,264059,0.005001921533097864,0.00498945348244296,2073985787.5551758
2026-02-23,7907.196957658845,7973.997432582747,7855.241032718033,7955.1943359375,247249,0.012852003980974969,0.012770117832244628,1966913844.366211
2026-02-24,7907.196938010389,7975.97668609446,7820.108911659337,7846.8291015625,430812,-0.01362194684364415,-0.01371557681549827,3380508138.9023438
2026-02-25,7847.818595588981,7998.243365643146,7691.456005664258,7925.01025390625,618719,0.009963407044022654,0.009914099547339728,4903354419.286621
2026-02-26,7956.678528502747,8139.761305588942,7941.3391606928235,8105.1240234375,427401,0.02272726012467574,0.022472843529519244,3464138112.741211
2026-02-27,8134.813252918045,8144.709619405779,7904.227913753823,7927.484375,774354,-0.02191695622717449,-0.022160700718970444,6138679235.71875
2026-03-02,7719.165931270764,7913.6295345393155,7635.541633681997,7744.896484375,494148,-0.023032261179953495,-0.023301648139567074,3827125107.9609375
2026-03-04,7620.2021605380905,7625.150343759219,7493.0338517550845,7547.4638671875,593728,-0.025491963331700007,-0.025822513102596346,4481140626.9375
2026-03-05,7625.15049105164,7720.650429064162,7536.083191350842,7674.63232421875,568151,0.01684916407273085,0.016708791487309013,4360350029.637207
2026-03-06,7652.860494385006,7654.839767757407,7524.207725179,7541.5263671875,366235,-0.017343626561914793,-0.017495789187517027,2761970909.086914
2026-03-09,7439.099004701908,7439.099004701908,7162.0007312794605,7190.7001953125,554984,-0.046519252840036884,-0.047636045902244135,3990723557.1953125
2026-03-10,7303.518351315265,7488.085583364086,7262.44843104703,7458.396484375,494730,0.03722812546641929,0.03655189103899677,3689892492.7148438
2026-03-11,7495.508142755437,7495.508142755437,7152.104218074141,7178.32958984375,621563,-0.03755055059327794,-0.03827373429633849,4461784074.852051
2026-03-12,7100.642960812061,7152.598884915564,6888.860717799687,6903.21044921875,1259945,-0.03832634559079762,-0.03908012245104676,8697665489.440918
2026-03-13,6793.855568999406,6870.552408999036,6600.8764231938885,6671.140625,819255,-0.03361766614619344,-0.034195732335182596,5465365312.734375
2026-03-16,6631.555106016569,6790.391786290506,6574.650999376373,6756.744140625,866087,0.012831915925172188,0.012750284475612791,5851928262.521484
2026-03-17,6756.744137621823,6902.22072322862,6699.840031006919,6838.38916015625,555865,0.012083485452758058,0.012011062969384544,3801221190.510254
2026-03-18,6911.622193503202,6994.751670057364,6898.75691736982,6954.67138671875,557181,0.01700433008990143,0.016861374766209847,3875010757.92334
2026-03-19,6857.192640933797,6871.54237297212,6680.04767301243,6722.60205078125,629473,-0.033368842758074835,-0.033938286238050744,4231696480.711426
2026-03-20,6732.003594687127,6856.202999484369,6732.003594687127,6837.39990234375,575123,0.017076401473021807,0.01693223860364973,3932345944.0356445
2026-03-23,6719.632901510935,6760.702822779374,6591.969772748798,6612.25732421875,380052,-0.03292809859605039,-0.03348243117003896,2513001620.5839844
2026-03-24,6729.529254520812,6894.303757591065,6683.016331732212,6799.79345703125,723633,0.02836189271182943,0.027967140794837128,4920554938.691895
2026-03-25,6915.580814823918,6999.699928913791,6832.451337370397,6920.0341796875,490390,0.017682996316883193,0.01752847112380939,3393515561.376953
2026-03-27,6843.337551268994,6844.822006269269,6672.130407903912,6740.91015625,533428,-0.025884846633169256,-0.026225755051888625,3595790222.828125
2026-03-30,6660.749568287015,6713.695129820832,6503.397338681839,6517.7470703125,1015357,-0.03310577960019079,-0.03366617896441563,6617840112.071289
2026-04-01,6717.158943004691,6820.081157380011,6680.047567628974,6754.76513671875,736957,0.036365029794702686,0.03571942713992355,4977971450.86084
2026-04-02,6695.881536264475,6695.881536264475,6516.757303621278,6580.5888671875,660432,-0.02578568847411611,-0.026123967175735736,4346031466.734375
2026-04-06,6629.576132936865,6640.956954780241,6504.387092659732,6527.6435546875,971230,-0.008045680039973191,-0.00807822118491797,6339843249.619141
2026-04-07,6482.120087545417,6591.474937877289,6375.239328850012,6537.044921875,1150553,0.0014402390554473232,0.0014392029059282626,7521216645.998047
2026-04-08,6827.998231101715,7095.694951373186,6780.495670757794,7057.09912109375,917337,0.07955493735074182,0.07654886115602073,6473738136.446777
2026-04-09,7072.933404312587,7106.086233337979,6964.073368706825,7073.42822265625,648216,0.002313854642298052,0.0023111818028924242,4585109348.777344
2026-04-10,7126.373526737608,7358.4433214911105,7126.373526737608,7347.0625,705365,0.038684817139629235,0.037955313969124466,5182360740.3125
2026-04-13,7075.90214289672,7195.153360829455,6964.073199939051,6976.9384765625,1246861,-0.05037714371389923,-0.05169036659333754,8699272485.825195
2026-04-15,7085.798254901445,7124.888901698737,7001.679141540185,7054.1298828125,913138,0.011063793454580084,0.011003037409255843,6441394052.931641
2026-04-16,7085.798584634869,7123.899596577389,6978.9178238610475,7057.09912109375,573155,0.0004209219748680937,0.00042083341206477874,4044811646.7504883
2026-04-17,7056.604113590403,7125.3838605779265,6988.814003250183,7114.99267578125,582841,0.008203590978969721,0.008170124432486069,4146909446.1450195
2026-04-20,7086.293450424656,7188.720846852133,7041.264981463784,7167.9384765625,695282,0.00744144136106728,0.007413890430966693,4983738599.861328
2026-04-21,7167.938447159748,7220.389191008908,7140.228620220569,7165.46435546875,353002,-0.00034516494551950494,-0.0003452245286503792,2529423248.4091797
2026-04-22,7140.228691892505,7191.68979958182,7062.542212015365,7155.0732421875,497850,-0.0014501660696029095,-0.001451218578082075,3562153213.623047
2026-04-23,7120.930623375265,7120.930623375265,6988.814128590941,7018.998046875,481927,-0.019018001731998746,-0.01920116997454172,3382644671.736328
2026-04-24,6981.391978613261,7085.79864864568,6975.948976858016,7037.80126953125,413746,0.0026789041015080617,0.0026753222334767904,2911862124.0634766
2026-04-27,7075.902040735206,7139.238786274655,7028.399481580621,7099.6533203125,335662,0.008788547504037458,0.008750153010988693,2383083832.8027344
2026-04-28,7095.695033817525,7178.824515385261,6979.907541633891,6998.2158203125,560194,-0.014287669471096831,-0.014390720975469371,3920358513.2441406
2026-04-29,7032.358015731493,7218.40970542436,7025.430559200375,7114.99267578125,522596,0.016686661067211173,0.01654896838131146,3718266712.392578
2026-04-30,7046.213151902518,7071.943705547106,6905.684743535923,7035.3271484375,538501,-0.011196853036113952,-0.011260009674667159,3788530704.760742
2026-05-01,7035.3271484375,7035.3271484375,7035.3271484375,7035.3271484375,0,0.0,0.0,0.0
2026-05-04,7035.326815987856,7272.344789321531,6996.730987344795,7253.046875,684364,0.030946638581100583,0.030477446742039845,4963724171.5625
2026-05-05,7249.0884926256595,7268.881225711327,7138.744005673064,7225.83203125,482491,-0.0037521946595719946,-0.0037592518006626494,3486398922.5898438
2026-05-06,7293.622150529418,7315.394156948909,7101.137821048011,7234.73876953125,403588,0.00123262459502671,0.0012318655370222586,2919853750.517578
2026-05-07,7284.220509211873,7394.070176560901,7234.738677072672,7251.5625,606372,0.002325409528206146,0.0023227099477459603,4397144456.25
2026-05-08,7223.85286733594,7293.622252519471,7153.093845483139,7226.82177734375,259522,-0.003411778172807578,-0.0034176115598854827,1875519241.2998047
2026-05-11,7193.668746813714,7193.668746813714,7084.808716252494,7127.85791015625,320656,-0.013693968142089008,-0.01378859539868042,2285590406.0390625
2026-05-12,7128.847720488517,7200.101560410107,7031.368508929119,7052.15087890625,364492,-0.010621287938712642,-0.010678096428403162,2570452578.154297
2026-05-13,7051.1611799491675,7082.829552967887,6791.8763758584055,6899.251953125,668271,-0.021681176198113827,-0.0219196663649249,4610570001.966797
2026-05-14,6927.456844656313,7028.399787249876,6771.589065651546,6961.1044921875,447978,0.008965108026600443,0.008925160026864658,3118421668.201172
2026-05-15,6957.145520133518,7041.759452135142,6902.715505395631,6941.80615234375,313548,-0.002772310035772163,-0.0027761600044235125,2176589435.455078
2026-05-18,6897.767689441541,6902.221054520807,6742.394730009357,6841.3583984375,316357,-0.01446997390907201,-0.014575684978381248,2164311618.854492
2026-05-19,6864.119877747004,6901.726070848847,6788.907491543317,6811.17431640625,406588,-0.0044120012829825805,-0.004421762883353414,2769341742.9589844
2026-05-20,6742.394376200475,6833.440946376674,6682.521359943301,6778.51611328125,455047,-0.004794797726191735,-0.004806329645723643,3084543421.800293
2026-05-21,6830.472049936748,6873.521243528786,6791.876221199058,6820.57568359375,491206,0.006204834451907892,0.006185663726536068,3350307699.2353516
2026-05-22,6853.233965435436,6968.031819585691,6836.904960319236,6909.1484375,512596,0.012986111145911527,0.012902514556475533,3541601852.46875
2026-05-25,7162.000331140832,7354.9794750640685,7140.228325159749,7337.166015625,1354536,0.06194939680292544,0.06010627272303546,9938455506.140625
2026-05-26,7338.155888621564,7363.88644197344,7278.777688578773,7299.56005859375,388413,-0.0051254063150766305,-0.005138586264375529,2835244021.038574
2026-05-27,7298.570245500362,7352.0106242470765,7239.192046892901,7342.1142578125,283327,0.005829693690738491,0.005812766780415852,2080219206.3232422
2026-05-28,7342.1142578125,7342.1142578125,7342.1142578125,7342.1142578125,0,0.0,0.0,0.0
2026-05-29,7273.829206743329,7363.391321465816,7057.593603794566,7102.6220703125,1464680,-0.03261896765569461,-0.03316282562410488,10403068493.945312
2026-06-01,7102.622242849315,7165.464170175625,6996.236302887451,7026.9150390625,600629,-0.010659025709172876,-0.010716240053015682,4220568952.9970703
2026-06-02,6995.74157625105,7090.746695973798,6877.974813261395,7067.490234375,452665,0.005774254432698189,0.005757647324017832,3199205466.9433594
2026-06-03,7065.51092325561,7103.611934607293,6971.990259028752,7056.109375,413545,-0.0016103112982944756,-0.0016116092431171358,2918018751.484375
2026-06-04,7031.368223123242,7081.839691016175,6957.640294534546,7036.31640625,429763,-0.0028050824750714964,-0.0028090240916828733,3023948447.6992188
2026-06-05,7066.005520962252,7075.90188723811,6956.155855300234,6996.73095703125,422329,-0.005625876798773355,-0.005641761649140337,2954922388.352051
2026-06-08,6912.612093445257,7020.482489749556,6883.912630208333,6976.9384765625,402793,-0.0028288182853251076,-0.00283282695341802,2810261979.790039
2026-06-09,7063.531824610026,7223.358148907682,6976.938614851234,7128.35302734375,547103,0.02170214791056191,0.021470008903881566,3899943326.3188477
2026-06-10,7096.684264134895,7192.679017115105,7081.344896390635,7144.681640625,480600,0.002290657213330327,0.0022880376576691983,3433733996.484375
2026-06-11,7056.109178177668,7152.103931373072,7004.648073371884,7105.09619140625,425248,-0.005540547670265017,-0.005555953435109242,3021427945.203125
2026-06-12,7206.534045196467,7278.282701922194,7137.259480081972,7236.22314453125,300260,0.018455338195646265,0.018287105154428784,2172748361.376953
2026-06-15,7286.694871577132,7565.277596872387,7204.555027173913,7545.48486328125,784420,0.042738001934576,0.041849947852337414,5918829236.455078
2026-06-16,7574.67897669735,7586.554616587651,7462.3552160682475,7482.14794921875,453796,-0.008394015124292165,-0.0084294432647817,3395368810.763672
2026-06-17,7482.147928345361,7499.961388131118,7375.267169630818,7431.181640625,404085,-0.006811721572422491,-0.006835027242598935,3002829033.251953
2026-06-18,7442.067460284831,7588.533681577671,7442.067460284831,7522.22802734375,485856,0.01225193934447999,0.012177491803309268,3654719620.453125
2026-06-19,7471.756676320662,7578.637434074653,7423.264480673019,7532.12451171875,682982,0.0013156320626050988,0.0013147673770652782,5144305463.262695
2026-06-22,7570.720286269144,7640.489669299467,7536.0830039136645,7560.3291015625,375714,0.0037445729687379803,0.003737579508290527,2840521488.064453
2026-06-23,7550.927904480899,7596.4511919784245,7479.179244838059,7499.466796875,365865,-0.00805021896135727,-0.008082796931680934,2743792419.638672
2026-06-24,7442.067702142763,7566.761921620155,7410.399328942155,7493.52880859375,324328,-0.0007917880620158524,-0.0007921016917465404,2430361211.4335938
2026-06-25,7541.031283674569,7673.642594962284,7503.425090921336,7519.25927734375,673579,0.003433691843619968,0.003427810183807521,5064815144.773926
2026-06-26,7519.25927734375,7519.25927734375,7519.25927734375,7519.25927734375,0,0.0,0.0,0.0
2026-06-29,7472.746577297039,7527.671413085674,7298.570521462808,7349.0419921875,2326377,-0.022637507083860142,-0.022897669226431924,17096642262.65918
2026-06-30,7315.394096363187,7315.888914686804,6870.552423430929,7000.19482421875,2474671,-0.04746838681008991,-0.04863198283135395,17323179125.84424
2026-07-01,7000.194912073809,7085.798483134017,6980.402178880697,7065.01611328125,590493,0.009259926429223908,0.0092173161538448,4171842559.779785
2026-07-02,7080.8502407731685,7194.658455684267,7068.974600956358,7174.86572265625,828736,0.01554838766305111,0.01542875000509049,5946069519.53125
2026-07-03,7303.518762454016,7303.518762454016,7195.15354504362,7263.4384765625,317988,0.012344865720143261,0.012269289217486816,2309686274.2851562
2026-07-06,7263.9330915813425,7420.295684015928,7209.008256897042,7394.0703125,300086,0.017984847859456643,0.017825033793057516,2218856983.796875
2026-07-07,7421.285299118917,7524.207511561691,7403.966657602104,7457.90185546875,592213,0.008632801727735728,0.008595752169865,4416666431.532715
2026-07-08,7338.155900564782,7514.3112276450975,7268.38651540095,7341.61962890625,905003,-0.015591815072925952,-0.015714645864416572,6644187789.019043
2026-07-09,7341.12462070477,7372.2981749717155,7245.624684617143,7284.71533203125,625976,-0.007750918700684228,-0.007781113195615891,4560056964.683594
2026-07-10,7322.816592334511,7377.74142791456,7258.985026660402,7289.1689453125,497082,0.0006113640792066999,0.0006111772723221626,3623314677.673828
2026-07-13,7249.088433479451,7263.438164849478,7184.762051475879,7220.8837890625,787762,-0.009368030397198135,-0.00941218638005306,5688337855.439453
2026-07-14,7181.793233768094,7237.212886667504,7066.005744674686,7204.06005859375,458624,-0.0023298713786576997,-0.0023325897521060458,3303954840.3125
2026-07-15,7209.503067576094,7351.02110994581,7209.503067576094,7327.7646484375,758954,0.017171510070377982,0.01702574598481579,5561436290.990234
2026-07-16,7333.20771721983,7373.782820648442,7290.158522118742,7341.61962890625,618180,0.001890751290941628,0.001888966070637058,4538442422.197266
2026-07-17,7372.792940990242,7496.497520537057,7372.792940990242,7485.11669921875,489811,0.019545696667191415,0.019357132653853644,3666292495.561035
2026-07-20,7490.55970071881,7503.424976991679,7400.502766808728,7485.11669921875,266324,0.0,0.0,1993466219.8027344
2026-07-21,7511.342188287397,7630.09858652119,7486.60127198869,7609.81103515625,451075,0.01665897018686624,0.016521731614555217,3432595512.6831055
2026-07-22,7611.7906096836305,7659.787989202536,7506.889120425818,7552.9072265625,409800,-0.0074776900938620106,-0.0075057881785797935,3095181381.4453125
2026-07-23,7545.48473589116,7708.279966929798,7529.155730954154,7641.4794921875,431136,0.011726910309914018,0.011658682976396736,3294516902.34375
2026-07-24,7630.098446154382,7630.098446154382,7496.49750059915,7548.9482421875,409577,-0.012109075224843835,-0.012182987353946156,3091875574.1904297
2026-07-27,7600.409453632795,7765.678773783404,7568.741080909325,7688.98193359375,367549,0.01855009292866372,0.01838013851765698,2826077620.710449
2026-07-28,7688.982130002951,7807.243712413061,7662.261939834976,7754.79296875,449880,0.0085591351006713,0.008522713381882334,3488726260.78125
2026-07-29,7809.223098019306,7832.974378510051,7670.673961823298,7698.3837890625,522935,-0.007274105177896506,-0.007300690482287431,4025754326.7333984
2026-07-30,7787.945624012638,7847.818641390205,7649.891311216429,7830.5,1496307,0.017161551639605754,0.01701595562063232,11716831963.5
2026-07-31,7899.0,7899.0,7794.0,7833.5,720608,0.0003831172977459829,0.0003830439270531897,5644882768.0
2026-08-03,7900.0,8056.0,7852.0,8050.0,1009396,0.027637709835961033,0.02726268257906738,8125637800.0
2026-08-04,8024.0,8024.0,7867.5,7935.0,599769,-0.014285714285714235,-0.014388737452099556,4759167015.0
2026-08-05,7960.0,8019.0,7905.5,7986.5,424429,0.006490233144297308,0.006469262269501758,3389702208.5
2026-08-06,7986.5,8044.0,7896.5,7967.5,377530,-0.0023790145871157575,-0.0023818489385198354,3007970275.0
2026-08-07,7940.0,8067.5,7920.0,8020.0,339416,0.006589268904926282,0.006567654569068722,2722116320.0
2026-08-10,8000.0,8024.0,7938.0,7975.0,372667,-0.005610972568578565,-0.005626773207514871,2972019325.0
2026-08-11,7955.0,8110.0,7955.0,8000.0,600951,0.0031347962382444194,0.0031298930089275656,4807608000.0
2026-08-12,8000.5,8049.0,7940.0,8049.0,317282,0.006124999999999936,0.006106318431760786,2553802818.0
2026-08-13,8050.0,8100.0,8011.0,8100.0,238460,0.006336190831159216,0.006316201566796369,1931526000.0
2026-08-14,8100.0,8143.0,8030.0,8066.5,297145,-0.0041358024691358075,-0.004144378554331502,2396920142.5
2026-08-17,8058.0,8165.0,8050.0,8050.0,397488,-0.0020454968077853186,-0.0020475916935896155,3199778400.0
2026-08-18,8040.0,8107.0,8016.5,8018.5,262500,-0.003913043478260825,-0.003920719463745492,2104856250.0
2026-08-19,8016.5,8060.0,7947.5,7990.5,344004,-0.0034919249236141647,-0.0034980359237000162,2748763962.0
2026-08-20,8047.0,8097.5,7983.0,8042.0,323672,0.006445153619923705,0.0064244724320558525,2602970224.0
2026-08-21,8095.0,8112.5,7980.0,8010.0,316029,-0.003979109674210446,-0.003987047394814476,2531392290.0
2026-08-24,8010.0,8075.0,7970.0,8047.0,207499,0.004619225967540608,0.0046085900837279665,1669744453.0
2026-08-25,8008.5,8070.0,7984.0,8055.0,244623,0.0009941593140301297,0.0009936654649419716,1970438265.0
2026-08-26,8048.0,8112.0,8031.5,8035.0,198320,-0.0024829298572315306,-0.00248601743946179,1593501200.0
2026-08-27,8015.0,8105.5,7987.0,8100.0,369462,0.008089607965152457,0.008057062488917171,2992642200.0
2026-08-28,8140.0,8140.0,8003.0,8059.0,337007,-0.005061728395061693,-0.005074582336018779,2715939413.0
2026-08-31,8000.0,8030.0,7941.5,7953.5,742794,-0.013090954212681472,-0.013177395986096145,5907812079.0
2026-09-01,7975.0,8052.0,7860.0,7970.0,760133,0.002074558370528612,0.0020724094458454668,6058260010.0
2026-09-02,7860.0,7893.0,7507.5,7711.5,1117588,-0.03243412797992473,-0.0329717716205917,8618279862.0
2026-09-03,7715.0,7738.5,7597.0,7690.0,437245,-0.0027880438306425726,-0.0027919376639794053,3362414050.0
2026-09-04,7665.0,7665.5,7590.0,7630.5,492954,-0.007737321196358948,-0.007767409568760299,3761485497.0
2026-09-08,7700.0,7747.5,7655.0,7747.5,461637,0.015333202280322311,0.015216836730973824,3576532657.5
2026-09-09,7687.0,7784.5,7664.5,7734.5,318638,-0.001677960632462061,-0.001679369985183678,2464505611.0
2026-09-10,7713.0,7746.0,7637.5,7697.0,289058,-0.004848406490400192,-0.00486019814240222,2224879426.0
2026-09-11,7600.0,7633.0,7530.0,7530.0,444280,-0.021696764973366256,-0.021935600740378168,3345428400.0
