Date,open,high,low,close,volume,returns,log_returns,dollar_vol
2018-01-02,336.6979663302503,343.6477038154151,336.67874938626846,342.802978515625,1906518,0.01604639690089127,0.015919014354653822,653560048.9936523
2018-01-03,342.8798129465955,348.5624748122898,342.8798129465955,344.5308532714844,2583906,0.005040430988497491,0.005027770541141777,890235338.9533081
2018-01-04,344.03171777988115,345.35639816598217,339.0593796717836,342.918212890625,1193460,-0.00468068495331142,-0.004691673662325924,409259170.3564453
2018-01-05,341.05590102926004,346.7193680038523,338.77131135923,345.586669921875,1492292,0.0077816136062189845,0.007751493008055281,515716222.8310547
2018-01-08,345.62508247058,346.8729650318904,343.68604620400066,345.75946044921875,2353168,0.0004999918757944144,0.0004998669215055021,813630098.0263672
2018-01-09,345.759484980305,346.661790752998,339.808044650272,343.20611572265625,2504270,-0.007384742917070586,-0.007412145119876993,859480779.4207764
2018-01-10,342.4957908832927,352.4788520525367,342.150214007162,351.6533203125,3400572,0.024612628396954106,0.02431461764411556,1195822434.7617188
2018-01-11,352.8628028043287,355.1281990517281,349.42632141966493,352.0564880371094,4243446,0.0011464920173400728,0.0011458352972687792,1493932695.9351196
2018-01-12,352.67089488980383,356.318552485289,350.271120155932,355.5122375488281,1980698,0.009815894974656736,0.009768032034437938,704162377.8884888
2018-01-15,355.1667266669495,357.50889786868544,347.6794281047814,349.1192932128906,2536486,-0.017982346768188107,-0.01814599397477976,885536199.5643921
2018-01-16,350.98144085076973,366.6855759378292,349.40719801405714,364.477783203125,8963404,0.04399209751169164,0.043051919998553116,3266961619.8740234
2018-01-17,364.76581933798263,369.98772064069954,362.19325571453817,365.860107421875,5498922,0.003792615853295045,0.0037854420184684095,2011836193.6245117
2018-01-18,365.91768904684227,368.47105900035626,361.1181390855773,366.39764404296875,1869500,0.0014692408660830214,0.0014681625877595768,684980395.5383301
2018-01-19,367.4533968583868,371.29303527905955,363.28739854607403,367.9525451660156,4748438,0.004243753059898214,0.004234773734942931,1747199847.663025
2018-01-22,368.60535659223285,374.32642827179376,362.8458978954792,371.04351806640625,4431318,0.008400466149774966,0.00836537859825526,1644211820.3909912
2018-01-23,372.42585706371835,383.9639696650943,371.8882981320669,382.17852783203125,5015202,0.030009983259247086,0.029568494679278485,1916702517.1402588
2018-01-24,381.66020207613616,399.5913014737252,380.89227410415197,391.0481262207031,9269776,0.023207997683663883,0.02294278759642055,3624928535.2856445
2018-01-25,391.18246485264535,391.64322627650114,380.14350136691064,387.63079833984375,5307454,-0.008738893378383517,-0.008777301433438479,2057332631.171997
2018-01-29,388.57328533907247,392.80527161504256,386.6688868185233,389.3619689941406,4013296,0.004466029690394002,0.004456086572976405,1562624832.7163086
2018-01-30,391.45881188640726,391.45881188640726,383.95665283796995,384.8800048828125,2711352,-0.011511047478279912,-0.011577812436223866,1043545170.9990234
2018-01-31,384.70682166080195,391.6126590133094,377.68557118867733,379.5514831542969,3221144,-0.013844631212104774,-0.013941361957518475,1222589982.6535645
2018-02-01,377.83952660437984,390.4777941885383,372.7996236444327,378.9167785644531,3055658,-0.0016722490044538407,-0.0016736487735462607,1157840085.7546997
2018-02-02,377.0315738200147,387.6884913682296,376.20440332145813,381.22509765625,3345056,0.006091889360355207,0.006073408818664116,1275219300.265625
2018-02-05,380.87886259454257,385.41862615940664,377.03160135621386,382.09075927734375,2177578,0.002270736177696131,0.002268161952489471,832032431.4056396
2018-02-06,371.24145154378573,372.7034060142394,364.7395711196878,366.9709777832031,3310994,-0.03957117812201738,-0.0403754048000588,1215038705.6143188
2018-02-07,368.64456374263494,368.9523399346422,354.7174738474871,361.0846862792969,4051696,-0.016040209881076017,-0.016170246465107882,1463005379.059082
2018-02-08,363.85475759635165,370.4912837063565,360.68076684808847,363.3161315917969,2896536,0.0061798392379730505,0.006160822338840249,1052358254.536377
2018-02-09,359.7188895767655,373.4151288139135,354.92904512079707,370.8759460449219,3456506,0.02080781390026143,0.02059428826194943,1281934932.7599487
2018-02-12,371.4530758169508,374.242340239191,360.62302594338706,361.3155517578125,2975588,-0.025777876373657804,-0.026115948335277403,1075126220.0239258
2018-02-14,361.5655948009326,369.2601170290087,357.9106967425965,360.796142578125,2889532,-0.001437550022855505,-0.0014385842892148633,1042531999.4560547
2018-02-15,363.18147836018926,365.3551904570858,358.56476465222073,361.52716064453125,2281842,0.0020261249501800638,0.002024075127354317,824947859.2994385
2018-02-16,363.56623213446676,373.5498809830951,358.18006573247465,360.5268859863281,5698140,-0.0027668036238821525,-0.0027706382998588987,2054332670.1141357
2018-02-19,360.8153721641205,361.5271295553175,346.29196154006445,351.71661376953125,2925546,-0.024437212755142435,-0.02474075682330748,1028963132.5469971
2018-02-20,352.40912407136534,355.94860905316204,348.1771367735651,349.1197204589844,2462802,-0.007383482067322866,-0.007410874890613501,859812745.7858276
2018-02-21,353.1784615749102,364.64329146997756,350.87010561690425,362.7581481933594,5569512,0.03906518863054975,0.03832145185300218,2020385859.4606934
2018-02-22,362.7967043804692,370.49122621250456,358.3915859352655,362.0272521972656,8186574,-0.0020148299899914734,-0.002016862490489947,2963762890.1295776
2018-02-23,365.06664077703675,372.37643737973656,362.75828395513156,367.644287109375,5675166,0.01551550298497606,0.015396368278223757,2086442358.2973633
2018-02-26,367.7597203116952,371.29918195353787,362.81597540838777,363.97015380859375,2112112,-0.009993717921389034,-0.010043990339683785,768745729.5009766
2018-02-27,366.64405780779,368.7985150716438,363.1815221097101,365.451416015625,2879428,0.0040697353657470625,0.004061476393079161,1052291039.9150391
2018-02-28,367.3749805157569,368.70226684117677,360.02669755196683,361.7579650878906,5119548,-0.010106544306224485,-0.010157962156342062,1852037266.6497803
2018-03-01,363.1045137244,366.4324041134613,360.87310688565003,362.71978759765625,2772230,0.002658745909110749,0.002655217696569617,1005542676.7718506
2018-03-05,362.7197229326899,363.4314802293667,353.10157147880113,358.6031494140625,3747704,-0.011349362026424892,-0.01141425751780261,1343938457.4716797
2018-03-06,360.87304726593186,366.6439382136813,356.448697539324,358.8724670410156,2929756,0.0007510185769232791,0.0007507367035910808,1051408763.5482178
2018-03-07,360.8730386457863,366.5669795485253,359.2571845226512,365.3166198730469,5695220,0.017956665456017706,0.017797348907950143,2080558519.833374
2018-03-08,366.643965086081,370.87595209127187,363.7777510089292,365.7398681640625,4238350,0.0011585793473143369,0.0011579087122016724,1550133570.2331543
2018-03-09,365.48977444305905,367.74041260874503,361.6425136594479,362.79669189453125,1464728,-0.008047184695246345,-0.008079738045507268,531398472.92529297
2018-03-12,365.4898174451863,375.49269665947565,365.1050913215598,372.2802429199219,4946236,0.02614012541257571,0.025804311899327734,1841385939.6192627
2018-03-13,372.28026521804594,372.7996361233224,363.79703489851397,368.18292236328125,2513508,-0.011006011290053741,-0.01106702552759741,925430720.8234863
2018-03-14,370.1065581945762,372.47263342191644,369.3371058906374,371.27996826171875,2354082,0.008411704373897377,0.008376523140406262,874023490.2454834
2018-03-15,372.41488760151793,374.18461837714466,367.509629526188,369.01007080078125,2590154,-0.006113708400603546,-0.006132473638362526,955792910.9249268
2018-03-16,369.33713774883216,376.8585299722485,364.3549289547099,372.26104736328125,9482072,0.008809994143100575,0.008771412581335541,3529806053.894043
2018-03-19,370.37581993896,370.722059338722,354.3327369257623,356.44873046875,3318748,-0.04247642079806535,-0.043404932432180826,1182963511.3457031
2018-03-20,355.87167459509345,364.62419415945925,352.25523953621,360.5653381347656,3707786,0.011548947475846116,0.011482767434438358,1336899112.82135
2018-03-21,363.56618054503775,365.4513479109617,356.42951577144333,360.6230163574219,3818980,0.0001599660770350564,0.0001599532838264568,1377212087.008667
2018-03-22,362.02725888292576,365.066604455435,355.8716413036199,358.0068664550781,3095286,-0.007254528368069613,-0.007280970419678327,1108133641.642273
2018-03-23,348.1771053207686,369.5486345476856,347.6192478037256,368.3367614746094,5478072,0.028853901942764715,0.028445466152434016,2017775299.6047363
2018-03-26,368.2597742630047,373.5689889774439,363.5661118266575,372.04931640625,3571336,0.01007924084682088,0.010028784059615872,1328713117.4570312
2018-03-27,375.1079998282062,376.60844122024736,367.2211136779721,373.9730529785156,2495200,0.005170649393601012,0.005157327488227068,933137561.7919922
2018-03-28,369.9334069058739,377.6471611431326,367.432687052081,372.6457214355469,4620172,-0.0035492705487659704,-0.0035555841530335616,1721687328.0963135
2018-04-02,371.7608138271429,378.9167331470487,371.18372469562553,376.8392028808594,1295646,0.011253266048937505,0.011190419099996594,488250205.8557739
2018-04-03,374.1461117094806,380.4940920109782,370.51044556771416,372.895751953125,2036000,-0.010464545348752186,-0.010519683705987184,759215750.9765625
2018-04-04,377.41640951411625,377.5125910659802,365.2975339792593,369.0486145019531,1804780,-0.010316924853720155,-0.010370513219673208,666051558.480835
2018-04-05,373.18427878243347,378.6473935393229,368.0097085709944,370.1257019042969,2805104,0.0029185515404177576,0.002914300837459443,1038241086.9145508
2018-04-06,373.9537792206644,373.9537792206644,365.7206310673175,366.50933837890625,2515810,-0.009770636048197723,-0.009818681927947829,922067858.5870361
2018-04-09,367.1441005176813,370.35657743663336,364.72033086337035,366.7401428222656,1708072,0.0006297368694074823,0.0006295386683504469,626418569.2307129
2018-04-10,366.6824560234193,370.08729627863477,363.00832626933277,364.89349365234375,2431772,-0.005035306895260772,-0.005048026769972543,887337780.8459473
2018-04-11,367.41341216815016,376.14669901762034,366.0091525613776,372.1455383300781,3716964,0.019874414874176516,0.019679497043585317,1383251568.7335205
2018-04-12,372.39566025522214,389.7275676234551,372.1455788793204,388.5926208496094,8182766,0.04419529680063872,0.04324653786679799,3179762485.7390747
2018-04-13,390.3046853756995,392.42067923431586,380.2056237777575,381.35980224609375,6361110,-0.018612856280445955,-0.018788255351456243,2425871651.6656494
2018-04-16,376.64689725449847,387.32304781508304,375.5311820374209,384.68768310546875,3824528,0.008726354586337637,0.008688500016351495,1471248815.2919922
2018-04-17,383.59128579059035,390.88185259991656,383.59128579059035,388.9582214355469,3729906,0.0111013128769899,0.011040145578412403,1450777603.881775
2018-04-18,390.4585153339882,390.80475472341533,382.0330046306756,383.5141906738281,2008262,-0.013996440907268148,-0.014095314758499233,770196975.5910034
2018-04-19,386.64975863083737,392.9977397426869,384.3414018628921,391.86279296875,2301628,0.02176869200134024,0.02153513739948048,901922376.4550781
2018-04-20,392.4206048855014,413.27273981063064,392.38214166990593,408.7137451171875,9490598,0.04300217435999687,0.0421032607336214,3878937851.9816895
2018-04-23,408.579062461853,426.276460647583,405.88598012924194,418.5819396972656,9086924,0.024144513606335183,0.023857643228585374,3803622273.8016357
2018-04-24,417.3893055747797,423.1024780866565,407.0786285372502,408.559814453125,3993618,-0.02394304267257452,-0.024234336354357445,1631631829.0766602
2018-04-25,408.52149831775574,416.0813773968918,402.42359755630963,411.19537353515625,3002280,0.0064508524548825275,0.006430134756330568,1234523646.057129
2018-04-26,406.27082906055153,418.71671106944115,404.59727964038865,414.46551513671875,6052212,0.007952768469762228,0.007921311874545313,2508433164.296631
2018-04-27,414.34999678315177,419.60151727716914,398.19150108687285,400.74993896484375,4764608,-0.03309220109024191,-0.03365213563442268,1909416365.1914062
2018-04-30,403.5392605204943,415.1195080244634,402.0580742636448,405.02044677734375,3147666,0.01065629061237261,0.010599912514828,1274869089.6258545
2018-05-02,403.9624307109141,404.7126278682076,382.9948569263952,384.9184875488281,15014958,-0.04963196151814653,-0.05090596048274669,5779534923.969177
2018-05-03,383.5719601977204,383.5719601977204,353.9480475244762,356.1409912109375,15276024,-0.07476257251540852,-0.07770489604424613,5440418329.12207
2018-05-04,355.0829831618526,363.1814634285946,349.21590973252415,357.7375793457031,8365006,0.00448302266284184,0.004473003848631891,2992476997.6522827
2018-05-07,360.41135678543026,361.89256615814924,354.35192153421525,357.10272216796875,2576842,-0.0017746449195958913,-0.0017762214673756552,920197292.7967529
2018-05-08,357.8722284723072,358.94945687266755,348.9850413352436,353.9864807128906,4080268,-0.00872645673536021,-0.008764755228483944,1444359709.6854248
2018-05-09,356.2613041715802,361.1387004871172,355.02749408257375,357.61077880859375,2757280,0.010238521223760344,0.010186462599358282,986033048.1933594
2018-05-10,359.692883608002,361.6207047795896,357.07102798826423,358.65185546875,3741482,0.0029112004498987876,0.002906971112180706,1341889461.5029297
2018-05-11,359.0373561949069,361.75557885943914,358.9987856585137,359.67352294921875,2117402,0.0028486329148735834,0.0028445832489832085,761573436.8397217
2018-05-14,361.4278835750927,361.4278835750927,354.8925658035911,356.7625427246094,3132296,-0.008093395924004043,-0.00812632524651013,1117485885.526123
2018-05-15,354.83472467671976,359.6157301176742,351.4610379635784,356.6468811035156,4239330,-0.00032419777090508806,-0.0003242503343633623,1511943822.468567
2018-05-16,355.6829796676822,358.92172840792614,353.36959443407125,354.8154602050781,1963972,-0.0051351098116176885,-0.005148339799066659,696847629.0098877
2018-05-17,357.37943311853786,357.37943311853786,348.81990396889864,350.7669982910156,2899904,-0.011410049358397623,-0.011475643403102781,1017190621.4121094
2018-05-18,348.9356217873371,353.94795668593974,342.0340127829952,343.42205810546875,3517726,-0.020939655729679263,-0.021161999668555687,1208064702.7711182
2018-05-21,343.92330559235165,347.2198751714235,341.99548437266355,345.4462890625,2942476,0.005894295107886194,0.005876991711400035,1016467414.8554688
2018-05-22,343.28705608146527,351.51886539225166,342.97860944600757,348.89703369140625,2485094,0.009989236353562081,0.00993967372069994,867041925.0443115
2018-05-23,348.9356139992889,354.1021838849534,343.86543516721537,344.829345703125,3734828,-0.011658706138152675,-0.011727201753204929,1287878295.553711
2018-05-24,349.30180522694167,353.90930098295047,347.0848116257584,351.518798828125,6309330,0.01939931507673709,0.01921354703495496,2217848103.010254
2018-05-25,353.90940026500505,356.2034885042864,351.63456199679314,353.17681884765625,2089082,0.004716732149343539,0.004705643223583035,737815335.0718994
2018-05-28,353.17683805547796,353.56240228916295,343.53773221335246,344.88720703125,2651764,-0.023471562611197316,-0.02375140733950741,914559479.6660156
2018-05-29,346.6220981326115,350.67052085829823,345.07984185615936,348.9740295410156,1985832,0.011849736454258464,0.011780078076198556,693003795.0314941
2018-05-30,349.7067062392347,351.55740957007,346.0823935860812,349.8416442871094,2374048,0.0024861871447421358,0.0024831016944292694,830540855.9365234
2018-05-31,350.09237693103677,352.71420940850646,347.41270039661026,350.9984436035156,5618644,0.003306636975033417,0.0033011820726047917,1972135299.1622314
2018-06-01,350.86344225744216,356.22279436005806,347.00780003483294,348.8777770996094,1939062,-0.006041811701882449,-0.006060137296682363,676495640.2183228
2018-06-04,349.7066677332741,353.52376205336213,346.67999871018066,347.2776184082031,1505886,-0.004586588187729057,-0.004597138856741139,522960503.6742554
2018-06-05,349.301986235504,350.94063452900565,339.3158613395614,341.2436828613281,2547736,-0.017374962355859336,-0.017527678558444258,869398815.5983887
2018-06-06,343.90399618383174,353.87082143591203,343.15214128005084,350.4585876464844,2337712,0.02700388387526842,0.026645712706815025,819271245.8442383
2018-06-07,348.93562776549516,357.03247658657295,348.93562776549516,355.2395935058594,2137298,0.01364214211865078,0.013549925836365308,759252872.7208862
2018-06-08,355.10466747078584,360.8495840993008,353.8901306932826,358.0735168457031,2268428,0.007977498543661143,0.007945846526665789,812263991.6712646
2018-06-11,359.7313994753762,363.39425938428946,349.99590340168567,351.4803161621094,4105194,-0.018412980500970177,-0.01858460949211511,1442894885.0267944
2018-06-12,352.00082699987865,356.2613065326633,351.4995982665458,352.714111328125,2961048,0.0035102823950077244,0.0035041357339056444,1044403413.9199219
2018-06-13,354.71906813715776,356.9553358166455,352.42495641380685,356.1456604003906,2113706,0.00972898152371715,0.009681959719824221,752787219.2622681
2018-06-14,357.80352966183483,362.4302994419447,355.1238541242609,361.25433349609375,3755080,0.014344336218949927,0.014242429594020396,1356538922.6245117
2018-06-15,361.2542588451309,367.8281215093287,358.9794214268041,365.6304016113281,6186584,0.012113538051943484,0.01204075632318229,2262003192.522217
2018-06-18,368.02104584641444,369.1198944538251,359.0566777836286,359.80853271484375,2653666,-0.01592282499165132,-0.016050955118813163,954811669.7752686
2018-06-19,359.6929190570896,362.64247162052413,352.945544291554,354.89263916015625,2812474,-0.013662526337538172,-0.013756717561184175,998126320.4293213
2018-06-20,355.1045595294608,358.09268150161427,349.4753327112358,351.2296447753906,2820262,-0.010321415494652153,-0.010375050683466253,990559620.4335327
2018-06-21,351.6730693893506,353.5623432320224,346.66073518867853,347.9909362792969,3208902,-0.009221056776585246,-0.009263833890490148,1116668811.4085083
2018-06-22,349.72600945648975,355.4130815130528,347.72107087232746,348.8584899902344,4036700,0.002493035365269458,0.0024899329078906995,1408237066.543579
2018-06-25,348.8970437822456,353.75514314687825,348.550026599213,350.4393005371094,4255720,0.004531380465813584,0.004521144671222087,1491371540.081787
2018-06-26,350.47793130648887,352.9840991321128,349.55256761922186,351.0177307128906,3249236,0.0016505859214268614,0.0016492252016024047,1140539447.27063
2018-06-27,351.711607164911,356.6468233654284,350.9790258983249,355.12384033203125,5751028,0.011697727094302168,0.011629837606942986,2042327149.217041
2018-06-28,357.20593801038495,358.5554126356354,348.89703466722267,350.70916748046875,13566568,-0.01243136154259572,-0.012509277323743224,4757919768.847168
2018-06-29,352.44423070652925,358.09275572824413,352.1550575525091,357.12884521484375,6059554,0.01830484723423287,0.01813933030811766,2164041522.5369873
2018-07-02,357.4180316151705,359.5193613188552,355.0468022511365,357.0710144042969,1776396,-0.0001619326226983686,-0.000161945735201096,634299521.7037354
2018-07-03,358.57469921874997,362.3917941397508,353.6202087556362,361.4664306640625,2054476,0.01230964173078708,0.012234494155682337,742624106.6049805
2018-07-04,361.25442374838934,361.85204362103013,356.2613620733424,356.8975524902344,1547894,-0.012639840898737043,-0.012720403271345423,552439580.1143188
2018-07-05,357.8421036750167,360.69528800130956,355.1046074283336,358.9795227050781,3416140,0.005833523374752625,0.005816574260695504,1226324306.6937256
2018-07-06,360.5024905498648,366.1124443860523,355.87572061767395,363.93402099609375,5055508,0.013801618135990568,0.013707243164515177,1839871354.61792
2018-07-09,365.90040161139666,372.0694284035804,364.70516208359896,370.7392272949219,3711984,0.01869901110152372,0.018526333867877668,1376178079.8911133
2018-07-10,383.63635352525,383.63635352525,375.9443435394312,377.67938232421875,11042854,0.01871977529849045,0.018546716714159493,4170658277.8165283
2018-07-11,379.27953661066476,385.9883400725937,377.5252240760644,383.0387878417969,10209714,0.014190357664208841,0.014090617001905387,3910716474.7714233
2018-07-12,387.8583340944781,393.19838915966494,386.33535070993526,387.8968811035156,10093442,0.01268303215215183,0.012603276157130801,3915214671.399231
2018-07-13,384.4074917793243,384.7159384201961,376.3106439083455,379.14453125,11524056,-0.02256359945100961,-0.02282205261632147,4369282810.21875
2018-07-16,379.7807024235623,382.05554040964233,374.07435748968027,374.8069152832031,3404444,-0.011440534174385175,-0.011506480542406536,1276009153.8944092
2018-07-17,376.7732969098396,379.39512845680923,373.6116661327725,377.9685363769531,3241946,0.008435332873623969,0.008399954267597662,1225353584.6331177
2018-07-18,380.1277566178968,384.3303923049213,379.41444872356413,381.6700134277344,3784400,0.009793082477875137,0.00974544103089492,1444391998.815918
2018-07-19,381.70856429970905,383.4436032283441,376.50344751380396,378.66259765625,1501536,-0.00787962288280164,-0.007910831158923578,568575522.234375
2018-07-20,379.24089187423783,387.29919209355285,378.06492591295165,385.2557067871094,4379550,0.017411566845174864,0.0172617223660553,1687246630.6594849
2018-07-23,386.7209196947762,389.78616000612993,382.13269598012363,387.4342041015625,3296730,0.00565467889527449,0.00563875121430868,1277265963.6877441
2018-07-24,386.1425959724921,389.0343278444778,381.38088690314527,382.32550048828125,2925630,-0.013185990186715846,-0.013273697211172428,1118542953.9935303
2018-07-25,382.86532085928235,383.05810299465963,370.1416999243817,371.79962158203125,5643672,-0.027531197612523983,-0.02791728381132632,2098315113.9331055
2018-07-26,371.79949626723953,373.2068147943481,364.3773865568317,367.28839111328125,7970088,-0.012133499355255983,-0.012207711168822572,2927320798.5512695
2018-07-27,369.75600612980605,373.881547088317,366.4787109764136,371.4717712402344,4929768,0.01138990566587994,0.011325529058155403,1831269650.7634277
2018-07-30,375.15386468554857,378.29622147508314,363.62548882416337,365.1870422363281,6447110,-0.016918456503231427,-0.017063208565603442,2354401031.8722534
2018-07-31,366.4208696306373,372.6477398809451,365.26417721507306,372.1079406738281,4771570,0.018951653911699395,0.018774308474917237,1775539086.481018
2018-08-01,373.2260993094636,377.85286913561396,372.069406852926,377.3323669433594,3568096,0.014040082724573466,0.013942433701903685,1346358109.1611328
2018-08-02,377.0811944869209,380.1720239499284,370.33931800450415,371.09271240234375,3200706,-0.016536229297160365,-0.016674478940992835,1187758671.142456
2018-08-03,373.23711052604335,374.724586911359,369.9144770403549,372.30987548828125,2289018,0.003279943381420569,0.0032745761001780446,852224006.5704346
2018-08-06,373.99040053866634,374.202890368195,368.19509474519526,369.5473327636719,2165794,-0.007420009262408933,-0.0074476744668072505,800363396.015564
2018-08-07,371.24734937567246,375.13020007252055,370.55189372033965,374.2995300292969,2235882,0.012859509037950634,0.012777527630656165,836889581.8009644
2018-08-08,374.37674944933576,374.6858277047855,369.8370933027623,372.657470703125,1517966,-0.004387019470858955,-0.004396670677809809,565681370.1733398
2018-08-09,373.97113960197856,373.97113960197856,369.00647946611014,369.6053466796875,2005458,-0.008190159230348382,-0.008223882845200715,741227999.3415527
2018-08-10,371.4017843720474,373.91308326841045,369.4700159902297,373.2176513671875,2417448,0.009773410260297322,0.009725959406844242,902234264.8623047
2018-08-13,373.19846934210676,380.2687393840429,373.0246054105089,379.7857971191406,2885640,0.017598700725682148,0.017445636800313306,1095925087.598877
2018-08-14,381.77544268010877,387.1264323373375,378.2402966649236,386.2378234863281,4962034,0.01698859308623235,0.016845900765794133,1916525212.2251587
2018-08-16,385.5037496022844,392.07176305529583,383.378804073369,385.291259765625,5908118,-0.0024507276686656088,-0.00245373561716531,2276346227.063965
2018-08-17,386.3537303309103,389.36728471125934,384.4412746495402,387.5321044921875,2960410,0.005815976017534474,0.00579912852054654,1147253917.4597168
2018-08-20,388.2855741856462,388.865104893386,381.33120569276895,381.81414794921875,2829604,-0.014754794445898667,-0.014864729141547328,1080382840.2937012
2018-08-21,387.04916519104137,391.7626854521614,385.7162400953123,388.1309509277344,9839198,0.016544182588424494,0.016408818550843883,3818897276.106262
2018-08-23,390.21725724147166,397.210250141751,390.21725724147166,396.2637023925781,5537558,0.02095362775219134,0.02073711969093341,2194333235.29364
2018-08-24,398.1182551409083,401.44093555741364,394.13883929035086,395.3751525878906,4540390,-0.0022423194436497207,-0.0022448372063497133,1795157389.0585327
2018-08-27,396.3989105077749,401.92378748211866,396.0125567938297,401.4215087890625,2488450,0.015292706589162375,0.0151769517960004,998917353.5461426
2018-08-28,401.8078604484446,404.4157480042398,400.61017337380235,402.0976257324219,2626156,0.0016843067163963,0.0016828898625600365,1055971092.4029541
2018-08-29,401.1511274787316,402.2522262611847,396.78531113009205,399.04547119140625,4063384,-0.007590580858208518,-0.0076195359340478115,1621474982.911621
2018-08-30,397.5580031227569,399.0647921588936,391.5888330535153,392.7478942871094,4883942,-0.015781602245715454,-0.01590745761962407,1918157936.3203735
2018-08-31,394.46718157955456,407.60320917378067,393.88765095039753,404.29986572265625,6558672,0.02941319763538197,0.028988928860940247,2651670208.9189453
2018-09-03,406.8304087188325,409.92123803483497,403.5850285045673,405.34295654296875,4454306,0.002579992992201685,0.002576670523685152,1805521563.387085
2018-09-04,406.115712006187,416.87565340536315,406.0577495171795,415.851806640625,5584742,0.02592582386846587,0.025595447710568126,2322425050.3217773
2018-09-05,415.6393163374896,419.96645877735307,412.62573870672776,416.8562927246094,5701112,0.002415490489506178,0.002412577881661872,2376544412.727783
2018-09-06,415.3302263592486,421.04827996847007,411.62124028189913,420.66192626953125,5991810,0.009129365710297765,0.009087944957102228,2520526336.44104
2018-09-07,419.9472207028567,419.9472207028567,411.60198851918125,414.92462158203125,4379878,-0.013638754375464801,-0.01373261660563318,1817319221.7254639
2018-09-10,416.1030617650917,423.7915121716762,416.1030617650917,420.6233825683594,8205078,0.013734448836995483,0.013640986095046678,3451247662.597229
2018-09-11,421.1256258902015,424.60280995718483,418.03479560843857,419.23248291015625,8472420,-0.003306757816719963,-0.0033122372230635355,3551913672.857666
2018-09-12,421.89824157206067,424.60271747957387,418.0733304989714,419.88922119140625,4139134,0.0015665252765986182,0.0015652995557922898,1737977751.66687
2018-09-14,418.8074999994299,420.52675546567764,411.54403002749797,413.6689758300781,7290574,-0.014814015334041253,-0.014924838713964118,3015884279.793396
2018-09-17,413.417876305735,418.9620435512526,413.417876305735,416.6439208984375,3018112,0.00719160788499984,0.007165871589578571,1257478017.390625
2018-09-18,417.26200991541117,421.5119007571422,416.6438534072595,418.768798828125,2745526,0.005099985438658194,0.005087024561101219,1149740625.1713867
2018-09-19,418.42108808058055,424.3902343226191,417.68700656376456,420.0824279785156,4439812,0.0031368840134857745,0.0031319742577054915,1865087004.7281494
2018-09-21,421.5119609550536,421.8983147231151,416.70187540761856,419.15521240234375,6595630,-0.002207222950585508,-0.002209662457513806,2764592693.5772705
2018-09-24,419.5416336339655,427.30733618828424,417.47465007492457,423.5597229003906,4432578,0.010508065670477684,0.010453239690621603,1877461509.4143677
2018-09-25,425.7618931215808,434.66736719200486,422.78698768793174,431.3060607910156,5664544,0.01828865558221815,0.01812342958763253,2443152158.817383
2018-09-26,432.75483954366854,433.04460486527563,419.251794421708,421.1835632324219,2870394,-0.023469407176957113,-0.023749200100292557,1208962772.8009644
2018-09-27,422.65158279667037,426.70829637356763,420.5459741383492,421.9754638671875,5731064,0.0018801793419669366,0.0018784140171930546,2418368389.852539
2018-09-28,421.93692761952053,424.89254328625657,419.38700226163354,420.275634765625,4445086,-0.004028265259748642,-0.004036400575071902,1868161340.237793
2018-10-01,419.2711944465969,425.37560436416913,417.6485270823496,424.37109375,3406600,0.009744697635538424,0.009697524282000772,1445662567.96875
2018-10-03,424.95040921467563,425.645817520259,414.86658790405636,421.6277770996094,4730720,-0.006464428635204689,-0.006485413539827352,1994602957.680664
2018-10-04,419.1357815562069,422.226611005356,409.9212556933942,416.14154052734375,3891118,-0.013012037797902276,-0.013097435973489788,1619255838.8936768
2018-10-05,414.1712799635321,424.2164789178715,413.43719829978744,418.8075256347656,2895914,0.006406438309531692,0.006386004309962782,1212830576.7910767
2018-10-08,413.3985663541146,419.02003301386156,404.8987827468338,414.20989990234375,2311830,-0.01097789664942983,-0.011038598417485767,957582872.8912354
2018-10-09,412.0463138799678,416.89507277227204,403.14084022372566,412.7803955078125,2694524,-0.0034511594118543654,-0.0034571283997401276,1112246682.425293
2018-10-10,409.14864111190525,410.71339274029447,401.24772540578863,406.3669128417969,4523678,-0.015537275354672753,-0.015659243838817043,1838273063.550354
2018-10-11,396.20580049028956,396.20580049028956,385.58107156441633,389.8309631347656,6266576,-0.04069216558846389,-0.041543260391274615,2442905357.637207
2018-10-12,387.62870023196774,389.058213777372,376.50171730491456,380.61639404296875,4651748,-0.023637345319364456,-0.02392118916629602,1770531549.7565918
2018-10-15,378.6266764433267,388.72983647680456,378.6266764433267,387.4934997558594,3614908,0.01806833814970732,0.017907045688297953,1400753352.215454
2018-10-16,386.3538070571335,391.1832296453477,382.1232281536249,387.66741943359375,3003220,0.0004488325038844998,0.00044873180870528114,1164250547.3913574
2018-10-17,389.0582969913199,400.2625577785575,389.0582969913199,395.722900390625,3253970,0.0207793602279005,0.020566414191497434,1287670446.184082
2018-10-19,392.5354089234481,393.84902110231,368.3110241486526,370.320068359375,6869592,-0.06419348490111243,-0.06634653851090123,2543947779.0410156
2018-10-22,372.4450229894628,381.6788872450066,369.798509177656,378.64599609375,3774108,0.022483058429053626,0.02223404002401443,1429050883.0253906
2018-10-23,374.76321207015053,380.01761468320365,366.1088769156517,367.6349792480469,2948962,-0.029079976968716892,-0.02951117965329626,1084141583.6732788
2018-10-24,376.69493450530126,382.70273105220446,365.4133994428586,378.89715576171875,8442982,0.030634126645694426,0.030174269740128382,3199021865.9473877
2018-10-25,378.16296958407077,390.777426412227,373.9903546410834,388.22747802734375,6176258,0.024624946700557038,0.02432663997256861,2397793066.986206
2018-10-26,386.33434087743416,386.33434087743416,371.6722149978272,373.4494323730469,3615756,-0.03806542939563906,-0.03880884455426315,1350302025.7994385
2018-10-29,372.90869144330827,383.2436555646813,368.48493572932875,380.80963134765625,2786080,0.019708689682133684,0.01951698815435464,1060966097.7050781
2018-10-30,382.2226169135397,393.7013063323729,378.11894988450064,389.01690673828125,6121068,0.021552173881684844,0.02132320972421328,2381198939.2946777
2018-10-31,389.19108493908124,412.5742815601463,387.913530134519,408.6641845703125,6582228,0.050504945907786425,0.04927094943822832,2689920838.275879
2018-11-01,408.4319825844422,409.380455015119,388.4943076052017,390.5848693847656,3946070,-0.044240028532366416,-0.04524847332623521,1541275235.533142
2018-11-02,393.33347128923435,398.5598510750657,385.261627516092,388.9200744628906,5575206,-0.00426231288605039,-0.004271422436002967,2168309532.6659546
2018-11-05,389.2685201711699,396.48867671499715,388.61037871308537,395.1723937988281,1938928,0.0160761034116641,0.015948251283796015,766210819.1635742
2018-11-06,395.94669022799235,403.3991212100396,392.4043564394288,398.3276062011719,2921884,0.007984394790365723,0.007952688170575239,1163867059.317505
2018-11-07,398.36629162585035,400.63104680590055,397.49522830596874,399.353515625,139254,0.0025755418601591806,0.002572230836124616,55611574.46484375
2018-11-09,403.78625365875445,405.3348107197659,392.3656453337945,397.9404602050781,7343566,-0.003538357281543947,-0.0035446320736802167,2922302033.5863647
2018-11-12,399.70195359239455,409.9805209675296,399.5471356781106,401.38604736328125,4782454,0.008658549463473664,0.008621279207121298,1919610307.7567139
2018-11-13,402.5668261048571,408.37391610182544,398.5018631069793,399.9923400878906,2737474,-0.003472236477939261,-0.00347827868171345,1094968631.1897583
2018-11-14,399.14060223844956,399.2954674038608,372.81513089779526,386.0165710449219,3033632,-0.034940091702500675,-0.03556509843280018,1171032222.4521484
2018-11-15,387.1005785215255,398.36632220512996,380.0933433217944,382.7839660644531,3582306,-0.00837426479313641,-0.008409525944020427,1371249298.3364868
2018-11-16,385.977850364751,401.7731514093414,384.71964774320094,395.7337646484375,6698234,0.03383056693080988,0.03327090089038826,2650717357.316162
2018-11-19,395.7337949651021,403.70887867781335,392.6560328215519,402.66357421875,4180070,0.01751129215994185,0.01735973621892005,1683161926.6845703
2018-11-20,400.6891293723285,400.6891293723285,388.4168102493067,390.6041564941406,2628564,-0.02994911508448983,-0.03040675018483308,1026728024.0108643
2018-11-21,388.32009964327045,392.5592800261798,379.2223254020326,381.39031982421875,2503064,-0.023588680552251384,-0.023871347486953826,954644379.5004883
2018-11-22,382.49355681824204,387.9135060039256,377.6156120027681,379.0286560058594,3129880,-0.006192248978547421,-0.006211500466738178,1186314209.8596191
2018-11-26,381.1387467734638,389.42353954755964,372.81524951025466,387.3329772949219,4758562,0.021909481400620434,0.021672917800852145,1843147987.102478
2018-11-27,386.63600240885364,398.36631782901804,384.42930379418357,396.1015625,4103018,0.02263836471223457,0.022385919791858177,1625211840.765625
2018-11-28,396.12095397436553,405.6252194831526,391.920478206452,403.82501220703125,2460574,0.019498660036291193,0.019310996697317014,993641325.5863037
2018-11-29,403.90246673853983,404.69607398033367,390.4299996567168,392.3463439941406,3260512,-0.028424856969993195,-0.028836665723987152,1279249962.7490234
2018-11-30,394.10779848897397,397.321073509606,388.78463323433414,392.9463806152344,4219388,0.0015293544346184351,0.0015281861631075537,1657993243.0113525
2018-12-03,395.3079314966341,397.0887628327318,388.95886112650135,394.18524169921875,2908898,0.003152748428538077,0.0031477889384934525,1146644661.208374
2018-12-04,394.1464780421143,403.7862552362127,393.7399865378319,401.1730651855469,2836286,0.01772725801759001,0.01757196279888525,1137841548.362854
2018-12-05,401.25049953693207,409.5933701671575,395.6563556813185,406.90277099609375,3873412,0.014282379122079858,0.014181346797051594,1576102076.0095215
2018-12-06,406.24465170226716,412.49696141372493,390.6235889877508,391.97857666015625,4051262,-0.036677544120437444,-0.03736707808202062,1588007912.437378
2018-12-07,387.1392750613571,387.1392750613571,361.7623003069064,372.40863037109375,21093670,-0.0499260608980413,-0.05121546678255642,7855464754.199829
2018-12-10,371.6343661629933,375.796113530512,362.78821920898923,364.6852111816406,6182964,-0.02073909829038323,-0.020957173784744317,2254835532.0684814
2018-12-11,364.29802606105875,373.6474481900379,360.3104966015141,370.4341735839844,5605848,0.0157641775045283,0.015641213459498482,2076597671.1174316
2018-12-12,373.58947329723696,377.07372745234073,365.1885446641091,376.00909423828125,3653708,0.01504969317587257,0.01493757008927114,1373827435.691162
2018-12-13,375.54451731657196,380.3837591345503,372.98940708832356,378.6416320800781,2756644,0.0070012610921814655,0.006976866061541247,1043780183.2237549
2018-12-14,373.9765806482871,375.060566011301,367.7823515692264,372.1183166503906,4611032,-0.01722820439435435,-0.017378336746862035,1715849465.861084
2018-12-17,373.6280982845612,377.07364722315015,369.29215738404775,376.16387939453125,2792580,0.01087171085948313,0.01081303867263446,1050467726.3195801
2018-12-18,375.5057932585849,382.80336008803056,371.42147810294824,381.40966796875,3874502,0.013945487223978814,0.013849143589720433,1477772521.3642578
2018-12-19,379.39647668726826,380.79016857855896,369.3308558771979,370.55035400390625,6117266,-0.02847152255651131,-0.028884697734257107,2266755081.8360596
2018-12-20,367.12423964685735,373.4733344171897,367.0081025680693,371.460205078125,4527954,0.002455404682218054,0.002452395101626782,1681954721.4243164
2018-12-21,370.5117103294331,373.20233353875557,365.84668588602074,369.5051574707031,10439250,-0.00526314146359419,-0.005277040582763986,3857356715.1260376
2018-12-24,369.7180622806564,370.0664971313082,362.03335598751386,363.07861328125,2941564,-0.017392299023492375,-0.01754532193196719,1068018977.9980469
2018-12-26,363.1366094089825,366.89186478647406,360.42663471190053,364.994873046875,2434064,0.005277809530853883,0.00526393070591083,888420880.6679688
2018-12-27,367.3951816062886,371.6537137429263,364.93685659723593,367.3177490234375,5096808,0.006364133164862729,0.006343967581808311,1872148041.7646484
2018-12-28,368.5953025724904,372.81513021661607,367.78231952833363,371.0149230957031,1556666,0.010065329219987484,0.010015011157379319,577546316.2756958
2018-12-31,372.60221807387217,374.2088319658082,369.9502997336626,373.3377685546875,1437004,0.006260787139241941,0.006241269831552886,536487866.76416016
2019-01-01,372.4280010240248,373.58941890663607,368.8856670304174,371.59564208984375,717468,-0.004666354737127398,-0.004677276159124722,266607982.13891602
2019-01-02,371.2665842330325,372.42800211905865,363.58187867213564,366.3692626953125,2270096,-0.014064695067838362,-0.014164540191237203,831693397.7675781
2019-01-03,367.78231342909913,371.65370620203703,365.84661704263016,367.1435241699219,2809224,0.0021133363342582534,0.002111106380236633,1031388399.5427246
2019-01-04,366.23383303147983,367.9953123863058,358.10390650541103,360.9493713378906,3077278,-0.016871202742948177,-0.01701514274140049,1110741559.5319214
2019-01-07,363.87228161833553,367.78237957054665,362.3237242306701,364.51104736328125,2344752,0.009867522451109778,0.009819156360180128,854688007.3271484
2019-01-08,367.0080616903551,367.0080616903551,361.23967658556177,365.90472412109375,3031576,0.0038234143186983705,0.0038161236477669194,1109267979.932129
2019-01-09,366.6209538030742,367.22101505232587,360.93000079752125,363.29156494140625,2471720,-0.007141638266530581,-0.0071672618341451,897955026.8969727
2019-01-10,365.0724076150694,365.0724076150694,360.8138747584779,362.3043518066406,1832096,-0.0027174127616336197,-0.0027211116301134007,663776353.7275391
2019-01-11,361.97518838570534,364.2980238191965,356.1680998019774,363.93023681640625,4331368,0.0044876220825338375,0.004477582730562332,1576315781.979004
2019-01-14,364.2980899812668,365.4595079089435,359.26527896133433,362.82696533203125,1956808,-0.0030315466338445285,-0.0030361510794234834,709982708.3774414
2019-01-15,359.6523674356289,370.0664228334694,359.6523674356289,366.8918762207031,3693892,0.0112034420731435,0.011141148353578148,1355258966.4366455
2019-01-16,367.0080985992456,369.4083672610543,362.6527809734634,363.2334899902344,1701242,-0.009971292545785437,-0.010021338845419185,617948068.9779663
2019-01-17,362.01395365875237,370.4923138665902,361.2396750508807,369.6018981933594,3690234,0.01753254691161943,0.017380624959762163,1363917491.1776733
2019-01-18,367.2403118965958,375.0411778474657,366.3692485157888,374.0926818847656,4685056,0.012150326373748355,0.012077103681306333,1752645163.8203125
2019-01-21,375.15731564406406,379.9772044198364,372.44734067622005,373.8797607421875,3265418,-0.0005691668211882384,-0.0005693288581103528,1220873700.5632324
2019-01-22,372.42806642701134,373.41526707477414,362.7495823722553,364.20135498046875,4791592,-0.025886412633051248,-0.02622736266587075,1745104298.9135742
2019-01-23,366.81449820339054,367.76299424382785,363.4076769828377,365.63372802734375,5641586,0.003932915205523635,0.003925201512768379,2062754121.16687
2019-01-24,365.807928322124,369.214749383222,363.6205818595612,366.4079895019531,2954782,0.00211758767110104,0.0021153487425232074,1082655732.03656
2019-01-25,367.39525526281824,377.7318809744332,366.2725416591587,375.29290771484375,4310008,0.0242487021775033,0.023959370348608178,1617515434.5942383
2019-01-28,376.6865359052825,379.39651098373776,373.16357775493367,378.5447998046875,3029930,0.008664944162266375,0.008627618992299966,1146964245.2722168
2019-01-29,378.62223625968016,385.1455240278486,372.07957262318166,382.6678466796875,4733138,0.010891833350048064,0.010832944551957718,1811219726.4978027
2019-01-30,394.10770810956075,400.68907455146893,387.71991126888514,394.2625732421875,14053348,0.030299714656207843,0.0298497450167047,5540709145.147949
2019-01-31,394.72722713433,396.1015905745723,382.0097103778041,389.1524353027344,9058428,-0.012961255483700418,-0.013045985490028519,3525109316.2144775
2019-02-01,391.24300402397864,406.49630333406265,391.2042995419717,404.1153869628906,6460222,0.038450104130830054,0.037729317085248855,2610675113.396179
2019-02-04,404.56056325258487,409.5159651315962,402.74102746947153,404.483154296875,4133944,0.0009100552610685764,0.0009096414118442206,1672110708.8066406
2019-02-05,405.91834594173156,409.21534158483206,403.9789367399077,406.4031982421875,2368564,0.004746907071198514,0.004735676035591465,962591984.8413086
2019-02-06,407.66379249410994,413.0747249392424,405.37528028816837,409.2928771972656,2331000,0.007110374543253695,0.007085215022193122,954061696.7468262
2019-02-07,409.60314734445683,418.0589888333421,409.60314734445683,412.279541015625,3251088,0.00729713118589137,0.007270635938905948,1340357068.4414062
2019-02-08,411.1545781881838,417.36068502876014,410.3982278565236,414.4321594238281,3733802,0.005221259349664331,0.005207675836580347,1547407625.7210083
2019-02-11,414.2965771728963,420.4639077995054,412.3183892904744,418.6602478027344,3157886,0.010202124238583243,0.010150433839728268,1322081335.2927856
2019-02-12,417.3608800867912,418.2918060177233,408.3426268693024,410.6893310546875,2788882,-0.019039105790150446,-0.019222683402107248,1145364082.970459
2019-02-14,415.0335494935112,415.0335494935112,410.01049883871593,411.65899658203125,1970720,0.002361068218776463,0.002358285276826001,811264617.7441406
2019-02-15,413.55956646938165,414.0056400202069,403.97890471149265,410.0880432128906,2492120,-0.0038161521603660153,-0.003823452247100958,1021988614.251709
2019-02-18,411.46507649797354,415.809334184236,400.48800144143996,405.8407897949219,2550698,-0.01035693063541443,-0.010410936857597324,1035177290.8483276
2019-02-19,406.50011807002386,407.7413208650482,401.981285722853,403.0285949707031,1837440,-0.00692930551815607,-0.006953424639388239,740540861.5429688
2019-02-20,404.30858103343695,411.7365269047389,397.96672313166476,410.3595275878906,2558354,0.01818960914602208,0.01802615731324625,1049844938.8425903
2019-02-21,411.1548292806045,411.736652152228,404.4056744999986,408.5948181152344,2603154,-0.00430039844092156,-0.004309671749795008,1063635235.1559448
2019-02-22,405.0261577082135,415.22746801515154,404.94860028754624,413.5401916503906,2844492,0.012103368216876298,0.012030708155877909,1176311766.828003
2019-02-25,415.2662927793676,420.85180080358305,412.2989872025477,419.7851257324219,2340940,0.015101153909873766,0.014988266552626155,982691792.2320557
2019-02-26,419.14517155709797,425.099149250718,409.19599135501034,410.708740234375,3726370,-0.02162150333985946,-0.021858672916782625,1530452728.347168
2019-02-27,411.1546866378392,413.4819773169213,402.6212874812048,411.2904357910156,3325110,0.0014163213480888892,0.0014153193110344256,1367585940.953064
2019-02-28,415.0141096853155,415.0141096853155,406.38373970363125,408.78863525390625,6661660,-0.006082807474717455,-0.006101383114439648,2723210899.925537
2019-03-01,409.21525797182596,411.69771071270424,404.8515881593302,408.2843322753906,2295910,-0.0012336521493616637,-0.0012344137245848502,937384081.3143921
2019-03-05,410.26262940797494,411.0772192030411,405.41410609858286,408.26507568359375,2117558,-4.716466020027177e-05,-4.716577248783159e-05,864524977.1343994
2019-03-06,411.3874550529044,411.9304990789001,402.85405488366166,404.65771484375,2807252,-0.008835830088585572,-0.00887509751324719,1135976179.3105469
2019-03-07,406.3449403558001,407.4698069795354,400.2939941007906,401.2831115722656,2073614,-0.008339401789948298,-0.008374369141289235,832106278.119812
2019-03-08,399.28549795819606,399.49880451942204,390.2090551965776,391.39208984375,3176094,-0.024648487422661902,-0.024957347237724612,1243098068.2001953
2019-03-11,390.5969230236344,396.3181788474662,388.26963251902487,389.58843994140625,4547588,-0.004608294212240738,-0.004618945134332697,1771687714.4162598
2019-03-12,390.63576673047476,395.4455107101087,387.9012046674139,393.0600280761719,4902188,0.008910911564233626,0.008871443681704028,1926854152.9146729
2019-03-13,395.13528043562286,404.5608054931464,393.35100956244196,398.8783264160156,6803340,0.01480256938951885,0.014694080656929561,2713704873.2391357
2019-03-14,401.4576294157503,403.6103921652003,389.4720733286408,390.4999694824219,3793832,-0.02100479363939023,-0.021228532928772952,1481491280.2214355
2019-03-15,392.5363608935741,401.0115683067335,391.295134464164,399.2467346191406,5207688,0.022398888144119278,0.02215171714457101,2079152428.9152832
2019-03-18,400.33280281337613,403.37766552306744,392.4976092656395,393.021240234375,1690728,-0.015593100318539665,-0.015715951467592575,664492015.4589844
2019-03-19,395.67820829415865,404.1728290461857,392.9630357381862,401.923095703125,3242552,0.02264980758658597,0.02239710929024427,1303256537.8183594
2019-03-20,404.1728384339153,409.0213609679114,400.10007950535856,402.6018981933594,4408802,0.001688886499659592,0.0016874619345821726,1774992053.9586792
2019-03-22,402.6213156317778,406.5001337014481,394.86367949243714,397.5206604003906,5237090,-0.012620998102021774,-0.012701319437806308,2081851475.3762817
2019-03-25,399.13044660711955,399.13044660711955,392.4782630272286,394.7279968261719,3055910,-0.00702520359924419,-0.007049996527195333,1206253232.781067
2019-03-26,393.0599424200616,404.87096953173676,392.34237068788025,401.30242919921875,3311446,0.016655601897785033,0.016518418512758325,1328891323.9620361
2019-03-27,395.63942362545833,409.7389171446934,395.63942362545833,404.618896484375,2911690,0.008264259181720135,0.00823029717738144,1178124794.7045898
2019-03-28,407.8189245116979,422.1511377490636,407.2758805345482,420.0372009277344,8627614,0.038105744880738035,0.03739765323579102,3623918835.244934
2019-04-01,422.79117409935577,434.42762843236557,419.70753264064973,430.8397216796875,4617730,0.02571800956699466,0.02539286449529927,1989501507.9919434
2019-04-02,430.548801610717,434.42761964324603,423.76087005379134,427.678466796875,2787844,-0.007337426712857198,-0.007364478034194052,1192300847.5888672
2019-04-03,427.67852695006894,439.58652839411087,423.39246083059885,434.660400390625,5296628,0.016325193190205756,0.016193369981767035,2302234447.2001953
2019-04-04,433.65188940222293,433.6713024334204,419.4942024941897,425.9136657714844,8444208,-0.020123145819771038,-0.02032837421303938,3596503583.8168945
2019-04-05,422.9269194628134,428.4736482512436,421.04570216565327,423.87725830078125,3409044,-0.004781268210810818,-0.004792735038916933,1445016224.1467285
2019-04-08,424.7306718938986,427.0579632467419,419.28091236977843,425.2543029785156,4027848,0.0032486873281538653,0.003243421744550257,1712859693.7434082
2019-04-09,425.2542101478883,437.8603688906017,425.1960184069973,433.7100524902344,6500982,0.019883983424727303,0.01968887908663398,2819541244.458069
2019-04-10,434.4276738643749,436.48346661774093,425.1960668552134,426.165771484375,4826866,-0.017394757079164602,-0.017547823498710747,2057045072.7416992
2019-04-11,423.68340524923923,427.09673745470224,420.85184852697785,422.3451843261719,3035580,-0.00896502585108061,-0.009005453499995668,1282062594.6368408
2019-04-12,422.3257549837318,426.99970262082934,417.5935682535703,420.25054931640625,2839484,-0.00495953330948351,-0.004971872609827875,1193294710.7751465
2019-04-15,422.403407778244,429.77316420412706,420.851880109637,427.93072509765625,3868302,0.01827523079682547,0.018110245827002516,1655365279.7567139
2019-04-16,430.3548936018421,432.9730959739128,427.5815290268403,429.40460205078125,2401182,0.0034441952089059313,0.003438277552404108,1031078601.161499
2019-04-18,429.77300346986783,435.94033311578465,422.9850724583853,427.6978454589844,4055238,-0.0039747049371283705,-0.0039826250705587525,1734416555.4234009
2019-04-22,428.02760556266367,432.2167483264717,424.73060996023264,427.0966796875,2230516,-0.001405585222996053,-0.0014065739845399562,952645977.5898438
2019-04-23,427.6784898884182,431.305175474877,425.3511989432439,427.4457702636719,2135528,0.0008173572700853615,0.0008170234155384559,912822410.8796387
2019-04-24,427.8336519822882,442.99982183482666,425.44816929430215,441.7779846191406,5681646,0.03352990098984443,0.03298003149653971,2510026119.199402
2019-04-25,442.5730103679553,446.60698943266334,437.937843090228,439.741455078125,5361098,-0.0046098484123678896,-0.00462050653104866,2357497035.336426
2019-04-26,442.18528832906065,453.76355154053715,440.2458791697227,442.08831787109375,3465934,0.005336915057398528,0.0053227241941299856,1532248931.9122314
2019-04-30,442.2046258857101,460.64837543376296,442.1852128578875,458.9998779296875,8310400,0.03825380444349347,0.037540267806619634,3814472585.546875
2019-05-02,453.8215927278697,457.8943506113249,448.5851897348558,449.9621887207031,4226194,-0.019689959940182855,-0.01988638994315879,1901627502.1983032
2019-05-03,443.73675488307924,445.7343555133806,436.85185331037417,443.3682861328125,5710316,-0.014654348194540257,-0.01476278382796763,2531773018.1967773
2019-05-06,442.146411423152,443.89187927892027,437.5500222060648,440.653076171875,2827130,-0.00612405092078272,-0.006142879832793241,1245783531.237793
2019-05-07,441.1574501197498,446.0641654090216,432.87618138823314,438.9853210449219,4689204,-0.0037847350152223624,-0.003791915247366281,2058491723.3851318
2019-05-08,439.0821607803792,442.1852149201698,435.3585052824001,439.31488037109375,2987822,0.000750729717766907,0.0007504480611688414,1312594664.500122
2019-05-09,436.1730040762421,444.124579517383,430.58749771123286,440.8663635253906,4962690,0.00353159709269657,0.003525375647140626,2187883093.603821
2019-05-10,430.93670365453784,430.93670365453784,416.1196370138789,421.4917907714844,15535450,-0.04394658870996049,-0.04494149794113043,6548064640.940857
2019-05-13,422.13172355541036,426.96083235865206,418.1365226278691,420.32806396484375,3368062,-0.002760971464024431,-0.0027647899758913934,1415690979.7735596
2019-05-14,420.32813655207366,420.32813655207366,409.9910767554045,414.1995849609375,4388014,-0.0145802279916738,-0.014687564116878962,1817513577.6027832
2019-05-15,416.1776609239213,421.43347702283137,412.26006513098304,414.0443115234375,3240598,-0.0003748758886724657,-0.0003749461722040361,1341751167.8342285
2019-05-16,419.65982580203695,419.87353277691426,410.3914894991389,416.68695068359375,2226902,0.006382503240855764,0.006362221320914143,927921003.8511963
2019-05-17,417.77504719100097,418.53281743968677,411.82929738320155,412.9756774902344,2780046,-0.008906622075087411,-0.008946523132596407,1148091380.304016
2019-05-20,413.8695961815776,421.17548220663866,408.5262093764164,417.1922302246094,2380474,0.010210172085678648,0.010158400379142118,993115257.0516968
2019-05-21,416.3567627061261,417.367139216681,409.07032521980136,410.4110107421875,1613426,-0.016254424198578588,-0.01638797654000518,662167795.4177246
2019-05-22,410.760654431486,417.7556324634318,409.47822281720363,412.3150939941406,3424864,0.004639454600669168,0.004628725503148948,1412123122.0771484
2019-05-23,413.4809314935332,416.2012007796749,408.13754539575496,414.4136047363281,3884200,0.005089580208813116,0.005076672074924802,1609665323.5168457
2019-05-24,416.201176825661,417.3670064526236,409.63366043955904,414.2386779785156,4340468,-0.00042210669681996826,-0.00042219580892914604,1797989726.1280518
2019-05-27,416.58986185475766,420.08735136659794,411.22702562817415,413.5586853027344,3164414,-0.0016415480058492582,-0.0016428968220768385,1308670893.593567
2019-05-28,416.20126913010233,423.565408931865,410.08066223113025,416.31787109375,10631688,0.006671811979951148,0.006649653943968312,4426161714.292969
2019-05-29,416.3566085692615,425.5277916692918,415.11302856932724,421.6416931152344,4354812,0.012787877703874795,0.012706803244393744,1836170304.87854
2019-05-30,422.8075412329804,426.8296439253624,415.0353437838447,418.9991455078125,4745448,-0.006267282506855154,-0.006287004366690922,1988338657.0517578
2019-05-31,421.6417816644824,427.23777424508825,419.71818145133807,424.5758056640625,4255094,0.013309478589726753,0.013221685607528887,1806609963.2263184
2019-06-03,427.0239841301418,434.85448319442435,422.4772672219687,433.37774658203125,3400394,0.020731141060197578,0.02051917547518276,1473655089.2110596
2019-06-04,432.2897826628375,432.6783926710857,420.0874189162953,421.97216796875,4128970,-0.026317868656697052,-0.02667038246158957,1742310422.3779297
2019-06-06,423.584761954962,427.91777153039567,417.96936826010005,419.38775634765625,4701806,-0.006124602088176445,-0.0061434343965162735,1971879869.1219482
2019-06-07,420.86452657104195,422.4966691948394,416.2983601931936,419.5432434082031,3272806,0.00037074773450940235,0.00037067902455026363,1373083644.2858276
2019-06-10,422.380153181942,428.1704507742336,420.24279851240556,424.0511474609375,2056008,0.010744790015241312,0.010687474952360457,871852551.5888672
2019-06-11,427.47092662923205,434.05784602356084,425.1004155236535,430.54095458984375,6485078,0.015304302718586626,0.015188373195097537,2792091672.7095947
2019-06-12,430.1911299353185,431.3569595557394,424.08997389687386,430.61859130859375,3136202,0.00018032365544407014,0.0001803073990879548,1350506887.2991943
2019-06-13,428.63687237437676,429.8415540059209,424.7507719902029,427.82080078125,3951850,-0.006497142909788534,-0.006518341211600905,1690683631.5673828
2019-06-14,424.78945612523574,428.3840975641875,421.2531156566238,422.4189453125,3467872,-0.012626444200201536,-0.01270683516498797,1464894832.71875
2019-06-17,421.25310675127514,422.69094432136774,416.3954832878149,417.7167663574219,2487348,-0.011131553182586296,-0.01119397256946049,1039006963.3656006
2019-06-18,417.7168050594281,425.19754588625733,417.6196525811576,423.4293518066406,1412162,0.013675738943958793,0.013583069948223562,597950840.3059692
2019-06-19,423.6236209513026,426.1495851727983,418.8437478871099,421.2919616699219,2437878,-0.005047808158785361,-0.005060591378694975,1027058404.9319458
2019-06-20,415.8126199611544,423.9734283902985,414.12217627409296,422.55499267578125,1895088,0.0029979945519325035,0.002993509528081235,800778895.9599609
2019-06-21,424.5563667111281,424.61466769067255,416.2595538377762,418.241455078125,4695110,-0.01020822773940322,-0.010260689026081071,1963689638.1518555
2019-06-24,419.3101519033014,421.2726512000949,415.0742938006042,418.8826904296875,1350104,0.0015331702388103885,0.0015319961332357504,565535195.8798828
2019-06-25,418.8826581881942,420.1261910043996,411.98483184582807,419.31011962890625,2203934,0.001020403108040302,0.0010198828506735973,924131829.1942139
2019-06-26,416.6675983708261,424.6147008632453,416.6675983708261,419.2130126953125,3277734,-0.00023158738377149213,-0.0002316142042705926,1374068744.9538574
2019-06-27,417.4836416188001,421.2725882079988,411.90705150912663,412.99517822265625,2776050,-0.014832159986349014,-0.01494325637284447,1146495264.505005
2019-06-28,416.0845818321212,418.1247837133558,411.42126324644215,413.7335205078125,2829874,0.0017877745893637442,0.001786178422480469,1170813732.6135254
2019-07-01,414.7439225991471,415.77374833863814,407.01057597435715,407.6906433105469,2467696,-0.014605723002208415,-0.014713436685170115,1006056569.7348633
2019-07-02,409.2061836098725,413.7334979778121,405.32008500009215,411.92645263671875,2014050,0.0103897634043697,0.010336160771993366,829640471.9329834
2019-07-03,412.31507911577984,413.7723661531824,407.10769728124865,408.5066833496094,1213340,-0.00830189288699379,-0.008336545521327489,495657499.17541504
2019-07-04,407.53523087289625,408.50675573665137,401.74498063510583,404.44580078125,2553038,-0.009940798361146919,-0.009990538006223217,1032565498.3349609
2019-07-05,405.6699590386659,407.6518604072445,393.5258974202423,394.9831848144531,2514352,-0.023396499477849386,-0.02367454296395972,993126760.7045898
2019-07-08,392.8845993279055,406.4082424935132,392.51541518812695,403.7851257324219,4008224,0.022284343375537752,0.022039675565772302,1618461231.803711
2019-07-09,401.6089110946118,407.1855015112961,391.7188074026451,396.673583984375,3205934,-0.017612193453504066,-0.01776913356928415,1271709329.7973633
2019-07-10,394.0504224418639,402.2112300072279,393.7006640586594,395.9546203613281,1731600,-0.0018124817282393346,-0.0018141262606706835,685635020.6176758
2019-07-11,399.41322481143385,399.41322481143385,394.45842548018186,396.69293212890625,1550706,0.001864637333703456,0.0018629010555280285,615154110.0098877
2019-07-12,394.8470424190732,400.15155276210953,392.10734765741006,397.89764404296875,2903286,0.003036887770087704,0.003032285741299476,1155210659.3829346
2019-07-15,401.9974811333157,403.3770652158417,396.38208720631843,399.2966613769531,2633206,0.0035160231655790852,0.0035098564068788596,1051430364.5177612
2019-07-16,401.00656502172563,401.1037174966588,393.83670762788404,396.24609375,3450502,-0.007639852575860306,-0.007669185745786069,1367247938.9765625
2019-07-17,398.09203765983915,405.3201731586296,396.731902850582,404.44580078125,2291110,0.02069347095298646,0.0204822697702219,926629818.6279297
2019-07-18,401.589443720913,402.98842974646993,394.8276225867054,395.8185729980469,2608300,-0.021330986170553068,-0.021561779591624974,1032413583.9508057
2019-07-19,397.93654338838877,400.57910972192036,392.1851215285017,394.6722106933594,2139624,-0.0028961811872662002,-0.0029003832352235857,844450134.1325684
2019-07-22,394.6722026698037,399.1995174661656,389.8728799201077,395.97406005859375,1902156,0.003298558474505331,0.0032931301642907403,753204434.1848145
2019-07-23,396.63472482989346,398.6943289458198,391.3884909033548,392.8652038574219,2011658,-0.007851161262209527,-0.00788214390180479,790310430.2614136
2019-07-24,392.47667610336913,398.26695089948083,389.19291684403595,396.88739013671875,2384560,0.01023808227301437,0.010186028097176754,946401795.0244141
2019-07-25,396.80959330472825,399.3550073422939,389.7757630013243,393.001220703125,6042040,-0.009791617295412336,-0.00983987042251255,2374529095.5371094
2019-07-26,391.6022128274255,393.312082207863,387.59953548003915,389.17340087890625,2332384,-0.009739969299256468,-0.009787713068405831,907701813.4355469
2019-07-29,390.55294397778755,397.9365319733875,390.16433408328226,394.6139221191406,1825826,0.013979684192052977,0.013882869654724623,720496358.967102
2019-07-30,394.4390919094309,399.23841521506716,392.80692540603195,397.7811279296875,2134474,0.008026087355302858,0.00799404962708781,849053475.2565918
2019-07-31,397.35360884687896,403.3382105850284,389.75629031147696,402.036376953125,3714036,0.010697463315026079,0.010640650265535085,1493177577.3134766
2019-08-01,399.9378547427649,405.1063375193978,394.4778671276933,396.9844055175781,3490012,-0.012565956030729741,-0.012645575354667427,1385480339.0692139
2019-08-02,395.21627199077653,395.5660303915892,385.8896343036786,392.6903076171875,3544858,-0.010816792399671482,-0.010875719216603349,1392031378.479248
2019-08-05,389.9312149328177,395.2163005160854,387.48295338815467,392.9234924316406,2687280,0.0005938135215715068,0.0005936372840869891,1055895442.7416992
2019-08-06,392.9234713645046,402.9884775428515,389.8534673001751,398.0142517089844,3174832,0.012956108187472282,0.01287289578634959,1263628382.7817383
2019-08-07,398.38348161793994,406.44713771383385,395.0025704628759,397.4119567871094,3967844,-0.0015132496368883697,-0.0015143957555084563,1576868648.2659912
2019-08-08,402.58034925268566,425.5277795351266,399.51036943270367,422.9046630859375,12493298,0.06414680248909677,0.06217335366634389,5283473981.522217
2019-08-09,421.5640882550229,428.42301584944084,418.84381863393196,422.1470031738281,5645698,-0.001791561971865585,-0.001793168738383083,2383314491.524475
2019-08-13,424.32312914661384,424.32312914661384,414.7827378044282,416.7840881347656,2507610,-0.012703904087302487,-0.012785288679552805,1045131947.2476196
2019-08-14,416.25850478466737,421.80654159683723,411.7032460441242,418.9838562011719,2803920,0.0052779559705622425,0.005264076376785393,1174797214.0795898
2019-08-16,419.27586699250344,419.27586699250344,408.9973890707931,413.7667541503906,3108220,-0.012451797303322132,-0.012529970540773564,1286078100.5853271
2019-08-19,414.8763303197406,419.6846192349264,411.78112888958384,414.27288818359375,1682212,0.0012232351394263485,0.0012224875968746287,696894823.7770996
2019-08-20,415.7718920361326,424.6876952580049,414.68173230914704,422.0401916503906,4282308,0.018749244008829935,0.018575643495437923,1807306089.026001
2019-08-21,421.63135996874576,421.86499956644366,415.0516202487119,416.64788818359375,2555246,-0.012776753431255505,-0.012859078125337136,1064637849.6895752
2019-08-22,416.7841642285228,422.9551299712855,411.1582783599447,420.0545959472656,2580980,0.008176467132771759,0.008143220926779908,1084152511.0479736
2019-08-23,420.0935032203204,427.27673271247687,419.5484233679594,423.20819091796875,3319154,0.007507583540638185,0.007479541897854684,1404693159.7181396
2019-08-26,424.99910887640516,426.7121965429812,414.11718820321187,425.48577880859375,2314884,0.005381719776464511,0.0053672900705258155,984950221.5915527
2019-08-27,427.88019087794925,428.26952681141415,414.1755850305276,425.5830993652344,6604388,0.0002287281067610003,0.00022870195247565983,2810715914.4505615
2019-08-28,427.1015017217677,439.9495870060141,425.2716419190997,437.5940856933594,6985284,0.028222423179021128,0.0278315085895884,3056718965.288452
2019-08-29,433.33089114440634,438.2754384568942,432.1628833515643,435.18023681640625,2948038,-0.005516182589918706,-0.005531452906895868,1282927874.9837646
2019-08-30,434.3819965824216,434.42096818919583,421.72858123172585,428.40570068359375,6738070,-0.015567196209028578,-0.015689637380704856,2886627599.6051025
2019-09-03,430.99494424480895,440.1832641742037,429.3791903686089,431.5205383300781,4086894,0.007270766102118076,0.007244461508339183,1763578698.9779663
2019-09-04,433.077824931482,439.36560989066106,429.78795523704053,438.2560119628906,2425690,0.015608697696934293,0.015488134908735417,1063073225.6582642
2019-09-05,438.17815481222965,438.17815481222965,429.72958315064045,432.922119140625,2775294,-0.012170723679010842,-0.012245393411395801,1201486159.7182617
2019-09-06,434.30416355546754,436.50392072912723,427.0819641469405,428.4252014160156,2075686,-0.010387359586837452,-0.010441684730421535,889276192.6264038
2019-09-09,429.04816418929454,429.04816418929454,420.8721102437635,422.19586181640625,3521728,-0.014540086761984039,-0.014646829788958489,1486858988.0429688
2019-09-11,423.5974331648562,425.93344842128005,409.8149336466852,411.800537109375,5325506,-0.024622043101767077,-0.02493023499965138,2193046231.179199
2019-09-12,411.52810625775527,414.4286401248077,408.0240826472351,410.71051025390625,4064734,-0.0026469777410204065,-0.0026504871809086266,1669428975.1864014
2019-09-13,410.71044297255213,416.58940545074506,410.3211070796075,416.0054016113281,3091588,0.012892027900986758,0.012809633110964037,1286117307.5567627
2019-09-16,416.58949171903726,420.07402967193593,411.52812406263774,416.5505676269531,3888868,0.0013104782137765003,0.0013096202866501845,1619910172.826294
2019-09-17,416.20013002451117,416.20013002451117,407.45955696859136,411.0803527832031,3815108,-0.013132174743905045,-0.013219164163476576,1568315942.5460205
2019-09-18,412.55985250948805,415.4019764533803,409.05582892902476,412.0926208496094,2572672,0.0024624579101208965,0.0024594310286684532,1060179147.0664062
2019-09-19,411.91746399184734,411.91746399184734,401.8920625761667,408.6275939941406,3762272,-0.00840836909024223,-0.008443918842844182,1537368155.3115234
2019-09-20,409.5813234861029,414.07817166609584,403.8581053718846,408.4522399902344,5736082,-0.0004291291300038136,-0.00042922123225903875,2342915541.6676636
2019-09-23,413.86417645322933,413.86417645322933,395.9547200874264,402.1451721191406,4733492,-0.015441383969994948,-0.015561843792639052,1903550955.0645752
2019-09-24,398.3686214014002,409.46467423564474,398.29074944457074,407.7905578613281,5614452,0.014038178582223448,0.013940555921951751,2289520513.1656494
2019-09-25,408.60809483665207,413.47479439402053,406.5445952137827,410.30169677734375,4312820,0.006157913339596144,0.006139030869341961,1769557363.8952637
2019-09-26,410.3600419487848,410.9635316092516,402.2813219578576,406.9144287109375,6062076,-0.008255554615082206,-0.008289820425244766,2466746192.342285
2019-09-27,407.0507940374157,410.20440617891694,402.6123540663109,405.3182678222656,4458334,-0.003922595946593388,-0.00393030950412738,1807044214.2531128
2019-09-30,406.4667144886484,426.9068509931063,406.09686436244465,420.7164001464844,8559586,0.03799022532823737,0.037286367867216993,3601158208.6642456
2019-10-01,420.87217238255937,420.87217238255937,410.04861369372105,412.52093505859375,4190696,-0.019479785159402296,-0.01967201668870681,1728749832.4663086
2019-10-03,411.91740415587725,424.37615361994915,410.4184703662526,419.2369384765625,3435302,0.016280394150214095,0.016149289575535804,1440205493.222412
2019-10-04,418.92551425697803,421.1836819503217,414.50656039160344,420.1324462890625,2694188,0.002136042247980585,0.002133764153232292,1131915795.2026367
2019-10-07,422.7215664458895,424.76558046738705,416.1612642821663,418.3026123046875,1910498,-0.004355374121988276,-0.004364886393575042,799166304.2028809
2019-10-09,416.6089319567328,418.1273040664716,404.96777811513,409.2309875488281,3750540,-0.021686751382876124,-0.021925365121314412,1534837188.0413818
2019-10-10,409.21153319807445,415.07101021341714,405.4544321063803,414.0587463378906,2707552,0.01179714864208914,0.01172810476744745,1121085586.7646484
2019-10-11,408.80273674968885,424.37617434015317,408.0240648701656,420.28814697265625,4312780,0.01504472659945244,0.014932677138114032,1812610314.5007324
2019-10-14,421.41719205788837,428.19164629377246,418.1467609585282,423.1302795410156,2781204,0.006762342904103491,0.006739580822375284,1176811625.9805908
2019-10-15,424.0258299011846,427.93867572840117,420.2687279799049,422.2348937988281,3002070,-0.002116099427246776,-0.0021183415292052865,1267578707.626648
2019-10-16,423.9869779564904,430.99502717891176,421.6898856505328,428.6200866699219,3018788,0.015122371374015176,0.015009168156688906,1293913174.19812
2019-10-17,428.2695560976187,429.126076199269,422.2543345247925,425.5636901855469,1552278,-0.00713078219950225,-0.007156327739115824,660593153.8738403
2019-10-18,426.3033023103901,430.3913290457386,423.7531808151033,426.5174560546875,1647630,0.0022411824390486945,0.0022386747358008594,702742956.1193848
2019-10-22,424.4540197687003,426.673263126785,409.3867380080491,414.4286193847656,5502486,-0.028343122885858718,-0.02875254392758261,2280387676.1640015
2019-10-23,416.58944789309305,429.80738379467147,415.81077602787235,426.3812561035156,7829074,0.028841243484810875,0.02843316262148374,3338170406.2473755
2019-10-24,449.72183894439735,451.2402582920651,432.3574692263488,435.6863098144531,13502160,0.021823317929056563,0.021588598097568835,5882706264.924316
2019-10-25,436.44560551737766,442.7723147855823,427.52980264337384,441.5264587402344,4587220,0.01340448114669579,0.01331543594322103,2025379002.062378
2019-10-27,443.0643067054124,443.70672052181277,438.0418634949559,440.144287109375,303910,-0.003130438965771143,-0.0031353490396323507,133764250.29541016
2019-10-29,440.30008299647454,446.1206370681577,439.1515133038938,443.7456970214844,3218206,0.008182339331861854,0.00814904548446407,1428065064.6287231
2019-10-30,447.736319555861,447.736319555861,443.1421365707443,446.4709777832031,2441752,0.006141537326471935,0.006122754948659132,1090171402.9440918
2019-10-31,446.8610877309966,456.3189811435881,444.05298996772,453.4913635253906,5848998,0.015724170419866512,0.015601826490129119,2652470078.2772827
2019-11-01,451.9897048165763,455.1488259633382,445.94445477164766,449.298583984375,2131710,-0.009245555435546615,-0.00928856086114187,957774284.465332
2019-11-04,452.4381256462783,454.8757258930485,449.3179973304124,450.8195495605469,3022168,0.0033852000215179867,0.0033794831301725507,1362452416.4562988
2019-11-05,450.8976192382346,452.6526917487618,445.92491379174083,451.9116516113281,2878100,0.0024224815712756698,0.0024195520929118056,1300646924.5025635
2019-11-06,452.41869730080407,452.43821715047795,445.08637523182836,447.875,4576658,-0.008932391092230318,-0.008972524065230577,2049770701.75
2019-11-07,448.12849884599467,450.1565635219954,443.0972816347236,447.9139709472656,2538638,8.701299975588661e-05,8.700921434440843e-05,1137091427.3776245
2019-11-08,447.8751193161144,454.13489872722823,446.99758281601817,448.5576477050781,4026580,0.0014370544335806645,0.001436022859025725,1806153253.0963135
2019-11-11,448.5185185875614,449.9615591253489,440.79618070203793,446.9389343261719,1906640,-0.0036087075701148885,-0.003615234662922386,852151649.7436523
2019-11-13,448.5185814155718,450.8976704559842,442.55131515819824,444.0723876953125,3378350,-0.006413732191806298,-0.006434388542356147,1500231950.970459
2019-11-14,445.2034929065644,451.4047600168932,442.70737970128374,447.6606140136719,2540924,0.008080273436909424,0.008047802824511702,1137471598.0020752
2019-11-15,448.8891970563201,452.34087905755666,444.6185380373556,445.5155944824219,3061712,-0.004791619955166526,-0.004803136569617812,1364040441.8139648
2019-11-18,447.73854530396216,448.40155372276274,444.15041572681685,445.04742431640625,2484314,-0.001050850232435785,-0.0010514027626595491,1105637546.8931885
2019-11-19,444.2283905481765,445.9834632061807,440.1917329566454,442.5318298339844,2365020,-0.005652418922063918,-0.005668454296216123,1046596628.1939697
2019-11-20,442.6683191991981,443.721343734153,438.96316586669377,441.810302734375,2225036,-0.001630452435206875,-0.0016317830693324004,983043828.7548828
2019-11-21,444.07232957669873,447.9334985549929,441.3227445900349,443.29229736328125,3876184,0.003354368650378081,0.0033487553051735784,1718282510.362793
2019-11-22,440.89371144114574,442.6487840115222,432.50836471601383,434.7704772949219,2597928,-0.019223929942043805,-0.019411112488989645,1129502396.5378418
2019-11-25,435.6481201280406,439.1972582276151,431.3774615393914,438.6707458496094,1693202,0.008970867982928343,0.008930868787099268,742758184.2140503
2019-11-26,439.3531885187261,442.4733176870792,428.41321657843076,432.15740966796875,6459924,-0.014847892737925195,-0.014959226115827857,2791704022.4919434
2019-11-27,432.52789494628365,442.4343143253627,432.52789494628365,440.03570556640625,3354312,0.018230153463041354,0.018065976527112736,1476017047.6098633
2019-11-28,444.2284549378795,445.94453575188123,438.96323620068785,441.7518615722656,2413116,0.003900038074524881,0.003892452641954217,1065998485.1898193
2019-11-29,443.0583834151953,443.38988764851206,438.8071975031524,439.8017578125,2387702,-0.004414477740568912,-0.004424250318587204,1050115536.7324219
2019-12-02,444.22833330693703,444.22833330693703,438.1830838194414,438.8851318359375,2995916,-0.0020841798839587033,-0.002086354809335642,1314862988.6293945
2019-12-03,440.69870034965584,441.10823632368584,437.2080750829813,438.5926513671875,3567662,-0.000666416899398059,-0.0006666390538437617,1564750335.761963
2019-12-04,439.5482506093212,440.71829919124485,435.4335607191302,438.9632263183594,5903136,0.0008449182858325521,0.0008445615433090638,2591259623.9560547
2019-12-05,439.7822067342995,442.785359692604,434.59502043987277,437.5201416015625,2683884,-0.0032874843045515023,-0.0032928999535759918,1174253307.722168
2019-12-06,439.8602383857914,442.31731159516374,435.7650687607769,437.0520935058594,1659752,-0.0010697749685073532,-0.0010703475861667618,725398086.3005371
2019-12-09,438.80716043137727,439.31420046965883,426.67766769963737,430.6168212890625,2192234,-0.014724268141986574,-0.014833746163051678,944012836.6018066
2019-12-10,430.6168251161798,432.8399457544878,422.62149397762335,424.6885986328125,1628853,-0.013766816257905878,-0.013862457672518995,691755297.9488525
2019-12-11,425.11759734058217,428.9397745989609,420.788427660185,424.1815490722656,2387958,-0.0011939325947981638,-0.0011946459001341433,1012927723.5595093
2019-12-12,426.9116322618805,427.3016483789861,417.356237392794,418.3702697753906,2061911,-0.0136999813159836,-0.013794692078646455,862642261.3228455
2019-12-13,419.6573751793747,425.1176012504818,418.72132690244916,423.674560546875,2889796,0.012678460097874655,0.012598761353926853,1224333050.3701172
2019-12-16,425.8976463000615,432.8789450790568,425.15660607491327,430.7338562011719,4590144,0.01666207110756135,0.016524781718923524,1977130425.6386719
2019-12-17,433.30791571534627,436.038028595641,430.96781896080796,435.06298828125,3852266,0.010050596250451793,0.010000424895917594,1675978357.6142578
2019-12-18,436.8181218314437,442.2393562581955,436.03808947103045,440.4842834472656,4618387,0.012460943155456317,0.012383944593258062,2034326888.3771667
2019-12-19,441.1082037573221,447.7384773770166,440.52317961440787,444.22833251953125,3465644,0.008499847129537441,0.008463926830102496,1539537255.2263184
2019-12-20,447.3485945046728,447.5436026103854,441.10833512187,444.5404968261719,3135806,0.0007027113846389543,0.0007024645986000421,1393992757.1904907
2019-12-23,442.66846683581974,448.947719266411,441.9274264002923,445.3595886230469,1591463,0.0018425583332069007,0.001840862904898839,708773306.9888
2019-12-24,446.1785425625358,446.68558267738985,436.27212134390015,437.2471618652344,2354963,-0.018215453231610668,-0.018383397176097455,1029700888.0476379
2019-12-26,438.1050638035937,440.71815238905,436.46696776890735,437.2080078125,1848547,-8.954672814187603e-05,-8.955073768949953e-05,808199551.2177734
2019-12-27,439.1192370456331,443.8384234141855,434.47803487117983,442.7073669433594,2786795,0.012578358659015798,0.012499908272171211,1233734676.6609192
2019-12-30,442.27832289152906,450.46866220433515,440.1332340238894,444.0723876953125,1800754,0.0030833477233003226,0.003078603955331646,799665128.4318848
2019-12-31,443.91629316381466,445.78838943353657,440.7571723668715,443.1362609863281,1838808,-0.0021080498020666916,-0.0021102748666319126,814842501.791748
2020-01-01,444.1504229514591,446.8805360769894,442.16130244391417,446.1394958496094,918373,0.0067772266178278695,0.006754364454095205,409722467.2218933
2020-01-02,446.607449449524,448.5185379592282,445.0083928795473,447.3874816894531,1075642,0.002797299614702764,0.0027933944530452483,481228765.57940674
2020-01-03,447.73853239578824,459.0490005486435,446.84147622266687,456.3578796386719,3269446,0.02005062348938358,0.019852256936553424,1492037444.1531372
2020-01-06,456.3189178152183,461.93516017174625,451.98974786038895,453.97882080078125,3589985,-0.005213142895164391,-0.005226778735622134,1629777156.9924927
2020-01-07,453.9789051844312,458.46409196245605,451.67779983730276,455.7339782714844,3179728,0.003866165975776603,0.0038587115632537587,1449110091.2612305
2020-01-08,454.75872029049293,462.5590413932458,450.8585597391165,456.90380859375,3593096,0.0025669148627069927,0.0025636259637642346,1641699247.0429688
2020-01-09,457.09884172036476,458.7759298932973,451.83362468689637,452.65264892578125,2313648,-0.009304277154206453,-0.009347832317616375,1047278895.8818359
2020-01-10,453.9788143267034,460.0630569555946,450.39068466616095,452.6917419433594,2049636,8.636427439645544e-05,8.63605452172198e-05,927853291.1898193
2020-01-13,455.4998797558293,460.2190657385577,453.1987749052576,457.48895263671875,4096054,0.010597080195820396,0.010541324692614028,1873899454.4034424
2020-01-14,458.0349407754218,465.99127914400634,457.995948685306,463.5731506347656,3395378,0.013299114575293869,0.013211457668628471,1574006077.0559692
2020-01-15,465.67911105970353,466.6931431532013,461.5449509189046,464.7040710449219,2348102,0.002439572715994709,0.002436601789356411,1091172558.6287231
2020-01-16,465.6792714423989,466.69330388513544,457.68394056755034,462.754150390625,2107442,-0.004196048142880104,-0.004204876257004696,975227532.2075195
2020-01-17,456.3190262731482,469.57957917339354,456.3190262731482,467.0834655761719,4555694,0.00935554047844267,0.00931204846007917,2127889341.6245728
2020-01-20,482.0600258621261,482.0600258621261,455.616908312337,459.63409423828125,10272118,-0.015948694156196375,-0.016077243203964336,4721415652.838745
2020-01-21,459.6730506641889,462.75418794397575,454.25181635307985,455.577880859375,2640668,-0.008824874894514334,-0.00886404471910757,1203029931.493164
2020-01-22,456.47485863644675,464.11916476959783,453.588729938691,460.7260437011719,4402650,0.01130029147175815,0.011236920140875595,2028415516.3009644
2020-01-23,460.2970937269308,467.9804413245838,457.8790123646759,467.2004089355469,6089397,0.01405252714251648,0.013954705743015246,2844968768.5708923
2020-01-24,468.8047428443387,476.63119931920244,466.06548307813637,475.61376953125,3551260,0.01800803345800106,0.017847809509768685,1689028155.1855469
2020-01-27,475.61374324213693,475.8485273696255,470.9569923432108,472.9918518066406,2450421,-0.005512703568682276,-0.005527954594414382,1159029166.4958801
2020-01-28,475.3008409552967,475.3399636961383,463.79593678191316,470.7223815917969,5330709,-0.004798116936212016,-0.004809664852922948,2509284036.052826
2020-01-29,473.5006575677482,478.58785471517024,471.30925911956245,476.5138244628906,4281329,0.012303308908978128,0.012228238321146683,2040112455.573883
2020-01-30,478.9790157941339,480.42689077027035,472.44394538881136,475.73101806640625,3334901,-0.0016427779348621163,-0.0016441287741557821,1586515847.8806763
2020-01-31,475.731173096617,476.55298930271476,461.4478889677591,462.856689453125,3590768,-0.027062201379276396,-0.02743512625918232,1662010989.0742188
2020-02-03,462.8565892984113,464.6175417551739,451.97779723574286,453.2300109863281,4024193,-0.020798399777198884,-0.02101773301094882,1823885037.6011047
2020-02-04,456.2824684136562,461.17400431002903,455.8911455419464,459.021728515625,3246094,0.01277875998699396,0.012697800611045387,1490027678.8041992
2020-02-05,461.29140309720714,468.4134599894859,458.63038856113405,466.1437683105469,3006324,0.015515692073996057,0.015396554478239254,1401379198.1224365
2020-02-06,468.7655549085371,479.7617151723299,468.02203209307226,469.3525390625,4704968,0.006883650431674271,0.006860066278228995,2208288677.0078125
2020-02-07,470.8787729177373,476.7877380024796,468.9221587990214,475.61376953125,2865379,0.013340144023203493,0.013251947802964074,1362813707.3256836
2020-02-10,476.55294581835494,478.62692808784783,470.8787649698523,473.42236328125,2286213,-0.004607533234708083,-0.004618180634048692,1082344361.4243164
2020-02-11,474.2831647324458,480.3486672517139,474.0483806403166,477.9224853515625,2458748,0.009505512243068726,0.009460619125405295,1175090955.0131836
2020-02-12,479.76175908276906,485.6316011596382,477.64860638131677,480.6226501464844,4873027,0.0056497965207382705,0.0056338962810095145,2342087150.9753723
2020-02-13,478.97915975086056,480.5053283920824,472.7571169944342,479.33135986328125,2090363,-0.002686702931727347,-0.0026903185956442914,1001976539.3978882
2020-02-14,479.33138799490587,487.7839523445688,479.1748492947649,486.53173828125,3650630,0.015021713622122457,0.014910004996084575,1776147359.7216797
2020-02-17,487.58836352257765,487.9796864467531,479.25316613007647,480.1141052246094,2190578,-0.013190574327816562,-0.013278342617199032,1051727396.3947144
2020-02-18,480.11414706532435,481.95334586166564,473.6181955116891,475.1051940917969,5237465,-0.010432751461174394,-0.010487554107528975,2488346825.373993
2020-02-19,480.89664286917156,483.8706868699499,472.71798604035547,474.0876159667969,3799862,-0.00214179541216164,-0.0021440923362357534,1801467516.5828247
2020-02-20,478.19650961811897,479.72267824514853,473.61805150593153,475.8876953125,4820313,0.003796933910691358,0.003789743751755303,2293927644.254883
2020-02-24,475.84857333725233,476.6312190170833,462.93491962004066,465.7915954589844,4070143,-0.021215299224927153,-0.02144357812928901,1895838401.716217
2020-02-25,466.0656312085024,466.22216994153246,450.0213903356656,455.85211181640625,5525575,-0.021338907226919557,-0.021569873327413138,2518845032.749939
2020-02-26,451.50823565205957,461.017350396887,450.4125127775369,456.7519226074219,5460070,0.001973909449339173,0.0019719638499527143,2493897470.071106
2020-02-27,455.5779893516233,455.8128212491627,444.5427053853555,448.49505615234375,4078174,-0.01807735456906856,-0.01824274620397864,1829040877.1290283
2020-02-28,438.2815441603968,441.4121266186853,415.7413600144987,418.2066650390625,7894806,-0.06753338904809014,-0.06992193405490929,3301660488.390381
2020-03-02,423.4504627580547,442.8600673126437,420.94598686770996,430.2203674316406,8175982,0.02872671192711862,0.02832183550102651,3517473980.15448
2020-03-03,435.15101365025026,445.1297464273018,434.3683679422462,442.23394775390625,4682284,0.02792424820327577,0.027541475799626892,2070664937.8249512
2020-03-04,445.325484807329,450.33443731167193,439.064318061356,440.7078552246094,5175180,-0.0034508715060158623,-0.0034568394968934346,2280742478.201294
2020-03-05,444.5427312786526,455.42152497208093,440.7469189659634,451.1169738769531,6061347,0.023619090354172867,0.023344475338818626,2734376516.258148
2020-03-06,446.1081082217329,449.1995687009109,437.9294500172194,443.1340637207031,3288548,-0.017695876277152522,-0.017854320282182787,1457267638.9805908
2020-03-09,434.36828784109014,436.7162245321231,419.8502221886488,422.9808044433594,3699776,-0.04547892145354426,-0.04654555272181738,1564934228.7402344
2020-03-11,412.25859678432954,424.702681746414,402.279864731173,420.1241760253906,4850031,-0.006753565145179663,-0.006776473667320999,2037615277.5726013
2020-03-12,407.75837192078507,413.08035263391776,380.63970570524646,386.11822509765625,5321388,-0.08094261855970697,-0.08440671957645246,2054684889.6159668
2020-03-13,360.01701406080866,404.82347939772455,309.8885676350351,385.76605224609375,6859998,-0.0009120855444557652,-0.0009125017475704423,2646354346.8760986
2020-03-16,367.0608408902763,375.51340507128236,349.725243053692,352.7384338378906,5281571,-0.0856156683977305,-0.08950430181646653,1863013082.7436218
2020-03-17,352.19050391013036,374.5741718244192,346.9859156847923,352.69921875,5148153,-0.00011117327778531472,-0.00011117945799221497,1815749541.1054688
2020-03-18,356.1037257517901,363.7736425988192,335.7940641468928,339.86383056640625,4936397,-0.0363918815275055,-0.03707058312903488,1677702793.616516
2020-03-19,327.85033589507873,340.13788507299535,293.6878499335323,323.5849304199219,9270044,-0.04789830126775918,-0.04908342349689259,2999646542.7296143
2020-03-20,323.62402439266145,361.543221326913,322.33266365504693,348.1990966796875,11916337,0.07606709690659375,0.07331281751531354,4149257779.1307373
2020-03-23,324.79793800223877,347.49466138070846,313.4104535850966,326.4806213378906,9525470,-0.06237372683874587,-0.06440383883563518,3109881364.135437
2020-03-24,323.2325733612775,359.1168722994606,322.33253586367357,345.9684143066406,9915953,0.05969050441306645,0.0579768885215965,3430606535.749176
2020-03-25,338.10293747024355,366.2781822594305,326.950236407857,358.138671875,11976272,0.03517736609785582,0.03457278024596664,4289166148.09375
2020-03-26,360.8779195054486,365.2998627186179,345.2250062663005,350.3904724121094,9504717,-0.021634635048836448,-0.021872094917724915,3330362279.773407
2020-03-27,352.38621625536376,358.0212746865202,329.1025073523164,337.0463562011719,9150873,-0.038083558948038165,-0.038827691702290515,3084268400.7096863
2020-03-30,320.88474683374665,343.3075420490193,320.88474683374665,327.9285583496094,6325701,-0.027052058815673408,-0.02742470163517115,2074378009.4806824
2020-03-31,339.04205739239063,351.72090080638003,332.85913852046366,341.5465087890625,6381806,0.041527186616466816,0.040688084706544364,2179683559.069092
2020-04-01,338.8855847221273,339.0421234143475,319.4759811093748,323.6631164550781,8136746,-0.05236005016531753,-0.053780648621752844,2633564568.163391
2020-04-03,327.85022650394484,335.441898133217,312.5103684611104,317.5975646972656,8166356,-0.01874032427372474,-0.01891814932136979,2593614778.0509033
2020-04-07,332.6243399385644,358.412518906403,332.6243399385644,353.09051513671875,5972948,0.11175447920479198,0.1059393793682089,2108991286.204834
2020-04-08,352.9732490465646,373.1655007464446,351.4079574765133,362.4432678222656,7991061,0.02648825806585431,0.026143518605635373,2896306262.207062
2020-04-09,376.21781758418865,376.45260175291463,361.5823326608037,367.0999755859375,5069225,0.012848101143253743,0.012766264509917837,1860912373.739624
2020-04-13,367.8434557792468,368.62610142984096,355.3211253697405,358.6473693847656,2236731,-0.02302535212016965,-0.023294576221959983,802197689.1713562
2020-04-15,367.84350012238906,377.2352490616841,362.13019573809896,374.691650390625,6333188,0.044735532379289955,0.043763774323983685,2372992663.9541016
2020-04-16,370.19143671779415,372.5393739485624,357.4343206510677,359.8213806152344,10484842,-0.039686685731822435,-0.040495678737690076,3772670323.972595
2020-04-17,367.8434935249777,371.75672217949875,355.04723104780345,356.2994689941406,4706460,-0.009787944271326676,-0.009836161084824064,1676909198.842163
2020-04-20,358.4517270351978,370.6610046106668,354.92982142022316,367.8434753417969,4800719,0.03239972930705126,0.031885926664545476,1765913161.0993958
2020-04-21,358.45177867851993,363.8911765768775,350.5079285349152,356.6517028808594,3405204,-0.030425366252692654,-0.030897825573552463,1214471805.2567139
2020-04-22,354.5384607617132,367.4129905793562,352.19052393547673,361.89532470703125,3768051,0.014702360268621817,0.014595328375509533,1363640040.1576538
2020-04-23,363.93020335554087,376.2568715337124,361.8953200222546,373.86981201171875,3052968,0.033088261956357945,0.03255262884603766,1141412572.237793
2020-04-24,375.6699240698414,388.89663120291027,364.04763101704054,366.3564453125,6738184,-0.020096211188570745,-0.020300886819184044,2468577138.1015625
2020-04-27,370.2696437351835,380.13098322117173,365.6911621290695,378.0960998535156,2914569,0.032044351044518304,0.03154164195426866,1101987171.6539612
2020-04-28,382.713697119357,382.713697119357,367.4129852443358,368.704345703125,4262237,-0.024839595420395044,-0.025153303998269025,1571505304.3166504
2020-04-29,371.6001440301598,392.1054695567687,367.9999931577572,384.8659973144531,3849090,0.04383363472569757,0.042900123051277696,1481383861.6030884
2020-04-30,396.4100025624548,442.58609368029255,392.1054516955377,425.4070129394531,8035267,0.10533800311768293,0.10015117337075782,3418258932.6409607
2020-05-04,412.84567366077533,412.84567366077533,397.7406187564475,402.4756164550781,7032527,-0.053904603795609685,-0.05541187336074699,2830420639.561981
2020-05-05,411.6716457699847,414.7239831636734,403.57128173359297,407.2888488769531,4592828,0.011959065903840216,0.011888121335582265,1870607629.2098389
2020-05-06,400.87113565540574,412.2194982646864,396.1752614722551,406.2713623046875,6921533,-0.0024981940337213127,-0.0025013197272475076,2812020641.1468506
2020-05-07,414.8021411383274,424.0373490664964,397.2317390023686,400.51885986328125,19998641,-0.014159261457104888,-0.014260460201678518,8009832892.135071
2020-05-08,407.6409849683961,408.9323694531773,393.2011864446912,405.7235412597656,10120968,0.012994847229568673,0.012911138609550746,4106314977.9367676
2020-05-11,411.6716742375869,418.6372406849111,407.9149841025082,412.884765625,4425540,0.017650502465296647,0.01749654136722773,1827238045.6640625
2020-05-12,411.2411958212877,422.6286812911863,406.9757671692905,412.7673645019531,6439945,-0.00028434355738260475,-0.00028438399067673,2658199125.1875305
2020-05-13,422.51126173034345,422.51126173034345,408.188854984534,413.82391357421875,3502017,0.0025596720165619313,0.002556401635691895,1449218380.3434448
2020-05-14,406.5061795946903,412.88471313583375,402.5537807510368,404.9800109863281,3741672,-0.021371173336759086,-0.021602843516981933,1515302367.6672363
2020-05-15,405.37136039161885,405.37136039161885,395.43175018982083,400.12762451171875,4895121,-0.011981792540306846,-0.01205415280114556,1958673137.4274292
2020-05-18,402.8277577251758,405.91921784292964,397.19269904212746,399.7362976074219,5159655,-0.000978005217146416,-0.0009784837762964722,2062501386.6316223
2020-05-19,400.71460443801254,407.367092988253,396.17526886339385,405.60614013671875,3966934,0.014684287027298293,0.014577516844771331,1609012787.9171143
2020-05-20,403.10167191987375,413.745682462668,403.06254918732577,412.2586364746094,3138708,0.016401369899499585,0.0162683202586146,1293959480.3719482
2020-05-21,414.64567133430097,420.6720526186177,409.6367676481829,418.5980224609375,4523685,0.015377206019354217,0.015260175002013305,1893605595.236206
2020-05-22,417.6588325077662,418.71538493228024,409.32363798052813,415.115234375,6410434,-0.008320125511970144,-0.008354930947752514,2661068812.3554688
2020-05-26,414.8021663054255,419.889362684643,407.17137173659927,410.1062927246094,4055691,-0.01206638840401053,-0.012139778232838322,1663264400.4465637
2020-05-27,414.5674996116444,417.85462160311374,403.8452423444535,415.5458068847656,4828798,0.013263669094219388,0.01317647678240701,2006586761.1935425
2020-05-28,415.5848564658796,427.32454167678014,409.323691020066,424.70269775390625,4492767,0.022035815829276162,0.02179653601019251,1908090265.2797241
2020-05-29,422.62863914839846,434.3683235691873,420.04591812960456,430.6507568359375,7853755,0.014005230278706371,0.013908063221474021,3382225534.7540283
2020-06-01,435.93369215862623,448.7691018432113,434.7597235082888,438.0859680175781,4503261,0.0172650600599622,0.01711771246931932,1972815454.420807
2020-06-02,437.7338015523281,444.3471683452423,430.45520491392915,438.4382019042969,2930058,0.0008040291459521232,0.0008037060876722707,1284649360.9953003
2020-06-03,441.41208459247264,444.8557440762831,435.9335658120696,440.472900390625,4202273,0.004640787407417246,0.004630052154076193,1850987376.543213
2020-06-04,442.19469587161143,456.8301758905204,437.49882299509875,453.11260986328125,5315353,0.028695770980341706,0.028291758113386103,2408453470.1746216
2020-06-05,457.8476730711455,459.5303802079398,448.06460313372787,450.7647399902344,3995824,-0.00518164761240103,-0.005195118904198566,1801176566.4067383
2020-06-08,453.26915835510897,456.6736471569492,446.9297011728301,452.56475830078125,3771973,0.003993254464814244,0.003985302586423571,1707062049.0620728
2020-06-09,449.35610079207186,456.752065314764,446.1081016462073,448.338623046875,3812291,-0.009338189013598619,-0.009382063251525498,1709197297.5939941
2020-06-10,450.0213456928028,459.80441842525505,448.92562243920423,452.9171447753906,6491708,0.010212195633292342,0.010160403472798202,2940205852.0755615
2020-06-11,453.93452444368046,457.7695076370596,449.3168955185019,452.4083557128906,4975680,-0.001123360129703932,-0.001123991571629854,2251039207.3535156
2020-06-12,434.5249660084195,452.91714265950736,434.5249660084195,446.6950988769531,6624056,-0.012628539600986644,-0.012708957363821662,2958933349.8864746
2020-06-15,449.86461201613764,454.7170235423119,441.1772663021448,453.11260986328125,3787100,0.014366647412211497,0.014264425031953637,1715982764.8132324
2020-06-16,457.84777508004754,464.5002641196722,452.6823321097841,454.6389465332031,4728405,0.003368559242662439,0.003362898356102382,2149717067.9823303
2020-06-17,453.9345223168113,455.3823978062946,448.4560022198843,450.6865234375,3572351,-0.008693542702053692,-0.008731551995020273,1610010452.6884766
2020-06-18,447.0471073977857,456.90842133090666,446.18616870909153,453.11260986328125,1918229,0.0053830906841343396,0.0053686536389179985,869173748.5054321
2020-06-19,449.2386124316703,452.36919509669934,443.916631454901,445.7949523925781,6182627,-0.016149754633646318,-0.01628158318024608,2756183909.126068
2020-06-22,450.02125809792756,451.3126425548122,442.507878809418,445.7949523925781,2666273,0.0,0.0,1188611045.1006165
2020-06-23,445.87328503318435,456.67378662845687,441.2165333535434,454.13018798828125,4521803,0.01869746517085491,0.018524816312814805,2053487246.4359741
2020-06-24,450.02126850605435,453.7779582371941,433.89878651583285,437.968505859375,5339893,-0.03558821359244957,-0.036236911257112696,2338704958.6589355
2020-06-25,436.40322824466915,438.8294586039879,428.8898485455923,430.4942626953125,6353371,-0.017065709209836077,-0.01721300665401346,2735089764.2747803
2020-06-26,430.4942399694099,449.1603678056036,426.5418889012609,440.1599426269531,7034875,0.022452517418290574,0.02220417012383171,3096470176.387787
2020-06-29,439.84690218204264,442.8992396499425,430.6899375472476,433.3509521484375,3857610,-0.015469355157305631,-0.015590254071307848,1671698966.517334
2020-06-30,436.71631535508027,438.9077138353393,432.99874815447697,435.8162536621094,3110587,0.0056889260343135906,0.005672805205837998,1355644373.0300598
2020-07-01,436.6771809949249,437.96851774782795,431.2377837872041,431.82476806640625,3004648,-0.009158643263446842,-0.009200841486586835,1297481425.7211914
2020-07-02,434.36844457826714,447.986501407745,432.72490740904914,445.4820251464844,5243652,0.03162684980120889,0.031137022023696063,2335952712.123413
2020-07-03,447.67329083126896,454.36490127155827,446.5775678650321,453.26922607421875,3735570,0.017480393120628657,0.017329368488634894,1693218922.8460693
2020-07-06,453.26934494754084,460.9783871531493,451.7822987846442,452.9171447753906,3288417,-0.0007767597678701721,-0.0007770616020505498,1489380438.4708557
2020-07-07,455.4998670638702,465.2438170728845,450.1387623065072,463.3654479980469,7255475,0.023068906406353396,0.02280684189205699,3361936423.813629
2020-07-08,465.47855300184875,465.47855300184875,448.4560081884142,449.94305419921875,4625011,-0.028967187469024935,-0.029395018747888763,2080991575.044983
2020-07-09,450.53007005077825,463.0132322396198,450.021331177536,460.3913879394531,4807930,0.023221458010569185,0.022955942535006917,2213529565.815735
2020-07-10,460.39133935242876,460.62612351187505,453.8170962745141,455.6954650878906,2376881,-0.01019984946412611,-0.010252224377199979,1083133892.7535706
2020-07-13,457.8477682260242,473.50068337905066,456.55638361833707,471.622314453125,5443990,0.034950642666945475,0.034353737335714785,2567507163.659668
2020-07-14,473.187466563863,480.3486922441844,460.2738153670743,462.8174133300781,6212718,-0.018669390427924704,-0.018845863377265935,2875354074.5092163
2020-07-15,464.6174901106476,491.46221946937095,463.7174287363471,481.4834899902344,9928037,0.040331405263793974,0.03953932129980917,4780185903.5121765
2020-07-16,493.066891906082,510.4416395556026,475.18345310879937,491.3059387207031,20771204,0.02040038533962596,0.0201950849213025,10205015879.579224
2020-07-17,492.67546957841034,504.5325710753486,480.0748928794386,487.7056884765625,26830157,-0.007327919246234216,-0.0073549003374528965,13085220191.619263
2020-07-20,495.4147686263099,510.2850381427395,490.60147807000834,507.6240234375,10543170,0.040840891200502494,0.04002893568469409,5351966375.185547
2020-07-21,510.28508354430005,518.3854488150847,503.47605523770284,510.5589904785156,8801061,0.005781773331255735,0.005765123027854865,4493460819.299835
2020-07-22,514.1982933720413,514.9809391762606,503.31949758583033,508.8371887207031,3837958,-0.0033723855419699467,-0.0033780848512113466,1952895759.1481323
2020-07-23,510.28939088622656,515.7455716489617,505.2257404241732,512.5267944335938,3172594,0.007251053568169574,0.007224891073552473,1626039432.859253
2020-07-24,503.22393739630553,537.609588433884,503.14545048835083,533.8020629882812,12365728,0.04151054888398442,0.04067211021678914,6600851116.751953
2020-07-27,536.9814282836453,552.9966830305525,531.0934740261492,550.4059448242188,11348828,0.03110494130162622,0.03063098579254762,6246462397.987549
2020-07-28,551.1124536646408,562.1425437594289,546.1665822534724,559.3163452148438,8469603,0.016188779344435744,0.01605913833778505,4737187395.380676
2020-07-29,557.3930447699536,557.9818402397809,543.6544838073138,545.1461181640625,7142681,-0.025334906036651228,-0.025661360362574957,3893804820.434204
2020-07-30,547.9725379101201,559.3951650411722,543.7724810339262,545.9706420898438,7966760,0.0015124824305052798,0.0015113397809671187,4349617072.575684
2020-07-31,550.9948347918104,562.6530149717854,546.4022488494674,553.6248168945312,6322671,0.014019388982875025,0.013922026271068595,3500387574.659363
2020-08-03,556.6864129419774,563.6734709545892,549.9741548697183,554.2135009765625,5546316,0.0010633267586039885,0.0010627618271419014,3073843207.882324
2020-08-04,557.0005931244094,558.1781842303807,539.3759699884453,543.7723388671875,6683186,-0.018839602591739335,-0.019019328798137693,3634131682.3044434
2020-08-05,543.7722989040019,551.4266405302784,534.6263228199305,540.435791015625,6052220,-0.006135927874730385,-0.006154830041393065,3270836303.100586
2020-08-06,543.261980476024,555.5089076901772,538.8656599161485,553.3892822265625,5132907,0.023968603534925803,0.023685865536845898,2840495720.4656982
2020-08-07,549.4639174235721,549.4639174235721,537.7664956509245,541.9273071289062,7371589,-0.020712318553657183,-0.02092982727217064,3994865376.031067
2020-08-10,545.5780261095417,545.5780261095417,537.8451482874717,543.3013305664062,3769570,0.0025354386454143896,0.002532229843521178,2048012396.663208
2020-08-11,544.8322769407337,550.288459902582,535.0190154684582,536.8246459960938,3956468,-0.011920980505533474,-0.011992605187027099,2123929533.494873
2020-08-12,534.3123238260442,564.4586755974951,531.5253677648392,562.967041015625,13085350,0.048698201944553654,0.04754958730020982,7366620770.153809
2020-08-13,562.8884173531227,572.3091440033842,559.7874185808196,568.8548583984375,8850347,0.010458547221859682,0.010404234973460994,5034562889.462036
2020-08-14,571.4455149766848,571.4455149766848,555.2339976806468,556.6863403320312,3887203,-0.021391252771692404,-0.02162336165458758,2163952812.197693
2020-08-17,558.2566607467174,565.8717593401855,556.8043175762407,564.3408813476562,3344102,0.013750186525251396,0.0136565104427845,1887213469.99646
2020-08-18,564.4194310602032,566.5783481045896,559.2772927741077,560.8866577148438,3634301,-0.0061208105720850225,-0.00613961952307508,2038430941.0197144
2020-08-19,560.376390373334,560.6904338603711,553.4678649052955,557.275390625,4858027,-0.006438497047793423,-0.006459313569425402,2707258894.091797
2020-08-20,556.2155406205696,561.985717958721,554.2921322024174,557.4716186523438,3025569,0.0003521203890299862,0.00035205840919494977,1686668847.774353
2020-08-21,561.3184107756662,561.3184107756662,551.6621735721566,554.1743774414062,4164686,-0.005914635114355082,-0.0059321958464086215,2307962271.2889404
2020-08-24,554.2921471225319,556.1763121372154,546.0882524920706,554.0173950195312,4066936,-0.00028327260924576603,-0.00028331273850986695,2253153288.4311523
2020-08-25,553.4677482776445,558.6098858592339,545.3816333115997,550.7985229492188,3982510,-0.00581005596439621,-0.005827000001963866,2193560625.630493
2020-08-26,553.2322148251072,563.47724607966,547.1872386172386,559.5911865234375,4511228,0.015963484301190434,0.015837407861974954,2524443429.197754
2020-08-27,560.1801031626734,565.2437547152589,554.6454343143478,557.5109252929688,3917059,-0.003717466036934458,-0.003724392986263675,2183803187.517151
2020-08-28,560.2978918633853,562.6138307625027,552.0547536205083,554.606201171875,5416681,-0.00521016537849428,-0.005223785619867919,3004124872.369873
2020-08-31,553.4677416377708,569.1689541665019,538.5515897354762,545.1461181640625,7786675,-0.017057297570462593,-0.017204449008339243,4244875649.6551514
2020-09-01,545.617338852932,552.6828871258476,535.7255904373765,541.3779907226562,6377322,-0.0069121421135612815,-0.00693614162381554,3452541770.5513916
2020-09-02,541.6133924694249,553.310768071308,540.985305580589,551.0733642578125,4090511,0.01790869540561557,0.01775022393462606,2254171658.303589
2020-09-03,553.3107967872289,562.4175300686486,547.6583499084693,554.8416748046875,5467610,0.006838128625487494,0.0068148546639256085,3033657889.5788574
2020-09-04,545.7350285382242,553.0753277743845,543.3013113340738,550.1705932617188,3354824,-0.0084187647667473,-0.008454402726203663,1845725510.3686523
2020-09-07,546.6771538138088,559.2774199437085,540.9462186670419,556.451171875,4238823,0.011415693041764596,0.011351025700939592,2358698025.720703
2020-09-08,556.4510429473311,580.0813999719036,552.0547219697061,569.8756103515625,11522742,0.024125096962825943,0.02383868415853949,6566529630.173584
2020-09-09,559.0417203155348,573.800900204908,557.5501336952625,566.7745971679688,5514179,-0.005441561504414438,-0.005456420729658087,3125296581.4370728
2020-09-10,572.0345595888789,572.2700682408835,560.3763781934181,567.1279296875,3366359,0.0006234092376347089,0.0006232149988185806,1909156210.2548828
2020-09-11,558.9632077231862,576.2345427932846,557.5108646224486,566.5390625,7221661,-0.001038332193980418,-0.0010388716342974397,4091353052.6328125
2020-09-14,586.4955916409899,649.5536890526722,585.8264548166211,625.818359375,32312474,0.10463408580057099,0.09951413605752948,20221739466.027344
2020-09-15,622.7482107460344,637.5483611041464,616.4502703341167,624.0471801757812,14024028,-0.002830180950567862,-0.0028341934852621053,8751655128.106201
2020-09-16,621.9610833760527,626.8813502340518,613.4588718553265,621.331298828125,7471292,-0.0043520448997000916,-0.004361542613439477,4642147562.28418
2020-09-17,625.818456483747,643.5707658587015,621.5279751014616,636.328125,19972637,0.024136601842141392,0.023849917956761935,12709150653.515625
2020-09-18,636.3280239601972,648.6877392821403,632.9428912413117,638.138671875,8847382,0.002845303867403226,0.0028412636522996775,5645856599.050781
2020-09-21,647.9005241753523,669.0773649022063,624.6375198248788,631.8407592773438,24911507,-0.009869191251411724,-0.009918214532828462,15740105497.622864
2020-09-22,640.7761211782947,654.5922191401492,622.3546251961723,646.326171875,21882919,0.022925733082214794,0.02266688715160069,14143503266.720703
2020-09-23,654.9858264382323,665.0625218504641,637.7845952882196,640.8941650390625,18070370,-0.008404435828707313,-0.008439952236419255,11581194693.096924
2020-09-24,638.4536662788382,638.8079350130545,617.1981188194935,620.583251953125,10553627,-0.031691524426189055,-0.03220456935761081,6549404163.560303
2020-09-25,626.0546760915113,658.1348119616516,623.9684639869146,651.6007080078125,19813100,0.049981136224782174,0.04877219850784302,12910229987.82959
2020-09-28,660.0242059340968,665.0231771551895,646.1687075359821,657.5443725585938,11145837,0.009121636115088316,0.009080285260461427,7328882396.805359
2020-09-29,659.236844367337,662.1496029817959,637.8238401980775,639.831298828125,10554255,-0.02693821811833741,-0.02730770253067901,6752942684.813232
2020-09-30,643.9643353432219,645.9324415025839,635.3833732686172,638.9259643554688,9470272,-0.0014149580902254044,-0.0014159600887260761,6050802670.308594
2020-10-01,645.4600526988382,646.2866475957795,638.6110343180375,639.9887084960938,4321350,0.0016633290864882522,0.001661947286709583,2765615205.4595947
2020-10-05,652.4665107708653,660.65385119234,641.6812799625935,648.84521484375,11889998,0.013838535321143652,0.013743657106204208,7714768306.801758
2020-10-06,653.4112633581341,656.9538545450156,647.66440282042,652.7421264648438,7848500,0.006005918718275716,0.00598795507800933,5123046579.559326
2020-10-07,653.4113533721472,653.883679709012,647.9006552111773,651.876220703125,6980002,-0.0013265663829732377,-0.0013274470510867575,4550097324.260254
2020-10-08,675.060405982401,691.9861187854582,664.826254054971,668.8018188476562,25860257,0.025964435589129087,0.025633082979306113,17295386917.467834
2020-10-09,671.4389957891303,678.9965028620727,668.6048945996832,673.6826171875,7286954,0.007297824560724697,0.007271324290508685,4909094242.044922
2020-10-12,677.6583309768573,686.4361040274327,674.7849246960116,681.5945434570312,8717550,0.011744293332908162,0.011675864365450633,5941834512.313843
2020-10-13,681.9881919029154,713.7140561484597,679.6264643206248,708.8331909179688,18948618,0.03996312429789084,0.03918525511877843,13431409360.42566
2020-10-14,711.667310730528,716.9418457628727,694.3479735224842,701.0001831054688,15441198,-0.011050565792998346,-0.011112076869749993,10824282625.367798
2020-10-15,708.4787848685111,711.4309437742501,656.1271669400726,677.0284423828125,15648823,-0.034196482826095886,-0.034794863828572685,10594698260.814331
2020-10-16,676.2413183829489,690.4116836109966,646.0111866766589,651.1676635742188,28982990,-0.038197477668111435,-0.038946127630172675,18872785881.694946
2020-10-19,661.1262114833942,678.3668406602457,655.7729723394957,665.0230712890625,15671485,0.021277788333026626,0.02105457693990577,10421899086.360474
2020-10-20,666.7550839407419,697.49689575197,664.1177925819741,692.4979248046875,21563969,0.0413141358575253,0.04048350766326629,14933003783.052612
2020-10-21,693.5607963909061,701.9449500960137,677.0287002226779,685.7277221679688,11161929,-0.009776495198347668,-0.009824598908091517,7654044148.170593
2020-10-22,679.2818814355832,694.3875596083604,673.4689270023789,685.0947875976562,9607794,-0.0009230114954539292,-0.0009234377328658373,6582249589.712036
2020-10-23,688.8516190229207,692.371019842077,672.7177615651318,674.180908203125,5447267,-0.01593046625387662,-0.016058720050351395,3672443413.284912
2020-10-26,674.6157295475889,680.8636553782296,665.9556469290644,670.503173828125,6612856,-0.005455114985089327,-0.0054700484588111175,4433940936.068359
2020-10-27,671.4127943997108,678.1352264279064,663.3063322480633,670.0682983398438,5807904,-0.0006485808050666897,-0.0006487912245846662,3891692350.201172
2020-10-28,673.8249806542975,673.8249806542975,649.7823798764855,656.109375,6853002,-0.020832090362173927,-0.021052139781283764,4496318859.09375
2020-10-29,652.4713135488022,666.3116141392313,647.6865335703385,664.3739624023438,6690978,0.01259635621323607,0.012517682100857278,4445311566.206909
2020-10-30,666.5488718173783,679.9146672255845,658.7983130824011,665.8766479492188,8727274,0.0022618068014605974,0.0022592527668872037,5811287956.85437
2020-11-02,665.8766218647314,667.379254061501,647.8842316660391,650.4150390625,5953172,-0.023219929598579214,-0.0234937593407335,3872032598.9257812
2020-11-03,654.8441107127741,658.0076088321595,642.4669050122186,643.8114013671875,7011687,-0.01015295972373409,-0.01020485256204179,4514204033.418091
2020-11-04,642.3481245091874,665.718450725391,641.0826966499674,644.6812133789062,10077502,0.001351035427256564,0.001350123600075199,6496776217.1883545
2020-11-05,659.5891898913793,673.1131215986825,656.4652266399443,666.6279907226562,8903859,0.03404283681344222,0.0334762034809565,5935561634.847839
2020-11-06,669.0797000984633,676.8302590742176,661.4873256469365,672.322265625,5871913,0.008541907903043322,0.00850563223695095,3947817851.7128906
2020-11-09,685.5300022529798,690.2752492204962,669.9497650554044,676.1976928710938,7505062,0.005764240520118813,0.005747690852784907,5074905609.254517
2020-11-10,671.0568868452543,671.0568868452543,637.2470083389084,640.3709716796875,10397497,-0.05298261376682345,-0.05443782668985059,6658255256.926636
2020-11-11,642.9808570309907,655.6348468372587,636.9306488464127,653.3017578125,9779484,0.02019264879995286,0.019991480834730357,6388954087.699219
2020-11-12,654.171599154639,661.9616905413271,650.0985778076116,652.2339477539062,4699639,-0.001634482145232874,-0.0016358193684847444,3065264097.98822
2020-11-13,650.8104659832136,657.5724314402628,647.0538131436157,654.9229736328125,3918289,0.0041227934978951275,0.004114318071750712,2566177483.4327393
2020-11-14,659.589166006218,659.589166006218,655.6347945073798,656.8211059570312,475390,0.0028982527726733043,0.002894060935488836,312246185.5609131
2020-11-17,662.7131360584104,662.7131360584104,643.7716867271376,644.5625610351562,5977903,-0.01866344551156518,-0.018839805379793514,3853132467.2997437
2020-11-18,647.7260912592153,648.4378974811427,632.8971972285557,644.0089721679688,5816221,-0.000858859792133182,-0.0008592288235170618,3745698508.1117554
2020-11-19,644.5626205691856,648.8728956002262,635.0721279963877,636.2979736328125,7170339,-0.011973433396740174,-0.01204569232122482,4562472175.960327
2020-11-20,643.7322036149773,651.2850442001068,635.8629939731461,647.923828125,7455575,0.018271085205272763,0.01810617462909247,4830644694.873047
2020-11-23,652.471356496873,665.9162208125662,645.5512057461485,663.7017822265625,7116516,0.024351557106985444,0.024059785184643093,4723244352.443848
2020-11-24,667.4188503643043,678.0956535628515,660.6568363883147,664.7298583984375,8465615,0.0015490031809557436,0.001547804712989275,5627347060.205688
2020-11-25,664.7297501791941,669.0795581815564,650.4940148987355,652.2339477539062,5610232,-0.018798479542709523,-0.01897741700942895,3659183765.175293
2020-11-26,651.7594852691643,668.2887772941243,648.2005509522133,665.9556884765625,8414555,0.021038065819649177,0.020819821366725503,5603720768.248901
2020-11-27,665.9161520514153,670.5032132783024,644.0484586286835,650.177734375,11723771,-0.023692198106537776,-0.023977371495478166,7622534867.111328
2020-12-01,651.6805226207666,660.9337629966737,644.6417209684683,659.6683349609375,8078785,0.01459693262959938,0.014491422914657852,5329318649.457397
2020-12-02,661.2895635083595,670.2264334205485,657.4537942007998,666.82568359375,7062229,0.010849919957483412,0.01079148189481856,4709275680.620605
2020-12-03,671.056857907086,683.3154098193545,666.9443018048717,681.891845703125,9633229,0.02259385395622182,0.022342393432735246,6568820302.890869
2020-12-04,684.8971948995795,686.3602931552854,675.7626057072831,678.9656372070312,5577388,-0.004291308826367413,-0.004300542919120374,3786854797.3708496
2020-12-07,678.57012360101,680.1123380816028,672.5594984579864,676.4347534179688,5314265,-0.0037275579946481896,-0.0037345226517790896,3594753534.8727417
2020-12-08,679.3609180965143,692.5685265076804,676.9882955653273,683.1571044921875,8722526,0.009937914987737217,0.00988885865462013,5958855606.017822
2020-12-09,684.9760837676635,695.9692537893785,683.3943354635967,688.4954833984375,5952003,0.007814277083773025,0.007783903748430146,4097927182.67395
2020-12-10,688.4956693806341,694.2295085317486,684.1063263053883,685.4903564453125,4641898,-0.004364773663135146,-0.004374327096886016,3181976314.602783
2020-12-11,688.8514236180324,697.3928552669921,676.3556209953756,681.9312744140625,5637035,-0.005192023487691433,-0.005205548878048212,3844070461.466675
2020-12-14,684.9761152952517,692.5290024117113,678.6491217877702,690.4331665039062,5143894,0.012467373779196267,0.012390296051417041,3551515022.5804443
2020-12-15,691.7777903153693,703.0872836489709,688.0606712875193,700.7146606445312,7527270,0.014891367679636058,0.014781579849346806,5274468443.629761
2020-12-16,700.9123156057941,705.4598426181872,694.743506008427,699.9632568359375,4378179,-0.001072339214228224,-0.00107291458128596,3064564431.850708
2020-12-17,701.5055301941311,701.5055301941311,693.596786899947,695.455322265625,4863371,-0.006440244578965193,-0.006461072426530278,3382257246.102295
2020-12-18,707.6346545909826,715.741114730192,701.2285932040586,704.39208984375,11568187,0.012850239680402664,0.012768375917234339,8148539416.633301
2020-12-21,701.228738643715,720.0910719616016,672.243175362286,688.4165649414062,8875855,-0.02267987550213335,-0.022941019914571665,6110285610.018005
2020-12-22,695.2971034035847,727.0111409366432,689.6423333116702,722.7008666992188,10251896,0.04980168041239774,0.04860127053243578,7409054124.510254
2020-12-23,727.604329698877,739.4674437700543,723.4917738333086,729.6605834960938,10723068,0.009630148679165229,0.009584074362878421,7824200053.748291
2020-12-24,733.8918189630931,734.129071599714,720.249237239317,727.0902709960938,4390561,-0.003522613881216663,-0.0035288328945785896,3192334187.3148804
2020-12-28,731.5587003868363,733.5358860635575,722.4636462739189,729.0278930664062,3884750,0.002664898909537028,0.0026613543622816043,2832091107.5897217
2020-12-29,734.7223295668794,747.3763201729828,731.7565505185738,740.1793823242188,6760167,0.015296382160232103,0.015180571997734071,5003736234.468567
2020-12-30,741.8400936023777,751.3305852049667,736.3039735008674,743.9754638671875,6382809,0.005128596707258737,0.005115490247895834,4748653286.550659
2020-12-31,742.6705904732929,751.2120242793459,739.4675588299159,748.2858276367188,3468390,0.005793690758463921,0.005776971877098727,2595347081.716919
2021-01-01,745.0035817137773,755.680384636427,745.0035817137773,751.7260131835938,3142822,0.004597421760265119,0.0045868858963761415,2362541052.2056885
2021-01-04,758.4484996271526,778.7739800221708,753.4264668265026,775.3732299804688,5259092,0.031457228274871074,0.0309725871094601,4077759150.8044434
2021-01-05,764.9337372015591,787.552725965738,764.9337372015591,784.0333251953125,7150252,0.01116893759030324,0.011107025574617579,5606035851.544434
2021-01-06,789.2134729055446,789.2925410260508,764.0636318791886,773.6332397460938,5995748,-0.013264851269718658,-0.013353615243822786,4638509949.941162
2021-01-07,781.3838655776997,781.5420501035021,758.7648782510117,761.256103515625,5261000,-0.01599871307821643,-0.016128074083397836,4004968360.595703
2021-01-08,771.0234201248105,793.6424071383855,767.1481165164264,786.6431884765625,8034775,0.033348941103651164,0.032804927002778136,6320501024.691772
2021-01-11,802.7373773613306,837.5754272814562,797.2012575174592,834.451416015625,13384331,0.060774984439450064,0.058999758383557546,11168573955.371826
2021-01-12,831.9996774980654,842.320624661881,821.4810117797113,839.9874877929688,6700542,0.006634384783930969,0.006612474109043401,5628371441.431274
2021-01-13,841.4901722960781,843.8627949623263,823.3000651881741,835.1235961914062,6691409,-0.0057904333960284715,-0.005807262953887382,5588153547.6675415
2021-01-14,829.6270933509508,829.6270933509508,796.0940056363197,812.7814331054688,15021108,-0.026753121559286885,-0.02711749985277705,12208877687.072021
2021-01-15,828.5595448997797,832.6720529664688,778.2203724353194,782.8074340820312,23769415,-0.03687830184421548,-0.037575501174986224,18606874765.780945
2021-01-18,790.8743393402955,794.7891769742578,772.6051614099903,776.2431640625,12947569,-0.008385548902239193,-0.008420905412005018,10050461927.47754
2021-01-19,781.3837097390361,788.5015775403027,774.5426285993667,778.1015625,6387923,0.002394093144439502,0.0023912318693102117,4970452867.4296875
2021-01-20,784.3497525335164,798.5064247992223,781.0280701183686,790.2813110351562,7444118,0.01565316036125597,0.015531913276504584,5882947332.540405
2021-01-21,801.1993051344313,809.9338862607729,780.5142386146225,788.732666015625,8857975,-0.0019596123531033793,-0.001961534905439384,6986574237.249756
2021-01-22,787.4623366741783,797.2291784703777,779.283600811187,782.7774047851562,5379466,-0.0075504178881704576,-0.007579066590867088,4210924434.6099854
2021-01-25,791.6706660851954,791.6706660851954,747.2037079098986,752.3650512695312,7731883,-0.038851854089953064,-0.03962672381800877,5817198549.705017
2021-01-27,756.0176692921054,764.871377606594,748.3947816187022,758.7174682617188,7531736,0.008443264318921395,0.008407819337224072,5714459669.535645
2021-01-28,753.397441031351,756.2560607750762,738.5486409414563,741.6057739257812,6960905,-0.022553447168076612,-0.022811666027277324,5162247339.74884
2021-01-29,747.2038970212707,753.9533477382535,722.191226717158,725.7644653320312,7692663,-0.021360821545242437,-0.021592265720288096,5583061449.1744995
2021-02-01,729.7346212901098,741.4469016644614,711.7493035664888,737.1589965820312,8651478,0.015700040156674033,0.015578069499277104,6377514841.431519
2021-02-02,751.9680786109009,764.6729247120354,742.8761634267481,758.0426025390625,7690178,0.02832985292706436,0.027935984171745115,5829482545.108643
2021-02-03,767.0549449920588,772.8515202870675,756.374925971762,762.2112426757812,6354619,0.005499216169059462,0.005484150686814287,4843562044.72113
2021-02-04,766.0228066435712,770.5886106059073,754.4693471797315,760.4247436523438,4623148,-0.002343837145678762,-0.002346588231533651,3515556132.7668457
2021-02-05,762.9261834099033,765.3877770171168,746.4495821329613,751.2933349609375,4631703,-0.012008300318513854,-0.012080982401657987,3479767593.418579
2021-02-08,758.3206266773117,765.7847443783106,747.4817836743458,760.5042724609375,6509526,0.012260108098095746,0.01218556165266,4950522334.695557
2021-02-09,766.2610558877055,779.6805694131434,751.6504630007842,755.6207275390625,7557977,-0.006421456260951919,-0.0064421625016178805,5710964079.463501
2021-02-10,758.3602127937744,766.3404347493426,751.2931710596748,761.8540649414062,4896963,0.008249293825812298,0.008215454375173846,3730771167.4176636
2021-02-11,761.8540009386594,772.216380724766,756.7720434172429,770.5488891601562,3745595,0.011412716186555594,0.011348082440705136,2886164066.4938354
2021-02-12,774.2016129575524,783.3332217257696,760.3850724787134,762.6084594726562,8045740,-0.010304900570493936,-0.010358363663432955,6135749386.717529
2021-02-15,770.2312948812818,771.2238609829328,754.429623156939,758.0426025390625,4643228,-0.005987157468396065,-0.00600515235711074,3519764637.302246
2021-02-16,759.9087557409932,764.0775341815786,749.6654521866373,756.1766967773438,3277086,-0.0024614787552426076,-0.0024645131745356878,2478056066.5352783
2021-02-17,755.9383392212543,761.0202970222438,747.2037575705886,748.95068359375,3643176,-0.009555985015657575,-0.009601936415372934,2728559155.6523438
2021-02-18,749.5859551541909,759.710129866284,745.0995367780685,752.841552734375,5133094,0.005195093917205851,0.005181645972251558,3864406457.291504
2021-02-19,754.350110982936,760.7025329701607,749.9431279223256,754.46923828125,5494816,0.0021620559345629786,0.0021597220550109175,4145669642.015625
2021-02-22,753.9531984105853,755.5016111967158,727.3921202743406,730.6477661132812,5043203,-0.03157381502026013,-0.03208301485820384,3684805006.0057983
2021-02-23,733.7048337334486,738.4691508356138,719.8486018016234,722.5484008789062,5916942,-0.0110851844212978,-0.011147082940876199,4275276980.1932373
2021-02-24,728.9405227061442,730.0919090417908,719.0148619939146,727.3524169921875,3435827,0.006648711847452304,0.006626706646479939,2499057072.8170166
2021-02-25,735.2134777677294,741.6849787521658,732.2357798857429,737.87353515625,6234947,0.014464952502076356,0.014361333114365153,4600602384.401855
2021-02-26,721.0001027487195,734.4990033508432,718.6973297305336,722.1514892578125,9198218,-0.021307236469875868,-0.0215375125389492,6642506827.218018
2021-03-01,727.3524309817572,742.0027161678131,727.0745318625258,738.7470703125,5397960,0.022980747532271195,0.02272066717585003,3987727135.6640625
2021-03-02,741.5263895613259,760.6234033671072,737.3576112275746,757.3280639648438,6715548,0.025152037008395522,0.02484093037942298,5085872965.3029785
2021-03-03,766.2610204736669,768.6431790865385,751.9680687964379,766.4595336914062,5742015,0.012057482300017242,0.011985369943892236,4401022139.34906
2021-03-04,755.9383195785491,770.1518850995379,755.4221658356379,760.70263671875,6268541,-0.007511025330887322,-0.007539375128223335,4768495667.07959
2021-03-05,759.1938594522561,771.8193183044012,743.4716237724159,747.6007080078125,5992152,-0.0172234564184659,-0.01737350554958868,4479737077.69043
2021-03-08,756.3353829085069,772.6134672650679,749.5859332972499,763.7994995117188,5621823,0.02166770487292924,0.021436296908386464,4293945593.743469
2021-03-09,765.546266472844,775.7101808377269,753.6354747625613,772.7324829101562,5440319,0.01169545594642063,0.011627592716626486,4203911208.6932983
2021-03-10,782.6979262979496,790.1619942220974,777.9336090618439,784.9212646484375,7694950,0.015773611188671044,0.015650500694218226,6039929885.406494
2021-03-12,784.9214064145472,796.2763548517429,773.0899970886019,777.576416015625,6447010,-0.009357433622469435,-0.009401489452861636,5013042929.816895
2021-03-15,776.186727111985,789.5664993902108,768.1270706106469,787.9783935546875,5321071,0.013377434455076775,0.013288746646841956,4192888978.5704346
2021-03-16,788.4944398472403,808.9809926396698,786.4696148760074,799.8096923828125,8094575,0.015014750309018332,0.014903144712313448,6474119540.7196045
2021-03-17,803.5815128843857,813.0307615227389,780.3157732419273,784.0875244140625,6758901,-0.019657386148835165,-0.0198531624448707,5299569952.849731
2021-03-18,790.0826603741798,793.8544117679259,740.3749666552892,752.5636596679688,8269566,-0.040204522791828734,-0.04103506179229589,6223374852.825806
2021-03-19,754.3501489227291,769.4371519011837,744.5833093191778,762.6480102539062,9004154,0.01339999673966008,0.013311010842443283,6867000132.119751
2021-03-22,762.6480422750438,780.1172043519915,750.0622759723419,777.17919921875,4745254,0.019053598474617406,0.018874351949175874,3687912703.8095703
2021-03-23,781.0700051193147,788.4149930398481,771.6604509744702,778.8466186523438,5158305,0.002145476146646619,0.002143177899334845,4017528407.227478
2021-03-24,771.0649185774508,781.9434510214231,766.8961416108477,774.7175903320312,3874331,-0.005301465296796204,-0.005315567929102535,3001512376.468689
2021-03-25,770.2312977673205,773.8045357466534,754.3502400813964,759.9483032226562,4879437,-0.019064091604070965,-0.01924815448079873,3708119868.831848
2021-03-26,766.2609937940957,774.2015222271951,757.3675922559964,761.1393432617188,4271178,0.0015672645547226693,0.0015660376773574136,3250961617.8739014
2021-03-30,766.2608975919185,794.6879761204366,765.8241782759549,790.7177124023438,5475000,0.03886064937055078,0.0381245831708587,4329179475.402832
2021-03-31,794.0528597421896,794.0528597421896,777.09985057275,780.2760620117188,4445140,-0.013205282020180564,-0.013293247016758164,3468436334.2907715
2021-04-01,787.7004901440944,804.7726277833061,786.5887966792045,796.117431640625,5269079,0.02030226275052427,0.020098919427256477,4194805640.5915527
2021-04-05,799.6112843048878,825.8150304638365,796.1174320976372,820.6536865234375,9452833,0.030819894035291506,0.030354499217221997,7757502249.540405
2021-04-06,825.0209450763136,826.2914103025014,810.1324535265726,816.60400390625,4260257,-0.0049347034975779636,-0.004946919351196034,3478942923.869629
2021-04-07,818.6685246533318,829.7852650462966,813.6659527043842,823.5916137695312,3551106,0.008556913546658773,0.008520510678657582,2924661121.206665
2021-04-08,828.9912389401355,837.2494085991598,819.1847048770447,823.8298950195312,4852068,0.0002893196652518082,0.00028927782038829083,3997278671.067627
2021-04-09,827.4823702961442,837.5668986097265,821.1696895615122,830.102783203125,3708082,0.0076143002596975595,0.007585457793083691,3078089188.54541
2021-04-12,828.1573197220508,828.1573197220508,795.0056641581049,801.5169067382812,5976427,-0.034436550561292134,-0.035043462609211116,4790207282.387146
2021-04-13,803.9786888067335,810.5693192293537,771.9783615526907,780.8717651367188,7773994,-0.02575758718000909,-0.026095122507278037,6070492416.942261
2021-04-15,768.6432695496787,789.8444933924771,761.2982796288786,787.6211547851562,7430279,0.008643403372710967,0.008606263021030083,5852244926.355896
2021-04-16,794.0527681243829,807.3928449358456,789.6854778996988,804.1769409179688,4677808,0.021019986616952258,0.020802114521735648,3761785327.6416016
2021-04-19,790.876830364359,816.6438128224821,784.4052786816421,789.76513671875,6239343,-0.017921185582326804,-0.018083714767125295,4927615577.430176
2021-04-20,798.8172341492879,798.8172341492879,759.9086412334676,763.3230590820312,9742418,-0.03348093807556263,-0.03405425789560953,7436612310.615845
2021-04-22,767.0550969969739,771.7400284661387,758.558721322716,763.7994995117188,4970596,0.0006241661692500955,0.00062397145856368,3796538737.074951
2021-04-23,765.4669922215545,774.0824467624724,754.5090719429467,758.836669921875,6023490,-0.006497555435708402,-0.006518756435374615,4570845092.907715
2021-04-26,746.409636457703,757.9234021264654,732.9504317242946,737.5162353515625,19619972,-0.02809621017986319,-0.028498461087232325,14470047887.143066
2021-04-27,739.2632022492952,745.2582915648411,733.2284199843365,737.5559692382812,6406825,5.3875270555669985e-05,5.387381933540428e-05,4725392022.615051
2021-04-28,739.4219079947652,743.1142240908395,731.9181000425555,733.5458984375,6845677,-0.005436971522205569,-0.0054518056447725345,5021618285.37793
2021-04-29,751.2422706992269,751.2422706992269,732.9803554510905,734.9600830078125,8588734,0.0019278746883115705,0.0019260187229009802,6312376653.5720215
2021-04-30,731.2835174798724,739.3639983360036,723.5262755857229,726.3948364257812,10921664,-0.011654029626994356,-0.011722470088016466,7933440334.777344
2021-05-03,726.2331097630226,735.687280833262,719.9707380237587,733.4651489257812,6871176,0.009733428908703878,0.009686364243487311,5039768128.135254
2021-05-04,735.3238738270319,739.3641148920156,726.6373555373169,728.0110473632812,6217026,-0.007436074598074605,-0.007463860029511706,4526063609.744751
2021-05-05,730.435056415422,735.9701659192566,727.7280658127581,734.8389282226562,2696835,0.009378814901373156,0.009335106890594797,1981739340.9933472
2021-05-06,736.939865711995,746.555657810316,728.2533486545345,740.1720581054688,6319104,0.0072575494819138164,0.007231340203364507,4677224213.0625
2021-05-07,741.7880352448047,744.5354180660376,738.3134388433635,740.4951782226562,3651558,0.0004365473049801061,0.0004364520459277435,2703961092.000366
2021-05-10,741.8286027251401,744.697163826568,735.4854444028553,738.515625,4029147,-0.0026732830690505693,-0.0026768626711839434,2975588014.921875
2021-05-11,734.1116963892118,737.3034962373811,731.3643131306844,733.1420288085938,3818154,-0.007276211916851794,-0.007302812660425137,2799249169.8636475
2021-05-12,732.2128051417014,734.4753299565939,723.2030491038993,732.17236328125,4076940,-0.0013226162042837553,-0.0013234916330850223,2985022794.7558594
2021-05-14,734.5157221766236,736.9398664742363,724.415120936571,735.6065673828125,5184569,0.004690431206897827,0.0046794654106172605,3813803005.449341
2021-05-17,739.0406776648472,749.2221120095062,735.4044616816122,745.1414794921875,7956551,0.012961972516502884,0.012878685091540628,5928756183.795044
2021-05-18,749.8685128688136,759.1610644830283,747.0403449862264,752.7774658203125,5913426,0.010247699984879288,0.010195548294695038,4451493838.595947
2021-05-19,749.868705348302,760.3733316085692,747.5657877805205,752.6160888671875,4178834,-0.0002143753771230994,-0.0002143983588087881,3145057701.1052246
2021-05-20,753.1008629039766,755.3633878213643,745.0607740852853,746.959716796875,4753782,-0.0075156140746689415,-0.007543998609699432,3550883656.434082
2021-05-21,747.8484814828661,755.242140978909,745.8283613275909,752.0099487304688,4161547,0.006761049920135154,0.006738296522453123,3129524746.109436
2021-05-24,752.6968007579667,758.757161472604,749.626227859752,753.7472534179688,4191877,0.002310215031640084,0.002307550587730407,3159615775.4159546
2021-05-25,757.949204291279,762.6358739422169,755.6462866712247,760.0501098632812,5032874,0.008362029071059762,0.008327260992626493,3825236436.6280518
2021-05-26,759.5651622578156,766.7972021240316,753.5451944590321,764.2518310546875,5017674,0.00552821601744391,0.005512991515061893,3834766542.135498
2021-05-27,766.8376141057527,773.2212135504913,758.029870464684,761.5045166015625,9078274,-0.0035947764094116375,-0.003601253144396553,6913146653.946533
2021-05-28,759.6055512836723,767.4436271473604,757.4642535660461,761.6256713867188,4098094,0.0001590992338389441,0.00015908657889808316,3121213594.155884
2021-05-31,760.8176336903077,765.9083265553351,753.5855937591998,763.7670288085938,4171524,0.00281156150891837,0.002807616462622785,3186072491.08374
2021-06-01,766.0295640759671,769.2617563294522,761.22166823504,768.2113037109375,2944472,0.00581888813566156,0.005802023795607616,2261976673.8603516
2021-06-02,765.2214930411837,768.2112806497742,757.6258217457746,762.5953369140625,3657189,-0.007310445407072708,-0.007337297661093224,2788955277.6134033
2021-06-03,763.605568404625,767.4841899993183,757.141182640353,759.1209106445312,4164240,-0.004556054963030576,-0.004566465413869071,3161161660.942383
2021-06-04,759.645904283153,762.958930671313,755.3228672153781,756.77734375,3550303,-0.0030872116176346998,-0.003091986886129622,2686788873.8476562
2021-06-07,758.7570983258653,769.2213301527999,757.2217873448617,767.3223876953125,3282517,0.013934143288512724,0.013837955612588534,2518748782.090454
2021-06-08,769.2617274173238,785.4226880773516,768.8173108630406,781.5440673828125,6385642,0.018534164929314034,0.01836450048080252,4990660621.530518
2021-06-09,786.9582549652675,795.9275713204262,779.8473905071247,784.8572998046875,5521459,0.004239341785256201,0.004230381091904667,4333557401.72229
2021-06-10,791.4831466905056,793.2204699051085,781.0189134987735,782.635009765625,3878256,-0.0028314574376966384,-0.0028354735961533635,3035258922.4335938
2021-06-11,788.654982128588,799.9676560525637,784.2107173727404,794.5941162109375,4777035,0.015280566670399676,0.015164994661606174,3795803903.933716
2021-06-14,794.3113382072569,798.71521052609,788.6550011091381,795.281005859375,2236373,0.0008644534793600389,0.000864080054641086,1778544968.916748
2021-06-15,796.0082302098762,802.3918304619341,794.4729682829766,796.2910766601562,2559001,0.0012700803783056713,0.0012692745084961106,2037709661.4644165
2021-06-16,795.1596765691154,796.7353801360921,787.0388035015758,791.4022827148438,3138753,-0.006139455895722623,-0.006158379850016892,2484016289.078064
2021-06-17,791.8871272873797,799.1191675484133,790.7154476943617,797.0586547851562,3609989,0.007147277931659257,0.007121857194920478,2877372976.1292114
2021-06-18,799.9676602854236,805.3815926986989,783.887482537807,788.0489501953125,5622783,-0.011303690808391331,-0.011368063077209209,4431028240.32605
2021-06-21,782.1906216188264,794.6749755984092,776.7362965197282,793.5032958984375,1639495,0.006921328556777073,0.006897486113317619,1300944686.1090088
2021-06-22,793.5839304918388,798.5130529419473,788.8568693634645,791.9678344726562,2529648,-0.0019350410183774924,-0.0019369156289381416,2003399848.538086
2021-06-23,795.9273250040119,795.9273250040119,784.614652364361,786.1499633789062,2395543,-0.007346095182797274,-0.007373210616667158,1883256041.7225952
2021-06-24,785.4227583980385,803.6846258511612,783.0793991647929,799.7252197265625,4686567,0.017268023888609152,0.01712062599151302,3747965823.838257
2021-06-25,804.0078300811697,816.1285511376698,799.361553676178,804.5330810546875,5196000,0.006011891596677366,0.00599389228032538,4180353889.1601562
2021-06-28,808.0481169882839,808.0481169882839,795.2809666037376,796.1697998046875,1844159,-0.010395198714559184,-0.010449606172054593,1468263701.8380127
2021-06-29,797.5029497498211,803.118892976277,792.2910305062853,794.7959594726562,1895170,-0.0017255619748052231,-0.0017270524717463522,1506273458.513794
2021-06-30,792.6950899559529,801.1392014406557,792.6950899559529,794.7152099609375,2682591,-0.00010159778840890255,-0.00010160294981380185,2131895869.8043213
2021-07-01,797.543431948309,798.3514800049942,787.968082204325,796.3313598632812,2861509,0.0020336214559466548,0.002031556446990689,2278709353.231018
2021-07-02,794.7556488044135,798.0282335393018,789.6649559591052,795.64453125,1646631,-0.0008624909778752743,-0.0008628631372235066,1310132950.1367188
2021-07-05,801.3413042103714,804.7351160670352,790.2710354652414,791.6851196289062,2598033,-0.0049763574882785155,-0.004988780787526885,2056824066.4048462
2021-07-06,791.887126934729,793.6648425937569,783.9682655292501,785.463134765625,2486069,-0.007859166111645166,-0.007890212128481683,1952715549.9836426
2021-07-07,783.8066013714279,789.9477467678397,775.9685254938458,788.129638671875,3014899,0.003394817386363602,0.0033890680022185776,2376131259.5021973
2021-07-08,787.8468539307097,793.5031903179046,783.806613654142,789.3013305664062,2555624,0.0014866740660910427,0.0014855700602640844,2017157423.6274414
2021-07-09,785.4227831682049,791.483144149441,781.0593035339773,789.341796875,3218471,5.126851688541656e-05,5.1267202699922116e-05,2540473682.330078
2021-07-12,791.8871656300755,794.3517025571982,787.8469249891057,791.4427490234375,2037878,0.0026616507028451863,0.0026581147834783695,1612863766.4943848
2021-07-13,794.3114461393995,794.3114461393995,778.9585290726156,782.1503295898438,2997764,-0.011741113864596864,-0.01181058505684507,2344702100.6325684
2021-07-14,782.3924445145745,802.35123917525,782.2712175917187,799.5230712890625,4371180,0.0222115123422999,0.021968429607444752,3494859258.757324
2021-07-15,802.391780309363,850.4706432785543,800.6140645878099,840.1680297851562,12701032,0.050836504856029086,0.04958651828675946,10671001031.678223
2021-07-16,844.3296462654622,847.4406123374824,806.4725557079288,812.0885009765625,8665827,-0.03342132503634321,-0.033992581718455366,7037418458.152222
2021-07-19,812.0883378001116,822.8353676305134,801.9877365836923,808.209716796875,4644600,-0.004776307231321608,-0.004787750238122886,3753810850.6347656
2021-07-20,807.2400729648676,817.9063180270709,783.2814264469317,789.6246337890625,10216774,-0.022995371896132988,-0.023263889894415465,8067416428.255615
2021-07-22,783.8066653685416,793.0992186177564,783.8066653685416,790.755859375,6156400,0.0014326118227963036,0.0014315866135133828,4868209372.65625
2021-07-23,795.6849310057091,811.1994635525499,793.9880004956553,803.1997680664062,5265839,0.01573672650524749,0.015614188121504984,4229520663.4750366
2021-07-26,803.1998340341627,811.2803152618706,797.7455092054598,808.29052734375,2477027,0.006338098540042081,0.006318097262382028,2002157460.074707
2021-07-27,812.9241697249873,814.7126128217731,799.7954245371474,806.4207763671875,2883514,-0.0023132164900001584,-0.0023158961084208786,2325325598.5456543
2021-07-28,808.8596092036374,809.6318971458666,794.4708404029551,799.185791015625,2952249,-0.008971724890515675,-0.009012213162622577,2359395452.340088
2021-07-29,801.1775077223471,820.2405918568826,801.1775077223471,819.1024780273438,4732101,0.024921222618845773,0.024615753655185334,3876075655.3756714
2021-07-30,823.4921996834354,853.5297086357779,820.9721545558652,833.2066040039062,9330054,0.01721900049738556,0.017072433606262618,7773862608.513062
2021-08-02,840.5636074853599,844.6282284113046,831.6620777341501,841.7017211914062,2536478,0.010195691136720919,0.01014406568607715,2134957898.3641357
2021-08-03,837.3119850516267,847.8393144905046,832.4344395076366,844.9940795898438,3359006,0.003911550036724609,0.003903919815734884,2838340183.3067627
2021-08-04,846.3354565085841,851.7414228713259,841.0514486358438,845.4005737304688,3122161,0.00048106152509652667,0.00048094585209679556,2639476700.678894
2021-08-05,845.4412148891843,872.2677149770142,840.3197524515774,862.6345825195312,7896314,0.020385612837964695,0.020180607654529097,6811633530.83313
2021-08-06,862.6344730154702,869.8288318244336,847.8798799933497,853.5296630859375,11584782,-0.010554781384952916,-0.01061087816531895,9887955077.384033
2021-08-09,859.9111558011233,867.1867868290258,848.2863014352832,854.0174560546875,6321578,0.000571500897797117,0.0005713376533522955,5398737961.811279
2021-08-10,855.6025656915501,871.6985016327965,851.944407453439,864.707275390625,5871606,0.012517096998603927,0.012439405780538622,5077220426.427246
2021-08-11,870.6009392430076,877.1450172954403,859.3826473109805,867.3492431640625,5011239,0.0030553319587185435,0.0030506739175258438,4346494353.964233
2021-08-12,870.6418911246367,895.151577654341,868.203118320366,891.3714599609375,6540144,0.027696129311467033,0.027319529281446365,5829697705.634766
2021-08-13,893.4035141792178,913.6859291524236,886.2497429799498,910.0277709960938,7270809,0.02092989496878639,0.020713873719121662,6616638107.608337
2021-08-16,911.2473059493913,918.0758888038009,905.8820262901792,913.4422607421875,3159376,0.0037520720300177057,0.0037450505656379377,2885907555.9746094
2021-08-17,909.8652698998809,936.4478474283248,904.418718297188,929.1315307617188,5295838,0.017175984398601685,0.01703014476942449,4920530067.606079
2021-08-18,941.2848175162454,941.2848175162454,919.9048743951824,922.0591430664062,4871006,-0.007611826163637425,-0.007640943966287352,4491355618.231323
2021-08-20,900.3134570627894,927.3431838775414,900.0695401348104,908.3207397460938,3467046,-0.014899698597016231,-0.015011814158735594,3149189787.4537354
2021-08-23,917.7913312864086,957.7871582884118,915.3932448264751,945.5120239257812,9383780,0.04094510072519508,0.04012905118665617,8872476819.874268
2021-08-24,949.4549103374375,953.5602178058749,934.8629586332107,937.220458984375,3947317,-0.00876939132617216,-0.008808068722457393,3699506250.496826
2021-08-25,942.910632953092,951.0398735178503,926.9773412929445,938.3988647460938,3447912,0.0012573410561222964,0.0012565512648119652,3235516706.5444336
2021-08-26,942.9108215302227,952.7471847340217,938.9274730100641,949.04833984375,4654833,0.011348559229702015,0.011284647414877,4417661530.899902
2021-08-27,949.0482955337079,950.9180608438056,942.5855879875123,945.39013671875,3050466,-0.0038546014690908903,-0.0038620495911892323,2883880468.7958984
2021-08-30,946.2435328914642,951.4055804277288,938.5614408102555,945.7557983398438,2956868,0.00038678383335244426,0.0003867090517678234,2796475055.925537
2021-08-31,947.8696566234422,970.1438004766422,944.6586455934554,961.120361328125,7199002,0.01624580363689221,0.016115252608767176,6919107403.441895
2021-09-01,967.379701289607,967.7861633489724,944.414594935463,946.7720947265625,3200410,-0.014928688620991615,-0.015041243091514236,3030058879.683838
2021-09-02,952.7472403938392,960.8764830593157,938.1146035959816,953.35693359375,5224479,0.006955041138056783,0.006930966402167692,4980793279.064941
2021-09-03,953.9665717762008,959.7383138890355,941.5694774263183,954.9827270507812,4533364,0.001705335535666208,0.0017038831020449344,4329284315.433838
2021-09-06,955.1858585693175,983.7194758593735,954.3729344343649,975.6309204101562,4331916,0.021621535944573278,0.021391106117536564,4226351194.2194824
2021-09-07,986.8899067610764,987.6621450011418,959.3317585459263,961.0388793945312,3721585,-0.01495651758299188,-0.015069494198596677,3576587877.9714966
2021-09-08,963.3151453230171,968.3146488353991,948.7231961064131,966.404296875,3118518,0.005582934879647228,0.005567408062046293,3013749195.0820312
2021-09-09,969.0055684552115,979.5328963048507,961.6892512437207,974.3302612304688,3388292,0.008201499497775933,0.008168049967187733,3301315429.4851074
2021-09-13,969.0055490269782,987.7028037481364,956.3645392936783,982.3375244140625,3723138,0.008218222816441578,0.008184637107732894,3657378165.971924
2021-09-14,988.5157758124282,1008.5136902460629,981.1994583927637,1006.9285278320312,5593286,0.02503315083340274,0.024724954343861832,5632039237.723511
2021-09-15,1006.9287460952055,1047.818780552585,1000.1001618432315,1035.055908203125,6063895,0.02793383998331378,0.027550806969023452,6276470346.473389
2021-09-16,1046.3960193420394,1052.9807849303734,1020.382444226176,1026.8045654296875,3616292,-0.007971881236600975,-0.00800382657137115,3713225135.5268555
2021-09-17,1028.3489722729466,1041.3557576929998,1023.06496569605,1026.967041015625,4817180,0.0001582341873105353,0.00015822166960198725,4947085090.639648
2021-09-20,1022.6586143529968,1055.8259604580087,1016.1552209389872,1037.4132080078125,5453683,0.010171861973152119,0.010120476746992055,5657722776.487671
2021-09-21,1047.8590730885076,1068.9950978366078,1038.1039847432305,1056.394775390625,4645597,0.01829701726977584,0.018131641063996326,4907584399.370361
2021-09-22,1056.8016501716315,1080.0919525395075,1056.4764605863313,1069.4019775390625,5367303,0.01231282324699845,0.012237636979854654,5739804442.251343
2021-09-23,1078.6283294130694,1086.4323809782009,1068.101001941603,1079.80712890625,3037295,0.00972987855430385,0.009682848106910913,3279692793.5913086
2021-09-24,1089.3184661957255,1120.0063558217619,1086.8796935102127,1104.1136474609375,7951730,0.022510055642351423,0.022260443255510517,8779613613.92456
2021-09-27,1110.454231265194,1112.03939343911,1048.7126905307919,1052.899169921875,7653504,-0.04638515034827917,-0.04749541059040876,8058368008.59375
2021-09-28,1060.8251648920555,1060.8251648920555,1019.4067255836288,1031.6005859375,8572321,-0.020228512466160753,-0.02043591049314471,8843211366.444336
2021-09-29,1032.4136003788258,1057.9800234663012,1023.3088902107766,1041.518310546875,4639821,0.009613919131658877,0.009567999488359366,4832458529.159912
2021-09-30,1049.850965117123,1049.850965117123,1031.4788972263077,1040.17724609375,3589722,-0.0012876052581550779,-0.0012884349340786848,3733947144.2021484
2021-10-01,1035.6652671506993,1043.7945078661678,1024.8127506423277,1035.4620361328125,3372796,-0.004533083163129059,-0.004543388740430347,3492402213.6206055
2021-10-04,1041.7621260979192,1051.598486840907,1035.461964976375,1039.4453125,2706626,0.00384685891726555,0.0038394786766088387,2813389708.390625
2021-10-05,1032.4137316963513,1067.8572068904832,1026.0728832569353,1060.988037109375,3710314,0.020725212139888205,0.020513366954907422,3936598767.9194336
2021-10-06,1066.5562838482053,1072.937717376587,1033.876778868972,1036.8438720703125,2861608,-0.022756302799457062,-0.023019223856048748,2967040719.067383
2021-10-07,1043.835169323758,1071.3119427583847,1043.835169323758,1061.9227294921875,2421641,0.024187689291926828,0.02389980014584416,2571595620.5701904
2021-10-08,1061.9227900669534,1087.6924443080463,1051.964469855613,1074.8076171875,5197831,0.012133545443060667,0.012060524059325735,5586668351.65332
2021-10-11,1056.8016791717919,1077.043515796561,1004.4900158995746,1059.1591796875,5264998,-0.014559291588338352,-0.014666318165129224,5576470962.736328
2021-10-12,1062.4510569915794,1064.1175910025972,1005.018051730617,1016.4395751953125,12811641,-0.04033350728715934,-0.04116945830292858,13022258935.594849
2021-10-13,1026.7233148754258,1033.0641636394816,1010.8306062936451,1028.6336669921875,5705730,0.011996868377081693,0.01192547637143615,5869105972.767334
2021-10-14,1048.1842484680824,1051.3139860900435,1011.3181641051686,1017.0899047851562,10360519,-0.011222423081665434,-0.011285869600630341,10537579283.234802
2021-10-18,1008.0258240570458,1034.4458557359603,987.7027227655731,992.9054565429688,23861603,-0.02377808306660567,-0.024065344507407417,23692315820.562073
2021-10-19,999.8966390092182,1018.5938932345938,995.8320185254408,1001.603759765625,10189780,0.00876045464886599,0.008722304512495416,10206121959.18457
2021-10-20,1007.2130902659893,1027.0484607201083,992.0927198957035,1002.2542724609375,8222562,0.0006494710996938213,0.0006492602846130823,8241097895.074951
2021-10-21,1015.3673519877059,1015.3673519877059,974.4707060477791,992.25537109375,5998795,-0.009976411816770003,-0.010026509689639671,5952336558.840332
2021-10-22,986.1497647079391,1002.6231378180223,972.0121512101523,978.5687255859375,3812305,-0.013793470820647635,-0.013889484671183406,3730602445.3948975
2021-10-25,970.413752861408,975.290163661573,948.3672577241884,955.1287231445312,6690819,-0.023953353329753235,-0.02424489999161286,6390593408.261169
2021-10-26,958.8987731871334,968.7336323993092,945.1709488701382,956.2761840820312,5126660,0.001201367846757062,0.001200646781857129,4902502861.885986
2021-10-27,958.8989530771538,968.2010724846809,951.932593161636,964.7589111328125,3536653,0.008870582779308744,0.008831470290092196,3412017497.3345947
2021-10-28,969.7989274245921,971.1921588579814,939.884569788882,944.1463012695312,4096585,-0.021365555296170347,-0.02159710280680672,3867775575.5862427
2021-10-29,944.1466598360656,961.3576666559939,932.6726552894468,937.3851928710938,3558520,-0.007161081274529524,-0.007186844887605364,3335703956.5356445
2021-11-01,937.1801975040664,976.4786187629804,937.1801975040664,974.6345825195312,4511112,0.03973754858912093,0.03896832418001849,4396685760.818848
2021-11-02,976.1097806926302,979.4700042610892,957.9562496488461,959.4315185546875,3016082,-0.015598732322366637,-0.015721672699270054,2893724133.345459
2021-11-03,962.9968085931026,973.4053298252761,960.2921817933701,964.1032104492188,2063067,0.0048692291259815335,0.004857412772006766,1989009518.0718384
2021-11-04,971.1925824046851,972.9546817826822,965.4555798082018,969.6353759765625,256369,0.00573814656707361,0.005721746112958421,248584451.70373535
2021-11-08,973.2001235825022,977.584911080369,957.7103024927943,969.4301147460938,3808317,-0.00021168909009949832,-0.00021171149939752364,3691897186.2994995
2021-11-09,973.6512371796513,976.1099524250545,959.2677129758911,961.1937866210938,3565461,-0.008496051442715036,-0.008532348622465302,3427098959.6398315
2021-11-10,953.9813954886972,962.9966835903946,952.424189352967,958.2022094726562,2401325,-0.0031123558954264663,-0.003117209348100639,2300954920.6619263
2021-11-11,955.6205642894207,957.0958333090445,944.3514538614794,951.2767944335938,2861259,-0.0072275089439356455,-0.007253753920363402,2721849289.56427
2021-11-12,957.9974077084984,965.5784461516669,953.1619145302669,960.8248901367188,3812518,0.010037137202332458,0.00998709968444618,3663162188.4942627
2021-11-15,959.7185368285155,968.4059775285615,953.5717485909289,959.5955810546875,3619915,-0.001279430929246983,-0.001280250099787638,3473654437.793579
2021-11-16,959.6365339101803,963.4065437618493,951.0719495253959,953.48974609375,3141207,-0.006362925258812213,-0.006383254951161535,2995108664.85791
2021-11-17,951.1129117072896,954.5960912633051,942.5074092747808,944.5153198242188,3172985,-0.009412189597525988,-0.009456764170746274,2996932942.0724487
2021-11-18,940.8684255893037,946.6054281843603,912.593198513667,918.0842895507812,5384530,-0.027983696737027497,-0.028382701758068864,4943452399.614868
2021-11-22,918.0839878931963,922.7145870467938,903.1678260652507,909.8063354492188,3961223,-0.009016551307737708,-0.009057446413961466,3603945781.5271606
2021-11-23,905.6268649707678,917.920442323312,893.3332876182234,911.8555908203125,4545069,0.0022524083326831423,0.002249875463691681,4144446578.314087
2021-11-24,917.92028686661,928.2878886871688,912.1422664713099,917.469482421875,2675632,0.006156557746728408,0.006137683572100686,2454810706.1914062
2021-11-25,915.0515814605503,926.9353682327653,910.543938202124,921.8540649414062,3106454,0.004778995490898552,0.004767612344212174,2863697247.453491
2021-11-26,917.9200772417312,922.8375062269547,904.2332732509985,909.765380859375,2207274,-0.013113446630839132,-0.0132001870169083,2008101471.270996
2021-11-29,902.4300832952814,938.4092891503772,901.610511863709,928.6973876953125,3661152,0.020809768358138747,0.020596202878961255,3400102298.3554688
2021-11-30,928.5744792915731,948.9818289867501,928.5744792915731,933.205078125,7421904,0.0048537774407590994,0.004842035841780809,6926158502.15625
2021-12-01,939.229158078898,953.1618768287594,938.5734607078143,947.99853515625,2918586,0.015852310899307387,0.01572797530194013,2766815252.727539
2021-12-02,952.2602989902892,972.3398039692373,944.9660914582514,970.9464721679688,4011279,0.02420672201559526,0.02391838321125765,3894737193.9314575
2021-12-03,973.6511342253408,975.0443660322632,958.6120142402773,960.0462646484375,2571036,-0.011226373267717693,-0.01128986462846575,2468313508.07666
2021-12-06,958.816823383456,961.0706452565046,930.0907991288199,931.484130859375,2493755,-0.029750788936741213,-0.03020232186072968,2322893208.7512207
2021-12-07,942.5072279660516,946.6050854789476,927.2632180271488,942.2203979492188,2299958,0.011525979599822822,0.011460061526993318,2167067342.0264893
2021-12-08,948.572386992703,968.4059838166131,948.2855568821627,960.2102661132812,2525711,0.019093057423951176,0.018913072371206846,2425213631.4352417
2021-12-09,966.9306914957464,966.9306914957464,946.6052741622532,957.7105102539062,1734844,-0.0026033421507701826,-0.0026067367387430543,1661478332.4509277
2021-12-10,946.7691021348503,956.4400873377307,946.7691021348503,952.506103515625,957733,-0.005434217002485919,-0.0054490360707723385,912246528.0383301
2021-12-13,955.6203955474192,961.7261633738996,945.170858632128,949.96533203125,2225682,-0.0026674595312273786,-0.002671023540714312,2114320740.1259766
2021-12-14,947.4248900779052,955.5386699587543,938.8193871835989,952.629150390625,1972685,0.0028041216553440496,0.0028001974404872816,1879237235.53833
2021-12-15,949.268932505818,952.301307812746,936.1968037577535,941.60595703125,1604301,-0.011571337445274388,-0.011638806345685121,1510619378.4711914
2021-12-16,947.4248971020155,957.1778204636113,942.1386995887572,950.498291015625,2121810,0.009443795377432895,0.009399481517420684,2016776778.8598633
2021-12-17,960.5379876364473,969.4713387592047,954.8009860038064,960.0462646484375,6373455,0.01004522966854604,0.009995111700536555,6118811665.654907
2021-12-20,950.7029698583473,960.8246581921652,938.8191827351179,950.6210327148438,3091768,-0.00981747680362588,-0.00986598598195888,2939099689.074707
2021-12-21,957.9972266148483,995.7384373243914,954.8418960845818,987.583740234375,6217986,0.038882694835786324,0.038145803756450124,6140781870.60498
2021-12-22,998.2383789127039,1004.7949528300286,991.7637421602699,1002.17236328125,3809814,0.01477203648919212,0.014663992676679323,3818090300.041992
2021-12-23,1007.9914094396947,1008.6470068736733,996.2714923023767,1005.9833984375,2814281,0.0038027741493211753,0.0037955618823381945,2831119964.538086
2021-12-24,1034.4223635999667,1052.1661095835618,1021.3092173832299,1036.9219970703125,15952929,0.030754581716623264,0.030291137626885782,16541942997.800903
2021-12-27,1039.2169767135842,1046.5931224473557,1027.7839908443902,1038.561279296875,3372907,0.0015809118055110094,0.0015796634799311888,3502970608.869385
2021-12-28,1040.8561018373869,1056.4279647782612,1040.8561018373869,1052.2481689453125,3446067,0.013178702038365797,0.013092618433298474,3626117690.812866
2021-12-29,1051.5103582124386,1064.623503755228,1046.6748657844628,1058.8045654296875,2254162,0.006230846180465877,0.006211514717760055,2386717016.818115
2021-12-30,1058.8046233308537,1087.1207635085782,1051.2645042041986,1079.4168701171875,4518139,0.019467525321006818,0.01928045698997867,4876955458.134399
2021-12-31,1081.834802615975,1089.5797162983658,1072.7784939850117,1081.09716796875,2231508,0.0015566718457717954,0.0015554614880777754,2412476979.0996094
2022-01-03,1078.8432787115119,1098.144233900303,1076.9992422302407,1086.8751220703125,2661272,0.005344528015385208,0.005330296709421202,2892470329.8623047
2022-01-04,1089.6206417614962,1095.5215183440837,1071.385170321712,1092.85791015625,3367100,0.005504577264167532,0.0054894824471278065,3679761869.2871094
2022-01-05,1089.210475108925,1090.0300465725134,1067.0820455920393,1074.2532958984375,3510253,-0.01702381808734177,-0.017170389125817424,3770900854.687378
2022-01-06,1057.2475448895063,1063.6402444814082,1046.5931122665888,1053.0677490234375,4409632,-0.019721183966470157,-0.019918241625058238,4643641244.261719
2022-01-07,1063.4354892525912,1064.2140424884692,1050.8549813747702,1057.698486328125,3898684,0.004397378334852542,0.004387738117532467,4123632165.4716797
2022-01-10,1069.418133863395,1069.418133863395,1049.0517967251114,1055.6903076171875,2529949,-0.001898630599263762,-0.0019004352829869358,2670842638.065796
2022-01-11,1056.141203092193,1104.7827686307692,1049.05188712714,1101.2176513671875,6772189,0.043125662347663685,0.04222165039856729,7457654065.194702
2022-01-12,1109.7000254495586,1112.2406775814698,1091.1777259791934,1108.183837890625,3162044,0.006325894354116901,0.00630596986708066,3504126055.4990234
2022-01-13,1098.2258419260586,1114.125549497342,1082.77693871102,1093.5133056640625,4598005,-0.013238356060567669,-0.013326764215484666,5027979647.009888
2022-01-14,1081.8345602136576,1100.6436892537715,1059.7061260274693,1095.93115234375,5636243,0.002211081170355955,0.0022086403276570616,6176934285.879395
2022-01-17,1043.314760834316,1043.314760834316,1019.0554588318464,1031.6358642578125,11973283,-0.05866726933387745,-0.06045860926452591,12352068155.708374
2022-01-18,1040.815194922286,1040.815194922286,997.418906982572,999.6727294921875,7799487,-0.03098296198593309,-0.0314730841560992,7796934457.928833
2022-01-19,999.8778258535405,1000.2876118477427,976.1102381898088,982.8306884765625,8464215,-0.016847554723414704,-0.016991089194000383,8318890255.863647
2022-01-20,991.7562577718759,992.9133269166091,966.962351327579,971.3839111328125,6172404,-0.011646743918317326,-0.011715098497458271,5995773938.611816
2022-01-21,971.383794032263,975.1028795505708,954.5652830323565,965.2679443359375,5514748,-0.006296137630839138,-0.006316041896017277,5323209465.490723
2022-01-24,960.7636620213971,962.4165887517565,918.2007987146427,929.6886596679688,5878438,-0.036859490545338436,-0.03755596977494804,5465117145.161255
2022-01-25,921.5065869304264,941.8789276170223,899.5226831504892,928.69677734375,4725254,-0.0010668973036338514,-0.0010674668436919735,4388328161.930664
2022-01-27,921.506835824236,922.2919358229643,884.4812293306246,890.7210693359375,8304735,-0.04089139634621142,-0.0417509637392137,7397202439.751587
2022-01-28,891.7539999792115,910.9279103191948,890.3076890431934,892.9523315429688,7654724,0.0025050066556691064,0.00250187435635987,6835303643.11792
2022-01-31,909.6470319668754,920.6389355077503,903.2005765920364,908.6139526367188,7572995,0.017539145753377117,0.017387110079457452,6880928920.248108
2022-02-01,922.9117524150419,939.2757701108353,910.142931662611,936.2178955078125,6783774,0.030380276233916037,0.029927934331013942,6351090617.880615
2022-02-02,944.5650161658288,970.1440173947258,936.6309879036704,967.7472534179688,6982539,0.03367737154079342,0.03312270761146903,6757332939.13385
2022-02-03,960.3506524205749,967.6648347164968,951.2595533012751,956.01171875,4169794,-0.012126652518537506,-0.012200780259649487,3986371928.7734375
2022-02-04,958.6973510176896,964.5652197991798,939.9779385985105,961.8379516601562,3625482,0.0060943111845681575,0.006075815975827102,3487126180.6607666
2022-02-07,956.2180822277287,968.077810952707,947.1269855081911,956.50732421875,3824483,-0.005542126334488473,-0.005557540895988408,3658146000.8500977
2022-02-08,957.8296310188553,966.8381014468156,949.2344931404043,960.3090209960938,3267641,0.003974561073485594,0.003966683372326079,3137945129.676697
2022-02-09,968.6152188566947,982.6650983111007,963.6564378727867,975.9707641601562,3772972,0.01630906595859849,0.01617750167537102,3682310365.994873
2022-02-10,979.3180211218636,985.0620037832915,970.3509110683693,983.7809448242188,2053245,0.008002473999088933,0.007970624010340455,2019943306.055603
2022-02-11,974.400424523997,974.400424523997,957.0860552995424,961.7554931640625,3912397,-0.022388573163603764,-0.022643001970683283,3762769306.1885986
2022-02-14,938.3252989176417,962.2927400184072,936.8789878167335,947.4990234375,3243813,-0.014823382687069842,-0.01493434696693162,3073509649.713867
2022-02-15,953.3256608437565,970.2681628353447,948.8627377027867,965.7639770507812,3000492,0.01927701576621832,0.019093567900636065,2897767087.0290527
2022-02-16,973.5738065427092,977.4168812195473,958.6974665446032,965.1439208984375,1885868,-0.0006420369438889795,-0.0006422431378684638,1820134035.8168945
2022-02-17,970.268180084482,970.268180084482,958.6976907137982,961.2184448242188,1644055,-0.004067244261938274,-0.004075537995948189,1580295990.305481
2022-02-18,952.7883441774054,967.0448383311281,950.5155697471018,962.8298950195312,2166690,0.0016764661602048925,0.001675062459430655,2086153905.2398682
2022-02-21,952.9949717695403,966.5489923526709,950.5982076180137,962.623291015625,1706058,-0.0002145799636830148,-0.0002146029892573654,1642291166.6235352
2022-02-22,935.5566824400767,953.8628691510193,935.5566824400767,950.0611572265625,3254855,-0.013049895952349844,-0.013135793969720274,3092311307.904663
2022-02-23,955.3918050483114,957.8711955458417,948.8214605845194,952.9124145507812,1937649,0.003001130298329713,0.0029966358967404897,1846409787.1419067
2022-02-24,914.0684272659652,937.9944999034899,902.497940844877,907.9113159179688,5469084,-0.047224800459784944,-0.04837629030980877,4965443251.305908
2022-02-25,922.0025864459113,942.9947778389372,921.506728563028,933.6557006835938,3213276,0.028355616142525353,0.027961037312684546,3000093455.2697754
2022-02-28,925.30850909279,936.6311195095652,914.8950892301041,931.3829956054688,4571884,-0.0024342003979207494,-0.002437167880318712,4258175015.480713
2022-03-02,929.482039083207,929.482039083207,916.5478673068241,921.9612426757812,3867328,-0.010115873893062233,-0.010167387040150808,3565526528.7148438
2022-03-03,929.7713165707377,952.0858281684353,926.0522313044547,941.9202880859375,3969380,0.021648464692756164,0.021417464599945688,3738839553.1225586
2022-03-04,932.2507654257658,954.4412887339693,927.8292061748799,940.8872680664062,3522375,-0.0010967170286038108,-0.0010973188627923334,3314157790.8554077
2022-03-07,918.200814080624,959.8545885600798,917.7875823911188,953.9039916992188,5249845,0.01383451989903417,0.013739696485334733,5007848101.302185
2022-03-08,955.3916843874434,974.8962003273667,954.5652209926445,971.3424682617188,3805165,0.01828116531039603,0.018116073815446068,3696118363.243103
2022-03-09,975.2268410612882,987.6237924307113,959.6066621584853,977.458251953125,3781326,0.006296217751449618,0.006276479380524902,3696088302.0249023
2022-03-10,990.2684760110955,990.2684760110955,971.0945641209847,985.2684326171875,3834327,0.007990295901084687,0.007958542520578964,3777841353.4317627
2022-03-11,975.226578547332,997.6650746632664,972.1687050539931,986.3424682617188,2770879,0.0010900944442908678,0.001089500722777973,2733035632.114563
2022-03-14,986.3423715040119,1003.9874398484616,973.2843147228389,994.1111450195312,5740660,0.007876246849133128,0.007845391129200003,5706854085.767822
2022-03-15,997.5413042858158,1003.5745273424503,965.3918584774032,972.6234130859375,3003066,-0.02161501964971091,-0.021852045963423414,2920852302.642334
2022-03-16,983.615421967768,994.1940928082284,979.3591153398063,991.3428344726562,1894018,0.019246319937257006,0.01906345215123451,1877621172.6622314
2022-03-17,1004.1529976272323,1004.1529976272323,984.1526243665977,989.1940307617188,6987787,-0.0021675687120698006,-0.0021699212893272566,6912277188.634338
2022-03-21,991.6732988663302,999.9379315747976,962.9123366862117,965.3504638671875,4046440,-0.024104034348216508,-0.02439929082033024,3906232731.010742
2022-03-22,966.9622008517321,976.6731460312259,960.5984728759995,972.2515869140625,4516870,0.0071488265714703125,0.0071233948435388645,4391534025.3845215
2022-03-23,983.4915093565188,984.1939831144431,966.9622402917033,975.8053588867188,2338886,0.003655197914292918,0.0036485339122906803,2282297492.625122
2022-03-24,966.1358252669066,986.7974126336069,966.1358252669066,985.2271118164062,2351703,0.00965536092201491,0.009609045812166908,2316961554.539978
2022-03-25,990.9296009257615,990.9296009257615,971.4250851716074,974.6895751953125,2489854,-0.010695540647136959,-0.01075314907910732,2426834737.5583496
2022-03-28,979.2763185306267,981.5077289360013,957.2096893717344,961.9618530273438,3406258,-0.013058231555845179,-0.013144239825961489,3276690257.569214
2022-03-29,964.4828562656246,971.0945639349691,961.7142238564172,965.0613403320312,2443230,0.0032220480416487174,0.0032168683679800244,2357866818.5394287
2022-03-30,973.0366677151014,976.8383791930194,960.4331008145539,962.9951171875,3073672,-0.0021410277856745985,-0.0021433230624168334,2959931127.8359375
2022-03-31,970.9290903512953,970.9290903512953,959.5238568659372,961.796630859375,3006639,-0.0012445403997740634,-0.0012453154833260002,2891775260.4104004
2022-04-01,959.5241053508573,970.2681306476369,952.127297520429,966.6730346679688,2479745,0.005070098659252453,0.005057288988331162,2397102624.352722
2022-04-04,969.6068674436689,982.6236666235391,965.3092979103719,981.053466796875,2282137,0.014876211100525394,0.014766645549213728,2238898415.55542
2022-04-05,983.4916026813092,994.2356285929538,978.6154476671537,987.9957885742188,2634464,0.0070763949288210615,0.00705147474055602,2602839337.1503906
2022-04-06,983.491525890378,987.5412170566692,964.8960978798457,967.37548828125,2838968,-0.020870838247930235,-0.02109171282291004,2746348055.2148438
2022-04-07,963.3257463020577,975.8466873460335,961.1769615781808,969.6895751953125,3391918,0.002392128953126571,0.002389272367303183,3289107524.517334
2022-04-08,974.4003866528914,975.2268500851669,960.805103546618,963.119140625,2656091,-0.006775812320132579,-0.0067988723624755835,2558132081.341797
2022-04-11,962.0034610460548,962.0034610460548,935.3500146382066,936.7963256835938,5679058,-0.02733079826897067,-0.02771123226759211,5320120667.744019
2022-04-12,933.738359564713,943.5731929982561,925.2671099878826,934.8540649414062,2906617,-0.0020733009822281323,-0.002075453246084649,2717262717.6777954
2022-04-13,938.0360122076825,944.7303459500723,928.1184508451342,929.85400390625,1971580,-0.005348493655498721,-0.00536284805350589,1833281557.0214844
2022-04-18,917.3744761529953,919.647250756077,896.3822832781088,910.55615234375,4391701,-0.0207536360347228,-0.020972019524246672,3998890364.804199
2022-04-19,922.2506629041884,922.2919255482262,875.0182525199921,884.5225830078125,3422431,-0.028590844473377897,-0.029007524030883206,3027217508.2860107
2022-04-20,888.4483910059707,904.8124110275403,879.9357753700353,900.3494873046875,2573318,0.017893160221026605,0.017734961953656418,2316885541.971924
2022-04-21,904.9772589616516,913.283254980745,893.4893996066395,908.4483642578125,2547848,0.008995259138059764,0.008955042785666237,2314588347.977539
2022-04-22,898.0349157120877,937.9943922679242,893.4893679968367,910.8038330078125,9567571,0.0025928482483694726,0.0025894926165277925,8714180339.37439
2022-04-25,906.5477992166755,907.4568888551375,890.3491354035137,900.72119140625,3565801,-0.01107004739787476,-0.011131776356995748,3211792525.0375977
2022-04-26,912.4155802896445,914.894970453475,896.7541394427725,904.39892578125,3213714,0.00408309964291842,0.004074786413052313,2906479489.368164
2022-04-27,898.365701650835,909.0270995202483,888.1175354749134,905.4732666015625,3288792,0.0011879059004680226,0.0011872008985159242,2977913235.413086
2022-04-28,917.5730298913044,926.2278348466624,901.8600529173145,917.9931640625,5202061,0.01382691010627779,0.013732190505644233,4775456437.036133
2022-04-29,919.2537629439208,924.7155083361836,902.7424659744812,906.8598022460938,2988180,-0.012127935427249326,-0.01220207891756765,2709860323.8757324
2022-05-02,901.6079774760885,909.1703929442011,892.3650252372843,896.4823608398438,2584604,-0.011443269820260338,-0.011509247851561853,2317051895.7561035
2022-05-04,904.0448215185445,904.1288278469153,870.3500780954929,878.0384521484375,3385725,-0.02057364371801762,-0.020788229434813947,2972796738.4002686
2022-05-05,889.8443306680282,903.4566391735917,879.8451151253798,900.8098754882812,2982126,0.025934426088202844,0.02560383251137238,2686328550.750366
2022-05-06,882.1979321611224,887.8697446228955,864.5942452737004,882.449951171875,4075606,-0.020381575309056488,-0.020592145699064788,3596518315.695801
2022-05-09,877.2404113659591,909.9268801582368,868.9217317782912,904.2130126953125,4207192,0.024662091594584545,0.024362891501356378,3804197753.307617
2022-05-10,901.6083655519426,911.6915905161768,896.230625056644,901.2302856445312,2473518,-0.0032986995419256315,-0.0033041522457828237,2229209333.6868896
2022-05-11,898.2470726540989,906.9018796775391,885.6850989623698,891.44091796875,2895668,-0.010862226704665412,-0.010921651403989189,2581316940.0527344
2022-05-12,882.3659427769675,899.8855207147701,877.0302582471492,890.1804809570312,3195189,-0.0014139321926021076,-0.0014149327379714958,2844294880.7686157
2022-05-13,899.0873348877675,905.8094831859938,878.1646277951696,884.0885620117188,2496626,-0.00684346497775723,-0.006866988868921316,2207238490.2210693
2022-05-16,885.642949465429,896.524384903088,874.047203785251,877.7024536132812,1415370,-0.007223380861195672,-0.0072495957933054675,1242273721.77063
2022-05-17,889.1720648064157,912.5315695870091,878.3746353491503,909.9267578125,2620776,0.036714383179127896,0.036056465253896344,2384714208.6328125
2022-05-18,910.4728930368037,922.0685357599712,899.759470616885,902.1961669921875,2865869,-0.008495838542980305,-0.008532133898447125,2585576026.9017334
2022-05-19,886.5672192442261,889.2561398217557,844.1336626071216,848.1669921875,4729354,-0.05988628280788888,-0.06175443529877332,4011281957.169922
2022-05-20,864.6362536556728,869.25773023012,854.3849680878974,864.5101928710938,2005622,0.019268847802533795,0.019085554380969386,1733880662.0465088
2022-05-23,859.5947191852325,871.3584787830754,852.6625037079323,855.6454467773438,2285466,-0.010254067756343743,-0.010307002886983456,1955548576.6644287
2022-05-24,858.7963037794201,859.0904284895353,829.3449067600674,833.336181640625,3418456,-0.026073025013740425,-0.02641895249707486,2848723070.1464844
2022-05-25,833.5463229865554,834.2185275059741,809.1785373347308,818.7996215820312,3904551,-0.017443812447906715,-0.017597748525725442,3197044881.2477417
2022-05-26,820.9423268503215,828.5047433719723,814.2621819990127,824.0513305664062,4278059,0.006413912324761517,0.006393430720598489,3525340211.1915894
2022-05-27,831.0255115881677,849.0492804131632,831.0255115881677,843.5455322265625,2795530,0.02365653805419754,0.023381058297663265,2358156841.7053223
2022-05-30,856.2335950193341,885.0967972615065,853.418716080007,873.7952270507812,3562969,0.035860180237543116,0.035232173568541705,3113305306.329895
2022-05-31,878.080540367711,878.75279616419,857.4519599397008,874.5093994140625,5185485,0.0008173223441512167,0.0008169885181273543,4534755373.02063
2022-06-01,874.5094408714517,878.4586617904424,849.9735904283958,855.309326171875,2554081,-0.021955250858426312,-0.022199854225602708,2184529299.0983887
2022-06-02,849.8474799911758,881.3575449806759,846.4023487807759,873.6270141601562,3560227,0.02141644832784184,0.021190338810223523,3110310483.7423706
2022-06-03,885.600923238956,898.7931999146567,874.0472316419347,876.4000244140625,3556955,0.003174135196096328,0.003169108263608036,3117315448.8397217
2022-06-06,872.1988648038108,880.0553562219206,858.0403584665983,871.6107177734375,1997494,-0.005464749551812309,-0.005479735918407425,1741037179.0881348
2022-06-07,865.476567071185,868.6275739901334,851.3180631630777,859.5106811523438,1839248,-0.013882386223982857,-0.013979647744746177,1580853301.288086
2022-06-08,859.6786456653773,868.6695797801943,853.7127600807546,865.64453125,1665512,0.007136444295762212,0.007111100382682359,1441741354.53125
2022-06-09,861.2331082725179,866.9049203197236,850.0996025768823,864.3421630859375,1654005,-0.0015045068928950522,-0.0015056397998438923,1429626259.454956
2022-06-10,850.3517469333943,860.2249020978878,847.158736796955,853.1666259765625,2260855,-0.012929529053026023,-0.013013842961713862,1928886032.1722412
2022-06-13,836.9074951825119,841.949106599274,825.5638694947971,833.3783569335938,1738804,-0.023193908951042785,-0.02346712048747847,1449081620.5495605
2022-06-14,830.1852255619073,841.0667122067694,821.9086018740624,837.6636352539062,2461791,0.005142056167717346,0.005128880942765266,2062152798.2953491
2022-06-15,831.0255981402005,846.1504320800626,830.185329587986,831.7818603515625,2408630,-0.007021642882421353,-0.007046410625064125,2003454742.298584
2022-06-16,846.1504842489197,846.1504842489197,808.0443235709478,810.8171997070312,3198618,-0.02520451772736454,-0.02552759175902323,2593494489.692505
2022-06-17,800.2716768000163,809.3045624626274,793.2554046068112,805.6073608398438,4302066,-0.006425417306231251,-0.006446149154912635,3465776036.4188232
2022-06-20,810.859046073994,811.6993145155215,800.0195626639236,806.69970703125,1305407,0.0013559287619560045,0.0013550103206858015,1053071444.456543
2022-06-21,816.4888205813668,840.1843998939596,809.7246701684768,829.0087890625,2128325,0.02765475410094065,0.027279268311053533,1764400130.9814453
2022-06-22,821.7406135128539,822.6228852060951,805.9435755148036,807.7501220703125,2575065,-0.025643476007327082,-0.025978001256048062,2080009068.0889893
2022-06-23,808.4223015363383,821.3624569219052,805.4813617928838,816.1107788085938,2169033,0.010350548405801963,0.010297348265167554,1770171210.8915405
2022-06-24,826.8242329581884,827.2863703921902,806.6577882518911,812.28759765625,1922313,-0.00468463504173422,-0.004695642334692061,1561471008.713379
2022-06-27,828.6307089437084,845.9822207529705,826.9921752951175,833.84033203125,3626024,0.026533378617607406,0.026187473867435,3023525056.1132812
2022-06-28,831.7817578723468,846.1503278305751,826.1939521741936,841.906982421875,2702471,0.009674094764611008,0.009627600330394608,2275229204.692627
2022-06-29,827.7484608687511,840.4785488818029,827.6644545349421,829.80712890625,3150015,-0.014371960048149113,-0.014476236981092584,2613904903.161621
2022-06-30,831.865880316032,837.3696291659888,815.018505825402,817.7913818359375,3741119,-0.014480168525606851,-0.014586029330144653,3059454876.6226807
2022-07-01,810.4389546107685,824.6815157032581,810.1868843221946,819.5558471679688,2827579,0.0021575983450328184,0.002155274072354409,2317358902.779358
2022-07-04,819.5558852849387,831.4457054271946,817.9594058591069,827.328369140625,2738846,0.0094838222428828,0.009439133127617912,2265924994.507324
2022-07-05,829.6810625472444,842.4951560159516,822.1606498936728,825.2696533203125,2476050,-0.0024883902173582495,-0.002491491406008413,2043408925.1037598
2022-07-06,825.1435749082524,839.428137813996,823.5050412589402,829.0087890625,2998254,0.004530804843173142,0.004520571645016476,2485578917.841797
2022-07-07,837.7476863244866,841.0247539568736,827.6224612554818,831.73974609375,2985141,0.00329424376108034,0.003288829627161144,2482860417.394043
2022-07-08,839.4281410703651,839.4281410703651,822.7488336565557,826.4459838867188,3141642,-0.0063646858670555195,-0.006385026835331177,2596397413.709839
2022-07-11,819.2617184687643,822.748852964305,789.8523234468087,792.8352661132812,5787815,-0.04066898312623968,-0.04151909486141493,4588783845.739441
2022-07-12,785.6511404621056,797.0367697271253,776.7443138225736,779.6011962890625,5305354,-0.01669208017082313,-0.016832962891864447,4136060325.136963
2022-07-13,781.4497224604587,786.4913335731068,760.4430094910915,771.1564331054688,12874342,-0.010832157805543696,-0.01089125276498357,9928131655.299927
2022-07-14,778.2146247503815,779.3909697774942,749.7715077040508,758.7623901367188,4916497,-0.016072021754183985,-0.016202577448228096,3730453014.8200073
2022-07-15,752.8805593547268,760.442975687531,737.2095316618265,742.0831298828125,5591590,-0.02198219161983095,-0.02222740013542317,4149424608.2214355
2022-07-18,752.0403613026393,762.5437183040727,746.8726891435648,756.4937744140625,5156225,0.019419178190354103,0.019233031960840453,3900652111.9781494
2022-07-19,756.2387882974676,762.6115870752553,751.9902557789426,755.98388671875,4636293,-0.000674014397154088,-0.0006742416469767124,3504962802.1069336
2022-07-20,768.6445877965917,780.7104321743901,760.5723749056531,779.5208740234375,4827089,0.031134244681916057,0.03065940478535018,3762816636.268921
2022-07-21,782.5796108842957,787.6353744431831,776.2492876985609,785.5111083984375,3498709,0.007684507977421928,0.007655132540536339,2748274784.553589
2022-07-22,789.7173410795752,791.8416075965076,772.3833055566167,781.9425048828125,3514659,-0.004543033799866869,-0.004553384739597039,2748261262.268921
2022-07-25,781.942450109098,791.9265020393146,776.63178418877,790.7794189453125,2120224,0.011301232516864435,0.011237850670290433,1676629502.7539062
2022-07-26,788.9525690689462,789.9297523925505,774.1676536533975,776.2069702148438,2780103,-0.018427956496268605,-0.01859986652918455,2157935326.5151978
2022-07-27,775.0173613272631,789.6748000299743,774.1676547358016,788.9100952148438,1742497,0.01636564149441222,0.01623316777444816,1374673474.1815796
2022-07-28,795.2404436634051,806.3715796022709,792.5213721163764,803.9074096679688,2843497,0.01901016927542387,0.018831733852640014,2285908307.66864
2022-07-29,813.1691497540381,820.5616069423781,804.799561172727,805.8616943359375,3617725,0.0024309822803796344,0.0024280322230133683,2915385998.1414795
2022-08-01,810.6199708897921,812.7442370608869,803.1425643399316,809.0480346679688,2489519,0.00395395432544654,0.00394615799218257,2014140454.218567
2022-08-02,809.0481116417037,810.492571285902,799.6163378275129,808.1134033203125,2545241,-0.0011552235560893243,-0.0011558913411651704,2056843366.7803955
2022-08-03,808.0709810419272,817.2478019999768,807.2637493950949,813.3391723632812,4119614,0.006466628348815284,0.006445809411733512,3350643441.2161865
2022-08-04,819.966816711695,824.1728744858748,803.6524406596483,814.1038208007812,3513266,0.0009401347721618158,0.0009396931222521846,2860163274.0894775
2022-08-05,818.1825284099523,819.9244166155128,811.4698253403566,813.8065185546875,2565683,-0.00036518959682718677,-0.00036525629478676374,2087969549.9449463
2022-08-08,813.8063942295573,822.5158857887877,807.263643856571,820.8589477539062,1746911,0.008665977770421218,0.008628643720710765,1433967525.2797241
2022-08-10,820.8590268216434,821.6662584406964,805.6067834202822,808.963134765625,3271939,-0.014491908775352225,-0.014597942149451074,2646878030.2019043
2022-08-11,819.9667698178908,822.940742558163,814.656104210262,817.7150268554688,3594584,0.01081865379734448,0.010760550850484864,2939345352.0942383
2022-08-12,819.1171118093324,819.1171118093324,810.6200463341319,812.6593627929688,3022304,-0.006182672320382276,-0.006201864184455528,2456103642.8066406
2022-08-16,823.3656016004435,823.3656016004435,809.4729210179171,814.1887817382812,2784861,0.0018819926470250437,0.0018802239176727183,2267402584.9004517
2022-08-17,818.2672944669383,835.1764732178427,811.4696430071922,833.2221069335938,4649125,0.023377041814155897,0.023107983889380772,3873753727.897644
2022-08-18,835.643859987913,835.643859987913,822.6008342176248,827.1892700195312,2829269,-0.007240370681311448,-0.007266709376730992,2340340958.798889
2022-08-19,828.0388943164035,838.70269936081,821.49614460462,824.2576904296875,2880969,-0.0035440251658178656,-0.0035503201003442538,2374660854.1395264
2022-08-22,819.9667148633089,824.2152470646731,811.6396021210279,815.2508544921875,3616799,-0.010927208859652482,-0.010987349319245221,2948598475.2764893
2022-08-23,807.1787528251839,808.0709343361258,797.8744556694239,804.587158203125,3753715,-0.01308026386026273,-0.013166563889090844,3020190884.5544434
2022-08-24,807.1361201241509,810.4499439259962,802.2503083845664,806.4988403320312,1494361,0.0023759789221289296,0.002373160747276359,1205200413.5374146
2022-08-25,810.5349465192954,810.5349465192954,800.9757496276262,801.952880859375,3316314,-0.005636659651965137,-0.005652605567344245,2659527566.1342773
2022-08-26,805.9890198615177,812.3193431064451,801.9104393898615,803.52490234375,2195046,0.001960241707331223,0.0019583229406441196,1763774122.790039
2022-08-29,775.4421910096173,783.4294534709213,764.8208589397838,779.6057739257812,4974880,-0.029767750007747895,-0.030219803162507112,3878445172.5878906
2022-08-30,787.5929564756361,803.1850496273439,784.8738853692489,797.8319091796875,2998417,0.023378656063726577,0.023109561263341287,2392232759.626831
2022-09-01,779.4357348882618,791.0767239045786,778.5435534667778,786.8706665039062,2953921,-0.013738787017244403,-0.013834037575904371,2324353786.0698853
2022-09-02,791.2466267192507,796.1749135706679,780.8801980484992,785.5111083984375,1750283,-0.0017278037717549655,-0.0017292981462638237,1374866739.3409424
2022-09-05,786.8281916430873,800.6783967391412,783.8542189964882,795.3252563476562,2279812,0.012493964559239235,0.01241655905164431,1813192063.324463
2022-09-06,795.3252750177921,801.1882705463645,787.720391556286,796.854736328125,2108615,0.001923087401364043,0.001921240636069069,1680259849.8425293
2022-09-07,787.6778173796966,792.393677434982,784.3639417397869,791.6714477539062,2709547,-0.006504684402207528,-0.006525932051414137,2145070996.2472534
2022-09-08,795.6652851816322,799.4889649018006,788.5277289591941,791.1193237304688,3214686,-0.0006974156071991588,-0.0006976589145945682,2543200214.3258057
2022-09-09,797.8743222748913,809.7702120638673,793.8806917590566,805.946533203125,2206526,0.018742064601253272,0.018568596194135235,1778341980.1225586
2022-09-12,811.5970992363615,818.6921270236439,810.1950629133829,811.9369506835938,2517615,0.007432772812683508,0.007405285875582693,2044144646.0952759
2022-09-13,811.4696669846832,815.5482476086527,807.6035129751076,811.8095703125,2442828,-0.00015688455980045202,-0.0001568968674702763,1983111149.0273438
2022-09-14,793.0309995865537,797.4070084394383,787.2954811924436,791.9263916015625,6761712,-0.024492417234356578,-0.024797345739911835,5354778185.208984
2022-09-15,795.7502507689607,795.9202024655992,778.5861666479984,781.6451416015625,2995215,-0.012982582862540504,-0.013067593161841714,2341195252.802124
2022-09-16,777.5664239795735,780.0305936585775,759.1278337889855,762.101806640625,5095937,-0.025002822791035273,-0.025320703158773477,3883622794.2268066
2022-09-19,762.9939928382132,770.8113033260767,754.1145491824872,762.8665161132812,2686561,0.0010034216767274007,0.0010029185857102327,2049487430.395813
2022-09-20,766.6901980459699,782.4522439366374,766.4352964572364,776.6317749023438,1836721,0.018044125018351842,0.017883262000712306,1426455890.2304077
2022-09-21,772.3832794362776,776.4193856819567,763.7587369244053,765.5431518554688,1819649,-0.014277838488219619,-0.01438074754453166,1393019830.7306519
2022-09-22,762.6966089234155,768.8995084751359,756.0264329849438,762.7391357421875,2315711,-0.003662779957583129,-0.0036695043611206877,1766283406.7686768
2022-09-23,761.761924730777,775.4421794886824,757.9382452424462,761.2095947265625,2569608,-0.0020053265185306923,-0.0020073398778324677,1956010264.2861328
2022-09-26,757.3009182435204,779.5207639667855,749.4411331172903,770.4288940429688,4182702,0.012111380860507781,0.01203862494794276,3222474475.9713135
2022-09-27,774.2949873943718,782.9620033869817,771.1935381678416,780.6677856445312,3545337,0.013289859298801776,0.013202323821941775,2767730385.1536255
2022-09-28,775.7820892437666,787.6355061276074,774.8049059550232,782.4097900390625,4154139,0.002231428562269988,0.002228942622999467,3250239022.783081
2022-09-29,787.6778227776554,791.076648334409,778.840855585311,784.3214721679688,2928360,0.0024433259313010325,0.0024403458636949775,2296775626.237793
2022-09-30,783.3444850422163,794.9429482711226,773.2754313608457,792.223876953125,3229901,0.010075466585548032,0.0100250474534451,2558804692.3947754
2022-10-03,792.2238159884499,792.6486692285064,778.3311357833916,790.439453125,1598950,-0.0022524236898638916,-0.002254964211707869,1263873163.5742188
2022-10-04,800.8484148021481,808.0709203998332,796.2175037818263,803.8223876953125,2331351,0.01693100530015701,0.016789273368982168,1873992127.3758545
2022-10-06,811.8945780050568,822.4734345272813,811.8945780050568,819.5844116210938,3713623,0.019608839175248027,0.01941906274004077,3043627521.437561
2022-10-07,819.9668860223121,826.722064004943,811.4698198459151,813.7640380859375,2174327,-0.007101615712338694,-0.007126952209839403,1769389119.6392822
2022-10-10,800.5934259637343,821.7936122212941,800.5934259637343,818.479736328125,2758812,0.005794920912552737,0.005778194944361763,2258031718.338867
2022-10-11,822.6008261326591,825.9147021639063,795.3252687504283,797.5344848632812,3134969,-0.02559043374587211,-0.025923564490411038,2500245886.477356
2022-10-12,801.528196768616,819.0321832203753,801.528196768616,808.920654296875,3502390,0.014276711101145256,0.014175758573408581,2833155610.402832
2022-10-13,825.957285264856,840.4022973792876,823.6205921286979,834.496826171875,9698562,0.03161765216296919,0.031128106320073925,8093419207.431152
2022-10-14,853.9550824347509,869.2498003291047,844.6083103882014,851.873291015625,7424383,0.020822685358147908,0.020608856478766473,6324633579.970459
2022-10-17,854.5500001610039,855.4846567442103,842.1442517812993,845.1182250976562,2136170,-0.007929660419233486,-0.007961267375584972,1805316198.9068604
2022-10-18,849.7064331186963,861.3049466755525,848.9416765841036,857.5237426757812,2487826,0.014679032127950409,0.01457233797975658,2133369862.6461182
2022-10-19,863.7887343810631,863.7887343810631,853.0611047936183,854.4771728515625,2517099,-0.0035527527374488166,-0.0035590787510747434,2150803637.307495
2022-10-20,849.6283832546986,874.773940080883,847.9119622784266,873.1433715820312,3931399,0.02184516956512228,0.021609982814513158,3432674977.894226
2022-10-21,877.5201638252122,883.8709419534651,868.165649194868,881.5537109375,2071897,0.009632254712339083,0.009586160305914172,1826488489.0302734
2022-10-24,888.2477090812102,891.5517979645219,883.9566573465185,885.3297729492188,398105,0.004283416841048826,0.004274269124151655,352454209.25994873
2022-10-25,889.1060019826169,890.178765015897,876.1470454929953,880.9530029296875,3068136,-0.004943660716335452,-0.004955921030888854,2702883622.5966797
2022-10-27,884.8149016494542,890.3503166948339,875.0312823664958,885.716064453125,3313674,0.005406714668770629,0.005392150858343408,2934974294.1606445
2022-10-28,885.6301333253534,892.3242159945294,880.0947184442316,883.9566650390625,2423629,-0.001986414704072015,-0.0019883902423526753,2142383008.131958
2022-10-31,891.6805835691241,903.2664236828712,889.4492575366561,893.5257568359375,2418565,0.010825295147757208,0.01076712109784837,2161050122.081909
2022-11-01,900.2626445054254,911.2906263956316,896.8298031536413,909.7459106445312,2275488,0.01815297845025854,0.017990180365172175,2070115902.7207031
2022-11-02,913.9511201807993,915.1526356887392,894.6843386771604,897.00146484375,2799322,-0.014008797018666641,-0.014107846344927647,2510995934.569336
2022-11-03,887.3894305086892,900.4341848744243,886.6170203034292,896.95849609375,2396164,-4.790265309928543e-05,-4.7903800468013886e-05,2149259657.8339844
2022-11-04,896.9585267958589,900.2626155382368,886.9174033077744,897.130126953125,1709158,0.00019134760428984876,0.00019132929967200765,1533337133.5229492
2022-11-07,899.4902457196124,906.0126234187783,891.3801998274005,898.6749877929688,2213508,0.0017220030778484219,0.0017205221304352858,1989224274.8796387
2022-11-09,910.4753951009104,910.9473479433778,900.4342709961451,904.0816650390625,2307691,0.006016276539944521,0.005998251009826889,2086341121.6756592
2022-11-10,901.1208153408794,911.762644017305,898.5891368597215,903.223388671875,2321667,-0.0009493349996766431,-0.0009497859035425839,2096983935.107666
2022-11-11,919.1434665550408,942.9158560447911,917.512845615283,936.00732421875,3923101,0.036296597229486416,0.035653393625963634,3672051269.6499023
2022-11-14,939.7401937774575,946.5629231425527,935.4920950802459,943.1730346679688,2170007,0.00765561365152756,0.007626458148967144,2046692087.4407349
2022-11-15,938.4528885347349,949.2663165037246,934.5051424205948,947.3782958984375,2172420,0.004458631741893537,0.0044487214899122905,2058103557.5756836
2022-11-16,950.4680053884568,954.7161049072851,943.473569768862,948.4940795898438,2213697,0.0011777593979478418,0.001177066383430983,2099678498.5057983
2022-11-17,939.8260686972941,944.5462252976715,934.6768069514278,937.6376953125,2460883,-0.011445916754734387,-0.01151192542983018,2307416664.553711
2022-11-18,942.3580110107215,949.1807420710733,930.300112481956,946.73486328125,2623894,0.009702220819650442,0.009655456510368785,2484131927.354492
2022-11-21,943.08749217033,949.4811181703125,937.6807243863043,940.1695556640625,1733741,-0.006934684537160729,-0.006958841206005771,1630010505.6065674
2022-11-22,936.3933717459252,949.0949279133423,933.7329403865648,946.9494018554688,2529146,0.00721130156848937,0.0071854244639293135,2394973291.9051514
2022-11-23,951.7124068467393,953.9008853305761,943.8169128585705,946.9494018554688,2217599,0.0,0.0,2099954046.6052856
2022-11-24,949.1808232462685,974.068928014932,947.0352969731078,969.4345703125,3295202,0.0237448467816479,0.023467322503753173,3194482734.9628906
2022-11-25,974.2402599968887,976.2571379480192,961.7533633820378,968.2327880859375,1977441,-0.0012396733759711953,-0.001240442406641007,1914623212.7054443
2022-11-28,965.4868178143217,972.1379492259315,958.621133776531,960.1659545898438,2368293,-0.008331502088501641,-0.008366403038777911,2273954309.093445
2022-11-29,960.1657746975852,977.2870291542564,959.5221169396351,968.8765258789062,1785948,0.009071943498333512,0.009031040611913527,1730363093.6403809
2022-11-30,967.2031257862197,969.6919569114527,958.6210217419764,961.8822631835938,6053488,-0.0072189412257333,-0.007245123865331009,5822742737.594727
2022-12-01,969.7779392396214,987.5000083737077,968.4048232869098,975.2705078125,3919684,0.01391879769629445,0.013822820794961065,3822752205.1445312
2022-12-02,975.2701071428174,978.7029479953004,964.4995270633565,974.5406494140625,2944923,-0.0007483650870101499,-0.0007486452519477035,2869947172.894409
2022-12-05,972.5669280444148,980.0333165600706,967.3747132610147,970.5072021484375,2646466,-0.00413881890719503,-0.004147407524180056,2568414313.240967
2022-12-06,962.568844087123,965.4867806432488,950.0389921529569,962.010986328125,2807894,-0.008754407799864028,-0.008792952751529913,2701224876.444824
2022-12-07,956.046393009441,958.2777191143316,945.7478681296266,949.0949096679688,2399879,-0.013426121784175571,-0.01351706710322622,2277712942.719055
2022-12-08,955.83189406888,955.83189406888,943.0016896739526,945.1900634765625,1752350,-0.004114284200272822,-0.004122771154004983,1656303807.7331543
2022-12-09,922.5761498964036,922.5761498964036,875.9753371731861,881.8111572265625,12415478,-0.06705413937264859,-0.06940810701312905,10948107022.700928
2022-12-12,879.6656817794158,891.8093801924807,868.8951514689521,882.5836181640625,4275785,0.0008759936083475584,0.0008756101498684036,3773737795.791626
2022-12-13,885.758836711529,898.4603911571936,884.9006264047139,896.572265625,2284909,0.01584965681782813,0.015725362633821054,2048586038.8769531
2022-12-14,896.8299183809329,907.3859487987404,896.8299183809329,906.4418334960938,2425507,0.011008111949808885,0.010947963695372126,2198581012.23761
2022-12-15,902.4510785363171,902.6656311102869,890.0498769036668,894.5554809570312,1906369,-0.013113199435221934,-0.013199936536662727,1705352837.6765747
2022-12-16,883.9566026504426,898.0741200792352,877.3912729502022,883.65625,5159215,-0.012183963084515192,-0.012258796025130005,4558972579.84375
2022-12-19,883.6563741052133,890.3933049055903,878.2496065898969,886.7459106445312,3328172,0.00349645084786232,0.0034903524745707095,2951242910.921631
2022-12-20,881.3820925439303,886.8317077041411,868.0798311666849,883.69921875,2629849,-0.003435811609570072,-0.0034417275649039195,2323995506.7304688
2022-12-21,888.2477676567814,903.9101075212609,888.2477676567814,892.8391723632812,2878658,0.010342833194092682,0.01028971206288217,2570178626.2369385
2022-12-22,897.688214135134,905.1117561700146,887.0463826136313,891.7665405273438,2623451,-0.0012013718362046122,-0.0012020940618480038,2339505822.5130005
2022-12-23,883.5276691333019,896.0575209048866,881.4679430755849,884.4716796875,2177675,-0.008180236091309245,-0.008213877812995292,1926091865.0634766
2022-12-26,884.8150050179337,894.0407676793719,883.0985840576661,885.4157104492188,1680715,0.0010673385970394467,0.0010667693961831067,1488131465.7876587
2022-12-27,891.6805895065113,893.1824576794048,884.2570487280926,889.4063110351562,554319,0.004507036117433305,0.004496909845067919,493014816.9266968
2022-12-28,883.9566456734092,891.0798333637343,880.9529094987907,888.6338500976562,1397806,-0.000868512993348336,-0.0008688903692778973,1242137727.4696045
2022-12-29,883.956629828378,897.6879949519257,882.3260092675564,896.3577270507812,1277244,0.0086918554276052,0.008654298720294431,1144867528.729248
2022-12-30,901.1209197239448,905.6265243225645,887.6470583528771,891.9381103515625,1860560,-0.004930639370689938,-0.004942835077929934,1659504370.5957031
2023-01-02,891.7664197685973,894.6843561270739,885.2440415780112,892.0667724609375,701880,0.00014425004143414633,0.0001442396383973331,626123826.2548828
2023-01-03,891.6807359831311,897.5166094612675,886.9605780929413,893.697509765625,2484372,0.0018280439929274639,0.0018263751540052136,2220277069.7314453
2023-01-04,889.2776055201826,894.2552679181995,885.2440584046284,889.6209106445312,1219170,-0.0045614976841132915,-0.00457193306073086,1084599125.6304932
2023-01-05,894.0835521705272,900.9492347220015,886.617059538598,896.057373046875,2294943,0.007235061952040267,0.007209014452704666,2056400595.8723145
2023-01-06,895.9717174635,899.3187591995318,879.8802713883654,886.3598022460938,1887689,-0.010822488707175615,-0.010881477830237102,1673171648.7421265
2023-01-09,896.7868255555034,919.1432461361649,892.5816788272265,916.0965576171875,4562242,0.03354930502910758,0.03299880585139483,4179454191.2165527
2023-01-10,910.5610797356621,920.5162977323055,906.5275334455893,913.0069580078125,2297082,-0.003372569827585825,-0.003378269760429437,2097251849.114502
2023-01-11,917.4268401566407,926.5238486763265,901.5929015180461,905.2402954101562,3594167,-0.008506685003368597,-0.008543073358045225,3253584796.833435
2023-01-12,910.5614521178313,922.1472952880393,910.5614521178313,919.701416015625,4748542,0.015974897139235944,0.01584864131093175,4367240801.409668
2023-01-13,895.8860116008555,930.300233607548,893.397180060385,924.9793701171875,8253765,0.005738769137083599,0.0057223651307608415,7634562350.795288
2023-01-16,932.874726912727,944.4176151615334,925.6228907656352,938.6246948242188,4508538,0.014752031394281273,0.014644278601613086,4231825104.3533936
2023-01-17,942.2292217289148,956.0034358299579,939.7403906096011,953.5147094726562,4390338,0.015863651074326413,0.01573913845193884,4186251862.5567627
2023-01-18,960.2945842649242,966.2162575883651,956.1322843478322,957.033447265625,6905092,0.003690281605529533,0.003683489221775901,6608404000.446289
2023-01-19,954.6084331111365,964.1341672217043,951.4909412714842,962.445556640625,2298287,0.005655089057193585,0.005639159069851999,2211976111.034912
2023-01-20,962.1425466183671,971.1053758610237,958.6786430880692,959.328125,4747128,-0.0032390732328863026,-0.003244330385862149,4554053403.375
2023-01-23,962.0993380418014,972.4044736056635,959.6313275785558,970.9322509765625,1696834,0.012096096918416288,0.01202352378636761,1647510855.1535645
2023-01-24,975.0022169593594,990.4165234468411,970.9320670955747,985.3505859375,4861107,0.014849990765509746,0.01474080922213375,4789894630.754883
2023-01-25,982.752824398264,982.752824398264,967.0786802282951,972.2745361328125,2692236,-0.013270454182808922,-0.013359293493964032,2617592508.0600586
2023-01-27,972.2743900997866,982.2764534976828,956.9033186909501,966.0826416015625,3864525,-0.0063684631255263024,-0.006388828296085049,3733450520.5352783
2023-01-30,966.0826183134604,987.1691087085288,957.5961185746136,982.6660766601562,3508427,0.017165648511292986,0.017019983361781267,3447612195.338562
2023-01-31,983.7485434124126,985.2206600402332,963.831099311633,971.7980346679688,4582858,-0.011059750865853979,-0.011121364620156966,4453612397.562378
2023-02-01,984.6147637258479,984.6147637258479,965.086961615988,980.3714599609375,2393911,0.008822229503580026,0.008783541016177336,2346922022.086548
2023-02-02,985.3072454307018,1000.634973840786,982.8824710595344,995.5256958007812,3048359,0.015457646880548293,0.015339394502428397,3034719714.5255737
2023-02-03,999.3362199644893,1001.6310773135037,986.0001695439432,992.538330078125,1814055,-0.003000792179706946,-0.003005303584011525,1800519120.369873
2023-02-06,983.0556915475414,995.742258232721,976.8207080355447,992.1484375,2070175,-0.0003928236989036993,-0.000392900874344466,2053920891.6015625
2023-02-07,994.0103986884614,998.470195639247,975.0022702922306,977.0372924804688,1931191,-0.015230730048427121,-0.015347908953376604,1886845625.902649
2023-02-08,981.930107950507,995.0063230822701,980.890873429934,991.5424194335938,2848255,0.014846032044795177,0.014736908420565352,2824165653.8638306
2023-02-09,990.6764036116244,997.6042106298876,985.4805483479271,992.71142578125,1501083,0.0011789776460839896,0.0011782831977114857,1490142245.145996
2023-02-10,974.9157757480316,978.552832487454,952.573553748849,966.1260986328125,3185163,-0.026780518948409604,-0.027145650751959995,3077269102.699585
2023-02-13,970.9757238835338,970.9757238835338,956.9036119431927,963.8314208984375,2009185,-0.0023751327467731453,-0.002377957848770239,1936515633.3978271
2023-02-14,970.7591198875971,989.2910278856064,968.1611918236695,974.6126708984375,3938046,0.011185825411201389,0.011123726720437788,3838069530.180908
2023-02-15,974.2228563806007,982.5362036130595,969.5465655279847,981.0640869140625,1648954,0.006619466592485246,0.0065976541285071195,1617729550.373291
2023-02-16,986.0000274091344,997.734041814897,973.3568018368705,976.9506225585938,2369355,-0.004192859987778852,-0.004201674673006424,2314742842.312317
2023-02-17,971.3650891257446,971.3650891257446,959.1116151580425,960.8435668945312,1958807,-0.01648707241915537,-0.01662449677490198,1882107104.737976
2023-02-20,960.8434619777439,982.6226681180108,959.1547457930955,966.1691284179688,1706036,0.0055425895608063325,0.005527285933063287,1648319315.1696777
2023-02-21,970.7589998142216,971.6683168081081,955.258009808115,957.0765380859375,1313278,-0.009410971707323856,-0.009455534709369232,1256907561.7844238
2023-02-22,948.2436465842043,957.379734960846,943.957108000065,946.165283203125,2212194,-0.011400608466104467,-0.011466093592073718,2093101162.510254
2023-02-23,956.7302368703206,962.9218801185187,946.0786907907102,947.6807250976562,2139983,0.0016016671943415162,0.0016003858934034666,2028020641.1366577
2023-02-24,949.9757001635966,956.4705203561463,936.9860597784973,948.1138305664062,1684570,0.0004570162263302091,0.00045691182622179584,1597164115.557251
2023-02-27,943.9137571711174,943.9137571711174,931.7900942349745,938.674560546875,1834553,-0.009955840443643948,-0.010005731235821332,1722048231.0749512
2023-02-28,938.2848770387391,949.8889751094956,924.9488271875695,933.1755981445312,20793703,-0.005858220339049147,-0.0058754470232413964,19404176234.664734
2023-03-01,932.9591936812537,956.0374745114055,932.9591936812537,953.526123046875,1655100,0.021807819388770522,0.02157343044817915,1578181086.2548828
2023-03-02,944.1735146196721,967.295027606137,944.1735146196721,957.7259521484375,4074162,0.004404524427859879,0.004394852898733679,3901930680.6569824
2023-03-03,965.5631957680546,978.2930001009246,962.1426330087332,969.027099609375,3253621,0.011799980396882903,0.011730903501200459,3152846920.8581543
2023-03-06,977.6868553442357,994.1403985254053,972.7508346738671,975.695068359375,4091674,0.006881096259008679,0.006857529564176581,3992226143.1342773
2023-03-08,962.9652803565,973.3569920150234,958.895235574228,970.4559936523438,3209393,-0.005369582031239273,-0.005384050051557144,3114574672.8358765
2023-03-09,971.5815518876949,975.6949371297427,964.7404273162424,966.991943359375,1834324,-0.003569507855716081,-0.0035758937497435994,1773776529.5107422
2023-03-10,956.9033342154444,968.2909380225311,956.9033342154444,966.6889038085938,1193681,-0.00031338373898803784,-0.0003134328539334537,1153918177.387146
2023-03-13,970.7156861055671,981.670302871027,948.2436527825109,951.3611450195312,3028387,-0.01585593744654945,-0.015982987612060236,2881089723.882263
2023-03-14,951.317943054747,955.5179053625195,923.1303829790493,938.7612915039062,3683544,-0.013244027866374908,-0.01333251213053854,3457968522.751465
2023-03-15,948.2869162037154,950.7549262846579,931.3570457062943,934.9508666992188,1528510,-0.004058992247734428,-0.004067252316047034,1429081749.2584229
2023-03-16,938.6746276685872,941.792225785915,926.2912344957143,928.6726684570312,1812907,-0.006715003393014896,-0.006737650468695608,1683597181.3544312
2023-03-17,942.3550382948699,967.3817657672506,938.7613224728345,959.8910522460938,5350523,0.033616132841436164,0.033063462323612854,5135919152.536926
2023-03-20,956.9035457630237,959.7613090434073,940.6664946471352,944.6499633789062,2066169,-0.01587793617986555,-0.01600534102557708,1951806470.1846313
2023-03-21,951.7076251654267,954.6519647110244,932.7427296002109,938.6314086914062,2421127,-0.006371200890086692,-0.00639158361154203,2272545846.6307983
2023-03-22,945.6024526060952,957.5529637114388,934.431446754098,936.5097045898438,1382329,-0.0022604230818574766,-0.0022629816945372487,1294564523.4359741
2023-03-23,932.6561355304538,935.6004750204526,918.8005197751268,923.0438232421875,2178855,-0.014378795309498482,-0.01448317193502393,2011178649.4903564
2023-03-24,929.1922737123396,943.9138661197111,906.7202381744842,910.790283203125,2688253,-0.013275144397827177,-0.013364046798641241,2448434711.1916504
2023-03-27,912.1324683556912,922.6973321745071,904.7716731201367,910.5736694335938,1459887,-0.00023783056706472294,-0.00023785885323900492,1329334662.5484009
2023-03-28,915.1633901881311,921.2252215993054,900.0520470300189,901.5675048828125,2965015,-0.009890648997552653,-0.009939886395239803,2673161175.4901123
2023-03-29,905.8108982774078,926.594322329662,902.4335707269242,924.4293823242188,2478745,0.02535792086292843,0.025041742723137226,2291424709.2892456
2023-03-31,938.1983197163572,949.8889944724527,926.0746570063321,939.8003540039062,3131614,0.016627523933782307,0.01649080016128745,2943091945.803589
2023-04-03,943.8704910503868,951.9241100672574,942.181880148443,950.9715576171875,1540702,0.011886783789437416,0.011816690881089411,1465163780.763916
2023-04-05,939.8870031303597,963.8312599761616,923.260306697773,962.2724609375,3342291,0.01188353450720303,0.011813479763498634,3216194585.739258
2023-04-06,960.4106576861841,960.4106576861841,939.9735409524109,945.5158081054688,2378264,-0.0174136260905835,-0.017567026726790776,2248686207.8481445
2023-04-10,945.5157667156049,956.9033709599689,945.2126962921321,955.2579956054688,711625,0.010303569138119917,0.010250849196096186,679785471.1227417
2023-04-11,956.0375100620976,961.1467896364869,939.583965957768,941.31591796875,2318905,-0.014595091274668515,-0.014702647430113566,2182822188.757324
2023-04-12,945.6458508808246,950.3653780907025,935.3407146971812,947.810791015625,2715967,0.0068997803212444975,0.006876085766049034,2574222830.642334
2023-04-13,943.0477355463953,943.0477355463953,920.5323626132398,928.1962280273438,3071057,-0.020694597670979586,-0.02091173174959898,2850543523.45697
2023-04-17,913.6046766448395,913.6046766448395,880.0481067680741,902.5201416015625,9509446,-0.027662347303812673,-0.028052155526858396,8582466550.472412
2023-04-18,908.8849805586341,923.4766522468378,905.1179011057357,921.2683715820312,3686404,0.020773198421033756,0.020560377798419373,3396167410.0734863
2023-04-19,930.01491279315,930.01491279315,897.5408117499053,899.4892578125,4322881,-0.023640357621451225,-0.02392427439975836,3888385022.301758
2023-04-20,900.6149519954819,906.8499363022396,893.5572271431425,898.4500122070312,3057560,-0.0011553730035599452,-0.0011560409614918975,2747064819.3237305
2023-04-21,912.7386382494212,930.0581570017822,898.6665292631279,908.3654174804688,7708194,0.01103612347789995,0.010975669843043946,7001856860.830444
2023-04-24,915.3366303684936,916.982005907553,905.8108943854724,912.7820434570312,2033625,0.004862168783145604,0.004850386616329142,1856256383.1253052
2023-04-25,909.6643403706911,916.8953236917238,904.4252496103012,912.2622680664062,1237595,-0.0005694408586922606,-0.0005696030517138464,1129011221.647644
2023-04-26,913.6045736011032,923.9962843908788,907.5427423070674,922.7406616210938,1647101,0.01148616348771836,0.011420698330637179,1519847066.4967651
2023-04-27,922.7409799093405,930.9244126950846,918.8007459251021,927.677001953125,1654910,0.005349650814519213,0.005335392262179004,1535221947.302246
2023-04-28,933.5779146001923,941.3287817276994,928.117149703451,937.233154296875,2629188,0.010301163361418508,0.01024846795184518,2464162162.479492
2023-05-02,937.2331716892044,946.6575338846458,937.1451156440494,940.2719116210938,1905168,0.0032422640090004062,0.0032370192046841284,1791375957.319336
2023-05-03,935.3836741742111,937.1452253496805,929.2182450600685,932.697265625,1649820,-0.008055803754718704,-0.008088427064566457,1538782602.7734375
2023-05-04,930.1431125244478,940.6242561189538,923.3171016454523,939.6114501953125,1403672,0.007413106937414815,0.007385764903316808,1318906283.5185547
2023-05-05,939.6112378789529,942.3855943702748,926.663775014496,929.7025146484375,1641673,-0.010545779901697916,-0.010601780701264977,1526267516.3304443
2023-05-08,931.860257151624,949.035375312736,929.2179312806836,947.4940185546875,1389075,0.019136770769064615,0.018955965811892968,1316140253.8238525
2023-05-09,943.310546592168,953.5275207382244,938.9507509380634,950.3567504882812,2981949,0.0030213720377469944,0.003016816866190629,2833915361.76178
2023-05-10,954.8927493824086,958.9883768301313,944.2793619391907,949.740234375,2091411,-0.0006487207177352516,-0.0006489312280665933,1986297173.3144531
2023-05-11,953.1310120050189,962.3350708796146,951.2814053790853,958.37158203125,2653108,0.009088114143052994,0.00904706574793641,2542663311.2597656
2023-05-12,956.522219916883,971.8477355514567,948.9915461733509,964.8895874023438,1585037,0.006801125464591662,0.006778102141521372,1529385696.9474487
2023-05-15,967.928088134366,974.0935159681954,962.5114054078675,968.6327514648438,1523466,0.003879370356329792,0.00387186500358216,1475679063.3431396
2023-05-16,969.0290483971628,973.5210889333439,958.3716876008995,960.6616821289062,1166324,-0.008229196590640808,-0.008263243342503434,1120442775.7473145
2023-05-17,960.4856425245669,963.5242748656918,936.0000416434151,946.4373168945312,3602382,-0.014806841470821008,-0.014917557005522318,3409428754.5091553
2023-05-18,952.954939194905,955.641347279123,945.0720420557594,951.1494140625,1515743,0.004978773642854817,0.00496642053461453,1441698066.319336
2023-05-19,958.8123328350466,972.3762990901591,953.3955411873471,964.757568359375,1984436,0.014307062692445527,0.014205682495402472,1914499649.9248047
2023-05-22,964.757366252447,988.141997422584,959.1203818773304,986.3363647460938,1864932,0.02236706618784523,0.022120591864722525,1839450249.378662
2023-05-23,986.4684292223117,996.4652083187148,972.3760230905644,975.3265991210938,2138096,-0.011162282988353756,-0.011225048779194738,2085341900.274414
2023-05-24,968.0163173830782,982.0646430369475,967.0914601386263,979.3782348632812,1302744,0.004154132314076797,0.004145527727930517,1275879119.1987305
2023-05-25,976.9561183064588,984.9271793980752,971.5394351238044,982.9454345703125,1124803,0.0036423105803746747,0.0036356934301360593,1105619973.6409912
2023-05-26,982.0646706941013,1004.3923078473814,981.1838952046896,1003.37939453125,1635167,0.020788498773454345,0.020575366669382127,1640692874.4174805
2023-05-29,1009.3687191287938,1011.0861883405906,990.343989905067,991.9293212890625,1288914,-0.011411509250233931,-0.011477120145723222,1278511589.2199707
2023-05-30,994.3955423190168,1007.6071748564706,993.5588485982611,1000.4288330078125,1983735,0.008568666674460657,0.00853216402133219,1984585691.046753
2023-05-31,999.5041262485312,1015.8424480129585,997.1259677795334,1008.5760498046875,5967930,0.008143724499003246,0.0081107433134452,6019111264.910889
2023-06-01,1011.1302160630588,1017.4277820305215,1002.0142116637065,1005.7575073242188,1445692,-0.0027945760570207145,-0.0027984881748637394,1454015582.2785645
2023-06-02,1011.1299805877024,1013.8603623420851,996.6852450760048,1001.4855346679688,1336554,-0.004247517542887103,-0.004256563870904706,1338539497.3026123
2023-06-05,1007.6071693222294,1011.5706590616962,1000.560965340955,1002.5867919921875,1435758,0.0010996237949496557,0.0010990196515508568,1439472007.2971191
2023-06-06,995.2761978785118,997.3020242967341,980.963597687781,994.0430908203125,1943605,-0.008521657416709294,-0.008558174343764057,1932027121.5338135
2023-06-07,998.6232586264239,998.6232586264239,983.1215245316038,994.4395751953125,2459039,0.00039886034987968166,0.0003987808262355116,2445365698.548706
2023-06-08,994.4395227449444,996.3771856463297,984.9711870581394,992.4136962890625,1385218,-0.0020372066405865974,-0.0020392845686269807,1374709315.5461426
2023-06-09,994.4833488462006,996.1568433843665,974.0933795760118,977.4403686523438,1824218,-0.015087788180179862,-0.015202766837942137,1783064314.4222412
2023-06-12,980.2589283524693,1004.9206392991014,978.981847042201,1003.7756958007812,1670970,0.026943154787792967,0.026586578672343836,1677279074.4122314
2023-06-13,1008.4437629854401,1008.4437629854401,994.6597138278916,996.4212646484375,2014656,-0.007326767507034093,-0.007353740096770897,2007446079.3515625
2023-06-14,1002.3225218414891,1002.674853545796,991.7972975932673,1000.4288330078125,836964,0.004021961896597093,0.004013895429297364,837322917.7895508
2023-06-15,1004.0839906959278,1010.2494187089729,1001.0453584675398,1007.2547607421875,2109652,0.006823001805988271,0.00679983046817499,2124957020.5092773
2023-06-16,1012.8916520147557,1016.6349472504623,997.434001623052,1011.3062133789062,2909817,0.004022272015605566,0.004014204305967745,2942716011.895569
2023-06-19,1011.3063199088232,1016.3268044401838,1000.0764330187588,1001.9261474609375,1278608,-0.009275198544097418,-0.009318481041847824,1281070787.5527344
2023-06-20,997.9186897776286,1031.1679665111728,997.4783020063235,1029.318359375,3504867,0.027339551905576354,0.026972501331782726,3607623950.267578
2023-06-21,1034.9110131424402,1035.527512867066,1023.1526839857853,1030.9034423828125,2019683,0.0015399346503204292,0.001538750166819004,2082098157.222046
2023-06-22,1030.6394483509903,1030.903616484792,1020.6866424307497,1024.6942138671875,972005,-0.006023094171916932,-0.006041306168823736,996007899.3499756
2023-06-23,1023.3728318674457,1030.9915596360468,1013.7723596945764,1026.2353515625,1699790,0.0015039976555506485,0.0015028677838177817,1744384588.2324219
2023-06-26,1028.0851039976328,1035.7478071077733,1024.3858902582265,1028.3052978515625,1190307,0.0020170288286316396,0.0020149973572161487,1223998994.1697998
2023-06-27,1027.8649977463942,1034.4267321461286,1021.8756814024388,1030.50732421875,1504039,0.0021414130334524994,0.0021391234765712583,1549923205.4106445
2023-06-28,1033.5459776837406,1033.9863654380933,1027.4246309048547,1030.7275390625,1424076,0.0002136955638980531,0.0002136727342533762,1467834350.9179688
2023-06-30,1030.8155124648054,1051.64587307893,1026.103385374333,1046.317138671875,3036648,0.015124850184515815,0.015011610037140034,3177296846.513672
2023-07-03,1048.1229013353454,1052.5267790720486,1034.4708803515657,1040.724365234375,1749952,-0.005345199109133447,-0.0053595357970139725,1821217684.390625
2023-07-04,1041.0765976360026,1050.765127732446,1038.0379652941872,1048.6512451171875,1094468,0.0076166948210416585,0.007587834256476668,1147715230.940918
2023-07-05,1051.6459225472686,1059.2205701678358,1046.008937975031,1052.3505859375,1653610,0.0035277131816107143,0.003521505396704101,1740177452.4121094
2023-07-06,1052.3505675630995,1055.1690060417384,1034.8670885866582,1039.8875732421875,2334220,-0.011843023477018932,-0.011913710734429253,2427326371.213379
2023-07-07,1037.6856728210948,1041.9133306948447,1016.238810982224,1019.585693359375,2159585,-0.019523148853019534,-0.0197162428575027,2201881969.593506
2023-07-10,1021.6994098071366,1023.3729044816769,986.468395675856,990.431884765625,3960400,-0.02859377959462417,-0.02901054554418049,3922506436.4257812
2023-07-11,996.8176691627448,996.8176691627448,979.4223530894387,981.9766235351562,4982603,-0.008536943691457965,-0.008573592121372127,4892799670.35614
2023-07-12,986.2042118561391,990.4319769520092,971.0108355978713,978.1452026367188,3824027,-0.003901743490231202,-0.003909375149014285,3740453664.8032837
2023-07-13,968.8530147116297,990.3439576321769,957.4470154086848,976.6038818359375,12294227,-0.001575758687591966,-0.001577001501067065,12006589812.372192
2023-07-14,981.3599570124775,1019.1452450754853,979.025988098357,1013.7284545898438,6605038,0.038013951658798506,0.037309225557798906,6695714964.247192
2023-07-17,1014.6093851700118,1032.2689785346695,1007.2990123746196,1016.19482421875,3159479,0.0024329687282025336,0.002430013851564174,3210646207.027832
2023-07-18,1020.7744972844418,1030.5071074166503,1009.7208317105237,1028.0408935546875,2431478,0.011657281707811107,0.011589859069987779,2499658815.7785645
2023-07-19,1026.103227175343,1034.822924171381,1019.0570247569714,1029.67041015625,2242397,0.0015850698272594776,0.0015838149299723732,2308929838.7231445
2023-07-20,1030.5146998715927,1033.002192524818,1019.8542029763694,1026.7835693359375,1990001,-0.00280365521999848,-0.002807592822804,2043300329.762085
2023-07-21,986.0957798656696,1012.6582013905232,972.7701612188362,990.9373779296875,5259150,-0.03491114629876013,-0.035535105507578456,5211488311.138916
2023-07-24,994.9795571444037,1001.8199982221053,986.9841857030648,988.672119140625,2672505,-0.002285975723102851,-0.0022885925543753008,2642231181.763916
2023-07-25,993.646938089472,994.091125366222,981.7426973837435,987.4727783203125,2506726,-0.0012130824740511637,-0.0012138188541823839,2475323687.7077637
2023-07-26,986.2735388659709,995.7347510167903,986.1847230856795,990.5377807617188,1969964,0.003103885503172865,0.003099078395137775,1951323768.7404785
2023-07-27,990.5375857160634,997.3780261141985,985.1628765145609,992.625244140625,1769815,0.0021074040985100684,0.0021051866373375337,1756763046.4587402
2023-07-28,989.6934700567102,993.6466924649033,974.9463693586974,980.3655395507812,2031899,-0.012350788640739907,-0.0124276935106889,1992003759.4476929
2023-07-31,984.3191572021269,994.5354661442068,973.6586609147392,992.0479736328125,2526624,0.011916406290029657,0.011845964973293203,2506532219.3320312
2023-08-01,994.9796195652174,1014.5238620923913,987.7838065054106,1011.41455078125,2710536,0.01952181513714346,0.019333708681953946,2741475550.8164062
2023-08-02,1010.081905086961,1010.081905086961,996.3120989929874,1004.662841796875,2701150,-0.0066755110247916916,-0.006697891906668172,2713745035.119629
2023-08-03,1000.3096657561916,1008.7936854286756,990.5820085654414,999.865478515625,1608187,-0.004775097755849833,-0.004786534958838804,1607970664.2976074
2023-08-04,1004.2629612924449,1023.7183855221014,1000.3097379437762,1016.6113891601562,3315303,0.016748163632363644,0.01660945968835919,3370374788.3168335
2023-08-07,1025.6730800165847,1026.7390863067199,1015.5455864835811,1022.3416748046875,1655404,0.005636653007856873,0.005620826523706009,1692388497.838379
2023-08-08,1025.9837460478882,1027.760495072668,1010.0818205872788,1013.9462280273438,1667697,-0.008211977447703744,-0.008245881474821847,1690955082.642517
2023-08-09,1013.5909740548675,1018.0773092402685,999.4214423170174,1016.433837890625,1559337,0.002453394267387221,0.0024503896090758122,1584962891.4748535
2023-08-10,1012.7471027807666,1017.0113444859331,1002.6640721743713,1007.6834106445312,1676669,-0.00860894917100874,-0.008646220237907008,1689551536.4419556
2023-08-11,1030.5146762607021,1054.456331611673,1025.4509837291619,1040.6865234375,7391806,0.032751469801273636,0.03222657048546815,7692552888.064453
2023-08-14,1039.9758337170242,1045.6169912076018,1025.1843737073682,1040.2867431640625,1720940,-0.00038415052413376394,-0.00038422432884837845,1790271067.7807617
2023-08-16,1044.5064979379797,1053.8344317915614,1039.4871594612657,1045.750244140625,2567226,0.005251918293166957,0.005238175068150249,2684677216.26416
2023-08-17,1045.4838638466126,1049.1261788452841,1034.0238072141478,1045.3505859375,2331256,-0.0003821736646625329,-0.00038224671162919116,2436979825.5703125
2023-08-18,1042.0634838454698,1046.3720792893296,1029.3153290695282,1042.685302734375,3406088,-0.002549654861229822,-0.0025529107666530577,3551477897.419922
2023-08-21,1042.0190408470673,1056.1886821047012,1038.4655421157497,1047.6158447265625,1661946,0.004728696164851831,0.004717551002057487,1741080962.6799316
2023-08-22,1050.0585825727267,1054.5004547494302,1044.8616138148125,1047.837646484375,1805887,0.00021172050702467082,0.00021169809740111887,1892276383.8967285
2023-08-23,1059.7864005721901,1061.6076118195033,1047.0827092796753,1050.5029296875,2347850,0.002543603211878631,0.002540373728419325,2466423303.466797
2023-08-24,1056.232852776328,1056.2773148804363,1038.5098243021278,1040.5086669921875,2464221,-0.009513788503460519,-0.009559333691017113,2564043307.8841553
2023-08-25,1034.9562294420552,1040.1088446057772,1021.63061275396,1025.1396484375,2105159,-0.01477067807528687,-0.01488085077028908,2158081957.165039
2023-08-28,1026.072574261706,1030.2478911429441,1012.1251376255943,1018.4769287109375,2571967,-0.006499328883355249,-0.0065205414830505366,2619489050.905884
2023-08-29,1025.095545556108,1033.446289079029,1020.1206691310186,1028.338134765625,1794652,0.009682306762872406,0.009635733613113035,1845509090.2333984
2023-08-30,1035.8447217652044,1043.9733705587976,1031.9803141747234,1039.8424072265625,1497356,0.01118724675474514,0.011125132339967946,1557014267.5151367
2023-08-31,1047.8377586489337,1055.4777579218496,1035.7558867238392,1041.3082275390625,4483967,0.001409656215512145,0.0014086635829268076,4669191729.113647
2023-09-01,1042.0634536035036,1055.3890732148016,1040.3755200972385,1053.4346923828125,1669640,0.011645413454965725,0.011578127505675734,1758856699.790039
2023-09-04,1053.6124492900608,1097.1428118661256,1052.7240745436104,1094.921875,4517935,0.03938277609155416,0.03862705244427659,4946785861.328125
2023-09-05,1098.6971094861635,1103.0945196698196,1088.4363411321026,1097.631103515625,2842400,0.002474357830895446,0.0024713016479131714,3119906648.6328125
2023-09-06,1101.4512034048375,1103.716601965782,1086.2155576402247,1097.897705078125,1767709,0.00024288812666295456,0.00024285863411741375,1940763654.3459473
2023-09-07,1099.8076146565365,1116.686729905708,1092.9671744858488,1114.0216064453125,2582004,0.014686160006172955,0.014579362716605527,2876408243.9282227
2023-09-08,1118.4635100651783,1127.8359045398913,1114.2881932384664,1121.173095703125,2280777,0.006419524734921245,0.0063990073471155255,2557145809.6984863
2023-09-11,1134.054587163999,1140.9394899992535,1128.591061934933,1138.4964599609375,2691836,0.015451105921292507,0.01533295309116678,3064645756.79541
2023-09-12,1141.561461458803,1147.5579905365048,1124.2381552343309,1139.251708984375,2140769,0.0006633740639505614,0.0006631541286370804,2438874741.7907715
2023-09-13,1138.8960637696653,1139.2514352443825,1124.7708880918046,1132.8995361328125,2275523,-0.005575741340976714,-0.0055913438106459535,2577938951.159546
2023-09-14,1137.8748403948157,1146.6253104821608,1133.2108726968502,1140.31787109375,2655172,0.006548096035293938,0.006526750386020777,3027740082.4277344
2023-09-15,1149.5567614331912,1163.7707553921796,1146.9360996746698,1158.9735107421875,4286280,0.016360034444206084,0.016227650994419727,4967684979.624023
2023-09-18,1156.6636118220188,1164.925538141266,1145.7365619732275,1159.3287353515625,2761885,0.00030649933418014363,0.00030645237285471544,3201932644.23645
2023-09-20,1138.4520026505509,1158.4404303209662,1138.4520026505509,1149.023681640625,2220756,-0.008888810737372577,-0.00892855189187771,2551701235.145508
2023-09-21,1140.672898556705,1141.561273088291,1118.730091004188,1135.3426513671875,3112700,-0.011906656487621903,-0.01197810845771344,3533981070.9106445
2023-09-22,1130.412114857556,1140.317512446676,1123.8825838228781,1131.5225830078125,1321467,-0.003364683212398356,-0.003370356488383854,1495269753.199585
2023-09-25,1128.2357672551072,1137.1195134539662,1116.3315256598025,1122.4168701171875,1246703,-0.008047309905578892,-0.008079864271612499,1399320479.225708
2023-09-26,1122.9055354091497,1127.3029464620797,1116.7757287564527,1120.64013671875,903152,-0.0015829532197355611,-0.0015842074139120444,1012108380.7578125
2023-09-27,1118.0192276475373,1126.1478754253412,1113.3997239582368,1120.3289794921875,1670373,-0.000277660255390777,-0.000277698810136401,1871367278.4613037
2023-09-28,1120.3290862857443,1124.682143125694,1100.2963059118865,1103.2723388671875,1807072,-0.015224671446713134,-0.015341756666478804,1993692551.9414062
2023-09-29,1097.231535225606,1110.2017837423828,1090.2578157422454,1096.965087890625,2338327,-0.0057168577098911655,-0.005733261489520131,2565063083.0720215
2023-10-03,1094.9216863284594,1116.4203081103465,1086.2155719357684,1100.4295654296875,2162636,0.003158238650716294,0.0031532618908060184,2379828593.6625977
2023-10-04,1096.2541703621114,1105.848658666768,1088.258799589616,1101.1846923828125,2253785,0.000686211073245957,0.0006859757380810108,2481833541.921997
2023-10-05,1109.5801244485863,1113.9775363279327,1090.7466220790163,1097.5426025390625,2995200,-0.003307428689250158,-0.003312910321593337,3287359603.125
2023-10-06,1112.244813663512,1115.7983114707438,1092.7893914800893,1099.541015625,2497711,0.0018208068473282157,0.0018191511879931607,2746335689.6777344
2023-10-09,1098.0310417699102,1125.2597458456758,1093.722446506815,1110.1129150390625,3430211,0.009614829518709067,0.009568901205959018,3807921532.4090576
2023-10-10,1115.398587405298,1123.5715889920407,1108.8689484229856,1120.950927734375,1532394,0.009762982259269748,0.009715632283187255,1717738475.9545898
2023-10-11,1124.6820647484235,1132.188785547008,1102.4727032802477,1106.5592041015625,2186131,-0.012838852510609455,-0.01292198287636871,2419083379.421753
2023-10-12,1106.0265223003385,1109.1802959223203,1079.5085586954674,1087.1485595703125,3921609,-0.017541442391245443,-0.017697116679231153,4263371575.5479736
2023-10-13,1075.8217920240336,1125.1265892637807,1073.6453173253565,1115.7098388671875,5740821,0.026271735399404417,0.025932560999347095,6405090472.875366
2023-10-16,1122.0170235556839,1136.4975716712383,1119.618455719094,1128.8131103515625,2527113,0.011744336231433783,0.011675906766010729,2852638285.739868
2023-10-17,1136.1424242779897,1136.2312400590572,1129.1242424668192,1134.5877685546875,1687345,0.005115690232660786,0.005102649545219071,1914440998.3319092
2023-10-18,1135.3428392625913,1138.4521506377237,1125.9260893581684,1127.7471923828125,1743126,-0.006029129135235567,-0.006047377719987614,1965805452.4694824
2023-10-19,1125.392928788183,1132.4554631173503,1123.7049954461463,1125.8814697265625,2279726,-0.0016543802271038466,-0.0016557502252788551,2566701259.4538574
2023-10-20,1122.8768456394391,1131.2625254259754,1117.002326336796,1128.796142578125,1625449,0.0025887919198726017,0.0025854467700911214,1834800561.1574707
2023-10-23,1119.2895214782643,1130.500354025122,1105.2087595917258,1109.110107421875,1646367,-0.017439849777735716,-0.017593715512417445,1826002280.22583
2023-10-25,1104.222208403954,1123.6842809740583,1098.9307825968117,1102.2491455078125,1420065,-0.0061860061216201245,-0.0062052187313493025,1565265432.8155518
2023-10-26,1089.6927317527286,1110.4999895050005,1087.047019529669,1104.7601318359375,4617424,0.0022780569514238014,0.0022754661136581045,5101145946.982422
2023-10-27,1109.423748723924,1139.0203402420238,1106.239829177399,1137.8543701171875,2675348,0.02995603962124571,0.029516121351355073,3044156413.3842773
2023-10-30,1139.0205612831094,1143.3255646771229,1126.4644291114844,1134.31201171875,1158770,-0.003113191363911194,-0.0031180474253300664,1314406729.819336
2023-10-31,1140.8142671495395,1147.8546477668453,1127.0921649551924,1144.4017333984375,2525870,0.008895014401195667,0.008855686801586153,2890610006.3391113
2023-11-01,1147.9893163383501,1153.3256291336995,1125.8367537919505,1129.1102294921875,1572719,-0.013362006942125193,-0.013452081844414094,1775773111.0167236
2023-11-02,1135.433111576424,1143.5049109478202,1134.536244979602,1142.0699462890625,1368604,0.011477813643317791,0.011412443270739911,1563041496.770996
2023-11-03,1150.3210958581922,1154.5364346274737,1132.7425321407638,1135.6573486328125,2052536,-0.0056148904689126145,-0.005630713222885382,2330977591.7333984
2023-11-06,1144.625862096979,1147.5406782002622,1134.6706659173049,1138.7513427734375,1175823,0.002724408153876423,0.0027207036807877505,1338970020.1138916
2023-11-07,1138.1237862677576,1145.926482381295,1136.419717725493,1142.563232421875,1385282,0.003347429333566021,0.0033418391636531397,1582772279.7358398
2023-11-08,1147.9892444467469,1148.7067815168405,1135.3434473220454,1136.9129638671875,937671,-0.004945256765098827,-0.004957525010463055,1066050315.7423096
2023-11-09,1136.9128721873906,1144.2223562614922,1131.6662249128728,1136.7783203125,1483749,-0.0001184290785369857,-0.00011843609181403001,1686693695.9853516
2023-11-10,1132.1146928040525,1139.91738801705,1121.6661755732005,1125.9710693359375,1469902,-0.009506911579375998,-0.009552390737009633,1655067126.7590332
2023-11-13,1130.0521078571076,1133.2808062691097,1124.043144409237,1130.948974609375,730991,0.004420988610633891,0.004411244748267168,826713521.8986816
2023-11-15,1143.5047675452943,1150.6796994200884,1137.5854706447437,1144.984619140625,2410620,0.012410502017651037,0.01233412302267297,2760122822.5927734
2023-11-16,1151.3974205260251,1182.0253282798078,1146.1955502926317,1175.8370361328125,3936945,0.02694570431465171,0.02658906130605349,4629205740.2178955
2023-11-17,1177.9447400975735,1189.021021893958,1171.6666732273054,1174.133056640625,2882039,-0.0014491629705691844,-0.0014502140227801703,3383897260.42749
2023-11-20,1179.3347094518642,1194.3572252257263,1178.4827299614826,1188.70703125,2831858,0.01241254091855093,0.012336136927944353,3366249516.1015625
2023-11-21,1197.8553711760467,1198.2141398206597,1185.4786740430375,1189.7835693359375,1514256,0.000905637854943464,0.0009052280124085878,1801636908.5683594
2023-11-22,1189.7830902074884,1197.9894406697133,1184.2225616380897,1192.5633544921875,1535630,0.0023363788405663666,0.0023336537512583283,1831336064.058838
2023-11-23,1196.375359714816,1197.5413302844229,1188.9762090128154,1191.9359130859375,1307344,-0.0005261283636517344,-0.0005262668177444671,1558270264.3574219
2023-11-24,1191.8461738817382,1195.2094239908101,1170.994023205491,1174.133056640625,1795933,-0.01493608527930057,-0.01504875187386684,2108664302.8117676
2023-11-28,1174.1328758177733,1183.7741913122984,1161.7112958907508,1180.859375,2152951,0.00572875307558407,0.005712406171554188,2542332372.265625
2023-11-29,1187.4514646150276,1200.7251350510783,1185.209297952235,1196.375244140625,1835524,0.013139472378431938,0.013053898295035834,2195975473.6259766
2023-11-30,1199.1105969392024,1207.8999330651009,1192.5634272249329,1202.6083984375,4104385,0.005210032828247169,0.005196507564915497,4935967871.420898
2023-12-01,1207.1824559923127,1209.8730558199331,1191.038857026591,1198.841552734375,1854324,-0.0031322296667968264,-0.0031371453655550394,2223040663.432617
2023-12-04,1210.7700561818153,1210.7700561818153,1193.7295887244416,1199.9627685546875,1547057,0.0009352493811674023,0.0009348123079586521,1856410800.8319092
2023-12-05,1208.0791786068671,1208.0791786068671,1173.370488759915,1181.66650390625,3932040,-0.015247360274748156,-0.015364796530244595,4646359960.019531
2023-12-06,1188.3482901710058,1201.7564025583551,1183.4604108075243,1192.4290771484375,2077245,0.009107961685136612,0.009066734344384467,2476967338.361206
2023-12-07,1193.7294180996448,1199.110617580184,1188.6621000259802,1191.038818359375,1985003,-0.0011659048036526398,-0.001166584999405293,2364215627.5598145
2023-12-08,1195.523240654095,1228.662419474058,1191.9357740654855,1223.415771484375,4509751,0.027183793362502096,0.026820876339317776,5517300498.867432
2023-12-11,1228.796921295749,1240.3665224687297,1225.1646772112654,1233.460693359375,2824656,0.008210554505777345,0.008177031274340203,3484102148.2617188
2023-12-12,1234.985322805091,1243.9539889111556,1228.7072565308458,1233.460693359375,2730422,0.0,0.0,3367868213.2836914
2023-12-13,1237.0929642850756,1240.1872198472763,1217.0929041230827,1227.98974609375,1896931,-0.0044354451626056335,-0.004445310933031764,2329411817.0473633
2023-12-14,1247.5416088826044,1272.8780937502777,1239.469808393788,1268.7076416015625,5145574,0.03315817223827522,0.03262029771726908,6528229054.226318
2023-12-15,1275.3444101654043,1342.6094107015545,1275.3444101654043,1337.497314453125,7374290,0.05422027155501752,0.05280141457965989,9863093070.998535
2023-12-18,1336.1965849541934,1354.1788027689563,1328.2593380174965,1349.1563720703125,3075527,0.008717069926943877,0.008679295634923982,4149366849.524292
2023-12-19,1346.6451131194701,1349.470264623569,1325.2996456227008,1334.8065185546875,2590417,-0.01063616776579046,-0.010693136108144213,3457705497.374878
2023-12-20,1331.8470024338615,1348.0354895890957,1287.0036690185798,1291.443115234375,4368383,-0.03248665834151443,-0.03302606434538692,5641518150.056885
2023-12-21,1274.5820803335043,1297.8109488071018,1273.640326544804,1275.3892822265625,2841508,-0.012430925387603264,-0.01250883567859659,3624028848.561035
2023-12-22,1283.4160533941424,1316.017131107264,1276.2411208804085,1311.8466796875,2303438,0.028585309574885587,0.028184372295661612,3021757492.1660156
2023-12-26,1311.846790805615,1316.0172425786313,1293.4162470382973,1307.76611328125,1363265,-0.0031105513086499004,-0.0031153991289110546,1782831770.4223633
2023-12-27,1314.3132582267313,1323.7752456788828,1307.2280989002159,1320.232666015625,1402329,0.009532708186707595,0.009487558628942506,1851400554.3010254
2023-12-28,1318.9318832861854,1329.7839462891911,1317.0035983707576,1320.591064453125,1928616,0.00027146611860584535,0.00027142927834617397,2546913056.361328
2023-12-29,1321.9363764492969,1329.0216439235987,1307.2278529602986,1314.89599609375,1481617,-0.004312514685788416,-0.004321840398418746,1948172261.0444336
2024-01-01,1309.4251280144272,1341.48810632026,1304.9856825028535,1330.7257080078125,1222315,0.01203875588722525,0.011966866463238275,1626565993.7835693
2024-01-02,1330.9949221514596,1335.2550385034733,1310.6359846333644,1317.9903564453125,1440888,-0.009570230353154963,-0.009616319297925226,1899076488.7177734
2024-01-03,1309.4253767687142,1313.9097102507988,1287.4521427064994,1289.4700927734375,1651716,-0.021639205121952165,-0.02187676605997215,2129838383.755371
2024-01-04,1288.7969866483038,1295.792588196945,1270.9942109209562,1273.50537109375,3392241,-0.012380839050985637,-0.012458120171358743,4320037133.544434
2024-01-05,1278.034792849379,1290.4563722731984,1275.2545285295112,1285.0303955078125,1776925,0.009049843585790418,0.009009139146218625,2283402635.5377197
2024-01-08,1287.0036405263313,1302.7884716429,1283.012627733044,1298.5732421875,2025264,0.010538931006636387,0.010483783598023905,2629953638.765625
2024-01-09,1309.9633871521407,1328.2146013056422,1302.5642374022786,1309.7840576171875,3119270,0.008633179142673919,0.008596126354471066,4085570117.4035645
2024-01-10,1322.7885382546506,1352.4748001007586,1314.8512909327094,1338.214599609375,4368914,0.021706281907194258,0.02147405508140734,5846544499.237793
2024-01-11,1345.2998080648288,1345.2998080648288,1321.9812780583718,1331.66748046875,2271368,-0.004892428421073958,-0.004904435527616307,3024706901.7773438
2024-01-12,1349.784222032328,1394.6275516679536,1343.9545891796968,1381.89208984375,5862043,0.037715578484593504,0.03702173802926776,8100710852.023926
2024-01-15,1443.9553011429048,1452.5651990548033,1413.0134018326996,1424.403564453125,9712071,0.03076323753628385,0.030299535147954772,13833908550.621826
2024-01-16,1423.3273133323592,1423.3273133323592,1379.3808493416311,1395.0311279296875,4459799,-0.02062086704670285,-0.020836445890152572,6221558429.309692
2024-01-17,1363.2373241574426,1421.5336570983857,1360.1431779705867,1413.3721923828125,3846289,0.013147423083199827,0.013061745855799058,5436237916.4678955
2024-01-18,1414.358769274618,1420.8161656463938,1378.5289888231061,1405.8834228515625,3205598,-0.005298512006681411,-0.005312598903184065,4506697088.526123
2024-01-19,1418.9428918477006,1437.0185974763335,1408.142701864733,1417.090087890625,2374099,0.007971261953094277,0.007939659275591659,3364312160.571045
2024-01-23,1408.9107970683315,1417.044864022613,1371.0874077959916,1377.0523681640625,3196630,-0.02825347525093458,-0.028660285537068547,4401926911.644287
2024-01-24,1382.8819877028752,1429.0653985501233,1377.0977392065138,1424.727294921875,2136023,0.034620997617813565,0.03403517377840365,3043250270.680908
2024-01-25,1418.9431462982282,1418.9431462982282,1388.8922803017847,1401.0933837890625,2641656,-0.016588375345268025,-0.016727503192801522,3701206743.8466797
2024-01-29,1414.423982111705,1435.7532929398205,1401.0931490534638,1423.05517578125,2521598,0.01567475247994876,0.015553172393318871,3588373085.1396484
2024-01-30,1427.980772497676,1439.2328553406965,1405.386140021447,1409.2724609375,1939386,-0.009685298980893986,-0.009732506549307313,2733123280.9277344
2024-01-31,1409.2725513242374,1429.155829178576,1397.5684647556716,1424.36572265625,7025931,0.010709967119281849,0.010653021650014704,10007495286.14795
2024-02-01,1424.3655379741667,1443.3450280106247,1415.6439883447251,1425.630859375,2845408,0.0008882105898972981,0.0008878163642909306,4056501452.3125
2024-02-02,1432.3190138297282,1458.6191444768338,1423.461873597203,1431.3699951171875,2337374,0.004025681475991361,0.00401760010175028,3345647010.967041
2024-02-05,1432.4545388023646,1435.6630209080977,1402.1777297369435,1405.7025146484375,1452864,-0.017932107391037344,-0.018094835941191958,2042294578.2421875
2024-02-06,1415.327644161374,1470.4585421778772,1408.1425958450984,1467.521240234375,4988311,0.04397710393325882,0.04303755812154583,7320452345.394775
2024-02-07,1471.3624715643462,1473.07968570311,1445.10746441274,1459.9295654296875,3320199,-0.0051731277180526725,-0.005186554669486999,4847256683.210083
2024-02-08,1469.5548011108713,1489.166896700355,1461.6919136483502,1476.6043701171875,3496692,0.011421650114053383,0.011356915519326582,5163230688.153809
2024-02-09,1482.2078841133039,1488.3084348558434,1459.2969489452819,1473.7122802734375,3341297,-0.0019586084819188665,-0.001960529063699841,4924110420.940796
2024-02-12,1481.3041850650288,1522.8783110644133,1481.3041850650288,1506.56494140625,4885445,0.02229245258560031,0.022047607975138012,7360240160.168457
2024-02-13,1513.8403301820244,1513.8403301820244,1489.9803769427422,1505.3447265625,3129897,-0.0008099317926587579,-0.0008102599646230409,4711573943.633789
2024-02-14,1491.0197938125432,1515.5575866925922,1469.0577669640234,1510.6771240234375,1386643,0.0035423098555731336,0.0035360506530181662,2094769859.2872314
2024-02-15,1516.551695239438,1533.2717228687166,1491.336063938861,1502.5882568359375,2555162,-0.005354464603234743,-0.005368851126562103,3839356415.5134277
2024-02-16,1513.8405918849173,1515.6481627408994,1491.29118958669,1507.0169677734375,1776881,0.002947388226516301,0.0029430531937648502,2677789816.7142334
2024-02-19,1509.3214114789305,1521.0253866773241,1499.9672559339365,1514.0662841796875,762624,0.004677662267243754,0.004666756002424988,1154663285.90625
2024-02-20,1501.1873571699214,1511.806834260076,1486.726792621626,1503.0401611328125,2240414,-0.007282457288749988,-0.007309103827835978,3367432219.564209
2024-02-21,1496.2618816751008,1504.6218961701572,1475.022925930903,1478.864013671875,2890991,-0.016084831321284465,-0.016215596338601222,4275382553.7492676
2024-02-22,1485.8230358344838,1528.6624811955123,1481.3041093264715,1524.1435546875,3820901,0.030617785406245934,0.030158414094970904,5823601632.249023
2024-02-23,1533.7235126292119,1534.0398153899653,1503.4014744809776,1505.480224609375,2191549,-0.012245126137053197,-0.012320715394588068,3299333680.762451
2024-02-26,1505.4803951850522,1508.282107608994,1481.756030560344,1491.0650634765625,1844253,-0.009575124865258688,-0.009621261116464644,2749901216.511841
2024-02-27,1490.341956627804,1512.3943399674158,1489.438171329667,1499.1990966796875,2049420,0.00545518327963479,0.005440357660534047,3072488612.717285
2024-02-28,1504.5311527227423,1511.1288287006744,1486.0035564378356,1492.9627685546875,936575,-0.004159773134076561,-0.00416844905861747,1398271604.9591064
2024-02-29,1484.1510862671528,1516.3258216149818,1479.180267003924,1503.76318359375,3532888,0.007234215927245158,0.007208174504630601,5312626906.160156
2024-03-01,1514.246976031843,1517.6361707709323,1481.394403759339,1485.913330078125,2371138,-0.011870122709725317,-0.011941135126445821,3523305561.654785
2024-03-04,1490.3420972260872,1494.8610241430856,1477.6891018584915,1480.355224609375,1788071,-0.0037405313999422374,-0.003747544681915901,2646980246.82251
2024-03-05,1467.7474237913298,1473.1249025500758,1452.428306078332,1463.5447998046875,3339546,-0.011355669588779538,-0.011420637509109441,4887575182.008545
2024-03-06,1457.8056064738694,1491.2456606831274,1449.5359493813753,1486.003662109375,2366177,0.015345524310348857,0.015228972604428691,3516147687.1989746
2024-03-07,1491.2458334976316,1495.3581009868149,1473.2604828952244,1480.0841064453125,3181239,-0.003983540427928478,-0.003991495859315673,4708501282.7039795
2024-03-11,1495.7647837378047,1500.102997633473,1475.02295367654,1480.9879150390625,2970902,0.0006106467800135462,0.0006104604111350865,4399869958.765381
2024-03-12,1478.5023808895505,1504.802510815306,1475.9266148730453,1478.231201171875,2414182,-0.001861402000106649,-0.001863136561621382,3568719157.7075195
2024-03-13,1481.078200438181,1492.3755169937738,1455.4106751588035,1474.5257568359375,2564135,-0.0025066744180477496,-0.002509821386416878,3780883101.5045166
2024-03-14,1476.7854698491235,1521.0709582350519,1455.0946183947913,1517.6817626953125,3513306,0.029267719237390466,0.028847597198474895,5332080442.968018
2024-03-15,1515.647920788352,1515.647920788352,1484.783631284449,1488.8055419921875,3931561,-0.019026532052307532,-0.01920986570740185,5853329805.480347
2024-03-18,1491.1552435271597,1503.265987434517,1477.0109828925524,1485.2806396484375,1183544,-0.002367604260146261,-0.0023704114668910152,1757894989.3720703
2024-03-19,1483.6089753769631,1483.6089753769631,1440.724291724059,1445.2884521484375,1915379,-0.02692567749988717,-0.027294814821107023,2768275150.187622
2024-03-20,1450.3495385502144,1463.3188362409896,1426.2636369385693,1434.397705078125,1815178,-0.007535344971533742,-0.007563879116914841,2603687157.508301
2024-03-21,1453.2867566030643,1464.0869467648424,1431.0084269818583,1442.2606201171875,2684744,0.005481684062394798,0.005466714313686038,3872100546.2958984
2024-03-22,1409.9050745315728,1420.253372134371,1363.0889516445493,1407.9619140625,7468824,-0.023781212338655267,-0.024068550005061952,10515819734.835938
2024-03-26,1411.9388427734375,1439.3235864945843,1405.8835242877562,1411.9388427734375,4496344,0.0028245996366922377,0.0028206179511545875,6348562744.071289
2024-03-27,1418.0392113982823,1425.133904316943,1391.8294362991426,1397.432861328125,2589697,-0.010273802948021937,-0.010326942740024853,3618927688.6828613
2024-03-28,1399.9634275441483,1410.8540845225189,1383.6952921692,1395.037841796875,5301493,-0.0017138709111031991,-0.0017153412680947081,7395783353.02124
2024-04-01,1399.963261437809,1418.0389652652825,1399.0594762464355,1406.92236328125,1014857,0.008519139143255972,0.008483056063739277,1427825008.8325195
2024-04-02,1409.0015407552528,1414.4242535484098,1378.3631914088419,1381.25537109375,2031775,-0.018243360726486024,-0.018411822854230025,2806400131.604004
2024-04-03,1378.5888677519754,1408.5041387363324,1371.9460679465537,1388.07861328125,3343884,0.0049398846370436456,0.004927723440425349,4641573865.693359
2024-04-04,1392.5525588467278,1403.12680367179,1372.5788136710444,1391.51318359375,3388449,0.0024743341476756164,0.0024712780231491817,4715071455.435059
2024-04-05,1394.0435758089868,1398.7884485793718,1377.1880684182822,1396.57421875,2773570,0.0036370730913086735,0.003630474934784971,3873496355.8984375
2024-04-08,1404.4823949416975,1404.4823949416975,1389.7055269441585,1391.8746337890625,1820136,-0.00336508070809427,-0.0033707553261216774,2533401128.446289
2024-04-09,1391.8294793822013,1411.532044713991,1386.9038932119356,1392.2813720703125,2432095,0.00029222335932854726,0.00029218067039894443,3386160563.6053467
2024-04-10,1392.7783713501115,1402.8103660477295,1388.3949244142395,1391.0611572265625,1829986,-0.0008764139693513417,-0.0008767982446133896,2545622442.868408
2024-04-12,1389.1180475681892,1394.495526133577,1370.3192686368632,1375.109375,4319991,-0.011467347890272817,-0.011533604939541139,5940460124.015625
2024-04-15,1362.094881275488,1383.2434805671337,1350.255315235085,1360.2421875,3295684,-0.01081163998318313,-0.010870510471620657,4482928413.46875
2024-04-16,1343.3413003993523,1357.1240266533184,1326.1242560937108,1335.162109375,2446933,-0.01843795050284014,-0.018610048214284157,3267052225.779297
2024-04-18,1334.9360832174405,1338.4156344575977,1312.3865744338084,1325.7174072265625,5180223,-0.007073824281051966,-0.0070989623945775255,6867511804.415405
2024-04-19,1303.258428796956,1315.4595305922116,1296.9319315697862,1308.229248046875,5219506,-0.013191468320743582,-0.013279248560442698,6828310409.556152
2024-04-22,1312.476961975373,1331.546919970421,1310.940571103187,1324.85888671875,1939632,0.012711563127565162,0.012631449408389308,2569738692.1640625
2024-04-23,1332.9930706796263,1356.988506173144,1329.5586421269877,1343.612548828125,2783858,0.01415521479107995,0.01405596524077588,3740426542.9555664
2024-04-24,1346.640253652083,1352.9215180876288,1334.2584377318715,1336.924560546875,1321471,-0.004977616714791133,-0.004990046312541175,1766707035.9504395
2024-04-25,1337.5570400015936,1369.2799929890816,1337.5570400015936,1359.4287109375,4558032,0.016832775053081228,0.016692673903399093,6196319566.171875
2024-04-26,1370.9067132992257,1384.1019566436012,1324.000234059479,1332.0439453125,4328477,-0.020144319010383938,-0.020349982458280753,5765721580.274414
2024-04-29,1278.856319795706,1297.8358128810132,1248.1276167052085,1253.911865234375,11493223,-0.05865578260617754,-0.06044640671675277,14411488689.48462
2024-04-30,1243.970054722854,1263.4014378252532,1231.3621841425993,1235.1129150390625,7606726,-0.014992242051875548,-0.015105761751597953,9395165523.763428
2024-05-02,1227.3404634168528,1245.3258133331726,1227.3404634168528,1229.7806396484375,6555505,-0.004317237173782074,-0.0043265833516672215,8061833132.11853
2024-05-03,1238.1856968244606,1238.1856968244606,1205.2427711376242,1218.34765625,5964228,-0.009296766455606176,-0.009340251109827715,7266503205.140625
2024-05-06,1227.3404042119107,1233.6669011408383,1218.7544440940808,1228.0634765625,2504082,0.007974587764550511,0.007942958780344431,3075171646.517578
2024-05-07,1234.6121161206008,1235.482305651738,1214.6451628354746,1219.04150390625,5096525,-0.007346503522361547,-0.007373621978216514,6212875500.695801
2024-05-08,1219.0416110959218,1221.8352070790652,1197.3802292911425,1203.1962890625,6832455,-0.012998093004197298,-0.013083307437246717,8220784501.186523
2024-05-09,1204.4329161214553,1226.4149617388812,1203.974956837759,1209.058349609375,5653762,0.004872073326823934,0.004860243186885467,6835728152.804199
2024-05-10,1209.103842357867,1211.6684585683724,1193.9911889468633,1205.53173828125,3357203,-0.0029168247580974027,-0.0029210869815557857,4047214768.3530273
2024-05-13,1205.531985703036,1210.7527886731234,1192.2054374984396,1202.509521484375,2316566,-0.0025069574702228925,-0.0025101051499349324,2785692672.1469727
2024-05-14,1210.844198904421,1215.3779505393115,1198.6624387163117,1209.97412109375,3200462,0.006207518091133846,0.006188330813351118,3872476195.5439453
2024-05-15,1208.3254492327537,1227.605577871462,1207.4095307569285,1220.8277587890625,2975965,0.008970140357631218,0.008930147630936507,3633140681.1846924
2024-05-16,1231.9102448423562,1243.6340450548837,1216.797591281093,1234.79541015625,5055915,0.011441131860437048,0.011376177079287907,6243020636.140137
2024-05-17,1237.4058099134795,1237.4058099134795,1218.3546616777978,1221.1024169921875,2487831,-0.01108928090551442,-0.011151225352979603,3037896447.168091
2024-05-21,1203.5167771400397,1236.3524294062015,1203.5167771400397,1229.0709228515625,4966721,0.006525665454829799,0.006504465479333143,6104452363.016235
2024-05-22,1235.5280967620936,1239.1460415722408,1227.3306716998115,1230.124267578125,2390777,0.0008570251781065963,0.0008566581417199549,2940952806.067627
2024-05-23,1233.4215954507913,1244.2293660102998,1225.498878545838,1239.741455078125,3326149,0.007818061762925987,0.007787659075311965,4123564801.0666504
2024-05-24,1245.6491442101265,1245.6491442101265,1228.1092827961706,1232.093505859375,1769966,-0.006168987241188972,-0.006188094063337924,2180763614.1918945
2024-05-27,1237.4056722057283,1245.2825475357577,1225.4987338351327,1239.5123291015625,1942325,0.006021315108720504,0.00600325943392086,2407535784.6221924
2024-05-28,1243.679671879724,1248.6714938213488,1232.459672428789,1244.1834716796875,2147233,0.0037685325659575497,0.0037614494368649913,2671551808.4451904
2024-05-29,1251.1445939161513,1251.6941226210029,1233.696302843569,1239.3292236328125,3845920,-0.0039015532334002456,-0.003909184146960478,4766361047.753906
2024-05-30,1232.8262352418744,1237.9096273683128,1213.6835172516428,1219.865966796875,4150461,-0.015704670288404388,-0.015829295139701445,5063006120.417725
2024-05-31,1219.8658232155694,1228.1549289453683,1205.1195602490895,1212.7674560546875,10319045,-0.005819090732424259,-0.005836087610558714,12514601953.563843
2024-06-03,1236.9937003814814,1240.8405131271677,1199.7157525932184,1203.928955078125,5384064,-0.007287877764559636,-0.007314564082515719,6482030545.59375
2024-06-04,1213.591962940745,1213.591962940745,1131.159301307034,1193.945556640625,5447244,-0.008292348477366929,-0.00832692125802647,6503712769.737305
2024-06-05,1209.0123814567949,1242.8097953906279,1205.4402770593817,1230.7196044921875,3005139,0.0308004394731638,0.030335626137817335,3698483481.524048
2024-06-06,1240.1535210406419,1282.102628734905,1237.3141963448954,1279.9959716796875,5936709,0.040038662752782006,0.039257888186110056,7598963605.034546
2024-06-07,1288.697085951826,1317.6859233595776,1280.4538210097035,1311.1370849609375,5884025,0.024329071317610973,0.024037833701270436,7714763386.33728
2024-06-10,1318.9226183920705,1320.7544553620594,1279.9960827798045,1299.4593505859375,3293739,-0.008906570113031198,-0.008946470703576086,4280079941.939575
2024-06-11,1305.1837718597524,1317.0448708884594,1296.3909772316713,1308.664306640625,2269082,0.007083681417611842,0.007058710003409636,2969466622.2407227
2024-06-12,1348.2319993483927,1348.2319993483927,1313.8850564302102,1317.7777099609375,5990861,0.0069638969092897796,0.006939760967893002,7894623089.274292
2024-06-13,1326.0209168235565,1335.134260546768,1316.2663631107412,1322.7236328125,4232861,0.0037532300130567187,0.0037462042194169186,5598905279.110352
2024-06-14,1322.7236065785853,1324.4180332917008,1304.6342178112884,1310.72509765625,3065114,-0.009071082468480318,-0.00911247524539287,4017521846.977539
2024-06-18,1310.7253444072533,1318.6937914265734,1307.061670043158,1316.358154296875,2223029,0.004297664438330795,0.004288455852698488,2926302351.3884277
2024-06-19,1318.9685014189658,1329.8221134535993,1310.0382959033311,1324.28076171875,3117522,0.0060185804266217335,0.0060005411159542625,4128474408.834961
2024-06-20,1327.1199487664967,1327.1199487664967,1309.351220879319,1322.0823974609375,3163919,-0.0016600439433699377,-0.0016614233431043828,4182961616.892212
2024-06-21,1339.0729409439693,1357.3454715783137,1318.18995295632,1326.1126708984375,6489262,0.0030484283318801264,0.0030437912956245276,8605492562.979736
2024-06-24,1316.953416326047,1322.5404969142928,1306.6493330174735,1319.701171875,1988692,-0.004834807150356002,-0.004846532639365109,2624479162.8984375
2024-06-25,1319.7925508036947,1328.1732263792276,1306.5117342346734,1326.2039794921875,2079037,0.004927484915352887,0.0049153845947096965,2757227142.911499
2024-06-26,1326.203932290629,1331.1041849161531,1317.2737283637816,1322.311279296875,1917424,-0.002935219811965206,-0.0029395360177150503,2535431382.3945312
2024-06-27,1314.3429036322482,1337.7446634682785,1303.8098420351955,1332.5697021484375,6613193,0.0077579485346426225,0.00772801039126922,8812540626.260132
2024-06-28,1344.5682488555071,1345.2093470308835,1320.754369788584,1336.87451171875,4943575,0.003230457336206971,0.0032252506192775392,6608939414.27002
2024-07-01,1341.8204163130852,1354.2768838233721,1332.6612325839856,1345.3466796875,3723295,0.006337294857883036,0.006317298641639029,5009122565.74707
2024-07-02,1350.9797424125243,1366.9624749815348,1349.1479054736596,1356.2921142578125,3811366,0.008135772537718688,0.008102855556518358,5169325650.350342
2024-07-03,1363.802444571341,1363.802444571341,1347.4990529626868,1356.47509765625,2070876,0.0001349144454310114,0.00013490534529570235,2809091724.3339844
2024-07-04,1360.13909609031,1405.5229066117354,1360.13909609031,1394.3486328125,6822557,0.027920553220393662,0.027537881186960066,9513023025.235352
2024-07-05,1394.9438907199972,1400.668381407456,1378.9611574431954,1391.6466064453125,3061687,-0.0019378412999461192,-0.001939721343608138,4260786323.5477295
2024-07-08,1399.5232567664677,1410.5142771075657,1379.5561917575637,1404.46923828125,2939620,0.009214000002982337,0.009171810065657994,4128605862.236328
2024-07-09,1404.469327987614,1416.2846979702547,1396.7755908961424,1402.3626708984375,2658608,-0.0014999028283385618,-0.001501028808633986,3728332615.751953
2024-07-10,1402.362787426647,1403.7366651711977,1362.749312458762,1382.9910888671875,3507096,-0.013813532286080732,-0.013909826931032623,4850282515.801758
2024-07-11,1387.6163020664915,1405.0187507392727,1381.2507142482343,1384.7769775390625,3304053,0.0012913233398617052,0.0012904902989506642,4575376526.968872
2024-07-12,1401.3551776763888,1434.3282406805392,1383.4947685491409,1429.015869140625,6430647,0.03194658224328739,0.03144690432754052,9189496611.841553
2024-07-15,1447.151184815436,1498.8090089638094,1435.6106344370594,1437.6256103515625,10337489,0.0060249444368418725,0.006006867033004781,14861438933.127563
2024-07-16,1433.412238638257,1449.898769178505,1424.2530550047854,1437.5797119140625,3540650,-3.192655804784561e-05,-3.19270677112479e-05,5089966606.988525
2024-07-18,1427.0468796485866,1464.7826775491226,1426.0851204902197,1460.4779052734375,4399468,0.01592829473705315,0.015802770619476287,6425325808.95752
2024-07-19,1475.0867607896587,1480.536431203181,1455.0281230534565,1460.4779052734375,5633838,0.0,0.0,8228095920.889893
2024-07-22,1455.0279345503902,1460.4318754221783,1438.8162237414706,1444.494873046875,2704495,-0.010943700119564692,-0.011004022912477786,3906629161.680908
2024-07-23,1452.709268431197,1477.444134585597,1431.5738950426269,1475.182861328125,2907674,0.021244788648172808,0.021022264264169806,4289350851.1293945
2024-07-24,1471.1678356239986,1474.8595993269446,1455.3393762148798,1461.6614990234375,2484299,-0.009165888961395696,-0.009208154185428509,3631204200.3624268
2024-07-25,1449.0174900556444,1471.16807589089,1442.418438826153,1465.26123046875,2934731,0.002462766822357576,0.0024597391820428225,4300147556.154785
2024-07-26,1479.2898809940486,1513.6232411547635,1471.1679551223738,1509.33154296875,2814159,0.030076761456318213,0.02963332515038929,4247498945.6293945
2024-07-29,1513.8076859223168,1518.2378475033036,1495.1643239850164,1506.5626220703125,1639491,-0.0018345345734915863,-0.0018362193929305861,2469995859.8206787
2024-07-30,1503.4709574865099,1507.162721654678,1493.3186060240473,1504.6246337890625,1783877,-0.0012863642392686447,-0.0012871923159616867,2684065277.8497314
2024-07-31,1496.0873245666544,1518.2379080272342,1494.4259857416334,1516.0228271484375,1984986,0.0075754398162890535,0.0075468902650335954,3009284087.5700684
2024-08-01,1513.669510921287,1527.9289050481918,1510.0238261832649,1514.1309814453125,1785188,-0.001247900538993485,-0.0012486798152447278,2703008458.5043945
2024-08-02,1495.2106786917736,1512.7003663550472,1477.7670704823338,1485.2890625,1692851,-0.019048496661617342,-0.01923225658333461,2514373074.7421875
2024-08-05,1453.632085912372,1472.736919690313,1418.5603276490895,1442.0030517578125,3279717,-0.02914315592503569,-0.029576252996594703,4729361922.901978
2024-08-06,1442.556947352931,1481.3204737693245,1442.556947352931,1460.7850341796875,2138704,0.013024925570705115,0.012940830660479822,3124186795.7402344
2024-08-07,1481.3204113798683,1490.5498220426714,1467.476295385664,1471.7218017578125,1897787,0.0074869110253903415,0.007459023216236131,2793014502.9925537
2024-08-08,1473.9368760483837,1478.5515813584914,1434.7580730310513,1437.8037109375,2373805,-0.02304653690650027,-0.023316260526732992,3413065638.041992
2024-08-09,1462.769269081842,1478.551538249518,1454.4166076485976,1467.4300537109375,2021762,0.020605276330883937,0.020395859466708268,2966794320.2507324
2024-08-12,1467.4762551007334,1477.1671360306439,1452.5707347567497,1463.09228515625,1273739,-0.00295603088114349,-0.0029604085696120046,1863597704.2026367
2024-08-13,1456.4008889713941,1484.4583177301981,1456.0778821561357,1469.9219970703125,1973825,0.004667998036318677,0.004657136720769196,2901368785.8673096
2024-08-14,1476.7977971968537,1504.1630190015014,1475.0903789655772,1500.8404541015625,3932148,0.0210340801028035,0.020815917766303114,5901526789.914551
2024-08-16,1509.0086211312146,1545.0033221857204,1506.8858116445701,1539.6964111328125,3101056,0.025889465415902535,0.025560007432140507,4774684793.921875
2024-08-19,1536.6965482573726,1555.1553656538576,1531.2050951473905,1549.15625,1631947,0.006143963705304456,0.0061251665138483445,2528140894.71875
2024-08-20,1550.5410217040908,1564.431330089006,1540.5732129276532,1556.7708740234375,2786109,0.004915336347406818,0.00490329552205417,4337333343.054565
2024-08-21,1556.0784187402182,1558.7087778761695,1544.7723922695375,1548.002685546875,1410370,-0.005632292216452672,-0.0056482133841814445,2183256547.614746
2024-08-22,1557.001435945659,1557.001435945659,1544.0802622033714,1546.987548828125,1749127,-0.0006557719364623793,-0.0006559870489269912,2705877690.319092
2024-08-23,1546.8953168933588,1556.0323427142498,1529.4517093616355,1533.4202880859375,2158185,-0.008770116315716336,-0.008808800126232622,3309404664.442749
2024-08-26,1542.2343607368987,1600.3796418418806,1538.6348684214709,1586.9508056640625,2672708,0.03490922742710256,0.034313719902219104,4241456113.904785
2024-08-27,1592.857596855788,1621.4687659614717,1573.7065723737578,1579.7056884765625,3556487,-0.004565432754210841,-0.004575886170708304,5618202744.892944
2024-08-28,1580.5826031025663,1603.8406704790818,1562.5852541891195,1586.9508056640625,2516461,0.004586371524994082,0.004575886170708357,3993499811.3721924
2024-08-29,1581.9207131412072,1620.68423119951,1566.4614529631936,1616.85400390625,5112407,0.018843179092545626,0.01866784553026809,8266015727.54834
2024-08-30,1616.8541003559483,1630.1906648435895,1607.9476975475723,1618.146240234375,4792561,0.0007992288264759839,0.0007989096131890995,7755064563.2438965
2024-09-02,1628.2524830531247,1672.3691083499093,1624.3761758807066,1667.431396484375,4445349,0.03045778868717175,0.030003158536750098,7412314490.93042
2024-09-03,1666.8315145336933,1677.1223296395513,1649.3418269300632,1652.479736328125,2553290,-0.008966881748643019,-0.009007326187992134,4219259985.9692383
2024-09-04,1629.0831362428394,1657.2790288527028,1628.990864675597,1647.680419921875,2644961,-0.0029043118053080352,-0.0029085375026510017,4358050451.156982
2024-09-05,1653.9104851820123,1659.1712044946182,1631.1138846091062,1652.572265625,2878565,0.0029689287097049988,0.0029645301447300096,4757036683.798828
2024-09-06,1650.2185750270176,1657.371368067543,1605.9635973449892,1620.7767333984375,3351716,-0.019240025315647835,-0.01942752347837476,5432383309.759277
2024-09-09,1622.8533100304692,1630.190758692684,1606.9787696493154,1612.147216796875,1418238,-0.005324309279457706,-0.005338533927526125,2286408444.4555664
2024-09-10,1614.6390499132683,1651.418338040681,1612.516353260748,1642.0042724609375,2307528,0.01852005533550738,0.018350647541919975,3788970834.823242
2024-09-11,1641.1736118076558,1658.3864836828104,1637.0203773818716,1641.6812744140625,2303930,-0.00019670962633422384,-0.00019672897621034966,3782318738.560791
2024-09-12,1661.2938980577812,1674.399615965867,1640.158525377528,1668.3082275390625,3349489,0.01621931951103206,0.016089191521115518,5587980056.751587
2024-09-13,1665.9084373020685,1679.7525517394818,1657.278961835486,1673.107421875,1599349,0.002876683251161971,0.0028725535159625725,2675882682.0683594
2024-09-16,1678.8296413550793,1683.6750814964284,1668.861833713112,1672.2305908203125,836199,-0.000524073375817613,-0.0005242107502675246,1398317547.8133545
2024-09-17,1672.3230359993008,1687.1362853204687,1667.9390658924779,1673.984375,830317,0.0010487693439618084,0.001048219769610982,1389937684.296875
2024-09-18,1668.7696073117113,1668.7696073117113,1606.0096190204538,1621.1458740234375,2629136,-0.03156451264759419,-0.03207340924434004,4262212978.6464844
2024-09-19,1639.1431804275842,1639.1431804275842,1588.8428970191928,1602.68701171875,4167373,-0.011386305575867395,-0.011451625864402988,6678994580.087402
2024-09-20,1613.3010003238933,1630.0062112613252,1588.75079024301,1624.4224853515625,4644317,0.013561895413068292,0.013470756000336263,7544332963.900513
2024-09-23,1628.067850700379,1628.067850700379,1598.995210509301,1617.73095703125,1541597,-0.004119327564506281,-0.004127835366618731,2493889190.166504
2024-09-24,1615.1469006508103,1646.0654270346972,1604.394614465165,1638.774169921875,1907389,0.013007856961111841,0.012923981367871292,3125779825.193115
2024-09-25,1641.7276056090752,1646.5730461829755,1619.7615632752456,1645.0501708984375,2240579,0.003829692395543205,0.0038223777927921324,3685864866.86145
2024-09-26,1644.9116225740677,1669.0465526283738,1641.819792709207,1646.3883056640625,4303250,0.0008134309757217295,0.0008131003200438288,7084820476.348877
2024-09-27,1670.5233140185844,1687.6439157001125,1658.1098018611099,1669.046630859375,4099016,0.01376244298951912,0.013668600591165777,6841448844.638672
2024-09-30,1668.6774794372927,1680.3987861355565,1651.2800625411662,1657.6944580078125,2117894,-0.006801591184853462,-0.006824827428399436,3510821146.447998
2024-10-01,1652.0645224762593,1682.013915262372,1652.0645224762593,1676.5224609375,1642542,0.01135794527075551,0.011293928090083885,2753758556.033203
2024-10-03,1640.989041503562,1669.8771388744728,1633.6055137577641,1641.4967041015625,3552386,-0.020891910279777215,-0.02111323425176852,5831229910.696533
2024-10-04,1640.9891614670892,1668.585120967133,1631.0675453333595,1639.697021484375,2982759,-0.0010963668782828506,-0.0010969683280953716,4890821048.105713
2024-10-07,1647.4034251573898,1665.1700386769787,1631.6673493525404,1640.0198974609375,3419048,0.00019691197357318835,0.00019689258895518727,5607306750.374023
2024-10-08,1637.2974900222891,1655.7563117812779,1608.6863162958568,1651.556884765625,2353030,0.007034663007777553,0.007010035197403683,3886162896.5600586
2024-10-09,1654.8794598632057,1684.3673807232644,1652.202908341919,1670.246337890625,2499596,0.011316263640323898,0.011252713711363002,4174941065.2060547
2024-10-10,1679.7527020791267,1698.1653308633595,1658.5250580418628,1669.27734375,3753869,-0.0005801504356829357,-0.000580318788063234,6266248473.105469
2024-10-11,1664.9856783619666,1710.0252473210535,1661.893848332339,1697.8885498046875,2977110,0.017139875624510026,0.016994645096237024,5054800980.509033
2024-10-14,1703.795284119454,1721.7464415672332,1691.19711689232,1712.88623046875,1751092,0.008833136112371909,0.008794352187379173,2999421375.0839844
2024-10-15,1688.9820317536867,1737.6671695542368,1688.9358396381601,1725.991943359375,5696544,0.007651245399432405,0.007622123075054659,9832189048.992188
2024-10-16,1724.9767759144427,1739.7438323160645,1711.178852654657,1721.5157470703125,2144442,-0.0025934050887573834,-0.002596773789265074,3691690671.678955
2024-10-17,1725.807538490176,1732.4065897084597,1708.7792080600289,1723.869384765625,2399099,0.001367189175770278,0.001366255423629425,4135733317.121826
2024-10-18,1723.1308818908421,1729.4991974525303,1700.9802974423255,1714.5474853515625,2366406,-0.005407543922087754,-0.005422217610706374,4057315456.6208496
2024-10-21,1730.7912316497134,1742.9740072864774,1698.2113706153657,1701.533935546875,1284980,-0.007590078382704646,-0.007619029615418652,2186437076.4990234
2024-10-22,1699.8619093025782,1720.4853929502126,1690.2932896721986,1693.3125,2089660,-0.004831778770390871,-0.004843489551263677,3538447398.75
2024-10-23,1666.1395875924845,1732.5622140284268,1666.1395875924845,1714.67919921875,2522186,0.012618284704536187,0.012539337574660326,4324739870.760742
2024-10-24,1713.982524538951,1730.6578105145184,1707.2008681055163,1713.8896484375,1621637,-0.0004604655970689153,-0.00046057164390715395,2779306867.823242
2024-10-25,1727.9170811517333,1738.6469341938052,1709.5230797658432,1720.810302734375,4078295,0.004037981268621538,0.004029850502829217,7017972053.590088
2024-10-28,1714.0753386034114,1743.5243194149257,1714.0753386034114,1738.8328857421875,2418907,0.010473311892179149,0.010418846718288651,4206075039.1519775
2024-10-29,1738.8328857421875,1742.6882077284597,1719.7421414088356,1738.8328857421875,1719955,0.0,0.0,2990714315.996704
2024-10-30,1728.8462617129542,1736.696163107448,1704.9713210844202,1708.2227783203125,1732047,-0.017603823618052683,-0.017760613716186653,2958722138.5213623
2024-10-31,1709.3375170606746,1712.960592086984,1631.8135320960184,1640.638916015625,3616088,-0.03956384563092086,-0.040367770227939234,5932694696.537109
2024-11-01,1650.8112872458057,1654.8059800658266,1626.6576049338244,1632.6031494140625,242223,-0.004897949526320944,-0.004909983792669217,395454032.66052246
2024-11-04,1637.805527954895,1655.549172650557,1621.0837471816744,1637.759033203125,2843690,0.003158075366271884,0.0031530991204160564,4657278985.129395
2024-11-05,1643.3792617236159,1656.7102127039268,1636.4118538870262,1647.606201171875,1818350,0.006012586570498746,0.005994583100769089,2995924735.900879
2024-11-06,1663.9100279345903,1721.4143955052841,1656.3852494257537,1707.8511962890625,3477029,0.03656516652725483,0.035912522627199586,5938248137.181763
2024-11-07,1718.6739005238142,1730.286247860123,1685.3695976418162,1701.859130859375,2173869,-0.003508540698807683,-0.0035147100622608084,3699618806.9421387
2024-11-08,1708.362123710801,1722.482806760405,1698.2362470906446,1707.01513671875,1521324,0.0030296313989111034,0.0030250513140187315,2596923095.8535156
2024-11-11,1715.561735094185,1740.9231475456304,1703.7636353248058,1734.698974609375,1679869,0.016217687409520787,0.016087585467392113,2914067031.778076
2024-11-12,1756.7160104226286,1758.5274913550322,1732.051337839937,1739.8548583984375,2711052,0.002972206627506413,0.0029677983540943543,4716836993.570801
2024-11-13,1733.4913129273361,1746.1255248963857,1727.0812741380737,1732.330078125,1254074,-0.004324947128270362,-0.004334326766163149,2172470110.3945312
2024-11-14,1739.0652311669462,1762.289927095992,1715.236670463378,1726.94189453125,2462563,-0.003110367742146458,-0.0031152149896498935,4252703212.6225586
2024-11-18,1726.9417159209622,1732.6086318630128,1686.1127500612015,1704.6925048828125,2483933,-0.012883693260841711,-0.012967407849585038,4234341967.731079
2024-11-19,1706.5504797321917,1732.5621364728022,1688.2494666004202,1691.2686767578125,2354204,-0.007874633159088651,-0.00790580181845182,3981591483.897949
2024-11-21,1704.692422493643,1708.9193618719978,1690.943359229425,1705.946533203125,1841245,0.008678607158650875,0.00864116452486507,3141065524.527588
2024-11-22,1715.2365939728818,1766.9347874858383,1706.0860868652692,1763.5904541015625,2765950,0.033789992697018434,0.03323165361785779,4878003016.522217
2024-11-25,1782.7276237438862,1783.6101168107489,1745.1036170937416,1757.3662109375,6531524,-0.0035293019133704195,-0.0035355445918945263,11478279583.527344
2024-11-26,1755.8798107621496,1778.9651348153143,1754.9973177165698,1764.6588134765625,2079873,0.004149734126942306,0.004141147726270417,3670266220.3619385
2024-11-27,1762.0576363513833,1780.8696395864515,1753.0928812651694,1756.762451171875,1631975,-0.00447472465747123,-0.004484766204486937,2866992401.2512207
2024-11-28,1751.234922470881,1765.5413576255617,1704.692655218577,1710.1737060546875,3631255,-0.026519661258760263,-0.026877650838919038,6210076820.979614
2024-11-29,1711.1956181907847,1739.3439953816937,1703.7172206441455,1716.8160400390625,2482280,0.0038840112912850167,0.0038764879935197735,4261618119.868164
2024-12-02,1716.815868412719,1745.1499949802283,1705.11053196173,1738.6005859375,2014744,0.012688922627925647,0.012609092842564736,3502835098.9140625
2024-12-03,1750.213096706416,1761.6396925392785,1739.1117373401646,1756.4837646484375,2954648,0.010285961511564912,0.010233420988844425,5189791242.250977
2024-12-04,1748.3548743116116,1775.2955179646597,1744.2673056976816,1762.8935546875,3730643,0.0036492167864388136,0.0036425745492660003,6576726499.540039
2024-12-05,1751.1421533533044,1800.471387088353,1750.2131654735415,1787.3726806640625,3881814,0.013885765202029887,0.01379024123096179,6938248295.019287
2024-12-06,1789.2305000178403,1801.6324644481897,1779.290375934029,1786.164794921875,2250408,-0.0006757884101366018,-0.0006760168580516731,4019599543.810547
2024-12-09,1779.0117411582753,1789.277102310028,1766.0059111968048,1774.27392578125,1379520,-0.006657207204190274,-0.006679465247337861,2447646366.09375
2024-12-10,1780.3585795450927,1804.8374981860254,1776.4103814935652,1798.845458984375,2695207,0.013848782223582434,0.013753764090994424,4848260872.9729
2024-12-11,1789.4628985342142,1797.4057902453553,1779.9407727925006,1793.78271484375,1387117,-0.00281444084890059,-0.0028184088344023364,2488186498.065918
2024-12-12,1788.2549423925188,1810.5971433705201,1785.0499799827883,1798.7060546875,2306173,0.0027446690187216127,0.002740909292608446,4148127338.256836
2024-12-13,1801.307329364767,1834.750889889332,1776.5497820182993,1828.9912109375,2569918,0.016837190363081067,0.016697016112385735,4700357434.830078
2024-12-16,1830.8954503030534,1839.395710737584,1811.7583256898854,1815.6136474609375,1371189,-0.007314175921985688,-0.007341055655629735,2489549461.6483154
2024-12-17,1807.1600507614655,1823.788842010221,1800.3783943179042,1812.0836181640625,1987909,-0.0019442623720148378,-0.0019461549035502163,3602257333.3009033
2024-12-18,1810.5971249976726,1831.9173485023591,1808.5069025598868,1821.14111328125,3460812,0.004998386954330636,0.004985936489184495,6302627018.537109
2024-12-19,1774.3666991556402,1807.9960121768104,1774.3666991556402,1796.8946533203125,1916115,-0.01331388313849624,-0.01340330749113215,3443056798.6468506
2024-12-20,1815.799448049168,1818.6329060701487,1761.7324059257794,1775.6207275390625,3786921,-0.01183927268186813,-0.01190991499334621,6724135421.152954
2024-12-23,1782.2630803182885,1801.6789478663388,1764.2871892096744,1767.86376953125,2058339,-0.004368589467055428,-0.004378159636285446,3638862943.5131836
2024-12-24,1773.0661390381713,1787.0474511566665,1755.0902473157016,1762.243408203125,1310301,-0.00317918236969994,-0.003184246706451769,2309069300.011963
2024-12-26,1770.2790053348926,1773.3447102214668,1752.3496100884684,1765.7734375,1065107,0.0020031451276496526,0.00200114150769663,1880737648.6953125
2024-12-27,1765.0766771893168,1767.7707642717069,1749.0051441889168,1757.644775390625,1328546,-0.004603457010251333,-0.004614085549700947,2335111935.7661133
2024-12-30,1753.9289427297554,1829.1304587641368,1733.1660883603279,1791.970947265625,6262203,0.01952964123104528,0.019341384892259887,11221685841.879639
2024-12-31,1779.1973697587334,1790.902706632299,1745.1500579822189,1781.2412109375,1968650,-0.005987673150894324,-0.006005671145812414,3506640509.9121094
2025-01-01,1781.2412743322218,1799.4029182290549,1772.4158900145558,1776.17822265625,880695,-0.002842393410932398,-0.002846440682194453,1564271279.802246
2025-01-02,1776.1782626816826,1835.9587211546775,1774.4132764998433,1832.1497802734375,3487645,0.0315123543928395,0.03102603057120059,6389888020.421753
2025-01-03,1839.39578190372,1850.6365112238773,1803.1652589268285,1808.4140625,2853344,-0.012955118642044128,-0.0130397680820364,5160027414.75
2025-01-06,1812.6875177428683,1833.2646210218284,1792.9465261979428,1814.3597412109375,1789037,0.0032877861515399065,0.0032823931999987448,3245956708.336792
2025-01-07,1820.8159934216214,1840.3247362082816,1773.34474198778,1779.84765625,2494547,-0.019021632908313713,-0.019204871554226084,4439913631.355469
2025-01-08,1770.929554220174,1800.8429171295306,1760.0139471650941,1795.0367431640625,2372138,0.00853392528328234,0.008497717195156598,4258074869.855713
2025-01-09,1789.9736156876252,1806.3701585120818,1783.656453719971,1797.405517578125,2742139,0.0013196244718016725,0.0013187545326729228,4928735768.566162
2025-01-10,1798.520426295895,1860.1587457047497,1797.8236854282702,1853.423583984375,4802079,0.031166070126306566,0.030690268810501624,8900286470.756104
2025-01-13,1853.237728643335,1869.3091490543711,1825.8325893752476,1848.1282958984375,5694121,-0.0028570307034477826,-0.002861119805986159,10523466140.369507
2025-01-14,1798.613255928026,1801.307343226937,1670.0878165478216,1684.765869140625,15819311,-0.08839344493581092,-0.09254679091225182,26651835246.12085
2025-01-15,1705.6215982017811,1712.635501441829,1683.836879685699,1696.052978515625,3350594,0.006699512129099139,0.006677170129202545,5682784933.496582
2025-01-16,1702.834771455224,1707.4332160665028,1658.5220952674524,1664.978515625,5362008,-0.018321634574069212,-0.01849155439353467,8927628120.609375
2025-01-17,1663.8055351506061,1682.6676054474335,1642.2690118617163,1678.726318359375,2424374,0.00825704512422143,0.008223142224459959,4069860439.3461914
2025-01-20,1679.8521229160626,1688.2040167263924,1654.045780247927,1685.576416015625,3401004,0.004080532711814966,0.004072229917095413,5732652133.174805
2025-01-21,1681.0723588346307,1708.6147458043579,1681.0723588346307,1691.3948974609375,4005357,0.0034519238582291223,0.003445979644455411,6774640392.309448
2025-01-22,1696.8375516893925,1718.6556437932056,1692.9432311922842,1715.1365966796875,3009261,0.014036757030774005,0.013939154049245294,5161293670.060913
2025-01-23,1705.1425174400829,1716.3095348003362,1693.0838249010083,1695.71142578125,3750930,-0.011325728187505546,-0.011390352656438143,6360494858.305664
2025-01-24,1689.1426563047783,1716.7320092682198,1680.7907613714744,1682.4329833984375,3171259,-0.007830602649088636,-0.00786142281710403,5335430740.4991455
2025-01-27,1665.682213664374,1670.1396731093914,1602.1517322373663,1606.5152587890625,4174844,-0.04512377334402029,-0.04617355249677056,6706950589.063965
2025-01-28,1606.5153097773027,1623.922908299152,1586.8556127904455,1588.967041015625,5079829,-0.010923156613317664,-0.010983252312361521,8071680854.995361
2025-01-29,1591.5477362383654,1617.9171068351532,1591.5477362383654,1613.1312255859375,3733620,0.015207480046198762,0.015093005442708125,6022819006.472168
2025-01-30,1615.9462541458195,1626.2218247493452,1593.2835703540459,1607.5943603515625,2543744,-0.0034323712457824396,-0.003438275345880529,4089308508.578125
2025-01-31,1603.7938432841613,1631.1484745562514,1603.7938432841613,1619.1837158203125,2033832,0.007209129214794885,0.007183267661246727,3293147655.114258
2025-02-01,1619.7001007692593,1625.2836097568943,1584.0404230002953,1589.6708984375,569018,-0.018226972698932253,-0.018395130437677196,904551355.2871094
2025-02-03,1562.4569280096825,1595.864392568976,1559.1724840168695,1587.7940673828125,2659929,-0.0011806412613656336,-0.0011813387673165724,4223419485.859497
2025-02-04,1590.7031810309018,1628.9904610685767,1587.8410913220712,1625.8468017578125,3647768,0.023965786972439673,0.02368311489942393,5930711936.354492
2025-02-05,1623.4537842153752,1639.2191615824402,1604.685532374735,1607.3599853515625,2681942,-0.011370577096355361,-0.011435716359522655,4310846253.83374
2025-02-06,1617.6823032879038,1621.9989777121955,1607.3597661830618,1617.3538818359375,2057798,0.006217584471090998,0.006198335041527778,3328187583.3342285
2025-02-07,1617.0255507399675,1624.3920660841331,1595.9112691184232,1619.37158203125,2428098,0.0012475316737867725,0.0012467541527357985,3931992899.586914
2025-02-10,1617.7761000689636,1632.8376657376364,1606.6559354282797,1627.06640625,1823071,0.004751734749536718,0.004740480894114623,2966257580.3085938
2025-02-11,1635.4653644908951,1641.2834762186028,1609.3774509519176,1617.0723876953125,1702553,-0.006142354433904984,-0.0061612962978286855,2753151444.8878174
2025-02-12,1617.7292659394873,1635.089896484204,1594.5035575080421,1611.5357666015625,2214307,-0.0034238548229995613,-0.0034297296274087173,3568434928.736206
2025-02-13,1606.5622214202544,1623.4066801989184,1595.5358743982404,1598.2103271484375,1838463,-0.00826878293941058,-0.008303158954755393,2938250552.680298
2025-02-14,1605.6237953113587,1617.2601332784309,1595.2542913149882,1605.8583984375,1460459,0.004785397240367306,0.004773983624965287,2345290350.723633
2025-02-17,1605.8583866958138,1614.21028083584,1589.7645894497305,1604.591552734375,1127023,-0.0007888900443262514,-0.000789201381828743,1808411585.5373535
2025-02-18,1600.9316697718957,1622.0459502935064,1596.4742105506668,1619.230712890625,1511900,0.009123293794800036,0.00908192795475205,2448114914.819336
2025-02-19,1617.0723544835728,1624.955042298025,1598.5387078343076,1606.84375,1294110,-0.007649906089362668,-0.007679316709281966,2079432565.3125
2025-02-20,1600.1810541319835,1608.955303224316,1579.864513816305,1583.6181640625,1681532,-0.014454165775297123,-0.014559644871459443,2662904618.6523438
2025-02-21,1585.9170404189338,1599.1955994962152,1581.3657629471265,1595.9580078125,1222563,0.007792183766283767,0.007761981495332361,1951159209.9052734
2025-02-24,1581.2250652618218,1585.917127770017,1536.7442897736687,1542.797119140625,4455420,-0.033309703896746035,-0.03387710772969155,6873809140.561523
2025-02-25,1535.242973645093,1550.2106084046304,1530.785513911099,1535.3367919921875,1951519,-0.004835585350712268,-0.004847314620754859,2996238920.9718018
2025-02-27,1520.2283446195179,1557.7648469558023,1515.723918518238,1528.8616943359375,2266866,-0.004217379333330662,-0.0042262975607488176,3465724593.5925293
2025-02-28,1512.7209263718523,1515.48919738269,1466.2225419022172,1478.046630859375,4910121,-0.033237187945005076,-0.03380209587502698,7257387801.161865
2025-03-03,1478.046630449053,1504.6506014906618,1471.8530164056688,1475.559814453125,1784684,-0.0016825019957619203,-0.0016839189918670223,2633407991.897461
2025-03-04,1463.9234789665418,1463.9234789665418,1429.2022169654124,1440.932373046875,3246644,-0.023467324785531485,-0.023747067664073303,4678194443.358398
2025-03-05,1437.6479808555375,1484.0055822609495,1436.7565347823277,1476.075927734375,3112003,0.024389454595421745,0.024096781064770596,4593552715.337158
2025-03-06,1482.6918496957885,1496.486468552412,1478.1405716752233,1487.80615234375,2011489,0.0079468978451398,0.007915487552312871,2992705709.5717773
2025-03-07,1485.1786140907477,1489.260685687368,1459.7945093234823,1461.999755859375,2091986,-0.017345268026834004,-0.017497459625255552,3058483021.2612305
2025-03-10,1461.108298968804,1475.6067266347575,1451.7241737345792,1453.882568359375,1855766,-0.005552112760257355,-0.005567583026656701,2698065838.354004
2025-03-11,1435.724181825556,1477.014332494823,1428.8268727492198,1471.2900390625,1846190,0.011973092656835549,0.01190198222803978,2716280957.216797
2025-03-12,1460.1699602910955,1468.615673429026,1414.2815626645433,1445.7183837890625,3113860,-0.017380431182509537,-0.01753324410141253,4501764646.54541
2025-03-13,1445.7182055774856,1452.615514212778,1434.9734287863155,1440.228515625,1983351,-0.0037973288751258494,-0.0038045570326819115,2856478666.6933594
2025-03-17,1433.8943612072458,1452.240372186287,1425.4956147946596,1449.9881591796875,2029100,0.006776454881156191,0.006753597912156175,2942170973.791504
2025-03-18,1449.9881591796875,1449.9881591796875,1449.9881591796875,1449.9881591796875,0,0.0,0.0,0.0
2025-03-19,1462.515918539908,1465.1903713226372,1431.172917330291,1449.3311767578125,4522829,-0.00045309502544266245,-0.0004531977040103064,6555077076.84436
2025-03-20,1452.521854437945,1484.662484537233,1451.7711931232186,1465.8004150390625,4608677,0.01136333678965773,0.011299259045910623,6755400659.380981
2025-03-21,1440.557003390561,1493.9996639060917,1427.7946163227189,1470.2108154296875,8109210,0.0030088682915998533,0.003004350707011244,11922248246.590576
2025-03-24,1493.0142233618444,1511.688654220074,1463.9234371115508,1505.3543701171875,2487843,0.023903751978064935,0.0236225299908506,3745085332.215454
2025-03-25,1522.1052406995293,1556.7795405283225,1519.2430364420209,1524.82666015625,4906013,0.012935352914640763,0.012852405771725653,7480819417.473145
2025-03-26,1524.8264723795628,1543.6415740044204,1522.1050532579748,1532.802978515625,3096513,0.005230967275032805,0.0052173332909978025,4746344349.4123535
2025-03-27,1525.5300740726814,1543.6883303059437,1514.1753074410713,1529.7529296875,3383080,-0.0019898505358325602,-0.001991832918610191,5175276541.3671875
2025-03-28,1516.5686343850857,1525.4367025047868,1484.1933985230125,1494.422119140625,2211077,-0.023095762630173544,-0.023366648765008498,3304282375.9230957
2025-04-01,1479.8765773281762,1487.3838776570444,1432.1113560752888,1436.099609375,4126827,-0.039026797729120655,-0.03980875565467322,5926534642.658203
2025-04-02,1421.6950443873868,1443.79470624483,1413.6247191910966,1433.47216796875,3167863,-0.0018295676630630808,-0.0018312433661666731,4541043442.437988
2025-04-03,1407.6187370667203,1407.6187370667203,1374.7742998684969,1379.5601806640625,3966161,-0.03760937150323718,-0.03833485200752166,5471557785.702759
2025-04-04,1359.759800282287,1366.5163248975466,1331.7012418104437,1334.5164794921875,4421312,-0.032650769283724124,-0.03319570010654779,5900313724.9765625
2025-04-07,1262.1648740781764,1298.5283602272689,1222.5169440188433,1289.47265625,6484139,-0.033752916456548876,-0.034335697410078726,8361119939.824219
2025-04-08,1295.0092338862357,1336.5339864945445,1287.5019339796488,1316.921142578125,3938359,0.021286598203601903,0.021063203224230907,5186508234.162842
2025-04-09,1295.6192683920913,1303.1734204452107,1273.4727558349355,1295.00927734375,3306801,-0.016638707152562215,-0.01677868531642879,4282337973.32959
2025-04-11,1276.2411176304622,1337.2379357525062,1276.2411176304622,1304.90966796875,4859622,0.007645034516901017,0.007615959333679951,6341367730.473633
2025-04-15,1332.5457046995487,1340.8037802397348,1319.407930146173,1338.6453857421875,3265147,0.025852914267967098,0.025524378058490844,4370873965.319946
2025-04-16,1327.8537033680223,1347.654184444179,1318.9387845114877,1343.525146484375,2553111,0.003645297547925308,0.003638669553277098,3430168830.265869
2025-04-17,1332.5457093049156,1353.2846020111017,1298.762860336622,1349.4371337890625,3549969,0.004400354783204108,0.004390701530227032,4790459992.400024
2025-04-21,1346.6219083757696,1406.6803070768494,1341.9298459772479,1390.727294921875,2840104,0.030598062035594342,0.030139276486770703,3949810153.216797
2025-04-22,1398.2345345231154,1407.5248405824202,1374.3050173215452,1388.756591796875,2608145,-0.0014170305941328953,-0.0014180355314487205,3622078561.1120605
2025-04-23,1459.2316198408828,1501.4601876176287,1448.6275114449047,1495.8297119140625,13293318,0.07709999055964767,0.07427223560998587,19884540034.32202
2025-04-24,1496.7678731422686,1504.5567423782873,1479.031854744417,1488.97900390625,3193118,-0.004579871594505458,-0.004590391338088334,4754485658.995117
2025-04-25,1492.075876810925,1518.3514268428155,1471.5246201255204,1481.0025634765625,3800415,-0.005356986504686634,-0.005371386607353259,5628424357.27478
2025-04-28,1485.5590115748148,1489.7356862837348,1459.075220717647,1470.656005859375,2618810,-0.0069861848131441695,-0.007010702458863442,3851368654.70459
2025-04-29,1476.066611334349,1500.5570233253402,1469.516839208954,1489.35595703125,2231069,0.01271538082146395,0.012635219175460097,3322855905.697754
2025-04-30,1491.2543430553478,1507.2965039752792,1475.1172814182116,1487.9320068359375,3682256,-0.0009560845334455337,-0.0009565418737903377,5478946559.763672
2025-05-02,1487.4574604298189,1500.7468059601426,1478.0599714871676,1492.5833740234375,1370848,0.0031260616520987217,0.0031211856804548984,2046104933.1132812
2025-05-05,1499.7976664694418,1516.5991509404553,1483.9454210278393,1488.976318359375,1012225,-0.002416652715579448,-0.002419577533883572,1507179053.8513184
2025-05-06,1496.7599353012063,1503.4046075631682,1485.6537707104512,1498.943115234375,2055057,0.0066937242400080255,0.006671420741565218,3080413541.564209
2025-05-07,1473.2188659025683,1498.2787976210511,1466.574193182647,1483.9453125,5469936,-0.010005584989814631,-0.010055977273267382,8117085886.875
2025-05-08,1482.6162918959724,1516.8837937233293,1476.8259576604175,1500.4619140625,2789018,0.011130195582931934,0.011068710760809342,4184815286.6347656
2025-05-09,1486.5082819813285,1497.6143319913983,1478.2499489865486,1489.7357177734375,2035161,-0.007148596167976917,-0.007174269808388892,3031852033.119507
2025-05-12,1517.6433288868916,1589.9752928759262,1513.0869354293889,1585.513916015625,4028207,0.06429207348625421,0.06230985840605971,6386778255.091553
2025-05-13,1599.4677045406977,1602.410322246675,1533.2107764244072,1537.387451171875,3118470,-0.030353858365804287,-0.030824076480278944,4794296644.855957
2025-05-14,1547.2593883529548,1558.935073031799,1534.9192828016735,1554.5684814453125,1569126,0.0111754719087509,0.011113487696911874,2439313823.0163574
2025-05-15,1566.244308903532,1616.1742558186468,1542.5133345262059,1609.9093017578125,4961582,0.035598830783606594,0.03497983987143957,7987697013.234131
2025-05-16,1606.0174938270525,1607.5362530584684,1573.8382684209864,1575.641845703125,2586263,-0.02128533329006288,-0.021515132752834648,4075024206.793701
2025-05-19,1576.6859717484479,1579.5336887353506,1554.948375573644,1565.8646240234375,1642018,-0.006205231034165926,-0.006224563496683191,2571177898.209717
2025-05-20,1576.4961832411707,1581.4321797094306,1553.334728382771,1555.1383056640625,2421580,-0.006850093037937155,-0.006873662622819359,3765891818.2299805
2025-05-21,1561.4981492899233,1573.3636367465335,1545.740805122325,1568.142822265625,1420835,0.008362289420946079,0.008327519183479778,2228072206.8737793
2025-05-22,1555.2330911478343,1557.4162711696033,1532.0716380056836,1550.107177734375,2202093,-0.011501276717379882,-0.01156792794273947,3413480165.338623
2025-05-23,1550.1072583475077,1585.9885382338316,1540.14024903174,1564.53564453125,1459454,0.009308044633380419,0.009264991738571624,2283367804.553711
2025-05-26,1568.522541916578,1590.73475762256,1562.0676703870101,1588.6463623046875,1078813,0.015410782015555347,0.0152932419655782,1713852348.0570068
2025-05-27,1588.8363496369195,1590.4500096534632,1558.1758823313398,1568.23779296875,2740015,-0.012846515008116954,-0.012929745061160814,4296995076.30127
2025-05-28,1579.5336830231895,1582.1915985509136,1563.396620155765,1573.173828125,1775441,0.0031475042741482273,0.0031425612519766443,2793077314.580078
2025-05-29,1585.2291331768304,1590.449947687293,1571.560068374657,1580.1981201171875,2374051,0.004465045036097237,0.004455106296142468,3751470927.262329
2025-05-30,1580.1981290624824,1580.1981290624824,1544.6966828894888,1553.5245361328125,4408910,-0.016879898567653595,-0.017023987831878376,6849349862.601318
2025-06-02,1542.6083187355225,1552.1956097280508,1524.1930584472964,1548.6834716796875,1883100,-0.0031161815217775057,-0.0031210469256995163,2916325845.5200195
2025-06-03,1563.3017256602932,1567.8580033166743,1534.9194565056011,1547.6392822265625,2380133,-0.0006742432990470837,-0.0006744707032831722,3683587327.723755
2025-06-04,1548.2087893328817,1561.1184163941086,1539.855439889435,1543.5574951171875,1659720,-0.0026374279564050918,-0.0026409120969792038,2561873245.7958984
2025-06-05,1551.9108171545088,1569.9463576069004,1542.133609401811,1549.5377197265625,1409322,0.003874312831425142,0.0038668270101798706,2183797598.2404785
2025-06-06,1548.3984286696718,1556.5619758103987,1539.665477244474,1554.5684814453125,1261281,0.0032466210113542004,0.0032413621167095364,1960747688.8458252
2025-06-09,1564.345675150342,1573.838063955866,1555.8025252253706,1564.6304931640625,1299786,0.006472543241964557,0.006451686283953764,2033684810.1877441
2025-06-10,1569.3768695722647,1599.3727985016626,1565.295095562959,1583.425537109375,3055223,0.012012448963144129,0.011940872136593218,4837718119.763916
2025-06-11,1590.9245363876787,1637.816965348587,1581.43214655243,1634.49462890625,5085821,0.03225228506173039,0.03174309945245802,8312747108.078613
2025-06-12,1637.4372714141487,1638.3865104120698,1608.9601014765112,1614.8453369140625,3607962,-0.012021631423369206,-0.012094475627157406,5826300611.463135
2025-06-13,1581.4320049009575,1624.1477553334564,1580.1030472682799,1609.2447509765625,1988422,-0.003468187206214224,-0.0034742153092250793,3199857666.2263184
2025-06-16,1606.112289101041,1641.6138486897555,1597.948857378498,1635.5386962890625,2116100,0.016339307800472103,0.01620725777314598,3460963435.217285
2025-06-17,1640.2849517495486,1650.5367790475427,1632.6910399358933,1641.8037109375,1777245,0.003830551158864326,0.0038232332794950023,2917887436.245117
2025-06-18,1640.1900621335562,1656.422025570383,1623.198661160662,1628.7991943359375,1794428,-0.007920871730845769,-0.007952408478077318,2922762880.6938477
2025-06-19,1632.4061510673155,1632.4061510673155,1611.0482750180745,1626.900634765625,2514527,-0.001165619173262522,-0.0011662990356494985,4090885572.4353027
2025-06-20,1626.9008392617109,1654.1439537859997,1622.344445448925,1651.5810546875,2719770,0.015170207322114937,0.015056290377998835,4491920605.107422
2025-06-23,1641.424111675593,1641.9937478022082,1612.9469403011108,1616.743896484375,2221446,-0.021093217377524787,-0.021318857918166935,3591509261.869629
2025-06-24,1632.5960763959326,1644.6513645867021,1603.4543714079707,1605.9224853515625,3601071,-0.0066933366232857505,-0.006715837460852636,5783040890.247437
2025-06-25,1615.6047469719333,1633.355469581466,1614.6555079901636,1629.938232421875,1307518,0.014954487087248891,0.014843771180264814,2131173577.7797852
2025-06-26,1623.1987605059167,1639.240923477511,1616.269269155364,1636.5830078125,2971055,0.004076703802911474,0.00406841656141402,4862378128.276367
2025-06-27,1646.9297812028017,1663.541464874876,1623.958242131554,1635.82373046875,6478283,-0.0004639406251473188,-0.00046404827889706945,10597329064.092285
2025-06-30,1637.4371331879215,1646.739720931821,1626.3310841993339,1640.8543701171875,1855229,0.00307529445547039,0.003070575409970717,3044160612.2181396
2025-07-01,1640.8543617870805,1656.4219031345847,1626.9954968324803,1631.0772705078125,1639826,-0.005958541956820218,-0.005976364902392275,2674682916.187744
2025-07-02,1634.589740823258,1650.2521860750487,1624.1481106553974,1631.3623046875,2069447,0.00017475210086081994,0.00017473683349108636,3376017827.348633
2025-07-03,1628.8940538231739,1642.658018730188,1619.876283711682,1625.002197265625,1839063,-0.003898648021717799,-0.003906267560296551,2988481415.909912
2025-07-04,1627.944776322193,1641.2341214350274,1619.5914273302828,1638.29150390625,768500,0.008178023797744238,0.008144764965766585,1259027020.7519531
2025-07-07,1637.911731367952,1637.911731367952,1616.838674016338,1623.5782470703125,1366412,-0.008980854018259876,-0.00902142497829068,2218476799.73584
2025-07-08,1613.706207247965,1631.6468464915597,1601.8407204299654,1621.39501953125,2139193,-0.0013447011519167607,-0.0013456060738347448,3468476876.0161133
2025-07-09,1623.1986031481015,1627.2803769792602,1586.1782841289344,1589.0260009765625,2894808,-0.019963684459845865,-0.02016565133047435,4599925179.834961
2025-07-10,1589.9752256763688,1594.6265196605889,1565.2950132181088,1579.248779296875,2740853,-0.006152965196087878,-0.006171972694868732,4328488754.482178
2025-07-11,1559.7894840817337,1571.4651701734467,1547.2595755860575,1555.1383056640625,2548153,-0.015267052252240565,-0.01538479360726645,3962730338.992798
2025-07-14,1556.7518506109018,1559.0300472255988,1525.4269658120238,1537.5772705078125,3334703,-0.01129226583403542,-0.01135650754874307,5127363536.694214
2025-07-15,1509.2899558749805,1539.0960825808759,1471.3203972366161,1486.887939453125,14685607,-0.0329670137735234,-0.03352267219081001,21835851931.84839
2025-07-16,1486.8879402294574,1494.102133199734,1480.8127876693677,1483.470703125,5218099,-0.002298247391381625,-0.002300892415307625,7740896992.505859
2025-07-17,1484.229990150248,1487.2676242963807,1464.1061708804082,1465.530029296875,4966082,-0.01209371630348488,-0.01216744029143042,7277942298.950684
2025-07-18,1477.1057905368714,1482.8458389456935,1463.71234424962,1481.6978759765625,3902458,0.011032081469831478,0.010971671948157328,5782263729.687744
2025-07-21,1481.697931914697,1483.5155205541757,1459.8857004250685,1464.0950927734375,3368842,-0.011880143373711238,-0.011951276217234129,4932305040.529053
2025-07-22,1466.677982232691,1473.087772892238,1452.5192665194224,1454.2412109375,3218227,-0.006730356439670349,-0.006753107427538146,4680078329.551758
2025-07-23,1458.0680018751634,1469.4524550590872,1452.2323091013636,1463.5211181640625,3471536,0.006381270972633191,0.006360996867018102,5080666248.466797
2025-07-24,1463.712377648238,1471.270131581955,1436.5427912035484,1441.900146484375,4654421,-0.014773255685445963,-0.01488346702771624,6711210321.699951
2025-07-25,1436.0644378307543,1446.6835041547893,1422.192654014078,1425.541015625,2733655,-0.011345536581892746,-0.011410388165997005,3896937325.0683594
2025-07-28,1425.5408801988112,1429.4632229283807,1400.0933577296337,1402.5806884765625,4404841,-0.016106395324143707,-0.016237513105262797,6178144922.40979
2025-07-29,1402.5808125832252,1413.4869279726304,1397.7017947668448,1408.60791015625,6223556,0.004297237035420842,0.004288030278671949,8766550210.90039
2025-07-30,1416.356972451215,1419.9923832268785,1405.1639245487333,1412.5302734375,1642426,0.002784567126855597,0.0027806974018218804,2319976446.8808594
2025-07-31,1401.528476378077,1418.461572349329,1396.2667653746096,1404.3028564453125,2306285,-0.005824595158704371,-0.0058416242704028955,3238722613.2769775
2025-08-01,1401.5283823779257,1403.3460875953451,1387.1782624218376,1389.187255859375,2152783,-0.010763775432458655,-0.010822123941139012,2990618708.230713
2025-08-04,1389.1873471188792,1411.4779149609608,1378.1855877631428,1410.521240234375,2384774,0.015357169658025915,0.015240441883227379,3363774380.1586914
2025-08-05,1415.7830505684403,1421.044761933848,1407.4599097942046,1418.461669921875,2614394,0.005629429363417815,0.005613643342422931,3708417679.0737305
2025-08-06,1416.739732558328,1419.4183519253684,1393.3011999933678,1399.8065185546875,1735697,-0.013151678161465563,-0.013238927306813943,2429639974.8358154
2025-08-07,1394.8316794757075,1415.113135921434,1388.1349567347404,1411.573486328125,1495363,0.008406138718075828,0.008371003895482258,2110814763.236084
2025-08-08,1410.903978721859,1417.9832785003246,1395.788470844493,1411.764892578125,2815614,0.0001355977934225372,0.00013558860087273025,3974984996.251465
2025-08-11,1411.095332073909,1464.6691209526473,1402.102565584374,1423.5321044921875,2374556,0.008335107336869374,0.008300562155497244,3380256699.914551
2025-08-12,1425.445406004107,1444.483257266117,1424.488731234977,1434.151123046875,3422656,0.007459627022936344,0.007431941601969488,4908605946.203125
2025-08-13,1435.0121342495343,1442.187194920782,1424.4887119317043,1436.064453125,2916128,0.0013341202662520146,0.001333231118541731,4187747761.5625
2025-08-14,1435.9687383495286,1450.5101472151196,1421.427329483938,1425.2540283203125,4227538,-0.007527813101398828,-0.0075562900894195,6025315564.377197
2025-08-18,1433.1944030282975,1436.8298137488491,1411.9562705367805,1420.6619873046875,2795155,-0.0032219105677862014,-0.0032271120972196263,3970970457.124634
2025-08-19,1412.3389880278332,1418.3659689175522,1405.5465038396178,1412.1475830078125,2515817,-0.005993265374143464,-0.006011297070993439,3552704895.839966
2025-08-20,1404.3985318270595,1435.299172938886,1394.8317843350496,1431.1854248046875,10219330,0.013481481699189946,0.01339141510923497,14625756147.269287
2025-08-21,1435.0120868816957,1439.7954605046348,1421.714284853609,1428.793701171875,2157601,-0.0016711486795213393,-0.001672546606121752,3082766718.4421387
2025-08-22,1425.0626681512094,1426.8803735120002,1400.5718181840887,1402.772216796875,2802805,-0.018212205410520488,-0.018380089102316036,3931696983.099365
2025-08-25,1415.8786685002913,1444.291862635263,1412.2432576388037,1439.0301513671875,2764914,0.025847342951448526,0.02551894713211748,3978794611.937256
2025-08-26,1436.8296169426508,1441.23029678262,1420.6617927130371,1428.1239013671875,4092265,-0.00757888914949989,-0.007607754869083229,5844261457.228394
2025-08-28,1423.5319882641413,1423.5319882641413,1383.351649885718,1386.987060546875,4367902,-0.028804812230178944,-0.02922781362140604,6058223555.736816
2025-08-29,1386.9870122921272,1399.2323782553347,1376.8461671527366,1391.7703857421875,3404604,0.0034487165247427676,0.0034427833392454577,4738427022.379395
2025-09-01,1383.3515916733152,1408.7034707738287,1383.3515916733152,1404.7811279296875,2105254,0.009348339583013843,0.009304914283046094,2957421088.6984863
2025-09-02,1405.3550711275927,1413.3911616026767,1396.4579501048972,1402.197998046875,1295198,-0.0018388130588139484,-0.0018405057508943936,1816124042.6743164
2025-09-03,1411.0951162632111,1411.0951162632111,1389.6655806327974,1402.5806884765625,1800307,0.000272921820043015,0.0002728845836580145,2525075831.529175
2025-09-04,1401.624115685596,1402.3895021779256,1378.472634062406,1380.7686767578125,2192155,-0.015551341821511522,-0.015673532411641315,3026858958.5980225
2025-09-05,1385.2650524136716,1389.3788005941094,1342.0233999763768,1357.521484375,3895199,-0.016836413494981106,-0.01697975711080151,5287816328.416016
2025-09-08,1362.2091241287956,1366.7054484911205,1340.3012502157765,1342.214599609375,2929976,-0.011275611429952592,-0.011339663072625045,3932656563.705078
2025-09-09,1349.102681235138,1369.7669491914457,1348.0503623699672,1365.2705078125,2906889,0.01717751260479128,0.017031647169269793,3968689821.1845703
2025-09-10,1372.7327480642123,1408.1297170614887,1370.0540118058339,1400.476318359375,3205017,0.025786692340760586,0.02545982293193139,4488550408.439209
2025-09-11,1400.4761563014292,1406.694542027328,1395.1188011862023,1404.1114501953125,1982922,0.002595639632233082,0.002592276777598417,2784243485.0441895
2025-09-12,1411.0951659256086,1415.8785393694243,1399.6150696604511,1403.633056640625,2110883,-0.0003407091044097532,-0.0003407671589435137,2962905157.5007324
2025-09-15,1403.6331265794308,1404.6855622147725,1389.091717298308,1402.9635009765625,1725617,-0.0004770161695001329,-0.0004771299779068544,2420977667.664673
2025-09-16,1400.4762510617772,1420.8533540580092,1397.7975149321212,1418.8443603515625,1724524,0.011319509997192112,0.011255923737518506,2446831151.690918
2025-09-17,1426.2108430840299,1434.0555297563176,1411.3823836369165,1417.313720703125,2656774,-0.0010787932004453493,-0.0010793755166668712,3765482243.007324
2025-09-18,1427.9326087877762,1437.7864047373657,1421.7142233469772,1429.0806884765625,2792406,0.008302302871660672,0.008268028329589292,3990573488.986084
2025-09-19,1429.0808223191373,1429.0808223191373,1400.5718673771046,1403.8245849609375,3197957,-0.0176729723655763,-0.01783100403621831,4489370658.247925
2025-09-22,1361.3480439968562,1386.4128734280896,1353.69464670102,1377.515869140625,4457129,-0.018740743040231433,-0.018918576085667164,6139765928.306885
2025-09-23,1381.6296610067534,1381.6296610067534,1358.8608714691968,1367.8536376953125,3106480,-0.007014243292413291,-0.007038958738137685,4249209968.4277344
2025-09-24,1363.357015656249,1382.1078153752596,1358.4779983143922,1379.8118896484375,2894044,0.008742347590107169,0.008704354541135563,3993236320.3657227
2025-09-25,1377.8030209918868,1380.0034197776533,1354.6515371959495,1362.1136474609375,2713246,-0.012826561591674168,-0.012909532181311006,3695749405.518799
2025-09-26,1358.4780851732824,1364.6964707744278,1331.691193352964,1334.8482666015625,2568054,-0.020016964744608012,-0.02022001843124164,3427962430.439209
2025-09-29,1336.570225397355,1341.8319363472835,1323.081135227491,1327.29052734375,2990852,-0.005661871425322373,-0.005677960577890141,3969729528.2871094
2025-09-30,1331.7869333983938,1344.128061375167,1322.0288973878787,1325.0902099609375,2782077,-0.0016577511384910926,-0.0016591267283770131,3686502996.057495
2025-10-01,1326.0468430517603,1336.2833329104571,1322.124499946586,1329.299560546875,2253527,0.0031766520907747786,0.003171617191452957,2995612450.7805176
2025-10-03,1335.996244859644,1339.153318144448,1320.5938052426413,1333.126220703125,2793839,0.0028787041460207607,0.002874568611992216,3724540027.322998
2025-10-06,1333.1262283449394,1359.4347832638384,1330.5432533018986,1356.2777099609375,1970901,0.017366314530669058,0.017217243492044083,2673089094.8397217
2025-10-07,1360.3914919361123,1379.4293427815494,1355.7994064321326,1371.297607421875,1592836,0.01107435250953892,0.0110134808648427,2184252195.8154297
2025-10-08,1371.1062504592003,1395.5014573932513,1365.3662017688353,1390.23974609375,1735807,0.013813295209846865,0.013718761203546717,2413187882.947754
2025-10-09,1390.239729338229,1426.497726485028,1389.570103711726,1422.0970458984375,2681316,0.022914968367290012,0.0226563636392693,3813091562.720215
2025-10-10,1426.401995047643,1433.5770553849047,1410.0428808350023,1430.70703125,2129445,0.006054428828464964,0.00603617441721334,3046611934.1601562
2025-10-13,1425.4453259408936,1437.116710756099,1412.53021728304,1429.941650390625,1820492,-0.0005349668678893416,-0.0005351100137186718,2603197335.0029297
2025-10-14,1449.744945271399,1468.4957470896468,1425.6366714065782,1430.6114501953125,5802489,0.00046841058479873965,0.00046830091480648425,8301107203.032349
2025-10-15,1433.0030698582757,1444.0048290109378,1421.7142615803032,1430.8983154296875,1710696,0.00020051931943920742,0.00020049921812756257,2447832024.6123047
2025-10-16,1434.9164178827316,1454.0499120426946,1433.0987125812192,1449.3621826171875,2021043,0.012903689233819238,0.012821145952791052,2929223293.6431885
2025-10-17,1445.5049950102464,1447.7229617012551,1426.4115530606123,1433.1617431640625,3210161,-0.011177633615271354,-0.01124057280887687,4600679934.59729
2025-10-20,1436.729726635375,1456.0159834726471,1435.9582292762962,1442.033447265625,2354881,0.006190302067355047,0.006171220852679561,3395817166.3303223
2025-10-21,1449.0728493209122,1449.3621902568505,1428.1473078978013,1432.9688720703125,274400,-0.006285967369550782,-0.0063058072480209676,393206658.49609375
2025-10-23,1456.1125063872835,1492.2742408174313,1451.7730982556657,1469.5164794921875,5011470,0.025504816004183084,0.02518499476908376,7364437751.480713
2025-10-24,1470.5771723395956,1477.9059268360006,1462.2841049432955,1469.4200439453125,1491451,-6.562399824761034e-05,-6.562615159639143e-05,2191567993.9622803
2025-10-27,1476.7487702026774,1494.2028098142143,1472.3129544907802,1478.7738037109375,1394846,0.0063656132936029675,0.006345438349299917,2062661725.0109863
2025-10-28,1480.2202995851405,1486.9704898764082,1458.0411029138322,1467.7806396484375,1936466,-0.007433972683931089,-0.00746174237052355,2842307304.137451
2025-10-29,1475.3986987319204,1503.3637721065777,1467.684195732015,1501.7244873046875,2596355,0.0231259676952682,0.022862614965923816,3899009881.235962
2025-10-30,1502.1101652795687,1504.2317242993038,1483.2096558812607,1494.4921875,2183395,-0.004815996453296223,-0.004827630733011795,3263066769.7265625
2025-10-31,1494.4922478418825,1502.592382401083,1482.727559295551,1486.4884033203125,1723467,-0.005355520923181478,-0.005369913133548565,2561913709.005249
2025-11-03,1485.1381829149193,1494.395562645935,1473.6628365639656,1488.4168701171875,2252136,0.0012973305358907616,0.0012964897297548367,3352117216.198242
2025-11-04,1481.5702926395418,1486.8740133372978,1470.577102559581,1474.53076171875,1666863,-0.009329448407383478,-0.009373240293418843,2457840769.070801
2025-11-06,1474.5308438593693,1477.2309670869563,1460.2590834514915,1471.92724609375,2474769,-0.0017656570433060015,-0.0017672176529748061,3642679918.8881836
2025-11-07,1461.0304776743155,1464.5985060972403,1437.3084034480262,1458.4268798828125,2238714,-0.00917189775973315,-0.009214218587622997,3265000673.9699707
2025-11-10,1463.8268869431597,1489.766925807937,1457.4624457601137,1485.52392578125,1558896,0.018579639659833225,0.018409146715513906,2315777305.8046875
2025-11-11,1492.5634929827825,1516.3819735581708,1486.1989339305337,1513.97119140625,2270763,0.01914965160190163,0.018968604695904372,3437869764.5112305
2025-11-12,1518.7928011904994,1542.9006234316184,1517.3463318560323,1537.11474609375,2331564,0.015286654606685879,0.01517099095291082,3583881405.861328
2025-11-13,1542.322006676396,1547.7221351315686,1523.6143137120737,1541.4541015625,1944022,0.0028230523972121446,0.0028190750685066564,2996620685.4277344
2025-11-14,1533.2575434838177,1540.9720468472583,1517.9249445061835,1537.693359375,2543918,-0.0024397367289028526,-0.0024427177361249605,3911765815.3945312
2025-11-17,1537.114640997858,1550.3256795971333,1528.917981996301,1549.0721435546875,2000978,0.007399904610573715,0.007372659640678916,3099659279.6657715
2025-11-18,1546.7578509686116,1546.7578509686116,1533.3538784679217,1538.2718505859375,1640123,-0.006972104568329751,-0.006996523255335768,2522955042.3985596
2025-11-19,1538.3684141194399,1609.920384105191,1531.9074470708654,1603.2666015625,6342672,0.04225179765969567,0.04138356256470866,10168994182.265625
2025-11-20,1603.2665542011332,1608.8596159330084,1583.9802968001477,1586.680419921875,2724035,-0.010345242409752986,-0.010399126380667168,4322172997.681885
2025-11-21,1577.6158729667095,1584.8482195726083,1548.6864865431146,1550.6151123046875,2958835,-0.02273003886879965,-0.022992348699104173,4588014265.81604
2025-11-24,1556.6902870321276,1581.4730802901095,1545.6970969556094,1552.929443359375,6392688,0.0014925245061281345,0.0014914117984521583,9927393417.410156
2025-11-25,1560.5475556076767,1561.1261197835458,1535.7646443632036,1543.9613037109375,2285950,-0.005774982042350385,-0.005791721729852794,3529418342.2180176
2025-11-26,1543.9613614206683,1569.4192455362172,1543.9613614206683,1560.161865234375,1243303,0.010492854635993254,0.010438186719262827,1939753927.5314941
2025-11-27,1561.3190013514552,1574.9157897727193,1556.4010290774631,1570.86572265625,2106176,0.006860735197028456,0.0068373074466609556,3308519684.28125
2025-11-28,1570.865564972418,1578.483659702002,1561.2224368878728,1566.23681640625,1841289,-0.0029467230605635386,-0.0029510731968277358,2883894621.4438477
2025-12-01,1571.8299936315989,1587.7411561438205,1569.9013678725416,1584.2696533203125,2034350,0.011513480416990296,0.011447704691568484,3222958969.2321777
2025-12-02,1592.080392947732,1593.9126107646616,1566.043947999465,1577.133544921875,2326220,-0.004504352136949441,-0.004514527297537328,3668759594.868164
2025-12-03,1577.1337577357083,1595.5521106971942,1570.6729083512114,1581.955322265625,2371611,0.003057304411078876,0.0030526403598128554,3751782643.793701
2025-12-04,1591.1161864307182,1612.3310689164612,1586.3910299706451,1595.552001953125,3935708,0.00859485694452311,0.008558131445150103,6279626778.50293
2025-12-05,1603.3629998227739,1630.6531017754521,1592.0805860622538,1622.9385986328125,3391204,0.017164339768408254,0.01701869670436357,5503715867.437988
2025-12-08,1622.938494735528,1634.8959973839192,1617.0562100086327,1628.338623046875,2702407,0.0033273128253967776,0.003321789568422501,4400433693.292236
2025-12-09,1626.7957674386714,1626.7957674386714,1597.2878179621275,1598.4449462890625,2817704,-0.018358390776162303,-0.01852899729899275,4503944718.938477
2025-12-10,1603.941568474416,1611.3667301393214,1597.8663505929717,1606.545166015625,1482249,0.00506756253655638,0.005054765655979321,2381299965.781494
2025-12-11,1607.9917621882905,1617.5384834496251,1590.1519735223335,1612.7169189453125,1408684,0.0038416305126323103,0.00383427029427186,2271808520.2475586
2025-12-12,1617.5384660183624,1618.0206224635979,1600.759398181377,1613.48828125,1284337,0.0004782998774466307,0.0004781855285208465,2072262698.6757812
2025-12-15,1613.4882062129197,1627.760083413747,1600.7593237362678,1623.90283203125,1689723,0.006454680150004943,0.006433937910587357,2743945965.04834
2025-12-16,1621.0097826236374,1621.9740954033066,1586.6802712102126,1592.75537109375,1929309,-0.019180618644860314,-0.019366953233665794,3072917272.2495117
2025-12-17,1592.08049279527,1605.098716085843,1587.5482695500657,1595.937744140625,1394918,0.001998030020573527,0.0019960366134085727,2226202286.1811523
2025-12-18,1597.8663749636394,1614.1632854930872,1592.2733134092591,1602.109375,1822056,0.0038670874738275796,0.0038596295119398137,2919132999.375
2025-12-19,1615.2240514930982,1621.0099286924765,1574.240754664169,1583.7874755859375,3487150,-0.01143611023065294,-0.011502005410675658,5522904495.489502
2025-12-22,1592.948392786367,1613.777526441746,1585.3302978609083,1610.6917724609375,1339691,0.01698731508471263,0.01684464411224717,2157829271.339966
2025-12-23,1615.3204698744262,1626.6994088603938,1597.0949330335684,1619.94921875,1614314,0.005747497098664844,0.005731043252732445,2615106703.1171875
2025-12-24,1616.1883461808325,1620.0455976036985,1605.6773125107284,1614.9346923828125,989858,-0.0030954836788382734,-0.0031002845984467,1598556024.732666
2025-12-26,1608.473917383925,1616.5741692876468,1591.5984416319955,1601.6273193359375,921138,-0.008240192689922488,-0.008274330743143854,1475319785.6784668
2025-12-29,1600.4699875803433,1601.5308258848768,1567.3941275049592,1572.6014404296875,1516288,-0.018122742135969983,-0.018288970431643944,2384516692.90625
2025-12-30,1572.6014804595475,1577.3265193663256,1553.6044462320297,1557.55810546875,3323273,-0.009565891632928425,-0.00961193866352152,5176190797.835449
2025-12-31,1566.5263911525833,1573.469397324176,1559.1012285047973,1565.3692626953125,1359963,0.0050150021364445685,0.005002468898574889,2128844278.6029053
2026-01-01,1564.9834275068804,1586.9696909781806,1560.6440194608895,1576.16943359375,773806,0.006899439739759039,0.006875747518340856,1219649364.7314453
2026-01-02,1573.7585752499272,1584.3660166272243,1567.10479302501,1581.6658935546875,950573,0.003487226591119219,0.003481160315364974,1503488893.43396
2026-01-05,1567.00831446455,1575.2049733402107,1523.7106458020903,1550.229248046875,3245802,-0.019875654925554986,-0.020075832637426547,5031737193.769043
2026-01-06,1543.1898909839229,1567.972683983436,1540.2969524525881,1558.618896484375,2112043,0.0054118759841939035,0.005397284404897311,3291870129.987549
2026-01-07,1562.9582725593957,1595.4555676495659,1559.004495808975,1588.898193359375,3816569,0.019427004858787456,0.019240709507580823,6064139588.9313965
2026-01-08,1594.2985190902186,1601.3379324306445,1577.0372951307525,1587.9339599609375,3266398,-0.0006068566271063558,-0.0006070408391199116,5186824310.948486
2026-01-09,1588.3196543103204,1615.224006073685,1588.3196543103204,1602.109375,3281306,0.008926955022368288,0.008887345314239193,5257011104.84375
2026-01-12,1599.987883032742,1617.345514868645,1582.9195921463609,1608.088134765625,4175707,0.003731804993416965,0.0037248590843180682,6714904880.957764
2026-01-13,1624.8671900660424,1637.0175087160264,1567.97273059192,1605.5809326171875,7149266,-0.001559119860556013,-0.0015603365527362128,11478725171.80835
2026-01-14,1605.5809595772776,1618.0206193834642,1590.3447688512542,1608.9560546875,2470615,0.0021021189288856768,0.0020999125683705123,3975110963.051758
2026-01-15,1608.9560546875,1608.9560546875,1608.9560546875,1608.9560546875,0,0.0,0.0,0.0
2026-01-16,1622.0685339254821,1652.081682009063,1617.0178290309627,1649.264892578125,3098089,0.02505278983424697,0.024744113541488866,5109569421.782471
2026-01-19,1649.264930539804,1669.662199998777,1636.7351555873774,1667.525390625,2087629,0.011071901262828865,0.011011056463832651,3481174363.705078
2026-01-20,1670.6334850729563,1670.6334850729563,1633.5299283544177,1638.8720703125,1739341,-0.017183138843697376,-0.017332482238585505,2850557385.649414
2026-01-21,1639.1633154048784,1646.2538418405477,1621.0000809866287,1634.209716796875,1728435,-0.00284485506836174,-0.0028489093596147487,2824625271.8518066
2026-01-22,1642.0772742114043,1659.9491909105602,1633.2384812850246,1654.218505859375,1853439,0.01224370951711018,0.012169361553807885,3065993093.281494
2026-01-23,1663.5429459948182,1671.604771225789,1650.04199127234,1658.006591796875,1874357,0.002289954999344035,0.002287337048292839,3107696261.380615
2026-01-27,1670.6334244449179,1675.975566209131,1651.6931036445249,1670.82763671875,2671530,0.007732806965489836,0.007703062056392981,4463666156.323242
2026-01-28,1656.1610721542709,1684.6201660350766,1642.465786823139,1679.9578857421875,2713867,0.005464506824514714,0.005449630576728437,4559182267.505493
2026-01-29,1673.3531293582296,1675.489938664914,1647.4193878632143,1672.1875,2235602,-0.004625345556656391,-0.004636075566870336,3738345719.375
2026-01-30,1664.028545737421,1664.028545737421,1634.695378411855,1646.9337158203125,4448681,-0.015102244323490943,-0.015217444541426109,7326682729.829224
2026-02-02,1622.0684627483904,1640.037484641112,1606.1391439517708,1628.67333984375,1916380,-0.01108749902995776,-0.011149423497749484,3121157015.0097656
2026-02-03,1728.9113946545401,1729.0085007948294,1640.6203339894569,1646.6424560546875,3200948,0.011032977437121616,0.01097255813852612,5270816876.42334
2026-02-04,1594.8722589690967,1597.7861546919391,1540.4795388093712,1575.2520751953125,5834470,-0.04335511974495332,-0.04432303240845885,9190760975.164795
2026-02-05,1567.3844065854084,1584.9650050129394,1554.2718762952904,1563.7906494140625,3184531,-0.007275931237753719,-0.0073025299241174495,4979939800.569214
2026-02-06,1565.7331840230888,1565.7331840230888,1528.9209471121815,1547.9583740234375,3342992,-0.010124293425438524,-0.010175892650010504,5174812460.693359
2026-02-09,1554.4662097186297,1573.4065312801788,1548.6384184689223,1556.020263671875,1863558,0.0052080790954882605,0.005194563956521481,2899734010.527832
2026-02-10,1549.22116873538,1556.4088016328246,1522.8018959178016,1527.94970703125,3234785,-0.018039968563381414,-0.018204672640692983,4942588793.059082
2026-02-11,1528.8237593707415,1532.8060592999798,1501.724508918872,1507.066650390625,2944646,-0.013667371736469036,-0.013761630089565017,4437777783.806152
2026-02-12,1485.115481610435,1490.9432729051784,1427.3232179375632,1433.7337646484375,5397659,-0.048659351411684426,-0.04988308016687376,7738805958.3585205
2026-02-13,1382.1577086918394,1434.4136132707504,1355.9326502697174,1413.4334716796875,7214938,-0.01415903947392061,-0.014260235030258219,10197834865.293701
2026-02-16,1409.4512728724128,1424.894943209499,1405.2747603343228,1419.84423828125,2388700,0.004535598406300689,0.00452534357601866,3391581931.982422
2026-02-17,1421.9809909201456,1467.3405830262284,1416.1531999737515,1440.047119140625,2840341,0.014228941678723128,0.01412866043260183,4090224874.427002
2026-02-18,1440.6298873232702,1440.6298873232702,1401.9722781753735,1425.089111328125,2036245,-0.010387165540407084,-0.010441488647223504,2901830577.496338
2026-02-19,1427.8089128327592,1458.6962551084828,1401.583851168484,1408.771484375,2397127,-0.011450250249907312,-0.011516309109736729,3377004162.0253906
2026-02-20,1401.5838264016543,1413.2394091575932,1389.9282436457154,1395.2703857421875,2392491,-0.009583597327569637,-0.00962981552453956,3338171840.454712
2026-02-23,1396.9214511058526,1400.2238897093428,1374.8730226483146,1385.265869140625,2629763,-0.007170306704560869,-0.0071961369013639155,3642920927.8288574
2026-02-24,1362.0519713376468,1366.3255900015026,1284.542301484879,1300.762939453125,10004684,-0.0610012356255647,-0.06294111566991001,13013722168.139648
2026-02-25,1316.1094767557106,1351.4647661176937,1315.13817824888,1338.6435546875,5703505,0.029121843869799324,0.02870585982237282,7634960207.37793
2026-02-26,1351.0762149795514,1364.6743939944429,1328.7363494550873,1334.0784912109375,2329520,-0.0034102158566237106,-0.003416043896406167,3107762526.845703
2026-02-27,1357.8754160439462,1364.480293820491,1342.3346387501672,1349.2308349609375,8651443,0.011357910235286317,0.011293893448076114,11672793662.506958
2026-03-02,1312.2242981891923,1346.2197463288087,1311.2529996709177,1331.6502685546875,2088938,-0.013030065686839287,-0.013115701701415737,2781734848.694092
2026-03-04,1317.080808041033,1342.3345698471294,1317.080808041033,1324.8511962890625,3161598,-0.005105749179177832,-0.005118828053813818,4188646892.4851074
2026-03-05,1338.643498816475,1338.643498816475,1294.255206333629,1315.2352294921875,2217963,-0.007258148555709165,-0.00728461706863698,2917143075.3101807
2026-03-06,1317.080758597693,1341.169008688996,1315.3323738808347,1317.7606201171875,1871596,0.001920105672637007,0.0019182646260326108,2466315505.5688477
2026-03-09,1291.8270860425002,1333.3014871677035,1289.8844889206318,1319.606201171875,2256550,0.0014005434875747902,0.0013995636413159963,2977757373.2543945
2026-03-10,1321.9373243586176,1325.2397631364865,1306.3965475843795,1322.4229736328125,1671877,0.002134555338127342,0.002132280411610742,2210928553.8883057
2026-03-11,1327.959283660933,1336.506758028498,1308.2419949259765,1311.54443359375,1837000,-0.008226218279600905,-0.00826024032350176,2409307124.5117188
2026-03-12,1311.25298917672,1324.2684129307795,1302.5113025822084,1319.1204833984375,2616965,0.005776433958801119,0.0057598143348871166,3452092135.836792
2026-03-13,1311.252927306642,1317.7605795932589,1283.0852718311662,1287.3590087890625,2190786,-0.024077766215522822,-0.024372374243055925,2820328093.428955
2026-03-16,1275.1207179295407,1299.3059557205356,1265.0191898185524,1290.4671630859375,3618375,0.002414364816383685,0.00241145492040956,4669394121.231079
2026-03-17,1290.4671115039953,1290.4671115039953,1260.4539653473184,1283.182373046875,2285672,-0.005645079741232739,-0.005661073422680459,2932934020.966797
2026-03-18,1288.427519984832,1338.8379381853317,1288.427519984832,1318.246337890625,2564106,0.027325784378172013,0.026959100095910956,3380123344.463379
2026-03-19,1302.899825821349,1315.3323754260534,1271.6239431203578,1274.1494140625,1663249,-0.0334512014641255,-0.0340234916591543,2119227738.790039
2026-03-20,1296.586405720121,1313.6812357960657,1290.7586146555914,1295.4207763671875,5050431,0.016694558793435288,0.01655673645366997,6542433247.008911
2026-03-23,1277.0633953429879,1325.8225356751977,1272.401114823816,1319.606201171875,5166409,0.018669937402510994,0.018497793431904056,6817625354.190186
2026-03-24,1340.3919298664168,1353.9901088650618,1320.965959868353,1333.88427734375,3555664,0.010819952315467507,0.0107618354699209,4742844305.1171875
2026-03-25,1309.3103756668886,1370.8907241704983,1309.3103756668886,1341.6546630859375,4167275,0.005825382212061969,0.005808480281474583,5591043936.11145
2026-03-27,1337.4780839327325,1367.005583137401,1320.7717965419583,1325.23974609375,8956139,-0.012234830201709013,-0.012310291875598916,11869031374.340332
2026-03-30,1311.2529249424974,1320.188823374682,1297.8489587275135,1303.093994140625,5541018,-0.016710751408114177,-0.016851951261817807,7220467277.225098
2026-04-01,1359.5264850203223,1359.5264850203223,1310.281697700231,1315.5267333984375,2469237,0.009540938193036252,0.009495710888612141,3248347284.5965576
2026-04-02,1308.3390820367895,1372.2505708873946,1302.7055032991818,1361.9547119140625,6509389,0.03529231093288865,0.03468381286472565,8865493020.231567
2026-04-06,1356.9039655583058,1381.4778643297457,1354.0871762758024,1363.023193359375,2134581,0.0007845205394612087,0.0007842129640784148,2909483411.104248
2026-04-07,1351.0761971608322,1404.98326325891,1348.2594078315547,1400.223876953125,3459049,0.02729277372167327,0.0269269669718608,4843443001.35083
2026-04-08,1408.2857488059858,1423.9236312751325,1390.8023754342585,1419.067138671875,4239052,0.013457320667715544,0.013367575187233052,6015499392.321289
2026-04-09,1417.0274334936837,1426.837524825088,1394.784673688786,1422.855224609375,3101205,0.002669419814093743,0.002665863240940401,4412565736.834717
2026-04-10,1410.3255482102886,1415.7647965837057,1380.312398161064,1409.5484619140625,3450066,-0.009352155064803358,-0.009396161049073933,4863035223.802002
2026-04-13,1399.6411847669165,1406.2460622119338,1376.8156692623902,1388.3741455078125,2252652,-0.015022056338167222,-0.01513603028224727,3127523795.626465
2026-04-15,1403.526280064429,1432.5681278427714,1395.8529984877596,1409.6455078125,3993858,0.015321059077275878,0.01520487683875814,5629923988.541016
2026-04-16,1418.0957990201716,1426.5460484780597,1393.9104428440883,1408.5770263671875,5229848,-0.0007579788247404906,-0.0007582662359334444,7366643744.192383
2026-04-17,1401.8751070484177,1416.1531469053489,1388.9567901746564,1400.90380859375,3319268,-0.005447496040189792,-0.005462387753064076,4649975182.943359
2026-04-20,1404.400493568223,1410.228284438359,1383.129033178886,1387.3056640625,2352656,-0.009706693955597201,-0.00975411100069572,3263852994.390625
2026-04-21,1388.9568315587173,1413.2392936489045,1381.5749867966422,1399.8353271484375,3091487,0.009031652800469692,0.00899111134570235,4327572716.020142
2026-04-22,1306.3965083504145,1319.0233891002697,1244.2334031203575,1248.4100341796875,33066256,-0.10817364730836876,-0.11448383722352433,41280245783.1543
2026-04-23,1252.9751562640483,1257.15178754495,1235.4917819905966,1240.9310302734375,8304759,-0.005990823288411273,-0.006008840263964617,10305633142.042603
2026-04-24,1251.6218619302792,1252.0178436546378,1185.9918485183598,1191.040283203125,10903519,-0.0402042868243202,-0.041034815940460656,12986530357.670654
2026-04-27,1196.7816837673115,1219.549242680999,1188.8625328408116,1215.78759765625,6066942,0.020777898784893223,0.02056498249713684,7376112839.299805
2026-04-28,1215.4907250223948,1220.2421431663045,1180.2505268992788,1183.9130859375,6643295,-0.02621717130541268,-0.02656696868682039,7865083884.243164
2026-04-29,1187.8727482542276,1198.5636513231816,1180.0525618275544,1188.0706787109375,4777201,0.003511738169652334,0.003505586415193337,5675652434.408569
2026-04-30,1187.8727402459547,1201.4342390290972,1172.0344370426753,1186.9818115234375,5070033,-0.0009165003454857379,-0.0009169205887157063,6018036954.823608
2026-05-01,1186.9818115234375,1186.9818115234375,1186.9818115234375,1186.9818115234375,0,0.0,0.0,0.0
2026-05-04,1195.7918803363182,1201.2362970100348,1179.359665088433,1188.36767578125,3318673,0.0011675530697761172,0.0011668720097550115,3943803719.6879883
2026-05-05,1187.8727482542276,1193.2181997887046,1177.9738086854425,1188.0706787109375,2459953,-0.00024992018578529063,-0.00024995142103924415,2922598030.307007
2026-05-06,1195.7919057864779,1199.751481633453,1174.4102203801453,1177.0828857421875,3541520,-0.009248433755365326,-0.009291466045181697,4168662581.513672
2026-05-07,1182.9231744098379,1183.913068279637,1169.1636254523005,1171.4404296875,3725309,-0.004793592807298186,-0.004805118922385999,4363977575.678711
2026-05-08,1167.8769370248579,1190.644498001188,1164.90725515838,1186.2889404296875,2813749,0.012675429638490998,0.012595768830596469,3337919319.845093
2026-05-11,1184.804006505599,1194.1090331242458,1179.0625736796997,1182.82421875,2505962,-0.0029206389452072212,-0.0029249123338431736,2964112544.8671875
2026-05-12,1171.0444630813495,1172.0343569639203,1131.0527260581548,1134.220458984375,3959561,-0.041091278818241594,-0.04195938987819127,4491015094.796631
2026-05-13,1134.7154964657793,1142.931543844691,1125.6083995174693,1131.646728515625,2635034,-0.0022691624440054348,-0.002271740894457852,2981927605.6274414
2026-05-14,1127.4891556166244,1131.6466616749285,1092.2489568340422,1112.6407470703125,5837032,-0.016794977590084637,-0.016937612515210684,6494519645.15332
2026-05-15,1110.5619921830983,1140.3577744488487,1110.4630269602867,1121.15380859375,3729249,0.007651222145021341,0.007622099997217522,4181061719.5444336
2026-05-18,1117.5902205133277,1137.8830455979364,1110.0670509907557,1135.0123291015625,2588569,0.012360944949377783,0.012285172245184101,2938057729.7301025
2026-05-19,1144.3174142705511,1186.1899769855322,1140.6548549643858,1167.48095703125,5756760,0.028606409901633878,0.028204886014970575,6720907674.199219
2026-05-20,1154.4141906480702,1169.0646683575774,1150.652666418684,1157.9779052734375,1415960,-0.008139791660480289,-0.008173100639862145,1639650394.7509766
2026-05-21,1161.8384595944722,1168.6687518922563,1151.4445733090024,1156.39404296875,2245247,-0.0013677828371979617,-0.0013687191059817928,2596390255.793457
2026-05-22,1158.0769708112805,1164.1152998147552,1148.1780311870052,1152.236572265625,2044782,-0.0035952024557751594,-0.003601680727918317,2356072602.710449
2026-05-25,1156.1961159082641,1166.0950552567938,1150.3557175252993,1153.9193115234375,1419803,0.0014604112543519232,0.0014593458909556646,1638338100.2589111
2026-05-26,1153.9192390579726,1161.838390039478,1148.2768923183116,1150.15771484375,1196820,-0.0032598437708103445,-0.0032651686368186765,1376531756.2792969
2026-05-27,1143.6244635296307,1157.9779249858127,1142.0405366306575,1153.42431640625,1004168,0.0028401335924124194,0.0028361080332836006,1158231788.9570312
2026-05-28,1153.42431640625,1153.42431640625,1153.42431640625,1153.42431640625,0,0.0,0.0,0.0
2026-05-29,1168.0747806951965,1179.6564907792917,1165.1050990493613,1171.83642578125,12446602,0.015962997409632473,0.015836928620661512,14585381600.801758
2026-06-01,1178.072747125031,1200.5434119372007,1178.072747125031,1183.022216796875,5970435,0.009545522540116869,0.00950025189977712,7063157248.94165
2026-06-02,1197.7716587190891,1244.2966735618968,1190.0504377083842,1230.93310546875,7663067,0.04049872267115773,0.03970013924018608,9432722859.725098
2026-06-03,1216.3817277239782,1217.5695521230916,1164.907242593571,1167.0849609375,4800922,-0.05186971107332117,-0.05326335059385345,5603083864.833984
2026-06-04,1154.6123413674918,1164.610246215695,1146.4951383776315,1156.4931640625,2025595,-0.009075429149983938,-0.009116861726562248,2342586770.6591797
2026-06-05,1167.0848647183482,1170.5494932395648,1135.4082610957976,1143.0303955078125,1971395,-0.011641027351511402,-0.011709314583418732,2253364406.552124
2026-06-08,1130.3598899886003,1147.2870518319028,1120.856932535927,1139.6649169921875,1546444,-0.002944347349686849,-0.0029486904675380377,1762427972.8930664
2026-06-09,1146.9900420972515,1147.2870586092952,1124.9154800807084,1134.7154541015625,2225582,-0.004342910637003428,-0.004352368466342199,2525402289.7702637
2026-06-10,1129.2710855592654,1140.3578496517691,1118.5801823841139,1120.658935546875,1600595,-0.012387703458059507,-0.01246507065510875,1793721088.9416504
2026-06-11,1101.6530107998524,1102.7418699870848,1078.4894679990384,1098.980224609375,3435236,-0.019344610790901218,-0.019534166341765916,3775256430.866211
2026-06-12,1108.6811510385824,1111.155885750722,1089.3782202838927,1098.38623046875,2203987,-0.0005404957498995611,-0.0005406418703814293,2420828972.932129
2026-06-15,1112.1457872602355,1116.6003097726264,1101.7519013979902,1107.98828125,2361006,0.008741962084823474,0.008703972376791734,2615966979.9609375
2026-06-16,1129.4688977693256,1150.1577036749375,1126.0042692485608,1147.2869873046875,8343470,0.03546852139117562,0.03485400196233816,9572354559.967041
2026-06-17,1157.1860191207213,1161.7395070902196,1147.58409621033,1155.00830078125,2263670,0.006730062802073666,0.006707517029195724,2614557640.229492
2026-06-18,1140.3578288590681,1156.9880955312617,1124.6184909080034,1150.058837890625,3368037,-0.004285218458843221,-0.00429442632201518,3873440718.192627
2026-06-19,1098.7822889851088,1124.5195317901655,1080.370285607286,1120.262939453125,10014063,-0.025908151353499442,-0.026249679327191213,11218383652.24878
2026-06-22,1124.519489786046,1137.0910941981099,1115.6104445324595,1119.0750732421875,2312385,-0.0010603458965779966,-0.0010609084609986008,2587732413.2391357
2026-06-23,1110.2650463176826,1114.4226734702142,1094.3277776579753,1098.287353515625,3235632,-0.018575804451024247,-0.018750501514717233,3553653706.2304688
2026-06-24,1086.5075036113628,1110.1659916215428,1082.1519463516245,1102.642822265625,3503015,0.0039656914340842064,0.00395784880726333,3862574346.0388184
2026-06-25,1121.5497933111187,1122.0447402631537,1086.4085597166397,1089.576171875,5877425,-0.011850301953425513,-0.011921076470223469,6403902231.982422
2026-06-26,1089.576171875,1089.576171875,1089.576171875,1089.576171875,0,0.0,0.0,0.0
2026-06-29,1084.5277065108403,1097.0994312395699,1075.0247494674097,1091.259033203125,5186504,0.0015445100320330418,0.0015433185031412861,5659819340.744141
2026-06-30,1091.35807971494,1094.5256920198099,1057.8006506475288,1060.9683837890625,3794233,-0.027757524558721602,-0.02815004530121919,4025561253.729126
2026-07-01,1059.1864801751997,1065.6207905687872,1019.5907239069678,1023.7482299804688,3819777,-0.03508130343683613,-0.0357114334587241,3910489942.670105
2026-07-02,1038.3987015097157,1071.956128900288,1037.408807609325,1067.20458984375,3726609,0.04244828815392454,0.04157206977123477,3977054229.3530273
2026-07-03,1115.7093743357589,1147.2870134549564,1103.8306477080976,1127.4891357421875,12768463,0.056488274574665986,0.054950459644820496,14396303312.626099
2026-07-06,1133.4285739039879,1136.2992905292433,1114.6205888348386,1122.7376708984375,2747815,-0.004214200113442534,-0.004223104881195035,3085075413.15979
2026-07-07,1123.529612762691,1163.1253700406712,1122.5397188307415,1156.39404296875,5179529,0.029977057813852515,0.02953652802634243,5989576480.983887
2026-07-08,1153.2264273281507,1164.6102075120768,1130.1618504469234,1134.0224609375,3091794,-0.01934598519187858,-0.019535567855442998,3506163840.591797
2026-07-09,1132.5375461008239,1150.1577052219316,1109.6710220003508,1138.77392578125,2033525,0.004189921282354403,0.004181168004024949,2315725247.4243164
2026-07-10,1161.1455289767832,1179.4585658788042,1141.8425981881667,1152.33544921875,3979475,0.011908881236630142,0.01183852850785725,4585690111.779785
2026-07-13,1150.2567271120654,1224.4987706003656,1150.2567271120654,1208.8583984375,9028077,0.04905077706068228,0.047885733448273474,10913666703.19043
2026-07-14,1187.8726953172163,1196.88070575604,1152.2365144577,1154.9091796875,9754723,-0.044628236706409585,-0.04565473331587539,11265819138.00879
2026-07-15,1145.3072123070285,1169.6585774419905,1132.9335388810666,1156.196044921875,3253196,0.001114256650659895,0.0011136363274748527,3761332348.555664
2026-07-16,1163.521297781958,1191.8322387544756,1162.8282995597583,1175.4000244140625,5147444,0.01660962219731954,0.016473191062912187,6050305803.27002
2026-07-17,1197.800048828125,1223.5,1195.800048828125,1203.9000244140625,5037972,0.024247064325362055,0.02395777127072085,6065214613.797363
2026-07-20,1205.0,1224.699951171875,1200.0999755859375,1221.300048828125,3612829,0.014453047646154182,0.014349597937367916,4412348234.107666
2026-07-21,1219.0,1240.699951171875,1217.199951171875,1239.5,4642320,0.014902112866808093,0.014792167317751957,5754155640.0
2026-07-22,1243.800048828125,1243.800048828125,1227.699951171875,1237.300048828125,2377718,-0.0017748698441911737,-0.0017764467918672422,2941950597.4995117
2026-07-23,1236.0,1248.800048828125,1228.800048828125,1244.699951171875,1878476,0.005980685405095221,0.005962872094722956,2338138985.477539
2026-07-24,1237.0,1276.0,1236.5999755859375,1271.0,3674904,0.02112962951702846,0.020909494411353254,4670802984.0
2026-07-27,1284.5999755859375,1303.0,1277.300048828125,1295.9000244140625,3847049,0.019590892536634597,0.01940146109137948,4985390893.022095
2026-07-28,1301.0,1342.0,1301.0,1318.5999755859375,5187064,0.01751674569351036,0.01736509588322647,6839662463.762695
2026-07-29,1344.0,1352.699951171875,1323.199951171875,1344.300048828125,3061520,0.019490424479014168,0.01930291861848902,4115601485.4882812
2026-07-30,1349.0,1369.9000244140625,1345.5999755859375,1352.699951171875,3747919,0.006248532350402458,0.00622909121581088,5069809848.296143
2026-07-31,1317.699951171875,1356.5,1294.300048828125,1346.9000244140625,3369019,-0.004287666864176254,-0.004296885267476944,4537731773.35144
2026-08-03,1352.0,1377.0,1343.5,1377.0,2314332,0.0223475945061562,0.022101545997772063,3186835164.0
2026-08-04,1375.699951171875,1375.9000244140625,1347.4000244140625,1369.9000244140625,3013543,-0.0051561187987926305,-0.005169457449526681,4128252629.272827
2026-08-05,1370.0,1375.0,1337.0999755859375,1350.0,3215211,-0.014526625344483901,-0.014633169846652949,4340534850.0
2026-08-06,1349.9000244140625,1363.199951171875,1332.5,1335.0,3821560,-0.011111111111111072,-0.011173300598125189,5101782600.0
2026-08-07,1329.0,1369.0,1328.0,1356.5999755859375,1725616,0.016179756993211614,0.016050259681121285,2340970623.470703
2026-08-10,1356.5999755859375,1367.5,1351.5999755859375,1357.199951171875,1321698,0.00044226418747972396,0.0004421664174996721,1793808461.0639648
2026-08-11,1360.0999755859375,1379.800048828125,1358.0,1365.4000244140625,1828636,0.006041905052462715,0.006023725931729293,2496819639.0444336
2026-08-12,1370.0,1370.0,1340.4000244140625,1365.4000244140625,1418468,0.0,0.0,1936776241.8305664
2026-08-13,1362.9000244140625,1372.9000244140625,1354.0,1370.0,778760,0.0033689581834535076,0.003363295957470378,1066901200.0
2026-08-14,1372.800048828125,1374.9000244140625,1346.5,1360.0,1033374,-0.007299270072992692,-0.007326040092072898,1405388640.0
2026-08-17,1355.0999755859375,1362.800048828125,1325.0,1325.0,970745,-0.02573529411764708,-0.02607224030977513,1286237125.0
2026-08-18,1318.0,1320.0,1292.5,1298.0,3056990,-0.02037735849056599,-0.02058784115628723,3967973020.0
2026-08-19,1309.0,1324.800048828125,1301.4000244140625,1324.800048828125,1693632,0.02064718707867863,0.02043692322393757,2243723756.296875
2026-08-20,1339.699951171875,1345.300048828125,1318.4000244140625,1318.4000244140625,1510868,-0.004830936124831653,-0.004842642814818027,1991928408.0864258
2026-08-21,1319.9000244140625,1321.699951171875,1302.5,1302.5,1484443,-0.012060091110153714,-0.01213340404563297,1933487007.5
2026-08-24,1302.5,1325.800048828125,1301.0,1322.0,1091648,0.01497120921305184,0.014860246784109627,1443158656.0
2026-08-25,1322.0,1322.9000244140625,1294.4000244140625,1315.800048828125,1314934,-0.004689826907620986,-0.004700858650656602,1730190221.4057617
2026-08-26,1319.5,1323.0,1296.5999755859375,1298.5,834925,-0.013147931438011962,-0.0132351306581718,1084150112.5
2026-08-27,1295.0,1304.699951171875,1280.0,1282.0,1936771,-0.012706969580284944,-0.012788393622187786,2482940422.0
2026-08-28,1290.0,1334.199951171875,1290.0,1316.0999755859375,3459476,0.02659904491882803,0.026251440809352863,4553016279.140137
2026-08-31,1316.5999755859375,1322.5999755859375,1297.699951171875,1312.199951171875,3125051,-0.0029633192663240937,-0.0029677185900780024,4100691769.609619
2026-09-01,1316.0999755859375,1368.0,1313.0999755859375,1351.4000244140625,4031856,0.029873551822021893,0.02943602948393985,5448650296.833984
2026-09-02,1340.0999755859375,1349.300048828125,1317.4000244140625,1331.5,2739386,-0.01472548768281301,-0.014834983929842999,3647492459.0
2026-09-03,1345.0,1345.0,1308.0,1319.0,1515496,-0.009387908374014264,-0.009432252536672318,1998939224.0
2026-09-04,1324.9000244140625,1331.4000244140625,1291.199951171875,1293.4000244140625,2210569,-0.019408624401772157,-0.01959944482894288,2859149998.5689697
2026-09-07,1271.699951171875,1286.800048828125,1263.0,1282.800048828125,2008363,-0.008195434812009905,-0.008229202005664252,2576328154.4645996
2026-09-08,1281.4000244140625,1290.0,1268.199951171875,1277.0,2241262,-0.004521397417643902,-0.004531649850168096,2862091574.0
2026-09-09,1248.800048828125,1264.800048828125,1222.699951171875,1229.800048828125,2099173,-0.0369615905809515,-0.037661982809052245,2581563057.8986816
2026-09-10,1224.800048828125,1237.0,1196.9000244140625,1207.0,2197859,-0.01853963890296728,-0.01871365212595557,2652815813.0
2026-09-11,1196.0,1223.4000244140625,1195.699951171875,1206.0999755859375,2272845,-0.0007456705998860613,-0.0007459487504889087,2741278299.01062
