Date,open,high,low,close,volume,returns,log_returns,dollar_vol
2018-01-02,426.5785814957083,430.354211235137,426.5785814957083,429.7459716796875,4776316,0.0096251939482066,0.009579166879556187,2052602560.4692383
2018-01-03,430.3542432454461,431.10019060040486,424.8916021773755,425.22442626953125,4531288,-0.01052143756574031,-0.010577179222959402,1926814340.0620117
2018-01-04,425.3047490496545,428.17377730821937,425.3047490496545,426.8884582519531,2373776,0.003913302904587024,0.0039056658523573986,1013337576.8754883
2018-01-05,427.5999936560904,428.7590923393267,425.8900639331533,427.7377014160156,2870868,0.0019893795384864355,0.0019874033435128818,1227978479.388794
2018-01-08,428.0589757207617,429.3672412758776,426.39493948806705,427.049072265625,4570308,-0.0016099332560841617,-0.0016112305912309845,1951745791.368164
2018-01-09,427.3704739763012,429.17221822273757,425.76381805909705,427.7606506347656,5305528,0.0016662683877650686,0.0016648817027742429,2269496109.240967
2018-01-10,428.1048579264355,428.72458476645147,426.2916546994148,427.8753356933594,4615888,0.0002681056764421985,0.00026806974253790726,1975024627.5229492
2018-01-11,427.8753978136294,430.5837717642779,426.05070700290025,429.79193115234375,4059096,0.004479331476021198,0.004469329128881128,1744566708.572754
2018-01-12,429.89517878886204,431.0772239924127,426.911389507359,428.12786865234375,4336708,-0.0038717862746709963,-0.003879301042470636,1856665553.0075684
2018-01-15,429.19510662600845,437.1021646995084,426.87693757778874,435.5758361816406,12576444,0.017396595911267188,0.017247007530345516,5477995111.491577
2018-01-16,436.8841461693155,438.3875282193037,432.70685213373946,436.1267395019531,6445384,0.0012647701606725015,0.0012639710126475833,2811004308.7580566
2018-01-17,435.4037294143156,436.67758917087707,433.1085068027483,433.9118347167969,2905496,-0.005078580569688573,-0.005091520389192282,1260729100.1223145
2018-01-18,441.60084472931794,448.48651278642785,440.23519843846645,443.9649353027344,16649540,0.023168532825335042,0.02290421712051315,7391811948.920288
2018-01-19,444.1599961142325,449.8406719094623,440.51058666645366,448.0733337402344,11455988,0.009253880454992647,0.00921132563328392,5133122734.44812
2018-01-22,449.86364385001195,456.2902673335836,448.2914219227806,450.6325378417969,8849768,0.0057115742197819674,0.0056953250227183,3987993413.151123
2018-01-23,451.01126521343383,451.40144186932616,446.03064311007654,447.8668212890625,5047796,-0.006137409797304372,-0.0061563211141869995,2260740349.0356445
2018-01-24,448.1537218056936,451.9293519595133,447.7061365661733,449.32427978515625,4790568,0.00325422296721789,0.0032489394430650566,2152518516.3618164
2018-01-25,448.463556076134,454.45408154750754,447.6831747769765,453.29498291015625,8723668,0.008837054447399462,0.008798236206725735,3954394936.973877
2018-01-29,453.995010052113,460.6396679759166,453.995010052113,458.96417236328125,8235892,0.012506622986931726,0.01242906119882442,3779979355.453369
2018-01-30,458.5396006587744,459.48063635901343,455.40661608032366,458.0116882324219,6397560,-0.002075290813997266,-0.002077447213933112,2930157256.168213
2018-01-31,456.61155692635685,462.143037392395,456.06069793826117,460.3527526855469,6943348,0.005111363996320062,0.005098345318657571,3196389364.6536865
2018-02-01,460.42164451940994,462.487344818849,455.6705450378416,457.01324462890625,6521420,-0.007254237184765477,-0.0072806771085832354,2980375313.787842
2018-02-02,455.83119001133974,456.72633239287825,445.61744985247543,447.1093444824219,7346124,-0.02167092587114472,-0.02190918892850924,3284520686.126587
2018-02-05,440.2236716143036,444.18293039185664,437.4349706978479,439.2711486816406,7926784,-0.017530825283588736,-0.017686310065346936,3482007513.03125
2018-02-06,426.91141845210365,438.84657638732375,421.4717519080011,435.35784912109375,10749804,-0.008908619590181632,-0.008948538600716443,4680011547.91333
2018-02-07,437.69895436559744,437.69895436559744,427.46226706685803,429.84930419921875,8364972,-0.012652912846284337,-0.012733642649052955,3595677393.8459473
2018-02-08,432.4199332430902,435.77095259989585,428.4032937357897,431.7198791503906,5171444,0.004351699381383467,0.004342258118080388,2232615178.7130127
2018-02-09,424.13423479241465,427.9901923582211,423.26203890486835,424.50146484375,6408952,-0.01672013417785212,-0.01686149353487523,2720609512.1132812
2018-02-12,426.9113895668766,432.87896813071467,425.79821224603893,430.7329406738281,4381108,0.014679515493242867,0.01457281435224682,1887087532.2496338
2018-02-14,433.7511821622966,435.61030688190107,430.2739142876015,432.224853515625,3577188,0.0034636608926703616,0.003457676234516851,1546149559.2978516
2018-02-15,433.72818398276064,434.8872825507045,430.3542181198422,431.93792724609375,4915224,-0.000663835656828704,-0.0006640560932794587,2123071666.510254
2018-02-16,432.3969906581772,434.9102481947842,430.5034320156269,431.1805114746094,3583520,-0.0017535292080356202,-0.0017550684400327004,1545143986.4794922
2018-02-19,432.09858759810976,433.2461988623233,426.6933553543759,431.08868408203125,3654552,-0.00021296740027532124,-0.00021299008105234583,1575436012.5893555
2018-02-20,432.59209005385065,432.8445589424188,426.63599846916475,427.6458740234375,4084068,-0.007986315080213524,-0.008018376510375468,1746534829.4311523
2018-02-21,428.73607917700565,428.87381494241123,425.12110371002296,426.31463623046875,2753072,-0.003112944316389643,-0.00311779960633116,1173674888.196289
2018-02-22,424.6161564726448,426.9113789400645,422.67670469481607,425.3506164550781,13253596,-0.0022612870717144684,-0.0022638476421763566,5637425228.846558
2018-02-23,426.1998754111441,432.61501114843804,424.70798077290334,431.6280822753906,4076748,0.014758332484926528,0.01465048807041642,1759638921.1600342
2018-02-26,433.36094219634145,439.489202906347,432.316632799495,438.7432556152344,4788884,0.016484500504079902,0.016350106064534096,2101090556.923706
2018-02-27,439.47774211873195,441.0843979196622,436.0922888239147,436.6775817871094,4787328,-0.004708160870138922,-0.0047192791710879934,2090518814.2617188
2018-02-28,433.69375618296425,435.04791497339187,431.0427631259278,432.4657897949219,4066364,-0.009645084079999422,-0.00969189917031168,1758563318.8536377
2018-03-01,431.34116902064073,434.5544804713878,428.7475564282539,430.20501708984375,3909840,-0.005227633626581629,-0.0052413455112641895,1682032784.0185547
2018-03-05,430.1591396759388,431.04279475383896,426.5097302190209,429.19512939453125,3781464,-0.0023474568059292933,-0.0023502164021917175,1622985930.7807617
2018-03-06,429.2066780147152,431.4789542665999,422.2062482396089,423.7555236816406,4576828,-0.012673968878827435,-0.012754968743330566,1939456145.940796
2018-03-07,422.32102920608537,425.39663360931013,419.68152277354733,420.62255859375,5628164,-0.00739333156219657,-0.007420797699234119,2367332741.8652344
2018-03-08,422.27510625082505,426.56716172338497,420.48482124145346,425.2703552246094,5518724,0.011049803525512658,0.010989200472410612,2346949715.866577
2018-03-09,425.752322688902,428.1164132723772,423.23906504450537,424.8572082519531,4108108,-0.0009714925284129983,-0.0009719647331330564,1745359296.0775146
2018-03-12,426.9573267173465,429.08040777088996,425.3965920508606,428.5754699707031,6557116,0.008751791534969078,0.00871371659545714,2810219071.352417
2018-03-13,428.62129893262545,432.5920449200376,425.76375823142047,426.96875,5124200,-0.0037489779123685008,-0.003756022943351201,2187873268.75
2018-03-14,425.99330521755167,428.7246256552219,424.1571271778208,427.9442443847656,3680392,0.002284697380699807,0.002282091428093065,1575002573.4797363
2018-03-15,428.1049161030005,433.2232738032884,428.1049161030005,431.68548583984375,5870924,0.008742357220989705,0.008704364088551226,2534392679.268799
2018-03-16,431.50181860391086,431.75428746867254,423.8243107513172,425.3047180175781,7896336,-0.01478105711581168,-0.014891385470144205,3358348955.852051
2018-03-19,425.3047689297699,426.91142482966654,423.0439801599151,423.9850158691406,7838740,-0.003102956756719899,-0.003107780909045728,3323508303.2940674
2018-03-20,423.4915569687617,425.97040882182125,421.23076809434406,422.20623779296875,3657372,-0.004195379576152014,-0.004204204873342871,1544165272.3293457
2018-03-21,424.15707662717676,427.6458032797408,423.07833336453984,426.65887451171875,5921140,0.010546117797845866,0.010490895412753087,2526306928.2263184
2018-03-22,426.65891922321237,431.50183312976844,425.7867234597451,428.690185546875,6673224,0.004760972187630941,0.004749674603676547,2860745634.7558594
2018-03-23,423.847285212324,425.32769257582464,421.68977037401885,422.6767272949219,7190152,-0.014027515568805993,-0.014126831025283983,3039109916.113037
2018-03-26,422.29796824229794,436.0922490426559,420.82902032616295,434.5888671875,10501768,0.02818262545187733,0.02779280247264392,4563951458.5859375
2018-03-27,434.66927287201287,435.8627774324587,430.5837653835137,434.3938293457031,6136836,-0.000448787018082375,-0.0004488877531163524,2665803690.1065674
2018-03-28,432.1788853355662,436.0233828087282,430.59520431314166,432.9018859863281,8837508,-0.0034345408672636912,-0.0034404524423267604,3825773880.6192627
2018-04-02,433.91178271363725,444.29766378625936,433.91178271363725,443.2533264160156,4596368,0.0239117471297281,0.02363033845959858,2037355405.432129
2018-04-03,441.5893059370894,441.9909698602695,438.6170041126972,439.7416687011719,4079884,-0.007922462180346646,-0.007954011627191558,1794094998.267212
2018-04-04,439.0646027531517,441.8188699151389,431.14608466243834,432.247802734375,3714108,-0.017041518919348464,-0.017188396674430683,1605415022.118164
2018-04-05,436.3906463442953,439.30556758665864,433.84292706469955,438.135009765625,4858892,0.013619981394949576,0.013528063124636962,2128850693.8701172
2018-04-06,438.89240788002576,442.1630997386138,437.4234879858881,441.46307373046875,3720008,0.007595978158933425,0.007567273982728162,1642246165.9819336
2018-04-09,440.4073799402471,445.73228584515743,439.8565208423252,445.0552062988281,4003536,0.008136881162007503,0.008103955233476018,1781794540.4047852
2018-04-10,445.96170018079385,445.96170018079385,439.19079428509986,440.8777770996094,6067236,-0.00938631688854763,-0.009430645970185118,2674909520.8187256
2018-04-11,439.74168277913503,440.68271839714174,437.3316991629007,440.41876220703125,2870812,-0.0010411386475358553,-0.001041681008859121,1264359467.5690918
2018-04-12,439.76467935342225,443.6436114084928,437.44650997710323,442.70257568359375,4712516,0.005185549918713228,0.005172151254401028,2086242971.1501465
2018-04-13,442.5189195667614,445.2731867009943,440.4761658386344,441.8303527832031,3297172,-0.0019702232340613746,-0.001972166676954507,1456790667.9468994
2018-04-16,440.68275150422545,447.56841949647895,440.6483175606932,445.75518798828125,2847744,0.008883127155829396,0.00884390429178333,1269396662.0625
2018-04-17,446.0765098002069,447.7979267405216,443.9189949647751,447.22412109375,2667832,0.003295380839196005,0.003289962971121189,1193118821.4257812
2018-04-18,447.7978913436508,448.371696945065,442.98941161094035,443.5746765136719,2712720,-0.008160214102837071,-0.00819369089284076,1203293896.472168
2018-04-19,445.2731929186879,446.37491099490694,443.6665370679504,445.0436706542969,3169032,0.003311717774717726,0.0033062461144763252,1410357633.7009277
2018-04-20,445.5027200415809,450.0931653794643,443.4714535831385,448.922607421875,9361380,0.00871585649533091,0.00867809268874711,4202535118.666992
2018-04-23,454.2245363661382,454.2245363661382,426.9802562813842,444.2976989746094,15304620,-0.01030224000931046,-0.010355675403575074,6799807449.680786
2018-04-24,444.1255187988281,447.12079513275114,442.0598187113917,444.1255187988281,5037416,-0.0003875333502257883,-0.0003876084606803878,2237244994.4055176
2018-04-25,442.4959787084448,444.8141479730513,438.8465691044758,440.8548889160156,4020592,-0.007364201660058134,-0.007391451256542101,1772497639.536621
2018-04-26,439.9483064915128,445.08958302045124,438.6744466622773,443.0353698730469,7847480,0.0049460287542522074,0.004933837336908373,3476711204.371338
2018-04-27,443.6664815895263,444.2402871787523,438.9612757578733,441.46307373046875,5777008,-0.003548917873145596,-0.0035552302212760356,2550335708.645508
2018-04-30,442.9779523805876,448.670115514692,442.7025368815856,446.2601318359375,4609552,0.010866272607881866,0.010807658893804813,2057059283.2246094
2018-05-02,447.5684439781869,453.9950677891557,446.6503548623342,452.04412841796875,7100048,0.012961042605880158,0.012877767079734863,3209535009.885742
2018-05-03,451.7112833069138,453.2835051436437,446.65030639778325,451.6768493652344,4152772,-0.000812484953669812,-0.0008128151984611812,1875710973.092163
2018-05-04,452.15883711099565,456.7492821578078,451.3096159844766,456.4049987792969,6881436,0.010467991487071338,0.010413581444033603,3140721789.1798096
2018-05-07,454.8327081945112,456.1295143277602,453.3063798436199,453.85723876953125,5264128,-0.005582235112630007,-0.005597874014228174,2389162598.609375
2018-05-08,454.28194142198305,454.4311364972853,448.62421200583066,451.4817810058594,7100564,-0.005233931643597978,-0.0052476766450653065,3205775280.866089
2018-05-09,448.97998264967543,454.56884417851904,448.97998264967543,454.08685302734375,4327332,0.005770049049776738,0.005753466075895007,1964984569.8845215
2018-05-10,456.42798284645875,458.815020070205,454.9131414603033,457.3690185546875,7171672,0.007228056715278042,0.0072020595110158965,3280100584.036133
2018-05-11,457.36898390130847,462.9463858753165,455.83119600812023,461.74139404296875,6057068,0.009559841858327367,0.009514435724418688,2796799022.1330566
2018-05-14,462.99228362175063,465.33342744379263,461.8905936036016,464.03662109375,4742916,0.0049708063439677375,0.004958492675163276,2200886714.7714844
2018-05-15,465.2530947613868,473.963453067027,465.1727395584488,467.720458984375,9826684,0.007938679240319546,0.007907333711724179,4596141150.774414
2018-05-16,466.05641612267107,470.29109042964757,462.9808123679257,464.4038391113281,6841604,-0.0070910301427666855,-0.007116290984771409,3177267163.279419
2018-05-17,464.5186149170162,469.24676781468025,461.91354289976096,465.41375732421875,6615476,0.0021746551768890843,0.002172294036810607,3078933541.6481934
2018-05-18,464.71370899016074,464.71370899016074,459.84784828137265,461.8332214355469,5217460,-0.007693231736975892,-0.007722977302149042,2409596359.5111084
2018-05-21,462.73981197908626,463.8644766304001,455.84268503782226,457.4493408203125,4848108,-0.009492345746821007,-0.009537685207383639,2217763808.8256836
2018-05-22,458.7461585983715,462.24637328268335,455.7164757836832,456.72637939453125,3960372,-0.0015804185540737592,-0.0015816687328542407,1808806364.6154785
2018-05-23,456.2443348042165,457.66736153162725,450.64398636144256,451.58502197265625,5726292,-0.011256974971953104,-0.01132081425835697,2585907698.6418457
2018-05-24,451.49323096814163,456.8066768780696,449.0258666790125,455.8312072753906,4520744,0.009402847960248595,0.009358916358769287,2060696195.3029785
2018-05-25,456.7492962740812,462.71687501937066,456.7263496517085,461.0413513183594,4759588,0.011429985397689135,0.011365156641403426,2194366883.2386475
2018-05-28,460.83480337498776,470.9796760277021,460.4216521011552,468.7303466796875,5103940,0.016677452769347623,0.016539911176258068,2392371565.632324
2018-05-29,467.76640344617124,471.14036973199177,465.6548096917314,466.5269775390625,3351244,-0.00470071792072535,-0.004711801041265847,1563445734.315918
2018-05-30,463.56612106609316,471.20922392283614,462.78576775639425,470.1419677734375,4866996,0.007748727101365427,0.007718859904804718,2288179076.585449
2018-05-31,485.0752999450999,498.9345942292456,480.455535183718,494.1877746582031,39639192,0.05114584217751306,0.049880847422447666,19589204083.729248
2018-06-01,488.7711482497781,493.85288986674175,485.30632442003014,487.5238342285156,21151356,-0.013484632302562582,-0.0135763756403594,10311790176.25232
2018-06-04,496.62472326572396,498.2416409693798,470.74247931633863,472.64813232421875,88796324,-0.03051276852512652,-0.030987974602895624,41969416695.8562
2018-06-05,473.52592606855296,477.4411657395182,467.28924313984515,476.6673889160156,17105460,0.008503697183848802,0.00846774442806579,8153614954.407349
2018-06-06,475.88197651727234,476.94454501388043,472.37096643180786,475.22369384765625,9782000,-0.0030287263234903827,-0.0030333221971700257,4648638173.217773
2018-06-07,478.88483440372744,480.4093794295823,474.2650693479446,476.3439636230469,10563896,0.0023573525265971895,0.0023545783301138572,5032048091.94165
2018-06-08,475.6048381769516,476.1245617737938,470.0611198106345,473.3758239746094,6180888,-0.006231084835970235,-0.00625057906741655,2925882949.8947754
2018-06-11,473.9647371568665,476.5171684340504,470.93882511250473,471.7472839355469,7091188,-0.003440268717968653,-0.0034462000498855067,3345248678.876343
2018-06-12,473.96475460547623,474.1495564791259,470.84644151289325,472.1053161621094,5234256,0.0007589492059723035,0.0007586613496600192,2471120083.753418
2018-06-13,473.9878780562346,474.6346564200245,467.54330039066997,469.2410583496094,7897960,-0.006066989111210286,-0.00608546806864763,3706047109.202881
2018-06-14,468.9061901882288,472.37101425365904,467.75124883308536,470.6155090332031,16927576,0.0029290929664762544,0.0029248115321151035,7966379795.938232
2018-06-15,467.98219915179897,470.9619532457797,467.12755389702687,468.8137512207031,10880816,-0.0038285134635732687,-0.0038358609806176456,5101076165.302246
2018-06-18,468.92924293222256,470.9388576349351,464.0784896589832,466.3999328613281,7487404,-0.005148778919325414,-0.005162079555839521,3492124722.9056396
2018-06-19,467.73964580504696,471.37771074446243,466.4345847493061,467.40472412109375,10981152,0.0021543554982978996,0.0021520382020811177,5132642321.091797
2018-06-20,467.9822289921978,475.3738535369907,467.75124072517303,474.9465026855469,9051712,0.016135435042156754,0.016006642479187663,4299078957.716797
2018-06-21,475.8358128864383,478.3304973589354,472.8445262152204,475.2814636230469,13510704,0.0007052603516521927,0.0007050117724388956,6421387171.697754
2018-06-22,475.13124677345866,482.4882447405939,473.49126411327484,481.2293701171875,7848980,0.012514492883437978,0.01243683385506451,3777159701.4624023
2018-06-25,481.16007591343845,484.5671525334726,478.85019345917806,483.9088134765625,6992336,0.00556791319433092,0.005552469664629736,3383653017.189453
2018-06-26,481.8530187127271,485.76825801572915,480.42090293500746,483.62005615234375,9161932,-0.0005967184646714641,-0.0005968965719913127,4430894068.303955
2018-06-27,483.4583262742959,489.5795138740421,482.76536164036236,487.9857177734375,19126804,0.009027048331756049,0.008986548080311638,9333607178.651855
2018-06-28,488.5401685124202,494.31487499601855,487.6624018481897,492.20135498046875,37533540,0.008638853666181445,0.008601752292287336,18474059245.213623
2018-06-29,490.08778564257653,494.3148821282852,486.2534143183135,487.0271911621094,19458120,-0.010512290886652842,-0.010567935327073919,9476633528.895264
2018-07-02,487.0040719798918,487.0155762768505,476.5864799349555,478.8963623046875,9864876,-0.01669481500205494,-0.01683574415191514,4724253230.986816
2018-07-03,478.8964200176448,481.6105321291641,477.1293823492949,478.19189453125,6863100,-0.0014710234382387943,-0.0014721064554428119,3281878791.357422
2018-07-04,479.5893645825608,486.9348023724102,477.9146997333261,485.8953552246094,6097992,0.016109559324318345,0.01598117732325269,2962985988.996826
2018-07-05,486.2303102525843,491.7740287542764,483.3545175585556,490.56134033203125,9735968,0.009602860075221376,0.009557045680376495,4776089511.509766
2018-07-06,488.14744315475286,493.2869313292864,487.6970273799767,488.5747375488281,8121344,-0.00404965214311126,-0.004057874189477094,3967883513.34375
2018-07-09,490.12250327609314,492.0050351960373,486.86554597861385,491.0002136230469,6182296,0.0049643910906800315,0.004952109132752639,3035508656.680908
2018-07-10,491.9818154889002,496.5323287992508,490.8499957033113,495.7931213378906,10950736,0.009761518593805363,0.009714182768250678,5429299582.387207
2018-07-11,495.481399352564,497.94140186818464,493.1137695874038,496.2205505371094,5857920,0.0008621119995884108,0.0008617405944850292,2906820287.4023438
2018-07-12,497.29455219352525,503.51973028697375,497.08668533795714,500.3089599609375,8020668,0.00823909735177808,0.008205341275511169,4012812065.2719727
2018-07-13,500.8749148485613,506.04908565111003,499.65072219908905,503.76226806640625,7161188,0.006902351110678495,0.0068786389358901755,3607536308.9299316
2018-07-16,503.4157320597662,505.87579057551153,499.800788773511,500.9788513183594,9017336,-0.0055252584889504686,-0.005540579189583979,4517494631.231689
2018-07-17,499.68536932837804,503.78541107370506,499.68536932837804,502.8037109375,6361924,0.0036425881338870703,0.0036359699763429017,3198798995.9023438
2018-07-18,505.1713815451806,512.793994984134,502.08766536924514,502.67669677734375,17460272,-0.00025261181927127563,-0.000252643731011195,8776871853.793945
2018-07-19,504.2472319059988,506.6726079641815,501.4753735537899,504.96331787109375,5304776,0.00454889018808613,0.004538575256280085,2678717289.522949
2018-07-20,504.9632799894777,508.8323319825186,501.4984573091426,505.6446838378906,10006964,0.001349337551229457,0.0013484280134063032,5059968147.957153
2018-07-23,496.624700166504,503.09237068030035,493.8644020652311,498.11456298828125,16880132,-0.014892119091325262,-0.015004120042185825,8408239574.364502
2018-07-24,495.93182212669745,501.01356413265336,495.93182212669745,498.8769226074219,5208792,0.0015304905252460088,0.0015293205182596802,2598546123.462158
2018-07-25,500.0086698210221,502.81521076568254,498.9345970653406,501.3253479003906,7038616,0.00490787443157692,0.004895870077079793,3528636614.937256
2018-07-26,500.0895456909059,508.97103234835646,500.0895456909059,506.46484375,21281092,0.010251817250283013,0.01019962378728349,10778124934.609375
2018-07-27,508.62449844929296,510.9343806433846,504.63995166448484,508.6706848144531,10554596,0.004355368574293417,0.004345911406276052,5368813575.259888
2018-07-30,507.9431550555755,507.9431550555755,498.79599791868395,501.22137451171875,7169120,-0.014644662106784612,-0.014752953734202665,3593316180.439453
2018-07-31,498.93457232880246,504.91714487474536,496.63625073962106,503.4388427734375,8860944,0.004424129485457229,0.004414371793548107,4460943393.240234
2018-08-01,499.58141278867,502.39945824123066,497.0174205822678,498.63433837890625,6071560,-0.00954337247412873,-0.009589202266816112,3027488303.527832
2018-08-02,497.43309228571997,497.4792786473322,490.0068441596296,492.0510559082031,8905704,-0.013202625579509464,-0.013290555031234578,4382061056.805908
2018-08-03,492.82502711682486,495.9433687136069,488.30919522942764,490.07623291015625,13604008,-0.0040134513976437525,-0.004021526908058851,6667000993.119629
2018-08-06,489.9260584199646,493.7142430091894,486.48435619171573,488.3784484863281,5744632,-0.0034643272001713132,-0.0034703418768693597,2805554463.284912
2018-08-07,490.8500519324449,493.0444403999076,486.9232515169854,492.2128601074219,7428456,0.007851312098185348,0.007820650929723767,3656381573.9421387
2018-08-08,493.3563686463553,497.0406206446008,492.7095901465944,493.47186279296875,9945380,0.0025578419167513466,0.0025545762067104337,4907765194.783936
2018-08-09,494.7767952546945,494.7767952546945,483.83947986097075,489.34857177734375,8944408,-0.008355676030418091,-0.008390780375172801,4376933280.193848
2018-08-10,490.50354084449833,490.57284859708676,484.61334056593245,488.4130859375,5442940,-0.0019116962709138097,-0.0019135258943913608,2658403121.9726562
2018-08-13,481.3795382798838,485.9877428306628,480.45558523136197,483.1465759277344,10054252,-0.01078290111669844,-0.01084145791683981,4857677427.314575
2018-08-14,484.6132676417333,486.23018512194875,482.11858367925095,482.5574951171875,4935964,-0.0012192589990226432,-0.0012200029000094515,2381886423.8286133
2018-08-16,481.1485057104349,482.00315092289253,477.31407835472106,479.4622802734375,10625160,-0.0064141887237672,-0.006434848021397451,5094363441.870117
2018-08-17,481.12538444641154,483.46994892787666,478.52676673610694,479.84344482421875,6065328,0.0007949833938216688,0.0007946675618997803,2910407881.508789
2018-08-20,479.3006008448603,486.83084007100086,479.3006008448603,484.1975402832031,7811136,0.009073991748661747,0.009033070445626207,3782132838.017578
2018-08-21,484.61337970496726,487.8472154131987,483.37756993044536,484.1629638671875,7776320,-7.14097308206485e-05,-7.1412280616864e-05,3765006139.1796875
2018-08-23,486.2302616597432,486.69223815538186,479.7279650410744,480.43243408203125,12574552,-0.007705111839532597,-0.007734949581340077,6041222624.851074
2018-08-24,478.3766673977655,483.59702442319326,477.2332868350503,478.1110534667969,9714628,-0.004831856574525117,-0.004843567733158585,4644671027.118042
2018-08-27,479.7625501333506,482.4189147585473,478.2033795924743,480.5594482421875,12574788,0.0051209750488663275,0.005107907449720395,6042933183.04248
2018-08-28,482.3034501694888,484.6710796542768,480.1783696179629,483.8857421875,9973532,0.0069217116789184185,0.006897866601899589,4826049934.050781
2018-08-29,483.2620368280433,483.7009483320813,478.780887408299,480.10906982421875,9873692,-0.007804884570907333,-0.007835502097380301,4740449081.85083
2018-08-30,481.28713687589544,482.2803412290246,476.26314247369436,477.2448425292969,21827460,-0.005965784599675561,-0.0059836509860681855,10417042710.514526
2018-08-31,477.96085146324015,480.1668004179659,475.4315415323046,476.1129455566406,15771500,-0.002371732225868506,-0.0023745492377574852,7509015320.846558
2018-09-03,478.0070164646992,480.21296532081635,476.6442084769463,479.3121337890625,7661608,0.006719389300960055,0.006696914825000765,3672301678.7353516
2018-09-04,479.739482772227,479.9820317179522,473.2949330350529,473.94171142578125,7130536,-0.011204436492827652,-0.011267679033140729,3379458435.2231445
2018-09-05,474.40369534570294,475.88199763879084,470.18815963909935,472.56732177734375,5641508,-0.0028999128274717068,-0.0029041257213297564,2665992326.345459
2018-09-06,473.29493699358693,475.60481955578115,469.50672395222676,474.0340881347656,10402412,0.003103825190250875,0.0030990182688391183,4931097886.822144
2018-09-07,473.75688733365956,475.8357815247873,471.3892578382086,475.1312561035156,5919300,0.0023145339042327517,0.0023118594965124296,2812444444.25354
2018-09-10,474.68084046917727,474.68084046917727,467.7742863480502,471.4816589355469,8598592,-0.007681239912310955,-0.007710892579370082,4054078420.669922
2018-09-11,472.6712439658249,473.0639126927555,460.6252016824562,462.0688781738281,18186536,-0.019964256473878006,-0.020166234996803853,8403432287.387939
2018-09-12,462.4153623773168,466.90807235767465,459.5626632583417,464.71368408203125,12246008,0.0057238347638901566,0.0057075158632032405,5690887492.978027
2018-09-14,466.56161576081666,470.6154708673356,466.3537206943886,468.8137512207031,10334672,0.008822781164214977,0.008784087852347262,4845036347.955566
2018-09-17,466.8964927850871,467.2776007844568,459.20457390523666,460.1747131347656,9338220,-0.01842744173660238,-0.018599342105598264,4297212709.689331
2018-09-18,460.79846145477984,464.25172448275913,457.5761584779329,459.4818115234375,9325736,-0.0015057359553896088,-0.0015068707150152447,4285006071.069336
2018-09-19,460.78687292838777,461.5144915048061,451.9284797943709,453.04876708984375,16712264,-0.014000650890324984,-0.014099584511894962,7571470600.47998
2018-09-21,455.94772703689813,461.9418610392254,441.2337581186999,455.1046142578125,22610148,0.00453780545784177,0.004527540660044398,10289982683.85205
2018-09-24,454.4116293472772,455.5550098923026,442.3424934299331,444.8140563964844,13390792,-0.022611411835738116,-0.022870969920953957,5956412507.881592
2018-09-25,444.81407248805726,453.19895744426634,442.3425094320948,450.9814758300781,16682552,0.013865163083102816,0.013769921063785042,7523521921.5720215
2018-09-26,453.41838465720093,456.8947691796828,451.6513470608436,454.6310729980469,14726724,0.008092565578777355,0.008059996364301757,6695226333.866089
2018-09-27,454.9082670502625,458.7426663765864,451.6166844742976,456.4674377441406,18352208,0.004039241607450839,0.004031105772113628,8377185362.70752
2018-09-28,457.50688569601033,465.5452599252617,456.6984268162495,463.3739929199219,14460716,0.01513044437498845,0.015017120861800992,6700719713.401001
2018-10-01,464.24018266173937,471.67799281725536,461.4683237421473,470.1650085449219,12449588,0.014655582162060643,0.014549226989853111,5853360648.400757
2018-10-03,469.0101052633705,474.03409996148696,463.5934417986078,469.17181396484375,15332148,-0.002112438318521148,-0.0021146726635111186,7193411689.137451
2018-10-04,463.82438311079363,466.08807912780594,448.8101476017291,452.21722412109375,17970584,-0.036137272826496925,-0.0368063937089307,8126607612.314941
2018-10-05,451.3394730027914,459.66661056844526,448.1518521189439,453.9612121582031,15729180,0.0038565272264869943,0.0038491098893549502,7140437619.054565
2018-10-08,453.8919208595256,454.815873879087,445.8073319383636,449.27215576171875,20128020,-0.010329200537182115,-0.010382916947596332,9042958936.61499
2018-10-09,449.1335649803732,453.8919173550132,445.80732849627253,448.25579833984375,12459364,-0.002262231052694186,-0.002264793763053542,5584982156.626709
2018-10-10,449.2721241617924,457.87643605126635,447.07773589467826,454.3885192871094,15939932,0.013681297531406678,0.01358855352841974,7242922099.017212
2018-10-11,444.65238620033125,450.0344237639728,442.9430674919398,447.5513000488281,14359904,-0.015047077441587176,-0.015161433309176136,6426793703.776367
2018-10-12,449.2721462441597,461.3066284296417,448.5791814941688,457.7840576171875,9600320,0.022863876313716336,0.02260641488384333,4394873444.0234375
2018-10-15,459.6665885711722,464.471155147523,455.11613161127553,463.8359375,12585968,0.013219944605133538,0.013133323717860078,5837824266.625
2018-10-16,462.6694483261099,466.18045832275254,459.0891305782044,460.30181884765625,9406004,-0.007619329091644089,-0.007648504471911537,4329600749.28833
2018-10-17,463.3854735864613,464.97929798194514,453.5453808184547,456.1093444824219,7940796,-0.009108098629134309,-0.009149830954148414,3621871258.2286377
2018-10-19,452.48288974846514,457.55307057051016,452.2749946835595,454.5271301269531,9867348,-0.0034689365052675836,-0.003474967216314689,4484977368.403931
2018-10-22,465.21035974436376,466.59628931659125,459.34325224923884,461.7224426269531,20331160,0.015830325679328183,0.01570633292573015,9387352856.639404
2018-10-23,455.7398151531274,461.72241643996284,455.7398151531274,458.4770202636719,19428564,-0.0070289465351013325,-0.007053765951077057,8907550130.722046
2018-10-24,462.90042156765674,464.00917637109205,455.6473853707983,460.1863098144531,18072336,0.0037281902368808684,0.003721257760710435,8316641613.566895
2018-10-25,455.87841053433436,462.8080581251384,453.3028858737239,454.7696838378906,29847056,-0.011770506555804472,-0.011840327393317624,13573536220.611816
2018-10-26,454.7696628380571,456.7099415164397,450.19608436059667,453.0141296386719,15155712,-0.0038603149277746107,-0.0038677851746463984,6865751680.734375
2018-10-29,453.68403708809814,453.8803714702822,437.7689402904847,444.95269775390625,17044280,-0.017795100323240498,-0.017955336917882068,7583898367.272949
2018-10-30,444.65235983245657,446.2692775045746,438.7159733721173,441.82275390625,13828704,-0.007034329409521534,-0.007059186943956651,6109836084.234375
2018-10-31,439.35119171556545,443.0123496680782,435.4128309578869,441.5917663574219,23449404,-0.0005228059143308483,-0.0005229426249937166,10355063732.388794
2018-11-01,445.80728045185805,445.80728045185805,437.9536806926025,441.6956787109375,19629052,0.0002353131589676316,0.00023528547716874916,8670067445.592285
2018-11-02,444.88335529966577,452.7369555489849,441.6495199028873,450.3000183105469,30092868,0.019480244010357195,0.01929293272824117,13550819011.41687
2018-11-05,450.4039352627677,452.6560704049946,447.65516980879147,451.8129577636719,5705296,0.003359847638472857,0.003354215961255362,2577726660.677246
2018-11-06,451.58199676623894,456.43274967267934,448.7985772721543,449.6301574707031,8485588,-0.004831203389501937,-0.00484291137693061,3815376268.671509
2018-11-07,452.96795316769334,453.88034546623317,450.42708244620195,452.263427734375,958760,0.005856525012656544,0.0058394422347388805,433612083.9746094
2018-11-09,452.3211957741469,452.7138927310382,447.26257547874036,449.36456298828125,10101620,-0.006409681986924487,-0.006430312201168639,4539310056.773682
2018-11-12,450.77354018734667,453.1989166526129,442.8390999617653,443.7399597167969,7907764,-0.012516793122449799,-0.012595788045078615,3508990878.8099365
2018-11-13,443.2664808536253,447.5859501335063,440.77179631110823,445.2876281738281,13350420,0.003487782479673518,0.00348171427199302,5944776856.924438
2018-11-14,447.78226121867726,452.73694765794596,447.33181723532147,452.21722412109375,26110636,0.01556206709736041,0.015442219911936221,11807679331.956299
2018-11-15,453.17582555272696,456.7330500241723,446.08446979406,456.2364196777344,10392524,0.00888775425228916,0.00884849063654864,4741447941.174927
2018-11-16,457.58771961906126,464.979343560409,457.3567313708941,462.9697570800781,15813216,0.014758439072224627,0.014650593107536185,7321040770.174805
2018-11-19,464.51735380187586,466.8272362175988,462.4153664429294,465.1872253417969,12286428,0.00478966115563173,0.004778227223876028,5715489350.681763
2018-11-20,464.9793192128589,466.5038359315726,461.7570445983775,464.8522644042969,5705168,-0.0007200561822261475,-0.0007203155471913001,2652060263.6069336
2018-11-21,464.92159614681094,467.50865324560334,462.90044897687693,466.3075256347656,6545604,0.003130588666344636,0.003125698576893351,3052264405.0250244
2018-11-22,465.0371072294111,470.061101806458,462.0111667097239,463.2469482421875,12974552,-0.006563431264404063,-0.006585065293652446,6010421618.80957
2018-11-26,465.18722235203614,473.9878686600172,464.7598997472352,473.4797058105469,18184436,0.022089206647098347,0.02184877431973548,8609961407.610718
2018-11-27,471.4585661919997,477.6605667006152,471.38925844015074,476.7597351074219,12895440,0.00692749711681917,0.006903612253436456,6148026558.493652
2018-11-28,476.99075879385356,484.7519869181162,475.8589388728071,482.59222412109375,13021108,0.012233602345545602,0.012159376584842872,6283885470.240967
2018-11-29,485.30631979138894,493.7142696472725,483.6894020195947,492.2475280761719,31908636,0.020007168521338103,0.019809655233579884,15706947195.282349
2018-11-30,492.0049546743448,493.74892717738265,487.3851898417218,491.64691162109375,13040924,-0.0012201512873523113,-0.0012208962779968456,6411530009.2854
2018-12-03,492.23594152408765,494.7768121748455,486.6691023590728,488.1474609375,10799856,-0.007117812806054502,-0.007143265284857639,5271922284.890625
2018-12-04,486.3226316855648,487.6161884235754,480.1321917934686,481.737548828125,8157420,-0.013131097920830337,-0.0132180730117948,3929735515.5615234
2018-12-05,479.9935333029475,486.29952314719907,479.51999616124624,484.8904724121094,11798844,0.0065448989634588894,0.006523574107683916,5721147041.076782
2018-12-06,482.6961651142561,485.45646359669223,481.6105315496785,484.3939514160156,11730252,-0.0010239858779319544,-0.001024510509645278,5682063117.38562
2018-12-07,486.62294831517096,489.2331268903348,480.52488090571285,486.83087158203125,9903920,0.005030864152807624,0.005018251639286838,4821534005.678711
2018-12-10,477.1986411152451,486.1841185918973,477.1986411152451,482.47674560546875,10915056,-0.008943816488903189,-0.008984052504288418,5266260696.981445
2018-12-11,474.9118225084481,478.4459538671218,469.368104735976,475.7318420410156,18905780,-0.01397974850785566,-0.01407838555173886,8994081544.622192
2018-12-12,477.44112237134897,482.71922611310123,475.8588867934023,481.6797790527344,11370488,0.012502709480619378,0.012425196025217952,5476934147.561768
2018-12-13,483.920342703695,490.84998961591975,483.06569752990947,485.3755798339844,7064236,0.007672733924015018,0.007643448206699886,3428807644.5841064
2018-12-14,486.2071423779737,489.23311099492577,482.3150242215724,484.0820617675781,6158284,-0.0026649838190225816,-0.002668541210065734,2981114815.670288
2018-12-17,485.9991763032992,492.60546142836165,484.8442352949738,492.0510559082031,8437324,0.016462072797176264,0.016328041828120712,4151594183.239624
2018-12-18,490.61905075488727,494.0838745596534,485.6759246842009,493.26385498046875,7413968,0.0024647829888853057,0.0024617503933984848,3657042436.381836
2018-12-19,492.72107491687143,498.79602097775575,488.2052432014001,490.49200439453125,9009896,-0.0056194074590104615,-0.005635255728916282,4419281948.42627
2018-12-20,487.9742451360813,494.41879483709977,485.6874275952948,493.725830078125,7980476,0.006593024258541469,0.006571385332674128,3940167137.5185547
2018-12-21,492.9288910546335,496.41683594334575,487.1657458985793,487.6507873535156,10220308,-0.012304486325230513,-0.012380813272590633,4983941243.195435
2018-12-24,485.9991880166274,485.9991880166274,479.84337485133034,480.6055908203125,5601488,-0.014447216565439125,-0.014552593768287062,2692106449.7128906
2018-12-26,479.7626056349451,491.31201838494377,477.91469959494526,490.2379455566406,7601916,0.02004211960973512,0.019843920178651338,3726747682.1341553
2018-12-27,492.697900600015,493.89902813194436,484.7172458774434,486.2417907714844,11639868,-0.008151459554235019,-0.008184864356448069,5659790260.663696
2018-12-28,489.0829895375084,493.7951272400067,488.6556387211948,490.36492919921875,9415612,0.008479605221082487,0.008443855323244015,4617085911.747314
2018-12-31,493.62186939149416,493.62186939149416,488.93279683591265,490.0877380371094,5866528,-0.0005652752584938137,-0.0005654350867869043,2875113437.651367
2019-01-01,491.46209751215014,496.8556953773877,486.368852025891,496.18585205078125,6373440,0.012442902648607257,0.012366125962623407,3162410756.8945312
2019-01-02,494.961651676616,496.0472852130269,489.62580034691234,491.65850830078125,8134232,-0.009124290286166126,-0.009166171575462043,3999264371.2924805
2019-01-03,490.6652572961889,491.6007710406543,485.76831739621565,487.801025390625,12771664,-0.00784585814143246,-0.007876798830181215,6230030795.144531
2019-01-04,488.5978552373293,491.65844929566504,487.46603546376656,489.10601806640625,7287120,0.002675256114388569,0.0026716839862366082,3564174246.3720703
2019-01-07,491.47369330172415,493.24078726857044,489.23311853240006,489.84521484375,5387012,0.0015113221879092809,0.0015101812898964447,2638802050.5058594
2019-01-08,490.1569951048818,490.50347742941403,484.30142126284466,485.7682189941406,8343460,-0.008323028838629898,-0.00835785863740768,4052987704.4488525
2019-01-09,489.23307670003726,490.00690983677606,485.6758804750548,488.9559020996094,8568628,0.006562148326766604,0.006540711162895516,4189681233.4959717
2019-01-10,489.00212693841985,490.5728583225664,483.37754047405303,487.0387268066406,7691540,-0.003920957462086649,-0.003928664568550616,3746077848.7823486
2019-01-11,488.26294713143216,490.619015872436,486.9232040767868,487.82403564453125,6408040,0.0016124155938064266,0.0016111170474597057,3125995933.371582
2019-01-14,487.3621351879658,487.3621351879658,484.7173307378949,485.45648193359375,4855160,-0.004853294503640804,-0.004865109982243577,2356968892.824707
2019-01-15,486.24182350159253,491.1965101503204,485.5372980653531,490.1339416503906,5087556,0.009635178210344097,0.009589055908504845,2493583875.6470947
2019-01-16,489.7066462929135,490.8500268414211,486.98097368867104,489.74127197265625,5252452,-0.0008011476952853869,-0.0008014687856055183,2572342523.4553223
2019-01-17,490.9077764477752,493.3677787434845,488.1590388406626,492.5362548828125,8240228,0.005707060176689094,0.005690836605423472,4058611038.5004883
2019-01-18,493.15993838292894,494.08389142907964,488.43623971320727,492.062744140625,5207976,-0.0009613723609039893,-0.0009618347757044388,2562650961.9785156
2019-01-21,494.3032953201602,500.43604464893144,491.1965146300266,496.1973876953125,17561512,0.008402675479747046,0.00836756952103446,8713976378.379883
2019-01-22,495.70080098262065,495.88560286748867,491.78556129365757,493.3562927246094,8796976,-0.00572573544552335,-0.005742190309580026,4340043466.547363
2019-01-23,492.92888731403326,493.3562381008737,485.41020908026326,486.3226013183594,7624288,-0.014256819077761662,-0.014359423902663523,3707863573.3603516
2019-01-24,487.3851906137583,490.07618107557835,484.5902103281486,485.59503173828125,10111572,-0.001496063678936066,-0.0014971838996221739,4910129126.263916
2019-01-25,483.4584329182865,487.38523337677236,482.76546813149486,484.1513977050781,11262236,-0.0029729176347529362,-0.002977345532412083,5452627300.684448
2019-01-28,482.7653967093523,485.5488161365661,479.70480268715187,481.4140930175781,15360436,-0.005653819653263614,-0.005669862990935106,7394730365.294556
2019-01-29,480.05134860739827,481.14854283614125,474.21889507565913,475.2814636230469,14762788,-0.012738782440063101,-0.012820616448998911,7016479487.796753
2019-01-30,475.2005871960436,475.2005871960436,468.4441807430193,469.9917907714844,18514160,-0.011129558496221548,-0.011191955431225987,8701503213.029785
2019-01-31,469.13710686397934,482.7076657159039,467.05821274198235,480.4439697265625,16579404,0.022239067065237483,0.021995385233779568,7965474673.460449
2019-02-01,480.4439777319709,489.0021032888474,479.67020096539073,482.8693542480469,15654188,0.005048215139144663,0.005035515623093467,7558927650.837524
2019-02-04,483.92036178895734,488.0781501002706,481.0676344734722,486.2071228027344,7938288,0.006912363614139938,0.0068885827538475225,3859652168.4594727
2019-02-05,486.92324950176976,489.464120348316,484.38237865522353,488.32073974609375,8690288,0.00434715339252012,0.004337731816034587,4243647864.7666016
2019-02-06,488.82891811345473,491.31204197392475,488.2168217657635,490.3072204589844,10875684,0.004067983501834238,0.004059731628368688,5332426392.630249
2019-02-07,490.8615951287041,492.0049756949057,486.42663197862817,489.05987548828125,7217308,-0.0025440069382121067,-0.0025472484226025344,3529695751.840576
2019-02-08,487.84721798257124,495.4582700715205,486.61140820154066,490.3072204589844,12235644,0.0025504954162469673,0.0025472484226025847,5999224600.165649
2019-02-11,488.14753210567267,494.9847511992671,488.14753210567267,494.2340393066406,7036364,0.008008894594659033,0.00797699361288352,3477610601.751831
2019-02-12,493.85291335191437,496.16279601492613,490.80387951546277,491.9356994628906,9772388,-0.00465030665830779,-0.004661152973172701,4807386526.202759
2019-02-14,494.3148576500001,494.3148576500001,486.3688843648483,487.431396484375,7441388,-0.009156284009136817,-0.009198460427817714,3627166144.6220703
2019-02-15,486.7730997029639,486.94634088637395,480.0397585382585,485.2254333496094,8416524,-0.00452568946250953,-0.004535961398509949,4083911505.1973877
2019-02-18,486.6460139737432,489.23307086959113,481.8414475136766,482.7422790527344,7138744,-0.005117527083717155,-0.0051306664720634195,3446173548.134033
2019-02-19,482.6961132430093,486.9578349869339,480.03974848634573,481.39105224609375,5268636,-0.0027990645635846967,-0.0028029892701825353,2536274227.9416504
2019-02-20,482.4189501305148,487.6161856478414,480.89440515465316,487.00408935546875,4892500,0.011660036228728021,0.011592581846976339,2382667507.171631
2019-02-21,485.4679338556346,489.6834688980774,483.5969630976198,488.7479553222656,5261544,0.0035808035392572712,0.003574407725817502,2571568871.838135
2019-02-22,489.55651365729994,491.56615670796486,482.55761423727733,483.10040283203125,8890708,-0.011555142949929209,-0.011622422398826672,4295104616.261963
2019-02-25,483.9549283849812,491.99332941756086,483.9549283849812,490.94232177734375,8140596,0.01623248272893507,0.016102144564222064,3996563100.8913574
2019-02-26,487.6739548663412,490.8500433823446,485.3294466283383,487.53533935546875,9607428,-0.006939679613566008,-0.006963871176230342,4683960670.313232
2019-02-27,488.7942484580911,490.72296647026144,482.3380818867829,483.28515625,7030092,-0.008717692364798801,-0.008755913741816633,3397539110.671875
2019-02-28,483.4815269915325,486.426627169037,478.88482699596403,479.8896484375,11645376,-0.007025888895175414,-0.007050686671769178,5588495394.5625
2019-03-01,481.89921345261826,485.2831685953916,479.76257224258273,481.2293701171875,9352928,0.002791728648554148,0.0027878390116560874,4500903650.191406
2019-03-05,482.5113312976141,487.6393155458219,478.1456759442649,486.7153625488281,11837276,0.011399953478119285,0.011335463666235434,5761384079.930542
2019-03-06,487.385250425571,487.4545581853983,482.8925398461068,486.05706787109375,8458044,-0.001352524963023627,-0.001353440450484298,4111092066.5646973
2019-03-07,487.29279362988586,492.00493097473475,483.92034290707477,491.19647216796875,10204852,0.010573664362880875,0.010518154128718218,5012587301.39624
2019-03-08,488.5517298240793,492.0049930269297,487.25817301266454,491.5892028808594,7053460,0.0007995389526256336,0.0007992194916269182,3467404778.9520264
2019-03-11,492.46693115760706,495.16948230596876,490.2032351108991,491.64691162109375,9224108,0.0001173922044996889,0.00011738531457406069,4535004210.659424
2019-03-12,495.93168580394797,502.3993556700451,493.62180370891326,501.47540283203125,15097292,0.019990954847108222,0.019793759459907845,7570920587.372803
2019-03-13,502.3993699142397,516.0276746613386,501.7295266451303,514.3068237304688,57166348,0.02558733853340245,0.02526546168431361,29401042864.150635
2019-03-14,518.5339997006823,519.1460960106122,510.6226520751591,513.89111328125,15379864,-0.0008082926961836545,-0.0008086195408609852,7903575433.074219
2019-03-15,515.3347626341961,522.0103002023125,514.6533586059842,520.41650390625,12763088,0.012698002468528147,0.012618058873193306,6642121636.0078125
2019-03-18,522.4722195505625,529.3441189283923,519.0305177137309,522.3682861328125,14358720,0.003750423385715962,0.003743408082696563,7500539957.4609375
2019-03-19,524.22783783938,525.7061400945231,519.9545551779883,523.8236083984375,11957992,0.002786008079470159,0.0027821343521166,6263878518.639648
2019-03-20,524.1124048552444,531.27304150157,522.2760593166049,531.0420532226562,11711992,0.013780296856586327,0.013686211926026245,6219560279.007324
2019-03-22,531.2729470101715,532.889864674985,524.5281017442431,525.7638549804688,30403880,-0.009939322526636984,-0.009989047354545505,15985261155.163574
2019-03-25,522.0334908106147,528.4665366950876,520.4165729187234,526.9535522460938,9199260,0.0022627977453284487,0.0022602414740007046,4847582735.0354
2019-03-26,525.706075676581,534.7377377792377,524.9438596533814,533.8946533203125,11786848,0.013172130721261777,0.013086132570142099,6292935126.699219
2019-03-27,535.5577717724586,537.7521599567507,526.4337366904019,531.1458740234375,13885300,-0.00514854246953067,-0.005161841882344595,7375119804.577637
2019-03-28,530.9958467240449,537.04772812353,528.4665364445099,531.9197998046875,19554328,0.0014570870623309418,0.0014560265410335854,10401334235.075195
2019-04-01,537.1054993564353,538.6646702501697,532.33561392046,533.9987182617188,9647076,0.0039083306502119,0.0039007129678062637,5151526218.973389
2019-04-02,535.8927672844236,535.8927672844236,527.9121115618736,530.0834350585938,10910496,-0.007332008615807295,-0.007359019903295016,5783473197.873047
2019-04-03,529.4482688445742,534.9688662802585,528.558941392833,529.598388671875,7659452,-0.0009150378122363412,-0.0009154567148959297,4056433437.3095703
2019-04-04,529.598259441763,534.2757710560671,526.6531595364604,527.5655517578125,9211552,-0.003838449960469892,-0.0038458357154780207,4859697513.425781
2019-04-05,528.4549262181253,534.4490599882165,527.1151830980486,532.5665283203125,8351180,0.009479346302724068,0.009434699227853446,4447558939.978027
2019-04-08,535.6617992900364,536.5741916797881,526.6763781250256,528.8245239257812,6398132,-0.00702636045553473,-0.007051161568814341,3383489108.9143066
2019-04-09,530.4876435790404,531.9659458385138,523.6503687433394,528.327880859375,10777600,-0.0009391453004474748,-0.0009395865736965829,5694106568.75
2019-04-10,519.7235534612676,527.5771538246822,515.3347767875946,516.8015747070312,108128700,-0.021816577488954603,-0.022058077952554926,55881082431.02417
2019-04-11,518.5454583428099,522.7263678904519,516.7091131810862,521.4559326171875,8793300,0.009006083065429493,0.008965770159472653,4585318452.282715
2019-04-12,520.2086210496088,524.8514506873962,520.2086210496088,523.24609375,9170444,0.0034330055922993097,0.003427126280565183,4798399000.953125
2019-04-15,524.343322746582,529.6329310661829,523.0382617033592,528.6859130859375,10219780,0.010396292300915988,0.010342622511500995,5403053720.837402
2019-04-16,529.1824963882386,533.559712251221,526.7224941932218,532.439453125,8273776,0.007099754213523601,0.007074669618236935,4405284768.71875
2019-04-18,534.2757357801505,534.749272894734,528.5010304647576,529.8060913085938,10614856,-0.004945842763811936,-0.004958113921665825,5623815367.163574
2019-04-22,537.0476169466118,537.0476169466118,522.2643707166835,524.04296875,20980420,-0.01087779595806293,-0.010937391755182862,10994641582.421875
2019-04-23,526.0872487538885,528.9630409071727,517.7832332550504,518.6378784179688,15282400,-0.010314212105400511,-0.010367772196137576,7926031513.134766
2019-04-24,519.723558598462,527.5540376572327,519.0421545448004,526.595458984375,12354128,0.015343230599893065,0.015226713557639519,6505627704.511719
2019-04-25,528.2469852326841,530.9957791338759,521.5598869414544,522.830322265625,18086636,-0.007149960476323991,-0.00717564394079096,9456241728.581055
2019-04-26,523.396235305987,527.8081332882931,521.3173411267334,526.8726196289062,11707568,0.007731566420563496,0.007701831029992593,6168397021.643555
2019-04-30,527.8080932916503,535.8926811538856,526.2835484516136,535.3036499023438,12536836,0.01600202773751236,0.015875344958936683,6711014069.0271
2019-05-02,536.7012381109954,545.0514414014978,535.3153085096759,544.1621704101562,17169300,0.016548589775968514,0.016413154002333293,9342883552.423096
2019-05-03,546.1023000952043,549.2899485860731,544.3237022048282,546.968505859375,12351520,0.005157167480244862,0.0051439148365757395,6755892439.4921875
2019-05-06,542.3604362688052,543.2612679283291,535.2113608769498,537.8446044921875,13748092,-0.016680853229113057,-0.016821545433108927,7394337104.262207
2019-05-07,543.2612040632017,544.67025484565,535.4307255013642,536.435546875,9924204,-0.0026198229105930393,-0.002623260652129825,5323695800.0390625
2019-05-08,536.4817018468675,536.770437121979,528.5010475640644,532.9475708007812,12064208,-0.006502134496004119,-0.0065233654535740825,6429590347.235352
2019-05-09,531.27297510552,531.27297510552,524.7129313616634,529.1709594726562,9027724,-0.007086271774258135,-0.007111498645039214,4777209370.934326
2019-05-10,529.2749715938227,537.024582594393,529.2749715938227,530.4645385742188,10594200,0.002444539101033927,0.002441556075751276,5619847414.562988
2019-05-13,530.3604913624519,534.3565986780401,526.6531193096431,528.3162231445312,11071632,-0.004049875672107572,-0.004058098627393983,5849322802.286133
2019-05-14,530.5107353483494,533.8138788066209,525.6253561157667,528.47802734375,10494744,0.0003062639232536135,0.00030621703403167723,5546241606.597656
2019-05-15,530.348946326109,532.9360030782465,527.1612976522218,528.2007446289062,8956348,-0.0005246816338561056,-0.0005248193274301913,4730749682.755615
2019-05-16,526.7801985421384,535.6616843585377,526.6531437419,533.73291015625,8050136,0.010473604180983198,0.010419135977547987,4296622514.433594
2019-05-17,534.2758846828611,547.2805359562441,533.952523652521,545.617431640625,14758780,0.022266795354432656,0.022022509919217306,8052647637.749023
2019-05-20,556.2196523785329,563.3109796911817,549.7519820020383,561.84423828125,17699632,0.02974026433105781,0.029306599888833416,9944436258.898438
2019-05-21,563.1492248024616,565.7824676932355,554.2446185212248,555.226318359375,10325176,-0.011778922824090987,-0.01184884394152953,5732809456.892578
2019-05-22,557.1090631649621,560.3775245201114,553.0436471897266,555.7000122070312,11386660,0.0008531545281498243,0.0008527907986889625,6327567100.997314
2019-05-23,556.4507187915934,563.5882334739388,535.684896758188,538.687744140625,33081996,-0.030614122175092184,-0.031092523631474998,17820865796.90918
2019-05-24,545.0629191832495,551.1725466343315,540.5470879738024,548.2159423828125,13692800,0.017687794730485207,0.01753318615030297,7506611255.859375
2019-05-27,549.4979487773314,559.4304439504767,547.9618994068387,556.3005981445312,12049024,0.01474721024452319,0.014639527528383614,6702879258.2578125
2019-05-28,558.183016238656,558.9914749834668,551.3804246503265,558.1137084960938,7364840,0.003259227758535488,0.0032539279880616505,4110418164.880371
2019-05-29,556.7279026052609,561.4862834010331,556.7279026052609,558.2755126953125,7475216,0.0002899126051836287,0.00028987058864485987,4173230044.908203
2019-05-30,558.0676007968859,565.4361032665181,557.3861967517881,563.5073852539062,9359200,0.00937148852066727,0.009327848557859442,5273978320.068359
2019-05-31,567.4919248978302,569.3860172057554,544.3931006704162,560.2273559570312,19785080,-0.0058207387919096965,-0.005837745317758757,11084143055.79834
2019-06-03,560.6083895006121,568.1848141191027,560.1348523881553,567.5611572265625,8480860,0.01309075894197087,0.013005815470372115,4813406715.876465
2019-06-04,567.076110562061,569.5592340604488,563.8538359986893,566.4524536132812,6442988,-0.001953452238872444,-0.00195536271511873,3649646361.2009277
2019-06-06,566.6604078591357,570.5410220408094,557.4555592142041,559.7654418945312,15634924,-0.011805071504404241,-0.011875304646401118,8751890141.847412
2019-06-07,560.296676015621,566.9029631121371,556.4507438676329,565.37841796875,7970932,0.010027371563384735,0.009977431043761269,4506592923.896484
2019-06-10,570.5294323631299,570.5294323631299,561.7865606984424,563.6575317382812,7077140,-0.003043777717323226,-0.0030484194300068584,3989083264.16626
2019-06-11,566.26772190882,568.2080007440032,563.6922253558112,565.5516357421875,7103292,0.003360380900198301,0.0033547474371610313,4017278409.7543945
2019-06-12,564.7662840551294,565.5516215654893,559.8346622483668,560.6200561523438,7308620,-0.008719945762992842,-0.00875818695978685,4097358954.7961426
2019-06-13,562.6757524559237,566.3831247264316,558.055987980178,564.6968994140625,11107948,0.007272025352961897,0.007245711668771776,6272623794.452637
2019-06-14,564.2927772878935,567.9885895710208,560.1465491614841,562.4795532226562,11956920,-0.0039266130090442886,-0.003934342394076238,6725523019.519043
2019-06-17,562.4563381910127,563.5881579568276,558.3678578122478,559.4534912109375,12810020,-0.005379861355637394,-0.00539438492301317,7166610411.481934
2019-06-18,558.5295644222192,561.763399782811,555.2957290616274,558.3563232421875,12419652,-0.0019611424112756515,-0.001963067968994776,6934591226.66748
2019-06-19,560.6084314195455,564.7430981585206,558.2292413836658,560.9202880859375,10744276,0.004591986760106748,0.004581475754220966,6026682389.194824
2019-06-20,564.4066202774218,566.4170643860689,561.2107915390925,563.9417724609375,11171492,0.005386655535870144,0.0053721993971954035,6300070999.513184
2019-06-21,563.8604726996228,564.7204299200428,559.1306228711246,561.1178588867188,13250260,-0.0050074559327210055,-0.0050200352513395455,7434957520.892334
2019-06-24,560.5948973113595,564.9296377350446,560.1416819880365,561.9894409179688,6915000,0.001553295831608903,0.001552090715411899,3886156983.947754
2019-06-25,562.4309367561114,567.4628909534673,558.5145717637445,564.4878540039062,8899800,0.0044456584128280685,0.004435805663977497,5023829003.063965
2019-06-26,563.558236544191,574.0870508911395,562.9307033434575,573.5989379882812,10533636,0.01614044291608785,0.016011570819857768,6042082422.755127
2019-06-27,573.7965472378339,579.7814631229475,570.8679831750427,572.2974243164062,19879236,-0.002269030825683971,-0.0022716089768024805,11376835560.177979
2019-06-28,572.6925463554987,575.2492095088716,566.4287329785599,567.9859619140625,12756844,-0.007533604414686423,-0.007562125346327414,7245708310.327637
2019-07-01,570.8331556625193,578.5031451319261,569.4502446676173,577.7012939453125,8524160,0.017104880547593515,0.01696023913125785,4924418261.796875
2019-07-02,578.2706767049724,580.4787038065389,573.4362481232456,579.8976440429688,7246828,0.0038018784459641353,0.0037946695718368392,4202418483.984619
2019-07-03,580.8273610982814,581.8267952773264,577.1085784742027,578.6541748046875,7463256,-0.002144290895220613,-0.0021465931787080666,4318644242.036133
2019-07-04,579.8511575309439,580.5716375750483,574.5518812578972,577.2944946289062,7993964,-0.0023497284474620628,-0.0023524933914446586,4614871407.46167
2019-07-05,577.596726744771,579.8860683913736,571.762863448521,574.6448974609375,7583060,-0.004589680297699572,-0.004600245219119253,4357566736.140137
2019-07-08,575.1446284641797,575.1562610091229,557.1317744800452,560.0487060546875,14607140,-0.02540036720197658,-0.025728525344787225,8180709856.159668
2019-07-09,558.7122910211014,560.3276259978992,551.5419900291412,552.9713745117188,16482688,-0.01263699293732079,-0.012717518855478883,9114454639.007812
2019-07-10,552.8784583075267,557.3526192418072,549.9731589995523,555.2026977539062,11569148,0.004035151447320029,0.004027032058365809,6423222180.314209
2019-07-11,558.5147723517767,561.0714358956259,556.8064335589162,559.4793090820312,9097596,0.0077027927735693336,0.00767327773391043,5089916724.387451
2019-07-12,562.001097964859,562.001097964859,554.3427403401765,556.399658203125,8976272,-0.0055044946773084025,-0.005519700233072815,4994394672.738281
2019-07-15,556.8876978612068,558.5146652589649,552.5530145633991,556.59716796875,8233184,0.00035497822961083614,0.00035491523974533375,4582566897.765625
2019-07-16,562.0011291708336,562.0011291708336,553.633866701789,555.7721557617188,12770568,-0.0014822429119466518,-0.0014833425206975,7097526107.661621
2019-07-17,556.1788237756745,560.5135640529811,555.7953469944563,557.2247314453125,7759736,0.0026136172324122686,0.0026102076744543177,4323916808.686523
2019-07-18,558.5146408716465,564.557662370882,558.2589518798013,560.5831909179688,10802584,0.0060271184732687555,0.006009028047092796,6055747008.879395
2019-07-19,561.303740434104,562.6285453670504,550.1473927981467,552.1578369140625,8939228,-0.015029622971943768,-0.01514371234547412,4935864796.161621
2019-07-22,545.0340319650194,546.1613105496718,530.2170087079746,533.935791015625,22171296,-0.03300151637850168,-0.033558351656754436,11838048467.601562
2019-07-23,533.2967562598584,533.2967562598584,521.1061313629532,526.0916137695312,27802864,-0.014691236995319157,-0.014800221950558762,14626853589.174805
2019-07-24,524.5227267326771,532.9480945598887,523.1862890773264,530.1357421875,17363740,0.007687118197897025,0.00765772285235893,9205139192.050781
2019-07-25,531.0886461769601,538.1659430452426,529.9846325798744,531.3327026367188,19462008,0.0022578376705553183,0.002255292585288355,10340801309.377441
2019-07-26,529.5082311228084,533.0991697986454,528.2647970377678,529.299072265625,12829828,-0.003827414275466068,-0.0038347575686894504,6790816057.727539
2019-07-29,528.4274281538535,528.4274281538535,516.6900198942358,521.6290283203125,9976492,-0.01449094537891682,-0.014596964586736884,5204027828.005371
2019-07-30,524.1159113510188,527.8811673032535,520.6062876505332,523.4767456054688,10394136,0.0035422056381833045,0.0035359468034901324,5441088486.660645
2019-07-31,520.6295643884399,526.9050100306221,519.2931268905678,523.3372802734375,13891840,-0.0002664212559623236,-0.00026645675240995,7270117763.59375
2019-08-01,519.2491879801987,521.7882240006119,511.77175362917154,517.5487060546875,18241676,-0.011060886424383076,-0.011122512878792458,9440955810.068848
2019-08-02,515.0329787459242,518.0612142609386,508.27768413550723,515.8133544921875,27825536,-0.0033530207731147232,-0.0033586547446749124,14352783064.703125
2019-08-05,511.783511023374,512.4706762378829,503.7353806201917,507.63714599609375,19822440,-0.015851098900188654,-0.015978071122035472,10062606868.278809
2019-08-06,504.7835263552754,514.8582321766255,504.7835263552754,509.9315490722656,24890940,0.004519769867647794,0.004509586380967514,12692675592.06482
2019-08-07,510.1412079360459,512.9365022261064,504.3176781650864,508.7435607910156,18750136,-0.0023297014734847687,-0.0023324194501659666,9539010953.95581
2019-08-08,512.0046462319484,522.4869979518928,508.51052899196696,520.1925048828125,19711600,0.022504351846725168,0.022254865010579446,10253826579.248047
2019-08-09,523.4188359734471,533.2023656178105,521.741670837066,531.57177734375,30436112,0.02187511806518816,0.021639290641273297,16178978151.273438
2019-08-13,529.5452857712662,529.5452857712662,513.0763529233456,517.2110595703125,15440068,-0.027015576043554534,-0.027387205191022633,7985773930.117676
2019-08-14,520.7166770863842,520.7166770863842,513.1810642373249,519.3306884765625,14254052,0.004098189447091283,0.00408981474167496,7402566638.740723
2019-08-16,515.7318126628074,520.1576954273031,513.425717549471,518.923095703125,15247560,-0.0007848424568036583,-0.0007851506068880549,7912311037.119141
2019-08-19,521.4389119521758,522.254206208076,512.8666638303422,514.0663452148438,8498200,-0.009359287587114462,-0.009403360931478423,4368638614.904785
2019-08-20,514.6252601126613,518.9463300247476,514.0662240742332,517.2691650390625,10270592,0.006230362781053378,0.006211034311568526,5312660548.296875
2019-08-21,518.2707868568199,522.0677393053584,515.7783277096306,518.4921264648438,10472712,0.0023642650837092383,0.002361474606436069,5430018714.733887
2019-08-22,517.3274702343774,517.3274702343774,504.79522270082606,506.4374694824219,13992044,-0.023249450410389727,-0.02352398237538744,7086095356.246704
2019-08-23,503.3858717339968,507.11293047890376,498.400953410845,503.7818603515625,20099616,-0.005243705868709481,-0.005257502345239251,10125821940.832031
2019-08-26,511.2825843484342,527.879643784232,504.78354803331604,525.5502319335938,25280244,0.043209915432128154,0.042302416968823385,13286038097.537842
2019-08-27,525.5152575605598,529.4519404208985,521.8115158604874,526.4353637695312,20660832,0.0016842002574728454,0.00168278358263891,10876592609.701172
2019-08-28,524.1176923469654,525.8298328901292,518.608655795571,523.5353393554688,13662588,-0.00550879483721789,-0.005524024203551677,7152847645.053955
2019-08-29,523.1858929263077,524.9795286472989,517.1993159441082,518.7483520507812,14783716,-0.009143580088749714,-0.009185639194012335,7669028312.186768
2019-08-30,520.2741582465663,526.4470999047414,517.595334508113,518.9813232421875,19233320,0.0004491025185626718,0.000449001702210038,9981733863.94043
2019-09-03,517.129430366503,517.3623715513528,511.57376035967326,515.0213012695312,11428676,-0.007630374727007783,-0.007659634975718549,5886011585.307861
2019-09-04,514.1011533451855,529.708211466675,512.2376240172464,523.593505859375,15060704,0.01664436901680233,0.016507369596077563,7885686808.0703125
2019-09-05,523.8847053043448,529.3355060795809,518.2941170752189,520.658447265625,17296252,-0.005605605418907311,-0.005621375787552635,9005439709.83496
2019-09-06,518.9930336379031,525.6551752200204,517.4323388515847,523.1626586914062,12870004,0.004809700944895301,0.004798171287993652,6733105510.009033
2019-09-09,523.1859250808683,526.6567261455742,516.2210060837434,524.0245361328125,10643404,0.0016474368479624246,0.0016460813124469747,5577404843.974121
2019-09-11,529.7082860651805,529.7082860651805,522.0561449365234,524.4205322265625,15209116,0.0007556823515790789,0.0007553969674349587,7975972707.415527
2019-09-12,524.2806885300841,533.1557700005759,523.6866771627766,528.9744873046875,18132300,0.008683784860196164,0.00864629766461803,9591524096.154785
2019-09-13,524.3505073262737,528.1823777138637,521.3222724994228,525.8529663085938,15371340,-0.005901080432062056,-0.005918560609072499,8083064735.137939
2019-09-16,524.5601768071506,527.0642942836014,522.02114090477,522.7548828125,11030184,-0.00589153945035592,-0.0059089630371073005,5766082544.3203125
2019-09-17,523.6284565992211,523.7682440556035,512.0280313132598,515.114501953125,10656556,-0.014615608788326573,-0.014723469050831169,5489346536.475586
2019-09-18,516.500488657704,518.0961016149688,507.81177128863845,509.6170654296875,12959884,-0.010672261220744605,-0.010729618251684817,6604578052.38916
2019-09-19,512.4240627335244,515.7551332650024,505.01652120523266,512.9598388671875,10623310,0.006559382846964779,0.006537963708497952,5449331385.836182
2019-09-20,516.1976824753287,563.6711088712841,514.9863996486561,558.8724975585938,46150034,0.08950536711177826,0.0857238016058955,25791984763.99402
2019-09-23,586.8021429849681,597.5872740068311,572.5694142916398,585.7305908203125,41920410,0.048057639943004826,0.04693858433202416,24554066516.729736
2019-09-24,582.3529154046341,587.9201865277417,571.8938797921277,584.123291015625,23379048,-0.0027440940081966403,-0.0027478659360896185,13656246458.572266
2019-09-25,582.3063553380447,582.3063553380447,573.0818621438584,577.5543212890625,15608976,-0.01124586166584951,-0.011309574488905351,9015031539.697266
2019-09-26,577.6009660741333,594.0000022105288,575.9936378282621,578.8588256835938,30671560,0.002258669611578057,0.002256122651810348,17754503203.483887
2019-09-27,581.5376642042971,583.9835466293503,576.5760056251082,579.6508178710938,14873170,0.0013681957540592204,0.0013672606271091425,8621245154.835815
2019-09-30,572.4762156301016,577.6940748483133,566.745840365301,571.8472290039062,18218458,-0.01346256854402117,-0.013554010543437717,10418174724.024048
2019-10-01,573.7341573013938,584.6823933522121,568.8889691218436,581.7939453125,18768352,0.017394009805590693,0.017244465641593692,10919313557.09375
2019-10-03,577.670820865362,579.4645134828711,566.6760083277701,570.0303955078125,16298876,-0.02021944349793625,-0.020426654328449142,9290854732.612793
2019-10-04,576.1335295751501,577.507860022062,552.2104777060965,554.2603149414062,18403632,-0.027665332744857274,-0.028055225906391208,10200402868.385742
2019-10-07,559.6179562574688,568.306675014548,550.2770475899547,552.9558715820312,22513220,-0.0023534850398100327,-0.002356258838643659,12448817187.218018
2019-10-09,557.7077316346946,572.9886949648351,554.3999784315781,572.1734008789062,17427270,0.03475418253882134,0.03416389371519306,9971420343.934937
2019-10-10,569.2151252717667,571.1484916885785,557.7543730132195,559.3151245117188,11556858,-0.022472691578175663,-0.022729050508423183,6463925471.234253
2019-10-11,565.3016882319421,570.240030059355,553.9108299798355,558.4998168945312,17186318,-0.0014576892014126486,-0.0014587526639074394,9598555456.091187
2019-10-14,563.2518735471591,568.330003549583,557.8476485828245,561.1088256835938,12267802,0.004671458629242897,0.004660581228776784,6883571973.938843
2019-10-15,562.3200501715402,570.7059332726899,562.250156438282,569.7974853515625,8400374,0.01548480307252964,0.015366136955897322,4786511981.2126465
2019-10-16,573.8039974682014,575.3646919386507,563.764210257467,568.888916015625,10586816,-0.0015945478161892845,-0.0015958204605998386,6022722278.296875
2019-10-17,571.8706438658667,572.965456127699,565.1619259568206,568.3765258789062,12243614,-0.0009006857442528382,-0.0009010916053783086,6958982789.522339
2019-10-18,570.9155527731333,574.8289762279845,568.5395639553193,572.5694580078125,11233806,0.007377032544443107,0.0073499553246727115,6432134212.784912
2019-10-22,585.6141371659319,585.6141371659319,574.2465960011994,577.3680419921875,20006228,0.00838078929510333,0.008345865470969752,11550956688.009277
2019-10-23,580.8853352034633,582.2364052494561,574.4328767134061,578.439453125,10190214,0.0018556813936490002,0.0018539617440175241,5894421813.386719
2019-10-24,581.4211473266541,584.2863350277048,571.3347835169793,575.8771362304688,13107494,-0.004429706308393122,-0.004439546527655838,7548306107.878052
2019-10-25,577.6941643040582,580.8854473053657,568.3765164927024,572.5694580078125,12993542,-0.005743722079864844,-0.00576028068733163,7439705300.541748
2019-10-27,577.6707938753362,578.5792985749532,575.364699004008,576.62255859375,1750082,0.007078792850809368,0.0070538558102996585,1009136760.5888672
2019-10-29,576.7623550875566,585.7771672764354,576.6225676329923,578.8588256835938,14232568,0.003878216445949434,0.0038707155516882227,8238647598.941895
2019-10-30,580.9087828109485,588.2696906958417,579.0918300553573,581.5842895507812,12011366,0.004708339488421753,0.004697289927866471,6985621761.644409
2019-10-31,585.9402357410744,588.8287405658972,571.6842465508156,573.1983642578125,13217706,-0.014419105611408578,-0.014524071142603453,7576367458.440674
2019-11-01,577.2282690143909,579.4412103201362,571.9171985065208,577.7174682617188,11512260,0.007884014131404049,0.007853097682822784,6650833701.170654
2019-11-04,580.6989600937992,582.352864978497,572.5926537096161,576.2265014648438,9935176,-0.002580788843655979,-0.002584124820053629,5724911707.91748
2019-11-05,578.1600051762933,579.9303808814818,572.5927337569641,577.461181640625,12367810,0.0021426993944959616,0.0021404070880467834,7141930176.906738
2019-11-06,578.8355468465815,586.5459230711768,572.1268859948343,585.4511108398438,12130336,0.013836305284657513,0.013741457506503622,7101718686.060547
2019-11-07,587.4776140986048,591.5307675936306,582.3529085037717,588.7354736328125,16963034,0.005609969358939759,0.005594292086186577,9986739856.239502
2019-11-08,586.5459255532465,590.2729846512815,583.0284907813127,584.9619140625,13251496,-0.006409601152496558,-0.006430230845278616,7751620464.3515625
2019-11-11,583.5409892410081,590.9717903446365,582.5859076278816,589.2247314453125,14286610,0.007287341757359345,0.00726091738040063,8418023940.513916
2019-11-13,587.9201981344958,591.6705737319026,584.0300919568745,585.870361328125,9293496,-0.005692853572115908,-0.005709119625896831,5444783859.521484
2019-11-14,588.7821483737378,594.9317727677324,585.7072793063352,593.487548828125,11055218,0.013001489754034257,0.012917695901234202,6561134232.580566
2019-11-15,598.1231128086491,598.6588889471586,592.1831121595625,595.3511352539062,9279012,0.003140059853759425,0.0031351401618777554,5524270328.234619
2019-11-18,594.9317764762619,596.0731655153878,586.4061065006013,587.9668579101562,9130292,-0.012403230474400173,-0.012480792551699574,5368309099.042236
2019-11-19,589.4809739253167,594.0000100773509,587.5242338875246,592.5557861328125,10570578,0.007804739605505873,0.007774440176010703,6263657156.668213
2019-11-20,593.0682757816081,597.7037827616671,590.2729814731323,593.2313232421875,11054258,0.0011400396809619906,0.0011393903292025638,6557732100.800537
2019-11-21,591.7872097827845,599.5907411851555,590.9020217123125,597.8902587890625,12019526,0.00785348878985781,0.007822810662311101,7186357510.661865
2019-11-22,598.0299196719865,598.0299196719865,587.9435549191417,589.2247314453125,7688010,-0.014493508158672341,-0.014599565053039772,4529965627.598877
2019-11-25,588.945184845304,596.0964675524503,588.945184845304,592.1830444335938,7893556,0.005020687066248586,0.005008125444709438,4674430023.487061
2019-11-26,595.6072699295346,596.2129397350556,590.2496228836637,594.0233154296875,8716002,0.0031076050106331188,0.0031027863865213806,5177508405.331787
2019-11-27,594.4659163251183,599.0082695258785,592.2296581550427,595.5840454101562,9580666,0.0026273884205030296,0.0026239428694280445,5706091814.00354
2019-11-28,596.422558512575,597.7503686992535,587.9435225363611,589.48095703125,12366040,-0.010247232822872654,-0.010300097165375135,7289545093.886719
2019-11-29,590.5990375033225,596.2828363451898,583.2847072926231,593.9766845703125,15567626,0.007626586551165104,0.007597651165645857,9246806878.110596
2019-12-02,593.5108254980174,593.5108254980174,586.359542456636,589.6906127929688,8946204,-0.00721589228783337,-0.007242052761998422,5275492518.930908
2019-12-03,590.8320349922401,591.2047636591806,584.1233739505915,584.8687744140625,6991906,-0.008176895263888317,-0.008210509437090799,4089347493.03833
2019-12-04,583.5176927584945,585.5675866460592,574.9920222837997,583.1217041015625,11395614,-0.00298711504003657,-0.002991585372652515,6645029854.963623
2019-12-05,584.9618630167804,586.4294037826509,578.0435215438523,580.3030395507812,12772494,-0.004833750023289007,-0.004845470377026035,7411917090.844116
2019-12-06,581.8637697393675,587.0117927333266,576.8555342061269,580.5127563476562,13774650,0.0003613918635292368,0.00036132657721854496,7996360039.224243
2019-12-09,582.1200337823306,582.2830812412412,576.5527620897583,579.0684814453125,8265350,-0.002487929656241339,-0.002491029696083364,4786203673.114014
2019-12-10,582.8188186407375,584.0534182397568,580.0701014073599,582.1199951171875,9788900,0.005269693947525189,0.005255857697623587,5698314420.202637
2019-12-11,582.3995597302257,584.2165124108483,578.8588649684841,581.7706298828125,11054642,-0.0006001601685313718,-0.0006003403367354439,6431266039.468994
2019-12-12,583.7506229827026,591.4143653966029,583.7506229827026,588.68896484375,12913148,0.011891860134519039,0.011821707581010497,7601827728.994141
2019-12-13,589.3412571103048,592.7654814988791,586.6624332143489,588.8054809570312,11775186,0.00019792474505142543,0.00019790516053320482,6933294056.088501
2019-12-16,591.3212335892924,591.6706453877498,581.5143863644261,585.7772216796875,11327576,-0.005143055517115247,-0.005156326549133071,6635435997.645508
2019-12-17,587.0117617163637,593.9068432529398,584.8453974121392,592.1830444335938,12427354,0.010935595507687745,0.01087623425811354,7359268325.973999
2019-12-18,597.727080066924,605.1811979789044,593.3710912861918,602.0830688476562,17447172,0.016717845110765683,0.016579640137434955,10504646860.4729
2019-12-19,607.9764705882353,608.2094117647059,599.1712827435662,600.42919921875,13018376,-0.0027469127010524286,-0.0027506923889813045,7816613076.808594
2019-12-20,600.4058772146014,605.4606893266727,596.3527235268623,604.109619140625,15026044,0.006129648469234583,0.0061109385917770065,9077377718.030273
2019-12-23,605.1812472297753,607.5106592668415,600.4292694223249,606.7652587890625,10195782,0.004395956568636228,0.004386322574985993,6186446303.786865
2019-12-24,604.9948509255141,606.1595568825055,599.5673097918527,600.59228515625,7179208,-0.010173577909078135,-0.010225682447107923,4311776938.332031
2019-12-26,600.848484870266,601.8501433649025,589.1781653320924,591.8802490234375,14949758,-0.014505740996233363,-0.014611977871813113,8848466487.880127
2019-12-27,592.6024747242647,595.8636518650429,591.6707098268995,594.0001220703125,7092992,0.003581591124847794,0.00357519250097333,4213238113.84375
2019-12-30,597.2612219903074,600.4059281123311,593.5574797503094,597.3311157226562,9334190,0.005607732269033772,0.005592067473799586,5575602127.067261
2019-12-31,597.2378555525037,597.2378555525037,591.0416544226701,592.64892578125,8357056,-0.007838516725755529,-0.00786939938668142,4952800261.09375
2020-01-01,594.5125400530261,596.3294928506378,591.9501867634335,595.67724609375,3673698,0.005109804777774674,0.005096794028113416,2188338307.620117
2020-01-02,595.8635328376968,600.0564740382747,595.8635328376968,599.47412109375,6137166,0.0063740473971409806,0.0063538190690748415,3679072193.8564453
2020-01-03,597.3543747616177,598.658868195343,588.6889737244671,590.9252319335938,10855550,-0.014260647556492811,-0.01436330776028474,6414818401.516724
2020-01-06,587.0117388963179,587.8503498429019,575.8305629173403,578.1366577148438,10890186,-0.02164161137087328,-0.02187922553289131,6296015735.932983
2020-01-07,586.4993434976219,592.3461332836704,583.4012142757196,587.2913208007812,14724494,0.015834773602010355,0.01571071152403727,8647567529.383179
2020-01-08,580.9320389239922,588.0134855627122,577.7174958437635,585.7539672851562,11332110,-0.0026177017455814022,-0.002621133917706197,6637828390.211792
2020-01-09,589.3412173369028,594.3727698457291,588.4560294308527,592.3228759765625,9546316,0.011214450192888581,0.011152034451636601,5654501348.101074
2020-01-10,598.2395269513544,599.5440203071881,594.0465857124096,597.5872802734375,9214580,0.008887727471601714,0.008848464091784183,5506515801.062012
2020-01-13,597.5872603397278,604.016459439813,594.4658713807955,599.1246948242188,7451568,0.0025727029365112397,0.002569399201450911,4464418403.961914
2020-01-14,600.5224298874322,602.1763352004535,595.1647821421215,600.75537109375,7886290,0.002721764406672822,0.002718067113185213,4737731075.50293
2020-01-15,599.3111067361606,600.0331903050004,593.5807306974551,598.3094482421875,11787448,-0.0040714123739075125,-0.004079723138637092,7052541509.063477
2020-01-16,597.2845027735764,601.4541271501188,596.0265862785172,599.8934326171875,7150400,0.002647433330116522,0.0026439350514439347,4289478000.5859375
2020-01-17,597.1447555680879,598.612296476041,592.555825383874,595.4675903320312,16918814,-0.007377714181412864,-0.007405064117723993,10074605403.855835
2020-01-20,607.9066050842921,607.9066050842921,583.5176741496056,584.6358032226562,22178450,-0.018190389007292973,-0.018357868250764294,12966315929.98352
2020-01-21,582.3529498323231,582.3529498323231,576.9487258319602,579.720703125,14984804,-0.008407114430151186,-0.008442653544450998,8687001111.070312
2020-01-22,581.4444134580651,584.6822726180302,575.0851088399729,578.0900268554688,18368310,-0.0028128653345327326,-0.0028168288745756276,10618536821.189575
2020-01-23,577.6940953308509,580.8853779511385,573.5011543163528,579.95361328125,11508920,0.0032236958591349563,0.0032185108918222445,6674639738.964844
2020-01-24,580.4894104706909,584.216469285912,577.2748108684818,579.8139038085938,11831756,-0.00024089766742863006,-0.0002409266879324577,6860216635.270752
2020-01-27,575.364755003102,575.364755003102,564.5329893724769,565.20849609375,18888552,-0.025189819731651797,-0.02551251384250357,10675970069.308594
2020-01-28,567.8174725762849,572.0104140338276,565.2318025959702,569.8673095703125,13412158,0.008242645870966792,0.00820886079082604,7643150394.991943
2020-01-29,570.8457170791959,578.6259302694377,569.4247530368923,575.7607421875,13788350,0.010341762930095477,0.010288652754567296,7938790629.541016
2020-01-30,577.2049667543175,577.2049667543175,567.0720247294748,571.1951293945312,12111984,-0.007929704925039749,-0.007961312237129044,6918306268.104492
2020-01-31,573.7108332296785,576.6692318345022,568.492973329783,571.3115844726562,11178268,0.00020387967636992244,0.00020385889573315576,6386274002.73999
2020-02-03,557.6612733177518,558.1038388817431,548.6697195962923,555.70458984375,13077010,-0.027317833303366568,-0.027697903091367486,7266954478.432617
2020-02-04,558.1270571447459,574.8988218001807,558.1270571447459,572.942138671875,20897704,0.031019266608850238,0.03054789216269097,11973175223.091797
2020-02-05,575.3181207568854,581.4211681186657,571.7774262994742,579.8604736328125,18020682,0.012075102342750998,0.012002779912851667,10449481199.706299
2020-02-06,579.8604701400541,581.7472595087551,576.3896125591639,577.6009521484375,11827550,-0.003896664089240609,-0.0039042758648756425,6831604141.583252
2020-02-07,580.4893697016795,580.9552520208622,573.7806529313682,578.718994140625,6815448,0.001935665078163229,0.0019337940925278018,3944229211.1777344
2020-02-10,579.0685272833393,579.0685272833393,571.1951599347981,577.833984375,9219834,-0.0015292564691766763,-0.001530426975339217,5327533415.496094
2020-02-11,579.2316104494273,584.6824117792048,576.7857278503509,577.9736938476562,11613520,0.00024178133587504647,0.00024175211147837192,6712309052.973633
2020-02-12,580.1167700415353,583.704098818843,579.5810507517203,581.8871459960938,6297930,0.006770986621181807,0.0067481664434341695,3664684513.3831787
2020-02-13,586.9651981930836,586.9651981930836,574.7124693465487,578.3463745117188,9112140,-0.0060849797228529345,-0.0061035686591968865,5269973133.043213
2020-02-14,579.184890608295,581.6075128494658,566.0470316345669,568.0736083984375,14688858,-0.017762307444140646,-0.0179219504710268,8344352567.312256
2020-02-17,570.7059325077503,574.4329916588214,565.7908505041116,567.0487670898438,10152690,-0.0018040642857587441,-0.0018056935695823716,5757070347.145386
2020-02-18,566.9322324078242,567.6776327796997,560.6893976613612,565.2317504882812,10529116,-0.003204339215633345,-0.003209484104122905,5951390667.77417
2020-02-19,569.5412105193737,573.0353283753209,565.5346334186361,571.7308349609375,10012268,0.011498088115258875,0.011432487475838093,5724322343.492676
2020-02-20,573.0353459305833,573.0353459305833,565.6278044749597,567.0254516601562,11123414,-0.008230067390195495,-0.00826412136788388,6307258847.352905
2020-02-24,563.2283925950992,565.930532725277,559.0587686934203,563.6942749023438,16568084,-0.005874827572659003,-0.0058921522585145564,9339334096.901123
2020-02-25,560.9224115714882,563.2518235796754,558.1271171616635,559.1986694335938,13886680,-0.007975254794859943,-0.008007227245133667,7765412978.850098
2020-02-26,557.8941175036563,561.2484476958087,552.3734229968032,558.7094116210938,13814786,-0.0008749266392131805,-0.0008753096109229113,7718450957.731323
2020-02-27,556.7294584085682,560.2235763483709,550.2071049209364,558.8026123046875,20655098,0.0001668142359072533,0.00016680032395972175,11542122719.809326
2020-02-28,547.6447647991787,552.0706476282661,545.1289884485627,548.6464233398438,24313056,-0.01817491318259279,-0.01834210582334563,13339271214.861328
2020-03-02,559.152098823767,559.5947212775395,543.2888353793412,549.554931640625,14664898,0.0016559085453446976,0.0016545390404309114,8059167017.906738
2020-03-03,547.4118109684788,552.2336823548427,544.1506342222837,550.579833984375,22369550,0.00186496796724267,0.0018632310736485765,12316223125.305176
2020-03-04,548.9725352208427,549.7412525837075,527.8913558315098,535.22900390625,34288870,-0.027881206558249327,-0.028277266514348576,18352397735.1709
2020-03-05,537.162332950482,542.7529209777202,532.3870390105492,536.3936157226562,19549708,0.002175913128598328,0.0021735492580569654,10486338560.442139
2020-03-06,524.1177330438811,531.525275044984,512.936554738945,528.72998046875,23053566,-0.014287334951929687,-0.014390381607582796,12189111500.91504
2020-03-09,517.1294417088652,521.0428650742571,496.16473461255987,515.87158203125,34420590,-0.024319404823801127,-0.024620005170750147,17756604217.749023
2020-03-11,514.7999928761268,521.7882280735403,508.7435223717018,518.8997802734375,35538240,0.005870062138844556,0.005852900451451505,18440784927.304688
2020-03-12,500.8235532955608,503.1529651713541,467.4896750399993,475.8056640625,59000770,-0.08304901610910065,-0.0867012608359978,28072900550.04883
2020-03-13,456.5880002991171,503.82845444558325,428.239070125055,498.4009704589844,66342364,0.04748851916465702,0.046395412529420935,33065098600.14319
2020-03-16,482.18823767352427,483.1200023840045,463.55294346391946,465.6494140625,31986322,-0.06571326770556452,-0.0679718939750185,14894412097.314453
2020-03-17,469.60943232608736,470.5411970727661,444.7779075141395,454.2818908691406,42676838,-0.024412192628322726,-0.024715110287473585,19387314662.955994
2020-03-18,458.8941293424644,462.62118826098185,402.9882455647022,408.5322570800781,61181406,-0.10070758863298168,-0.10614703447487725,24994577884.512634
2020-03-19,394.60236407895457,428.58848837232307,370.37648104223007,417.220947265625,67220048,0.021268063989972275,0.021045055153118594,28045612101.80078
2020-03-20,407.6470948343316,426.0960262664663,384.1433223651283,411.30426025390625,88637464,-0.014181183975769729,-0.014282697832526059,36456966561.302246
2020-03-23,370.19008963394305,390.7588059658692,356.39998398079274,359.4515075683594,50276954,-0.12606908728233723,-0.1347539536847943,18072126911.245056
2020-03-24,370.4929830540586,377.3647485366708,344.1706271376118,357.6579284667969,61057272,-0.00498976652983274,-0.0050022569817929855,21837617421.35376
2020-03-25,358.9390995737512,404.12969222351546,351.8576814302523,399.1447448730469,47228042,0.11599579683329009,0.10974709767361285,18850824774.943542
2020-03-26,405.3642854901964,436.85795439366626,391.8071183345117,419.806640625,57043156,0.051765420984121624,0.0504701055955242,23947095691.007812
2020-03-27,440.2355771858335,460.59464364275357,406.2960274682874,421.3673400878906,55235936,0.003717662637654051,0.0037107692095877847,23274619429.58496
2020-03-30,409.9765135933028,413.2376904059768,385.7506286991531,387.45111083984375,39268444,-0.08049088294544249,-0.08391531975629421,15214602248.752197
2020-03-31,397.7704027365041,406.99486892435885,390.40946622034545,401.5440673828125,35211092,0.036373509195574805,0.03572760897348592,14138805098.67041
2020-04-01,402.4525036251976,402.4525036251976,382.0235715684545,386.51934814453125,29103504,-0.03741736077987534,-0.038135357575865086,11249067394.801758
2020-04-03,392.738838181873,393.2047205521955,377.36471996123026,379.1583557128906,34996280,-0.0190443051996666,-0.019227983739079055,13269131980.86792
2020-04-07,407.18121379932654,422.6950918874773,393.8336717898319,417.4772033691406,60412638,0.10106291231325559,0.09627599717368165,25220899160.392273
2020-04-08,409.9531805227179,440.2588217736408,403.5006928990941,414.1228332519531,56219352,-0.008034858167384806,-0.00806731159630119,23281717333.828857
2020-04-09,425.350600708537,433.68990644481187,414.6353062766681,430.9644775390625,44457146,0.040668233999217485,0.039863039509086956,19159450698.767822
2020-04-13,435.1341424408637,441.0508543473895,412.8649703884256,417.1277770996094,34158056,-0.03210635948109897,-0.03263307323931772,14248273969.323975
2020-04-15,433.50352770906346,433.50352770906346,392.7388219868248,402.19622802734375,57978752,-0.03579610347718465,-0.03645249582108801,23318835360.132812
2020-04-16,402.98825089719423,414.9614335184059,398.9117801511244,409.8600158691406,53854396,0.019054847628446225,0.01887557774639114,22072763599.182983
2020-04-17,426.28236521123443,428.6117770429898,413.3541295449921,424.09271240234375,55883462,0.03472575021259772,0.034136415965082566,23699768978.013306
2020-04-20,443.0540914840693,447.6896263091394,435.599974277187,440.18890380859375,66232986,0.037954416417746106,0.03725186896028593,29155025503.309937
2020-04-21,430.9412489700545,435.1341908519253,423.0212476376319,429.38055419921875,33178006,-0.024553889286756725,-0.024860363178640352,14245990603.505005
2020-04-22,428.215811830853,434.6682715837105,422.69508842646445,432.6183776855469,38289354,0.007540684958047494,0.0075123961157210865,16564678210.107605
2020-04-23,435.60001961536125,446.5482554024853,425.14095463381267,444.8943786621094,40901222,0.02837605060200521,0.0279809081201515,18196723748.211
2020-04-24,434.66823486560065,446.50165799272145,431.40705839822743,437.02093505859375,33284568,-0.01769733217846614,-0.0178558024121641,14546053030.381348
2020-04-27,440.32874791616473,446.035807137072,431.5468478906257,433.130859375,27421072,-0.008901348588877478,-0.008941202269499493,11876912480.34375
2020-04-28,439.69977589963486,439.69977589963486,429.54354590264336,433.9228515625,29441436,0.0018285286544643675,0.001826858931059146,12775311863.214844
2020-04-29,435.5999879066559,462.4814046121069,435.1806824265689,455.213623046875,55877778,0.04906579915694609,0.04790005304941894,25436325771.188965
2020-04-30,466.5346418862624,474.73416066697814,462.2019128631203,466.7209777832031,43793134,0.025279020999648738,0.024964791155838374,20439174320.670837
2020-05-04,446.082371787157,447.2470777187162,427.4470768822105,430.0094299316406,26722324,-0.07865844819303447,-0.08192446260677752,11490851309.688599
2020-05-05,436.99768127347414,439.7929756099782,423.04449802338365,424.6285095214844,29672858,-0.012513493973868584,-0.012592447083888514,12599941465.782654
2020-05-06,428.1458838869384,442.5882368798602,421.92636582697077,440.91107177734375,33785846,0.038345428747137644,0.03762851237710699,14896553570.764282
2020-05-07,438.1624003972234,439.4668654397009,429.24074099804096,430.94122314453125,21831730,-0.02261192623860253,-0.022871496224418118,9408192429.561157
2020-05-08,438.86115426446247,439.76963049376985,431.0343368181237,432.8279724121094,20807484,0.004378205579430805,0.004368649120657107,9006061110.717407
2020-05-11,436.53177153843586,444.4517716623989,425.816477253074,426.6550598144531,28550784,-0.014261815296398694,-0.014364492394533804,12181336455.269531
2020-05-12,419.7600667389028,423.6734904998965,405.83017079712516,420.01629638671875,49568418,-0.015560025071826189,-0.015682352870217502,20819543346.108765
2020-05-13,443.0541229472311,447.2470641738611,429.5901114120828,432.17578125,44346966,0.02895003114851935,0.028538895078561253,19165684677.117188
2020-05-14,418.36232761597995,424.41879783759214,414.6352690180648,416.3590393066406,39554890,-0.0365979368339705,-0.037284443241673355,16469036000.279846
2020-05-15,414.8682496933295,415.75343756872167,407.6470729721093,413.7734375,24349628,-0.006210029235696246,-0.006229391669725998,10075229279.40625
2020-05-18,413.70353482290284,413.70353482290284,387.2879993785892,389.7804870605469,46649964,-0.05798571939372765,-0.05973484464141379,18183245689.276978
2020-05-19,401.05482368992244,404.0597706398577,384.8654114595988,386.9851989746094,47460692,-0.0071714418210557795,-0.007197280216427389,18366585337.09265
2020-05-20,389.68731585210406,402.5223695171436,387.70731577056716,399.3077697753906,40014306,0.03184248605226303,0.03134602561593981,15978023287.970032
2020-05-21,401.3343761156615,411.8400179452096,397.07154102642323,400.4491882324219,48478908,0.0028584929806731996,0.0028544152585247744,19413339354.994263
2020-05-22,396.00001979086005,405.45742634117755,388.10330782681336,390.805419921875,42047432,-0.024082376975501862,-0.0243770987699816,16432364319.396484
2020-05-26,399.26121170104915,406.1329770132901,395.41768195013475,397.1181640625,38005152,0.016153164257258767,0.01602409001602724,15092536187.15625
2020-05-27,400.6122745466723,423.8597885151024,399.33109798692743,420.99462890625,56025754,0.060124333270215935,0.05838619678333161,23586541514.42285
2020-05-28,428.6118051710031,442.58827707875315,425.7932223566478,440.3753356933594,75488806,0.0460355203045244,0.045007323292286405,33243408283.34088
2020-05-29,439.7929829165703,444.9176892853015,430.21910534202704,443.35699462890625,53025166,0.006770721913506694,0.00674790351600238,23509078237.458862
2020-06-01,454.2353300570312,463.5529778530729,450.08896541371087,460.1287536621094,39190230,0.03782901642781389,0.03713104711721643,18032551685.63141
2020-06-02,459.6861241126822,468.2117654989054,454.3284770447843,466.3482360839844,41623594,0.01351683060963893,0.013426293194961943,19411089641.375916
2020-06-03,475.2000555988628,487.4294687944218,473.080296332007,476.248291015625,50546088,0.02122888898384878,0.021006695236770852,24072488027.52539
2020-06-04,478.9504576381199,484.0285306577172,461.73606762930575,466.6744384765625,54275882,-0.020102649646565163,-0.020307457340922982,25329166755.170166
2020-06-05,467.32661338612775,485.63581403587267,467.1868543563627,481.4195556640625,35195984,0.031596153489003465,0.031107266333536797,16944034978.439453
2020-06-08,493.83531839274775,496.93344756617995,468.8640344216865,473.2899169921875,49812664,-0.016886806063914683,-0.01703101395261124,23575831609.719727
2020-06-09,475.2000272256489,478.3447332881716,456.35507928245374,459.9656677246094,61844146,-0.028152404666161646,-0.02855628173934176,28446183909.74823
2020-06-10,461.22354768815916,465.8124776723893,455.7261413926541,462.0854187011719,36497730,0.004608498253899418,0.004597911638958398,16865068848.692322
2020-06-11,458.8941134848126,460.47812484452623,449.5764665105017,451.2536315917969,30897714,-0.023441092644344796,-0.023720205491892164,13942705650.384705
2020-06-12,432.3388848257441,459.6629000737812,432.3388848257441,457.845947265625,42644876,0.014608892233340498,0.0145032103869731,19524783648.245117
2020-06-15,450.9740860340944,453.7693799557933,439.3270280270155,442.518310546875,32009936,-0.03347771627179541,-0.03405092449172299,14164982799.433594
2020-06-16,454.2353422572186,463.0638194681307,443.5200470039714,461.4099426269531,45399970,0.04269118730190247,0.041805050971711576,20947997552.965393
2020-06-17,460.7576545284876,465.3699012714585,453.4200073507084,456.2153015136719,36957838,-0.011258190674666713,-0.011322043802768628,16860731206.46344
2020-06-18,456.56477963642925,477.48291203671164,452.83772021082575,475.1767883300781,40870126,0.04156258405514701,0.040722070220929746,19420535211.325623
2020-06-19,474.2449839291457,485.9153320954028,471.5428717579379,481.4195556640625,47877752,0.013137778374914921,0.01305222625976387,23049286094.03418
2020-06-22,484.2614695502805,487.2897053480003,476.9704265753561,479.27655029296875,29694474,-0.004451429830551246,-0.0044613669448627345,14231865061.484253
2020-06-23,484.051768356397,486.847062495125,473.5927037669493,485.5892028808594,28830512,0.01317121103469776,0.01308522483990205,13999785340.72705
2020-06-24,488.47767768471925,492.6706191240731,479.88217048220713,481.0235595703125,39429246,-0.009402275181285447,-0.009446755601569518,18966396262.093506
2020-06-25,476.0852670186852,488.71066950894215,469.1436074313677,479.27655029296875,70646790,-0.003631858029790269,-0.0036384692383325296,33859349800.4718
2020-06-26,484.983536770383,495.2329486906024,478.92706609025333,492.181396484375,39969138,0.026925678261366714,0.026569560519922944,19672066157.1167
2020-06-29,483.12004435733536,504.36427022789616,483.12004435733536,501.3127746582031,46005956,0.018552871439377894,0.018382866421707757,23063373453.163208
2020-06-30,500.3576213003967,502.4774086453141,492.11152682600886,496.5606689453125,35746130,-0.009479322995769701,-0.009524537741649792,17750122225.006104
2020-07-01,496.56075582901394,510.6071218788699,494.4410249836067,505.2960510253906,34846718,0.0175917720157579,0.017438827894692848,17607908996.595398
2020-07-02,507.951562580408,517.7117753265919,505.57551703534057,507.5322570800781,36954496,0.004425536376446271,0.004415772486703947,18755598764.13672
2020-07-03,509.2094635782726,510.51395704740577,498.49416837031265,500.3343811035156,27597254,-0.014182105425127323,-0.014283632537538032,13807855000.246521
2020-07-06,516.1743812598592,521.7417100505432,512.4706389357151,513.8682861328125,35558216,0.027049720227994456,0.026690342849516345,18272239513.86035
2020-07-07,516.8499342372218,517.9214296107266,509.2327685436883,514.8699340820312,24349850,0.001949230914320088,0.001947333628839689,12537005664.407349
2020-07-08,515.7318467473623,524.0711535656887,514.8000818932569,517.2925415039062,30056350,0.004705280424257552,0.0046942451946827305,15547925679.830933
2020-07-09,520.8565005604632,526.3073016553748,515.8482649781512,524.0943603515625,20114484,0.013148882502503456,0.013063186335456061,10541887625.781738
2020-07-10,520.8099977443155,521.7883395068076,512.2610662345148,514.8466796875,17562978,-0.017645068071061032,-0.017802598121071263,9042240908.72461
2020-07-13,517.0828636027278,518.5270876029222,499.0998151551805,503.2694396972656,29922114,-0.022486772173147762,-0.02274345491049186,15058885547.337708
2020-07-14,495.0465888952955,497.98167053833555,489.1764824796212,493.2995300292969,26612674,-0.019810282289276282,-0.020009136552810333,13128019577.022888
2020-07-15,498.58727246401384,502.68705992705804,489.2230485234201,490.6440124511719,20974394,-0.0053831747578744205,-0.005397716252861934,10290960830.891785
2020-07-16,490.87701165037896,496.3977068233229,481.76898780564386,495.02337646484375,23662456,0.008925746371169163,0.00888614735643158,11713468864.5708
2020-07-17,493.39269512296215,514.3340827173234,493.0432833819857,511.7484130859375,28405738,0.033786357203035244,0.03322813694580516,14536591344.034912
2020-07-20,528.7764898653795,537.1157956611263,523.7216775257698,527.8680419921875,65124096,0.031499128270951804,0.031013208420670627,34376929042.03125
2020-07-21,536.7198322110544,539.4684928262943,528.310632291062,530.430419921875,47512422,0.004854201667555014,0.004842458019331303,25202033952.965332
2020-07-22,530.407125742883,533.2024202132012,520.6469119655198,524.7466430664062,24718012,-0.010715405153999047,-0.010773228546160472,12970693820.275146
2020-07-23,524.1177075165571,532.9228963769175,520.041236458095,526.6334838867188,20149122,0.003595717753021921,0.0035892686148391827,10611202316.11853
2020-07-24,523.1393945453956,523.1393945453956,513.053028513143,521.3690185546875,19598440,-0.009996450079812313,-0.010046750081962968,10218019428.00293
2020-07-27,512.4007081891367,513.8682490141649,500.9865902373261,502.9200134277344,37970094,-0.03538569510343459,-0.036026941583118186,19095920184.332336
2020-07-28,502.68708705854755,509.8616870709068,493.6023806659232,506.2510986328125,35596450,0.006623489056191145,0.006601650132759482,18020741919.92798
2020-07-29,503.6188143424709,507.1129319257905,491.7621314245676,495.97833251953125,33592086,-0.020291839644445253,-0.020500547222977304,16660946800.13269
2020-07-30,500.3576507289189,504.8534268418584,487.6390396521727,489.47930908203125,26956266,-0.013103442250159358,-0.01319004975246065,13194534457.11145
2020-07-31,492.76378674190425,492.76378674190425,475.2233316206492,481.1633605957031,37726696,-0.016989376940005574,-0.01713535211819092,18152703831.53247
2020-08-03,477.9720082782848,478.4378906614677,462.62120650057307,466.81414794921875,31783542,-0.029821914596155796,-0.0302756311360382,14837007077.538208
2020-08-04,469.60942399431303,494.3245062096364,467.28001216894444,485.286376953125,60306168,0.0395708422400165,0.03880797629685034,29265761776.646484
2020-08-05,488.2214234354095,491.8786456601499,475.2000335008773,478.71746826171875,33221360,-0.013536148969705675,-0.013628597849965866,15903645351.411133
2020-08-06,483.120008013687,491.5058905057279,478.11177263649597,484.84375,33646888,0.01279728053485596,0.0127160873082535,16313483353.75
2020-08-07,482.1183684045793,487.8720044096025,475.4795445056124,486.3113098144531,24836784,0.0030268716766033155,0.0030222999236131686,12078408958.618652
2020-08-10,486.381180038167,495.69882716533493,486.2880263150572,489.47930908203125,22172854,0.006514344214587187,0.006493217575477927,10853153256.296753
2020-08-11,488.47766477546287,498.96001809682474,488.47766477546287,496.9334411621094,20136148,0.015228696988351942,0.015113904343539313,10006325317.389526
2020-08-12,496.16472133952584,496.63060370698076,488.2447210927916,495.5590515136719,20666432,-0.002765741917515996,-0.0027695736483763353,10241437440.091797
2020-08-13,497.53906894928076,499.1230804280221,492.2047384038107,493.39276123046875,19892740,-0.004371406952584644,-0.0043809894882627385,9814933917.039795
2020-08-14,496.5840418576167,496.5840418576167,478.6009933042525,481.9320068359375,20924512,-0.023228460762069858,-0.023502493344430768,10084192060.222656
2020-08-17,487.77886931863316,487.77886931863316,475.2932267747865,481.1400451660156,19561012,-0.0016433058163565217,-0.0016446575244089953,9411586197.172974
2020-08-18,478.92709438686853,494.60404810153204,476.13180006165334,492.2047424316406,24040824,0.0229968329944501,0.022736391162595862,11833007584.764404
2020-08-19,496.16466436900714,498.40092222418224,492.0881941218439,496.9100646972656,17715624,0.009559684944072888,0.009514280296022899,8803071867.992432
2020-08-20,491.4825081904405,498.0048603712457,490.10817815764426,493.3693542480469,19216734,-0.0071254552901356405,-0.007150962586302867,9480947644.336487
2020-08-21,496.35112903731255,507.2527887625489,495.9784003626129,505.7852478027344,28924302,0.025165514330760974,0.024854076950164512,14629485254.591125
2020-08-24,505.9482696406922,523.1626010023112,505.78522218017514,520.4139404296875,36779740,0.028922734877112388,0.028512366449717712,19140689421.379395
2020-08-25,521.3224036045685,525.0494627903026,515.3590861592298,521.6484985351562,27601738,0.002372261789239216,0.0023694524184056987,14398405184.660767
2020-08-26,522.2541850107756,527.2624209508879,516.8965372608881,521.066162109375,25190062,-0.001116338736556366,-0.001116962306763984,13125688929.637207
2020-08-27,524.490410871614,526.40051727272,515.3823875124955,518.1077880859375,20645996,-0.0056775400871579285,-0.005693718582978175,10696851320.391113
2020-08-28,518.037929240579,524.1177175118818,510.1412450448982,519.2259521484375,38696610,0.002158168798486626,0.002155843297486655,20092284172.166748
2020-08-31,526.2141026740603,535.2056545781394,512.7966685429749,519.8547973632812,38501166,0.0012111205386435842,0.0012103877237890912,20015015849.180054
2020-09-01,525.5152428162821,532.7829954385977,516.1975966670573,525.1891479492188,28877884,0.010261231815102079,0.01020894277171023,15166351292.536377
2020-09-02,523.6983526695798,530.6400112496484,522.1143412619176,528.3804931640625,19761682,0.006076563514888722,0.006058175655213132,10441687280.911377
2020-09-03,529.8247357769847,533.8778897281048,525.5153237691262,526.8663940429688,19833362,-0.00286554696981145,-0.0028696605097702724,10449531918.688843
2020-09-04,517.1294294246478,524.304029279035,514.5204995331633,521.462158203125,23661370,-0.010257317416610623,-0.010310286220105496,12338509066.242676
2020-09-07,520.0644448306956,521.5552454729007,512.0046581283768,517.3623046875,17615466,-0.007862226340167089,-0.007893296603121769,9113578087.904297
2020-09-08,518.9928922803101,521.2291501119038,513.8681868807739,518.270751953125,14624918,0.0017559208651154457,0.0017543810383522864,7579667249.112793
2020-09-09,512.9364669110968,517.129408057509,508.3941140024835,510.8399963378906,15728872,-0.014337593983899888,-0.014441370415059152,8034936914.87915
2020-09-10,513.8682979701998,514.7301690541818,505.0165321846751,508.0680847167969,15188088,-0.005426183621026204,-0.005440958828267813,7716582780.670166
2020-09-11,510.81675123480613,514.7301748953192,498.960066519916,502.5240783691406,20794730,-0.010911935849594934,-0.010971907693234877,10449852528.18512
2020-09-14,506.8800061291888,509.6753002806365,490.2712886719225,492.8802185058594,21650590,-0.019190841351480747,-0.019377375906880476,10671147529.980774
2020-09-15,497.562405810296,501.3593587642975,492.95015865201736,498.72711181640625,16505110,0.011862706375742604,0.011792896025240942,8231545840.512085
2020-09-16,498.5873221720915,510.6071108508691,497.7254511054125,509.5122985839844,18710112,0.02162542703623549,0.021394914851118666,9533032171.88379
2020-09-17,505.0164424298662,509.6752656995144,502.2211484680772,504.830078125,18318686,-0.009189612246842782,-0.009232097214021864,9247823684.527344
2020-09-18,508.7435176198957,508.83667134016304,487.87196594373876,492.5774230957031,23481778,-0.024270849856658172,-0.02457024118113245,11566593696.945374
2020-09-21,491.5059096430773,499.12307516251644,485.21649752916113,488.85040283203125,19842878,-0.007566364370191092,-0.007595134520585513,9700198903.64685
2020-09-22,491.0633827284265,492.97348925759263,479.6259466815421,482.3746643066406,18620678,-0.013246871615273492,-0.013335394051780088,8982143299.412048
2020-09-23,487.3130022104955,491.50594391211547,481.8854607448718,487.8953552246094,16079828,0.011444819403821915,0.011379822903594083,7845273394.01062
2020-09-24,483.5859218482279,487.7788633671432,477.5294507653503,480.04522705078125,19809510,-0.01608977845303361,-0.016220624357625398,9509460725.714722
2020-09-25,489.1765199858567,490.08496791766635,477.83229492026675,486.3812255859375,20321544,0.013198753321811418,0.013112408708198381,9884017476.518555
2020-09-28,488.68729623355154,493.3694368669961,485.75227138293275,491.1331787109375,16152422,0.009770017580911672,0.00972259955893121,7932990360.7404785
2020-09-29,492.9035887555848,498.4476007971448,489.6424118923626,495.02337646484375,12644446,0.007920861229772314,0.007889655882302053,6259296352.447388
2020-09-30,493.83530138613077,506.36754823878437,490.1082425077449,502.5007019042969,18813842,0.015104994622378465,0.014992050121607543,9453968810.51654
2020-10-01,507.85832898017526,517.1293989480084,507.85832898017526,515.7084350585938,21203080,0.026284009364055283,0.025944520688804814,10934607205.222168
2020-10-05,518.0612545741451,527.3789030377089,517.5953721509669,519.1560668945312,16940126,0.006685234527036066,0.006662987442970294,8794569186.857788
2020-10-06,528.7997900186148,534.8329437703007,524.6766856787656,533.0159912109375,19371990,0.02669702850496014,0.026346881099211406,10325580451.57837
2020-10-07,533.3888138792839,542.6831457559576,529.9878493385703,541.4718627929688,21248778,0.015864198675954677,0.015739677502115596,11505615405.734253
2020-10-08,549.7412125869052,560.4565074085144,541.9842595267456,555.2386474609375,35060674,0.02542474616678736,0.025106913260178453,19467041210.828857
2020-10-09,559.5247153902895,576.2964803811725,555.1687266903496,574.689208984375,44972388,0.03503099363198747,0.03443137180712587,25845146085.8584
2020-10-12,573.7575196193371,578.975379998091,561.6678366449868,565.418212890625,19220546,-0.016132191015269415,-0.016263731417044,10867646770.10205
2020-10-13,565.3017686488506,569.5179706427515,556.7295203093352,558.3367919921875,18353952,-0.012524217892159295,-0.012603306955345553,10247686680.058594
2020-10-14,556.9857026863531,565.7209973196525,547.6447382103152,564.41650390625,22582918,0.010888968811046063,0.01083011087285765,12746171625.561523
2020-10-15,565.6743613618266,566.9788547701016,542.2870887036962,544.7329711914062,28246896,-0.03487412678158186,-0.035496747581212525,15387015585.014648
2020-10-16,549.7412895066959,560.6895270519564,546.4801123655544,558.756103515625,25822848,0.025743131159379207,0.02541735590962546,14428673930.15625
2020-10-19,575.3646842197186,575.3646842197186,555.6112618246535,560.7127075195312,42359556,0.0035017138812365456,0.003495597156371351,23751541334.085205
2020-10-20,562.5529329589159,571.824003021098,561.8075325791795,570.2166748046875,27411978,0.016949798279407124,0.016807753290929976,15630766944.979248
2020-10-21,573.3147964202468,582.8188075334824,569.1684322187897,580.8154907226562,35640752,0.018587348259500036,0.018416714676032175,20700700862.604492
2020-10-22,577.6707648290158,582.352904932836,569.7740821862868,574.5726928710938,21913060,-0.010748332217853096,-0.010806512812392066,12590645893.24585
2020-10-23,579.324698078978,581.6307929468126,573.5943224668267,575.7374267578125,15866230,0.0020271305983907695,0.0020250787416124924,9134782432.547607
2020-10-26,572.9421508966846,578.6258929585825,561.2018812651366,564.136962890625,19571976,-0.02014887920786035,-0.020354636417201824,11041275098.408203
2020-10-27,571.1716783208129,575.8305011456157,558.0570806949141,574.4794311523438,24317780,0.018333257598871278,0.018167229584452355,13970064421.287842
2020-10-28,572.1035581337169,573.9670876390384,559.7576751609615,563.5313110351562,16571186,-0.019057462327635943,-0.019241396389900356,9338382171.987427
2020-10-29,559.3383550737734,561.131990801828,549.0423661992309,553.0955200195312,23060024,-0.018518564649860125,-0.018692180013897934,12754395965.942871
2020-10-30,550.9293201814878,558.7328513066057,548.040814836806,551.3952026367188,11522716,-0.0030741839723317232,-0.003078918982564763,6353570323.745361
2020-11-02,556.4266208976022,570.7059275194147,548.5765140033558,566.16357421875,21926080,0.026783641771655375,0.02643123861764369,12413747821.40625
2020-11-03,571.3813571193683,582.7023204120117,570.938791656942,581.3978271484375,28164230,0.026907864835192363,0.026552214005903175,16374622125.308838
2020-11-04,583.2847607925775,589.2480782197708,573.0353480629954,585.800537109375,23404822,0.007572628853002916,0.00754410043203835,13710557298.549316
2020-11-05,589.8070508015264,594.4658742675733,583.4477453962918,591.2978515625,21433928,0.00938427690806054,0.009340518131477453,12673835576.945312
2020-11-06,589.9235782237172,610.3059328513875,589.5741664300999,609.2111206054688,35705724,0.030294831945749667,0.029845005888896915,21752324130.06958
2020-11-09,612.7284716515643,627.0543545612294,612.7284716515643,624.5386352539062,26288440,0.025159610732653936,0.02484831825557029,16418146440.5542
2020-11-10,632.2024367026047,649.9059684599363,629.6634002908364,649.2770385742188,41517356,0.03961068527050382,0.03884630198411238,26956265953.111572
2020-11-11,652.1887252116443,659.1303837292211,638.4917724940213,647.5531616210938,36116194,-0.002655071488298022,-0.002658602441943043,23387155610.420776
2020-11-12,641.7064672804189,646.9010677232948,633.6001016644528,639.0509033203125,27053948,-0.01312982285422959,-0.013216780980224701,17288849907.78076
2020-11-13,637.6998395348973,637.6998395348973,627.5435806631576,633.041015625,22472480,-0.00940439590036879,-0.009448896451785788,14226001562.8125
2020-11-14,637.2339485552204,640.564962109574,636.0226088586464,638.1190795898438,1835066,0.00802169818306342,0.007989695392757722,1170990626.9066162
2020-11-17,645.6198069538088,658.1054202674948,643.1971845231012,656.1719970703125,31059900,0.028290828558319214,0.027898034180187468,20380636611.8042
2020-11-18,653.6329454674019,661.087063163395,651.7927329093654,656.2884521484375,18862776,0.00017747645227927933,0.00017746070519685252,12379422064.262695
2020-11-19,647.4366831341912,651.9790360753676,637.3270588235295,640.285400390625,20266882,-0.02438417391838088,-0.02468639087606681,12976588656.03955
2020-11-20,639.4934377445903,656.1487322426384,635.9527431554501,653.935791015625,20405362,0.021319228295182402,0.021095152698926378,13343796540.430176
2020-11-23,659.223555202943,663.253449087629,640.7513078120443,649.7195434570312,25246636,-0.0064474947181671904,-0.00646836958768761,16403232815.74585
2020-11-24,655.9622982491371,673.1999438707409,653.1903212284175,670.0319213867188,40154400,0.0312633014263497,0.030784556936394602,26904729784.13086
2020-11-25,676.1351524430806,682.2382005322407,650.8377152785766,653.5398559570312,24152602,-0.0246138503305261,-0.024921835448712914,15784688032.067505
2020-11-26,659.2235212927192,667.1435211951758,646.1788155710258,664.6510620117188,27943126,0.017001573742456033,0.016858664501268918,18572428371.82727
2020-11-27,667.0504608872737,673.6659683958317,659.4798716850385,671.2666625976562,17994580,0.009953494343202918,0.009904284588305515,12079161661.446533
2020-12-01,671.2665228673526,675.0634751124932,664.1152406990055,667.7491455078125,17147574,-0.0052401188467064985,-0.005253896421299002,11450277886.031982
2020-12-02,666.6776377105354,667.0503663358236,649.8127195187099,655.47314453125,17892150,-0.018384150783490427,-0.018555239407198023,11727823822.924805
2020-12-03,665.7459513463101,667.1435985499762,640.1457361473225,641.6132202148438,37933222,-0.021144915595768476,-0.021371671510183845,24338456720.544556
2020-12-04,643.3835637642517,652.9108356424312,639.7962922032295,645.526611328125,26912322,0.006099299375363243,0.0060807739388868375,17372620023.631348
2020-12-07,640.5882443598133,642.8943392913466,632.7148211096007,639.3070678710938,24316318,-0.00963483665566467,-0.009681551999661852,15545593962.001099
2020-12-08,640.5882998585322,647.0174997252765,635.9993695936276,641.1939697265625,19457896,0.0029514797353205058,0.002947132670421984,12476285578.766602
2020-12-09,641.5200355541075,656.9174709203267,640.6115876636862,655.5896606445312,22069074,0.022451382261295727,0.022203059893668792,14468256734.399048
2020-12-10,651.3036101050279,653.1671397476747,640.9377264678056,645.6431274414062,19727966,-0.015171888454351579,-0.015288159083026635,12737225666.29773
2020-12-11,647.5998765273038,649.9059717433896,639.6565585689419,644.2222290039062,21356384,-0.0022007489541951974,-0.002203174161009122,13758257303.94336
2020-12-14,644.3153718471693,646.644783892893,637.3271357099983,639.2605590820312,17222050,-0.00770179869382448,-0.0077316107148231025,11009377311.538696
2020-12-15,643.2904248616038,649.8826151632962,636.3953427628618,648.1821899414062,21561436,0.013956172850998927,0.013859682194457133,13975738804.761475
2020-12-16,654.0989473068469,660.0622653011153,649.6730641163804,657.2203369140625,16832092,0.01394383726197912,0.01384751631945497,11062393175.208496
2020-12-17,660.9007233337297,673.2000293618969,654.3317932448334,671.709228515625,21924478,0.022045714028866126,0.021806220750693762,14726874202.987793
2020-12-18,668.5412627676069,670.7308873609111,655.1704602604195,657.5231323242188,22995918,-0.02111940046254146,-0.021345605546900088,15120348034.030884
2020-12-21,660.3883459292866,663.3466879919946,636.7214956867946,639.4935302734375,23761824,-0.0274204832718965,-0.027803441559019294,15195532715.496094
2020-12-22,645.1539833124564,645.1539833124564,626.611840669391,639.703125,22851558,0.00032775112904248616,0.0003276974303740709,14618213063.71875
2020-12-23,637.0941604754499,643.3602557955827,634.0892418451367,640.89111328125,15467394,0.0018570931340220476,0.001855370868509811,9912915360.219727
2020-12-24,647.2970056798262,654.0988772169751,641.5200526551101,650.88427734375,14952188,0.015592608253431228,0.0154722926153534,9732144081.08789
2020-12-28,654.5648191340174,662.018938070775,654.0989367004701,658.2219848632812,11699194,0.011273444105112329,0.011210372414901353,7700666695.980591
2020-12-29,662.0420957813117,668.4246608383336,661.552896595528,664.9072265625,14495346,0.010156515359491358,0.010105284549690627,9638060306.923828
2020-12-30,670.8240055999206,670.8240055999206,658.2917590395942,667.37646484375,16216726,0.0037136583610555274,0.003706779756442721,10822661269.219727
2020-12-31,668.5411197951415,672.7340606161564,663.9056135245128,669.1467895507812,22145750,0.0026526627777407885,0.0026491506774087748,14818757514.694214
2021-01-01,670.8706194358238,672.2682665596484,661.8324899943431,663.9057006835938,8810938,-0.00783249497573768,-0.007863330080580086,5849631966.569702
2021-01-04,669.9388655323093,669.9388655323093,651.7694526284428,659.689453125,15740192,-0.006350672323271911,-0.0063709236278801495,10383638652.5625
2021-01-05,661.1801988316666,666.5611626446863,656.4282216783945,664.67431640625,14386824,0.007556378622753934,0.007527972203831571,9562552407.457031
2021-01-06,668.54124305908,670.8706550558015,658.3384071393576,661.8092651367188,22134050,-0.004310458819925422,-0.0043197756303355135,14648519364.99939
2021-01-07,667.3766202059659,667.4231970776211,658.0822879292748,659.8060302734375,19894842,-0.0030269066463846084,-0.0030314969936830445,13126736722.937256
2021-01-08,667.1435161962187,671.8023396333432,662.9971519630973,666.98046875,13768764,0.010873556996120914,0.010814864952796594,9183496666.828125
2021-01-11,675.5293883793129,682.4710465719119,669.1468231131314,676.2048950195312,17331392,0.013830129519113,0.013735366006009726,11719572107.902344
2021-01-12,676.6708371189097,693.0931909419772,675.1101425268274,689.9718017578125,20388156,0.020359075835858276,0.020154600479545183,14067252729.839355
2021-01-13,695.5157848270568,697.3793142622579,681.1665854278453,685.14990234375,16934650,-0.006988545621397835,-0.007013079879020017,11602773793.725586
2021-01-14,685.3828384996627,693.2329448138298,678.3247094414894,684.2647094726562,12297166,-0.0012919696376890721,-0.0012928049500043743,8414516720.327026
2021-01-15,684.4278271278918,685.615850004148,673.2000725854961,683.2864379882812,14165236,-0.001429668183719368,-0.001430691134380061,9678913649.70337
2021-01-18,684.8005097174363,700.1513111208578,683.4494394650668,690.9501342773438,42825632,0.011215935020788326,0.011153502811596579,29590376180.91211
2021-01-19,695.0032785436898,704.251031365575,683.4493740796632,700.6171264648438,17360254,0.013990868092978337,0.01389389930297358,12162891272.17981
2021-01-20,699.2894379153008,699.2894379153008,692.3012023598515,695.0964965820312,13346052,-0.007879667330812135,-0.007910875959950263,9276793988.401611
2021-01-21,695.0964666654859,696.1912788146382,683.9851839846258,687.0833129882812,26333054,-0.011528159950672912,-0.011595124334828767,18093001983.41931
2021-01-22,683.8687607747444,683.8687607747444,670.9405246579323,672.5245361328125,15392364,-0.021189245292756897,-0.021416959828660216,10351742459.087402
2021-01-25,682.5642265090312,689.9717673229738,677.9287198278455,681.5159912109375,20344718,0.013369705631601336,0.013281119821252706,13865250653.677002
2021-01-27,683.9153684499677,685.7323211979973,655.1005531628573,656.7078247070312,23556276,-0.0364014444618187,-0.03708050726892319,15469590770.158447
2021-01-28,647.5300133643067,652.8410845431875,625.2142331612923,638.9344482421875,42704446,-0.027064359211454114,-0.02743734411378069,27285341642.49829
2021-01-29,648.2054979628697,656.3118634983516,635.6965662775516,647.8095092773438,28704502,0.013890409351965616,0.013794821766026769,18595049354.670532
2021-02-01,657.010642270459,690.6706450387913,652.7012301513299,687.9918212890625,26370544,0.062027974946745834,0.06018026423057352,18142718594.94336
2021-02-02,699.2894572101152,735.3953419095049,697.6122920046123,727.0327758789062,42420206,0.0567462481119243,0.05519461005573828,30840880121.535034
2021-02-03,735.6282530055202,736.8861126405844,718.3906055316733,733.6715698242188,20237254,0.009131354411480164,0.009089915665011838,14847497911.11145
2021-02-04,729.5718178288212,739.8212303398263,719.0661472568776,735.6748657226562,24484684,0.0027305077378390052,0.002726786673643153,18012766613.96167
2021-02-05,721.1859458069237,753.9141839806551,721.1859458069237,744.293701171875,27054716,0.011715549695655803,0.011647453979790326,20136654705.793945
2021-02-08,754.7294308956938,760.1569718191174,743.4084666840961,747.857666015625,17447580,0.004788385066457845,0.004776957216795403,13048306456.420898
2021-02-09,750.0706850622241,758.4565684977024,739.2156020892459,750.9325561523438,18421366,0.004111598070660749,0.004103168549283118,13833203458.197876
2021-02-10,749.3020073682923,752.3302432136153,730.0377799417427,736.9095458984375,19788006,-0.01867412744196084,-0.01885069052259603,14581970515.695557
2021-02-11,737.0259891336575,744.3869541247504,728.7332593016877,732.5302124023438,13648618,-0.005942837245722532,-0.0059605661779892445,9998025042.538452
2021-02-12,733.2523053924318,741.9177064770458,732.8329998671228,737.0026245117188,9910106,0.0061054302384437875,0.006086867616125873,7303774131.189331
2021-02-15,745.4583874803633,757.0588701571608,743.8743760087222,753.1454467773438,10355244,0.02190334434198249,0.02166691230116972,7799004868.868408
2021-02-16,755.2885434515557,764.5130379556755,749.348542699615,757.82763671875,13897358,0.0062168469071159915,0.0061976020348136155,10531801969.774414
2021-02-17,754.7294971118617,755.5681081901504,737.4918481037513,739.1224365234375,12794426,-0.024682657756191717,-0.02499238171674329,9456647319.038818
2021-02-18,748.1838130338533,748.1838130338533,721.185950864325,724.1210327148438,14720560,-0.02029623654661994,-0.020505035204418334,10659467109.34082
2021-02-19,719.7882681632038,728.7331869999819,714.1976796726159,717.03955078125,17139508,-0.009779417547152502,-0.009827550113655607,12289705116.93164
2021-02-22,719.8116437532008,733.2523399717498,717.202656748423,721.1859741210938,29451838,0.005782698228188332,0.005766042607560784,21240252477.686646
2021-02-23,723.8648099250751,725.7050227355288,709.3758780401585,712.4041137695312,18239906,-0.01217697052728306,-0.012251717245052076,12994184069.169556
2021-02-24,711.1695314443621,751.9109273171002,706.3942365231012,748.4168090820312,14314332,0.0505509367737178,0.04931472825088896,10713086679.58081
2021-02-25,749.9541271452258,762.3000096545275,746.3435388642035,748.3934326171875,20109570,-3.1234553473535875e-05,-3.123504128235891e-05,15049870120.755615
2021-02-26,739.3786956512046,740.2405667287595,708.6071399675651,714.8499755859375,27912846,-0.04482061916811064,-0.045856122808057065,19953497281.634033
2021-03-01,728.640026799245,732.6233438115595,717.7849448283059,726.2640380859375,13536018,0.0159670740572444,0.015840941207186193,9830723092.283936
2021-03-02,734.090858645135,739.5882935913318,722.5835863686019,730.5967407226562,16110038,0.005965740294862298,0.005948015724749786,11769941255.71814
2021-03-03,737.9577079843609,743.5482966812122,729.1059425476798,739.2854614257812,11222410,0.011892635456504763,0.011822473791036726,8296564555.159302
2021-03-04,721.4421656139571,731.9012020549309,717.0395431025222,723.07275390625,16291438,-0.021930239894429326,-0.022174282139837673,11779894939.75293
2021-03-05,713.2658701379315,720.0677410003066,708.6536235487198,712.7999877929688,17445822,-0.01420709888152305,-0.014308985874466051,12435381708.638306
2021-03-08,718.3906175287667,724.4470883639638,704.6470875565886,707.9082641601562,15117050,-0.006862687593414019,-0.006886344127643254,10701484624.72229
2021-03-09,719.7882814453125,729.432024021368,716.6435753613281,727.9412231445312,15066696,0.028298806495982376,0.02790579259492147,10967669114.986816
2021-03-10,732.3671590960449,733.7648063462282,723.1194044980812,724.7965698242188,11055016,-0.004319927516576616,-0.004329285363321592,8012637676.151855
2021-03-12,745.4118566502228,745.4118566502228,715.1528168424925,723.0261840820312,15631204,-0.0024425967449278607,-0.0024455847510113458,11301769780.727783
2021-03-15,721.3722581601378,721.3722581601378,705.9515634062038,712.1710815429688,12230386,-0.015013429358501584,-0.015127271769489244,8710127225.307983
2021-03-16,713.2194264585876,717.6453095621886,703.4824722565825,704.484130859375,13722366,-0.010793685510143702,-0.010852359924339793,9667189084.844238
2021-03-17,710.1212391245092,716.9930044366868,694.2579208590815,696.6572265625,21064428,-0.011110121511647475,-0.011172299880067214,14674685989.605469
2021-03-18,704.2976744336461,709.0962856036157,690.0416852536216,694.630615234375,18065540,-0.002909050894548071,-0.002913290407069678,12548877164.74121
2021-03-19,691.8352841487114,704.0413788717259,686.7338952056753,697.6588134765625,21235020,0.0043594367650579,0.004349961947202693,14814798857.351074
2021-03-22,696.4475200354932,696.4475200354932,680.3745793379089,684.4510498046875,14015632,-0.018931551378328138,-0.01911304751687138,9593014036.076172
2021-03-23,684.847008302962,702.2942783853773,684.4277028421658,698.8933715820312,19761428,0.021100591169324723,0.02088105653259546,13811131042.195557
2021-03-24,694.5840649453481,701.8285019700834,685.3129940326869,688.9468994140625,16368900,-0.014231744887569397,-0.014333987387576349,11277302901.818848
2021-03-25,694.2579549579342,696.7504713848288,675.6459751498256,681.7490234375,23964356,-0.010447649859059105,-0.010502609688702473,16337676300.308594
2021-03-26,696.0282453651673,698.3576571635782,686.7105981715239,694.7703857421875,12021258,0.019099935397093093,0.0189198214603914,8352014057.766357
2021-03-30,701.9216988192317,727.9645352211458,699.5457100566057,723.8414306640625,25607644,0.04184266560357197,0.04099093922772342,18535873668.895996
2021-03-31,721.1858040642594,721.1858040642594,693.2328659222338,695.8651123046875,30774506,-0.038649788716444644,-0.03941651258584161,21414905073.81128
2021-04-01,698.5440583003154,698.5440583003154,682.5176929084517,692.650634765625,35763762,-0.004619397469742714,-0.004630099858010236,24771792450.90674
2021-04-05,689.5059141703206,691.8353260425176,666.6776778227897,675.3430786132812,16006586,-0.024987425526867835,-0.02530491117193395,10809937067.328247
2021-04-06,680.1882989132204,681.4228986380695,667.4464267425923,670.9871215820312,15075734,-0.006449991373561281,-0.006470882447871338,10115623362.396362
2021-04-07,670.5445501820166,678.6508583140842,662.2751377162687,674.2249755859375,25088180,0.004825508418510482,0.004813902972571884,16915077547.995605
2021-04-08,676.9270358129135,680.6075176501199,666.444683228061,667.5162353515625,17613592,-0.009950299198787094,-0.010000134284113326,11757358622.858398
2021-04-09,664.3482250671763,667.5162477665696,659.270096124209,662.3682250976562,28157816,-0.007712187331585962,-0.007742080039597564,18650842606.546387
2021-04-12,648.9741463293542,651.7694405705431,630.3388513880949,636.884521484375,22549128,-0.03847362033334867,-0.03923327837890603,14361190596.169922
2021-04-13,637.3270929150924,655.2402475957199,634.065916270059,652.3983764648438,18600682,0.024358976324798887,0.024067028001715007,12135054737.938843
2021-04-15,654.5647257762638,669.3331740651886,648.0423726368563,666.2583618164062,34444984,0.0212446656085592,0.021022143784121938,22949258612.632324
2021-04-16,668.5178493633546,673.1999896868467,663.1835192520597,665.5828247070312,15606526,-0.0010139266508164546,-0.0010144410221623434,10387435658.943726
2021-04-19,647.5764916470772,660.481410495047,639.3303964800215,658.0122680664062,24069242,-0.011374326920105426,-0.011439509318516856,15837856519.059204
2021-04-20,663.8824589859461,664.5347057583308,644.7579625947119,648.2288208007812,23186270,-0.014868183680486702,-0.014979823089004534,15030008460.86853
2021-04-22,642.9177104500769,664.7210294656783,638.748085728293,662.7177124023438,38485312,0.02235150788831608,0.02210537382960835,25504897929.73047
2021-04-23,656.4282700647758,668.3548475577336,652.3284823935682,658.8275756835938,22713528,-0.005869975475151112,-0.005887271499228387,14964298587.461426
2021-04-26,658.2918315864222,665.7459499907978,653.5165369836191,654.4716186523438,30170952,-0.006611679887154498,-0.0066336338645725385,19746031791.722168
2021-04-27,655.6129755923002,671.8023882068552,654.4715865158399,670.2649536132812,20592906,0.024131428332153426,0.023844866362037257,13802703184.852661
2021-04-28,669.1235830445929,689.04005522921,666.6777004956049,688.01513671875,24103940,0.026482338081053713,0.026137751367846657,16583875574.560547
2021-04-29,692.3943454125842,700.5240267723495,680.6541326085659,686.0117797851562,24078552,-0.0029117919456657093,-0.002916039459087195,16518170312.169434
2021-04-30,673.200091541927,677.2998795534614,655.7295009309773,657.9657592773438,35232902,-0.04088270979340314,-0.04174190687804199,23182043115.974243
2021-05-03,648.9741913343149,662.4382042371565,641.6598603108004,658.9673461914062,22473700,0.0015222477764840203,0.0015210903318003625,14809434448.101807
2021-05-04,656.87084847304,662.9506363685042,644.4551283620439,646.8078002929688,21486328,-0.018452425554491114,-0.018624795278304115,13897524550.053223
2021-05-05,652.7011938278339,656.7077707955938,643.7096414287955,653.4465942382812,14421612,0.010263936121836403,0.010211619607195618,9423753244.825928
2021-05-06,655.776052406065,657.2669102027188,649.9059455621662,652.6546630859375,11477044,-0.0012119294205931164,-0.0012126644009429178,7490546285.04248
2021-05-07,658.2685056421251,663.8590943683245,657.010645926894,659.1071166992188,12048334,0.00988647439178969,0.009837922943348268,7941142683.769165
2021-05-10,664.8141636900286,666.2118108456489,658.1986565682562,661.4830932617188,11060050,0.0036048413107703237,0.0035983594430648597,7316036085.629272
2021-05-11,650.3719079740077,663.5097704728804,649.9293423893841,653.8893432617188,14519034,-0.01147988524174648,-0.011546287809400695,9493841607.054565
2021-05-12,652.1188509642291,656.2418985871353,647.0407217294511,652.0023803710938,13774926,-0.002885752627826088,-0.0028899244397517765,8981284541.435669
2021-05-14,649.6030654980458,651.7228530109861,644.0124771074226,646.1089477539062,10604142,-0.009038974081403195,-0.009080073459223011,6851431029.453003
2021-05-17,649.975836873246,672.0819338397616,643.5233770555826,670.9871215820312,15120692,0.03850461120312598,0.03778180457754324,10145789601.408447
2021-05-18,679.6990933972745,690.7871170805363,677.8588806961257,687.968505859375,22165280,0.02530806289889087,0.024993116604166917,15249014563.554688
2021-05-19,684.9403205622524,688.9702149247959,676.7175412324174,679.3497314453125,10130916,-0.012527861872537849,-0.012606997159366855,6882435063.89502
2021-05-20,679.4194949423423,682.9369293356426,665.5129185538519,667.5162353515625,10684184,-0.01741885739554838,-0.01757235075634137,7131866281.483398
2021-05-21,672.2682979911269,699.7087825125944,672.2682979911269,697.5657348632812,19341646,0.045016881867888214,0.04403304018378606,13492069505.455444
2021-05-24,700.3377171165229,708.3508716405386,698.1247757186825,703.4591064453125,22146102,0.008448482039024263,0.008412993358201946,15578877124.166748
2021-05-25,703.7153978174179,705.2295156875977,685.0801009536664,689.0167846679688,19236974,-0.02053043545107125,-0.02074411451630919,13254597972.221313
2021-05-26,689.5059832261073,692.7671601737984,684.8471590151202,688.1316528320312,12283990,-0.001284630295855571,-0.0012854561407000576,8453002342.072144
2021-05-27,686.2913399610924,693.6988813645199,681.3296811145242,690.7405395507812,20439496,0.003791261029794324,0.0037840923129678606,14118388495.186035
2021-05-28,694.58399684792,704.8799852585144,688.9235150039842,700.4307861328125,17750020,0.014028779298712157,0.01393128671762412,12432660462.473145
2021-05-31,698.8235396437208,707.9082456590891,693.0000101466898,706.207763671875,15661054,0.008247749318613051,0.00821392250364991,11059957922.084473
2021-06-01,708.2809868888664,711.4023760066137,702.2011992377004,704.2743530273438,11030162,-0.0027377363206524397,-0.002741490774769057,7768260206.336792
2021-06-02,703.4823669271267,703.5755206514051,695.5623667696689,700.6870727539062,10624016,-0.0050935835701207965,-0.005106600086201367,7444110671.930664
2021-06-03,702.5506749732225,710.4473590823497,693.1165561614135,708.3975219726562,10287260,0.011004126547455195,0.01094402167931721,7287469491.888428
2021-06-04,706.2777272726534,708.4440918339504,698.450880106164,699.2661743164062,9424476,-0.012890146242779288,-0.012973945076237912,6590217277.456787
2021-06-07,703.4823795446339,705.3459090268713,696.9600263568028,698.753662109375,8091668,-0.0007329286412749436,-0.000733197364783004,5654082647.573242
2021-06-08,697.2162919534222,699.4292332375256,690.2047394524685,690.9268798828125,9872540,-0.011201060761435233,-0.011264265055818548,6821203258.718262
2021-06-09,691.3229172494055,699.7553774679799,685.8022220835438,689.645751953125,10223442,-0.0018542163678807455,-0.0018559375550148583,7050553345.63916
2021-06-10,690.4843206395184,693.698920699178,686.5476369538969,689.9951782226562,11483540,0.000506675011832769,0.0005065466953902882,7923587228.927002
2021-06-11,694.6305365172441,697.2162061317158,689.9950301987733,692.4641723632812,7205974,0.003578277383017081,0.0035718905798033146,4989878821.981323
2021-06-14,688.6905977060071,692.3011859909532,681.3762674124074,689.2496337890625,8881964,-0.004642173129691285,-0.004652981477828488,6121890434.327637
2021-06-15,692.3011889292118,696.9600125424635,687.083329230532,694.2811889648438,7569602,0.00730004765925063,0.007273531280356723,5255432276.550659
2021-06-16,693.2329983210603,696.0282926691292,688.6207512726651,691.6489868164062,7702098,-0.00379126237362426,-0.0037984674254100776,5327148278.060669
2021-06-17,682.983513471905,688.923513333274,680.1882194194961,683.0300903320312,9283802,-0.012461373686162625,-0.012539667717322877,6341116118.684692
2021-06-18,684.614108805082,694.1646969170276,677.8588147746814,689.4127197265625,11938060,0.009344580106900535,0.009301189619352432,8230250412.858887
2021-06-21,680.8172102081012,695.0033629173906,679.722397980227,693.55908203125,7260472,0.006014339721396533,0.005996325772176592,5035566295.433594
2021-06-22,697.4259308909948,702.5506371300067,689.5059303397944,691.2763061523438,14366824,-0.0032913935352423263,-0.0032968220858814756,9931445025.86084
2021-06-23,694.1647691190624,697.7986745512052,688.8536984376266,692.0682983398438,7844868,0.001145695549596093,0.0011450397413065422,5429184447.460693
2021-06-24,694.1647023307831,705.0896207031966,693.2329376296681,701.7352905273438,14785024,0.013968263263451686,0.013871606122427611,10375173112.09375
2021-06-25,703.9948080015744,709.0729369927518,702.0847017398665,705.8583374023438,10383176,0.005875501675142392,0.005858308229050911,7329051348.315918
2021-06-28,708.1411637351097,709.5388107687974,701.1529285666711,702.713623046875,9356786,-0.004455163577215426,-0.004465117393386971,6575140990.134277
2021-06-29,705.1233878844295,705.6848435152247,698.1751031497531,702.8073120117188,10971692,0.00013332453188752424,0.00013331564496201075,7710985362.7404785
2021-06-30,700.912318001838,706.0592041820919,699.0875014782571,700.8655395507812,9679022,-0.0027628802770696126,-0.0027667040755379084,6783692976.353882
2021-07-01,702.7838314781875,702.7838314781875,693.8937563795953,695.6483764648438,16911442,-0.007443885869009126,-0.007471729851768298,11764417170.97937
2021-07-02,694.8295686879264,696.8181381606023,691.0863790923012,692.67724609375,14827036,-0.004271023223244574,-0.004280170096561063,10270350464.21289
2021-07-05,697.1456124467544,703.9535610583405,694.6190052787583,699.7190551757812,7373882,0.010166075357235238,0.01011474838263283,5159645746.0177
2021-07-06,700.4443484394454,720.5639923825959,699.9764497430932,718.0841064453125,17669032,0.026246321482437995,0.025907797351707056,12687851055.473633
2021-07-07,717.7566959868007,723.0673354757794,714.8089109597926,720.3301391601562,9629190,0.0031278128769096636,0.0031229314463653603,6936195772.699585
2021-07-08,713.5455269010719,719.4878176227463,708.1412739982538,711.4165649414062,8420922,-0.012374290251331854,-0.012451489297636748,5990783402.879517
2021-07-09,707.7201673699005,709.3343949603653,700.6782694281974,702.7838134765625,10695842,-0.012134594399773047,-0.012208819663870512,7516864629.102783
2021-07-12,702.7839231510329,702.7839231510329,694.361745643231,695.7654418945312,14458978,-0.009986529922071608,-0.010036729806742507,10060057217.513306
2021-07-13,700.023205629554,704.7021924422862,694.4084214542754,702.713623046875,18178142,0.00998638439619004,0.009936849966449892,12774028025.080566
2021-07-14,700.6783341056623,705.2871250803108,697.683770870483,701.4503784179688,9788494,-0.0017976663429819517,-0.0017992840841856235,6866142820.442017
2021-07-15,704.1876425939753,714.3644407510643,701.684395620024,711.5336303710938,10438802,0.014374861377744796,0.014272522628909932,7427558683.785034
2021-07-16,714.9258244288939,715.8616218663434,710.6445968457965,712.3056030273438,5170628,0.001084941910401982,0.0010843537862760793,3683067295.5700684
2021-07-19,695.7653092436852,696.6309103436469,685.9394373579304,688.2789306640625,25111600,-0.03373084847454011,-0.034312858810734245,17283785195.26367
2021-07-20,674.7098909390189,680.3246750522425,671.9726951071301,675.2479858398438,24174250,-0.018932651057103067,-0.019114168416634072,16323613621.688843
2021-07-22,681.3073105627461,687.1092660782373,676.113646226117,677.8448486328125,13207114,0.0038457912462173116,0.0038384150964356966,8952374190.206299
2021-07-23,679.1549042863835,681.938878463885,671.5749688488506,675.060791015625,13126684,-0.004107219554449482,-0.0041156773473023925,8861309684.452148
2021-07-26,669.0951591045279,675.645741081775,668.2061401271644,671.22412109375,13167166,-0.00568344358454409,-0.005699655806715321,8838119425.645508
2021-07-27,671.9493846985216,678.4064103071216,671.9493846985216,673.6572265625,22401430,0.003624877879515598,0.0036183238433070224,15090885204.833984
2021-07-28,671.4580955262957,673.1658801980516,656.9298171089981,663.1528930664062,20670342,-0.01559299460007968,-0.015715844074547743,13707597097.972046
2021-07-29,668.2763382138219,669.0717431809376,661.281275286732,663.5973510742188,13702230,0.0006702195111558673,0.0006699950143617876,9092763531.809692
2021-07-30,663.9481988242158,669.9139067417696,658.7778957823883,667.4340209960938,11655488,0.005781623322733687,0.005764973881651173,7779269222.511719
2021-08-02,671.4346657200673,671.4346657200673,662.6615646871396,665.6561279296875,13258786,-0.0026637735124033224,-0.002667327670116524,8825792149.80835
2021-08-03,659.7372352838776,673.7274192851925,659.7372352838776,671.2943115234375,12033120,0.008470114458775768,0.008434444317888567,8077765005.878906
2021-08-04,674.2420380634766,689.9166447776518,673.7741393555907,685.6119995117188,22053948,0.02132848102911611,0.02110421224834504,15120451385.40747
2021-08-05,686.4541971765548,705.1467852148428,681.915602462393,694.7593994140625,18822408,0.013341948374384405,0.013253728399129285,13077044877.606445
2021-08-06,694.151190555678,701.848101893155,689.6827347936737,698.4090576171875,13339270,0.005253125335480169,0.005239375803574452,9316266990.00122
2021-08-09,698.1049062784269,705.2871403721247,690.6185265864331,703.6729125976562,10998048,0.007536922557144221,0.007508661866589196,7739028469.048828
2021-08-10,696.7011077294679,711.0889915862048,696.7011077294679,705.4274291992188,14838346,0.002493369533133727,0.0024902662446788714,10467376272.34851
2021-08-11,708.8197821888172,710.6679592857763,697.660409142684,699.4851684570312,12585786,-0.008423631540572463,-0.008459310832161667,8803570640.374146
2021-08-12,700.4443471096191,705.4040618582296,696.8415500011622,702.5031127929688,8597674,0.004314522268706211,0.004305241402928022,6039892747.779175
2021-08-13,702.4095267761425,716.3529313032537,702.3159698799373,714.1069946289062,16658428,0.016517908069906717,0.016382971314165804,11895899954.322021
2021-08-16,714.0837058786648,718.2245984922649,711.884547430942,716.1658325195312,6252778,0.0028830944187780982,0.0028789462731486767,4478025961.92981
2021-08-17,709.8959273107525,713.0776615079304,704.3279781405072,708.7028198242188,8282666,-0.010420788533092917,-0.010475465130463995,5869948749.862183
2021-08-18,728.3778752099084,732.4252103424661,705.7549847439424,707.9307250976562,22985932,-0.001089447798096832,-0.0010900416777223036,16272447507.80542
2021-08-20,695.3209025897706,711.112484091962,695.3209025897706,708.7495727539062,13150406,0.0011566776624041264,0.0011560092261906124,9320344634.040405
2021-08-23,715.8148055456828,717.3588940823976,705.8953760801488,713.3583374023438,10843054,0.006502670090550833,0.006481618941235371,7734982973.803833
2021-08-24,715.8849845251787,732.0274890781974,714.691820037688,729.3838500976562,18381314,0.022464884553909492,0.022216265610531704,13407033575.17395
2021-08-25,726.2255583877181,732.1679061275219,724.3071851475217,728.7054443359375,7727974,-0.0009301080105186266,-0.0009305408293739104,5631416727.486572
2021-08-26,725.2430159343049,735.0688890534149,722.1782564719654,727.4889526367188,11119002,-0.0016693874166500144,-0.0016707823965475448,8088951119.345581
2021-08-27,726.1788245585184,729.2903625174678,723.0205081501615,724.5177612304688,6382138,-0.004084173918354583,-0.004092536935095712,4623972335.623901
2021-08-30,727.8632353130765,734.6009882849862,725.9916404384651,733.7821655273438,9049166,0.01278699404296324,0.012705930740568899,6640116623.696411
2021-08-31,731.559720298122,740.8474993755592,730.9514290559877,739.9351196289062,12062576,0.00838525980955196,0.008350298820540092,8925523615.592773
2021-09-01,736.9405133137502,747.702184301824,736.7065639444443,738.85888671875,12422558,-0.0014544963221856388,-0.0014555551287726617,9178517374.079102
2021-09-02,736.5193863022039,744.8947850702093,735.1858863326421,743.4910888671875,9618524,0.0062694003302972146,0.006249829396133784,7151286882.055176
2021-09-03,742.1342331690153,747.7022399965548,733.8056692712737,737.431884765625,10735334,-0.008149666071713857,-0.008183056135911847,7916577585.208496
2021-09-06,739.2565458922177,739.724444603404,730.8343690908638,732.5889892578125,7876896,-0.006567244525033877,-0.006588903755078524,5770527279.128906
2021-09-07,731.0917446980607,740.2157696718924,727.6760612202143,734.2500610351562,7245496,0.002267399321721486,0.0022648326509256303,5320005880.22998
2021-09-08,735.5133365404894,739.5138932608036,732.5421912271912,737.5955200195312,6724080,0.004556293777706388,0.004545945293129702,4959651284.25293
2021-09-09,736.472648615316,739.0226740119963,730.3899647322161,733.9459838867188,8250948,-0.004947882726722419,-0.004960164026161864,6055750147.858154
2021-09-13,730.8578900870481,741.1516631868657,726.9509467202,727.8399658203125,8959164,-0.008319437942927221,-0.008354237610293266,6520837619.538574
2021-09-14,729.9219926150045,732.0275368244709,723.6521384346185,724.5645751953125,9758506,-0.004500152202151275,-0.00451030836805474,7070667754.430908
2021-09-15,718.2245606360663,727.4889784667846,718.2245606360663,723.7457885742188,14822998,-0.0011300395425390963,-0.001130678518647152,10728082376.544067
2021-09-16,719.5112312007644,731.9339646234694,718.8328009274061,729.8985595703125,10260550,0.008501287459253826,0.00846535501939965,7489160665.39917
2021-09-17,734.1331308228171,743.4911057217695,729.547700275712,740.2860107421875,20498102,0.014231362749900445,0.014131047534949391,15174458157.366455
2021-09-20,731.7935977510607,740.0753822447209,728.9862054323227,729.851806640625,8781610,-0.014094828147706684,-0.01419510359656886,6409273923.713379
2021-09-21,730.857800489461,733.9693384001288,715.3937249500291,726.1553955078125,14774996,-0.005064605032392033,-0.0050774736123632685,10728943064.006348
2021-09-22,724.775022226078,725.3131171068156,715.8849477120073,717.6161499023438,10582202,-0.011759529238913213,-0.011829219390575185,7593959056.728882
2021-09-23,721.4998486172622,735.5368106526174,721.4998486172622,734.6010131835938,13664304,0.023668451836767357,0.023392696686906574,10037811562.848633
2021-09-24,738.812081199107,752.3577263390091,736.940486313232,749.3632202148438,20806702,0.020095544065851456,0.019896293562153604,15591777212.77063
2021-09-27,755.9840034178407,765.2484217091811,752.3812058137348,760.3822631835938,16415462,0.014704542031821033,0.014597478524103926,12482026146.764282
2021-09-28,763.6106695972712,763.6106695972712,740.2157348669626,755.6798095703125,12773790,-0.006184328384505999,-0.006203530552567056,9652895194.691162
2021-09-29,747.2342072368468,751.7260232333723,741.689619188798,745.7603149414062,16263036,-0.013126584173985822,-0.01321349921631646,12128326849.263428
2021-09-30,742.0873538076034,751.6090811295566,740.7304361257566,746.2750244140625,15975348,0.0006901808293415801,0.0006899427640854042,11922003218.723145
2021-10-01,740.6837274337282,743.4911199571662,732.3785245518908,740.5433349609375,11128596,-0.0076803983325386405,-0.007710044485542479,8241207595.272949
2021-10-04,743.4910687947713,749.2696065845623,740.9644042742369,741.9703979492188,7051028,0.001927048588394209,0.001925194212196372,5231654051.111084
2021-10-05,744.8948053722721,747.4682484812844,737.5254001055553,746.509033203125,10257178,0.006117003139816557,0.00609837022257825,7657076032.172363
2021-10-06,746.7663826422353,761.2010472242603,742.5552940183129,755.6096801757812,18600830,0.012190940186761257,0.01211722914205669,14054967207.304077
2021-10-07,761.084061436561,761.5987386153337,751.9132577682348,753.5509033203125,11265724,-0.002724656538266923,-0.002728375171093424,8489296496.757324
2021-10-08,754.2527101071383,758.9316971425425,748.7081218934927,749.8778686523438,7245562,-0.0048743019904621265,-0.004886220144636521,5433286589.748413
2021-10-11,748.5911640642425,769.6933846455007,748.170043798271,764.4529418945312,13080848,0.019436596079814183,0.019250117906477522,9999692736.075195
2021-10-12,760.3354092752614,768.079155828651,760.3354092752614,762.4877319335938,8176946,-0.0025707402682854097,-0.0025740502950786256,6234821009.683472
2021-10-13,765.9502127890877,771.0970987638464,762.6749217142412,767.0731811523438,6225644,0.006013800651089474,0.005995789924495098,4775524547.802002
2021-10-14,766.4180801076105,790.7488128094394,766.4180801076105,789.5322875976562,14757288,0.029278961899793066,0.028858520110746674,11651355353.377441
2021-10-18,797.7672503332213,807.1252239441683,780.0105182530649,781.5311889648438,28856456,-0.010133972680405279,-0.010185670950685908,22552220366.9917
2021-10-19,783.9409057808846,791.8951842055869,781.8587792751537,790.1405639648438,8987540,0.011016035087995979,0.010955800533719227,7101419924.256592
2021-10-20,790.3277778106263,794.8430122320457,778.7940620449946,783.1923217773438,10908568,-0.008793678624262058,-0.008832571189822653,8543506699.186035
2021-10-21,782.233078871667,786.982205040292,777.1095537754028,784.338623046875,9738190,0.0014636267972212291,0.0014625567395033078,7638038535.568848
2021-10-22,786.1166307748242,799.1710165314034,781.7417891509615,786.4207763671875,12175554,0.0026546612128115488,0.002651143823343917,9575108629.380615
2021-10-25,790.748886264946,790.748886264946,755.0950244172517,775.3082275390625,16426766,-0.014130538208131482,-0.014231324835872163,12735806831.658936
2021-10-26,772.0329195806469,783.1922930858217,770.3250777594776,773.3196411132812,12090656,-0.002564897875640071,-0.002568192861603881,9349941758.74414
2021-10-27,773.3195706484513,779.0747474620774,766.0905586340668,768.6640014648438,13249642,-0.006020330276023,-0.0060385255287152715,10184522837.696655
2021-10-28,772.0329334003637,772.0329334003637,742.6255085423319,745.6434326171875,17797750,-0.02994880572497982,-0.030406431274283652,13270775402.862549
2021-10-29,743.9589515672715,749.5737361074018,729.9219902169456,740.6134643554688,12406874,-0.006745809111553092,-0.006768664927141308,9188697934.961792
2021-11-01,741.619552024095,753.7849200699161,740.9411216527747,751.117919921875,8122320,0.014183452059635338,0.01408380799605013,6100820103.339844
2021-11-02,751.4454016168362,758.931781707664,748.6614268671785,751.7963256835938,13237722,0.000903194749752867,0.0009027871148055741,9952070760.020874
2021-11-03,751.024313564004,753.2702505343167,737.1979390099509,739.95849609375,10207338,-0.015746059385272737,-0.015871345493734583,7553006475.600586
2021-11-04,746.2985064756734,747.6320064902674,744.0057911766709,745.8071899414062,1096808,0.007904083645949855,0.007873010008496896,818007292.3852539
2021-11-08,744.9414970446072,750.8370091478968,734.8114789267887,748.7548828125,18943580,0.003952352445576901,0.003944562419855079,14184098022.949219
2021-11-09,746.1113342173927,746.1113342173927,734.1565554425947,735.65380859375,12695476,-0.017497146956209852,-0.01765203138157293,9339475271.310547
2021-11-10,733.6651713952741,734.1330701015211,725.2429946828283,727.699462890625,13714126,-0.010812620841765597,-0.010871502051291842,9979762124.214355
2021-11-11,725.2664546194623,727.5357520533504,718.5052836512886,724.4476318359375,7999404,-0.004468645671071858,-0.004478659912673034,5795149283.898926
2021-11-12,725.2430323240301,729.4775386819591,722.9269564545162,726.646728515625,14914092,0.0030355495456786397,0.0030309515677330867,10837276160.581055
2021-11-15,730.904612413564,735.4666251415645,727.3018149519153,728.6353149414062,9533594,0.0027366619125135383,0.002732924071220821,6946513266.713501
2021-11-16,727.582480851994,728.6118351487053,721.3126268284178,724.3071899414062,8245406,-0.005940042859915562,-0.0059577550902731235,5972206849.786011
2021-11-17,719.1135702464771,722.4356398093381,715.1832094874179,716.2593994140625,7598878,-0.011111018417468421,-0.011173206862985329,5442767792.500732
2021-11-18,714.0368884967193,722.2016985884679,713.6625466615229,720.2833251953125,9152874,0.0056179727408001146,0.0056022507881247,6592662519.813721
2021-11-22,723.3714420794946,726.5063407477103,701.4036193856,709.0303344726562,15261272,-0.015623006015868635,-0.01574633133551763,10820704790.638184
2021-11-23,702.7838511021728,714.8556604723817,700.1402120099383,709.1239013671875,11235214,0.00013196458597342087,0.0001319558794134086,7967158784.375244
2021-11-24,713.077553264083,718.8560902546942,708.4219844735727,710.2935791015625,30802286,0.001649468777064067,0.0016481098975218457,21878665967.44995
2021-11-25,708.7729654824068,717.4290913331872,705.123332817624,713.989990234375,10251652,0.0052040610271151255,0.005190566698155447,7319576911.366211
2021-11-26,701.8480186535953,704.9829169569663,694.8295384670594,697.1222534179688,18624936,-0.023624612455518057,-0.023908148129995963,12983857354.08545
2021-11-29,699.4150593721698,705.4275467576333,684.0679578541319,702.4329833984375,12990996,0.0076180755304116055,0.007589204527960924,9125304077.597168
2021-11-30,699.5086305355009,715.4171880192514,695.554908948658,698.8302001953125,25221542,-0.0051290063084658,-0.005142204810798762,17625575245.094482
2021-12-01,699.508569747121,705.1467720355122,696.7479559415331,704.0238037109375,8677634,0.007431853280200906,0.007404373126933783,6109260895.891357
2021-12-02,703.9536364032033,715.3235983422754,701.8480921268228,713.896484375,11203110,0.014023219970721534,0.013925804286214432,7997860843.066406
2021-12-03,713.9199310376165,718.6690576265519,705.1468295311404,708.1881713867188,8124694,-0.007995995376386733,-0.008028134786447608,5753812186.9366455
2021-12-06,707.9308053003743,710.6446408837688,700.6081784752469,703.6261596679688,7029532,-0.006441807280990086,-0.0064626452592112535,4946162605.423096
2021-12-07,708.3752975369557,716.820892914321,706.4803418484618,713.8731079101562,12427534,0.01456305752904763,0.014458034615342676,8871682320.239136
2021-12-08,718.6923766942971,727.6058694471797,717.7565793288097,727.02099609375,15295534,0.018417682411491665,0.018250131043840715,11120174364.46582
2021-12-09,722.9970009354504,727.4420382936756,712.1417746546098,714.4110717773438,11747744,-0.017344649445007465,-0.01749683012476905,8392718382.005859
2021-12-10,713.4987815442046,714.9492561772763,705.8018132009037,712.3992309570312,7779384,-0.002816082924509189,-0.0028200555459351523,5542027178.919434
2021-12-13,714.0134703454731,719.464502037147,705.2169512717943,707.065185546875,10322142,-0.007487438473214758,-0.007515610050722311,7298427248.471191
2021-12-14,703.0178635846237,709.3344966351345,700.4678382738138,702.9944458007812,9191100,-0.005757234027786606,-0.005773870784810905,6461292250.799561
2021-12-15,703.2517185058593,712.7734452539385,699.8126746191084,701.8480224609375,10115148,-0.001630771546904386,-0.0016321027022271422,7099296620.699707
2021-12-16,707.8372458051468,709.8023976917555,699.0407265336075,701.8948974609375,13210432,6.678796334802506e-05,6.678573313130151e-05,9272334814.054688
2021-12-17,700.4443715150442,704.6554599209462,686.7349164136573,689.2382202148438,14994768,-0.018032154517547472,-0.0181967150716541,10334967208.854492
2021-12-20,679.3888720066274,682.1962640397126,661.6555009076649,667.0597534179688,21156668,-0.032178231192637186,-0.032707331791194685,14112761739.22583
2021-12-21,673.5402041456153,678.8040647198691,669.0951663273568,674.6163940429688,9118750,0.011328281441475463,0.011264596967055089,6151658243.179321
2021-12-22,679.5293409953787,681.2605434308314,671.7621764690725,676.2072143554688,8577484,0.002358110959868931,0.002355334979409536,5800156561.8186035
2021-12-23,679.9738508560433,682.1028129914248,672.3003000182912,675.6925659179688,9779166,-0.000761080962424443,-0.0007613707315746432,6607709767.077759
2021-12-24,676.3475804899253,679.3889220832733,668.1593531232193,673.2594604492188,5561024,-0.0036009060798892767,-0.0036074049480872587,3744012017.7851562
2021-12-27,668.580460708177,680.3247065996217,665.4221444980343,678.8274536132812,4705098,0.008270204120633284,0.008236193371095313,3193949694.3409424
2021-12-28,683.4596341615539,686.3606404814903,680.0440077919508,683.5064697265625,5450678,0.006892791516276642,0.0068691448277760254,3725573677.39624
2021-12-29,681.2839280160719,683.6000037447715,677.2365928197368,680.2545166015625,7668702,-0.004757750319906884,-0.004769104441659338,5216669171.971436
2021-12-30,682.4302882045415,686.3372311223421,676.1136554374787,683.833984375,7215918,0.005261953704210454,0.005248157999562316,4934489956.863281
2021-12-31,683.8338921071404,694.7359537399992,683.8338921071404,692.2092895507812,6325736,0.012247570853671341,0.012173176177855521,4378733222.445801
2022-01-03,694.829655024555,712.6098078130622,692.7241106153897,711.0423583984375,9069184,0.027207188825619788,0.0268436523963795,6448573980.109375
2022-01-04,711.2060471421149,717.2419519918268,705.4977056629859,715.2066040039062,8857352,0.005856536613160879,0.0058394537677000724,6334836644.387207
2022-01-05,719.066759647386,735.5367713761124,714.9960066045779,732.1912841796875,14332638,0.02374793532483732,0.02347033940639275,10494232622.902588
2022-01-06,721.96769225549,727.4655019664439,715.9084269525865,720.447021484375,9628930,-0.016039883223234797,-0.0161699144822461,6937133938.581543
2022-01-07,722.4356068198455,733.0803024514203,718.6456386996041,725.5003662109375,11179384,0.007014179496711348,0.006989694567489824,8110647186.012695
2022-01-10,728.9861970473102,735.536779049019,723.137463117213,729.5242919921875,8856496,0.005546414541822697,0.005531089823401871,6461028973.931641
2022-01-11,730.6472083128816,733.9926381894911,724.2136014478044,732.6825561523438,8389198,0.004329210411255335,0.004319866338460804,6146619034.70813
2022-01-12,733.6652537465073,737.7125894331506,726.1788736062368,728.3546142578125,21085530,-0.005906980940367013,-0.0059244961610585385,15357743069.571533
2022-01-13,727.5825458546584,727.5825458546584,711.3932607592723,714.9492797851562,41963896,-0.01840495578697776,-0.018576434280920193,30002057222.1792
2022-01-14,715.8851379327753,724.6348223275555,710.7382513201867,722.9738159179688,11208968,0.011223923654030132,0.011161402807443262,8103790367.462402
2022-01-17,715.8849756677723,728.0503412673554,710.8082864466385,711.9078369140625,22989372,-0.015306196103182068,-0.015424545124720928,16366314092.532715
2022-01-18,717.2887388550224,725.664137379117,712.6097516478794,715.5341186523438,12341152,0.005093751677183844,0.005080822411169826,8830515319.47461
2022-01-19,717.7566217187649,720.4470393034343,708.0945019261654,710.4807739257812,14317626,-0.0070623392998786505,-0.007087395658769342,10172398001.259888
2022-01-20,715.1598118180823,715.183229601881,701.8948938601593,706.0592041015625,15197846,-0.006223349014481072,-0.006242794771427614,10730579050.818115
2022-01-21,701.8480503767886,715.7914544908904,695.1102976698634,711.9546508789062,11537694,0.00834979098508537,0.008315124319599802,8214314903.717651
2022-01-24,706.5036291281489,711.790907358927,686.6647696631117,695.6016235351562,11868508,-0.022969198000971303,-0.023237100313469258,8255753433.73999
2022-01-25,682.5004800615633,699.5085871279545,675.6457523831212,696.2567138671875,13594248,0.0009417607864425914,0.0009413176079767255,9465086439.975586
2022-01-27,678.4530869939807,694.8295408179733,671.4346067836982,690.1271362304688,28617838,-0.00880361727885326,-0.008842598067379616,19749946584.047485
2022-01-28,691.3202658242168,695.6249106226671,683.1320393254528,684.6527099609375,24925208,-0.007932489511183416,-0.007964119084653304,17065111203.54004
2022-01-31,689.0978389232178,697.8943576936214,686.3138643897004,695.1571044921875,12842546,0.015342661145457681,0.015226152708285418,8927587091.667725
2022-02-01,705.8252323535418,709.8023715481092,689.4253590634428,700.4443969726562,14739484,0.0076058957698939,0.007577116779213081,10324188982.068115
2022-02-02,707.439482390718,718.2245712750496,704.4683367927917,716.446533203125,13969290,0.022845690963666065,0.02258863586932276,10008249391.809082
2022-02-03,715.3001889256323,720.5406318948554,706.0591889378767,709.0303344726562,10564762,-0.01035136383075519,-0.010405311810370892,7490736734.484009
2022-02-04,715.1364636851665,717.218590284089,708.4454886877073,713.0776977539062,11579958,0.00570830764844521,0.005692076997414178,8257409790.726929
2022-02-07,707.5096208566665,710.7381333465257,683.1321097339879,686.9454956054688,12268042,-0.036647061366174016,-0.03733543522785558,8427476191.798706
2022-02-08,690.8057526569561,691.7649108616467,675.9031883160477,683.997802734375,13981130,-0.004291014192466136,-0.00430024701544865,9563062199.743652
2022-02-09,689.6827595813908,701.7077346460622,686.4074683215063,700.7251586914062,11308342,0.02445527732715136,0.02416103457381078,7924039742.486694
2022-02-10,708.3986816790235,718.4585044373451,702.6201437504593,713.5923461914062,14314530,0.01836267378215628,0.018196115765088165,10214739047.32727
2022-02-11,701.965063867404,713.5455573389709,701.614139822811,710.66796875,10711104,-0.004098106512792965,-0.004106526763885491,7612038522.75
2022-02-14,697.1691307967247,701.5907510950923,687.4836496114692,689.5423583984375,14656620,-0.02972641413502919,-0.030177199969091104,10106360320.949707
2022-02-15,690.6185668794573,713.4988275713342,689.2382883898335,710.1767578125,13135066,0.029924774254606934,0.02948576487011541,9328218585.533203
2022-02-16,717.9203728269758,718.1075437339092,705.1233545574205,709.2174682617188,10032264,-0.0013507757614260596,-0.0013516888813777128,7115056875.013184
2022-02-17,707.9775856519622,712.1418959411561,702.7839209616402,704.8894653320312,7351208,-0.006102504694780575,-0.006121201078542994,5181789076.664551
2022-02-18,701.0527049227635,709.8023885133234,697.3796541208723,707.6266479492188,7796128,0.0038831373595549223,0.0038756174426387295,5516747923.623047
2022-02-21,703.7195832911957,716.2124546426367,699.7658624683879,712.1885375976562,7468066,0.006446746545877513,0.006426055155851082,5318671003.222778
2022-02-22,697.0755159478297,712.1886099012698,696.209857647376,706.8545532226562,9536196,-0.007489567850940904,-0.007517755494611807,6740703563.023682
2022-02-23,713.5922906483737,713.8730184429812,699.8126968823015,702.2691650390625,9029562,-0.0064870321096303085,-0.006508164342316623,6341182966.408447
2022-02-24,678.4063475939694,690.1271759497945,658.4036778434378,664.1354370117188,23630766,-0.05430072958595955,-0.05583065643813804,15694029104.331665
2022-02-25,673.7507362909885,685.8927422957805,670.4286668157401,681.3073120117188,18318654,0.025855983648854775,0.025527370082252886,12480632916.41272
2022-02-28,667.2235404627246,673.0956919438478,661.6321738924195,667.3405151367188,24880832,-0.020499995565525064,-0.020713037070257356,16603987243.910156
2022-03-02,648.7415860755369,654.3095923595013,633.7220483369093,643.0098266601562,38505560,-0.03645918077007182,-0.037140426451755866,24759453461.052246
2022-03-03,646.1681843541296,651.315070688594,637.6992282634567,641.4891967773438,17527922,-0.0023648625880428042,-0.0023676632919641897,11243972604.955933
2022-03-04,636.3422642528815,648.5076310694807,625.5338151583654,639.3836059570312,21219364,-0.0032823480596250176,-0.0032877467809092134,13567313470.434814
2022-03-07,616.9244686053191,623.4048545200336,606.8880638056838,619.8722534179688,27054458,-0.03051587866388572,-0.030991182632508534,16770307845.461792
2022-03-08,609.2976870802052,624.1768891432812,604.5251430083352,621.2759399414062,39212492,0.002264477101044049,0.0022619170368495356,24361777824.744873
2022-03-09,622.3052828761213,643.2203323186494,617.0882008482499,641.559326171875,23134694,0.03264795065519799,0.032126329200284236,14842278693.83252
2022-03-10,667.6915283883826,667.6915283883826,645.8172614282165,651.642578125,22273206,0.015716788053399267,0.015594558381807795,14514169380.949219
2022-03-11,649.4434424176493,659.2458980426811,642.284568944958,653.5609741210938,15150780,0.002943938994308226,0.002939614091993712,9901958535.494385
2022-03-14,662.0766532654897,678.4531075865442,662.0766532654897,674.96728515625,25018126,0.03275334954622,0.032228390616729774,16886416585.916992
2022-03-15,675.4118058493968,678.219198184067,660.5560214117672,666.2877807617188,18867928,-0.0128591482660112,-0.012942542806319086,12571469874.691895
2022-03-16,677.0494904640341,680.7926804596888,671.9961611232817,677.5875854492188,13364108,0.016959345516710078,0.016817141357581965,9055353671.402588
2022-03-17,688.746881415176,697.0755010615136,688.0684511517023,692.5134887695312,14823954,0.0220280058856408,0.021788894425274822,10265788101.899048
2022-03-21,695.7653214050149,698.8768589798646,689.1211831460807,695.5313720703125,12257876,0.004357869340774201,0.004348401325129159,8525737312.947754
2022-03-22,693.0984136042903,700.912299571318,681.8220084853747,699.1109008789062,10461814,0.005146466359869484,0.005133268563848233,7313968210.367554
2022-03-23,705.1233492347262,710.6445768066046,689.4955210466934,692.13916015625,31188256,-0.009972295831593425,-0.010022352236555012,21586613314.578125
2022-03-24,685.93952279829,687.6473645478017,671.22413091639,675.0140991210938,20160044,-0.024742222404075864,-0.02505345565057626,13608313938.901611
2022-03-25,678.9209874344103,679.3888861163086,663.9482296136653,669.5162353515625,16366462,-0.008144813236775073,-0.008178163438998746,10957612024.264404
2022-03-28,669.5163154473864,672.8383850629837,655.8068595810566,670.4053344726562,15754886,0.0013279724585422148,0.001327091482971504,10562159618.40857
2022-03-29,674.2420203619799,683.2490702523118,669.0951347103618,679.2953491210938,12377448,0.0132606561900801,0.013173503312903883,8407942860.388184
2022-03-30,688.7469124751822,693.7768236906089,680.3481533388308,691.06298828125,20109742,0.017323303001237633,0.017174965270277752,13897098400.08496
2022-03-31,688.2789990989702,694.6891885485168,685.8927271127579,687.974853515625,14295714,-0.004468673359725894,-0.004478687725613632,9835091745.05127
2022-04-01,690.8056661643701,706.5270513810643,687.9514954595828,704.6554565429688,14568556,0.024245948732143363,0.023956682086416506,10265812479.351807
2022-04-04,739.2800143171792,805.7684143080922,731.1152040942818,775.2146606445312,97450970,0.10013291381822986,0.09543100324872385,75545420638.0304
2022-04-05,779.8468281909389,779.8468281909389,749.5738017412657,752.4981689453125,30922582,-0.029303485669803675,-0.029741409153069456,23269186334.06128
2022-04-06,742.8827416727144,743.8653746340015,724.0030405883982,725.6406860351562,27027860,-0.03569109403654658,-0.036343593831320076,19612514872.46216
2022-04-07,721.1722998718208,721.1956605372436,708.2582498667109,709.6853637695312,40781732,-0.021987910232547203,-0.022233247298313358,28942198309.571533
2022-04-08,707.5096552211411,713.8964842819717,700.5847883163185,708.7028198242188,41256322,-0.0013844782427154811,-0.0013854375182173581,29238471736.975952
2022-04-11,704.6554214956503,706.5270162406587,698.6897132459362,700.046630859375,20799066,-0.012214130835532355,-0.012289336338871013,14560316078.321777
2022-04-12,694.3616640533457,705.0531378211556,692.5602654991568,698.8067016601562,27435402,-0.0017712094374293663,-0.0017727798835315927,19172042780.340454
2022-04-13,697.1690664926792,702.9242433781278,684.3720484068768,685.4481811523438,28892520,-0.019116188319425964,-0.019301265085034287,19804325282.907715
2022-04-18,663.8781640232578,669.8672911766866,650.402713602867,652.9293212890625,45620376,-0.047441747979565796,-0.04860401687445888,29786881138.631836
2022-04-19,646.1213247578577,650.1686599267982,620.9015734629207,628.0136108398438,74096022,-0.038159889036731065,-0.03890704694986901,46533310325.0885
2022-04-20,633.7454320872375,636.2955145164841,624.8085774843098,633.67529296875,49325736,0.00901522201299887,0.008974827494542844,31256500210.69922
2022-04-21,638.6817987018899,645.6067231021995,633.2074061310639,643.056640625,52446270,0.014804660620897359,0.014696141382125638,33725922199.51172
2022-04-22,636.3422741404268,643.524508237747,631.2655843325418,634.2835083007812,20659148,-0.013642860939422019,-0.013736779961121834,13103756871.945068
2022-04-25,631.6633698967772,641.3254913855457,618.6791784044545,639.0327758789062,20935488,0.007487610060756822,0.007459717056638742,13378463011.019531
2022-04-26,641.9570509671229,646.6126204361926,635.0087663212903,641.98046875,17016842,0.004612741290209277,0.004602135202024881,10924480203.804688
2022-04-27,636.3422646708045,645.2323404272349,634.5174482238076,642.2144165039062,18054334,0.00036441568753908804,0.00036434930426933936,11594753575.176636
2022-04-28,641.9570386552584,645.2323296688057,637.3248299413617,641.6528930664062,20773722,-0.0008743550799698019,-0.0008747375513328411,13329518821.057251
2022-04-29,645.8639695553754,657.2807094431166,641.7464951987836,647.8525390625,28401476,0.009661993366017807,0.009615614808356474,18399968339.722656
2022-05-02,637.3015513975251,658.0762113815073,637.3015513975251,656.7894897460938,19494316,0.013794729733600075,0.01370044851586851,12803661858.589111
2022-05-04,655.0581220328631,656.7425457804977,631.663189103118,634.4705810546875,29055916,-0.033981829855460166,-0.03457263527308206,18435123907.59619
2022-05-05,643.3607691923194,643.3607691923194,630.0256550672423,633.0435791015625,17862912,-0.002249122332438014,-0.0022516554069134578,11308001745.65625
2022-05-06,622.3053126249852,624.6448062814701,614.3510341929365,616.5033569335938,26731268,-0.026128094042819572,-0.026475497379231425,16479916457.091553
2022-05-09,608.2683736009221,620.6676904474025,606.162829230765,617.55615234375,32762434,0.0017076880414612639,0.001706231600100374,20232642682.456055
2022-05-10,615.3102195153957,633.0669526579659,615.3102195153957,627.4755859375,20113812,0.016062399437045016,0.01593476403910272,12620925970.136719
2022-05-11,633.0670056593522,634.0028031547836,621.6736825757839,631.0082397460938,17102924,0.005629946228610017,0.00561415731411497,10792085967.75122
2022-05-12,625.328158341983,628.0262253837076,612.0273436365588,616.784423828125,22382290,-0.022541410748760038,-0.022799351957343575,13805047841.604004
2022-05-13,620.0977504004504,623.8607721581939,609.1872638600877,611.2462768554688,16768238,-0.008979064254384439,-0.009019618996775029,10249523046.926392
2022-05-16,614.867343445593,621.0207502699137,608.382622442987,617.7546997070312,9804356,0.010647791402582873,0.010591502884762528,6056686996.60083
2022-05-17,621.3047820818717,623.3874853125446,614.4886886817793,621.9674682617188,16641444,0.006819484427533107,0.006796336920060848,10350436792.89917
2022-05-18,626.7245072423251,631.1028928608465,620.0740713797754,621.9201049804688,15732384,-7.615073724409616e-05,-7.61536368586937e-05,9784285908.873047
2022-05-19,608.8085531555822,613.636645262878,605.0692215597546,609.2109375,20537506,-0.02043537003980256,-0.020647061170727204,12511673284.171875
2022-05-20,616.7607290100877,626.7954928932373,611.7196570057959,625.2571411132812,13919350,0.026339322926685282,0.02599841617150076,8703172987.155151
2022-05-23,621.9674599302327,629.5171940370686,614.9146971161438,617.2340698242188,19486320,-0.012831634797128899,-0.012914671317245283,12027620599.49707
2022-05-24,615.3407344006453,627.1742100621962,613.8733949747416,624.3104858398438,12870796,0.01146472037365065,0.011399498494062223,8035372903.905518
2022-05-25,629.5408840910824,632.3572280918651,626.3221557067814,628.972900390625,12887112,0.007468102260863363,0.007440354050519275,8105644212.298828
2022-05-26,635.2919163568214,648.9477342187919,634.2742260052379,646.912353515625,26992428,0.0285218220274015,0.028122647219189983,17461735124.581055
2022-05-27,649.326445570491,660.1658621498103,648.8294165218157,658.9115600585938,24031718,0.018548426966588982,0.018378502895168947,15834776798.268188
2022-05-30,667.5262901343535,672.3780146327596,661.9408671117387,663.4082641601562,12624674,0.00682444257187198,0.006801261469304539,8375313063.927856
2022-05-31,660.7338934097787,664.9466218858126,653.2077920753914,657.4441528320312,13485388,-0.008990107073319709,-0.00903076193035168,8865889489.27124
2022-06-01,653.2078653942101,662.8876255046422,652.8055387723787,660.2369384765625,12091896,0.004247943543951083,0.004238946502059629,7983516395.416992
2022-06-02,656.6395165606611,656.9945208046117,652.5451227243029,655.621826171875,11475020,-0.006990084976669864,-0.0070146300690590024,7523273567.758789
2022-06-03,661.8699556291225,663.0296130823147,651.4564974904033,653.349853515625,6957244,-0.0034653706840662712,-0.0034713889888491533,4545514348.272461
2022-06-06,651.4564275288357,656.521131240136,644.0486613195667,652.4740600585938,6173266,-0.0013404662943118373,-0.0013413655229352003,4027895930.841675
2022-06-07,644.6877488651877,650.5098419561832,640.9483590300321,644.9717407226562,10253966,-0.011498264521448975,-0.011564880704265083,6613518300.330933
2022-06-08,650.0365474302195,653.6812350419457,642.3210977204348,647.2438354492188,5986588,0.0035227818260947785,0.0035165913643683804,3874782178.3742676
2022-06-09,644.8060759244232,654.178211573515,642.3920584937911,652.119140625,7311816,0.007532408821472325,0.007504181886072779,4768175166.328125
2022-06-10,643.7883099305161,647.5040092218784,635.9782170663667,639.5282592773438,9155430,-0.01930763960645132,-0.019496466566739517,5855156210.835571
2022-06-13,626.5114406288128,629.5408215518057,619.2693891545304,627.9314575195312,10892572,-0.01813336875983662,-0.018299793252201862,6839788612.096436
2022-06-14,620.6658087125638,627.6475594683392,617.7074397482523,621.0208129882812,11870356,-0.011005412212582222,-0.011066419783480748,7371738133.580322
2022-06-15,616.1216730760376,622.8194309622124,614.5833214454613,618.8670043945312,11810470,-0.003468174574353,-0.0034742026334018076,7309110189.3914795
2022-06-16,620.0741258201614,625.067875670894,604.9272769451651,606.4893188476562,12169192,-0.020000558211993757,-0.020203276921756937,7380484967.006348
2022-06-17,603.5072629824699,614.867399697434,601.8978987250547,610.489013671875,14723922,0.006594831433830217,0.006573180669640461,8988792619.161621
2022-06-20,617.5653947653956,627.1741999600592,612.5717027850421,625.8251953125,15936840,0.025121142718659728,0.024810793624922542,9973676005.664062
2022-06-21,632.8069534891858,640.9010392530179,626.72455857973,632.6412963867188,13220684,0.010891381691360724,0.010832497759557842,8363950664.87915
2022-06-22,630.6058576498191,632.8305277490141,626.3221167580701,629.6591796875,8159698,-0.00471375598818935,-0.0047249007722678996,5137828749.177734
2022-06-23,629.7775387566263,638.0609712468488,624.097470763331,631.9785766601562,15372244,0.003683575253849769,0.003676807505107257,9714928883.192627
2022-06-24,633.5879763381755,644.5220962821917,633.5879763381755,640.806396484375,8013432,0.013968542843448173,0.013871881850937145,5135058483.392578
2022-06-27,648.4744145125288,651.3144484447005,639.9543127160139,641.9660034179688,9804164,0.0018096057404477506,0.0018079703765918054,6293939979.934326
2022-06-28,636.1676608819845,639.4810341157448,633.5169738511049,637.0670166015625,9770574,-0.007631224691530325,-0.0076604914760233685,6224510428.664795
2022-06-29,630.1325387583134,639.3626491851958,630.1325387583134,636.1439208984375,9994046,-0.001448977390242634,-0.0014500281731444546,6357651608.079346
2022-06-30,632.3809061022116,640.9010081305348,632.3809061022116,638.0609741210938,12475822,0.0030135526878081187,0.0030090210398642406,7960335138.281372
2022-07-01,636.1439086225995,643.7410224780701,629.5645429261943,640.7826538085938,11472452,0.004265547961539218,0.0042564762997563226,7351348238.251709
2022-07-04,640.7589611464242,643.8356645501927,635.3392528781949,641.6820068359375,8487480,0.0014035227420690077,0.0014025387246448695,5446263199.379883
2022-07-05,645.6344186304245,652.9001609789714,638.203019182199,640.2383422851562,14325718,-0.0022498130466518385,-0.0022523476783695554,9171873944.364624
2022-07-06,638.0610293698724,650.0838526070064,637.6350126754401,649.066162109375,15049078,0.013788333564513255,0.013694139359708528,9767847300.744629
2022-07-07,653.2078656726364,661.7279682683665,650.5808109266956,660.6866455078125,17743142,0.017903388093245542,0.01774500998348287,11722656968.74878
2022-07-08,667.4079643038475,667.4079643038475,660.1895448317669,661.3018798828125,12474030,0.0009312044963873944,0.0009307711944546234,8249099488.7146
2022-07-11,659.8346125475413,667.3607147345925,659.4796082724978,665.585693359375,7462880,0.00647784862992018,0.006456957539496929,4967186159.2578125
2022-07-12,665.1597222843478,665.1597222843478,657.6573096467703,658.7933349609375,9876974,-0.01020508473395032,-0.010257513610250377,6506884640.782471
2022-07-13,657.9412500032589,659.9292508118748,641.019379724398,642.723388671875,15945610,-0.02439300071245465,-0.0246954383246299,10248616493.640137
2022-07-14,644.6877388120965,649.7288108809627,638.6526663672696,639.5046997070312,10372410,-0.0050078914531099805,-0.005020472963648937,6633204942.288208
2022-07-15,640.4276239716492,646.0603692493304,637.4929454810771,644.7113647460938,13595646,0.008141715051426246,0.008108750096078665,8765267487.26477
2022-07-18,638.0610019086649,646.628426654129,635.2446578389066,637.8480224609375,20332220,-0.010645604623177762,-0.010702674462070197,12968866319.240723
2022-07-19,632.8542367511087,643.0547152126437,632.8542367511087,638.0846557617188,15792538,0.0003709869631143281,0.00037091816446600286,10076976173.333862
2022-07-20,643.6937621519263,648.9951362061317,641.4927240936499,646.1314697265625,20347862,0.012610887743786492,0.012532032761110968,13147393979.853271
2022-07-21,644.0014246445072,648.237785747247,642.8417093809554,644.0960693359375,12640278,-0.003150133503768804,-0.003155105618944713,8141553375.113525
2022-07-22,646.5810889636165,661.2545983032007,644.877080080309,659.1245727539062,12729592,0.02333270475235638,0.023064658682295763,8390386888.331543
2022-07-25,660.3079157258574,664.8519586435416,654.7698724481547,661.0652465820312,10143126,0.002944320251961896,0.002939994230470432,6705268090.302612
2022-07-26,660.7812603349215,663.6212944051289,656.189895033676,659.7162475585938,8527964,-0.002040644294057703,-0.0020427292455375695,5626036409.394775
2022-07-27,657.4205091247603,665.5145939819267,655.219471350983,664.7572631835938,9212778,0.007641187622186463,0.007612141618188922,6124261089.598022
2022-07-28,669.7984150425293,674.0347762331419,667.8813688658449,670.650390625,17420406,0.008865081688891108,0.008826017553626738,11683002088.746094
2022-07-29,680.6614431431668,680.9454349708267,669.916671568808,678.8627319335938,20019736,0.012245338888031476,0.012170971215191412,13590652673.549316
2022-08-01,681.1347798374608,685.6078100048894,676.8984191557296,684.5191650390625,13193036,0.008332219223991855,0.00829769791225843,9030885987.050293
2022-08-02,682.5547747266103,683.7854444563982,673.5850246203694,676.9930419921875,15036510,-0.01099475870254929,-0.011055647780494313,10179612645.845947
2022-08-03,674.4843417078575,679.5964256924633,670.7213200112976,678.5787353515625,10975498,0.0023422594635666982,0.002339520649710764,7447739552.6936035
2022-08-04,681.6081431357295,684.7794912450086,668.8043003902649,677.7741088867188,12012206,-0.0011857525485630127,-0.001186456109337203,8141562217.413696
2022-08-05,678.2947372860145,680.164403086726,672.6856821032446,675.4783935546875,9268982,-0.003387139316670118,-0.0033928886592660616,6260997071.247314
2022-08-08,675.9280128752218,693.2048843527748,675.5019962689638,692.0452270507812,15357736,0.024526074637134077,0.024230139458482396,10628247897.105957
2022-08-10,691.7139440904666,696.5183465521361,685.8919089915445,694.0570068359375,17353102,0.0029070062280895925,0.002902789056403929,12044042033.43872
2022-08-11,703.6184404151097,705.748465966316,697.9620623413853,703.23974609375,18301766,0.013230525976064555,0.013143766974267996,12870529274.907227
2022-08-12,702.9084187458374,704.9437995689399,698.6246776607533,702.9794311523438,8850370,-0.0003701652855263582,-0.0003702338136073288,6221628068.087769
2022-08-16,707.5471540191029,714.0318751491698,704.3521157975206,711.0261840820312,12563756,0.011446640645654593,0.011381623535875792,8933159486.417725
2022-08-17,710.0085123405493,716.0435846954439,703.2634314733141,714.694580078125,12384350,0.005159298037427096,0.005146034460245723,8851027822.790527
2022-08-18,710.008526430319,716.5879503313682,709.8428693302802,715.5465698242188,8342138,0.0011921032701838197,0.0011913932792793956,5969188230.900269
2022-08-19,714.7418221764153,715.6885000865827,705.275043074741,706.71875,8063702,-0.012337170208764126,-0.012413904872041139,5698769397.8125
2022-08-22,702.8137823590608,704.494101169479,694.7196390958088,695.9739990234375,8234066,-0.015203715730709666,-0.015320477200560602,5730695842.24292
2022-08-23,687.9035146287083,698.6245955512792,686.5308201265982,693.8202514648438,14966884,-0.003094580489523713,-0.0030993786050535197,10384327220.525146
2022-08-24,691.9742490093071,698.4116474192263,690.6961991270781,697.1572875976562,13455520,0.004809655131523094,0.0047981256939142874,9380613826.416016
2022-08-25,700.4943803550603,703.7604309305221,689.6549059666497,693.37060546875,11823040,-0.005431603737450441,-0.005446408530546318,8197748403.28125
2022-08-26,696.778693332773,701.3937485514476,691.642918993121,693.4889526367188,7706176,0.0001706838551207568,0.00017066929028885489,5344147923.074219
2022-08-29,680.1880716427379,684.4481221958239,676.2120129037309,681.3240966796875,8653178,-0.017541528110547655,-0.017697203929024324,5895618684.258545
2022-08-30,684.6611742208433,705.251420744394,683.0755001251575,703.4290771484375,10135400,0.03244414893950576,0.03192895135317139,7129535068.530273
2022-09-01,693.3232687724303,705.014718429371,690.6015696459982,696.8259887695312,22403136,-0.009386999476441726,-0.009431335026010717,15611087394.738281
2022-09-02,696.8260165078848,705.5117755531663,693.5362758079048,703.1450805664062,12038086,0.009068392825062999,0.009027521854365688,8464520950.335327
2022-09-05,703.4290477623429,709.5351321703702,702.482369800808,707.6654663085938,12131932,0.006428809455007789,0.0064082328013426535,8585349316.00415
2022-09-06,709.4878176550125,713.156194796427,703.5947126110668,704.9674072265625,12238696,-0.0038126193950160925,-0.0038199059548242073,8627881786.954102
2022-09-07,696.4236424775478,705.2750580128373,696.4236424775478,701.63037109375,9776206,-0.0047336034242219105,-0.004744842406192597,6859283043.668945
2022-09-08,705.3223942153467,710.0084616181538,701.5593724810251,708.8724365234375,11164690,0.010321767312321484,0.010268861614206341,7914341003.328857
2022-09-09,708.2098000210051,714.2685624302175,707.1921673792319,709.3458251953125,15128888,0.0006678051613864255,0.0006675822787422384,10731613542.64746
2022-09-12,710.0084575913257,711.9018134782359,705.2750678740501,706.9554443359375,11080492,-0.0033698384828257932,-0.003375529176601816,7833414145.320801
2022-09-13,709.4878378356536,717.5346008263482,709.3221807419732,716.209228515625,13001966,0.0130896285668749,0.01300469970091453,9312128038.046387
2022-09-14,707.1921240116534,728.4213656433966,706.3874130797399,723.5696411132812,20219760,0.01027690276053983,0.01022445442691723,14630404486.59668
2022-09-15,724.2086553128241,729.3916941454547,715.6885534856144,719.8065795898438,13539372,-0.005200690174960498,-0.005214260835758293,9745729049.114502
2022-09-16,711.4757677925938,716.9664880842785,701.9616664055304,706.5767211914062,20560046,-0.01837974085479477,-0.018550746897431233,14527249890.224487
2022-09-19,704.8017976896979,716.6352731378123,700.5417465283766,711.2391967773438,12076038,0.0065986826994184344,0.006577006695863161,8588951567.372681
2022-09-20,716.6352314664156,721.3686213704209,714.694553161901,719.8065795898438,10781668,0.012045712400721387,0.01197374020156803,7760715565.3532715
2022-09-21,713.7952277007117,720.1853043412685,712.3752106694769,718.6942749023438,9072304,-0.0015452827454478513,-0.0015464779262497393,6520212944.973633
2022-09-22,710.955137435071,714.812861621089,701.8433622049612,703.3817138671875,12048144,-0.021306084617463972,-0.02153633561011413,8474444175.638672
2022-09-23,696.920622977358,698.1749828076821,680.1881018946707,684.5191650390625,15806252,-0.02681694513270594,-0.02718307999244687,10819682421.437012
2022-09-26,674.6736987181858,679.9277498021432,671.1946687964193,675.2890625,8923486,-0.013484067372366071,-0.013575802988322488,6025932495.171875
2022-09-27,678.0108702495844,681.6082354918846,665.9880467618623,669.2304077148438,12639700,-0.008971942715503722,-0.009012432959592507,8458871584.393311
2022-09-28,665.5146754065687,667.6920233859096,656.0005724707542,657.728271484375,11816132,-0.017187109398904887,-0.01733652222139912,7771804075.991211
2022-09-29,660.9232428535685,663.7158966193714,652.6398106789119,654.3201293945312,14410388,-0.005181687085081821,-0.005195158582479007,9429006940.7854
2022-09-30,652.6397367290334,677.5609850519058,646.1076364134799,672.7802734375,15781756,0.02821270997737857,0.027822061949151246,10617654117.003906
2022-10-03,667.3842557736752,671.1236451823496,663.1952174570123,668.922607421875,11541112,-0.005733916655901172,-0.005750418667014678,7720110731.587891
2022-10-04,676.638129699665,690.1282917818199,675.0524555373647,687.7615966796875,11538526,0.028163182181001112,0.02777389196566146,7935755065.090088
2022-10-06,691.051216767887,692.3055766138067,678.8627381029233,680.1881103515625,12549198,-0.011011790080585504,-0.011072868644422005,8535815274.047607
2022-10-07,676.9930584243101,679.2177284598232,672.3069910888432,677.25341796875,13297994,-0.004314530551402407,-0.004323864997185311,9006111888.62793
2022-10-10,666.4612853356891,674.9813869948101,661.8225402090238,669.774658203125,13109302,-0.011042778917315199,-0.011104203014163976,8780278266.331543
2022-10-11,663.195218193418,670.721319359864,662.4141973381068,662.9822387695312,14521620,-0.010141350304020857,-0.010193124132132062,9627576138.1604
2022-10-12,664.1892708246992,669.7036818066864,661.3966169107936,667.3133544921875,9225050,0.0065327779077379855,0.006511531794701847,6155999060.858154
2022-10-13,663.6450131620727,665.6330139849169,655.1012205192,659.645263671875,14714234,-0.011490989605846824,-0.011557521193835135,9706174766.659668
2022-10-14,670.7213685736215,684.9215386916234,669.8930253167381,681.1348266601562,12849920,0.0325774536281227,0.032058058659977635,8752528031.796875
2022-10-17,679.2414685381723,689.9389184377674,675.4547565184473,684.7085571289062,18410500,0.005246729911423387,0.005233013779682619,12605826891.021729
2022-10-18,690.1519292027847,692.4476117206183,681.6081374235195,683.4304809570312,10561108,-0.0018665988011514756,-0.001868343067595442,7217783119.87915
2022-10-19,692.9682038077501,699.3109571200404,687.9508226313887,690.4358520507812,12967040,0.01025030531845772,0.010198127197095926,8952909310.976562
2022-10-20,683.5014484474541,687.7141766872251,682.7914400176263,685.7734985351562,7898078,-0.0067527685617375655,-0.006775671667842606,5416292581.76355
2022-10-21,687.2881883606218,689.9625651125049,678.768086852019,680.9454345703125,10492606,-0.0070403186695850994,-0.007065218651097899,7144892152.445068
2022-10-24,688.3769222390107,692.4949483754677,688.3769222390107,691.5719604492188,2167794,0.015605546846219509,0.015485032478035897,1499185546.4300537
2022-10-25,691.5955514291327,694.7669571686256,683.9748056352751,686.7675170898438,13773394,-0.006947134404139521,-0.006971378090364101,9459119599.280151
2022-10-27,693.204906271337,694.5539107499477,686.9331650572058,688.4241943359375,15937276,0.002412282475318328,0.002409377592608505,10971606390.209473
2022-10-28,686.3415077571179,694.3882702618566,685.1108379889911,690.4595336914062,10474278,0.002956519210415065,0.00295215730275529,7232065103.634155
2022-10-31,696.7550217495098,709.061835992368,694.5066614551414,708.4464721679688,12830528,0.026050677264746858,0.025717138574343722,9089742297.652344
2022-11-01,711.6652179833346,723.7353630173054,709.487870043139,716.2802734375,19073756,0.011057717946648005,0.010997028365884471,13662155163.160156
2022-11-02,718.0551695029621,723.3802325595925,715.499127679653,716.7297973632812,12720406,0.0006275810495575129,0.0006273842029244697,9117094014.758667
2022-11-03,708.9198397362794,719.5936579391653,708.5885255286502,713.582275390625,10332352,-0.004391504279904979,-0.004401175258640746,7372983250.296875
2022-11-04,711.5231511022943,717.6292356675809,705.0857523541924,708.6594848632812,10818060,-0.006898700678417136,-0.006922606724487778,7666320826.820068
2022-11-07,714.7418117505617,715.6884896469201,706.2690330220277,714.173828125,9835834,0.007781372266233877,0.007751253531554869,7024495220.582031
2022-11-09,717.1322211596956,718.504857932011,711.9018024905791,713.9608154296875,9269790,-0.00029826449377423625,-0.0002983089834750448,6618266827.261963
2022-11-10,708.6357381129083,722.7885844263019,707.6654279233491,721.7235717773438,12774182,0.010872804473147868,0.010814120524130973,9219428259.573853
2022-11-11,731.3087317757319,774.8559183927981,727.9953588809551,762.6201171875,56722338,0.05666510975863348,0.05511782580545163,43257596052.708984
2022-11-14,763.0224185196467,770.5958420285266,756.3956729493768,764.4661254882812,19195390,0.002420613171849162,0.0024176882069733923,14674225420.536499
2022-11-15,768.3001837702703,768.3001837702703,759.8274043968535,766.3358154296875,11030202,0.002445745964495316,0.002442759995457386,8452838844.02417
2022-11-16,766.1701417887546,777.2225952750589,763.0224260556607,772.9152221679688,13578150,0.008585539923632757,0.008548893777656521,10494758823.880005
2022-11-17,765.9098426520217,772.2762870225876,763.9218419167568,765.9335327148438,12100930,-0.0090329304597494,-0.009073974729740683,9268508064.035034
2022-11-18,767.2825092660813,768.2291872540715,759.8274201106582,763.9218139648438,10459232,-0.0026264925924701643,-0.002629947875649186,7990035482.119141
2022-11-21,760.9635501883442,763.0225635400307,752.7037489357293,756.088134765625,8344816,-0.010254556233393886,-0.01030749642492564,6309416364.402344
2022-11-22,757.3424642437304,759.4014775122641,753.0824128823594,754.9757690429688,8546314,-0.0014712117166090222,-0.0014722950112007296,6452259984.63269
2022-11-23,759.7090850341104,759.7090850341104,754.5023561024125,756.9400634765625,10185738,0.0026017979836410188,0.002598419166664382,7709993168.275635
2022-11-24,760.1587437409996,772.4892478000642,756.9400732102165,769.2468872070312,17197960,0.01625865022118722,0.01612789374642451,13229477196.311035
2022-11-25,771.400538611901,772.3472166038309,764.0164618309748,765.6968383789062,8410496,-0.004614966777460094,-0.004625648613521126,6439890196.3984375
2022-11-28,758.7151143331906,760.8687721706614,754.526075630677,757.4607543945312,16105980,-0.010756324920724536,-0.010814592389531655,12199647761.063232
2022-11-29,756.0407151883402,763.188122507995,753.958012039269,756.32470703125,12638236,-0.0014998101970171707,-0.0015009360381702105,9558610140.091797
2022-11-30,755.9697158820187,763.448495298528,755.9697158820187,761.3421020507812,15184806,0.0066339165875271,0.006612008998254591,11560832119.273315
2022-12-01,767.7558572644913,774.8559422576894,764.4424842676656,766.572509765625,20446366,0.006869983547153069,0.006846492736470157,15673622100.206543
2022-12-02,762.075758564348,766.1464622403034,759.7800760651729,760.7030639648438,7811078,-0.007656739220371689,-0.007686202539773512,5941910967.468384
2022-12-05,762.052089952201,764.2531278294877,755.5436787874839,763.4721069335938,11592622,0.003640110182174805,0.003633501014981011,8850643543.224731
2022-12-06,757.8157149339461,763.827096930786,757.342375948978,762.6201171875,12353092,-0.0011159408947049032,-0.0011165640203692178,9420716468.667969
2022-12-07,764.0402686155451,766.1466043571188,759.4488449848689,762.2888793945312,11674720,-0.00043434179810297735,-0.00043443615182393267,8899509226.044922
2022-12-08,762.0757892699328,769.6492132626774,759.7090942722001,766.572509765625,14803634,0.005619431801886066,0.005603701696985738,11348058869.031738
2022-12-09,769.649226714661,773.8382653777363,766.8091926677436,772.0396118164062,11963384,0.007131878564824667,0.007106566993673819,9236206339.370605
2022-12-12,769.175858298182,782.7133418481023,767.4718494913106,778.0509643554688,14434808,0.007786326565445645,0.007756169565101795,11231016284.686035
2022-12-13,781.0093040192777,784.322676824208,778.6426091586131,780.2046508789062,17031702,0.00276805327941676,0.002764229275011161,13288213112.78357
2022-12-14,782.4292928873821,788.3460298269417,781.0092760218877,786.8076782226562,14227640,0.008463199157184853,0.008427587074226361,11194416394.987793
2022-12-15,784.3464638441227,790.1921893164714,770.1462929247442,772.3946533203125,18182648,-0.01831835822306893,-0.018488216899658596,14044180098.405273
2022-12-16,766.8327975258877,778.6899036859147,761.6023789583885,776.1102294921875,14647958,0.00481046335044244,0.004798930043862731,11368430044.971924
2022-12-19,778.1692267477486,779.4235865100075,769.7437704018519,778.5242309570312,9604542,0.0031103848050337835,0.0031055575653412076,7477368674.244507
2022-12-20,766.903867720086,774.5719946187421,766.903867720086,773.1519775390625,7174698,-0.006900560322142701,-0.006924479288211123,5547131946.945557
2022-12-21,776.7493009218134,778.5480122385196,760.4427954437242,765.6731567382812,9269198,-0.009673157436117963,-0.009720246335120135,7097176093.092163
2022-12-22,767.850487106121,770.3592068674686,761.6024355451656,763.046142578125,9747096,-0.003430986364138966,-0.003436885695402965,7437484004.138672
2022-12-23,751.1890303820713,759.3068061921712,750.4553317833038,756.2301025390625,10693152,-0.008932670855307578,-0.00897280634982371,8086483433.425781
2022-12-26,757.1057463283763,775.8026372192614,752.6090257343659,771.2822265625,9907322,0.019904158764507685,0.01970866088589416,7641341371.431641
2022-12-27,772.9625880792587,774.3589150189524,763.732477566371,772.063232421875,7926772,0.0010126071008480508,0.0010120947601151133,6119969212.991211
2022-12-28,768.2764702109968,772.9625375674409,768.2764702109968,771.4478759765625,8691870,-0.0007970285586352821,-0.0007973463547698727,6705324649.764404
2022-12-29,766.8564752725806,777.9326190377025,762.5491020807658,776.8912963867188,11012896,0.00705610914187238,0.007031331292288968,8555823050.412109
2022-12-30,778.6426203561981,778.6426203561981,766.8091458826996,770.6668701171875,7122640,-0.008011965507247587,-0.008044233773284584,5489182675.771484
2023-01-02,770.1225318929031,776.1576039774972,766.1228405647803,770.9271850585938,4381378,0.00033777881403751486,0.0003377217796168931,3377723408.2176514
2023-01-03,767.85048648393,777.6959605884185,767.85048648393,775.96826171875,8378030,0.006538978982526311,0.006517692603194758,6501085375.727539
2023-01-04,773.9092723546631,778.9976666530196,760.6557802287117,762.0994873046875,10351600,-0.017872862974245285,-0.01803451156818808,7888949052.783203
2023-01-05,764.4424266422033,765.8861335942461,752.3249607233827,757.2003173828125,10941436,-0.00642851754067153,-0.006449269443345023,8284858811.82373
2023-01-06,758.2890762614053,761.649771597572,747.0235849749788,754.6917114257812,9092462,-0.0033130017241699283,-0.003318501865727544,6862005707.853882
2023-01-09,755.4491100902288,762.809555296411,752.6090758417694,756.1591186523438,10729340,0.0019443796776172917,0.0019424918181994795,8113088278.121338
2023-01-10,757.3424088115413,757.3424088115413,740.7755436187888,742.3375854492188,16371766,-0.018278604148500244,-0.018447721826754828,12153377241.979614
2023-01-11,742.1718091980973,756.3956682495882,738.4087875277582,753.0349731445312,15195798,0.014410408289968313,0.014307565186403437,11442967338.839722
2023-01-12,751.5676897826115,759.1884361515325,749.8399908708047,757.0584106445312,9250070,0.005342962337059776,0.005328739353210508,7002843292.550659
2023-01-13,756.750729788885,762.0284712196939,750.7156575106625,757.6500854492188,9244546,0.000781544457294503,0.0007812392104574342,7004131066.839233
2023-01-16,764.4425457184223,767.4246047675382,748.0177042260798,750.3843994140625,14748094,-0.00958976468780881,-0.009636042581588296,11066739658.692139
2023-01-17,752.5144118779344,762.5491761866309,746.6923187054068,761.55517578125,10786354,0.01488673855148126,0.014777018633378818,8214403716.508789
2023-01-18,759.709052840869,777.033247723356,757.2003331678316,774.9979248046875,19090642,0.017651707257648308,0.017497725262519453,14795207933.189209
2023-01-19,774.8559185317824,781.0093253374716,772.9625625915704,778.2166137695312,11172162,0.0041531581722040745,0.004144557615560425,8694362080.124634
2023-01-20,778.2166322807672,790.002784845069,777.8853180956044,786.1923828125,18843404,0.010248777656307828,0.010196615033925188,14814540691.058594
2023-01-23,788.701120801895,796.4402020140254,786.4054381729433,791.9434814453125,15444400,0.007315128915696967,0.007288503128699748,12231091904.833984
2023-01-24,792.8665656285084,805.812376548019,792.8428755647417,802.5463256835938,24983940,0.013388385013196613,0.013299552590000024,20050769248.099365
2023-01-25,800.6055411527631,801.3391818839766,778.784626308036,780.3703002929688,14704142,-0.02763208139011275,-0.02802102905285746,11474675708.090454
2023-01-27,772.4892355564111,774.8559305182873,752.5853078147762,764.8211669921875,35179948,-0.019925326854371206,-0.020126513132993733,26906368884.084473
2023-01-30,754.9757076943356,769.3179025577755,748.8223006723755,764.0401611328125,18512822,-0.0010211614075045228,-0.0010216831480323806,14144539503.903076
2023-01-31,766.6672147917049,768.087231902103,754.9757636950177,758.9991455078125,18596244,-0.006597841162597873,-0.006619703130855553,14114533305.654785
2023-02-01,768.7025579600521,788.1094575144623,760.1824557166525,770.3829345703125,17302790,0.014998421447343757,0.014887057268249427,13329774136.453857
2023-02-02,761.1764609144216,768.9392323415261,752.0173625008308,758.9281005859375,17497106,-0.014869013149628074,-0.014980665077332221,13279045422.33081
2023-02-03,762.5490574285317,785.9793357294084,760.6557016062386,785.1746826171875,14411100,0.034583753073559986,0.03399917488148911,11315230868.66455
2023-02-06,785.7426930007946,790.1920908907817,779.2105920792565,781.837646484375,11167672,-0.004250055696764621,-0.004259112854871196,8731306393.189453
2023-02-07,785.4586505805794,788.06201475717,772.773143844212,782.9972534179688,10264588,0.0014831812446076675,0.0014820824176776342,8037144211.467041
2023-02-08,783.0209836671545,789.6240391235308,781.0092930638084,782.9026489257812,8444826,-0.00012082353006293012,-0.00012083082981363224,6611476645.11731
2023-02-09,785.7427448206556,786.5237657315753,774.1696293119086,781.2697143554688,11777336,-0.002085744086513186,-0.002087922280006887,9201275932.588379
2023-02-10,780.441316337142,785.0326812308807,777.3172329126792,784.3699951171875,8172116,0.003968259238458227,0.003960406465470326,6409962587.01709
2023-02-13,783.3759959273335,786.5710339771882,778.4296267994425,784.961669921875,5736944,0.0007543312574049832,0.0007540468925765674,4503281142.488281
2023-02-14,788.1093910341734,794.0261282040997,784.7723281580804,792.2274169921875,10908592,0.0092561807139393,0.009213604798486912,8642085663.18164
2023-02-15,794.2627899763636,794.2627899763636,784.204336885185,790.6181030273438,11438712,-0.0020313787813022177,-0.0020334448296040566,9043652782.516113
2023-02-16,791.9907552742181,796.1088390532639,786.2160428519792,787.75439453125,8062500,-0.003622113489595513,-0.003628689226172863,6351269805.908203
2023-02-17,786.2160191131189,789.6004042614547,777.6722277016523,783.802001953125,8956270,-0.005017290421435061,-0.005029919282506384,7019942356.032715
2023-02-20,785.7426501630073,790.2156800893326,773.814531839051,776.4415283203125,8086706,-0.009390730840787898,-0.009435101755673789,6278854365.717041
2023-02-21,776.2759576421577,786.8550727038969,773.4359236507838,779.3526611328125,12389296,0.0037493265188914826,0.003742315313619474,9655630807.16211
2023-02-22,775.8026119130404,777.1989388344294,761.6261321413451,764.0637817382812,10359102,-0.01961740834028647,-0.019812383850866935,7915014649.532593
2023-02-23,763.4957924668398,766.2648140080034,753.6029959990215,758.8807373046875,27882010,-0.0067835232574460225,-0.00680663593422639,21159120306.33667
2023-02-24,765.8151364213195,765.8151364213195,750.336917326773,752.1119384765625,17061740,-0.008919450047138788,-0.008959466469072728,12832338345.183105
2023-02-27,750.6683165199346,756.8690457387776,746.5976127581428,753.981689453125,14312972,0.002486000927401477,0.002482915938894338,10791718809.655273
2023-02-28,753.5557112171675,759.8511432233867,751.993669356785,757.153076171875,18993992,0.004206185326662615,0.004197364056442146,14381359471.583984
2023-03-01,763.0224897194503,763.4958287329239,755.3307307505042,756.41943359375,14137256,-0.0009689488178985517,-0.0009694185522612891,10693695176.089844
2023-03-02,754.5023440243442,760.1587217973406,748.8222761897821,749.98193359375,17391814,-0.008510489966413792,-0.008546910973779635,13043546292.422852
2023-03-03,755.4490119813835,766.8091474999005,751.6623001418777,764.8684692382812,14986234,0.019849192330804843,0.01965476570912033,11462497859.226685
2023-03-06,766.8091895470669,776.0156100994345,765.8862015978312,770.2645874023438,27004710,0.007054962233488782,0.007030192419264637,20800771806.069946
2023-03-08,766.8091679963849,776.039278351897,766.8091679963849,771.8029174804688,20099774,0.001997145011317425,0.001995153368511451,15513064213.898071
2023-03-09,771.5188971092862,779.0923212778464,770.1225701404643,771.8739013671875,20700166,9.19715190381698e-05,9.19672899173165e-05,15977917889.368408
2023-03-10,762.2887256418968,763.8507673644085,750.2422718962587,751.969970703125,27387000,-0.025786505579224128,-0.026124805908487883,20594201587.646484
2023-03-13,751.6149691826986,759.1410704335563,740.7518050492812,742.4558715820312,26443550,-0.012652232790888784,-0.012732953878943437,19633168962.973022
2023-03-14,743.2605460585534,749.5796099935142,738.0775072511518,740.4678344726562,33185612,-0.0026776501950733778,-0.002681241512650991,24572878253.289795
2023-03-15,746.9288948951588,749.2482674050162,727.3326499748621,729.8413696289062,37264754,-0.014351014789613314,-0.014454986534535117,27197359098.244263
2023-03-16,728.4686837227395,737.982785579755,725.1790009533352,734.5747680664062,21753342,0.006485516763603982,0.006464576290851939,15979456154.319214
2023-03-17,737.2255693270333,747.4970035851742,728.9421359638083,744.3966674804688,22950876,0.013370864125807458,0.013282263030426497,17084555610.15747
2023-03-20,742.1718613024195,742.2428737084866,731.4981015299404,739.2371826171875,26503114,-0.0069310961328512555,-0.0069552277500020895,19592087323.94214
2023-03-21,744.0651919987587,749.0589413869266,736.6101030086518,747.615234375,33050494,0.011333374395685825,0.011269632860424279,24709052818.01953
2023-03-22,749.7689910429613,750.7393591246861,740.9175746776272,745.8876342773438,14177324,-0.0023108144647433493,-0.00231348851677492,10574690658.743408
2023-03-23,742.0772502845497,752.7747006046328,737.7225544029504,739.89990234375,28364178,-0.008027659473661908,-0.00806005461992271,20986652532.260742
2023-03-24,738.4087487959376,744.9881716394126,736.0183640289285,738.7164306640625,31477748,-0.0015995024136895575,-0.0016007829833736247,23253129647.902832
2023-03-27,739.4501509534972,747.6152485739262,737.8881669466679,741.9351806640625,31872006,0.004357219991853345,0.00434775479349876,23646962529.736084
2023-03-28,741.1068602762156,749.2483258664123,740.3495294210122,747.9702758789062,39276302,0.008134262092063249,0.008101357299212048,29377506442.443237
2023-03-29,749.7689157853254,758.2890171010677,748.7749155212824,751.567626953125,39763612,0.004809483999871134,0.00479795538139225,29885043509.924805
2023-03-31,755.2598004151715,763.4722216352403,753.7451385197168,761.8629150390625,34711228,0.013698418767283727,0.013605443542401643,26445197348.665527
2023-04-03,760.916103659407,764.7737701383646,758.6440534334533,762.3361206054688,40025398,0.0006211164201135322,0.0006209236071452674,30512806637.009888
2023-04-05,766.1464258287228,783.8493144132652,764.9157560941043,782.7843017578125,43365392,0.026823051669260023,0.026469619771868944,33945748097.17383
2023-04-06,780.3230137466818,790.0974176490104,779.6366375439686,788.7484130859375,44637344,0.0076190993032589915,0.007590220560078802,35207634244.37109
2023-04-10,787.2810834915474,790.9494607030667,782.902697787476,785.009033203125,31813286,-0.00474090320915177,-0.00475217693665123,24973716885.87451
2023-04-11,785.26936780893,790.1921047569881,781.5299783108553,787.3047485351562,42361542,0.0029244444776181933,0.002920176608606189,33351443171.87146
2023-04-12,789.5293687807915,799.0907924607276,789.4347241030233,797.52880859375,26955504,0.012986153173363268,0.012902556045149866,21497790990.164062
2023-04-13,799.138228506588,803.2799446098875,794.3338262706332,801.1025390625,35330086,0.004481004861819793,0.004470995051068169,28303021599.896484
2023-04-17,814.1430025509777,814.1430025509777,782.5713173666323,788.890380859375,32405148,-0.01524418861213006,-0.015361575764559324,25564109547.524414
2023-04-18,790.4761429987975,793.9078508052294,784.0387440490672,785.5534057617188,29637226,-0.004229960433819846,-0.00423893202504451,23281623821.62976
2023-04-19,788.1094206815565,790.6181404482337,784.3937211551915,788.4407348632812,24741168,0.003675535081873571,0.0036687968089295347,19506944679.2959
2023-04-20,791.2807247846998,794.002423833816,788.7720629382435,791.3754272460938,32922716,0.0037221470848045612,0.0037152370368459657,26054228440.601807
2023-04-21,790.0027556575246,793.7657774269219,787.2810565292857,792.6534423828125,20128618,0.0016149290118421256,0.0016136264161965778,15955018348.108643
2023-04-24,798.5228483313539,800.6291836512714,792.4167640167948,799.0671997070312,35675852,0.00809150251708779,0.008058941835891988,28507403154.80249
2023-04-25,798.8541908386393,798.8541908386393,786.6420795569525,787.7070922851562,50353068,-0.014216710967538182,-0.014318736535955294,39663468781.91675
2023-04-26,785.7427019581631,792.8427866144116,783.376007072747,791.328125,27392750,0.004596927906715953,0.004586394302768736,21676653496.09375
2023-04-27,790.7127411596693,797.6944908945422,788.5117034159383,795.6828002929688,47790392,0.005502995730081839,0.005487909569822985,38025992933.65869
2023-04-28,797.4341901096315,800.4162489215953,790.4761299225689,798.806884765625,27916272,0.003926293834057848,0.003918606058828182,22299710270.589844
2023-05-02,799.3274927082318,804.202907194295,796.1561447326687,798.6411743164062,32221184,-0.00020744744741074683,-0.00020746896760872365,25733164227.625
2023-05-03,797.552545393005,802.7829645894082,795.0438832970477,801.4339599609375,29407270,0.003496921689420507,0.0034908216754805177,23567984847.74048
2023-05-04,798.5701525541848,820.9827408858079,798.5701525541848,817.8350830078125,56854638,0.020464721818968634,0.020258133164068097,46497717588.10913
2023-05-05,775.8026458391606,786.1924141095578,767.8032049269116,769.4835815429688,62770416,-0.05912133444681522,-0.06094108973686629,48300804518.62207
2023-05-08,773.9092329312004,781.174974723999,771.5425380292702,778.3822631835938,37244524,0.011564485395232582,0.011498127837996868,28990476882.315674
2023-05-09,780.9619868467801,783.8493430397727,776.2522293745058,778.4059448242188,43688938,3.0424178125709744e-05,3.04237153197894e-05,34007729062.256714
2023-05-10,778.4059313050248,783.2103333766557,773.009855524588,782.0032958984375,46340550,0.0046214331970846345,0.004610787162046047,36238462833.74634
2023-05-11,788.1804223550088,798.9962066051175,780.6543209380866,782.5239868164062,35734618,0.0006658423573144834,0.0006656207826424988,27963195744.721313
2023-05-12,779.5893400518114,791.8015094745331,778.287657790037,789.434814453125,22478760,0.008831457889022065,0.00879268865682525,17745515729.73633
2023-05-15,791.4227244245658,795.5644402371944,788.1566741133377,793.221435546875,18512260,0.0047966228806024525,0.0047851557394874775,14684321452.416992
2023-05-16,800.4030139627808,800.4030139627808,787.0932626645074,788.6732177734375,32722086,-0.005733856360427003,-0.005750358023819309,25807032857.87915
2023-05-17,789.9658807338478,789.9658807338478,778.1642575542323,784.4360961914062,30466868,-0.005372467945587656,-0.00538695154992577,23899310997.098877
2023-05-18,789.0083230433131,791.8569644245696,785.1781855528116,787.572021484375,49646942,0.003997681019772381,0.003989711525607428,39100542471.45752
2023-05-19,789.0082605925772,789.9657948894129,781.1325643784062,788.4816284179688,30460332,0.0011549507966006622,0.001154284354018948,24017412177.511963
2023-05-22,787.5720151966582,791.354287626984,781.6831554747228,785.680908203125,28334032,-0.003552042449566306,-0.003558365930971815,22261507994.816406
2023-05-23,789.487061418846,789.774310031499,782.0422085660649,783.8375854492188,22470074,-0.0023461468067513813,-0.0023489033214736045,17612888549.02527
2023-05-24,779.2176169192138,782.6647175463944,772.5387790945629,773.5921020507812,33588112,-0.013070926412090622,-0.01315710273064126,25983498165.99707
2023-05-25,773.5441866629621,775.62687085873,764.7588197205333,770.6237182617188,29776930,-0.003837143348792371,-0.003844524069971764,22946808515.01892
2023-05-26,775.1241337865805,775.1241337865805,767.1047828039214,773.5921020507812,26635066,0.0038519237323220157,0.0038445240699718736,20604676695.201294
2023-05-29,779.6723723310973,785.6569622323185,777.9248603912886,783.0237426757812,21816292,0.012192007389936865,0.012118283491162807,17082674613.147705
2023-05-30,782.1140640569184,786.4469304713781,779.696324831423,783.6221923828125,37125928,0.0007642804099223799,0.000763988496376285,29092701093.606445
2023-05-31,780.3427069263231,782.7604463317739,768.2538345692759,771.22216796875,43334270,-0.01582398320848588,-0.015950519073633283,33420349656.743164
2023-06-01,775.5550374999791,775.5550374999791,766.0275580579801,767.942626953125,50366938,-0.004252394642989432,-0.0042614617869351215,38678918679.305176
2023-06-02,771.9881679023533,773.1133176055869,766.5063067001975,769.1395263671875,17859710,0.001558579211589306,0.0015573658875540457,13736608890.455322
2023-06-05,772.9696926063541,773.9272270660708,767.2005241092544,768.1341552734375,18697242,-0.0013071374689305193,-0.0013079925183044636,14361990189.613037
2023-06-06,769.6900635841799,770.7433279959911,762.3170373717256,765.740234375,32182852,-0.0031165401017552163,-0.0031214066266351268,24643704633.335938
2023-06-07,767.6792286969496,772.0360568877586,764.1124365028589,769.7139892578125,24949026,0.005189429397105982,0.005176010711897937,19203614330.556885
2023-06-08,767.5835520644657,778.4755064131117,767.5835520644657,770.1928100585938,37395522,0.0006220762613953212,0.0006218828521638632,28801762172.787964
2023-06-09,773.6399676877086,774.8847507794242,769.3789277124094,771.1024780273438,18212578,0.0011810912240024507,0.0011803942844748714,14043764027.066284
2023-06-12,772.0360982895694,773.5920917430839,765.7642009992537,766.4105834960938,13408292,-0.006084657571394314,-0.006103244535504378,10276256895.406006
2023-06-13,761.2876940266594,770.3364055694209,761.2876940266594,767.7031860351562,27926108,0.0016865666613921082,0.0016851460049706517,21438962085.161865
2023-06-14,771.030669041249,771.7727816316626,766.123304890055,766.8654174804688,20113968,-0.0010912662210172952,-0.0010918620855371885,15424706467.50879
2023-06-15,767.942633089082,768.8762058056187,755.9734523987909,757.4337158203125,35377476,-0.012299031153528928,-0.012375290156851725,26796093103.023926
2023-06-16,759.8753597118556,770.4321412189463,758.3672313699111,767.3441162109375,15779272,0.013084181735812939,0.012999323231201735,12108131527.291992
2023-06-19,771.2940091758765,772.8500026766968,765.2375920147995,768.0144653320312,24829146,0.0008735964828971987,0.0008732151195786744,19069143289.840942
2023-06-20,768.0144885841415,771.294032527277,761.5511307696671,769.6183471679688,20005626,0.0020883484730254143,0.0020861709045072664,15396696816.180542
2023-06-21,773.6878294269613,783.8616328770374,771.2939933210611,783.0716552734375,24308946,0.01748049296768195,0.01732946662030315,19035646582.172607
2023-06-22,785.1781832214814,793.580570693625,784.7233777731387,786.9017333984375,56596140,0.004891095341284624,0.004879172794868943,44535600669.660645
2023-06-23,784.0052404143834,794.7056754911911,782.3295552385844,786.8538818359375,21339218,-6.0810086531803975e-05,-6.0811935540075257e-05,16790846518.64331
2023-06-26,787.5720562251119,790.324967667844,779.7681273666705,783.0477294921875,16130314,-0.004837178072845338,-0.004848915083335887,12630805753.696045
2023-06-27,786.5905337191974,800.9296461673263,784.4840048316838,794.083251953125,33831864,0.014093039345244085,0.013994655738126445,26865316584.75586
2023-06-28,799.5412267594668,804.2810337444777,794.9929383437692,802.4856567382812,59562950,0.010581264325232542,0.010525674544143904,47798413048.01941
2023-06-30,815.8193069543128,818.1174128864183,805.8848875767882,814.5745239257812,40699016,0.015064278203594794,0.014951938768003561,33152381582.447754
2023-07-03,819.8888261766497,841.4333500761821,818.6919081822313,823.3838500976562,44104116,0.010814635018806085,0.01075657507648012,36314616837.23364
2023-07-04,825.1313123295552,836.406303333363,820.5112555769142,827.4054565429688,38795188,0.004884242561759677,0.0048723533465497865,32099350238.810303
2023-07-05,821.6841820227852,823.4795589682101,798.8470106542848,801.1211547851562,37165754,-0.03176713611200066,-0.03228265876815863,29774271762.94104
2023-07-06,800.9774632331506,808.0871439109142,794.9450086715105,801.9349975585938,52156544,0.0010158797687169763,0.0010153641120652901,41826157985.30469
2023-07-07,797.1473245803539,801.9349961994551,792.9820736490386,794.9450073242188,19926336,-0.0087164050149392,-0.008754615071383634,15840341317.464844
2023-07-10,795.2322469471919,802.7728296620735,789.8221547014347,793.0538330078125,38398442,-0.0023790001811219152,-0.0023818344981722996,30452031609.628174
2023-07-11,796.1898182223189,802.4137915457645,787.8113925946035,789.1998291015625,50670426,-0.0048597002446012505,-0.004871546984488545,39989091539.70337
2023-07-12,792.5273150200137,797.7698512050471,779.0261026386073,781.8029174804688,70958358,-0.009372672608804922,-0.009416872502272234,55475451304.02356
2023-07-13,793.1735905563402,793.5326659534852,784.2446291019418,785.704833984375,41913546,0.00499092087873132,0.004978507518721563,32931675701.626465
2023-07-14,791.6893499559882,791.6893499559882,782.7842926275915,787.3325805664062,24727214,0.002071702389530694,0.002069559373419279,19468541208.83777
2023-07-17,789.9658626293475,805.2864126924621,781.8268204083179,803.80224609375,49252928,0.020918308137960473,0.020702524363367978,39589614153.09375
2023-07-18,812.9467471445371,815.8193504913376,799.5412648594681,803.1320190429688,81076818,-0.0008338208235152411,-0.0008341686454589987,65115388537.91931
2023-07-19,804.8555610048314,808.5181419226229,801.9350926545632,806.7706298828125,32935134,0.004530526430984061,0.004520294488530761,26571098802.454834
2023-07-20,804.8794475665894,810.0740597242783,804.328853626943,808.51806640625,56210948,0.0021659644745513074,0.002163622155142767,45447566987.822266
2023-07-21,804.3288890002611,809.0208308967337,801.0972104283851,802.2941284179688,42154248,-0.007697957840256842,-0.00772774005766654,33820105658.274902
2023-07-24,803.6107312414538,806.555161158962,799.5890751426567,803.5628662109375,32179444,0.0015813873591103977,0.0015801382827962253,25858206253.714355
2023-07-25,806.555183500857,813.4254812031791,803.5628884699448,812.2764282226562,55992596,0.010843659380137982,0.01078528849596778,45481465885.79419
2023-07-26,813.7126998116902,813.7126998116902,808.1590121278992,809.45166015625,24794358,-0.0034775945334116765,-0.0034836554209002487,20069834245.6084
2023-07-27,813.85633843129,815.3405049960073,798.3203084228094,801.04931640625,59741302,-0.010380290959410843,-0.010434541933439068,47855729128.319336
2023-07-28,795.4716913114755,799.0145802289601,785.7048288838802,786.8538818359375,41015684,-0.01772104947794917,-0.017879947298039777,32273350171.556152
2023-07-31,789.989808735889,793.2214872008873,784.5557544882844,790.5403442382812,34565006,0.0046850660426840385,0.004674125279595313,27325031741.838257
2023-08-01,792.0962813602819,798.3202542585794,789.965790937782,795.8306884765625,35394188,0.006692061040070918,0.0066697685992393235,28167781004.108887
2023-08-02,786.1356922581007,790.6839803679983,781.8986144970055,785.4175415039062,28116322,-0.013084626068630034,-0.013170983922299345,22083052501.372192
2023-08-03,785.1782590801716,790.6122554650307,777.039216150682,779.7442626953125,57673946,-0.007223264708005717,-0.007249478794998979,44970928500.49927
2023-08-04,782.8562191326811,793.0778874299197,780.0314808905504,791.0191650390625,37388304,0.014459743897026645,0.014356198764077075,29574865012.30664
2023-08-07,796.2376491558498,796.2376491558498,788.7928549114002,790.5642700195312,28300918,-0.0005750745868575713,-0.0005752400056696061,22373694579.552612
2023-08-08,790.7797145936216,792.6469182530226,786.1596581385537,789.91796875,43773828,-0.0008175189469609156,-0.0008178532978130932,34577733298.171875
2023-08-09,791.4021180992739,792.1202688416507,780.9171055719207,790.2052001953125,33361236,0.0003636218654032852,0.00036355577099454826,26362222172.143066
2023-08-10,788.5535731452575,792.0006737522444,780.8693358862994,783.1913452148438,50781118,-0.008875991930621496,-0.008915618202910314,39771332117.933716
2023-08-11,784.4122069559019,784.4122069559019,773.7835398495799,775.0283813476562,28225822,-0.010422694169262336,-0.01047739083583673,21875813136.867065
2023-08-14,771.2940198202658,773.2090887707817,766.1472720157544,771.2461547851562,31304410,-0.004880113623611182,-0.0048920602612479245,24143405840.317993
2023-08-16,757.9363390305685,770.6476315074848,757.0745931406195,768.995849609375,34137542,-0.0029177522141528023,-0.0029220171511843327,26251628113.865723
2023-08-17,764.8784583736676,770.7673182443161,763.1549081618289,764.73486328125,52884040,-0.005540974415257804,-0.00555638255776814,40442269099.16016
2023-08-18,760.0669062962402,764.2561193764838,759.0854101401351,761.5989379882812,25633366,-0.004100669975360405,-0.004109100778337518,19522344322.664917
2023-08-21,766.2669276465182,766.2669276465182,759.803570243689,761.00048828125,21837270,-0.0007857806480298102,-0.0007860895354656657,16618173132.729492
2023-08-22,764.2799958764373,765.069973432526,756.4521639695814,757.7448120117188,32273570,-0.0042781526683173254,-0.004287330147903002,24455130232.597046
2023-08-23,756.4521477981758,761.5031649471699,753.2204693186583,759.6119995117188,36498588,0.0024641376231173684,0.002461106614198831,27724765410.034424
2023-08-24,762.8197446808867,764.2081226998831,754.6088761414499,756.1170043945312,43145792,-0.004601026733956459,-0.004611644036973969,32623266999.26953
2023-08-25,753.8429059393314,755.2552457791736,746.1108040957927,747.594970703125,30069756,-0.011270786983861525,-0.011334783619486718,22479998355.870117
2023-08-28,747.5949720764402,757.7209098998453,747.5949720764402,755.3749389648438,28867238,0.01040666211866248,0.010352885578193275,21805588142.33362
2023-08-29,761.0961768187698,762.5085750919843,757.1463475103358,761.3834838867188,35538932,0.007954387433224852,0.007922918063062362,27058755859.773193
2023-08-30,767.9186450321,767.9186450321,753.4359368932027,755.8297729492188,28084204,-0.007294236156987988,-0.007320969174837046,21226877532.77954
2023-08-31,755.9734194012763,757.9603149977916,748.3610091258726,752.3587036132812,100075772,-0.004592395616268896,-0.004602973061315643,75292878085.01831
2023-09-01,752.1433185125949,755.9734563535246,746.5656685930877,753.9147338867188,43226776,0.00206820266179486,0.0020660668749893875,32589303324.8208
2023-09-04,761.2398731833899,761.9340622690505,754.0104999128797,758.630615234375,25073638,0.006255191914533942,0.006235709403942622,19021629422.104004
2023-09-05,760.4738554447009,760.4738554447009,751.9517756465584,754.010498046875,38712082,-0.006090074793610345,-0.006108694936305943,29189316229.251465
2023-09-06,754.9201238552107,766.0274992165465,754.010454511239,763.873046875,56320910,0.01308012136922776,0.012995315297018943,43022025124.47266
2023-09-07,763.8731027987624,772.730296406896,759.8754081832036,771.22216796875,34208342,0.009620867137301481,0.00957488130882906,26382231679.856445
2023-09-08,770.0013395921213,781.7790014587035,769.6661674737783,777.230712890625,34502210,0.007790939072330305,0.007760746424509076,26816177274.60205
2023-09-11,779.8639437312936,783.5025629490954,777.5179726424265,781.2523803710938,31573022,0.00517435481352968,0.005161013840490901,24666498593.00891
2023-09-12,785.178197372979,786.5666339228394,778.0206512071577,783.6940307617188,39033340,0.0031253029775923924,0.003120429369934986,30590195558.692627
2023-09-13,781.0129551372609,790.7318942113928,779.7202486339522,787.04541015625,46420094,0.004276387547923255,0.00426726978750234,36534721921.72168
2023-09-14,787.2129133414476,789.9658245482066,782.8321820803015,786.5665893554688,23538848,-0.0006083776038872113,-0.0006085627406341755,18514871388.716797
2023-09-15,789.9658552054733,799.5411989049336,789.9658552054733,795.5913696289062,173411202,0.011473637954585225,0.01140831495739925,137964455708.17493
2023-09-18,791.7612564347212,792.3597154342939,778.5233316755201,779.9357299804688,37056288,-0.019677990795375133,-0.019874180467329444,28901523031.646484
2023-09-20,765.548760092835,765.548760092835,747.0683576854377,748.6482543945312,115474648,-0.04011545359862023,-0.04094226591779912,86449893652.02295
2023-09-21,743.5254363384076,751.161749541656,735.8891231351594,743.6929931640625,72841442,-0.006618944479442224,-0.00664094683443895,54171670027.366455
2023-09-22,746.3980579436757,748.9834124885792,729.5215142987016,732.3462524414062,61704250,-0.015257291418574792,-0.015374881493212655,45188876247.20764
2023-09-25,730.1199506265053,737.636571986799,730.1199506265053,732.9925537109375,40208754,0.0008825077855956209,0.0008821186045531714,29472717275.994873
2023-09-26,730.1199748754191,737.3014828250133,730.1199748754191,736.1763916015625,27575308,0.0043436155995120185,0.004334209329584489,20300290740.7417
2023-09-27,729.1624342668326,733.7107225961398,725.3322967263633,731.0056762695312,39338538,-0.007023745111932045,-0.007048527722300873,28756694574.144653
2023-09-28,734.4288841265327,736.1524343562999,726.9361657647512,729.49755859375,55354188,-0.0020630724558494684,-0.002065203521361349,40380745003.93945
2023-09-29,729.4975291821899,735.1230435502242,728.8273018844358,730.7423706054688,32053782,0.001706396405381172,0.0017049421651402035,23423056645.550903
2023-10-03,731.0774976675469,731.0774976675469,721.0233866976592,722.0048828125,38971694,-0.011957001734727912,-0.012029061669850223,28137753359.47461
2023-10-04,715.7569109328484,734.9075975129915,713.0039997369529,732.29833984375,54649430,0.014256769277172898,0.014156097252394268,40019686862.40723
2023-10-05,734.9316099718342,742.8312687313597,733.7585952718871,735.2667236328125,48512674,0.004053517026538556,0.004045323660233168,35669754866.64673
2023-10-06,739.2165299136511,739.6952970962377,732.4419625913994,734.4528198242188,17759356,-0.001106950420076691,-0.001107563542198568,13043409092.462158
2023-10-09,731.556239372939,732.513773717668,723.8959646151071,725.9307250976562,16454972,-0.011603324946866111,-0.011671168842245614,11945169755.42163
2023-10-10,727.989492834349,732.035052316478,725.4280415474352,730.0481567382812,33266292,0.005671934660254285,0.005655909804926357,24285995156.11743
2023-10-11,732.5616968533279,738.330865115236,731.7956810054357,737.1099853515625,31333360,0.009673099710068689,0.009626614809385599,23096132530.615234
2023-10-12,735.4342849776942,743.046695154072,733.2798325755078,742.017333984375,22025336,0.0066575527809082935,0.0066354891487860924,16343181098.830078
2023-10-13,737.3014842223872,741.5146589381054,732.4898505097352,735.2667236328125,39745300,-0.009097645085073824,-0.00913928137865396,29223396510.803223
2023-10-16,733.2319960651158,734.6443359841811,727.965556654919,732.3223266601562,17856084,-0.0040045290749846085,-0.0040125686719184265,13076408979.91919
2023-10-17,744.8420626176685,744.8420626176685,734.9076433348039,737.8759765625,32902558,0.00758361407287933,0.007555003030697969,24278007115.654297
2023-10-18,737.8759782779842,737.8759782779842,726.8164677513256,727.6064453125,31216200,-0.013917692913437918,-0.014015452116387559,22713108318.164062
2023-10-19,720.7360972438319,730.7183808812238,719.6827744216524,725.3082885742188,30252364,-0.003158516191117844,-0.0031635148316824886,21942290358.164307
2023-10-20,720.5445716148215,731.0774490736428,720.5445716148215,729.066650390625,21094010,0.005181743922703985,0.005168364885590805,15378939214.006348
2023-10-23,729.4018892671015,731.9154172740936,718.1987241758554,721.0474243164062,22376136,-0.0109993044804918,-0.011060244104355538,16134255228.953613
2023-10-25,728.2048937755804,729.066698092264,714.0572999767982,716.47509765625,28311996,-0.006341228754115691,-0.006361419747569481,20284840098.94336
2023-10-26,713.9615222749121,714.3205976423598,699.1197404204128,700.6278686523438,55561798,-0.02211832491561261,-0.022366602888072146,38928144111.232056
2023-10-27,703.5483551604171,707.6178760987387,702.3035722091115,703.3807983398438,31940532,0.003929232350970091,0.003921533079098239,22466356897.559326
2023-10-30,700.5560993380782,713.3391600901615,699.9097753123232,711.0171508789062,23310982,0.010856640609306023,0.01079813038867392,16574508005.829468
2023-10-31,720.0658162779376,720.0658162779376,705.7028013255851,706.8997192382812,32634824,-0.005790903405825443,-0.005807735701207321,23069547922.990723
2023-11-01,700.0773018118728,707.354539496317,700.0773018118728,705.9421997070312,33877466,-0.0013545337552004488,-0.0013554519653054872,23915532868.54016
2023-11-02,710.9692996573848,713.6025192857455,702.4233167339939,707.0194702148438,45225154,0.0015260038403421827,0.001524840679656571,31975064421.46472
2023-11-03,712.4055490469672,714.0333691138175,709.3653892057476,710.3707885742188,18095340,0.004740065161652041,0.004728866427327225,12854400945.318604
2023-11-06,717.193263319672,717.193263319672,710.0117553425058,715.517578125,25593730,0.007245215644510639,0.007219095159459037,18312763704.785156
2023-11-07,715.2781260341811,715.2781260341811,707.234814492639,712.0464477539062,41952848,-0.0048512160668222615,-0.0048630214111448815,29872376391.55957
2023-11-08,710.4665472159254,715.014835514477,709.054207384732,714.105224609375,31399546,0.0028913519082400807,0.002887179990032597,22422579848.962402
2023-11-09,711.4480744130556,714.607926311971,710.2511563874616,711.280517578125,22116740,-0.003955589364011636,-0.003963433399642182,15731206274.34082
2023-11-10,708.6232803377466,716.2356900692465,708.5993770450763,714.0812377929688,14015186,0.003937574762176821,0.003929842804800385,10007981366.778687
2023-11-13,714.3685319579603,716.2117740009877,711.4001986764561,712.7886352539062,20605914,-0.0018101617444221674,-0.0018118020669909837,14687661318.21936
2023-11-15,720.1137317170233,723.3932753387419,718.4141432279705,720.2573852539062,41245460,0.010478211394798098,0.010423695426990967,29707347173.19458
2023-11-16,722.794761480394,727.2473194666765,719.9461202422743,722.1484375,29713838,0.002625522882250042,0.00262208221809327,21457801683.828125
2023-11-17,713.3630955591337,721.7415211781168,712.8843283809061,720.5924682617188,23701874,-0.00215463907069835,-0.002156963645140349,17079391888.088257
2023-11-20,724.3747884733571,724.3747884733571,718.8929272981045,720.640380859375,19331452,6.649056126240005e-05,6.648835086301147e-05,13931024931.844727
2023-11-21,727.247418907819,728.6837205909814,723.9439133478928,726.7446899414062,24959972,0.008470673090441805,0.008434998257468237,18139527112.08618
2023-11-22,727.7260937743376,727.7260937743376,719.8503972552013,724.1593017578125,29123650,-0.0035574916740047646,-0.003563834595237892,21090162048.638916
2023-11-23,722.220328180805,729.5693930831869,722.220328180805,728.3485717773438,13046220,0.005785011680941254,0.005768342756585375,9502195704.093018
2023-11-24,728.3006518298484,734.0219550188177,727.654327789123,733.5192260742188,16469192,0.0070991479865984974,0.007074067664850464,12080468969.907715
2023-11-28,735.0033827728541,735.9848789111071,730.5030178431152,731.8674926757812,28489338,-0.002251792917927431,-0.002254332015998201,20850420370.052856
2023-11-29,734.3810375748553,748.3131517440087,733.9501353957551,746.4699096679688,34042488,0.019952268871513246,0.01975583097724244,25411692942.23291
2023-11-30,751.2575357769422,752.8374324125391,738.3308218551477,746.3023071289062,69491440,-0.00022452685217688728,-0.0002245520621041692,51861621997.70996
2023-12-01,745.8714174875178,749.6297282428743,743.09454440636,744.6744995117188,22153536,-0.0021811638549662504,-0.002183546057460366,16497173333.214844
2023-12-04,760.2823241901957,771.7727371502491,753.4120264631497,770.5279541015625,50662456,0.03471779227943994,0.034128725073309565,39036838571.44043
2023-12-05,783.5025725396295,784.6994906156142,773.9272279317513,777.3743286132812,52230820,0.008885303220051988,0.008846061193625816,40602898630.42114
2023-12-06,784.4361042559843,784.4361042559843,773.9990142449448,779.3372802734375,38613060,0.002525104814893764,0.0025219220944066464,30092597163.43506
2023-12-07,777.996699171334,782.3056039667443,773.7835244385168,780.60595703125,20450386,0.0016278917869390064,0.0016265682073388946,15963693135.188477
2023-12-08,780.605970823838,792.3597291563016,780.605970823838,791.4979248046875,33728038,0.013953221436922014,0.013856771399640333,26695672084.733643
2023-12-11,789.9898356540881,796.5249611291558,788.5295723280279,790.4446411132812,23187620,-0.00133074725580129,-0.0013316334862504451,18328529969.171143
2023-12-12,791.9767214436858,792.9582176337611,781.2762856370243,782.5928955078125,36581476,-0.009933327645070933,-0.009982992308069236,28628403224.78955
2023-12-13,781.563526294323,783.2631733056354,773.256926701281,780.8214721679688,29346914,-0.0022635310772841644,-0.0022660967361165935,22914700593.066772
2023-12-14,788.0507632436652,794.2507747290626,787.5719960728002,790.0376586914062,35172366,0.011803192985777589,0.011734078618671063,27787493685.27722
2023-12-15,789.9658581899005,798.5836675519721,788.3380380661904,793.101806640625,138837130,0.0038784834058342987,0.0038709814802092278,110111978631.79932
2023-12-18,795.0885989828354,797.0036676222288,790.4206191743141,792.6947631835938,18014754,-0.0005132297690196852,-0.000513361516497336,14280201155.840698
2023-12-19,789.9658725265142,794.1072204559873,787.1172310907685,791.3543090820312,24008446,-0.0016910091548719697,-0.0016924405247201735,18999187196.463257
2023-12-20,793.796027948429,799.0385054794685,787.3087089265515,793.3172607421875,34232520,0.0024804965836773274,0.002477425229966287,27157248994.70215
2023-12-21,793.31719852569,808.9968233004131,790.0855201370065,807.5365600585938,36589240,0.017923849662748292,0.01776511146274787,29547149004.7583
2023-12-22,806.052401579033,807.1535894553359,798.1527432166448,799.9481201171875,48578850,-0.009397023387839765,-0.009441453974690523,38860559734.954834
2023-12-26,801.0971963079616,807.1775162105685,798.8470139045111,805.5018310546875,18045856,0.006942588897748125,0.006918600093053364,14535970050.949219
2023-12-27,805.0470435987298,817.0162235511344,803.6586070355986,815.4841918945312,27009078,0.012392722716437987,0.012316561512501194,22025476146.646362
2023-12-28,818.3567550440999,824.1498261689791,814.8617312916912,816.417724609375,44076470,0.0011447588121542562,0.001144104075414717,35984811346.21338
2023-12-29,812.4679265922668,821.0378710363707,811.9891593992248,818.3328247070312,25011426,0.002345735571300356,0.0023429886285107272,20467670888.530884
2024-01-01,816.7768404269046,818.2849687904367,810.0740996496615,812.9945678710938,14239686,-0.006523332163595685,-0.006544702080930583,11576787366.190063
2024-01-02,813.3297325444754,815.2448013204753,808.4941371304667,813.4733276367188,29242092,0.0005888843352037654,0.0005887110108656281,23787661886.299072
2024-01-03,814.8617397029581,816.1543877106121,799.038461039413,800.9296264648438,28389762,-0.01541992926592517,-0.015540052839858692,22738201474.085815
2024-01-04,803.3713517790169,811.4864323425077,799.8763278844378,809.5234985351562,26734056,0.010729871622110254,0.010672715041277281,21641846543.154785
2024-01-05,807.7520125475409,816.2501294993504,798.6314749205501,805.382080078125,31889470,-0.00511587182401152,-0.0051290026993327615,25683207681.188965
2024-01-08,803.6107431564817,805.4539851831421,794.7535499790049,796.4052734375,17998470,-0.011146022319933224,-0.011208604690902773,14334076421.80664
2024-01-09,798.1766851243468,803.2755670838737,788.4098233393704,790.2052001953125,25326888,-0.0077850730639016374,-0.007815534946858587,20013438602.364258
2024-01-10,786.6145023545687,794.7295829425168,785.8484865302768,792.8145141601562,16115824,0.0033020713660183443,0.0032966315002923106,12776859174.850586
2024-01-11,794.7534379560055,796.1418743254227,786.6143967239259,789.4869995117188,18314010,-0.004197090982828944,-0.00420592349174698,14458672803.927612
2024-01-12,790.9233945544381,792.8384633063858,782.1140666068262,785.752685546875,19773552,-0.004730051244863254,-0.0047412733386224485,15537121586.800781
2024-01-15,788.8646717373587,804.7597774337735,786.9017379565865,800.8817749023438,28320356,0.01925426362996019,0.019071245813661944,22681256979.14624
2024-01-16,800.9775061380469,806.0763883828079,793.8438633427261,803.9219360351562,25322500,0.0037960173749529424,0.003788830682462219,20357313225.250244
2024-01-17,751.6645491933435,764.4955343021028,731.7478441645169,736.1046142578125,170145236,-0.08435809341365952,-0.08812992241601544,125244693313.58447
2024-01-18,715.2781469954391,725.332257495375,708.5993683977847,711.5198364257812,161070930,-0.03339848352508856,-0.033968950697035975,114605161766.54846
2024-01-19,720.9993837290294,723.058105901483,703.0217118745396,704.0989379882812,109600538,-0.010429643781651676,-0.01048441366947631,77169622408.74426
2024-01-23,701.3938811843236,706.0378992046238,682.2431950086424,683.3682861328125,115469402,-0.02944281085652456,-0.029884950604360236,78908127345.52075
2024-01-24,660.8183625809348,698.2579305485548,660.8183625809348,697.037109375,86004404,0.02000213284631558,0.019804718319793108,59948261157.67969
2024-01-25,695.409322831776,697.731331945695,679.5621410018516,686.9830322265625,98941852,-0.014424019916891573,-0.014529057357091655,67971373501.07178
2024-01-29,693.2788688648152,700.3406850803747,692.2016426624417,696.438720703125,65645498,0.0137640786351243,0.013670214030583447,45718066647.03955
2024-01-30,696.3908230536141,700.5321123941566,689.8556393766623,691.4834594726562,41728768,-0.007115143203792473,-0.007140576548260756,28854752856.171875
2024-01-31,689.1854007024332,706.1576749666016,687.8927526091608,700.2210083007812,65761040,0.012635947698284022,0.012556780316875784,46047261735.70801
2024-02-01,701.4178599181299,705.5112841214318,697.1089554241759,702.0402221679688,32690740,0.0025980566787080495,0.002594687563628131,22950214372.435303
2024-02-02,706.1816237651476,708.9824002114282,690.4062678183428,692.3692016601562,44867754,-0.013775593195995861,-0.01387135716737466,31065051017.264282
2024-02-05,692.2973590957444,695.1220972150085,686.5761145330804,691.7467651367188,38605046,-0.000898995105422129,-0.0008993994438722706,26704915688.454224
2024-02-06,692.0819428119112,694.0687799185687,685.8818725644124,691.3876953125,41075740,-0.0005190769835371478,-0.0005192117506329164,28399261211.85547
2024-02-07,695.6487048996299,696.0317420167268,683.0332015338389,684.6130981445312,54837086,-0.009798550384826687,-0.009846872093885043,37542187339.6781
2024-02-08,684.5652392978377,688.9220089386799,670.5134342809237,671.7343139648438,69106124,-0.018811770056097576,-0.01899096224261776,46420954795.909424
2024-02-09,666.515758652701,677.0725401801844,664.0500959229506,671.9976196289062,56642124,0.0003919788800252899,0.0003919020763737144,38063372498.72534
2024-02-12,670.1065656569043,676.809306881893,662.3026364247897,665.4864501953125,34447812,-0.009689274550093496,-0.009736521007716648,22924552124.87549
2024-02-13,666.4200252792418,672.3567506453555,662.7814060042901,667.616943359375,57580994,0.0032014072764925405,0.0031962936831076007,38442047209.87451
2024-02-14,658.7837177497752,666.2046099191948,652.8230890297091,662.6378173828125,91320810,-0.007458058136613599,-0.007486008509250147,60512622220.03052
2024-02-15,663.0925826953933,677.6949825309235,662.7813723217212,677.0007934570312,41584944,0.021675454822285056,0.021443882466709436,28153040083.86621
2024-02-16,681.7165211371711,683.5358011466492,674.3195339882224,679.8014526367188,32175742,0.004136862477496228,0.004128329187852626,21873116151.264282
2024-02-19,684.1583399970523,684.1583399970523,677.5513291516161,678.4609985351562,34451756,-0.0019718317699429777,-0.0019737783895659926,23374172777.04956
2024-02-20,677.4555450204665,697.6834579371554,675.9235134549672,696.2711181640625,56133508,0.026250764107825786,0.02591212634726957,39084140381.63135
2024-02-21,700.9151754054046,700.9151754054046,687.0309267122648,689.017822265625,45893136,-0.010417344205750023,-0.010471984538603499,31621188623.660156
2024-02-22,678.7721678686664,684.0625685726841,676.1149866485335,679.6339721679688,50560882,-0.013619168901611745,-0.0137127605138665,34362893069.97595
2024-02-23,681.0702888003248,686.5042847124961,678.8918747107963,680.1366577148438,29833452,0.0007396415827647385,0.0007393681827329764,20290824331.37622
2024-02-26,676.7612881739165,686.9589927989332,676.7612881739165,680.9505004882812,23506870,0.0011965871331973688,0.0011958717934011003,16007014891.412964
2024-02-27,676.7613520010825,683.0570934898373,676.5219684176848,679.9212036132812,32087150,-0.0015115590256001843,-0.0015127025834595301,21816733648.519897
2024-02-28,679.9212837827165,681.8602559709077,672.1891814386264,674.7745361328125,25321986,-0.007569505779666863,-0.007598299885336208,17086631357.111572
2024-02-29,671.2795567300852,675.2533483249773,668.981508971419,671.9019775390625,53295700,-0.004257064308047065,-0.004266151405049181,35809486224.32861
2024-03-01,670.2740040188712,685.9536280414555,670.2740040188712,684.99609375,34738898,0.019488134651570066,0.019300672565009103,23796009431.179688
2024-03-04,685.0918449690896,687.9884096675396,681.9080901062357,685.9296875,35616474,0.0013629183560581737,0.0013619904258685691,24430396880.671875
2024-03-05,680.806915575396,690.8610261429652,680.6393587545882,689.8316650390625,37991672,0.005688596965796933,0.00567247799872457,26207858353.37793
2024-03-06,686.3367475409569,695.576919496979,686.3367475409569,690.6695556640625,42409530,0.0012146305649112232,0.001213893497988917,29290971241.02173
2024-03-07,692.0579662212759,694.7151474764962,690.0950324505662,692.34521484375,49348046,0.0024261373126204244,0.0024231989930421443,34165883509.989258
2024-03-11,684.6370045563909,692.2733169991415,681.285634604017,683.583740234375,50531094,-0.012654777445601728,-0.012735531145106973,34542234234.654785
2024-03-12,686.5521430195154,700.9151585638567,684.2779988916614,698.78466796875,65418454,0.0222371113291302,0.021993472043371234,45713412657.418945
2024-03-13,701.6332902428926,704.5537583020961,694.2602641088363,699.1915893554688,63067454,0.00058232729676444,0.0005821578100188085,44096233398.862915
2024-03-14,700.0055299615263,701.8727337796063,691.4835086418929,696.8217163085938,52432158,-0.003389447303076998,-0.0033952044923948395,36535866327.323364
2024-03-15,694.2123954494871,698.6649535010525,690.5019498876019,695.4811401367188,143613804,-0.0019238438477157116,-0.0019256968122152095,99880692145.29126
2024-03-18,692.7760944963727,697.0849990233024,687.4139255734966,692.3212890625,21437856,-0.004543402965028753,-0.004553755589611526,14841884100.65625
2024-03-19,687.2702704859524,695.3614473234808,687.2702704859524,693.9011840820312,36183594,0.002282025765335982,0.0022794258990957226,25107838720.94348
2024-03-20,693.7575794231888,695.0023623556473,682.0756489825828,685.1397705078125,43606094,-0.012626313047453985,-0.012706702335079706,29876269235.9021
2024-03-21,690.6695449843953,694.8108929167894,688.6108811083764,692.1776733398438,28922860,0.010272214714400318,0.010219814058515419,20019757941.134033
2024-03-22,689.9034770136652,694.5714568199686,688.3474837448974,690.7891845703125,45980326,-0.002005971621175884,-0.0020079862769274027,31762711903.81714
2024-03-26,683.2964381680241,688.4431849180327,680.8786991793215,682.4346923828125,56844290,-0.012094127085525708,-0.012167856102254796,38792515559.869385
2024-03-27,681.5490165895086,693.2308885833684,680.4478287400144,689.7598266601562,62168668,0.01073382458293115,0.010676626029961691,42881449663.3728
2024-03-28,689.75981165874,699.2394246339555,689.75981165874,693.2069702148438,55592142,0.004997599775241612,0.004985153224845441,38536860323.573364
2024-04-01,698.04251018733,705.6070545940972,696.8934573296461,704.027099609375,25199570,0.015608800631617736,0.015488236261430073,17741180178.503418
2024-04-02,701.4657698820595,715.685132245699,700.5561005197442,708.6472778320312,41225446,0.006562500541839489,0.006541061081687761,29214300085.3114
2024-04-03,704.7931146774648,716.0681045148733,704.4580010474605,709.6765747070312,45584386,0.0014524812374203666,0.0014514274068704856,32350170916.60315
2024-04-04,720.0658521240722,732.5137990357915,720.0658521240722,731.36474609375,88935066,0.030560641508664776,0.030102966301757454,65043971963.9209
2024-04-05,736.8227616793371,744.2436536910523,732.5856834129139,741.873779296875,59055902,0.014369072694923046,0.014266815962115226,43812025206.52588
2024-04-08,744.4590593119542,745.5602472863112,738.0436253706997,740.4613647460938,20482940,-0.0019038475144921296,-0.0019056621357118604,15166825706.412354
2024-04-09,744.4111567395224,744.4111567395224,737.4451291623751,741.3949584960938,21884494,0.0012608270930112297,0.001260032918006811,16225053520.838013
2024-04-10,742.0412738306298,742.0412738306298,733.9261349558433,735.553955078125,27807400,-0.007878396462011494,-0.007909594998412811,20453843050.439453
2024-04-12,728.2048847735614,732.4419626511461,724.5901691674342,727.223388671875,41084208,-0.011325568095633676,-0.011390190730651792,29877396962.660156
2024-04-15,716.9777533173683,722.9383808283533,714.3445340494504,715.6132202148438,23415248,-0.01596506470760639,-0.016093879214184034,16756261023.40918
2024-04-16,711.9268363888184,724.3269187314523,709.6526921569106,722.5794067382812,20744886,0.009734569354862055,0.009687493695559993,14989827418.733276
2024-04-18,722.8426507777308,727.1754583253521,713.8657669098291,715.6132202148438,34234884,-0.009640721086811466,-0.009687493695559851,24498935582.92163
2024-04-19,711.7113984519393,734.8836839791993,708.6951417404246,733.13623046875,34576434,0.024486705609834125,0.024191712145891355,25349236485.811523
2024-04-22,745.6320734709891,745.6320734709891,722.124614867159,723.9917602539062,42298438,-0.01247308458483487,-0.012551526461678399,30623720583.610718
2024-04-23,730.7423487447305,730.8380788006147,719.7067421926132,721.7893676757812,26827060,-0.003042013319809911,-0.0030466496472294604,19363486674.000244
2024-04-24,725.332274400053,728.5639528503503,722.4836330693169,723.7523193359375,22441580,0.002719563002814951,0.0027158716823563137,16242145574.562988
2024-04-25,721.1430331363832,727.5824280466719,721.1430331363832,723.2974853515625,35445204,-0.0006284387244414047,-0.0006286362748264706,25637426920.973145
2024-04-26,727.6304456461381,731.5563134799157,720.8080127488288,722.8427734375,24854694,-0.0006286651388556219,-0.0006288628316434128,17966035943.90039
2024-04-29,725.3322898363435,734.6442882658492,721.2867304749565,732.2744140625,36093350,0.013047983560999787,0.012963591924590056,26430236722.802734
2024-04-30,732.1308179153048,737.0621437156515,725.2844816560712,727.7740478515625,52307382,-0.006145737341784807,-0.006164700118941623,38067955130.65796
2024-05-02,728.6837005042626,735.8652087221101,727.8937229116466,733.591064453125,33475006,0.007992888203055326,0.007961114270175967,24556965284.114746
2024-05-03,734.0697907360874,737.5887178779653,721.5978821158841,727.5346069335938,31865242,-0.008255904158328553,-0.008290172878247726,23183066313.313843
2024-05-06,728.6836626849343,734.6682525558684,726.361653503664,728.994873046875,28793396,0.002007143164551195,0.0020051315440002405,20990238061.6084
2024-05-07,728.6597013791286,729.6651592326485,720.1376804638342,721.09521484375,28480602,-0.01083637004209359,-0.010895511137869199,20537225818.069336
2024-05-08,716.2117457291306,716.6905129132654,708.7429893452799,709.8441772460938,41687862,-0.015602707334695265,-0.015725710707432696,29591886102.538696
2024-05-09,706.1576388307392,711.8071150125822,691.9622384959757,693.0155029296875,46281278,-0.023707561259000087,-0.02399310759152375,32073643149.39868
2024-05-10,698.3538309269745,704.6385064038308,692.4331341667237,697.8200073242188,27276608,0.006932751683361271,0.006908830655801013,19034162794.339844
2024-05-13,694.956710818051,708.4482125597933,694.1317160729689,706.2400512695312,27047202,0.012066211712099095,0.011993995318030914,19101817327.17737
2024-05-14,704.7841569928967,711.2144479759614,703.8378359787137,709.0062866210938,25665142,0.003916848593604971,0.003909197713869993,18196747025.02307
2024-05-15,708.3995858863757,708.3995858863757,696.8008453990276,698.1111450195312,38931996,-0.01536677714591983,-0.015486069738900241,27178860305.45581
2024-05-16,701.7752582341244,709.782790041372,696.655267230535,708.6665649414062,34945236,0.015119970504954061,0.015006803050798254,24764520357.186768
2024-05-17,701.848002597153,712.4276743183018,701.848002597153,710.5349731445312,20920190,0.0026365124242591076,0.0026330429222961955,14864526639.828491
2024-05-21,703.7407019802051,713.2526672307866,703.7407019802051,707.962890625,43769978,-0.0036199238837579806,-0.0036264916629177176,30987520147.472656
2024-05-22,707.5018325662894,711.2629460513618,702.7943980944078,708.156982421875,39996278,0.0002741553257172846,0.00027411775201317227,28323643536.586426
2024-05-23,707.8900706969359,725.8463536828482,707.1135946322969,724.3661499023438,40861920,0.022889229200330652,0.022631200755166003,29598991668.01758
2024-05-24,721.8911533778286,737.6150464828621,721.1631959122375,736.3046875,31060206,0.016481357665961927,0.01634701418957186,22869775272.515625
2024-05-27,739.2893258205864,749.7961904344879,737.2025499615863,741.400390625,29385440,0.006920644688955591,0.006896806946004029,21786376694.6875
2024-05-28,742.5651435020584,745.4527436990592,739.9930626339711,742.75927734375,27908904,0.0018328648540426595,0.0018311872068769535,20729597366.496094
2024-05-29,736.6929693394153,739.5319916615282,728.5641108173895,731.9855346679688,35147706,-0.014505026062158644,-0.014611252414704803,25727612368.762573
2024-05-30,727.569210732381,739.4106642295702,726.8170235494816,735.1642456054688,33755350,0.004342587096262562,0.0043331852739126025,24815726417.89856
2024-05-31,737.1782587165238,745.4284433104547,734.751733835956,743.2688598632812,74079588,0.011024222554699481,0.010963898756959441,55061050911.90161
2024-06-03,776.0026570209221,776.0026570209221,752.2227131847588,762.9964599609375,72637256,0.026541674437006613,0.02619555522752645,55421969189.27637
2024-06-04,755.6198511271432,756.5904610836327,705.6334383679294,719.7800903320312,89531240,-0.056640327834704185,-0.058307656379466166,64442804014.73877
2024-06-05,725.0699500696824,756.8816568854197,719.3918460943981,753.0963134765625,81631650,0.04628666948701321,0.04524739070152229,61476494678.00903
2024-06-06,759.4537972959696,759.7206794979887,750.5726922052945,756.93017578125,46422870,0.005090799458291162,0.005077885149622356,35138871149.37012
2024-06-07,757.585349822155,768.8929201187634,753.2176050765474,763.5545654296875,36712216,0.008751652213627503,0.00871357848283879,28031780133.84082
2024-06-10,763.8700759254958,767.0973660487972,755.9110620154896,757.7067260742188,22454058,-0.007658705245482844,-0.007688183736337645,17013590774.26062
2024-06-11,755.1345658211561,762.4141406844706,753.2903831592504,759.4052734375,29545326,0.00224169497884974,0.0022391861293446203,22436876369.83008
2024-06-12,764.3553684919713,770.8099486335476,760.1817573757736,763.94287109375,39280436,0.0059751990339891314,0.005957418325931566,30008009055.654297
2024-06-13,767.6311179466796,769.5480488358222,763.8700045190919,767.1458129882812,24120192,0.004192645832201469,0.0041838811821730566,18503704301.273438
2024-06-14,768.7231350719568,776.0027102146836,765.6656898154778,774.9835815429688,25540554,0.010216791152332316,0.010164952525568717,19793510013.511597
2024-06-18,774.983540294414,781.5836762242601,771.3679826211641,780.2733764648438,32415714,0.006825686437567091,0.006802496903084411,25293118613.298706
2024-06-19,782.9910236928816,810.4107535609992,778.4291452824868,804.5628051757812,90131196,0.031129382910621395,0.030654689800098417,72516207887.60815
2024-06-20,810.3622215983705,816.0159768197282,801.7237698729426,810.143798828125,41408742,0.006936678673735708,0.006912730601165143,33547035548.57373
2024-06-21,811.8423818466847,811.8423818466847,797.4288483846301,808.396728515625,51630776,-0.0021564940878732175,-0.00215882266956614,41738150409.12305
2024-06-24,799.2972656586157,812.9343231272944,798.6906344612428,811.6240234375,28544994,0.003992216702560114,0.0039842689512015715,23167802879.279297
2024-06-25,810.9931467609703,833.2443684249017,810.9931467609703,830.5266723632812,74521548,0.023289908110065705,0.02302283695900594,61892133279.80054
2024-06-26,828.8765922572081,830.3082774504516,820.699215435536,825.7463989257812,47596666,-0.005755713328143508,-0.005772341280617175,39302775550.37317
2024-06-27,823.1257354693937,831.3274011881083,818.5153383232833,823.1500244140625,55074650,-0.0031442759121885766,-0.0031492295341226523,45334699492.09595
2024-06-28,823.8536668700472,828.2214113967111,814.8270066965403,817.156494140625,26476046,-0.007281212531948689,-0.007307849940433618,21635072928.065918
2024-07-01,815.3123910533884,828.5612411045389,815.3123910533884,827.5420532226562,21187024,0.012709388172890135,0.012629301751455444,17533153342.637695
2024-07-02,832.2980286836319,841.9556094944659,826.353042764463,839.8687744140625,45921690,0.014895582820719344,0.014785733133593956,38568193499.32251
2024-07-03,869.1812101031826,870.6371250279785,856.3934358619908,858.3346557617188,123217802,0.02198662685196151,0.021748406423846456,105762109663.38562
2024-07-04,854.0154497500956,854.0154497500956,837.0782938778042,838.1945190429688,45848658,-0.02346420080274736,-0.023743868613118297,38430093841.07556
2024-07-05,817.7388187080663,817.7388187080663,796.9677437114144,799.8310546875,82242548,-0.04576916632582051,-0.04684967278336652,65780143907.02734
2024-07-08,798.4723137874327,803.1554594894733,789.6640164804963,793.6434936523438,39087800,-0.007736085013070437,-0.007766163746918072,31021778151.184082
2024-07-09,788.6205312494033,799.1516248009418,786.363851419409,794.2015380859375,48550878,0.0007031424538310738,0.0007028953649948667,38559181983.022705
2024-07-10,791.0228924563764,795.9002315965357,786.5581099756618,789.1544799804688,45507182,-0.0063548833179452036,-0.0063751615450999685,35912196546.58655
2024-07-11,788.1109895551602,789.0330808548738,776.973264088155,787.1161499023438,44177074,-0.0025829291093619755,-0.0025862706259277843,34772488400.83093
2024-07-12,787.1647047300575,795.1237185250396,781.899157363576,787.50439453125,56049960,0.0004932494765281792,0.0004931278689920572,44139589813.30078
2024-07-15,787.8926346206944,790.9500796896383,783.8645795922547,787.2131958007812,33375694,-0.0003697741022030687,-0.0003698424855045009,26273786735.80896
2024-07-16,786.5580588939988,789.5912150674294,784.6411278889234,786.07275390625,28950324,-0.0014487077968391437,-0.0014497581885758218,22757060913.158203
2024-07-18,780.3704345530638,788.1110255525017,776.0754971813087,783.6705322265625,33717064,-0.00305597881080355,-0.003060657849175945,26423069489.99707
2024-07-19,784.2528302190582,787.649965003423,778.1865181041212,780.0307006835938,26002152,-0.004644594116136158,-0.004655413758284599,20282476843.84131
2024-07-22,784.7381297391379,801.2384985771903,782.6270649860646,797.1376953125,53744822,0.02193118118801518,0.02169415212483127,42842023544.06055
2024-07-23,799.5642547535156,799.6855810002239,778.9145038672318,785.4176025390625,52002152,-0.014702720549230719,-0.014811876795478839,40843405550.711914
2024-07-24,780.4432298173384,786.6793870769927,770.6886113878456,778.4534912109375,61728206,-0.00886676247847229,-0.00890630613993786,48052537466.88794
2024-07-25,773.0908809941293,788.6206413154175,773.0908809941293,784.5440673828125,25535732,0.00782394355043703,0.007793495218332952,20033907046.87744
2024-07-26,778.9144923179402,787.0433507268658,774.7651110455088,785.2962646484375,43810540,0.0009587699364477231,0.0009583106101209419,34404253414.23096
2024-07-29,783.7675425920842,791.9449196556922,775.6629731237323,778.9387817382812,51001148,-0.008095648987968107,-0.008128596696779407,39726772090.37378
2024-07-30,777.4585786816452,793.3523167913979,776.0026637402938,784.0344848632812,54595834,0.006541853152603805,0.0065205480971536845,42805016585.871216
2024-07-31,783.2822470366172,790.0279981871195,780.9527594083772,784.1315307617188,37820484,0.0001237775892657389,0.00012376992945200568,29656234013.06909
2024-08-01,787.6014491725216,800.7774909815698,785.1991540216145,795.3178100585938,26215174,0.014265820028954046,0.014165020743637522,20849394775.984985
2024-08-02,791.5323792943032,810.7019249608421,791.5323792943032,805.1937255859375,44119238,0.012417571192849586,0.012341105516932217,35524533615.232666
2024-08-05,795.9486953170099,798.8120065813332,776.9732822215763,784.1315307617188,41333634,-0.026157922193062122,-0.02650612626056978,32411005700.364624
2024-08-06,791.0471196604719,792.4787456590307,773.2364505401089,777.0703125,45116050,-0.00900514516341333,-0.009045936556054146,35058343072.265625
2024-08-07,784.7381567736204,791.0471215466921,777.5556193354371,787.8926391601562,42346264,0.013927088046046254,0.01383099730364956,33364309701.532715
2024-08-08,788.1352699911228,802.3547292854007,785.8300713873926,797.21044921875,33976950,0.011826243317269558,0.011756859796963346,27086779572.583008
2024-08-09,801.7237923493824,806.8437833638833,798.7149252998082,800.8502197265625,26644618,0.004565633216899512,0.0045552423288821925,21338348179.830322
2024-08-12,801.7238266679481,813.3468572381819,799.4671466635041,805.65478515625,39316196,0.005999330850315454,0.005981406518594093,31675281441.541016
2024-08-13,790.0765423217451,792.2118961762867,777.0461148817201,778.0409545898438,54055042,-0.03427501589412241,-0.03487618084565813,42057036478.0741
2024-08-14,779.6424562895212,783.1366284755188,778.0409261468292,780.2733764648438,32334428,0.002869285815650713,0.0028651772722852803,25229693311.619385
2024-08-16,790.319198015761,793.0611831331643,781.8263604564881,792.0662841796875,27849246,0.015113815324923063,0.01500073953232666,22058448796.426025
2024-08-19,794.759726022084,794.759726022084,787.9896858897818,791.7993774414062,19502164,-0.00033697525524356564,-0.00033703204416288756,15441801313.960205
2024-08-20,789.8095595425733,798.8119905444514,789.8095595425733,794.783935546875,31134494,0.0037693362618103077,0.003762250115014318,24745195672.580566
2024-08-21,790.1250771140934,793.255329982036,785.126471042094,789.0089111328125,47630904,-0.0072661564429945535,-0.007292683535837351,37581207701.31152
2024-08-22,792.0177904024437,795.0752357163401,790.0765703279278,791.6781005859375,21300638,0.0033829649012362406,0.0033772555482118483,16863248633.108643
2024-08-23,792.9883534236101,792.9883534236101,787.6499985352013,788.6448974609375,20333422,-0.0038313591379565137,-0.00383871759565452,16035849508.21997
2024-08-26,792.1147410094821,799.7582942162704,792.1147410094821,795.8758544921875,22364266,0.0091688376537149,0.009127059041786421,17799179312.840576
2024-08-27,797.550212512406,799.4914324239653,792.1147612152419,794.8082275390625,35773244,-0.0013414491055344646,-0.0013423496538357367,28432868656.962402
2024-08-28,794.8081358287445,795.7787456725287,791.14405997193,794.49267578125,26921188,-0.00039701621960996913,-0.0003970950514149798,21388686689.33008
2024-08-29,796.8707505966252,798.035494358065,791.6052035874162,795.1964721679688,49052604,0.0008858437694554411,0.0008854516414225291,39006457651.45239
2024-08-30,803.6650036895526,806.5768334130655,786.7521378937474,794.3956909179688,445342100,-0.001007023142113317,-0.001007530530580913,353777845224.35913
2024-09-02,799.200245545704,799.200245545704,787.747000900005,789.56689453125,34049680,-0.006078578272672663,-0.006097128038585426,26884500097.382812
2024-09-03,792.9883149182248,795.8758557711201,788.4264363868309,794.6140747070312,37282860,0.006392340168691613,0.00637199581493481,29625485301.331787
2024-09-04,795.4148040993854,798.2295964742419,792.0176694876126,796.773681640625,24682744,0.002717806042373372,0.002714119485584977,19666560809.873047
2024-09-05,798.8119853769339,800.7046866194709,796.8707654853739,798.5450439453125,22876318,0.0022231686933233963,0.002220701110362615,18267770362.616943
2024-09-06,795.0751309568867,799.6612390821284,793.0368146024134,794.419921875,26029602,-0.005165797598507216,-0.005179186460259047,20678434387.277344
2024-09-09,794.9295342541234,800.0252363967779,791.0956131747174,799.0546264648438,23792914,0.005834073973000065,0.0058171216654935584,19011838008.78015
2024-09-10,802.6943484628727,802.6943484628727,794.9294696385643,800.9229736328125,26606646,0.0023381970469711355,0.0023354677179007344,21309874032.715576
2024-09-11,800.9473289635273,801.9664575454252,795.5118777911906,797.7928466796875,22226684,-0.003908149792391957,-0.0039158065655133184,17732289500.609863
2024-09-12,802.6944342572692,810.4593139115112,799.32158835399,808.8092651367188,32424046,0.013808620248827896,0.013714149928650412,26224868818.019165
2024-09-13,812.400503038587,812.400503038587,804.1746076631325,808.4937744140625,23860532,-0.00039006813627795456,-0.000390144232642579,19291091576.20752
2024-09-16,809.0033572167779,814.2446744093743,807.5717313009576,810.9202880859375,15172820,0.003001276878889403,0.002996782038698411,12303947565.476074
2024-09-17,814.3417351276187,814.3417351276187,807.6202731787942,809.876953125,20127122,-0.0012866060650673639,-0.001287434453266453,16300492240.535156
2024-09-18,811.3570886275262,824.4846115422112,810.9931099061356,822.494873046875,40917342,0.015580045676305998,0.015459922837628119,33654304013.705566
2024-09-19,824.6301946967953,834.2392569551141,824.6059649927001,829.1435546875,30651776,0.008083553902282103,0.008051056989999842,25414722510.125
2024-09-20,833.0259912779876,846.8328941482245,828.6825354394553,845.0130004882812,60623386,0.019139563602785792,0.018958706199615753,51227549303.61926
2024-09-23,848.7984163669939,857.2184459846895,844.5519977602407,854.0397338867188,26965350,0.010682360381700118,0.010625707073613221,23029480338.16223
2024-09-24,856.5633141386422,864.6436541344489,851.3462854547951,858.0435180664062,33039036,0.004688053753033605,0.00467709905317687,28348930682.962646
2024-09-25,854.2095613390953,867.7252930088929,854.2095613390953,863.4060668945312,31965312,0.006249739920195951,0.006230291286201133,27599044310.976562
2024-09-26,860.4700264333525,867.7253122548344,858.0435015109396,865.5171508789062,31899644,0.0024450650340783753,0.0024420807261293954,27609688988.931396
2024-09-27,862.3869272945984,862.9692695590985,849.2836931713828,850.5697631835938,35613502,-0.017269891971677165,-0.017420756016212003,30291767962.278442
2024-09-30,848.7013681367213,849.987378933711,836.8599148404105,840.572509765625,26383534,-0.01175359606077464,-0.011823215628835568,22177273390.8667
2024-10-01,836.6658121791694,845.4013020975134,834.773110848595,837.7334594726562,24572284,-0.0033775197975013382,-0.0033832364932909397,20585024482.4646
2024-10-03,832.613483062025,837.7091852435565,812.0850591484665,816.282958984375,48473398,-0.025605400197079464,-0.025938924116040256,39568008751.467285
2024-10-04,812.6431358067093,820.4808225688465,802.2090794198211,804.4657592773438,48683232,-0.01447684234610791,-0.014582654285036767,39163993194.95508
2024-10-07,801.8209097089745,805.1210074565657,782.7969771111757,785.12646484375,94458296,-0.024039922408837344,-0.024333597513055694,74161708013.64453
2024-10-08,791.0470635179641,804.0532597925816,787.1646239424159,801.2627563476562,29734406,0.02055247431650087,0.020344122148141783,23825072109.920288
2024-10-09,800.510591541895,804.0290527657074,790.4162239204929,792.5758666992188,41125642,-0.01084149934540124,-0.010900696646566989,32595191351.711792
2024-10-10,795.4147877416559,808.2510795642027,792.2603056670246,806.7709350585938,21754766,0.01791004363846227,0.017751548446303687,17551112907.800903
2024-10-11,807.7658537028776,807.7658537028776,797.4774117796152,801.238525390625,23672594,-0.006857472707004431,-0.006881093219583502,18967394308.730957
2024-10-14,803.689297804442,821.1602762579215,802.6943989459767,819.2432861328125,18527508,0.022471162046794557,0.022222405159879,15178536537.771973
2024-10-15,822.1065938917583,824.0478137120458,813.1284522229286,817.3020629882812,19651130,-0.002369531953926307,-0.002372343737385329,16060909089.050903
2024-10-16,815.3608435545054,828.8765747113987,815.3608435545054,824.92138671875,20470682,0.00932253089220203,0.009279344299161456,16886703382.518555
2024-10-17,822.5675882717809,823.8779471608134,808.1297662380588,811.9879760742188,14695732,-0.015678355359382556,-0.015802560706984225,11932757683.60913
2024-10-18,807.1106759435778,820.6506963237373,802.7429312558701,816.2101440429688,24809724,0.005199791244647756,0.00518631901183854,20249948399.7063
2024-10-21,832.2980010606213,848.3858722296796,830.3810701774502,838.9466552734375,46548354,0.02785619781426263,0.027475271853412864,39051585896.783936
2024-10-22,839.6018778313584,844.4306385333365,830.2111793718472,832.0796508789062,38875280,-0.008185269410595719,-0.00821895265848769,32347329410.219727
2024-10-23,827.4692671141377,847.5851345291038,827.4692671141377,842.3923950195312,38036090,0.012393938644854385,0.012317762555988493,32041312952.278442
2024-10-24,843.5085346118838,858.3346247570413,843.5085346118838,849.1138305664062,30832258,0.007978984124992206,0.007947320349482733,26180096695.391724
2024-10-25,851.7102142266036,853.0933215296461,838.9466699408074,846.0806884765625,26130478,-0.003572126587339297,-0.00357852186588921,22108492816.46167
2024-10-28,845.4012471416386,849.7689918168825,839.043763962605,841.6158447265625,22012142,-0.005277089775018173,-0.005291062792856625,18525767483.571045
2024-10-29,837.7092042477628,856.0779859182065,837.1996103215174,850.1815185546875,35794926,0.01017765276378313,0.010126209211190737,30432184543.232666
2024-10-30,845.4012662208864,851.5889046504595,836.7628139716957,841.8099975585938,32715724,-0.009846745445990623,-0.009895545254376937,27540423540.567627
2024-10-31,838.6069864702176,843.8968224808245,834.4333755848933,842.3438110351562,22895912,0.0006341258456310506,0.0006339248727938939,19286229771.205566
2024-11-01,841.0335262277963,846.4203996311912,837.6849100339031,843.120361328125,1759692,0.0009218923232954257,0.0009214676415547327,1483632154.866211
2024-11-04,846.8571409139798,846.8571409139798,830.3082539054162,831.8612060546875,28089248,-0.013354149407211025,-0.013444117926866709,23366355718.44922
2024-11-05,826.4743572133567,855.447039991069,823.999313734677,853.0933227539062,44232406,0.025523628875443682,0.025203339586590403,37734370207.93982
2024-11-06,859.7178102794018,859.7178102794018,847.0270726401069,851.8316040039062,27787910,-0.0014789926451739266,-0.0014800874343861086,23670619947.216187
2024-11-07,846.5174998307751,854.5977803501312,843.4600547619757,847.6094360351562,18895456,-0.004956575864178192,-0.00496890042828422,16015966803.78711
2024-11-08,850.2543248355499,855.0103373353861,847.2696873607207,851.4432983398438,19902986,0.004523147267709859,0.004512948578990525,16946264046.651733
2024-11-11,851.4918803256005,865.2017460745226,849.8660612419557,857.1942138671875,24565362,0.006754314161092179,0.00673160597599576,21057286167.95288
2024-11-12,859.9603824917264,861.4162973605047,829.2163253609564,833.8509521484375,31395406,-0.027232173690765027,-0.02760984160125995,26179089186.186768
2024-11-13,833.1473377113161,839.2864576545572,811.9152444974701,815.967529296875,35728500,-0.02144678590998239,-0.021680110293077856,29153295870.4834
2024-11-14,811.9637453515568,827.3721783747438,811.4784403744485,821.5,27146470,0.006780258410395756,0.00675737583329886,22300825105.0
2024-11-18,825.0184258091194,834.190701332557,822.5919010273279,827.4934692382812,27081968,0.007295762919392823,0.00726927758357515,22410151654.120117
2024-11-19,831.8127176211167,851.1035901563789,826.3287477699067,845.5225830078125,50981272,0.021787620615456138,0.021553662569547556,43105816786.46387
2024-11-21,848.9925368361551,853.6514527573436,841.6158656563873,845.0130004882812,35716512,-0.0006026835116792473,-0.0006028651983902632,30180916972.095703
2024-11-22,846.1535367827626,851.370565411524,839.3592669406547,847.1483764648438,24773612,0.002527033282716973,0.002523845703061571,20986925184.96997
2024-11-25,866.293664684976,875.2718066744363,856.5147576427843,866.560546875,427737274,0.022914723027816386,0.0226561237957724,370660246076.2617
2024-11-26,878.4019987795361,878.4019987795361,858.8927626136716,866.5363159179688,30935566,-2.79622204341079e-05,-2.796261138428161e-05,26806791392.477173
2024-11-27,868.6474059809165,881.9690041453489,866.3422072982357,879.5182495117188,32714976,0.014981407420873616,0.014870294514030312,28773418424.33789
2024-11-28,882.7697308653094,891.0684339141281,867.725276958314,870.224609375,35722392,-0.010566739396116298,-0.010622963810080975,31086504624.140625
2024-11-29,874.1799313606635,875.7814023363161,865.2503073983569,871.632080078125,27669536,0.0016173648595572132,0.0016160583335758463,24117655218.476562
2024-12-02,875.2475527258944,877.5042327860683,861.4163604593637,875.8298950195312,15110876,0.00481603997529545,0.0048044799555938865,13234556940.733154
2024-12-03,884.565415610868,891.6994347831544,881.3624144018961,886.3125610351562,43410242,0.011968837870499183,0.011897777773087594,38475042762.1759
2024-12-04,891.9905313310416,905.0937654692016,888.6662041479593,902.7157592773438,44669084,0.018507238826706462,0.018338064000366246,40323486079.28345
2024-12-05,902.6671991983368,912.3490091706271,890.6316128458285,905.4577026367188,39682714,0.0030374382314650727,0.0030328345358981946,35931019052.829956
2024-12-06,901.2113107944992,904.7054828102569,894.9023463139778,900.6531982421875,17783156,-0.005306161050417257,-0.005320288720921436,16016456326.239746
2024-12-09,899.5855395249345,912.3733132102273,897.3288596413352,907.520263671875,26947912,0.007624538993577179,0.007595619103674054,24455776203.646484
2024-12-10,911.2570600965298,911.2570600965298,901.963517909446,906.59814453125,13325480,-0.0010160865575541411,-0.0010166031234471137,12080855442.988281
2024-12-11,903.492253077643,908.4423993938311,901.0900171351183,904.1716918945312,14045426,-0.0026764367998716176,-0.0026800248604182827,12699476589.799438
2024-12-12,898.2994568437374,906.8651010060448,897.183231769173,902.30322265625,17293790,-0.0020664982713252122,-0.0020686364250463796,15604242448.94043
2024-12-13,903.8804969466607,909.9468090067054,887.7441068669418,908.3695678710938,19009002,0.006723178043169797,0.006700678272015541,17267198932.400757
2024-12-16,905.1422772502634,907.4959944793276,900.3620351992098,905.1907958984375,13107082,-0.00349942587806662,-0.0035055631910357677,11864409987.486084
2024-12-17,900.8958970749953,903.8077269850552,886.4095551207139,889.6853637695312,21079532,-0.01712946287032946,-0.017277869309359768,18754151095.511475
2024-12-18,888.0353013877913,891.0199388482123,877.0189020931173,878.74169921875,23422312,-0.012300600860076782,-0.01237687941093236,20582162246.51172
2024-12-19,873.3548187057529,874.0827761662058,863.3575480971324,870.3944702148438,25380770,-0.009499070103680562,-0.009544474028909587,22091281857.7948
2024-12-20,864.9105130352275,872.3599918831414,857.5581899695972,859.7177734375,25692348,-0.012266503456425215,-0.012342357961249651,22088168216.941406
2024-12-23,864.8135067920166,876.4608267488114,864.4738169898098,874.0343017578125,11044592,0.01665259084160753,0.016515456781537985,9653352256.919922
2024-12-24,874.5438211790217,877.7710517489787,868.4775092184595,872.6268310546875,14485834,-0.001610315179043198,-0.0016116131301251585,12640727418.604248
2024-12-26,872.8452779528201,879.3726061062491,864.2068257857081,869.0598754882812,10481678,-0.004087607026814766,-0.004095984128410219,9109205777.588257
2024-12-27,871.0253675774094,876.4364704987394,868.2590937552997,872.6996459960938,7259330,0.0041881700104582364,0.004179424037683392,6335214721.168823
2024-12-30,869.7635560951499,880.8285332674382,859.4751142791366,862.82373046875,22222218,-0.0113165114397078,-0.011381030369917696,19173857034.049805
2024-12-31,859.1354326463724,864.7164399349241,856.8544636879918,860.3729248046875,14117236,-0.002840447680699576,-0.0028444894075698216,12146087627.478027
2025-01-01,860.6640693133434,870.637110073425,854.6705648241472,865.1774291992188,7313806,0.005584211515746951,0.005568677609534686,6327739872.741821
2025-01-02,862.4354683380634,875.2232427161829,860.4457297678027,870.5158081054688,18558576,0.00617027065903808,0.006151312483782739,16155533783.926758
2025-01-03,869.181218624921,871.2437647886038,847.4881097293069,848.8954467773438,24426194,-0.024836265035988347,-0.02514988878708523,20735284868.700073
2025-01-06,844.4791507386858,852.7778537230372,827.8332261221516,830.1141357421875,18816348,-0.022124410145508033,-0.022372825776775702,15619716457.844238
2025-01-07,832.2980215119891,835.209851324859,825.0184469798143,831.5215454101562,13527906,0.00169544115365583,0.0016940055157670562,11248745303.283325
2025-01-08,829.0221775951162,830.6722262669281,816.9380725391129,822.252197265625,19738190,-0.011147453960389075,-0.01121005246936604,16229770097.546387
2025-01-09,817.3263871062876,819.6801043914131,804.6841687860751,809.3916625976562,40420222,-0.015640620615835488,-0.015764225656164723,32715790687.146362
2025-01-10,810.9445873725031,812.8372885629307,802.6944030605147,804.0289916992188,17453280,-0.006625557373826418,-0.006647603813005651,14032943120.24414
2025-01-13,795.9002084068898,799.1760171914914,788.2809435229427,791.4596557617188,21669066,-0.015632938696571452,-0.01575642170828724,17150191517.037964
2025-01-14,795.8515690343077,803.7620038731537,794.4441728846588,799.1030883789062,26661432,0.00965738753901646,0.009611053046561971,21305232651.8042
2025-01-15,803.9076378434971,806.9165047926833,794.1045016943054,797.3803100585938,14022892,-0.002155889953832313,-0.002158217230081449,11181577970.878174
2025-01-16,802.1363163454865,805.873200199019,797.2832665938832,801.7481079101562,21212454,0.005477684608542033,0.005462736656141009,17007044858.631226
2025-01-17,797.5986843852027,800.9958190311999,790.3191101437801,794.3228759765625,23112076,-0.009261302721310316,-0.009304455224267835,18358450678.108887
2025-01-20,789.1058522041777,806.0672365854673,789.1058522041777,801.3598022460938,17557618,0.008859025066953796,0.008820014134311827,14069969288.392456
2025-01-21,804.756952160241,806.115829748555,792.5272908307279,797.0648803710938,31158144,-0.005359542446429111,-0.005373956318286544,24835062319.945312
2025-01-22,797.0648841596673,811.3813805875693,788.8389294808721,808.5423583984375,30619306,0.014399678507978075,0.014296987772519152,24757005885.763428
2025-01-23,818.7094808723397,818.7094808723397,801.359828269384,807.9842529296875,34909158,-0.0006902612620759419,-0.0006904996020651222,28206049947.034424
2025-01-24,805.6062147090801,810.604879376396,798.0839880054712,800.6561279296875,24236200,-0.009069638391378088,-0.009111017950097052,19404862047.729492
2025-01-27,796.433983923838,797.6472463633178,789.1058906376462,790.9500732421875,22804166,-0.012122625867608927,-0.012196704187820652,18036956767.927002
2025-01-28,799.2972941154203,817.3991933860295,799.2972941154203,810.6534423828125,30179312,0.02491101500232351,0.02460579418988373,24464963161.54492
2025-01-29,812.8857890816031,815.8704263644069,809.9011517987993,814.0020141601562,12619890,0.004130706911576132,0.004122198962962336,10272615878.479614
2025-01-30,815.7976693049923,823.9993352943973,811.696865930955,820.8933715820312,25744846,0.008466020110509342,0.00843038434970588,21133773433.80017
2025-01-31,818.830797136207,827.2993450265934,817.2292670650723,824.4118041992188,15821686,0.004286101872654546,0.004276942700127697,13043584700.73352
2025-02-01,823.8051750140157,831.3274019434516,813.3954072501344,820.6264038085938,5587528,-0.004591637785077429,-0.004602211734096874,4585273008.819824
2025-02-03,810.4592960980566,818.6124432523412,807.2805248629369,814.3417358398438,20276540,-0.0076583789402612235,-0.007687854912807175,16512032780.426025
2025-02-04,819.534460691003,837.5393220656948,815.3366201880791,835.1613159179688,28616502,0.025566146449135907,0.02524479810704116,23899395467.289185
2025-02-05,841.0335494558958,846.4689416589049,834.1907609306318,843.363037109375,23675506,0.00982052333493355,0.00977261539432872,19967046645.26123
2025-02-06,842.2467875560731,848.7984047453597,836.6657803207547,846.299072265625,26760716,0.003481341992783049,0.00347529614944997,22647569123.963867
2025-02-07,849.2837426225924,857.5339275509261,837.1511177279839,840.9122314453125,23509600,-0.006365173963728266,-0.0063855180586056375,19769510196.38672
2025-02-10,833.4142336911924,836.3988118099606,829.1435263354559,832.6619873046875,17195950,-0.009811064498901345,-0.009859510121385959,14318413900.592041
2025-02-11,826.4743520691721,830.3567917735487,819.5344674010676,825.6978759765625,22724704,-0.008363671494921565,-0.00839884324261775,18763739824.996094
2025-02-12,821.6213102303759,830.8421046157138,815.8946879155817,828.3185424804688,22809570,0.0031738806410355203,0.00316885451395065,18893589777.006226
2025-02-13,824.5331418355402,831.9340426083429,821.8882534526111,823.9022216796875,12602434,-0.005331669610529555,-0.005345933684424658,10383173371.17163
2025-02-14,825.9405276867242,825.9405276867242,815.3123371576534,822.5191040039062,19959892,-0.0016787400730168267,-0.0016801507361120396,16417392483.854736
2025-02-17,817.8359099627821,834.7245465784594,815.918979031997,833.4384765625,12938946,0.01327552455066372,0.013188176981921183,10783815442.564453
2025-02-18,831.3516624481879,840.329803960056,828.003046468469,836.2047119140625,16350910,0.003319063649391163,0.003313567715182815,13672707986.082764
2025-02-19,833.2686021535318,843.4114874933574,831.0604409265417,838.2186889648438,11884112,0.0024084736932075135,0.002405577969027095,9961484780.151367
2025-02-20,830.3567961314325,832.152400807599,817.8844822121968,818.7579956054688,26390510,-0.023216725677409955,-0.02349047926161253,21607441070.60608
2025-02-21,815.74907568617,822.567574466393,813.977700828203,821.3786010742188,15680940,0.00320070824690033,0.003195596884009551,12879988560.72876
2025-02-24,815.8461881773111,817.3506217636291,806.1400885993494,813.9049682617188,20693646,-0.009098889114868336,-0.00914053683088823,16842661290.849243
2025-02-25,810.9930781817751,819.1947435645432,810.9930781817751,816.4527587890625,24138708,0.0031303292481248413,0.00312543996823734,19708114740.203613
2025-02-27,816.5498559350805,830.235431637752,816.5498559350805,825.3580932617188,35786800,0.010907348131034889,0.010848292051481152,29536925011.938477
2025-02-28,817.7388430279666,843.0960267361039,817.7388430279666,840.7423095703125,54516728,0.01863944442320431,0.018467858872547507,45834519808.93652
2025-03-03,844.3336059197142,845.9108470636534,822.1551333662954,825.7706909179688,21205364,-0.017807618912381695,-0.017968082393824178,17510768081.44702
2025-03-04,824.04786119963,831.9583561196923,821.7426625301964,829.8715209960938,19920958,0.004966063972997592,0.004953773749867472,16531835715.159302
2025-03-05,825.9647760106438,830.2597724194886,819.316121569752,820.1654052734375,21583872,-0.011695925787411077,-0.011764861163298362,17702345126.25
2025-03-06,818.7094845214233,824.9699304836942,811.5512362127743,820.7477416992188,32966088,0.0007100231514729494,0.0007097712042869719,27056842278.657715
2025-03-07,816.2829914666041,825.576593853863,814.1476376668198,819.8014526367188,13372914,-0.0011529596908068651,-0.0011536248601559627,10963134323.185913
2025-03-10,819.6801059027778,824.969941998729,816.7925649870414,818.9521484375,15604050,-0.0010359876729750805,-0.00103652467912423,12778970271.826172
2025-03-11,816.4770728267864,822.1065984888339,810.4835684463997,817.9815063476562,19898430,-0.0011852244257440914,-0.0011859273596916643,16276547745.353394
2025-03-12,820.9176607269924,833.9966062113717,820.9176607269924,830.4296264648438,18784106,0.015218094810931948,0.01510346114703408,15598878129.05603
2025-03-13,832.8076029783965,835.1128015457978,825.0427235934661,828.221435546875,15736264,-0.002659094578994048,-0.0026626362508041603,13033111160.22461
2025-03-17,827.4450150114936,836.6658099001849,827.4450150114936,830.065673828125,18950652,0.002226745411427533,0.002224269888089584,15730285721.862305
2025-03-18,830.065673828125,830.065673828125,830.065673828125,830.065673828125,0,0.0,0.0,0.0
2025-03-19,842.004146653194,849.7690263917825,840.6452690024086,846.42041015625,15221406,0.01970294260296268,0.019511352137495618,12883708709.674805
2025-03-20,851.2249302948321,860.9310298420936,848.9440205977578,858.3831787109375,17833978,0.01413336494624362,0.014034420136143871,15308386724.700928
2025-03-21,851.9771897387066,860.9795616616999,851.9771897387066,859.15966796875,33508264,0.000904595147098064,0.0009041862474818131,28788948972.44922
2025-03-24,863.3575457763671,875.6843039218336,860.7611760226637,873.5489501953125,17393736,0.016748088583559806,0.016609385875777774,15194279822.774414
2025-03-25,875.9269782864857,894.7567761384419,874.2769294910811,883.958740234375,39101416,0.011916664815102784,0.01184622045392233,34564038428.740234
2025-03-26,885.681575218163,886.8948376499686,874.5195608455505,876.7277221679688,24478442,-0.008180266495797062,-0.008213908468250802,21460928696.880737
2025-03-27,873.548970937254,893.4464752752693,872.6268796196651,885.8514404296875,41658100,0.010406558422902057,0.010352782950439886,36902887890.563965
2025-03-28,887.6227647317345,891.0198994245295,876.3879431494396,887.2344970703125,28773648,0.001561273795473106,0.0015600562746317399,25528973112.158203
2025-04-01,874.5195261060333,878.3534470865061,856.7330877140463,857.9463500976562,28511006,-0.03301060437727232,-0.03356774985295643,24460913535.312378
2025-04-02,859.3294691298255,873.16066049231,859.3294691298255,872.0444946289062,11573564,0.01643243138646744,0.016298880048549836,10092662769.435303
2025-04-03,864.3767387506249,875.4902352930214,862.3870000641348,871.0496826171875,11250038,-0.0011407812535323414,-0.0011414324397543453,9799342029.331299
2025-04-04,879.8579280746396,893.9074835384829,878.9358367650708,881.9447631835938,33540454,0.01250798982403678,0.01243041115165578,29580827760.10022
2025-04-07,855.4956105111871,863.7700245665659,843.5570610557007,853.0205078125,37995450,-0.03279599423742208,-0.03334583808283329,32410898053.564453
2025-04-08,856.5633039940931,864.8134887917699,849.4293443655757,858.5773315429688,35563872,0.006514290898725017,0.006493164604684329,30534334321.095703
2025-04-09,856.5632934570312,861.4163432783175,850.982286162552,856.5632934570312,22454608,-0.002345785303134007,-0.002348540967786781,19233792981.7666
2025-04-11,861.2950087869681,882.9638878798253,861.2950087869681,876.8247680664062,32775766,0.023654381134639912,0.023378951221950033,28738603421.148804
2025-04-15,905.0937456982635,910.8203678930464,900.240696123474,905.0452270507812,49298344,0.03218483328956068,0.03167775304728625,44617230938.70752
2025-04-16,914.2175024102767,914.2175024102767,902.9098732067754,911.4027099609375,19136820,0.007024491948179223,0.00699993513696267,17441349608.034668
2025-04-17,913.3439239431574,931.6398970227459,910.7717839889756,925.3309326171875,35703084,0.015282182622484042,0.015166586291399373,33037168015.029785
2025-04-21,933.726706667588,946.6843248983055,926.9324374922522,935.2311401367188,34247298,0.010699099284976477,0.010642268918678826,32029139555.141968
2025-04-22,939.0651467003056,956.3419923313835,939.0651467003056,952.0227661132812,45961750,0.017954519750174036,0.017795241049946058,43756632370.407104
2025-04-23,960.3699954066212,960.3699954066212,932.0281739470523,933.67822265625,30570642,-0.019269017622261853,-0.019457084977510655,28543142688.020508
2025-04-24,926.9324466168475,933.6781972127433,924.5544405338061,930.2325439453125,25931754,-0.003690434913577345,-0.0036972613687372724,24122561492.384033
2025-04-25,934.1150265036636,938.094503546439,918.099962552793,927.5148315429688,18500878,-0.0029215408770987272,-0.0029258169080773493,17159838741.567017
2025-04-28,927.5148236825167,936.4929655182809,926.156005327847,931.882568359375,13920492,0.004709074904107213,0.004698021896923962,12972263837.786133
2025-04-29,931.2031470797607,936.0561965032714,922.17642775897,926.35009765625,18918308,-0.005936875407880238,-0.005954568716084895,17524976463.291016
2025-04-30,928.3883766867898,939.9871769317172,927.0780770079656,934.2120361328125,31936870,0.008487005611003795,0.008451193461497369,29835808350.408936
2025-05-02,936.5415014593009,942.4136794135693,931.7854893276606,932.7075805664062,17840404,-0.0016104005388690723,-0.001611698627632616,16639880051.167236
2025-05-05,941.0063068714467,947.3152712805899,937.754787372496,939.9386596679688,15068024,0.0077527826000634015,0.007722884212083537,14163018282.404785
2025-05-06,936.638567281111,941.5401354999643,933.8723527219415,937.4635620117188,17490156,-0.002633254447821476,-0.0026367275607147526,16396383943.900635
2025-05-07,938.5798247058746,945.7137841650697,932.9502988258117,944.2093505859375,21420778,0.007195787492521699,0.007170021345014349,20225698884.425537
2025-05-08,948.6741890736062,948.6741890736062,931.348765916796,935.91064453125,34803430,-0.008789053031022953,-0.008827904570627014,32572900603.198242
2025-05-09,926.9809824392288,931.3002083857921,915.6734125356725,917.0807495117188,17188796,-0.020119329905647354,-0.0203244799413487,15763513918.884033
2025-05-12,930.6208021509265,951.149226156264,928.0487213449755,949.8388671875,18618972,0.03571999269772341,0.03509682998699442,17685023272.67578
2025-05-13,946.3446699698328,952.0227142931207,931.7855212010662,933.0473022460938,24242102,-0.017678330000462705,-0.017836458074788026,22619027871.874634
2025-05-14,932.8047011833116,936.7356597192896,923.5353878045329,927.2236938476562,15445308,-0.006241493206634363,-0.00626105275502381,14321255536.374756
2025-05-15,928.6310129632633,943.8210814498384,920.6234813646776,938.4827270507812,32241458,0.012142736728829595,0.012069605117924247,30258051427.933228
2025-05-16,938.4827675522878,943.3358172154161,935.8621088859327,938.9194946289062,15868010,0.0004653975673025723,0.00046528930344393526,14898783929.96643
2025-05-19,940.0357230243618,943.9181627683963,937.1238932163359,940.8607177734375,10202964,0.002067507550579162,0.002065373198196787,9599568032.456543
2025-05-20,935.7164876572758,938.8709699179398,928.3883945615378,929.3104858398438,23879090,-0.012276239952846102,-0.012352215422238475,22191088729.313354
2025-05-21,935.1826696209016,944.8402502940019,932.3193584728106,935.0856323242188,15132040,0.0062144423982861685,0.0061952123792337185,14149753191.755371
2025-05-22,929.4560306672615,933.8237752836327,924.6029810935157,931.7369995117188,21306670,-0.0035810974917631633,-0.0035875249709270084,19852212775.386353
2025-05-23,931.8340640363383,940.0357299039,929.1163680438908,938.3856811523438,9566072,0.007135792229040261,0.007110452936214967,8976664989.672363
2025-05-26,939.0651219212037,946.2961778607493,935.13416349166,941.5886840820312,10802860,0.003413311811998554,0.0034074996852144633,10171850731.722412
2025-05-27,937.415037254252,945.3740503477449,929.989907003196,934.8429565429688,26162148,-0.00716419775757926,-0.007189983853939407,24457499785.834717
2025-05-28,931.8825397952628,938.8224242656362,930.6692774222134,933.4840698242188,18157594,-0.0014535989272199679,-0.0014546564270518883,16949824745.335815
2025-05-29,935.6679454442282,941.8798725130029,925.6221566559584,935.42529296875,28917794,0.0020795460868408,0.0020773868238835183,27050435924.45996
2025-05-30,937.560664423884,945.7623300992254,934.406182182701,943.86962890625,28748078,0.009027269201477672,0.008986766974044779,27134437713.62793
2025-06-02,936.6871049098005,939.5504160632175,925.9618769879231,937.65771484375,14668822,-0.00658132635298192,-0.0066030787736449615,13754334115.969727
2025-06-03,940.5210428582492,947.3153125176999,931.7855532960983,934.0179443359375,24377584,-0.0038817688482614132,-0.003889322466894477,22769100895.55664
2025-06-04,932.2708380103269,943.0931624292062,932.2223193620798,942.073974609375,12961542,0.008625134369516951,0.008588150407014933,12210731389.006348
2025-06-05,945.3740366284826,950.6638723983343,941.5886343458625,946.1505126953125,22255418,0.004327195311416787,0.0043178599227962754,21056975150.948486
2025-06-06,943.4328899516395,968.8143643397722,942.8019697752012,960.27294921875,30127008,0.01492620501066666,0.014815905427667472,28930150823.296875
2025-06-09,968.1833931080394,968.1833931080394,958.9140802403333,960.3699951171875,13202588,0.00010106074373594787,0.00010105563744301325,12679369373.094238
2025-06-10,962.2627345803987,962.2627345803987,951.7315810074685,953.7698974609375,15533126,-0.00687245300228756,-0.006896177064904751,14815027992.267822
2025-06-11,954.8860400853163,954.8860400853163,944.8887696252715,946.538818359375,11096394,-0.0075815761441124785,-0.007610462387313903,10503167664.810059
2025-06-12,946.3447246989118,951.6830795561876,939.2107650861756,943.1417236328125,16349130,-0.003588965038381242,-0.003595420824426789,15419546648.096924
2025-06-13,931.7855323379068,938.0944968797781,928.3883975845915,930.6207885742188,12117762,-0.01327577260643853,-0.013364683459213603,11277041228.194702
2025-06-16,933.7267280054107,940.957783641244,931.8340268436207,939.2592163085938,16513746,0.009282435811056589,0.009239618764138924,15510688126.279175
2025-06-17,940.0357266330969,942.268117646221,931.3487558242051,936.4444580078125,16978736,-0.0029967853941785805,-0.0030012847468393056,15899643231.177734
2025-06-18,930.329645039179,939.6960548333931,930.329645039179,938.5313110351562,18433816,0.002228485640016764,0.002226006248734884,17300713497.86084
2025-06-19,938.5312545811619,944.7917002839463,934.5031997999406,939.210693359375,16876220,0.0007238781660565685,0.0007236162926256073,15850326287.485352
2025-06-20,937.415115265286,956.0023202459611,937.415115265286,953.4786987304688,32900408,0.015191485224747447,0.015077250094399511,31369838207.541504
2025-06-23,945.5681762695312,950.1785732937573,942.3651754483343,945.5681762695312,11739518,-0.008296485775162177,-0.008331093159311189,11100514625.543335
2025-06-24,953.6242600004867,960.4185295373859,949.0623814631601,951.634521484375,22625322,0.006415555606764212,0.006395063528572414,21531037474.899902
2025-06-25,954.1096083800328,961.8744882040819,953.0904797513926,961.0009155273438,18405932,0.009842427771912687,0.009794306574996258,17688117503.134033
2025-06-26,961.5833031108746,983.7617170900772,960.9038642878594,981.1896362304688,50084830,0.02100801401635133,0.020790388335221698,49142716128.36487
2025-06-27,987.666092322087,991.0024945345428,978.0494846238399,988.5983276367188,28213384,0.007550723257445657,0.007522359236359009,27891704239.37256
2025-06-30,986.9301202198938,988.0586250503452,979.0798184930638,982.023681640625,13649020,-0.006650472504652782,-0.006672685436021602,13403660871.186523
2025-07-01,983.740927917604,989.138010315157,983.250284063281,987.2244873046875,14389386,0.005296008397041696,0.005282033862359038,14205554216.479248
2025-07-02,991.0515399227539,991.0515399227539,970.4444979040134,974.418701171875,18878250,-0.012971503743565704,-0.013056368378365562,18395319845.39795
2025-07-03,978.7854199779471,985.2128423794024,973.584607191008,974.9583740234375,16860506,0.0005538408190579602,0.0005536875058363345,16438291514.972412
2025-07-04,974.9583893832662,983.0049605598704,971.4748300017685,976.037841796875,7863944,0.001107193704058096,0.0011065812171616783,7675506929.771484
2025-07-07,975.8906089947405,980.5026731224453,973.3392849545877,975.1055908203125,11349426,-0.0009551381479699916,-0.0009555945830730432,11066888745.201416
2025-07-08,970.0028875050783,983.740915249207,970.0028875050783,981.974609375,15224316,0.007044384340888499,0.00701968857533224,14949891757.101562
2025-07-09,984.7222177139129,988.058619887602,980.3554754225707,986.7828979492188,13861428,0.0048965508153810955,0.00488460170086,13678220091.554443
2025-07-10,989.1379844829171,989.6286283244265,981.2876830187669,984.3296508789062,17030310,-0.002486106189528603,-0.0024892016830694993,16763439096.659546
2025-07-11,980.3063919997392,983.6427940678678,971.9163943170895,973.2901611328125,12516922,-0.01121523641621136,-0.011278601394408049,12182597030.266846
2025-07-14,972.94677734375,975.7434233970494,966.8627814826074,972.94677734375,13088850,-0.0003528072128694548,-0.00035286946397637144,12734754426.635742
2025-07-15,968.0403470063502,983.0540373178538,968.0403470063502,979.079833984375,14498168,0.006303589038414659,0.0062838045198200625,14194863918.517578
2025-07-16,990.1192987637652,992.4253009235872,977.6569328760377,979.4723510742188,17994612,0.00040090406953474655,0.00040082372897011747,17625224922.30835
2025-07-17,983.2502884954769,983.6428275379242,972.7995503940688,974.8602905273438,22529158,-0.0047087194874023686,-0.004719840431010208,21962781513.21643
2025-07-18,974.8602851924708,979.8157761377424,958.2274465683581,960.3862915039062,16129446,-0.01484725469288306,-0.014958578454587717,15490498827.952515
2025-07-21,970.5916382285527,982.2689857931025,969.7575676423911,981.5330200195312,22309078,0.022018982052014247,0.021780065045441714,21897096703.191284
2025-07-22,987.7151032772119,990.1192700741381,982.7596124670459,984.771240234375,14836814,0.0032991454681567944,0.00329371522790395,14610867723.906738
2025-07-23,986.6848008986999,995.9089294093236,982.7596500249109,993.2103881835938,13634916,0.00856965313813407,0.008533142103661719,13542340213.210693
2025-07-24,999.7849522880986,999.7849522880986,985.4091233743482,988.2548217773438,19107176,-0.004989442785946707,-0.005001931614452556,18882758812.54834
2025-07-25,991.1076548914018,991.1076548914018,983.237817433207,985.9922485351562,9306598,-0.0022894633978292056,-0.0022920882262185117,9176233488.232788
2025-07-28,985.205265864704,994.2555908496133,983.9756037755068,987.9105224609375,12059580,0.001945526375720652,0.0019436362903582508,11913785978.459473
2025-07-29,983.6804999207345,996.7640925817828,981.9097985152405,994.3539428710938,19895696,0.006522271262082935,0.006501093286664544,19783363763.76465
2025-07-30,997.5018784172968,999.764444634085,992.091365270063,996.4197998046875,15154036,0.002077587109102108,0.002075431909564431,15099781517.353027
2025-07-31,990.9108782036614,999.1742313953042,987.664582321978,992.6815795898438,22183032,-0.0037516518796359977,-0.003758706976588531,22020687245.85205
2025-08-01,990.6157884442932,997.6494796779898,988.3040477115343,989.7304077148438,11317258,-0.002972929019413595,-0.0029773569510193857,11201034374.554077
2025-08-04,988.6974801605747,992.8291567300697,977.8764539291843,979.7947387695312,13933946,-0.010038762947834123,-0.010089491112820342,13652406981.098755
2025-08-05,977.0894619202779,980.975205994727,966.7603007320947,972.7118530273438,23978058,-0.007228948535774382,-0.007255203993663643,23323741229.177124
2025-08-06,969.5147509914575,977.8272785976125,968.9737116887809,976.499267578125,14080204,0.0038936654662875547,0.0038861047704312522,13749308893.350586
2025-08-07,973.9415460716062,984.5166400056098,972.3184281442016,981.4671020507812,13081186,0.00508739190862606,0.00507449485349862,12838753714.807251
2025-08-08,977.3846207407715,980.1882863803764,968.9737439061473,970.8920288085938,13895264,-0.010774760784228898,-0.01083322888502743,13490801055.791016
2025-08-11,971.8757166821836,982.5491593344192,970.4984711596596,981.5654296875,9105854,0.01099339634295271,0.010933408209833581,8937991494.18164
2025-08-12,979.7455870293594,981.7622208654035,967.7440729221851,968.924560546875,12937802,-0.01287827459922819,-0.012961918479483438,12535754117.29248
2025-08-13,980.7784409396806,980.7784409396806,968.5309950398891,974.0399169921875,13577396,0.005279416637375078,0.005265529373683404,13224925672.810059
2025-08-14,972.908633518138,981.7622004561191,969.5639286580633,979.35205078125,17511716,0.005453712621415141,0.005438894980426911,17150134977.298828
2025-08-18,988.6483131467888,996.8132573563983,981.5654475516468,985.5003662109375,19284796,0.0062779420585099555,0.006258317870449775,19005173520.303223
2025-08-19,982.8935135816985,986.7300232295675,977.1878335213248,979.35205078125,12352438,-0.006238775388107243,-0.006258317870449658,12097385487.448242
2025-08-20,977.3354453835109,979.7947696044055,973.4005266300795,977.9256591796875,9950228,-0.001456464608844854,-0.0014575262844104028,9730583275.888184
2025-08-21,982.5000176251586,982.5000176251586,975.4663263982883,979.4012451171875,12439850,0.0015088937729046403,0.0015077565365312104,12183604579.071045
2025-08-22,978.7618310909676,981.7621945267439,962.6286407512459,966.317626953125,19833502,-0.013358792659587615,-0.01344882403625706,19165462586.81006
2025-08-25,964.1534314319724,972.6135426708398,962.5794879672083,966.0717163085938,17518044,-0.0002544822092365173,-0.00025451459532849896,16923686833.449463
2025-08-26,963.5632270654481,969.6623631247153,952.2503356808104,957.5625,16917731,-0.008808058620231485,-0.008847078865943889,16199784790.6875
2025-08-28,951.2665723546679,956.3819785474136,939.4618165446824,942.2162475585938,25438255,-0.016026371585568855,-0.016156182680858815,23968337170.538635
2025-08-29,938.4781016808785,947.6267755693488,934.6415319653455,936.1171264648438,14823813,-0.006473164848890711,-0.006494206634254011,13876825228.812195
2025-09-01,934.1496321868741,941.8719458039564,930.9525108908947,935.1333618164062,20178344,-0.0010508991029281045,-0.0010514516845626573,18869442660.60791
2025-09-02,935.5269334024698,939.2650942089082,928.6408255856272,929.1326904296875,14196320,-0.006416915096540965,-0.006437591998297459,13190264995.800781
2025-09-03,929.6245191670979,940.740652202688,924.7058709175366,938.9207763671875,16083481,0.010534648106045319,0.010479545354908625,15101114467.20691
2025-09-04,944.5772033181551,949.9877162864987,940.6914592688354,945.610107421875,17597657,0.007124489331857609,0.0070992300597215565,16640522326.14331
2025-09-05,951.7584261964354,951.7584261964354,938.5272505370174,947.7251586914062,11602111,0.0022367054380347806,0.002234207736148733,10995612488.63031
2025-09-08,953.2340258485783,957.3165278914954,944.823149393627,950.2828369140625,11711307,0.0026987552237063284,0.0026951201225243774,11129054039.931519
2025-09-09,958.1526998830964,958.5462157684692,947.0365666053971,949.4467163085938,13985539,-0.0008798649970191974,-0.0008802523054284277,13278524079.355774
2025-09-10,958.0543466125587,958.0543466125587,946.0528326679372,950.1845092773438,18091100,0.0007770767501502629,0.0007767749823335012,17189882975.787354
2025-09-11,944.6755555766032,953.4799478098324,944.2820997482355,952.0535278320312,15113633,0.0019670059198386713,0.0019650738968132954,14388987616.008606
2025-09-12,954.1194397337725,954.9555859441327,946.5938836721522,951.5617065429688,14363519,-0.0005165899549602893,-0.0005167234335221745,13667774651.602356
2025-09-15,953.824233432933,956.5294899386951,949.2991011128589,951.3157348632812,14486377,-0.00025849262112609406,-0.0002585260361021563,13781118381.261536
2025-09-16,945.560981879392,953.5783427584718,945.560981879392,951.1190185546875,18661794,-0.00020678340679602947,-0.00020680478943245964,17749587193.749756
2025-09-17,949.4467082101403,958.5462075924,948.6596764461077,950.7747192382812,17361476,-0.00036199393523794754,-0.0003620594708586641,16506852469.462158
2025-09-18,957.4640913046234,963.7108108355188,953.4799980850369,961.0055541992188,17791598,0.010760524816156192,0.010703042362250259,17097824496.079712
2025-09-19,959.0380500102757,960.8087513537787,946.4462625851606,951.168212890625,31243267,-0.010236508275741407,-0.010289261642218276,29717602437.25464
2025-09-22,948.315388056543,955.3982535857159,946.298754270858,948.5121459960938,10854415,-0.002792426048868313,-0.002796332143836392,10295544465.18219
2025-09-23,951.2665762064279,952.447063800625,939.9536851760515,941.6260375976562,21022298,-0.007259905344918827,-0.007286386703675075,19795143166.937134
2025-09-24,936.7074240016012,940.8882751893465,927.6570988338277,935.5761108398438,15117220,-0.006424978193304343,-0.006445707202353135,14143309894.310303
2025-09-25,937.0024763946197,942.4129893816753,931.9854792780051,934.3955688476562,31413279,-0.0012618342628776258,-0.001262631046073865,29352428700.575134
2025-09-26,929.7228805294212,935.9695999150294,925.9847198182591,929.6737060546875,14874656,-0.005053387398649578,-0.005066198940096365,13828576569.808594
2025-09-29,930.6574059019287,941.232499440892,923.8204729543667,934.8382568359375,32398179,0.005555229482790303,0.005539856104304532,30287057181.018677
2025-09-30,942.4621986714628,944.3804835370663,930.9033750448373,935.5269165039062,28296687,0.000736661837417385,0.0007363906352673745,26472312336.38617
2025-10-01,937.1992488555558,953.8242439027433,930.6082481971154,949.5450439453125,25350832,0.014984205365028425,0.014873051155952902,24071756885.490234
2025-10-03,936.5106471136629,951.0206597658967,936.5106471136629,949.4467163085938,26658296,-0.00010355236683690094,-0.00010355772875340233,25310631599.58252
2025-10-06,956.0868643620497,961.4973774003239,946.3479168763192,957.6116333007812,18542683,0.00859965793966011,0.008562891516726328,17756688953.40863
2025-10-07,958.1527020714059,973.7447933808842,955.201513050652,966.514404296875,25535736,0.009296849251305472,0.009253899541075247,24680656668.322266
2025-10-08,960.1201629857547,969.8591107869768,958.6937429483099,962.7762451171875,15939710,-0.0038676704279507756,-0.0038751692066682623,15346374142.056885
2025-10-09,958.6445364195181,963.0713198098597,954.3653364923583,961.2022094726562,15370950,-0.0016348924815232646,-0.0016362303766449605,14774591101.693726
2025-10-10,963.0713193511867,970.1541847807785,962.1859386567031,964.9404296875,13757080,0.003889109053228923,0.00388156601941051,13274762686.445312
2025-10-13,958.4477997344204,965.0388004923793,956.1852335153851,961.1038818359375,18634254,-0.0039759426940012554,-0.003983867767554601,17909453854.516846
2025-10-14,954.2177737318785,964.4977607253469,951.2665847409552,961.25146484375,22934382,0.00015355572961639474,0.00015354394114212212,22045708292.786133
2025-10-15,959.1364356766506,968.8753835018975,957.5132576917447,962.3335571289062,23310447,0.0011257119752032807,0.0011250788365876566,22432425379.77484
2025-10-16,966.6619807603523,980.384961573746,965.5306676270898,978.1715698242188,22936566,0.016457924155284243,0.01632396036707134,22435896770.5968
2025-10-17,977.7781081157631,992.5832274986775,969.9574453059425,986.2381591796875,25210511,0.008246599680788558,0.00821278226953513,24863567960.619263
2025-10-20,980.7784494751901,1003.4042311581684,980.7784494751901,986.6316528320312,22195202,0.00039898441231578374,0.00039890483920006654,21898488834.200806
2025-10-21,989.6320299074079,993.5669485153896,987.664570603417,991.3043823242188,3471600,0.0047360425532414485,0.004724862788373615,3441412293.676758
2025-10-23,999.4693402098319,1003.8961237048558,989.6320435542233,992.386474609375,43526526,0.0010915842847574186,0.0010909889398387712,43195135689.1333
2025-10-24,994.5506701933195,995.4852253636408,975.1711841959709,978.5650634765625,17707768,-0.01392744811264468,-0.014025345050669522,17328203116.948242
2025-10-27,980.286584655995,992.6323796093756,979.9914777728962,986.6316528320312,15700796,0.008243283616533814,0.008209493322457129,15490902308.258545
2025-10-28,981.4178939740924,991.5994716753507,978.8109864255694,987.2218627929688,33904289,0.0005982069997889639,0.0005980281453061134,33471055343.25116
2025-10-29,988.5499498614066,996.0262711888014,983.729650556841,991.451904296875,17769445,0.004284793179051949,0.004275639590931182,17617550083.548584
2025-10-30,983.7296659041476,993.0750977302371,980.8768258561881,981.9097900390625,19962917,-0.00962438441689173,-0.009670998131246323,19601783640.03723
2025-10-31,977.8272677237645,988.1072545286754,965.1863657946757,971.2362670898438,23221330,-0.010870166544315829,-0.010929678467287767,22553397866.0614
2025-11-03,968.9737116887809,978.3683179002891,967.3013592642496,976.499267578125,16607180,0.005418867341157929,0.005404238104990927,16216899106.538086
2025-11-04,970.9411924643373,980.7784892471573,967.6948965344255,969.2196655273438,20024544,-0.007454795197989084,-0.007482721057986358,19408181838.01758
2025-11-06,965.0388182096445,974.9252895070431,958.1527104344483,968.6294555664062,22279516,-0.0006089537613914731,-0.0006091392490393192,21580595453.363037
2025-11-07,964.0550607577244,968.8753600783504,958.8904800750938,966.317626953125,15004568,-0.0023867007140820906,-0.002389553424178803,14499178543.216797
2025-11-10,966.3176552483678,974.8269410200376,964.2518469316628,968.4818725585938,15988262,0.0022396834592501857,0.002237179106858712,15484341920.717407
2025-11-11,967.4981021987119,977.3353986115102,962.0875891716729,975.564697265625,10200530,0.007313327082023147,0.007286714378353791,9951276961.398926
2025-11-12,982.549186657653,982.7459446009269,971.629811290036,973.4005126953125,13137263,-0.0022183916416598226,-0.0022208559175582927,12787818539.61316
2025-11-13,967.990016129637,973.9907432290495,966.6127705451346,970.596923828125,14124839,-0.0028802007299384424,-0.0028843564895936614,13709525282.96753
2025-11-14,960.169315545859,975.5155341538173,960.169315545859,973.4988403320312,21386965,0.0029898266032626353,0.0029853659605243695,20820185625.72174
2025-11-17,975.121999344663,981.7129998984626,969.5639028977658,980.3357543945312,18396408,0.007023032569990706,0.0069984859376059005,18034656514.82959
2025-11-18,981.4178963551165,982.7459073482096,973.8923406153428,976.302490234375,20002640,-0.00411416613346649,-0.00412265259943847,19528627243.26172
2025-11-19,973.8923481205824,980.3357652840727,967.9899702531849,978.41748046875,19813847,0.002166326784506456,0.002163983681978141,19386214260.1333
2025-11-20,979.106143718625,995.1409255797437,976.3025381325072,992.4356689453125,19850865,0.014327410084544301,0.014225742681081564,19700706485.41809
2025-11-21,986.7792242744008,991.8946306513916,980.3358068377918,981.8114013671875,17499897,-0.010705245599864077,-0.01076295900186453,17181598397.35144
2025-11-24,983.7296398293618,994.9933562138265,977.4337461176169,982.8934936523438,32204053,0.0011021386425635882,0.001101531733660776,31653154162.93524
2025-11-25,987.6645910314578,989.7303993265384,972.3184321597589,973.6956176757812,24989383,-0.009357957943524453,-0.00940201872670022,24332052715.521667
2025-11-26,965.3338969506472,990.566586579224,965.3338969506472,987.5662231445312,19494356,0.014245319807291823,0.01414480865679182,19251967527.55493
2025-11-27,985.7954498771661,1000.2562876177888,984.7133712881919,993.0750732421875,25536848,0.005578208294847675,0.005562707707909477,25360007197.97461
2025-11-28,990.615779865885,995.583602701878,987.8613487922537,991.2059936523438,15988807,-0.0018821130851079948,-0.0018838864854499055,15848201329.75055
2025-12-01,1000.9449320171519,1000.9449320171519,983.0410401436599,985.7954711914062,16746566,-0.005458524762346428,-0.005473476944698148,16508688920.807983
2025-12-02,971.9249162739843,978.2208101938114,968.9737272569581,973.6956176757812,27316662,-0.012274202782653676,-0.012350152934553141,26598114078.930542
2025-12-03,969.957416921422,985.9921979107919,969.957416921422,984.2214965820312,15448777,0.01081023547315052,0.010752222591783489,15205018419.302063
2025-12-04,983.7296507402166,988.3531921071142,976.8435431850351,980.9752197265625,14528169,-0.0032983193993855187,-0.003303770845189241,14251773776.999634
2025-12-05,975.8598190407668,991.5994935414243,974.0891176678615,986.9759521484375,12843366,0.006117109077992566,0.0060984755166644256,12676093386.64087
2025-12-08,983.7296369469886,990.1238795871441,981.2703128546212,986.7791748046875,12901022,-0.00019937400026992513,-0.000199393877908017,12730459843.29712
2025-12-09,978.7126738119038,986.4841021884776,977.82729309106,980.8768310546875,15294322,-0.005981423099213901,-0.005999383465204779,15001846096.48999
2025-12-10,981.2703481612342,982.2540778335763,969.2688341502419,973.6956176757812,15322830,-0.007321218272822949,-0.007348149920145884,14919772421.390991
2025-12-11,973.892376646044,986.3857555063869,972.4167821359742,984.0247802734375,11844809,0.010608204874447358,0.010552332657722024,11655585573.605835
2025-12-12,986.6808557305643,988.3532081724247,981.9589653386773,985.2052612304688,11988618,0.001199645558421114,0.0011989265586606578,11811249528.4823
2025-12-15,975.8597989154725,985.5003373398883,975.8597989154725,979.89306640625,9790060,-0.005391967575958834,-0.0054065566994817155,9593211913.701172
2025-12-16,973.9906989646398,982.4508099496376,973.9906989646398,978.1223754882812,20049088,-0.001807024642456856,-0.0018086592810043257,19610461580.933594
2025-12-17,979.7947462128429,979.7947462128429,964.8420432983647,967.989990234375,19080922,-0.010359015914392256,-0.010413043961905259,18470141500.44287
2025-12-18,957.464054962666,971.334679033018,957.464054962666,963.7599487304688,14912404,-0.0043699227745961355,-0.00437949879495336,14371977714.488037
2025-12-19,970.9411706561548,971.9249003123414,962.7762265182249,969.465576171875,25952384,0.005920174882679152,0.005902719506065423,25159942907.59375
2025-12-22,971.9249286743926,976.745228147207,967.8916609831689,971.6298217773438,13540411,0.002232410988758149,0.0022299228616735464,13156267126.721985
2025-12-23,974.3842218605324,982.647574967353,971.6297908389565,980.3849487304688,17927849,0.009010763931792232,0.008970409235077708,17576193322.712585
2025-12-24,976.8435431850351,983.1394369666097,976.8435431850351,980.9752197265625,13699996,0.0006020808426916435,0.0006018996647399437,13439356586.353027
2025-12-26,979.7947606844748,980.9752483081762,971.6298163538564,975.9581909179688,9360853,-0.005114327770677218,-0.005127450707404863,9135801159.32904
2025-12-29,976.9418827381613,981.1719682293385,971.1379138798658,975.564697265625,13545749,-0.00040318699715369277,-0.00040326829888496466,13214754522.421143
2025-12-30,974.0891482066822,978.8110386964976,966.219310709625,974.7777709960938,33155849,-0.0008066366810288716,-0.0008069621874518475,32319584583.703064
2025-12-31,974.8761180311038,981.3687099365719,971.531413084593,975.0728759765625,10963454,0.00030274077769254504,0.000302694960950137,10690166622.416748
2026-01-01,977.3354223369146,981.3195154723957,973.4005036762727,975.023681640625,7132074,-5.045195815567283e-05,-5.0453230898522124e-05,6953941049.213379
2026-01-02,975.0236621058955,986.8775923251652,972.7118614138294,985.3035888671875,11751459,0.010543238508079034,0.010488046167361882,11578754727.12561
2026-01-05,989.3861276768052,990.0255759869466,960.4152765333309,961.5957641601562,27647379,-0.02406144154441614,-0.02435564695269591,26585602536.530457
2026-01-06,947.0365425575541,950.9714611429873,940.445541918535,946.544677734375,31988783,-0.015652197094406572,-0.015775986144139123,30278812295.849854
2026-01-07,940.4455758755977,940.8882662408619,930.6082790568153,933.608642578125,52884712,-0.013666586966833316,-0.013760834445883531,49373624183.45508
2026-01-08,929.3294156929511,937.4943598087852,926.083119844739,931.296875,21928849,-0.002476163429401379,-0.002479234192253767,20422268546.046875
2026-01-09,929.6245460388378,935.1334082207486,918.1148967937476,923.72216796875,38183839,-0.008133504186030871,-0.008166761586769525,35271258542.44971
2026-01-12,922.246544668881,926.6733280832916,914.4750564356341,921.7055053710938,21071666,-0.0021831917297068237,-0.0021855783670618194,19421870559.540894
2026-01-13,932.2806373194226,932.2806373194226,917.4262830054705,922.0989990234375,32042827,0.0004269190647672172,0.00042682796075172477,29546658702.581177
2026-01-14,914.8685971701506,924.7550683892156,905.2280583696796,910.3926391601562,36688248,-0.012695339519595006,-0.012776613946010032,33400710922.882324
2026-01-15,910.3926391601562,910.3926391601562,910.3926391601562,910.3926391601562,0,0.0,0.0,0.0
2026-01-16,906.9987674975428,920.7218085803552,904.2443363942556,915.95068359375,37780235,0.006105106955523132,0.006086546294957257,34604832074.58252
2026-01-19,920.6726328615482,920.9185652819042,904.5394420693568,912.8027954101562,38191942,-0.003436744182823248,-0.003442663353787753,34861711419.74255
2026-01-20,914.1799618930222,919.2953681382725,904.637772173591,916.049072265625,36022727,0.003556383560383569,0.0035500745820425173,32998585648.82788
2026-01-21,909.9499161549952,916.9836070913005,900.6044845836736,905.3755493164062,32766854,-0.011651693421642073,-0.01172010633821507,29666308439.620483
2026-01-22,912.9011151422527,913.1962220288154,898.3419283315923,903.75244140625,44444755,-0.0017927454649970809,-0.0017943543563241806,40167055838.95264
2026-01-23,905.0312717738813,911.0319985807623,894.4561781091321,901.1947021484375,30985247,-0.0028301326122368575,-0.0028341450097377667,27923740441.160767
2026-01-27,891.2590997657288,916.0490999795524,890.2753700750383,911.3272094726562,44753093,0.011243416433832643,0.01118067904436115,40784711358.960266
2026-01-28,917.3279002643548,926.1322926560076,913.2946327089841,917.524658203125,35347138,0.006800464932957384,0.006777446071683697,32431870711.90869
2026-01-29,914.9669494914904,924.0172745375145,909.310503842987,920.2791137695312,37175628,0.0030020507261359075,0.0029975535700671337,34211953989.66577
2026-01-30,914.8685955943554,923.6238136980638,912.6552038308206,914.1307983398438,29691233,-0.006680924664804744,-0.0067033419432125435,27141670525.984314
2026-02-02,900.1126164754811,914.6718030723491,894.5053455447564,912.9994506835938,28032106,-0.0012376212007129128,-0.001238387686308956,25593297379.504272
2026-02-03,967.7440559401642,977.8272849855383,929.6245315003357,933.2643432617188,50336968,0.02219595265139751,0.021953207895365222,46977697382.30615
2026-02-04,937.0024986247718,941.62604002273,932.5265406922532,937.5927124023438,24366770,0.0046378811875502635,0.004627159354871773,22846105976.784058
2026-02-05,940.4455315704454,940.4947060438036,931.2968579683982,934.248046875,28103169,-0.0035672904482948464,-0.00357366840139119,26255330749.248047
2026-02-06,929.6245335781572,932.674071523322,922.3449100391202,925.7879638671875,18120272,-0.009055499806620904,-0.009096750061614358,16775529719.59961
2026-02-09,929.6245151050697,934.5431633331389,920.1315000080592,922.0006103515625,23947829,-0.004090951344630334,-0.004099342178229018,22079912954.59485
2026-02-10,914.868578036692,925.5912552799808,914.8194035624206,917.2295532226562,31525385,-0.005174678926825216,-0.005188113945804462,28916014798.72223
2026-02-11,916.098249190927,920.7709650928405,910.2450456843219,912.0157470703125,24869804,-0.005684298040796065,-0.005700515147348439,22681652874.552246
2026-02-12,911.9174149760892,913.4913584500406,903.5557126812706,905.6215209960938,33872203,-0.007011091743491349,-0.007035784932371132,30675396000.34845
2026-02-13,898.1451529282086,913.097855324917,886.3403973585059,889.1932373046875,50188359,-0.01814034153399624,-0.01830689482658746,44627149414.21985
2026-02-16,889.1932346170704,914.3766890728148,887.4224732532938,910.7368774414062,18806989,0.024228299578640033,0.02393945057518973,17128218435.934875
2026-02-17,907.9824677389611,912.9994649414832,903.6540332583628,910.6385498046875,22599629,-0.00010796492286002657,-0.00010797075149183962,20580093378.68396
2026-02-18,908.1792516728873,910.4418179261975,904.5886143276533,909.6548461914062,12738702,-0.001080234977414718,-0.0010808188517367832,11587822008.48816
2026-02-19,913.8848827326366,914.0816406792112,897.6041683586819,900.702880859375,21209234,-0.009841057154273192,-0.009889800410988185,19103218164.620605
2026-02-20,896.1777087970013,902.9162328649714,893.6200357305538,897.0138549804688,22654907,-0.004095718973815776,-0.004104129403130474,20321765462.294006
2026-02-23,901.5882362795462,910.5893867142319,900.3585742006053,908.5726928710938,23270122,0.012885907866915458,0.012803590954059018,21142597408.97888
2026-02-24,912.8519465614362,912.8519465614362,894.3578410316289,895.6858520507812,31313985,-0.014183610096832222,-0.014285158856812093,28047493335.830383
2026-02-25,895.7350222932594,901.0963609031212,888.4062243801156,892.8330078125,27884303,-0.0031850946754928833,-0.003190177886079909,24896026118.245117
2026-02-26,897.1614323550999,897.1614323550999,880.4380284625158,883.9794311523438,41165937,-0.009916273908654127,-0.009965767620055025,36389841572.11322
2026-02-27,883.9794733683615,884.3238147843207,870.6007736322075,873.3060302734375,34620755,-0.012074263837782429,-0.012147749887076642,30234514114.119263
2026-03-02,861.9439110956672,873.3059762779105,857.3695443137591,865.0918579101562,38378924,-0.009405834929033241,-0.009450349143180468,33201294667.752686
2026-03-04,834.202743374385,864.993469417403,834.202743374385,854.5167846679688,39862322,-0.0122242200588204,-0.012299550369187607,34063023224.839233
2026-03-05,859.6321193633155,867.0593261570968,849.4505416361635,863.4686889648438,31324582,0.010475984155599027,0.010421491280846561,27047795751.911743
2026-03-06,853.9264946975441,857.5171318697022,841.1871839599715,843.10546875,34439647,-0.023583044150976562,-0.023865574935064714,29036254727.51953
2026-03-09,811.5769775858611,828.7430723323081,808.1339237415574,827.0215454101562,35592613,-0.01907700037065352,-0.019261314210614097,29435857808.445618
2026-03-10,836.2193641547399,842.8595391904452,826.923107096334,835.629150390625,52866024,0.010407957360046627,0.010354167478444453,44176390719.65039
2026-03-11,831.2515482012323,835.0388833093358,814.1346283989498,820.38134765625,42261076,-0.018247092896708117,-0.01841562438422919,34670198482.2832
2026-03-12,806.7566625998296,822.7915039414563,806.7566625998296,819.2008666992188,46107561,-0.0014389417316761355,-0.001439978002537935,37771353932.5871
2026-03-13,806.6583423777922,810.3965031755142,798.7885048911796,803.7071533203125,41700464,-0.01891320432964705,-0.019094346602420296,33514961213.57617
2026-03-16,803.7071599773169,830.7597265616207,802.3791489072894,826.9231567382812,52182605,0.028886147550208685,0.028476806950271483,43151004453.42682
2026-03-17,833.907625869114,835.0881134427475,821.5125964091002,831.5958251953125,38826979,0.0056506682863521895,0.0056347631486199715,32288353641.34607
2026-03-18,831.5958180920426,833.0222380629118,818.0695356894909,829.333251953125,23507063,-0.0027207607032612158,-0.00272446869990493,19495189001.656982
2026-03-19,757.4718247668609,802.3791069663046,757.4718247668609,785.2130126953125,171637393,-0.053199650627666184,-0.05466703233906636,134771914448.69934
2026-03-20,772.2277890336613,780.8354236248008,765.5384393026802,767.7518310546875,103129469,-0.022237509259669497,-0.022488490444394726,79177838660.44763
2026-03-23,750.7333447737776,756.1930326018271,728.9928823726722,732.04248046875,72341738,-0.04651157983808685,-0.0476279985755421,52957225326.94043
2026-03-24,742.7158864237038,760.1770877270425,735.5346719806084,752.454833984375,61269986,0.027884110635976178,0.027502427833767513,46102897143.85498
2026-03-25,755.7011518436857,781.8683373030494,755.7011518436857,769.5717163085938,59230640,0.022748052841367272,0.02249317397942538,45582225282.856445
2026-03-27,760.6197661066401,762.2921184952538,742.2731843894259,743.8963623046875,65485199,-0.03336317260600907,-0.03393242036522728,48714201320.89856
2026-03-30,733.0753333889118,738.7809532430898,714.8271607333363,719.6473999023438,103500135,-0.03259723212950971,-0.03314035745356986,74483603042.29156
2026-04-01,730.9111370884557,743.6012737142313,727.0745673991486,730.17333984375,78862761,0.014626523965534544,0.01452058809687678,57583485588.66943
2026-04-02,718.1226435138951,742.7158847301245,714.8271732077576,738.6826171875,49310300,0.011653777095683715,0.01158639483534907,36424661458.30078
2026-04-06,746.6508105088765,760.1770933079504,732.8785952952741,758.45556640625,42976659,0.026767855041769595,0.02641586356626505,32595886244.09326
2026-04-07,753.5368922732654,761.4067292682865,748.6182441513773,759.4392700195312,51309793,0.0012969825219191211,0.0012961421666269769,38966671740.773254
2026-04-08,786.9837533249241,804.4941298279846,783.0488345582994,802.82177734375,70269512,0.05712439300525385,0.055552384926165856,56413894516.91797
2026-04-09,801.7397031581198,805.674621946626,780.1959987742106,784.72119140625,48879392,-0.022546206951919445,-0.022804258778951383,38356694725.453125
2026-04-10,790.9186649096054,799.0344347920734,787.9674758614352,797.1161499023438,38156026,0.015795366089045526,0.015671917540624757,30414784540.693726
2026-04-13,778.6220116333144,785.5081191272287,774.5395096022282,781.7699584960938,47549328,-0.019252139613693764,-0.019439875504534927,37172636177.07715
2026-04-15,791.8531825431569,801.5428954413671,790.9186273804953,796.72265625,39769515,0.01912672339401622,0.018946107052142572,31685273628.57422
2026-04-16,804.6908427624061,806.7074765090769,779.3106301457999,782.5077514648438,62861293,-0.01784172280484997,-0.01800280520904854,49189449039.60272
2026-04-17,777.2447773125524,790.8694690755784,775.3757269911107,786.8853759765625,37282544,0.005594352903883548,0.005578762629647865,29337088652.802734
2026-04-20,784.130869340026,796.7718311959621,777.146412936798,782.5077514648438,52148044,-0.005563230230687499,-0.005578762629647836,40806248653.72974
2026-04-21,782.2618278432276,801.6413139109341,782.2618278432276,798.5425415039062,49135752,0.020491541469136454,0.020284414619140687,39236988280.785645
2026-04-22,796.8210214869076,799.8213849297669,785.0162656130275,786.8853759765625,23876412,-0.014598051977781523,-0.01470565198949276,18787999433.59131
2026-04-23,779.1138736217773,783.6882404572269,769.7684420568696,771.5883178710938,37677616,-0.01944000812886426,-0.019631450239249663,29071608350.833008
2026-04-24,764.6530532653331,774.7854567622786,764.3579463755373,772.0802001953125,27720358,0.0006374932238164543,0.000637290111328554,21402339554.125732
2026-04-27,774.6870798664892,780.0975928052393,772.227755803421,776.9496459960938,18115375,0.006306917078756191,0.006287111707506324,14074734193.336487
2026-04-28,772.2277766082829,781.5732082997206,765.6367759332712,769.817626953125,35366803,-0.009179512571661053,-0.009221903917875435,27225988358.378662
2026-04-29,772.7196209849993,777.1464043006358,764.7022005187322,766.3253784179688,25799963,-0.004536462160496746,-0.004546783130585717,19771166409.144592
2026-04-30,757.4718126650201,766.1286213727735,749.847908057028,759.1441650390625,47998755,-0.009370971627915337,-0.00941515542928,36437974787.38953
2026-05-01,759.1441650390625,759.1441650390625,759.1441650390625,759.1441650390625,0,0.0,0.0,0.0
2026-05-04,760.0295232783589,773.8017387354295,760.0295232783589,766.7189331054688,29028060,0.009978036340457797,0.009928584419149563,22256363193.321533
2026-05-05,761.8002432312857,764.2595672860843,751.2743242683289,759.734375,38887657,-0.009109672141757286,-0.009151418931474852,29544289786.109375
2026-05-06,762.5380651832903,785.9508189360297,760.9148872376333,783.58984375,35530831,0.031399749089936924,0.030916859363349022,27841598311.597656
2026-05-07,781.0813276889071,788.5084744009563,775.7199891869062,783.0979614257812,46137553,-0.0006277293256695682,-0.0006279264302125718,36130223699.47394
2026-05-08,771.2440360478325,775.9167518274592,764.5546865191014,768.145263671875,38016841,-0.019094287675940236,-0.0192789378748839,29202456353.916748
2026-05-11,759.3901026416063,762.2428825536997,749.5036318326614,751.2251586914062,41123422,-0.022027220345781418,-0.022273441999053685,30892949217.883667
2026-05-12,744.2898305325124,747.3394284783378,735.6330216051203,738.2399291992188,43937132,-0.017285402840883424,-0.017436539588413902,32436145216.89673
2026-05-13,739.7647228184694,747.5853858194506,735.1903557682459,737.4037475585938,28960919,-0.001132669214373161,-0.0011333111689416557,21355890203.34088
2026-05-14,738.7810009702333,765.6368096362314,734.846082190099,757.0291748046875,50992358,0.026614222277917543,0.026266224815799998,38602702698.085205
2026-05-15,760.4230253238243,769.1782432932904,752.9467039429112,755.0125122070312,24347873,-0.0026639166161285255,-0.0026674711560660653,18382948760.627747
2026-05-18,746.6507839481793,761.5050772404568,739.1252283144738,756.143798828125,29812079,0.0014983680439768499,0.0014972466106527192,22542218666.02417
2026-05-19,754.2255287138954,758.2587962302428,747.8804605130283,750.044677734375,40307830,-0.008066086243387116,-0.008098793113384338,30232673362.521973
2026-05-20,747.2410491475586,749.8479568451309,742.8635000569833,747.1427001953125,24013451,-0.003869072903534665,-0.0038765771286175276,17941474621.147827
2026-05-21,754.5206547496631,755.7503168336749,742.8634822100684,746.7984008789062,34664725,-0.0004608213615903134,-0.0004609275723846843,25887561196.907043
2026-05-22,746.7984174780529,762.390509033052,746.7984174780529,754.3239135742188,25604071,0.010077033756975995,0.010026598991190589,19313763040.15216
2026-05-25,763.3742255318324,775.0313981291084,762.5872538025895,774.0476684570312,26043952,0.026147593265809732,0.025811589488299386,20159260323.006836
2026-05-26,771.2932224692265,777.9825721015808,764.1120080103449,766.22705078125,31528062,-0.01010353495589067,-0.01015492208597672,24157653963.1084
2026-05-27,756.9799611769273,761.3083956280444,744.584991677417,746.3065185546875,63680153,-0.025998210590779114,-0.026342138165498092,47524913286.45984
2026-05-28,746.3065185546875,746.3065185546875,746.3065185546875,746.3065185546875,0,0.0,0.0,0.0
2026-05-29,733.9115075895189,748.1264133157719,725.7465633447872,732.4359130859375,101299431,-0.01858566838678044,-0.01876055219960015,74195341239.57092
2026-06-01,736.8135126590627,740.1089829912345,727.1729740345589,730.6160278320312,47996441,-0.0024847023765377507,-0.0024877943723425385,35066969073.494446
2026-06-02,725.0087855549667,741.3386744827858,721.2214502442791,736.0757446289062,47314447,0.007472758041013217,0.007444975307888749,34827016807.22992
2026-06-03,732.3375535846441,744.5849997963322,730.5176176978582,741.3878784179688,36109480,0.007216830370820881,0.007190913666789286,26771130767.976074
2026-06-04,736.9610714527732,744.9784318589446,732.8785694984622,741.9288940429688,42673538,0.0007297335723297493,0.000729467446246012,31660730853.2406
2026-06-05,741.6829610502508,746.355676758121,732.5342875674706,734.8952026367188,22116568,-0.009480276968216628,-0.009525500844115454,16253359721.98877
2026-06-08,725.9925096938186,729.4355636015806,722.5494557860566,726.6319580078125,21550700,-0.011244112901075853,-0.01130780583564831,15659427337.438965
2026-06-09,727.4189306755471,731.8457142768752,720.3852393810432,726.3367919921875,38539563,-0.0004062111669768109,-0.0004062936930823397,27992702554.200806
2026-06-10,724.5169081730804,743.6504624272108,724.418559222074,734.698486328125,44458159,0.011512144817837466,0.011446384293906518,32663342122.235107
2026-06-11,730.9111639255492,743.699649970007,728.0583237911012,732.485107421875,32632007,-0.003012635723958046,-0.003017182845804936,23902459152.786377
2026-06-12,742.4207572291352,761.8494172504803,740.8467538097462,759.8819580078125,36088159,0.03740260424183384,0.03672009328658465,27422740921.81726
2026-06-15,777.1464134002696,780.5894671305239,762.980682607529,764.7022094726562,39990334,0.006343421388081083,0.0063233865721772555,30580696767.349487
2026-06-16,767.8010209255166,774.8838866823837,766.7681167622869,772.1294555664062,27820970,0.009712599233722363,0.00966573514551492,21481390419.42932
2026-06-17,774.8346784396643,781.376444549763,770.3586605239058,774.2935791015625,32405604,0.002802798830629616,0.0027988783138918135,25091451104.10791
2026-06-18,773.7033792240301,789.8857441736253,773.4082723338255,786.0,41492071,0.015118840210480489,0.015005689591172117,32612767806.0
2026-06-19,788.7000122070312,789.0499877929688,776.2000122070312,779.7999877929688,33798761,-0.00788805624304234,-0.007919331534763678,26356273415.21747
2026-06-22,789.9000244140625,789.9000244140625,783.0999755859375,786.4000244140625,25194765,0.008463755737895706,0.008428138983862457,19813163811.106567
2026-06-23,783.0499877929688,790.9000244140625,772.5499877929688,774.6500244140625,28289062,-0.014941505131252697,-0.015054253919755725,21914122568.950928
2026-06-24,773.0,794.9000244140625,772.6500244140625,793.2000122070312,34701292,0.02394628181545566,0.023664066076691862,27525065237.999756
2026-06-25,798.5,804.4500122070312,794.75,796.2999877929688,46707966,0.003908189029538711,0.0039005718984687016,37193552755.6344
2026-06-26,796.2999877929688,796.2999877929688,796.2999877929688,796.2999877929688,0,0.0,0.0,0.0
2026-06-29,800.0,805.9000244140625,793.2999877929688,798.9000244140625,46695977,0.0032651471316733627,0.003259828113883163,37305417165.3385
2026-06-30,806.0999755859375,806.0999755859375,792.75,797.9500122070312,45778356,-0.0011891503041673301,-0.0011898579044079326,36528839729.01782
2026-07-01,793.5,802.25,793.5,796.1500244140625,26094378,-0.0022557651048719096,-0.002258313175596629,20775039681.769775
2026-07-02,795.0,805.4500122070312,794.0,795.9000244140625,34143823,-0.0003140111691687375,-0.0003140604809991661,27175069559.28943
2026-07-03,803.0,807.0,798.5499877929688,801.0499877929688,25871958,0.0064706159328209445,0.006449771367345385,20724731640.0802
2026-07-06,805.0,831.5,805.0,829.8499755859375,63203327,0.03595279724342504,0.03532158029294231,52449279367.900024
2026-07-07,843.0,843.0,826.0999755859375,829.2999877929688,57611729,-0.0006627556897623732,-0.0006629754094001864,47777406156.43182
2026-07-08,825.9000244140625,834.3499755859375,806.9500122070312,810.2999877929688,38754632,-0.022910889038555315,-0.02317742233562709,31402877836.520996
2026-07-09,813.0,822.8499755859375,812.2999877929688,817.5499877929688,39891798,0.008947303602641066,0.008907513647510199,32613538967.939575
2026-07-10,824.0,827.7000122070312,820.2999877929688,824.9500122070312,23595785,0.009051464160667821,0.00901074518539137,19465343123.784485
2026-07-13,817.0,821.9500122070312,811.0,817.9500122070312,21741736,-0.008485362623697035,-0.008521568270638118,17783653226.60205
2026-07-14,811.4000244140625,818.4000244140625,807.0,809.4000244140625,25605395,-0.010452946592541479,-0.010507962359187736,20725007338.131714
2026-07-15,811.0,819.7000122070312,809.7000122070312,815.4500122070312,21488739,0.007474657289945563,0.007446860467687855,17522992479.86371
2026-07-16,814.5,818.0,806.5,808.2999877929688,18698186,-0.008768194625089043,-0.008806861434919797,15113743515.55066
2026-07-17,810.0,823.7000122070312,808.5,819.5999755859375,17415322,0.013979943045431487,0.013883124939272731,14273597486.02124
2026-07-20,790.0,790.0,774.5499877929688,777.5999755859375,56061789,-0.051244511043297525,-0.052604164827423104,43593645757.70398
2026-07-21,769.1500244140625,772.5,760.0999755859375,761.4500122070312,42246009,-0.020768986478860052,-0.02098769542054655,32168224068.748352
2026-07-22,760.25,761.3499755859375,750.3499755859375,753.1500244140625,23385446,-0.010900239884311769,-0.010960082764236904,17612749225.83374
2026-07-23,749.4000244140625,751.0,743.25,747.25,32532090,-0.007833797016275179,-0.007864642400712779,24309604252.5
2026-07-24,738.5,748.25,737.25,742.7999877929688,23837859,-0.005955185288767151,-0.005972988119302858,17706761374.21051
2026-07-27,746.0999755859375,747.9500122070312,738.0999755859375,739.5499877929688,29678752,-0.0043753366362545565,-0.004384936433391154,21948920679.310547
2026-07-28,732.0,740.25,732.0,735.4000244140625,33886037,-0.0056114710937809065,-0.005627274545837754,24919792437.095825
2026-07-29,743.0,751.25,740.7999877929688,748.2000122070312,20460659,0.017405476431915146,0.017255736163728306,15308665313.563904
2026-07-30,752.7999877929688,757.9000244140625,745.5,753.9500122070312,35844392,0.007685110807521545,0.007655730773330956,27024879785.953613
2026-07-31,753.9500122070312,757.5499877929688,747.2000122070312,748.1500244140625,25522483,-0.007692801510793101,-0.007722543740569815,19094646279.557495
2026-08-03,753.0499877929688,756.8499755859375,750.0499877929688,753.0,14827841,0.006482624377023738,0.006461702537888708,11165364273.0
2026-08-04,753.2000122070312,753.2000122070312,738.0,742.0,31559802,-0.014608233731739695,-0.014715984632513116,23417373084.0
2026-08-05,733.7999877929688,741.9500122070312,732.5999755859375,735.0,60050538,-0.009433962264150941,-0.00947874395454377,44137145430.0
2026-08-06,739.0,740.5,733.5499877929688,734.2999877929688,44772122,-0.0009523975605867374,-0.0009528513793102206,32876168638.065308
2026-08-07,733.0,736.0,728.2000122070312,731.0,19382042,-0.0044940594414106805,-0.004504188083747939,14168272702.0
2026-08-10,731.5,737.5499877929688,728.5,731.0,23660590,0.0,0.0,17295891290.0
2026-08-11,730.5,730.8499755859375,726.5499877929688,729.0,29154365,-0.002735978112175075,-0.0027397277411203274,21253532085.0
2026-08-12,729.0,730.6500244140625,722.0,729.0,26993177,0.0,0.0,19678026033.0
2026-08-13,726.9000244140625,729.0,724.5,725.0,22129893,-0.005486968449931462,-0.005502077153983422,16044172425.0
2026-08-14,725.0,729.5999755859375,723.5,727.0,20364131,0.0027586206896552667,0.0027548226788446837,14804723237.0
2026-08-17,727.0499877929688,732.0999755859375,724.5,729.0,14823722,0.0027510316368637433,0.002747254475138702,10806493338.0
2026-08-18,726.2999877929688,729.0,723.0,723.0,17916507,-0.008230452674897082,-0.008264509849893424,12953634561.0
2026-08-19,724.0,725.4000244140625,715.0999755859375,720.0,21342651,-0.004149377593360981,-0.004158010148663677,15366708720.0
2026-08-20,725.5,728.2999877929688,724.2999877929688,725.0499877929688,17603805,0.007013871934678839,0.006989389147679717,12763638600.359802
2026-08-21,728.2999877929688,732.7999877929688,726.5999755859375,726.9500122070312,26029811,0.002620542646785129,0.002617115011773272,18922371424.196716
2026-08-24,732.5,734.4000244140625,724.0999755859375,729.0,11408345,0.00281998453613741,0.0028160158391041723,8316683505.0
2026-08-25,726.5999755859375,728.7000122070312,722.0,727.5,17511874,-0.002057613168724326,-0.002059732963010616,12739888335.0
2026-08-26,728.0,731.0,724.1500244140625,727.2000122070312,21156463,-0.0004123543545961894,-0.0004124393960320077,15384980151.857605
2026-08-27,728.1500244140625,728.1500244140625,710.0,711.0,46515020,-0.022277244135165297,-0.02252912984637462,33072179220.0
2026-08-28,710.8499755859375,720.2999877929688,707.0,720.2999877929688,16494301,0.013080151607550938,0.012995345144927404,11880844808.953552
2026-08-31,723.0499877929688,739.75,704.1500244140625,709.0,78157067,-0.015687891134903986,-0.01581224841604085,55413360503.0
2026-09-01,705.0499877929688,715.4500122070312,698.5,711.9000244140625,44417092,0.004090302417577574,0.004081959871929714,31620528879.20166
2026-09-02,702.2999877929688,705.6500244140625,700.0,700.7999877929688,36950338,-0.015592128445605535,-0.0157149642005847,25894796419.34607
2026-09-03,705.0,712.5999755859375,705.0,706.6500244140625,27770641,0.008347655141258237,0.008313006159703049,19624124140.644165
2026-09-04,708.3499755859375,716.5,708.3499755859375,712.0999755859375,14488024,0.007712376683767896,0.007682788340304462,10316921536.688477
2026-09-07,712.0999755859375,713.0,707.0499877929688,710.5,12180390,-0.0022468412312764974,-0.002249369166324748,8654167095.0
2026-09-08,707.0999755859375,708.9000244140625,703.0,703.0,19883515,-0.010555946516537684,-0.010612055726490459,13978111045.0
2026-09-09,698.0,700.0,687.0999755859375,687.0999755859375,39173990,-0.02261738892469778,-0.022877085305672135,26916447572.60376
2026-09-10,687.0999755859375,694.5,686.2000122070312,693.7999877929688,27108053,0.009751146041473424,0.009703910436203774,18807566840.49115
2026-09-11,683.9000244140625,709.0,681.9000244140625,708.25,31411934,0.02082734572105993,0.020613421769429503,22247502255.5
