Date,open,high,low,close,volume,returns,log_returns,dollar_vol
2018-01-02,2796.079581944608,2798.5570058150556,2750.4149656565683,2768.60693359375,258156,-0.00140047857903558,-0.0014014601657285437,714732491.5488281
2018-01-03,2756.886148562615,2783.804170714041,2756.886148562615,2777.000732421875,274963,0.0030317770017391776,0.0030271904338074777,763572452.388916
2018-01-04,2776.852930033653,2780.5134590390176,2752.1164200679796,2764.94677734375,196775,-0.004340638062278246,-0.004350085981583237,544072402.1118164
2018-01-05,2779.588854617209,2779.588854617209,2755.55484313755,2769.19873046875,234199,0.00153780649951063,0.0015366252859258854,648543573.4770508
2018-01-08,2790.1635525882807,2804.21420392652,2769.6792180618454,2800.331787109375,249549,0.011242622747900555,0.011179894182644718,698819997.1413574
2018-01-09,2810.1299624222224,2813.679636378276,2767.7191130086253,2772.747802734375,290158,-0.009850255781109873,-0.009899090504898123,804534956.9458008
2018-01-10,2765.7598321009687,2775.040693314801,2754.667212453505,2763.46728515625,250123,-0.0033470471309986483,-0.003352661023389013,691206727.7651367
2018-01-11,2766.277703198967,2768.1264733083767,2736.3276274265277,2740.35791015625,366134,-0.00836245651400691,-0.008397618015046498,1003338203.0771484
2018-01-12,2756.072348728293,2756.072348728293,2699.648031622179,2726.824951171875,363795,-0.004938391052577318,-0.004950625200294663,992005283.1115723
2018-01-15,2727.0833113115677,2736.1792948057882,2672.322713910791,2683.5263671875,229198,-0.015878754507423376,-0.016006172556469585,615058876.3066406
2018-01-16,2690.108211447524,2709.5573079270775,2646.070474004931,2651.94970703125,271813,-0.011766852952275753,-0.01183663027964204,720834405.7172852
2018-01-17,2651.876107833787,2654.944994302062,2607.727509353157,2637.714599609375,501484,-0.005367789360459119,-0.005382247704542352,1322771668.2705078
2018-01-18,2651.875579361345,2694.0275336345176,2644.51751117157,2657.31103515625,345926,0.007429323684138289,0.007401862188620475,919232977.1474609
2018-01-19,2631.169546049081,2677.0190434788287,2626.9543864264265,2654.64892578125,295410,-0.001001805712534276,-0.0010023078552714303,784209839.1650391
2018-01-22,2656.867454650571,2678.4240413441485,2654.168322579104,2664.410400390625,320126,0.0036771245020665866,0.0036703804072927095,852947043.8354492
2018-01-23,2687.3720945247933,2688.1116025309916,2668.329763365186,2684.4140625,285236,0.007507725576526125,0.007479682875332421,765691529.53125
2018-01-24,2684.192202114598,2699.2042509065113,2662.228850209162,2695.87646484375,312383,0.004269982974636655,0.00426089246569328,842145977.7172852
2018-01-25,2706.5247306572687,2706.5247306572687,2633.3874758975053,2640.930419921875,487836,-0.020381514375162446,-0.020592083497404826,1288340932.3330078
2018-01-29,2650.914303780011,2705.305153540939,2643.408369762794,2693.103271484375,403110,0.019755481314060352,0.01956287435583865,1085616859.7680664
2018-01-30,2704.6761754956706,2733.221253225826,2699.1298661344167,2727.1943359375,540432,0.012658654725236307,0.012579203747942122,1473863089.359375
2018-01-31,2738.397797803849,2771.601630831052,2722.8681316537322,2729.8564453125,558327,0.000976134828354569,0.0009756587185593844,1524152559.5419922
2018-02-01,2732.592947863371,2768.717986328857,2730.633323856652,2760.54638671875,346581,0.011242327946932251,0.011179602659122427,956752927.2553711
2018-02-02,2758.1430400220256,2774.966847562036,2671.62060124483,2679.5703125,469510,-0.02933335031366746,-0.0297721758271464,1258085057.421875
2018-02-05,2660.749936051053,2708.5222277986236,2625.290561533483,2689.14697265625,319150,0.0035739536714434195,0.003567582275224547,858241256.3232422
2018-02-06,2608.4664415229,2636.197989790138,2551.302440585913,2619.226318359375,442426,-0.026001053496830573,-0.02634505695910946,1158813823.1264648
2018-02-07,2676.2052712270406,2677.0188021966633,2619.7069355750496,2637.381103515625,336709,0.006931354128887124,0.006907442722553567,888029953.9836426
2018-02-08,2640.0434685089463,2674.023823822564,2628.9508488933625,2649.0654296875,325607,0.004430275987152399,0.004420491203375365,862554247.3642578
2018-02-09,2615.4921677735706,2644.7397479355586,2610.537499832896,2622.36962890625,604849,-0.010077441078682359,-0.010128562224904615,1586137647.6743164
2018-02-12,2637.085464429577,2674.578483016969,2621.9255507950265,2671.02880859375,385092,0.01855542374771746,0.018385372236784547,1028591825.9589844
2018-02-14,2677.314281768241,2679.9765823789,2634.60770129573,2659.307373046875,315246,-0.004388359836914768,-0.004398016950894106,838336012.1235352
2018-02-15,2677.293873951246,2684.803814691642,2643.499140619463,2648.94384765625,221710,-0.003897076921480891,-0.0039046903121633357,587297340.4638672
2018-02-16,2665.278048311505,2665.878880258301,2617.2144261385165,2624.12353515625,219454,-0.0093698900118101,-0.009414063582096264,575874406.2841797
2018-02-19,2629.981584032187,2643.011406224391,2584.921933820328,2602.720458984375,246616,-0.008156276137586849,-0.00818972053644988,641872508.7128906
2018-02-20,2602.945831032598,2641.997528439896,2585.860713416905,2611.544677734375,340087,0.003390382827913596,0.003384648437584017,888152394.8166504
2018-02-21,2641.8471423854103,2641.8471423854103,2598.439645737843,2621.53271484375,266352,0.0038245706437769478,0.003817275567911525,698250481.6640625
2018-02-22,2616.463415829797,2627.9536621039647,2597.463228637634,2614.360595703125,434663,-0.0027358495661773397,-0.0027395988424669827,1136365819.6101074
2018-02-23,2616.0125101550952,2634.487036486823,2594.6843532103685,2624.498779296875,142023,0.0038778826495522445,0.00387038304476934,372739190.1320801
2018-02-26,2642.7479860995427,2665.991214610299,2628.7794238311967,2656.904296875,361326,0.012347316689096166,0.012271710295588663,960008601.9726562
2018-02-27,2683.377199252236,2699.035316853888,2662.2741908598873,2692.689453125,320893,0.013468741155671315,0.013378843963308304,864065196.6816406
2018-02-28,2647.2538642363065,2713.3413365917095,2647.2538642363065,2701.10009765625,362559,0.0031235107789682193,0.0031186427534277165,979308150.3061523
2018-03-01,2684.803897445236,2701.2881812088676,2677.406532248672,2686.230712890625,200696,-0.0055049365917713144,-0.005520144593614147,539115759.1542969
2018-03-05,2687.0567614861834,2689.9855649970577,2654.7640167282443,2670.872802734375,242671,-0.0057172714475159925,-0.005733677606110377,648143373.9123535
2018-03-06,2681.875357505152,2699.8240448534984,2662.049001381043,2674.966064453125,380991,0.0015325558426291241,0.0015313826773982664,1019137995.8620605
2018-03-07,2666.0289513808193,2673.538892088934,2639.744158902417,2669.333251953125,234750,-0.0021057510130139123,-0.002107971224033603,626625980.8959961
2018-03-08,2674.290063938611,2704.3298287680254,2662.7622308460536,2693.590576171875,145720,0.009087409449907158,0.009046367401199372,392510018.7597656
2018-03-09,2708.0096694735457,2749.727430210197,2689.3099889105897,2693.327880859375,272293,-9.752607349600151e-05,-9.753082947273095e-05,733374328.6628418
2018-03-12,2703.879229615289,2792.1962138609756,2703.466329516634,2774.5478515625,192336,0.030155990765301732,0.029710238119506144,533645435.578125
2018-03-13,2774.8856325452766,2801.020264077812,2757.6503544992897,2779.579345703125,233650,0.001813446518066586,0.0018118042091228403,649448714.1235352
2018-03-14,2763.658453892585,2769.0655750675214,2720.1007934779736,2733.130615234375,192489,-0.01671070499950067,-0.0168519040645028,526097578.9958496
2018-03-15,2735.045221746802,2771.1681097415044,2727.610453816028,2734.21923828125,198082,0.0003983062649135505,0.0003982269620304071,541599615.1572266
2018-03-16,2752.393722306897,2752.393722306897,2651.497578956179,2663.1005859375,462796,-0.026010588817470093,-0.02635484687453886,1232472298.7695312
2018-03-19,2663.0249636268463,2665.2779458295763,2621.5701277662465,2639.969482421875,252482,-0.008685779139462002,-0.008723720378335088,666544774.8608398
2018-03-20,2627.0517181201294,2656.2653061919295,2627.0517181201294,2638.84228515625,212901,-0.00042697359690346826,-0.0004270647760846869,561812161.3520508
2018-03-21,2650.971411643341,2650.971411643341,2595.0975276306626,2601.14306640625,667122,-0.014286272037575709,-0.014389303287481425,1735279764.7470703
2018-03-22,2608.3526858593127,2617.101877181546,2583.4197182712132,2592.656982421875,482411,-0.003262444151562738,-0.0032677775255327466,1250726247.5471191
2018-03-23,2579.739606055354,2579.739606055354,2524.1284627519653,2563.705810546875,423299,-0.011166603245739037,-0.011229417814425335,1085214105.8986816
2018-03-26,2563.89406020303,2629.756211313067,2527.470843471968,2614.736328125,359650,0.019904981830672464,0.019709467889008715,940389920.4101562
2018-03-27,2617.2891368721193,2619.4669460281293,2580.4152599061504,2601.96875,325438,-0.004882931402171442,-0.004894891862332629,846779506.0625
2018-03-28,2594.684748288387,2687.8080214541637,2574.4454929272347,2660.6220703125,786796,0.02254190036390713,0.02229158644623949,2093366802.4335938
2018-04-02,2661.5233501825633,2744.6207821191633,2637.6416988019196,2738.124755859375,244943,0.029129535687032693,0.028713333950469905,670684492.0744629
2018-04-03,2737.336181640625,2755.397628219963,2719.349907818066,2737.336181640625,318581,-0.0002879979142887956,-0.00028803939365228424,872063298.083252
2018-04-04,2743.75681685062,2774.9230705523582,2723.855474125414,2754.0078125,526063,0.006090457931763105,0.006071986056364239,1448781611.8671875
2018-04-05,2778.6779824997748,2850.773411234904,2778.640396127677,2840.3720703125,440824,0.03135948177797698,0.03087781718008063,1252104177.5234375
2018-04-06,2839.508559892309,2844.7279319746613,2816.227743876266,2838.344482421875,213101,-0.0007138458766783318,-0.0007141007859640046,604854047.548584
2018-04-09,2841.7621792509062,2859.1102193821257,2835.1533933271944,2852.8017578125,265991,0.005093559108191537,0.00508063081808666,758819592.3623047
2018-04-10,2865.0427296974026,2865.0427296974026,2789.1923192912586,2792.421630859375,321682,-0.021165202519863757,-0.021392396880717486,898271775.0581055
2018-04-11,2802.709612938516,2819.9824749689515,2764.408918871028,2808.2294921875,291118,0.005660986562140424,0.005645023394229797,817526153.3066406
2018-04-12,2811.7220600130995,2843.6393109614323,2798.2417518704397,2815.81494140625,115113,0.002701150044842393,0.002697508495167434,324136905.35009766
2018-04-13,2823.586977730817,2831.247079046943,2777.175516794587,2798.128173828125,164961,-0.00628122513239171,-0.00630103502413376,461582021.6828613
2018-04-16,2795.950964140924,2861.287449201429,2786.338203232504,2856.14306640625,164316,0.020733465007342744,0.020521452220161104,469310004.0996094
2018-04-17,2872.552496711972,2872.552496711972,2826.1034372493996,2830.496826171875,223874,-0.0089793261885317,-0.009019883304190169,633674646.4624023
2018-04-18,2827.53001633198,2841.761316062824,2802.4093035242568,2807.0654296875,204458,-0.008278192106671578,-0.008312646618080606,573926983.6230469
2018-04-19,2827.4929395524455,2831.247910255702,2785.437267675968,2796.40185546875,234124,-0.003798833509889743,-0.003806067403958545,654704788.0097656
2018-04-20,2797.4528034685227,2816.452989380504,2771.168012026537,2810.745361328125,399283,0.005129272043402633,0.005116162137959686,1122282840.1071777
2018-04-23,2806.0142471875283,2806.0142471875283,2772.182110079601,2792.34619140625,236404,-0.00654601095318752,-0.006567530043762858,660121809.0332031
2018-04-24,2808.718155605513,2811.7221322425244,2783.40968910833,2791.3701171875,333702,-0.0003495534406707801,-0.0003496145487154889,931485790.8457031
2018-04-25,2805.7139405073713,2818.4808401295945,2779.3539744186905,2791.59521484375,219848,8.064056244783124e-05,8.06373111724639e-05,613726624.7929688
2018-04-26,2783.934616833862,2834.66429563112,2747.9244930294713,2825.126708984375,341735,0.012011588916017724,0.011940022297747127,965444675.8947754
2018-04-27,2829.8214979331938,2836.4676870160297,2782.0581904429678,2788.817138671875,571451,-0.012852368779435408,-0.012935675029259805,1593672342.7111816
2018-04-30,2801.958718402522,2816.2276049341885,2791.482388381797,2802.8974609375,216291,0.005048851023746304,0.005036148313536477,606241494.7236328
2018-05-02,2816.979092565282,2834.2519582355035,2733.618740852473,2751.7177734375,715845,-0.018259564687350904,-0.01842832805922878,1969803409.5263672
2018-05-03,2752.393500033192,2765.873808063583,2731.6659886036305,2745.334228515625,393371,-0.002319839986315353,-0.002322534983878565,1079934870.80542
2018-05-04,2744.8837054086043,2756.0360422294984,2736.1720996527115,2748.450927734375,279580,0.0011352713219312527,0.0011346273887572176,768411910.3759766
2018-05-07,2750.8540463857566,2762.9075394315496,2720.6641175524996,2739.664306640625,198507,-0.0031969357739245474,-0.003202056890595977,543842542.5183105
2018-05-08,2748.5628259242494,2759.151914504255,2733.7306946473145,2746.6103515625,360338,0.002535363513346711,0.002532154901461678,989708080.8613281
2018-05-09,2748.638257259182,2767.413108743193,2729.8634057751715,2744.4326171875,259686,-0.0007928807134077731,-0.0007931952095702365,712690728.6269531
2018-05-10,2750.89165680551,2752.656566452045,2722.391464598334,2738.124755859375,352223,-0.002298420915354593,-0.002301066339015391,964430515.8830566
2018-05-11,2744.883222000361,2744.883222000361,2696.819603338795,2717.32177734375,246696,-0.007597527640443746,-0.007626535874208391,670352413.1835938
2018-05-14,2722.353364891892,2744.9207722139363,2721.7525329969058,2739.8515625,223997,0.008291173074935987,0.008256990114046545,613718530.4453125
2018-05-15,2741.1282051316357,2748.1500726402064,2726.8969049554457,2740.827880859375,341729,0.00035633987356753494,0.0003562763995932122,936620370.8981934
2018-05-16,2732.8678178751225,2732.8678178751225,2629.681291001141,2685.1796875,395161,-0.020303425015483545,-0.02051237262160932,1061078290.4921875
2018-05-17,2703.5786892034353,2707.2960732314573,2654.7640739817066,2669.446044921875,350935,-0.005859437508546672,-0.005876671365953416,936802047.7746582
2018-05-18,2666.029115057177,2684.8039679801145,2655.0271245836043,2674.32763671875,424207,0.001828690939890354,0.0018270209202700743,1134468503.7895508
2018-05-21,2687.5075578023784,2687.5075578023784,2599.7538239367836,2623.147216796875,258835,-0.019137677530293384,-0.0193231733335015,678962309.8596191
2018-05-22,2603.7718359524597,2641.208783532393,2590.9297629187217,2628.404296875,323714,0.0020041117191067492,0.0020021061663362573,850851268.5585938
2018-05-23,2624.3490679659276,2624.57440288149,2592.4318164596884,2615.675048828125,155958,-0.0048429566417956815,-0.004854721756977795,407935449.2651367
2018-05-24,2624.7241859355577,2635.913923861085,2587.8878913774747,2620.89404296875,324856,0.0019952761880583925,0.0019932882683850596,851413155.2226562
2018-05-25,2613.4592015075923,2684.803633732656,2599.828733321748,2668.169189453125,177764,0.018037793863206142,0.01787704304155648,474304427.7939453
2018-05-28,2681.0490491516966,2711.0888144082983,2656.529164100266,2703.4287109375,191457,0.013214874687763611,0.013128319937504875,517590350.70996094
2018-05-29,2709.6989353702547,2721.60226364294,2677.443779649303,2711.388671875,309517,0.00294439461462237,0.0029400683748234285,839220887.5527344
2018-05-30,2699.7486764759196,2720.438601058266,2649.8075677210973,2704.667724609375,237040,-0.0024787841504764208,-0.002481861422222197,641114437.4414062
2018-05-31,2711.0890136371368,2714.205566172264,2651.0846514668265,2662.19921875,707484,-0.015701930951798726,-0.01582651210018969,1883463352.078125
2018-06-01,2676.167369696684,2731.365433867501,2669.183088172785,2723.329833984375,300310,0.022962449543155516,0.022702780081875647,817843182.4438477
2018-06-04,2756.036148517373,2756.036148517373,2698.209594901091,2713.792724609375,230153,-0.003502003046412794,-0.003508149413006599,624587536.9470215
2018-06-05,2703.6535803317934,2717.847293632395,2677.518952388772,2711.388671875,225466,-0.0008858645365854567,-0.0008862571464572797,611325958.2929688
2018-06-06,2722.315982473431,2733.6184801668314,2702.0767284725985,2730.013671875,211568,0.006869173790240879,0.006845688504294168,577583532.53125
2018-06-07,2742.630868200568,2754.2336921316128,2724.832342007022,2742.25537109375,222475,0.004484116451454412,0.004474092755056765,610083263.684082
2018-06-08,2746.385368312082,2748.638350566645,2709.8869824488984,2729.97607421875,175173,-0.004477809398948263,-0.004487864816177315,478218098.8491211
2018-06-11,2732.041502038529,2738.049455144173,2703.5788975398114,2712.816162109375,249101,-0.006285737179687834,-0.006305575602065764,675765218.7976074
2018-06-12,2722.2034954779015,2787.8403075667507,2704.55513383533,2769.5537109375,257348,0.02091463093614432,0.020698922499820978,712739108.4023438
2018-06-13,2782.2079267935396,2785.3620654813003,2762.907414252442,2776.275146484375,209724,0.002426902038523693,0.002423961867814767,582251528.8212891
2018-06-14,2771.2062130553563,2783.297109791554,2753.970932656649,2775.374267578125,155159,-0.0003244919392773049,-0.00032454459817853363,430624295.9831543
2018-06-15,2775.6743446780256,2786.4511839388692,2742.6306024794776,2773.947021484375,306688,-0.0005142535586724062,-0.0005143858323838049,850736264.125
2018-06-18,2774.923334254539,2780.5557902780597,2741.8795922498844,2753.257080078125,361312,-0.0074586649442131,-0.007486619876648741,994784822.1171875
2018-06-19,2747.1363224037113,2748.638310551554,2718.5985475947064,2743.193603515625,242770,-0.0036551169287157848,-0.0036618131906571124,665965111.1254883
2018-06-20,2744.8832989396333,2771.1680911319418,2734.4445548082376,2745.484130859375,433541,0.0008349856680966994,0.0008346372614932607,1190279935.5769043
2018-06-21,2739.6264328704947,2760.579094585254,2721.6025747595045,2730.013671875,280729,-0.00563487466945678,-0.005650810468074373,766394008.0917969
2018-06-22,2729.1127044941636,2736.7728080517813,2704.8555571048905,2731.853759765625,193715,0.0006740214928524502,0.0006737944423849049,529201051.07299805
2018-06-25,2729.1126690388846,2741.0909887454654,2685.2170988000653,2693.703369140625,351955,-0.013965019353112451,-0.014063447679306649,948062369.2858887
2018-06-26,2681.0489076592194,2687.05686039347,2655.5151085386556,2678.683349609375,252375,-0.005575973844529791,-0.005591577617874844,676032710.357666
2018-06-27,2681.049393416125,2691.976396100948,2651.0096243022185,2657.017578125,320678,-0.008088216730631648,-0.008121103807485828,852047082.9179688
2018-06-28,2657.016997875465,2666.7423343325963,2610.455365917218,2640.53271484375,532529,-0.006204273323958565,-0.006223599807020294,1406160246.1030273
2018-06-29,2643.875096749552,2654.7269263341473,2595.6988918736665,2608.578369140625,398443,-0.012101476919219256,-0.01217529594165234,1039369791.135498
2018-07-02,2613.45910976807,2649.243900388711,2555.106912866153,2564.94482421875,236235,-0.016726944238309227,-0.01686841942065475,605929740.5493164
2018-07-03,2594.6839410394336,2617.1761718181833,2577.824164546588,2589.1640625,289618,0.009442401276069212,0.009398100457541237,749868517.453125
2018-07-04,2598.4394862939125,2612.7459600195853,2564.982663753068,2597.538330078125,266759,0.003234351851013617,0.0032291325859971336,692916727.3933105
2018-07-05,2614.1355728145877,2641.9223575276483,2597.5762977925174,2632.7978515625,273797,0.013574206423092372,0.013482902209969725,720852153.3642578
2018-07-06,2635.4638281678695,2756.1485523604465,2617.965627664446,2731.44091796875,1032128,0.037467011129513006,0.036782176115522626,2819196651.78125
2018-07-09,2748.6007139673034,2750.8161098075084,2701.438249630626,2712.215087890625,314206,-0.007038713505259531,-0.007063602107084744,852194253.9057617
2018-07-10,2737.2234774398325,2737.2234774398325,2684.653887653311,2691.1875,470962,-0.007752920476148062,-0.007783130609913134,1267447047.375
2018-07-11,2699.807376567941,2707.136202486084,2676.377606273239,2685.947021484375,377121,-0.0019472736535915969,-0.0019491720558053253,1012927026.689209
2018-07-12,2710.554203564369,2711.3136751820666,2645.999116060034,2657.27734375,456469,-0.010673955035245153,-0.010731330339483565,1212964731.8242188
2018-07-13,2673.3399164670136,2676.1499241819997,2615.6200773614755,2624.65771484375,310931,-0.012275583120057942,-0.01235155042601551,816087447.934082
2018-07-16,2631.568852573268,2632.328324103592,2594.6206367901386,2601.949462890625,183060,-0.00865189080644635,-0.008689535704015858,476312868.6767578
2018-07-17,2593.5954923213208,2669.2389372162,2581.1022216893207,2649.49267578125,318577,0.01827215077336941,0.01810722107689463,844067428.1723633
2018-07-18,2658.150125442251,2669.542197408432,2637.79625311244,2662.82080078125,211820,0.0050304441759099205,0.005017833764572308,564038702.0214844
2018-07-19,2662.745129497065,2664.2260618606524,2612.581999087983,2621.01220703125,147907,-0.015700866441231698,-0.015825430608693496,387666052.5053711
2018-07-20,2621.695140112552,2649.7955804903518,2522.963863109472,2564.69677734375,560441,-0.02148613788841791,-0.0217203255508167,1437361226.5913086
2018-07-23,2569.2918975421503,2572.177926115714,2344.4883499002713,2404.06884765625,1902639,-0.06263037841606445,-0.0646776011192122,4574075148.23584
2018-07-24,2410.4110877997896,2434.4482906365984,2304.047049313225,2360.627685546875,1620867,-0.018069849435354612,-0.018235102928750184,3826263514.7893066
2018-07-25,2390.0943362836806,2403.5749526738878,2325.235372090814,2361.993896484375,964916,0.0005787490106401449,0.0005785816000208591,2279125702.620117
2018-07-26,2340.691632119481,2422.676559892263,2330.0970396546904,2382.272705078125,1770364,0.008585461894687008,0.008548816412925738,4217489835.2529297
2018-07-27,2392.3346647231633,2459.4718554327173,2378.7021915744126,2433.30810546875,820125,0.02142298834295353,0.02119674167771699,1995616809.9975586
2018-07-30,2447.776863702378,2451.5742215424375,2411.322228437806,2437.86572265625,317977,0.0018730127834025723,0.001871260882173673,775185228.8930664
2018-07-31,2441.7010379450467,2507.7750629220977,2423.511731371143,2502.041015625,753969,0.026324375609508843,0.02598385234676185,1886461362.5097656
2018-08-01,2503.21819149872,2531.5845276356677,2473.7126480537486,2491.370361328125,463790,-0.004264779925763684,-0.004273900039092008,1155472659.880371
2018-08-02,2503.2179774036954,2503.2179774036954,2444.1690703214326,2478.68701171875,352679,-0.005090912939420877,-0.0051039157863803685,874180856.605957
2018-08-03,2483.4721249476033,2492.9275092571784,2452.333789436028,2468.700439453125,311563,-0.004028976719694932,-0.0040371149128142145,769155715.017334
2018-08-06,2490.3072017742866,2513.091348176613,2469.0800091263573,2504.0537109375,338084,0.0143205999883107,0.0142190287551567,846580494.8085938
2018-08-07,2509.294060581078,2529.0023106863914,2481.99109479604,2504.54736328125,248242,0.00019714127600134468,0.00019712184621355978,621733846.5556641
2018-08-08,2504.7369416903493,2523.2679716400244,2496.4207660657585,2505.534423828125,234708,0.00039410735901679317,0.0003940297191098802,588068973.5478516
2018-08-09,2510.813432477134,2539.407467727025,2477.3966777799187,2492.092529296875,440547,-0.0053648812019563286,-0.005379323855686287,1097883887.5041504
2018-08-10,2506.180051120234,2536.6349339252215,2477.662043236288,2520.98974609375,356538,0.011595563349739768,0.011528850028788357,898828642.0927734
2018-08-13,2506.2557696691615,2541.950927600813,2488.9017729756824,2512.4833984375,293422,-0.0033742095418795026,-0.00337991502484111,737217903.7363281
2018-08-14,2519.167606549682,2531.319153641872,2471.017175364036,2480.700439453125,249075,-0.012650017510221434,-0.012730710213382275,617880461.9567871
2018-08-16,2477.396088900762,2509.635617719656,2456.966379256918,2493.0791015625,274268,0.004989986663647361,0.0049775779426440465,683771819.0273438
2018-08-17,2517.6483628843907,2521.2178423334126,2457.3083811350343,2462.434814453125,284947,-0.012291742805179862,-0.012367911079895905,701663413.0739746
2018-08-20,2480.889542765212,2524.483130355724,2468.5481315533343,2509.293701171875,301515,0.01902949326565495,0.01885069716389134,756589690.3088379
2018-08-21,2513.850618251583,2544.1534563709224,2504.0154995930493,2518.97705078125,317643,0.0038589941085225288,0.0038515672913218336,800135427.3413086
2018-08-23,2529.7996300226187,2532.7995054393755,2479.6745097639896,2494.674072265625,182542,-0.009647955509593631,-0.009694798569012855,455382794.4995117
2018-08-24,2489.091626032167,2497.1040868165637,2431.9035748714036,2439.650146484375,320734,-0.022056558968153395,-0.022303441875391832,782478750.0825195
2018-08-27,2453.093132785237,2460.687848366615,2437.979722945438,2448.346435546875,250565,0.0035645639908785665,0.0035582259896644874,613469924.6228027
2018-08-28,2451.5739069991687,2464.3330647883085,2421.7266411222095,2455.181396484375,363420,0.002791664136359673,0.0027877746790586923,892262023.1103516
2018-08-29,2442.460389893943,2487.1553626759023,2431.0683171798855,2465.320556640625,294701,0.004129698999336018,0.0041211951964815075,726532433.3625488
2018-08-30,2450.8146427577435,2472.07984573178,2437.941637326674,2448.308349609375,381370,-0.006900606489255834,-0.006924525776117935,933711355.2905273
2018-08-31,2436.384865202308,2475.877387954964,2431.106574725671,2471.168701171875,401621,0.009337202793981092,0.009293880579381927,992473244.9333496
2018-09-03,2491.06677885638,2503.0284562243646,2456.890557804997,2462.548583984375,292015,-0.0034882754801046634,-0.003494373698658153,719101124.7521973
2018-09-04,2474.130659103088,2475.1180092925483,2415.119751319516,2418.271484375,178340,-0.017980193323834937,-0.018143801099748474,431274536.5234375
2018-09-05,2414.3601157382145,2433.3088942846102,2380.5256202853,2388.841796875,355010,-0.012169720269271656,-0.01224437763948701,848062726.3085938
2018-09-06,2393.360902922275,2415.119690114174,2366.969264799172,2403.61376953125,303246,0.006183738360394653,0.006164697505798161,728886261.1552734
2018-09-07,2415.1194828664156,2540.432286222692,2401.3351486643674,2528.546630859375,666688,0.05197709503573411,0.05067134129876728,1685751696.234375
2018-09-10,2531.3186917226253,2532.723788265913,2474.5101823495684,2489.775634765625,302172,-0.01533331267083371,-0.015452083574663603,752340483.1083984
2018-09-11,2501.6995938580103,2501.6995938580103,2407.525110057648,2418.3095703125,479594,-0.02870381710513148,-0.0291238284746366,1159806760.0644531
2018-09-12,2429.549447862135,2432.1315769218545,2360.247670082385,2402.778076171875,424166,-0.006422459031420802,-0.006443171753459344,1019176765.4575195
2018-09-14,2420.435811082582,2430.764698249638,2393.2086820590503,2420.169921875,329042,0.007238223902406249,0.007212153685563386,796337551.4335938
2018-09-17,2415.119567950928,2415.119567950928,2362.1464264840797,2375.551025390625,260149,-0.018436266016316316,-0.018608332087342118,617997223.7043457
2018-09-18,2384.740319725397,2394.76530564195,2357.779083626591,2363.057373046875,337805,-0.005259264991664625,-0.005273143608058518,798252595.9020996
2018-09-19,2377.145656654652,2415.119229444663,2355.9184665486036,2395.3349609375,299509,0.013659248505256238,0.013566801853601798,717424378.8154297
2018-09-21,2407.4105719373642,2421.7645077100906,2293.6037046756483,2411.4736328125,579823,0.006737542823106235,0.006714947018147823,1398227876.1982422
2018-09-24,2411.549821692379,2417.39771499066,2339.210163397418,2362.108154296875,615568,-0.02047108367428019,-0.020683520516478503,1454038192.3242188
2018-09-25,2371.0318550062175,2373.348280011075,2340.691007678123,2363.930908203125,463611,0.0007716640336448144,0.0007713664540322197,1095944372.282959
2018-09-26,2384.740754799747,2384.740754799747,2344.260882610815,2354.39990234375,357504,-0.004031846204261447,-0.004039996009385374,841707382.6875
2018-09-27,2364.9942119675943,2377.829205938624,2335.3748239564393,2345.323974609375,932370,-0.0038548794218603577,-0.003862328619540571,2186709714.206543
2018-09-28,2348.2860817912083,2354.2858329947458,2185.645320118901,2227.719970703125,832489,-0.05014403348084884,-0.05144492007251093,1854552370.6906738
2018-10-01,2210.0619885611122,2267.5539420390824,2164.493700137172,2257.90869140625,663628,0.013551398335580167,0.013460399324643208,1498411429.0605469
2018-10-03,2270.059812148726,2274.6166401423334,2202.4668635768835,2212.7197265625,503936,-0.0200136369622661,-0.020216622681956155,1115069128.125
2018-10-04,2188.1134861054807,2192.5942939384217,2060.5600950739495,2098.799560546875,1172793,-0.05148422759921878,-0.05285686096221338,2461457433.012451
2018-10-05,2094.6226132431248,2111.292977305558,2044.4974890683434,2081.521728515625,811688,-0.008232244925164722,-0.008266316975240119,1689546208.7753906
2018-10-08,2069.5597251634576,2191.0751585675507,2058.2056639383304,2181.99951171875,762339,0.04827131123669681,0.04714243716181186,1663423325.7641602
2018-10-09,2199.8849264644778,2226.6941184899856,2179.7967596453536,2196.201416015625,699147,0.006508665203911246,0.006487575304476171,1535467631.4030762
2018-10-10,2216.1377017957934,2273.5916430984507,2208.466965946638,2217.732666015625,1165353,0.009803859447036656,0.009756113426894242,2584441415.5393066
2018-10-11,2184.9997005004248,2228.9730301076884,2161.7597963592393,2180.44287109375,635575,-0.01681437780725381,-0.0169573443189833,1385834977.7954102
2018-10-12,2196.771361978144,2232.694401800371,2183.480610436357,2197.87255859375,384692,0.007993645571304109,0.007961865632584489,845503990.3105469
2018-10-15,2203.986082904013,2213.479475749051,2177.4045829379065,2188.22705078125,209679,-0.004388565558446911,-0.004398223579206891,458825259.7807617
2018-10-16,2180.442846832197,2211.0495877567087,2180.442846832197,2198.822021484375,609045,0.004841805926556919,0.004830122082999229,1339181558.0749512
2018-10-17,2213.8595757724643,2274.6172999789123,2100.888182326099,2132.25439453125,1625059,-0.030274222425781705,-0.03074195098461863,3465039194.1225586
2018-10-19,2128.7231349192743,2129.5206172807943,2031.662800852774,2060.2568359375,782281,-0.033765932797890974,-0.034349168528632484,1611699777.8740234
2018-10-22,2088.546464246286,2100.6980073109917,2044.0793742603123,2074.72412109375,312603,0.0070220784631771505,0.006997538484335535,648564984.4262695
2018-10-23,2063.4840659986694,2084.673246686651,2046.0162214944478,2068.990234375,463980,-0.00276368634289903,-0.0027675123749275384,959970088.9453125
2018-10-24,2101.5334814780945,2101.5334814780945,2020.3078631890369,2051.825927734375,516142,-0.008295982434064042,-0.008330585607443942,1059033537.9926758
2018-10-25,2041.991077569486,2061.9652160088704,2011.080623201285,2046.851806640625,700158,-0.0024242412704290617,-0.0024271845009938902,1433119667.2338867
2018-10-26,2053.61086980966,2093.8628580122904,2029.3077825929777,2054.63623046875,657518,0.0038031203836399463,0.0037959068049345204,1350960304.9853516
2018-10-29,2079.433049528801,2102.9766669632027,2056.6489036245407,2088.432861328125,453890,0.016448960822454062,0.016315142124685055,947918791.4282227
2018-10-30,2095.3817036138516,2134.07673641036,2077.154389048164,2106.69775390625,403508,0.0087457408453675,0.008707718382815505,850069397.2832031
2018-10-31,2114.748489869625,2141.7097293705665,2060.3324285369795,2097.92626953125,762180,-0.004163617851082768,-0.004172309843032781,1598997444.1113281
2018-11-01,2109.8118085633228,2130.3175388841323,2087.7871352557863,2120.63427734375,172451,0.010824025678258797,0.01076586522277119,365705501.76220703
2018-11-02,2164.4557966516636,2232.7323967715806,2155.79789558956,2199.88525390625,548045,0.03737135507484468,0.03668997032610387,1205636113.9770508
2018-11-05,2201.707902181551,2202.9989666618685,2137.9122954953664,2162.822998046875,248031,-0.01684735864907727,-0.01699088975970225,536447151.02856445
2018-11-06,2175.126139591453,2251.0352706825265,2147.633311363143,2169.08837890625,248605,0.002896853263088417,0.0028926654693410964,539246216.4379883
2018-11-07,2200.1887367460818,2200.1887367460818,2164.4935794706016,2193.771240234375,37641,0.011379370969001767,0.011315112944958555,82575743.25366211
2018-11-09,2200.9483579030443,2252.212683009482,2185.9868067703637,2245.529296875,275743,0.023593187699504803,0.02331917004444625,619188984.9082031
2018-11-12,2247.1621090910153,2260.5667056291936,2141.7854484472896,2156.4052734375,280472,-0.03968953937119846,-0.04049865031329308,604811299.8515625
2018-11-13,2147.785409229528,2201.2901395010576,2132.5959791784,2187.050048828125,269648,0.014211046396568339,0.014111016053413434,589733671.5664062
2018-11-14,2201.6318060084354,2223.2767432553237,2143.987994665439,2162.633056640625,263733,-0.011164349988507682,-0.011227139114422378,570357703.927002
2018-11-15,2181.2021295456325,2228.9728123243235,2169.202442863588,2219.28955078125,341266,0.026197922928558937,0.025860635482126606,757368067.8369141
2018-11-16,2225.251690949396,2255.6305536244736,2221.644201006731,2249.478759765625,383335,0.013603096078088406,0.013511404556520612,862303940.3747559
2018-11-19,2258.1369890234223,2277.579351108607,2250.390415637221,2263.718994140625,291764,0.006330459584549919,0.00631050638959638,660471708.6064453
2018-11-20,2269.9844487808864,2274.5792887564376,2233.605835588396,2248.11181640625,161818,-0.006894485479325141,-0.006918362253003112,363784957.90722656
2018-11-21,2242.415501191679,2249.174723001148,2196.5433138750413,2211.618896484375,288328,-0.016232697882532898,-0.016365891484003362,637671653.1855469
2018-11-22,2203.227092994923,2244.0106804869533,2181.3162633528,2215.9482421875,346980,0.001957545990408649,0.001955632494020885,768889721.0742188
2018-11-26,2216.1377832539215,2357.931071781562,2211.7708222348297,2336.13427734375,645146,0.05423684220963887,0.052817132854898696,1507147684.491211
2018-11-27,2330.3245255388233,2335.374937007813,2240.4409964790398,2246.630615234375,798702,-0.03831272156630616,-0.03906595555781415,1794388365.6489258
2018-11-28,2257.908935946856,2289.8067412982746,2255.6305212788975,2277.76904296875,650210,0.013860056710357949,0.01376488451080929,1481028209.428711
2018-11-29,2298.123163579087,2310.9203348334895,2275.870607524802,2291.174072265625,502846,0.0058851573816296465,0.0058679074887281095,1152107717.5424805
2018-11-30,2297.401157286673,2325.3497439861576,2293.6038000019016,2320.337158203125,418913,0.01272844621040159,0.012648120435681138,972019399.9543457
2018-12-03,2316.388021295546,2329.564925682184,2277.692986351243,2308.71728515625,627118,-0.005007838195322245,-0.005020419437811041,1447838166.4326172
2018-12-04,2308.793364663051,2347.716279116663,2304.9960071553814,2330.931884765625,427274,0.009622052796244285,0.009576055668715232,995946590.1313477
2018-12-05,2323.9066357050247,2340.653018405338,2299.983284823959,2318.28662109375,211238,-0.005424982065980188,-0.0054397507185222896,489710229.26660156
2018-12-06,2299.83142113469,2319.197943221925,2282.2497311324323,2298.730224609375,713055,-0.008435711230196596,-0.008471493215272264,1639121080.308838
2018-12-07,2323.982773549862,2336.893788958472,2297.4772925546176,2329.147216796875,365305,0.01323208433154388,0.013145304979925145,850849124.0319824
2018-12-10,2297.401342825527,2323.9828459656574,2282.2119124597384,2313.72998046875,682813,-0.006619262284900729,-0.006641266757501279,1579844909.1538086
2018-12-11,2286.0090215053115,2325.8812718804043,2264.7438213052624,2307.8818359375,443657,-0.0025275829853167453,-0.002530782716051087,1023907931.6865234
2018-12-12,2320.185276116825,2486.699391268581,2309.2489614210845,2474.8515625,2188953,0.0723476063473043,0.06985026974014721,5417333752.2890625
2018-12-13,2453.0930912084214,2536.6349611876553,2437.941670963941,2520.116455078125,1278210,0.018289942420789185,0.01812469331354254,3221238054.04541
2018-12-14,2507.7745967645114,2544.8368386700354,2480.92720824377,2517.3818359375,920809,-0.0010851161798950404,-0.0010857053447037158,2318027850.9677734
2018-12-17,2518.4075874158034,2521.4454735284885,2479.9024180210927,2495.699462890625,707590,-0.00861306486657809,-0.00865037168158703,1765931982.9467773
2018-12-18,2487.307058647935,2524.9767320629903,2460.6875467148743,2504.77490234375,910514,0.0036364312242200825,0.0036298353935493486,2280632615.432617
2018-12-19,2510.0532209138078,2529.1160290733606,2491.0664340687717,2510.205078125,947007,0.0021679296515502156,0.002165583082914999,2377181780.419922
2018-12-20,2503.180301245854,2567.013924226236,2482.294832927445,2552.849853515625,388448,0.016988562313991817,0.016845870507597328,991649419.8984375
2018-12-21,2552.8496567231246,2558.6595396585035,2514.989927450025,2524.59716796875,525895,-0.011067116034249813,-0.011128812184181786,1327673027.6489258
2018-12-24,2506.25635413676,2507.0158257592257,2392.335610766907,2406.309814453125,655657,-0.04685395159925543,-0.0479871358622047,1577713874.0148926
2018-12-26,2399.929704230148,2439.422218350391,2381.7404006756406,2411.4736328125,506895,0.002145949091159949,0.002143649831217978,1222363927.1044922
2018-12-27,2436.9163217269843,2437.9036718240673,2365.4879854736137,2376.234619140625,357087,-0.014613061985162878,-0.014720884475821448,848522491.4450684
2018-12-28,2383.259431638135,2399.9297929581858,2362.5258238748975,2371.525634765625,260717,-0.001981700096896577,-0.0019836662625301016,618297048.9191895
2018-12-31,2387.0186283012954,2399.208181447296,2344.488229578778,2357.589111328125,279055,-0.005876606701271103,-0.005893941902568897,657897029.4616699
2019-01-01,2346.007807956661,2380.9435020861547,2334.0841407395174,2375.323486328125,344239,0.007522250130350017,0.007494099091467417,817678981.6101074
2019-01-02,2365.7543556929027,2367.501177694008,2296.4905734380573,2313.7685546875,597712,-0.025914336297739093,-0.02625602879401389,1382967230.359375
2019-01-03,2302.7176766839925,2337.653367029462,2283.1992954658554,2289.540771484375,368413,-0.010471135133218734,-0.010526343200983465,843496584.244873
2019-01-04,2301.19915667571,2312.591231708758,2257.1878105482783,2269.1875,405667,-0.008889674181770224,-0.00892942308048209,920534485.5625
2019-01-07,2293.6037557023856,2295.882170029242,2241.959697626967,2246.478515625,361881,-0.010007539868344906,-0.010057951911134752,812957891.7128906
2019-01-08,2258.6684061093433,2274.237572997454,2225.441525555448,2255.8583984375,354130,0.004175371697196173,0.004166679021159785,798867134.6386719
2019-01-09,2267.0985985851544,2267.0985985851544,2207.783796349589,2230.90966796875,388001,-0.011059528597198498,-0.011121139865799259,865595182.081543
2019-01-10,2226.7709839682525,2240.403463652147,2211.999296755043,2217.277587890625,452293,-0.006110547761683738,-0.006129293562411193,1002859132.0598145
2019-01-11,2219.9351528648303,2233.5676289505823,2191.075236406102,2201.897705078125,258996,-0.006936381306740902,-0.006960549825774602,570282698.0244141
2019-01-14,2203.226816092878,2210.2899381091133,2169.0886093352287,2177.40478515625,267722,-0.011123550319975473,-0.011185879652497297,582939163.8916016
2019-01-15,2187.0497222144663,2216.4034026553063,2177.6703618093156,2210.783203125,371767,0.01532945008493436,0.015213141193082697,821896239.0761719
2019-01-16,2209.3025824471047,2213.821400765928,2179.9110726277167,2187.1640625,261721,-0.010683607778281368,-0.010741087274698214,572426765.6015625
2019-01-17,2186.138850141081,2230.4919143613756,2175.1265126989947,2205.20166015625,515341,0.00824702543604916,0.008213204542390646,1136430828.746582
2019-01-18,2214.9226645537524,2225.213540723068,2174.3669595933056,2201.51806640625,389524,-0.0016704112900671753,-0.001671807982590175,857544123.2988281
2019-01-21,2203.2269060486938,2209.9483032487656,2111.330851022188,2122.1533203125,628463,-0.03605000899370525,-0.036715862266712945,1333694842.1435547
2019-01-22,2122.7227851339453,2153.1016443129643,2082.850532461483,2145.430908203125,842837,0.010968853036121384,0.01090913148870284,1808248550.3771973
2019-01-23,2150.823568304845,2165.5952538213874,2115.2044244799395,2123.444580078125,326454,-0.010247977709715306,-0.010300849764557127,693206976.9448242
2019-01-24,2122.723137508959,2147.78570049207,2111.3690740895786,2119.07763671875,240737,-0.0020565374770527,-0.0020586550539989615,510140393.0307617
2019-01-25,2092.344317429364,2117.9764846574003,2014.6503334590284,2027.903076171875,775065,-0.04302558762691333,-0.04397862521882946,1571756697.7331543
2019-01-28,2035.3836510155238,2039.1810085733887,1964.5629325613456,1973.562744140625,576248,-0.026796316189740987,-0.02716188282483799,1137261584.1855469
2019-01-29,1975.4240283010831,2017.8025889462788,1955.1081590309545,1999.9169921875,666747,0.013353640833117186,0.01326526684505592,1333438654.790039
2019-01-30,1995.131769455698,2012.599615172288,1968.2465506503518,1982.980224609375,696557,-0.008468735274657413,-0.008504798765683755,1381258756.3132324
2019-01-31,1983.8151820304986,2000.979123242472,1945.0061219854151,1985.2200927734375,1901346,0.0011295463949994033,0.0011289089374502694,3774590282.5144043
2019-02-01,1996.9927548346002,2156.405970355666,1993.613142971046,2132.02685546875,3296513,0.07394986743772947,0.07134331663382386,7028254245.401855
2019-02-04,2126.5196714922527,2160.657869849256,2064.394881148669,2111.444091796875,991486,-0.009654082742475367,-0.009700985512201658,2093467256.7993164
2019-02-05,2129.5586201340257,2182.228056036666,2126.5207333720655,2167.949951171875,767865,0.026761712325005238,0.02640988097233313,1664692889.2565918
2019-02-06,2179.683435643149,2196.3918104111453,2164.4940040358797,2187.316162109375,445829,0.008932960342111107,0.008893297481381332,975168977.2370605
2019-02-07,2191.0750444267733,2239.7950618020955,2191.0750444267733,2232.12451171875,546196,0.02048553857260549,0.020278532243890438,1219177479.8027344
2019-02-08,2213.85918872061,2248.0354026116656,2212.074356716946,2231.97265625,544587,-6.803180913639295e-05,-6.803412340488331e-05,1215503292.9492188
2019-02-11,2256.081432121505,2256.8166524303515,2170.598041377905,2235.997314453125,478111,0.0018031843678081305,0.001801560582572378,1069054912.010498
2019-02-12,2242.0342181313936,2242.0342181313936,2155.4671753805305,2166.728271484375,627923,-0.030979036746156208,-0.031469033420484814,1360538516.4152832
2019-02-14,2132.403419012551,2238.0096717562924,2109.1074580347654,2148.656494140625,661406,-0.008340583164759052,-0.00837556045161918,1421134297.1635742
2019-02-15,2155.7769413457277,2155.7769413457277,2072.654143509546,2086.93359375,700634,-0.028726276423869046,-0.02914695178017505,1462176631.5234375
2019-02-18,2081.9414408222256,2093.47330853734,2059.071005419403,2076.949462890625,433854,-0.004784115263310573,-0.004795595773427998,901092832.2729492
2019-02-19,2079.6197251470253,2099.8973340993584,2034.6528069784706,2040.805908203125,684524,-0.017402231172826244,-0.017555429932872506,1396980623.506836
2019-02-20,2047.926494460108,2060.077566954316,2017.3939653245309,2030.667236328125,605830,-0.004967974580163181,-0.004980355989918989,1230239131.784668
2019-02-21,2037.0518457169899,2056.4007424278275,1997.967074361098,2044.2109375,736959,0.006669581765826216,0.006647438508342878,1506499648.2890625
2019-02-22,2053.227431705194,2088.0554455119363,2027.7643594147805,2074.085693359375,720407,0.014614321502413485,0.014508561468151602,1494185852.0959473
2019-02-25,2081.9412181379607,2107.9462100502315,2081.9412181379607,2099.355224609375,443819,0.012183455741923144,0.012109834813366109,931733736.4309082
2019-02-26,2094.7505280422165,2099.742506161735,2023.1208666077316,2081.206298828125,751767,-0.00864499993545731,-0.008682584717802248,1564582215.651123
2019-02-27,2085.811372101186,2122.9612592480717,2059.496868705475,2073.079833984375,581837,-0.003904689721689669,-0.003912332925314325,1206194551.3659668
2019-02-28,2089.7581431140316,2095.5628116472312,2027.764207597835,2034.0333251953125,870312,-0.01883502417464389,-0.01901466248014792,1770243611.3173828
2019-03-01,2050.906053428184,2082.4062157053654,2043.2826997374618,2070.796875,918224,0.01807421213276217,0.017912815405211,1901455389.75
2019-03-05,2066.423265669102,2184.1032837183743,2052.5695323284845,2163.70947265625,1107587,0.04486804030755076,0.043890600225480435,2396496483.690918
2019-03-06,2163.2069816527996,2178.686101378401,2122.1873143799558,2140.646240234375,631138,-0.01065911699945632,-0.010716332326852537,1351043186.769043
2019-03-07,2143.8580629180083,2150.8236667325436,2105.934219927762,2112.977294921875,394045,-0.012925510433461684,-0.013009771710975214,832608138.1774902
2019-03-08,2113.6743228235014,2134.9193821258636,2089.642945697751,2120.910888671875,674840,0.0037546990064998287,0.003747667718934779,1431275504.1113281
2019-03-11,2124.5087679856115,2189.056609070654,2124.5087679856115,2178.4921875,857601,0.027149324913024797,0.02678731951333479,1868277078.4921875
2019-03-12,2198.0348020252427,2205.3099120559473,2159.414477388192,2173.616455078125,840207,-0.0022381225188006226,-0.0022406308583515695,1826287760.8718262
2019-03-13,2177.9123763578973,2188.7477613149017,2159.8018799399797,2169.90185546875,380361,-0.0017089489733558283,-0.001710410892453436,825346039.6479492
2019-03-14,2177.137868698531,2181.0076480598864,2123.812384680682,2129.6943359375,497697,-0.018529648900901252,-0.018703473466052757,1059942481.9130859
2019-03-15,2144.6314721112058,2144.6314721112058,2102.915331039345,2117.427001953125,916870,-0.005760138334112042,-0.005776791912996859,1941405295.2807617
2019-03-18,2124.508863507328,2138.556086968563,2060.270526286524,2066.0751953125,830642,-0.024251984409973892,-0.02455090665135559,1716168832.3847656
2019-03-19,2057.9490756596365,2057.9490756596365,2013.0596260965453,2023.1597900390625,978189,-0.02077146338662006,-0.020990224865446078,1979032651.8585205
2019-03-20,2023.159929807145,2047.1138327052538,2006.90685211837,2019.367431640625,877100,-0.0018744729986771569,-0.0018762320216930163,1771187174.2919922
2019-03-22,2031.2089387964168,2041.6573455802868,2007.6807502129038,2014.83984375,566228,-0.0022420822578813615,-0.0022445994875681,1140858735.046875
2019-03-25,2007.6417029389481,2019.096288610836,1963.564950065782,1993.478271484375,854446,-0.010602119236369223,-0.010658722131766012,1703319535.1567383
2019-03-26,2001.4496028287292,2015.922537803929,1971.1105747143229,1992.5103759765625,555742,-0.0004855310046052441,-0.0004856489129504434,1107321701.3659668
2019-03-27,2007.4870776404032,2007.6418310470428,1961.9784277965512,1968.3248291015625,760530,-0.012138228822595853,-0.012212498737444564,1496970082.2766113
2019-03-28,1973.5876453969427,1979.7792929119134,1946.4991875189455,1954.8192138671875,1147361,-0.006861476842996317,-0.006885125011550691,2242883328.04187
2019-04-01,1991.3884980613793,2007.1771225809748,1969.7177332165604,1980.1661376953125,832495,0.012966377477936497,0.012883033677149425,1648478408.8006592
2019-04-02,1973.896957121029,2011.5112876388816,1969.7176710430756,1989.02783203125,1063757,0.004475227692890105,0.004465243637636571,2115842279.5180664
2019-04-03,2002.1857440699068,2007.642172499175,1986.7453572881197,1997.155029296875,1427316,0.0040860148534600516,0.00407768976468798,2850571327.7958984
2019-04-04,2012.2466797318464,2049.97703126908,2008.4156356742672,2041.0765380859375,2007440,0.021992037746076054,0.02175370089605233,4097338685.6152344
2019-04-05,2052.5309941308906,2061.818464692569,2016.2325389339603,2026.5260009765625,722753,-0.007128854228573012,-0.007154385923393479,1464677746.7838135
2019-04-08,2033.955872068562,2046.300429467817,1997.57994893796,2002.107666015625,723035,-0.012049356854622384,-0.012122538812717737,1447593916.2976074
2019-04-09,2004.5460555884863,2037.0134722501512,1988.13822605171,2030.589599609375,769508,0.014225974994857005,0.014125735365012958,1562554941.616211
2019-04-10,2026.9905631702597,2026.9905631702597,2002.0692202302316,2007.951171875,672025,-0.011148696781826284,-0.011211309302068949,1349393386.2792969
2019-04-11,2012.2856577548598,2021.5731300214209,2004.2751373433084,2013.1370849609375,608414,0.002582688841529457,0.0025793594320238093,1224820786.4094238
2019-04-12,2009.9637448060348,2046.9588796325613,2005.436026595547,2043.1663818359375,925046,0.014916667672227879,0.014806508307755184,1890022888.8518066
2019-04-15,2053.3049977007013,2098.116968619964,2047.926041999613,2090.22265625,958245,0.023031053580560013,0.02276984191499043,2002945409.2382812
2019-04-16,2108.062826524118,2128.3017019892286,2101.2907109730995,2120.36865234375,741047,0.014422385100271606,0.014319371788053856,1571292828.713379
2019-04-18,2122.8835942956875,2136.0408447925756,2114.873263983265,2121.8388671875,563893,0.0006933769946677604,0.0006931367199003086,1196490084.334961
2019-04-22,2121.8396333153087,2128.3407897383204,2078.072372921605,2081.55517578125,453998,-0.01898527358943425,-0.019167807897881885,945021886.6943359
2019-04-23,2081.1678875471484,2110.849178631747,2023.895137945628,2041.73486328125,395502,-0.019130077820327163,-0.019315425375045915,807510221.8974609
2019-04-24,2050.98365242016,2059.9616187067436,1998.4706557756015,2021.495849609375,940782,-0.00991265518155926,-0.009962112655948102,1901786908.387207
2019-04-25,2026.216726312775,2041.695845688732,2010.4666467661011,2021.7664794921875,690718,0.0001338760516698123,0.00013386709107093776,1396470499.1818848
2019-04-26,2020.0252058319234,2025.2494089504542,1991.9305646036696,2015.3814697265625,727578,-0.003158134151689307,-0.0031631315818262838,1466347218.980713
2019-04-30,1991.3886088577403,1992.1625647881165,1917.0888395416334,1944.061279296875,1634120,-0.03538793598184853,-0.0360292646681123,3176829417.7246094
2019-05-02,1942.6293956340187,1988.602302562608,1929.0851667799968,1974.9033203125,937946,0.01586474734313925,0.01574021760091731,1852352669.6738281
2019-05-03,1973.5876239712718,2002.2239934171293,1963.8357036594268,1985.5064697265625,674666,0.005368946066881319,0.00535458465677129,1339553707.904541
2019-05-06,1965.8481251094092,1983.6491120690612,1954.3162569650099,1959.11474609375,463670,-0.0132921871750169,-0.013381319014169862,908382734.3212891
2019-05-07,1987.4412553085745,1987.5187264792419,1951.5297775768722,1956.0574951171875,347427,-0.0015605267545754087,-0.0015617456446900806,679587187.3560791
2019-05-08,1954.8576713583566,1966.5057443796663,1920.6488614954803,1934.6573486328125,406025,-0.010940448600204822,-0.011000735421143274,785519249.9786377
2019-05-09,1934.116016942989,1977.4575523366696,1927.6148622155765,1964.1068115234375,585480,0.015222056201030343,0.01510736314837741,1149945256.0107422
2019-05-10,1961.9783369868903,1981.3272357737433,1934.9286142736878,1940.539794921875,332771,-0.011998846734451729,-0.012071413962128363,645755368.0959473
2019-05-13,1940.5398506190948,1963.9132832336577,1934.8899342203524,1943.2099609375,313902,0.0013759913724069595,0.0013750455637954035,609977493.1582031
2019-05-14,1941.0813682108526,1961.823423811895,1915.5408238922887,1942.435791015625,396304,-0.00039839746472969395,-0.0003984768460838991,769795073.7226562
2019-05-15,1954.2386988755275,1964.764574973876,1921.7325502209642,1929.7816162109375,438740,-0.006514591042451445,-0.0065359036028454845,846672386.2963867
2019-05-16,1931.0203148767882,1982.101413386555,1925.6026226106007,1950.6014404296875,283127,0.010788694453224723,0.010730911717892795,552267934.0245361
2019-05-17,1952.6909261015094,2040.921907304669,1951.762216721769,2029.73828125,962165,0.04057048209852643,0.03976910323930026,1952943133.3789062
2019-05-20,2081.9413483055287,2122.187054666825,2038.25157601759,2100.090576171875,722330,0.03466077157422931,0.034073616060177746,1516958425.8862305
2019-05-21,2109.0299140261513,2110.539090302252,2049.435307281192,2056.5556640625,445944,-0.02073001641135508,-0.02094789960980392,917108659.0546875
2019-05-22,2056.7102762380787,2101.0579858732785,2041.6956077746627,2089.409912109375,463923,0.015975375051106022,0.01584911170814237,969325314.6555176
2019-05-23,2120.638811053399,2167.192175064796,2095.794755240097,2123.34765625,1177415,0.016242741045658704,0.01611223897187213,2500061380.6835938
2019-05-24,2130.701001205749,2201.9049576572306,2128.379133060592,2189.095947265625,756746,0.0309644493788368,0.03049472275150569,1656589601.7094727
2019-05-27,2198.0345381279353,2205.77409636078,2167.3472653163285,2183.484130859375,422121,-0.002563531494935045,-0.0025668229681980667,921694504.8024902
2019-05-28,2188.747608390299,2188.747608390299,2116.7696990620466,2123.038818359375,842709,-0.027682963959170137,-0.028073358936880385,1789103919.5808105
2019-05-29,2134.531578527615,2134.531578527615,2091.8479873857855,2109.416748046875,528550,-0.006416307697579837,-0.006436980676723352,1114932222.1801758
2019-05-30,2112.899408252101,2123.696054250709,2090.60944263797,2101.44482421875,406544,-0.0037792076105901407,-0.0037863668588879874,854329784.6171875
2019-05-31,2118.8587421628145,2138.5558793545883,2062.5921936575996,2074.39501953125,683661,-0.012872003288288192,-0.012955565371394044,1418182973.447754
2019-06-03,2098.968192995775,2212.8557168239336,2098.968192995775,2198.22802734375,1911409,0.05969596274892841,0.05798203938572302,4201712835.51709
2019-06-04,2192.6172064376783,2194.16511833774,2124.509082834955,2130.468505859375,1051402,-0.0308246099319609,-0.03130968236788644,2239978847.9975586
2019-06-06,2139.9879332593287,2163.980564699126,2102.141567634307,2158.369384765625,1231094,0.013096123612958754,0.013011110807178492,2657155599.3686523
2019-06-07,2159.3369631002856,2176.363992916847,2114.3700496849174,2138.285400390625,841021,-0.009305165518357694,-0.00934872902538351,1798342925.7219238
2019-06-10,2162.4331223673726,2162.4331223673726,2102.9932621721796,2124.50927734375,493407,-0.006442602584462498,-0.006463445719412321,1048247749.0063477
2019-06-11,2136.1183631149465,2161.6589087608863,2124.7412487543907,2148.61767578125,465376,0.011347749193000745,0.011283846467450639,999915099.484375
2019-06-12,2141.536419913455,2143.780816907793,2105.1992206551504,2111.390869140625,521559,-0.017325933347862366,-0.017477783854986693,1101214910.3181152
2019-06-13,2112.8998464813913,2145.4059979657204,2078.342787211238,2093.62841796875,480205,-0.00841267783785793,-0.008448264136655446,1005370834.4506836
2019-06-14,2089.681280513578,2104.7734230950646,2058.8005105054094,2066.69482421875,320455,-0.012864553002261525,-0.012948017963219679,662282689.8950195
2019-06-17,2062.5924231177137,2077.4523382439197,2040.1477025659635,2049.628662109375,484673,-0.008257707867355912,-0.008291991604141987,993399672.5505371
2019-06-18,2051.021804700673,2076.5236129956606,2039.3737309890294,2064.759521484375,469539,0.007382244235123014,0.00735512883670463,969485120.958252
2019-06-19,2074.2018868755263,2074.2018868755263,1991.0403602093375,2017.045166015625,552137,-0.023108916545616753,-0.02338011375318122,1113685266.8283691
2019-06-20,2020.0252090288714,2066.230345559515,2012.2856488410214,2063.134521484375,692167,0.022849937247460206,0.02259278730195583,1428033632.3322754
2019-06-21,2058.6843339911306,2088.907355190696,2006.7905436380497,2016.929443359375,903440,-0.02239557219553312,-0.022650161315174864,1822174736.3085938
2019-06-24,2016.9291845396326,2016.9291845396326,1966.3898237440421,2001.6435546875,725058,-0.00757879197123279,-0.007607656948693105,1451307672.4746094
2019-06-25,1989.8410926097456,2014.9946653479085,1973.588014840471,2000.405517578125,412936,-0.000618510276955031,-0.0006187016333443776,826039452.8066406
2019-06-26,1994.4847685796265,2015.3428466262967,1979.6248500038494,1991.8533935546875,470716,-0.004275195178321423,-0.00428435995536211,937597262.0004883
2019-06-27,2000.6763061533325,2026.0621013297744,1989.8796574950863,2011.0472412109375,1174382,0.00963617489035995,0.009590043076489299,2361737681.227783
2019-06-28,2011.162903266442,2012.7495504641242,1990.6530743483515,1997.9669189453125,265726,-0.006504234210703452,-0.0065254789124863455,530911757.5036621
2019-07-01,2009.1896888212425,2042.8567733604275,2004.5459530227342,2025.0557861328125,728762,0.013558216069863516,0.01346712588174197,1475783704.8137207
2019-07-02,2009.5768498654338,2026.836107279595,1989.879706516616,2010.0025634765625,532893,-0.007433485417701391,-0.007461251454960569,1071116296.0587158
2019-07-03,2013.0594896399455,2022.9661639041947,1998.6638329328546,2002.611083984375,419366,-0.003677348291239446,-0.003684126358445072,839826999.8461914
2019-07-04,2004.7393423430344,2026.2166193433313,2000.6760737213565,2017.045166015625,446710,0.007207631150493832,0.0071817803182792446,901034246.1108398
2019-07-05,2026.2163965551908,2027.7643082408708,1934.8896071000677,1944.4093017578125,501715,-0.03601102517763344,-0.0366754213432521,975539312.8314209
2019-07-08,1934.1160963264892,1934.1160963264892,1826.5362094159723,1842.13134765625,1256185,-0.05260104135950172,-0.054034987669257906,2314057766.9555664
2019-07-09,1842.0152014267458,1902.770744835149,1837.0619588196726,1891.6258544921875,763513,0.026868066112066158,0.026513457369863692,1444280931.0408936
2019-07-10,1896.1920598347983,1903.1576633199056,1851.3026151529948,1857.4942626953125,458641,-0.018043521511307392,-0.018208290867748996,851923026.1368408
2019-07-11,1879.165508317847,1950.369473212922,1846.078883325842,1940.92724609375,1163266,0.04491695348623703,0.04393741191074037,2257814673.854492
2019-07-12,1936.4379751434105,2000.2118760413105,1913.528801214747,1988.9122314453125,1397898,0.024722712017225534,0.024422051130677167,2780296430.5129395
2019-07-15,1975.135777402604,1996.7290749359815,1945.8802018430447,1970.143798828125,769562,-0.009436531346357468,-0.009481337507563138,1516147802.1137695
2019-07-16,1971.2807607004568,2013.9591468500378,1949.4515910410553,1994.28564453125,632082,0.012253849550212914,0.01217937888680728,1260552058.7666016
2019-07-17,1975.983084870403,2003.8867702287864,1963.481365822353,1977.511474609375,497857,-0.00841111701720032,-0.008446690075153942,984517930.2145996
2019-07-18,1975.1205686778428,2002.632345942876,1933.3827321136712,1943.41552734375,977841,-0.017241845472659056,-0.017392217052582128,1900351382.6733398
2019-07-19,1943.8857741579632,1965.283800611456,1864.6425985241374,1871.2657470703125,1059276,-0.03712524638107195,-0.03783193418968066,1982186895.4936523
2019-07-22,1871.2661074142702,1923.4678794643876,1850.2992101951697,1884.042236328125,1136002,0.006827725713365762,0.006804522351740437,2140275748.5532227
2019-07-23,1893.3304582001301,1943.8469257195761,1882.4746236235103,1935.460205078125,812373,0.027291303644131792,0.026925535949827998,1572315613.1799316
2019-07-24,1922.3312203305109,1953.7618532672777,1878.2419544681247,1883.806884765625,619043,-0.026687875150817164,-0.02705046216382554,1166157465.3659668
2019-07-25,1893.6829169285566,1918.7648098680077,1865.5442448309725,1870.560546875,812832,-0.0070316856774165215,-0.00705652448677016,1520451470.4375
2019-07-26,1879.4177172568511,1949.7645921792368,1854.8844512961084,1933.8924560546875,1085566,0.03385718216151368,0.0332966448458931,2099367897.949463
2019-07-29,1904.7348599140605,1921.116396049685,1827.098518488833,1884.70849609375,936006,-0.02543262413944003,-0.025761623521929667,1764098460.5947266
2019-07-30,1887.4125562510774,1900.462902905541,1759.8868375038871,1770.46826171875,1582385,-0.06061427250515106,-0.06252909871857464,2801562420.319824
2019-07-31,1779.2468623148895,1857.5493238966872,1744.445810802905,1846.73291015625,2930738,0.0430759760491064,0.042174017132777256,5412290315.645508
2019-08-01,1830.1947365589176,1866.2499647737827,1803.8586672320077,1856.4915771484375,968967,0.005284287153014322,0.005270374299143931,1798879074.03479
2019-08-02,1831.7620424974134,1904.6562957932026,1793.7865262297653,1882.67041015625,2090929,0.014101239849427794,0.0140027422456843,3936530158.0375977
2019-08-05,1873.2648570765255,1908.5755016521277,1838.8164792098119,1880.5543212890625,1093274,-0.0011239826449558343,-0.0011246147871712285,2055961145.0529785
2019-08-06,1880.5541778576608,1946.9820059595413,1865.5050798516454,1934.8721923828125,1169931,0.028883968135797744,0.028474688721034574,2263666958.906616
2019-08-07,1939.927832460037,1982.0968070496892,1934.9115299623938,1963.6380615234375,1079213,0.014867064219471482,0.014757632703929113,2119183723.2908936
2019-08-08,1959.9151865540482,2060.6346832435884,1955.6042353338735,2028.4200439453125,1692331,0.03299079585553333,0.032458279986996276,3432758121.3900146
2019-08-09,2048.759098946963,2070.744786890097,2037.9032684538565,2055.343017578125,1091395,0.013272878915378428,0.01318556600526672,2243191092.6696777
2019-08-13,2050.13102334587,2077.9170158371076,1996.2441512734433,2011.881103515625,1179168,-0.021145820279532934,-0.021372595737065778,2372345817.0703125
2019-08-14,2029.2425214190964,2075.291305822753,2022.2274682797445,2064.670654296875,998006,0.026238901836198814,0.025900567437303856,2060553701.012207
2019-08-16,2007.7660850342315,2100.6082275665044,1996.4008539522486,2091.986328125,1373556,0.013230039266203253,0.013143286619634256,2873460372.9140625
2019-08-19,2094.3382680386662,2116.24569780254,2050.6016746183186,2062.593994140625,1215957,-0.014049964662397496,-0.014149599763271827,2508025605.333252
2019-08-20,2081.0133365675047,2098.884223831429,2062.6722786195874,2092.1826171875,1017915,0.014345345293804712,0.014243424398562443,2129664068.774414
2019-08-21,2087.911205660345,2133.5288676444347,2087.7152533396575,2127.454345703125,1398096,0.016858819218678267,0.016718286602661676,2974385410.9101562
2019-08-22,2126.4742028535516,2127.4539642813315,2042.6066246355902,2058.478759765625,1102826,-0.03242165270282382,-0.03295887823830365,2270143896.717285
2019-08-23,2057.4989812062017,2092.7703923125937,2047.7798244674125,2069.412841796875,1202938,0.0053117293435152035,0.005297671866907348,2489375345.085449
2019-08-26,2112.3656840201456,2112.3656840201456,2004.4744298013472,2030.810302734375,1195915,-0.018653860787382293,-0.018830038417244014,2428676503.19458
2019-08-27,2067.6884795635588,2067.6884795635588,2023.3248063770534,2049.229736328125,5531848,0.009069992194223664,0.009029106848905743,11336027418.447266
2019-08-28,2036.1405324908064,2058.283144382969,2002.632686176118,2013.214111328125,631760,-0.01757520123855605,-0.017731478868930076,1271868146.9726562
2019-08-29,2010.3923257165072,2020.5035801436713,1985.624067530865,1996.9500732421875,547796,-0.00807864299898442,-0.008111452056587061,1093921262.3217773
2019-08-30,2006.4340261407237,2021.4438955447765,1975.6302867850723,2015.9964599609375,544092,0.00953773806063496,0.009492540994898803,1096887545.8930664
2019-09-03,2015.8399468150783,2053.5410578717115,1997.8905997231973,2004.552978515625,867231,-0.005676340049493023,-0.005692511693876168,1738410484.111084
2019-09-04,2008.197405149269,2029.4777460253533,1983.2330083540216,2011.3326416015625,532877,0.0033821321554483585,0.0033764256097311525,1071792904.0587158
2019-09-05,2018.2692225728374,2048.8770064848713,2012.1554732639604,2042.528076171875,577091,0.015509833592454614,0.015390785489649575,1178724570.0061035
2019-09-06,2047.6231436122457,2092.7706315330074,2030.1443509759454,2084.893310546875,1021359,0.020741567701924257,0.020529390298708948,2129424546.7668457
2019-09-09,2067.6494491697363,2114.482049057771,2054.3639214483283,2109.700927734375,619224,0.011898746598689502,0.011828513091568337,1306377447.2753906
2019-09-11,2106.095341200721,2171.1515054432443,2100.608676746532,2163.430908203125,1063773,0.025468055572431814,0.025149147945106073,2301399387.511963
2019-09-12,2153.12414992831,2168.0165266478725,2131.9612988005106,2148.225341796875,701793,-0.007028450203144798,-0.007053266105859255,1507609507.2956543
2019-09-13,2149.2050731938243,2182.908872664041,2130.3936502337033,2176.324951171875,855456,0.013080382596872386,0.012995573151857308,1861750237.4296875
2019-09-16,2159.3944591981644,2189.9630196006065,2133.8422013948157,2146.5791015625,858330,-0.013667926562785482,-0.013762192604133222,1842473240.2441406
2019-09-17,2151.477452601297,2164.880664322529,2002.6321858595443,2013.5662841796875,1327205,-0.061965020197015885,-0.06396803877040208,2672415240.194702
2019-09-18,2030.065646730491,2051.228493240809,1972.8475802396315,2019.1707763671875,1207661,0.002783366125830522,0.0027794997350610966,2438473798.958374
2019-09-19,2007.3354184631535,2033.9849320233827,1970.065251668016,1984.8009033203125,706524,-0.017021776191071813,-0.017168311868823047,1402309473.4174805
2019-09-20,1986.9565408523886,2364.399940957647,1985.2714274306497,2243.967529296875,4283092,0.13057562879128604,0.12272690903104119,9611119372.99121
2019-09-23,2253.451055534751,2369.376339378233,2171.699732013338,2210.615966796875,1380382,-0.014862765198055405,-0.014974322842803919,3051494489.479004
2019-09-24,2229.93716320982,2230.1723442406155,2135.6056499024025,2160.138916015625,1064290,-0.0228339302436098,-0.023098662104369037,2299014246.9262695
2019-09-25,2155.4752366428424,2155.4752366428424,2074.4294442889363,2119.615966796875,1063692,-0.018759418164408848,-0.01893760806091506,2254618546.9541016
2019-09-26,2112.36602871025,2175.07077167753,2104.410440990152,2163.39208984375,1046239,0.02065285586286114,0.02044247731599976,2263425176.686035
2019-09-27,2160.491859886792,2177.7748930790235,2121.771757334864,2139.133056640625,679062,-0.011213424194814858,-0.01127676861967026,1452603971.708496
2019-09-30,2142.9344770701427,2162.3337558951193,2091.3597904473604,2120.008056640625,837786,-0.008940537822380579,-0.008980744254812918,1776113069.7407227
2019-10-01,2128.5903848881862,2146.774718165881,2066.9046455327266,2107.1533203125,865901,-0.006063531828503832,-0.006081989688660539,1824586167.211914
2019-10-03,2124.1228469115745,2142.934266958024,2081.0133426384614,2090.771728515625,937439,-0.007774276147331061,-0.007804653375201211,1959970958.407959
2019-10-04,2102.0194117812784,2128.041837227936,2084.1485249315215,2091.43798828125,689443,0.0003186669097050565,0.0003186161461895348,1441927280.9545898
2019-10-07,2076.3107739422157,2103.744098626239,2042.8421560996446,2095.906005859375,581314,0.00213633758359566,0.0021340588592992384,1218379503.8901367
2019-10-09,2100.6088146166203,2108.4469072084735,2024.5793164756456,2041.313720703125,1065595,-0.026047105644828705,-0.026392339594173395,2175213694.2126465
2019-10-10,2041.3137712433534,2065.3374490883048,2023.1292428922836,2039.354248046875,654085,-0.0009599076498516546,-0.0009603686562390928,1333911023.3337402
2019-10-11,2049.5435060285445,2065.337184424395,2012.743512026687,2036.21875,594047,-0.0015374955331463047,-0.0015386786922936386,1209609639.78125
2019-10-14,2030.0657702242936,2060.2031948346485,2015.8397101930348,2045.1148681640625,708591,0.004368940303718594,0.00435942419084823,1449149989.5472412
2019-10-15,2053.697162879573,2116.2451620338866,2045.741577732243,2097.23779296875,1011239,0.025486551203590446,0.02516718406457749,2120808648.5239258
2019-10-16,2110.3278378656773,2110.3278378656773,2031.8686508569378,2039.7459716796875,926034,-0.0274131152327175,-0.027795865817248955,1888874121.1384277
2019-10-17,2044.957624255017,2072.390938493777,2023.794781842259,2060.79052734375,1107128,0.010317243400036036,0.010264383909617375,2281558894.9570312
2019-10-18,2060.634408776755,2086.5393413849656,2042.489302147104,2074.07666015625,1179162,0.006447104951333937,0.006426411265495073,2445672382.743164
2019-10-22,2084.9320689057763,2126.826624274081,2070.196420522787,2096.414794921875,799030,0.010770158690249332,0.010712573628999574,1675098313.5864258
2019-10-23,2092.8094046365845,2146.0691916280343,2064.5530499445736,2126.3955078125,1119172,0.01430094510077251,0.014199651175749258,2379802313.2695312
2019-10-24,2139.798677257685,2155.2789057836335,2077.0939541146026,2113.149169921875,1427292,-0.006229479813119054,-0.006248963982128043,3016080905.036133
2019-10-25,2120.204164322149,2122.5555922308245,2061.418466605269,2083.012451171875,799469,-0.014261519810792267,-0.014364192633840017,1665303881.3259277
2019-10-27,2086.5002399418795,2109.97528889243,2077.0945288677613,2091.908447265625,69656,0.00427073591842686,0.004261642207815133,145713974.80273438
2019-10-29,2104.13601349558,2131.9612429532417,2089.4395894862514,2117.5,1088620,0.0122335911821696,0.012159365556384581,2305152850.0
2019-10-30,2129.609540519068,2129.609540519068,2098.2571733417535,2104.1357421875,739316,-0.006311337809917328,-0.006331338500880836,1555621220.3710938
2019-10-31,2112.365897575233,2128.8258915823126,2108.0157180299975,2119.576904296875,673886,0.007338481923852447,0.007311686278429189,1428353201.729004
2019-11-01,2122.5557187879394,2162.529995618879,2093.6332303306117,2121.889404296875,1427332,0.0010910196253375304,0.0010904248959610694,3028640647.213867
2019-11-04,2125.690439107717,2128.0026378547263,2067.6885613444533,2071.99951171875,760461,-0.02351201362196198,-0.0237928314773469,1575674820.6811523
2019-11-05,2084.1484636088476,2099.8246461106064,2067.7277007101848,2088.851318359375,508321,0.00813311322966781,0.008100217705912568,1061806990.9997559
2019-11-06,2084.932454444738,2113.854937137342,2070.040079770133,2099.3154296875,601239,0.005009505097923306,0.004996999275193192,1262190309.6298828
2019-11-07,2092.7706549007685,2095.5139872199265,2071.6078055815474,2085.598876953125,440308,-0.006533821711783849,-0.006555260560968114,918305870.3134766
2019-11-08,2085.559446667521,2110.0142541344435,2069.76557731205,2074.70361328125,444717,-0.005224045616955886,-0.0052377386527744365,922655966.7875977
2019-11-11,2065.337350767396,2082.5419253415116,2026.656288166458,2033.201171875,570373,-0.020004033896972806,-0.020206823547391933,1159683052.0058594
2019-11-13,2026.1465356191077,2059.6151461173667,2018.6218916702428,2029.3602294921875,692298,-0.001889110844486841,-0.0018908974648153569,1404922028.1569824
2019-11-14,2033.984479432613,2044.291491869315,2019.8759165694964,2031.358642578125,461170,0.0009847502956326082,0.0009842657471403238,936801665.1977539
2019-11-15,2037.9034471424304,2049.6213536915748,1983.232768127744,1993.383056640625,682624,-0.01869467318154261,-0.018871627456227825,1360731115.65625
2019-11-18,1995.5783986114543,2000.673158859284,1956.9757921182832,1961.796142578125,808951,-0.01584588268535414,-0.015972770906788402,1586996951.3347168
2019-11-19,1975.1991665232017,1975.1991665232017,1930.6004999816832,1935.1856689453125,1011599,-0.013564341908554267,-0.013657178057645132,1957631887.5194092
2019-11-20,1942.27895890255,1947.7656226282634,1909.5941575513004,1936.400390625,918063,0.0006277029120154154,0.0006275059889443534,1777737551.8183594
2019-11-21,1941.4955698584715,1959.4447256721905,1909.7905230271485,1915.19873046875,677663,-0.010949006341300582,-0.011009387860833454,1297859317.2856445
2019-11-22,1920.2932268728155,1926.9163760498002,1901.521035629771,1913.74853515625,471953,-0.0007572035681879807,-0.0007574903916081038,903199362.4125977
2019-11-25,1926.6027531656541,1958.7389260215498,1902.8532993441247,1943.062744140625,1144301,0.015317691141684797,0.015201559719363348,2223448641.1828613
2019-11-26,1950.9012410301862,1971.0843294016315,1937.1845790301747,1955.2906494140625,1342442,0.006293108809950265,0.006273389886351079,2624864289.980713
2019-11-27,1956.309323670854,1986.172531008496,1952.899868435398,1977.74658203125,1008253,0.011484703117624395,0.011419254543069033,1994068924.572754
2019-11-28,1972.8481039579924,1975.199531972245,1928.1709716871917,1933.1090087890625,544359,-0.02256991550269416,-0.022828514491577797,1052305286.9154053
2019-11-29,1941.2997333369049,1946.786398576981,1899.953791706332,1907.439208984375,757233,-0.01327902342184395,-0.013367978017784452,1444375914.5368652
2019-12-02,1905.4402499800433,1917.9811977380361,1881.142163698932,1886.589599609375,671750,-0.01093068092382432,-0.0109908597487072,1267316563.5375977
2019-12-03,1882.7095885468373,1908.4968331783246,1881.1419702383052,1898.69921875,506622,0.006418788242621654,0.006398275552321237,961922795.6015625
2019-12-04,1896.8180758956028,1927.1906793836006,1890.5476029174356,1911.71044921875,457308,0.006852707548547832,0.006829334466682512,874240482.1113281
2019-12-05,1916.4135854686722,1939.9278625909872,1874.0878866485052,1878.477294921875,948025,-0.017383989458474858,-0.01753686532219919,1780843437.5183105
2019-12-06,1889.7638403976364,1894.153248134458,1842.7352919016355,1851.513916015625,750661,-0.014353848715201734,-0.014457861726114456,1389859287.710205
2019-12-09,1862.8794933850058,1877.223241603223,1849.4764693985583,1866.8377685546875,428294,0.008276390691158708,0.008242329178263232,799555415.2453613
2019-12-10,1881.1420332618027,1885.923345806875,1820.004917180794,1826.275390625,805888,-0.02172785370690833,-0.021967379463387265,1471773422.0
2019-12-11,1831.7623282613793,1837.2097646070774,1773.7604402462564,1799.861328125,1264067,-0.014463351275275316,-0.014568965130817148,2275145309.4589844
2019-12-12,1812.1670404880865,1837.5623844077995,1808.522403909872,1829.4500732421875,871422,0.016439458226491066,0.016305793263356492,1594223041.7248535
2019-12-13,1840.3836817596045,1849.005581461204,1818.5937515145442,1832.6630859375,924706,0.001756272413391713,0.0017547319703580377,1694674551.5449219
2019-12-16,1834.309200229371,1840.344491875942,1806.0136158858018,1809.384033203125,593867,-0.01270230895847757,-0.012783673026920395,1074533467.6462402
2019-12-17,1816.8698623832563,1824.9039072881003,1800.4098679440638,1806.64111328125,810022,-0.001515941265945231,-0.0015170914674784073,1463419047.8623047
2019-12-18,1814.4793576612358,1818.4376330222974,1794.9625820231086,1812.1279296875,952321,0.003037026206209159,0.00303242375826933,1725727482.1279297
2019-12-19,1811.4613303764706,1862.800827640127,1799.4297838631896,1852.6895751953125,1767354,0.02238343377600671,0.022136601239129937,3274358331.4797363
2019-12-20,1856.8437478035044,1900.7370571648366,1853.7085114205522,1875.8118896484375,1615264,0.012480404036756987,0.01240316577349447,3029931416.1210938
2019-12-23,1881.14196593673,1908.8496960205355,1866.5630391568577,1896.8966064453125,1192490,0.011240315147392987,0.011177612234585398,2262030234.2199707
2019-12-24,1896.779059740999,1919.1960796940987,1896.0737079957655,1906.7333984375,1173285,0.005185729131869321,0.005172329543016629,2237141695.385742
2019-12-26,1906.733545743188,1924.2125307509898,1900.776710101933,1911.4364013671875,754276,0.0024665236018530656,0.002463486725174081,1441750603.0776367
2019-12-27,1920.3323479212636,1926.6028208940677,1897.993787955649,1914.41455078125,599490,0.0015580687968128615,0.0015568562669316499,1147672379.0478516
2019-12-30,1917.1972413552674,1947.7657991691901,1913.2781954816874,1943.1021728515625,699880,0.014985062696376561,0.014873895830167063,1359938348.7353516
2019-12-31,1933.2654195680047,1939.1439886524402,1907.3604868639918,1914.8851318359375,443409,-0.014521645546932582,-0.014628116655874318,849077301.4222412
2020-01-01,1924.1732957641734,1930.169551481103,1902.5795035152123,1906.6552734375,314519,-0.004297833985763444,-0.004307096222144209,599679309.9462891
2020-01-02,1918.6079490835464,1921.8999090244654,1894.5058193109107,1904.2249755859375,546945,-0.0012746393568989767,-0.0012754524006091657,1041506329.2718506
2020-01-03,1896.8181713247118,1919.5486370141402,1892.8991255161898,1906.498291015625,544720,0.001193827125908875,0.0011931150809549745,1038507749.0820312
2020-01-06,1903.8332481874095,1903.8332481874095,1849.82887283352,1856.1776123046875,624665,-0.026394295210267815,-0.02674887784598202,1159489188.1903076
2020-01-07,1863.8982648813171,1881.063609700319,1831.762087900605,1840.4232177734375,620687,-0.008487546895735276,-0.00852377123805972,1142326765.7701416
2020-01-08,1820.0048802841345,1838.0717198009195,1811.0303036209873,1816.5169677734375,595883,-0.012989539454366428,-0.013074641280973768,1082431580.3077393
2020-01-09,1834.8974130353702,1853.7088346128367,1823.2187320165635,1845.51806640625,732115,0.015965223087544222,0.0158391193259131,1351131459.1870117
2020-01-10,1847.4384869323894,1871.5013937384426,1842.7356312168213,1852.4940185546875,578287,0.0037799424862969833,0.0037728164553767203,1071273208.5079346
2020-01-13,1867.7390094134325,1867.7390094134325,1843.7937896042902,1855.08056640625,434063,0.001396251661627712,0.0013952778086668933,805221835.8959961
2020-01-14,1855.2765809457721,1895.8779402540392,1850.6129539635372,1890.07763671875,787340,0.018865525813953177,0.018689778715668574,1488133726.4941406
2020-01-15,1896.7794098680183,1944.2783333125728,1892.11578247892,1940.9471435546875,1051367,0.026913977419599,0.026558166405747114,2040647775.4776611
2020-01-16,1939.8881428247605,1939.8881428247605,1902.3045376761784,1908.18310546875,590255,-0.01688043808649664,-0.017024536614260406,1126314618.918457
2020-01-17,1916.413612272454,1939.8494322549404,1898.072552404393,1923.4678955078125,457663,0.008010127537162015,0.007978216758587453,880300087.461792
2020-01-20,1923.4678264188124,1927.8962719691835,1889.0586781950426,1893.36962890625,320280,-0.015647917322590077,-0.015771638328763257,606408424.7460938
2020-01-21,1888.9798836141201,1891.0569011331597,1861.5465658022968,1880.122802734375,568473,-0.006996428996026149,-0.007021018766216339,1068799050.0388184
2020-01-22,1887.961020457065,1888.980010601934,1864.6819274780087,1880.3973388671875,346888,0.00014602031974364493,0.00014600965981445414,652287272.0849609
2020-01-23,1878.790697305214,1908.457952778162,1865.4659405867374,1904.46044921875,315469,0.012796822168477995,0.012715634733497924,600798233.4545898
2020-01-24,1912.494624485368,1939.7712254343915,1902.3835614161842,1934.95068359375,519690,0.01600990684133552,0.015883099936837276,1005574520.7568359
2020-01-27,1925.0354298425889,1958.3473214420635,1900.7765729379644,1924.8394775390625,897656,-0.005225562667007133,-0.005239263670745897,1727843706.0498047
2020-01-28,1925.6230110577005,1966.5378079042055,1912.494208601115,1935.107177734375,904634,0.0053343150507489945,0.005320137986488874,1750563746.6225586
2020-01-29,1946.9820685009656,1967.3611078653075,1936.0087396124738,1948.8240966796875,787135,0.007088454377691011,0.007063449379944892,1533987655.3399658
2020-01-30,1949.2946614163102,1976.7672179230667,1931.306274767025,1945.6500244140625,797868,-0.0016287115245715578,-0.0016300393171098835,1552371893.6791992
2020-01-31,1965.7933722485452,1976.6882430229653,1953.2916544250363,1960.9730224609375,574957,0.007875516076684796,0.007844666067253614,1127475166.0750732
2020-02-03,1874.0876402358645,1935.224752715328,1848.2219388022452,1862.447998046875,1507692,-0.05024292699877009,-0.051549039717884146,2807997947.071289
2020-02-04,1890.5478969477788,1947.4525246186854,1881.7692716849654,1929.777587890625,1187298,0.03615112471025106,0.03551300647126318,2291221070.5473633
2020-02-05,1937.5764560070577,1942.9846632602932,1838.4638151276617,1860.17529296875,2176980,-0.0360675216453078,-0.03673403002525772,4049564409.2871094
2020-02-06,1877.2231386340661,1902.3050344320995,1845.8707688865243,1889.999267578125,1632634,0.016032883955671373,0.015905714730621044,3085677064.2231445
2020-02-07,1943.8469976782435,1956.3879460503613,1897.876660345574,1915.19873046875,2709754,0.01333305431536802,0.013244951403306435,5189717420.682617
2020-02-10,1919.9409102821817,1926.1721560423894,1861.6646113747681,1869.933837890625,949025,-0.023634566929274348,-0.02391834351655345,1774613960.5041504
2020-02-11,1892.8991958319696,1915.1202629356026,1873.3039660614522,1878.3594970703125,680119,0.004505859517036193,0.004495738523171808,1277507982.7879639
2020-02-12,1888.9799928724096,1904.6561753858737,1881.1419016156776,1899.208740234375,467714,0.011099708653525164,0.01103855896714314,888286516.7299805
2020-02-13,1896.0346702599022,1913.5136556780972,1881.9261030566454,1888.1573486328125,514501,-0.0058189452098871275,-0.005835941236266949,971458844.0289307
2020-02-14,1899.953382350016,1910.7699869076032,1842.8137717761736,1847.0462646484375,798770,-0.021773123947611106,-0.022013656246757784,1475365144.8132324
2020-02-17,1882.109313001879,1882.109313001879,1829.3538686181084,1840.477294921875,818134,-0.003556472759935314,-0.003562812043971772,1505757051.2036133
2020-02-18,1840.3564526818825,1840.3564526818825,1793.4448120128486,1815.7318115234375,839607,-0.013445144619123273,-0.013536349002703316,1524501139.0777588
2020-02-19,1832.940772588591,1836.1649428130213,1795.0971139368878,1814.885498046875,729471,-0.000466100484218801,-0.00046620914281469007,1323906339.145752
2020-02-20,1827.298331016436,1834.552713450996,1801.8676510132952,1805.7366943359375,886179,-0.0050409812193569215,-0.005053729826891031,1600205938.0499268
2020-02-24,1789.4140960196314,1789.4140960196314,1753.142188667882,1760.5577392578125,808263,-0.025019680454984372,-0.025337993270046637,1422993680.0057373
2020-02-25,1765.3945416402678,1784.5783957306044,1744.316605428379,1760.5179443359375,861921,-2.260358804917484e-05,-2.260384351412081e-05,1517427387.0999756
2020-02-26,1757.1728275837706,1769.2634663056774,1721.7069539995111,1726.986572265625,972076,-0.019046310875837413,-0.019230028355601357,1678762199.2216797
2020-02-27,1731.298841536038,1739.9637995846902,1693.4955218807384,1700.951416015625,1093297,-0.015075482732818557,-0.015190272962505904,1859645080.2756348
2020-02-28,1676.5683067807968,1700.749580436289,1639.4500123620744,1653.797607421875,1879071,-0.027722019658977026,-0.028113527403304625,3107603123.97583
2020-03-02,1692.6891346821574,1700.7495591330248,1580.6492348151003,1592.2965087890625,1207967,-0.037187802399041625,-0.03789690427004813,1923441636.8323975
2020-03-03,1592.740213761601,1663.5511364943911,1592.740213761601,1656.2967529296875,1689926,0.040193672338889375,0.03940691921863406,2799018946.491455
2020-03-04,1668.5078698919613,1671.208190811942,1612.487919670951,1649.4449462890625,976550,-0.004136823083487506,-0.004145403407797688,1610765462.298584
2020-03-05,1661.8178102814434,1687.1276632712156,1654.2410893716567,1663.591064453125,899516,0.008576289979176588,0.0085397225308888,1496426779.9326172
2020-03-06,1588.7097228166135,1655.1678857148952,1588.7097228166135,1642.9564208984375,606826,-0.012403675395714409,-0.012481243060883267,996988673.0681152
2020-03-09,1608.0546143956158,1621.3543142139254,1543.8130734186539,1576.6593017578125,844134,-0.040352329676748844,-0.04118907196488408,1330911723.0300293
2020-03-11,1586.2918284088528,1652.2261520976228,1570.8964345090656,1641.14306640625,1848085,0.04089898469285336,0.04008474812604536,3032971883.8793945
2020-03-12,1576.6190920994673,1595.1177276722324,1445.8386996183126,1537.2841796875,2248848,-0.0632844807041586,-0.06537565085066425,3457118452.921875
2020-03-13,1419.4410451466108,1566.1408010902128,1237.2754141397204,1518.5439453125,1184611,-0.012190481514491092,-0.012265394876777882,1798883861.600586
2020-03-16,1465.3851237252943,1487.1482691271551,1430.9671516510027,1437.57666015625,883109,-0.05331902669407951,-0.05479312396209081,1269536886.7739258
2020-03-17,1437.1738932569174,1534.382606907804,1415.6928392229577,1484.0452880859375,1236906,0.03232427822293449,0.03181284078587579,1835624521.1052246
2020-03-18,1483.9243768198635,1499.2391857061086,1342.8669265518156,1355.0784912109375,1118487,-0.08690219760162188,-0.09091228211076413,1515637676.3990479
2020-03-19,1328.357975790522,1442.0099627968712,1258.9979826606655,1380.307373046875,1276786,0.018618022498012143,0.018446828712598867,1762357129.6030273
2020-03-20,1390.4233544710328,1487.7126478002435,1350.1212282544811,1463.5313720703125,1244977,0.06029381618076113,0.05854605479147967,1822062897.0059814
2020-03-23,1317.1942650719757,1348.6299200426547,1225.1845014213334,1302.5645751953125,750837,-0.10998520424423586,-0.11651719194945727,978013677.9459229
2020-03-24,1329.9700708106075,1413.8790719629783,1188.9126390579672,1311.471435546875,1488860,0.006837941489562516,0.006814668798951836,1952597361.5283203
2020-03-25,1257.4263978574945,1356.9726543545462,1229.4567602883396,1344.1968994140625,1027510,0.024953241816922267,0.02464699381026274,1381175756.1169434
2020-03-26,1362.131316043254,1473.4054303089742,1326.4235919535067,1452.4080810546875,1448305,0.08050247823648049,0.0774261905637286,2103529885.8319092
2020-03-27,1462.9670490243266,1475.3397809722906,1322.39322584702,1338.9976806640625,1514916,-0.07808439092976571,-0.08130158990728362,2028469010.400879
2020-03-30,1317.8796033119518,1321.9098161661168,1243.1594963532802,1252.1871337890625,1250949,-0.06483248487177895,-0.0670296051758451,1566422242.826294
2020-03-31,1284.0255894617253,1316.8718184451309,1261.4564014485877,1286.806396484375,1456425,0.027647035943067166,0.02727175782484571,1874137005.9997559
2020-04-01,1281.6881194929224,1327.834051174942,1261.4564730543366,1321.6275634765625,1641556,0.02706014446875682,0.026700492492377822,2169525656.590332
2020-04-03,1297.7687751109927,1308.2069861978491,1243.8445118236957,1275.1995849609375,1592821,-0.035129396358453246,-0.035761276124575726,2031164678.1170654
2020-04-07,1313.8493334085865,1442.0100966061113,1308.7309829848168,1426.0504150390625,1374508,0.11829585882647997,0.11180597194801951,1960117703.8745117
2020-04-08,1371.8843843080163,1518.4229554324224,1370.2722992500749,1468.327392578125,1376705,0.029646201209446277,0.02921524926256594,2021453662.9992676
2020-04-09,1514.6748676917628,1622.8860793277386,1493.5968354671368,1604.7501220703125,2416795,0.09291029383620852,0.08884413248329878,3878352071.268921
2020-04-13,1573.394875012547,1631.0269106495332,1521.8484992793856,1546.8358154296875,1560999,-0.03608929879120926,-0.0367566222631879,2414609161.0499268
2020-04-15,1563.7223408617276,1591.127783948995,1460.3070559719392,1470.302001953125,1537624,-0.049477658012012427,-0.050743611819132665,2260771645.451172
2020-04-16,1450.8764184728984,1456.8813954029251,1412.6297433545853,1436.8916015625,1453445,-0.022723495136538707,-0.022985652790488215,2088442913.8330078
2020-04-17,1483.0777673802688,1511.329594626699,1460.5489202472418,1479.8133544921875,1327762,0.02987125325460438,0.029433797588598397,1964839939.1872559
2020-04-20,1511.289312719038,1515.31952513024,1440.4382572451957,1455.591796875,2291195,-0.016367981505004958,-0.016503416816321934,3335044647.0410156
2020-04-21,1438.8664447073966,1482.2315704936984,1417.0227126720542,1473.0830078125,1650618,0.012016563280345283,0.011944937609149463,2431497328.189453
2020-04-22,1450.87647925335,1535.5109405431288,1448.3777672178521,1521.526123046875,2737381,0.03288552985640103,0.032356370692704785,4164996700.2321777
2020-04-23,1531.4806507100368,1550.3823067520482,1495.2087405616412,1503.2691650390625,1882834,-0.011999109138693398,-0.012071679553191337,2830406295.087158
2020-04-24,1485.1332462365842,1563.2387810091545,1483.1181400680136,1527.289306640625,1711725,0.01597860327357825,0.01585228916442993,2614299288.409424
2020-04-27,1538.7354808423659,1570.9771881413153,1529.4256485022413,1559.853759765625,1322269,0.02132173189677311,0.021097604036816396,2062546271.0715332
2020-04-28,1572.0246340286267,1590.1605892048044,1544.0549018983868,1566.2210693359375,1056981,0.004081991360054937,0.0040736826364072085,1655465912.0877686
2020-04-29,1584.8809328092534,1626.996649904884,1564.528361389834,1588.1051025390625,1836009,0.01397250594541144,0.013875790349131053,2915775261.2076416
2020-04-30,1625.8683304524927,1771.76212344442,1591.9339603932617,1746.4522705078125,2785165,0.09970824205248419,0.09504491012569288,4864157737.988892
2020-05-04,1653.1932716540732,1672.497951387758,1599.994463302455,1612.6492919921875,1328847,-0.07661416276593658,-0.07970810665513253,2142964173.7159424
2020-05-05,1639.4904780683057,1653.193200844688,1567.8736201775753,1584.1556396484375,1318956,-0.01766884621798359,-0.017826803664233257,2089431585.8481445
2020-05-06,1596.7701627572044,1659.560793622525,1558.2816340991244,1633.6466064453125,1881161,0.03124122753990144,0.03076315200259776,3073152283.8272705
2020-05-07,1612.084930129501,1653.5154341187445,1598.704644888197,1612.3267822265625,1112730,-0.013050450528673596,-0.013136355879058233,1794084380.386963
2020-05-08,1644.326799882495,1644.326799882495,1575.8131832207243,1581.9390869140625,1139464,-0.018847106955908632,-0.01902697728546726,1802562639.7314453
2020-05-11,1624.1755781047818,1720.7395054310355,1604.024516341695,1683.54052734375,4445410,0.06422588661607986,0.06224766783831604,7484027895.65918
2020-05-12,1687.0467119421287,1720.0944497298149,1628.2056178323458,1704.2154541015625,2919966,0.012280623140348723,0.012205828019186625,4976251182.651123
2020-05-13,1773.1727269839753,1825.6863187621996,1731.3793433559401,1763.2987060546875,3253820,0.034668886384598974,0.034081458996501106,5737456595.734863
2020-05-14,1721.6665329250027,1817.6259371694787,1707.7622990375644,1806.62353515625,2570474,0.024570328868725788,0.02427333335753261,4643878824.907227
2020-05-15,1812.789622752074,1812.789622752074,1749.1122638381503,1768.0946044921875,2080650,-0.021326485520808958,-0.021557180856677946,3678786038.83667
2020-05-18,1770.8754555638839,1788.205370126753,1660.5684555497858,1668.951416015625,1803530,-0.05607346361708809,-0.05770693749316767,3010003947.32666
2020-05-19,1708.004034825627,1715.218075747314,1662.704486284539,1671.3291015625,1389745,0.0014246583358019649,0.0014236444729396306,2322721262.2509766
2020-05-20,1659.6415916410185,1666.7348053581766,1605.112794072729,1631.107666015625,2782627,-0.024065538923047858,-0.02435984535965243,4538764231.362061
2020-05-21,1646.7449699774415,1716.870673544763,1628.205990873437,1708.4072265625,2636698,0.04739083884983386,0.04630215626192253,4504553917.462891
2020-05-22,1708.003955393537,1740.97101295764,1679.6716419273635,1733.4749755859375,2241339,0.014673169624713323,0.014566560270759553,3885305068.3048096
2020-05-26,1739.4397139593254,1749.031540988499,1693.4952914868131,1703.691650390625,1513568,-0.01718128361515303,-0.017330594575820805,2578653163.8984375
2020-05-27,1712.8402864760012,1762.8149207167128,1704.9813722204055,1753.666259765625,1403554,0.029333130419193942,0.028911146362788513,2461365293.559082
2020-05-28,1771.3592958758425,1882.1094703632778,1746.0090986842233,1852.3665771484375,3727629,0.05628226969252603,0.054755450410758834,6904935371.609253
2020-05-29,1833.7466101491596,1927.972895709432,1813.595548499169,1902.9454345703125,3368722,0.027304993539527533,0.026938862066899962,6410494150.236572
2020-06-01,1902.8646801708553,1933.6958033378723,1863.852304996169,1875.0965576171875,2028590,-0.014634616656474586,-0.0147427590372049,3803802125.8166504
2020-06-02,1902.1794994916395,1927.6908611128224,1839.308188376709,1868.60791015625,2408304,-0.0034604337758387116,-0.0034664349251834685,4500175904.4609375
2020-06-03,1893.2328296879568,1911.1269354025037,1846.4823605806835,1854.05908203125,1562885,-0.007785918086894661,-0.007816386600396462,2897681128.42041
2020-06-04,1837.7772527704733,1887.4697037190983,1824.114869130455,1877.474853515625,1532156,0.012629463489761905,0.012550376999575919,2876584361.663086
2020-06-05,1889.282968246402,1905.4441599959334,1860.346120733445,1886.663330078125,1138282,0.0048940610550891606,0.004882124069332386,2147554908.6879883
2020-06-08,1901.454011855099,1966.5822767988575,1898.2298422716228,1921.846923828125,2354805,0.01864858090422694,0.01847682813060931,4525574745.465088
2020-06-09,1922.4110778154381,1958.2799637537134,1910.320442105907,1924.2650146484375,1980625,0.0012582119784523282,0.0012574210930924117,3811247394.6380615
2020-06-10,1924.0232769407276,1928.9803591612083,1839.5499910715039,1847.6507568359375,3106338,-0.03981481616579585,-0.04062911329573855,5739427756.688232
2020-06-11,1866.7943208066752,1890.1695519394011,1853.8976415610332,1861.917724609375,2056461,0.007721679933641479,0.007692020346524762,3828961185.86792
2020-06-12,1807.1476537150213,1946.5930346662697,1798.0393322490931,1935.99365234375,3296719,0.039784748141820314,0.03901371879086896,6382427057.561035
2020-06-15,1930.4315710349022,1930.4315710349022,1866.7945508962239,1892.708740234375,1416097,-0.022357982453596104,-0.02261171118319173,2680259168.9196777
2020-06-16,1918.381209909178,1963.277739203709,1902.2603594057396,1931.237548828125,2145404,0.020356438248908315,0.020152015516641968,4143284762.2060547
2020-06-17,1916.164296071715,1926.4413366753176,1886.9452590614721,1904.9200439453125,1731506,-0.013627274852222038,-0.013720978418819375,3298380485.6115723
2020-06-18,1902.4617617751308,1918.381100741367,1887.912655666167,1906.2501220703125,1087739,0.0006982330461731134,0.0006979893948900509,2073502601.5306396
2020-06-19,1914.3506720823184,1920.6378420681694,1879.8923599848367,1898.9150390625,3602756,-0.003847912151132671,-0.0038553344113488965,6841327550.472656
2020-06-22,1911.2473443142455,1972.466421584595,1903.066092728099,1944.657958984375,3042752,0.02408897658973652,0.02380341404340888,5917111894.015625
2020-06-23,1970.733636801488,1970.733636801488,1939.0159814403694,1949.696044921875,996657,0.0025907311433477354,0.0025873809844124125,1943178211.0437012
2020-06-24,1974.8040648659444,2051.3781000342155,1966.5421294925256,2010.1087646484375,3354520,0.030985711790261883,0.030515346345447242,6742950053.188477
2020-06-25,1993.3026245527471,2083.619719852037,1978.1489872326456,2063.226806640625,3281309,0.0264254566351676,0.026082335877636066,6770084689.671143
2020-06-26,2079.589838552645,2088.1741132408774,2039.9325833145372,2047.7108154296875,1351753,-0.007520254758710099,-0.007548674446374061,2767999237.8895264
2020-06-29,2039.287367369405,2039.287367369405,1989.3127362322894,2018.37060546875,1131627,-0.014328297599376039,-0.014431938848401603,2284042673.154785
2020-06-30,2054.6026220278986,2070.1996253158654,2024.7790453252574,2052.9501953125,1441648,0.01713242838062401,0.016987323319431247,2959631543.171875
2020-07-01,2060.2447304121815,2075.5998801431047,2039.2876243907745,2053.35302734375,1336764,0.00019622104431449294,0.000196201795483353,2744848406.2441406
2020-07-02,2055.4084772383685,2164.224220150988,2055.4084772383685,2153.261962890625,3353340,0.048656482454027206,0.04750980433851785,7220619470.639648
2020-07-03,2160.193778958961,2216.6167507974415,2158.2593557824393,2207.145751953125,2637811,0.025024260861490566,0.024716281443423516,5822033343.105225
2020-07-06,2216.8589614400394,2240.032685764612,2188.4056188248423,2233.503662109375,1716058,0.011942079553616036,0.011871335584694479,3832821827.39209
2020-07-07,2226.289434997349,2247.6495617270484,2198.5616510897344,2216.052734375,1223502,-0.007813252348954691,-0.00784393573427559,2711344952.6132812
2020-07-08,2224.6775933185627,2239.146018743647,2184.3754630048206,2191.791015625,974918,-0.010948168504141043,-0.011008540748995904,2136816513.3710938
2020-07-09,2196.4658615394396,2198.6421369804843,2149.352715720111,2169.423095703125,1383528,-0.010205316000666542,-0.010257747261423637,3001457596.751953
2020-07-10,2168.2537978948135,2204.1226804250437,2153.42269821536,2161.200927734375,1205528,-0.00379002509240145,-0.003797225436248837,2605388232.0097656
2020-07-13,2177.8862264454087,2187.8812702923583,2152.4154046415024,2168.01220703125,713590,0.003151617792435113,0.0031466618551635253,1547071830.8154297
2020-07-14,2153.74583502288,2161.5240674260344,2098.9349380237945,2105.262451171875,921721,-0.02894345135874532,-0.02937057485693776,1940464611.7565918
2020-07-15,2100.667618568796,2160.193936926429,2100.667618568796,2134.44091796875,1188285,0.013859776381150546,0.013764608013826988,2536324126.208496
2020-07-16,2136.012787436057,2196.4659795333037,2106.2295541536932,2188.244384765625,1607439,0.02520728793377769,0.024894824274725547,3517469365.6032715
2020-07-17,2188.6473211915063,2236.7680208777088,2178.732958714395,2227.94189453125,969122,0.01814125974319669,0.0179786705284873,2159147504.711914
2020-07-20,2227.941778711991,2316.122748199859,2210.3296716309574,2305.40234375,1674943,0.03476771517645316,0.03417697174799566,3861417517.8476562
2020-07-21,2305.4424539529828,2325.996535338696,2294.8027335343877,2312.656494140625,1289304,0.0031465875838510016,0.003141647437495561,2981717268.5214844
2020-07-22,2305.2816454937,2305.2816454937,2219.075435905249,2231.125732421875,1349352,-0.035254159848346456,-0.03589059041443719,3010573969.294922
2020-07-23,2236.7678347011474,2251.2362575536545,2212.8687543896053,2233.704833984375,1117663,0.0011559642403928816,0.0011552966281713872,2496529245.8654785
2020-07-24,2219.034967419559,2252.888751884369,2198.9645882019367,2209.12060546875,701462,-0.011006032731626814,-0.011067047207783084,1549614158.1533203
2020-07-27,2223.8709820599893,2223.8709820599893,2166.9643098931406,2211.4580078125,662841,0.00105806914206652,0.0010575097814385333,1465845037.3564453
2020-07-28,2218.7123887128782,2297.22083974923,2212.6267292360035,2290.16796875,1836163,0.03559188583253148,0.03497313363138217,4205121688.0039062
2020-07-29,2304.6772133806626,2321.7652764708446,2231.4481673365017,2240.79833984375,1092469,-0.02155720872002087,-0.021792959588480265,2448002721.5307617
2020-07-30,2255.438450909897,2269.2248092272757,2186.303121545547,2199.276123046875,1497969,-0.01853009976782216,-0.018703932845211754,3294447454.7644043
2020-07-31,2200.1303782998434,2203.9531159522535,2152.508292873708,2176.94970703125,1260570,-0.010151711184266388,-0.010203591216975855,2744197492.192383
2020-08-03,2196.0636140661295,2252.8359649889017,2131.605080208818,2140.18603515625,2281990,-0.016887699222567387,-0.017031922453345366,4883883130.366211
2020-08-04,2166.5789223268175,2222.7412425057582,2147.3024081384897,2201.024658203125,2033677,0.028426791899160087,0.028030248091991936,4476173223.820557
2020-08-05,2211.6798675322507,2228.597729426528,2173.2894646086434,2192.606689453125,997234,-0.0038245681249533536,-0.0038319004870073603,2186541939.3500977
2020-08-06,2209.8905293620983,2222.9042387731374,2175.7295421581202,2199.682861328125,859485,0.0032272873694301207,0.0032220908549762802,1890594424.0686035
2020-08-07,2204.1974857899636,2212.331055848229,2171.744620686879,2201.106689453125,854109,0.0006472879113765817,0.0006470785109131945,1879985033.4221191
2020-08-10,2210.7037965104105,2210.7037965104105,2175.038021173389,2197.81201171875,684596,-0.001496827823095459,-0.0014979491889955982,1504613311.9746094
2020-08-11,2216.3973426888847,2257.0651838391395,2199.3168494057777,2206.51513671875,1617202,0.003959904192712971,0.003952084409036766,3568380692.131836
2020-08-12,2213.1440390962957,2274.1458042312543,2200.3743759760687,2256.251953125,1798834,0.022540890646330247,0.022290598987363668,4058622725.8476562
2020-08-13,2269.265663833298,2293.6663698960215,2233.7220083832876,2285.248046875,1299029,0.01285144316876452,0.012769564135985447,2968603485.0839844
2020-08-14,2277.8058728976307,2312.7802176698497,2241.652200400109,2280.489990234375,2158769,-0.002082074480768692,-0.0020842450111677167,4923051095.7282715
2020-08-17,2287.81020919943,2386.4704357594346,2285.5327702830346,2380.858154296875,2723654,0.0440116661297798,0.04307066385182531,6484633835.383301
2020-08-18,2380.695587943812,2410.789792506135,2363.0457833611404,2378.37744140625,1530968,-0.0010419406490671523,-0.0010424838465777331,3641219754.7148438
2020-08-19,2396.1089246964016,2439.0949199658876,2376.1816789427153,2385.61669921875,2016727,0.003043780052092826,0.003039157131982515,4811137608.965332
2020-08-20,2368.4953189140288,2411.5218199690357,2352.756783296117,2404.32373046875,1185217,0.007841591340354892,0.0078110058515335834,2849645358.8549805
2020-08-21,2422.746055367237,2480.53510037134,2405.136958659873,2467.27734375,2012976,0.02618350119972268,0.02584658182848606,4966570078.3125
2020-08-24,2470.165157783888,2501.479401634622,2440.9250139548467,2452.31201171875,1706107,-0.006065524846308623,-0.006083994866925741,4183906689.3774414
2020-08-25,2475.858300033147,2483.1378042689475,2405.7876854586334,2415.466552734375,1323587,-0.015024784288582893,-0.015138799840906767,3197080128.134033
2020-08-26,2529.5400076252668,2587.57310298522,2497.0057309998615,2570.81787109375,4651022,0.06431524302562286,0.0623316280760123,11956930476.450195
2020-08-27,2569.394665530258,2578.341592190857,2527.506781619271,2555.3642578125,1431518,-0.006011166117604105,-0.006029305907375864,3658049931.6152344
2020-08-28,2536.9005588835926,2573.4609072154717,2481.2668347921417,2488.302490234375,1838010,-0.02624352570209798,-0.02659403298960125,4573524860.075684
2020-08-31,2497.0058364556307,2512.378203380968,2412.498128781522,2444.99169921875,1808588,-0.017405758015998085,-0.017559019244402823,4421982647.306641
2020-09-01,2464.5120480940054,2500.5030899483595,2420.143390680896,2436.491943359375,1357833,-0.003476394566939045,-0.0034824512675931305,3308349164.92749
2020-09-02,2468.497731095771,2472.4425918851307,2339.3366027289712,2394.156982421875,2809547,-0.017375374892120377,-0.01752809838933787,6726496567.492432
2020-09-03,2419.736583926891,2445.0725699056884,2383.908175633385,2392.40771484375,1512714,-0.0007306403009360585,-0.0007309073486458702,3619028643.9521484
2020-09-04,2374.0670165473493,2420.9569653567696,2332.382472796456,2371.09814453125,1508195,-0.008907165020529018,-0.008947070957455719,3576078366.0913086
2020-09-07,2383.1358151402615,2387.1211846849988,2319.693974327654,2326.32275390625,1476038,-0.01888382002586897,-0.01906439628214762,3433740785.0302734
2020-09-08,2335.1476904144706,2361.337743222016,2319.6939091125287,2328.803466796875,1263479,0.001066366602166191,0.0010657984371799875,2942394275.425049
2020-09-09,2315.6271803674617,2375.00223627432,2301.9627442248884,2361.988525390625,1995585,0.01424983218502085,0.014149257647192022,4713548871.44165
2020-09-10,2375.0019771354387,2405.421443577589,2349.1778974182985,2398.385986328125,1629594,0.01540966882194339,0.01529214566618699,3908395413.0043945
2020-09-11,2398.711570004989,2446.333659148971,2398.386306654332,2433.767333984375,1525239,0.014752149094407363,0.014644394590658314,3712076854.718994
2020-09-14,2452.2301956687957,2471.791467629783,2404.282849066679,2463.251220703125,1537220,0.01211450507492895,0.012041711771842087,3786559041.489258
2020-09-15,2463.2509204861094,2482.120757395257,2444.1777443892047,2470.286376953125,915275,0.0028560449664536414,0.002851974219011679,2260991363.6657715
2020-09-16,2466.911167864057,2525.4728573089014,2460.119559172676,2485.781005859375,1603512,0.006272401876482592,0.0062528122372177185,3985979672.267578
2020-09-17,2474.882490557964,2519.7797530933517,2464.512189766505,2489.685546875,914287,0.0015707502014141728,0.0015695178636110116,2276287129.595703
2020-09-18,2505.1388055953003,2539.1778652240746,2501.15343692486,2531.69482421875,1362732,0.016873326591978266,0.01673255335192866,3450021551.1972656
2020-09-21,2539.299996468157,2541.292680965944,2466.9519469176817,2485.08984375,826132,-0.018408609135238785,-0.01858015613656849,2053012242.796875
2020-09-22,2472.6047315018604,2482.365013336736,2407.536185936022,2440.1923828125,1099375,-0.018066735514781107,-0.0182319317096627,2682686500.854492
2020-09-23,2440.4771838024885,2475.0448492954415,2379.028035193856,2404.892822265625,1256820,-0.014465892441722028,-0.014571543593755239,3022517396.879883
2020-09-24,2367.966594254464,2398.5894008687264,2358.734914384302,2373.619384765625,1020064,-0.013004087837285683,-0.013089381236346412,2421243684.1015625
2020-09-25,2386.8361471087474,2452.3925835714986,2379.1499653534042,2441.697021484375,1263899,0.02868094065783522,0.02827734138316567,3086058423.75708
2020-09-28,2478.2985974539947,2517.949748299378,2433.9706442012075,2512.378173828125,1422073,0.02894755234651547,0.028536486016007546,3572785166.790283
2020-09-29,2525.473156603493,2620.6766207885357,2525.0664781563746,2582.367431640625,3394236,0.027857771788335928,0.027476803169633482,8765164501.702148
2020-09-30,2601.1150802697716,2601.1150802697716,2549.873601202544,2559.8779296875,1175373,-0.008708869883336856,-0.008747013711891882,3008811401.850586
2020-10-01,2574.2741978654262,2601.928328269036,2530.922241959199,2563.253173828125,1459005,0.001318517614250947,0.001317649133222603,3739799196.8811035
2020-10-05,2623.0758770068633,2627.1426613123003,2516.688759861941,2545.15625,1374983,-0.007060139050212522,-0.007085179762127033,3499546576.09375
2020-10-06,2556.055159688652,2584.766495876409,2535.2331461745584,2550.9716796875,849216,0.0022849008533365467,0.002282294436895472,2166325965.9375
2020-10-07,2553.9405376960262,2643.369084643654,2552.354531535396,2630.111328125,2071160,0.031023334781668188,0.03055183793259428,5447381378.359375
2020-10-08,2643.409624969791,2678.2213360533115,2631.737875350164,2667.118896484375,1414044,0.01407072315290847,0.013972649435924273,3771423472.8603516
2020-10-09,2684.077142687337,2716.6114110835474,2657.2770788106423,2706.363037109375,1358012,0.01471405743355847,0.014606855989886503,3675273480.7509766
2020-10-12,2725.3960208598096,2729.259465682073,2662.7268393439904,2671.633056640625,1438726,-0.012832713125525252,-0.012915763662809948,3843747941.04834
2020-10-13,2670.656853137616,2686.517309551864,2648.452174442984,2674.357666015625,847392,0.0010198291895766598,0.0010193095170768158,2266229291.3203125
2020-10-14,2686.5173498899826,2710.8773448798706,2659.676577093625,2692.861572265625,1188612,0.006919009557000644,0.006895183051120938,3200767579.133789
2020-10-15,2693.8379797004472,2748.7802765192346,2676.0255435031872,2695.708740234375,1817305,0.0010573020158457513,0.0010567434657388292,4898924972.171631
2020-10-16,2696.2781195440975,2761.2652563293655,2684.8911229608043,2721.858154296875,1461910,0.009700385532090738,0.009653638856421096,3979111654.3481445
2020-10-19,2726.412802764061,2731.658914604888,2627.5899478810793,2642.352294921875,1056638,-0.029210140598064482,-0.029645250794119265,2792009844.20166
2020-10-20,2642.596652417087,2677.9776786959865,2627.5088417259894,2633.324462890625,1198126,-0.0034165890932105203,-0.0034224389619254693,3155054505.425293
2020-10-21,2643.409751122286,2667.8104565172607,2547.5555673329795,2585.1328125,2045833,-0.018300688376898466,-0.018470217492930784,5288750017.1953125
2020-10-22,2583.953043146256,2583.953043146256,2490.8236929826026,2506.35888671875,1640304,-0.030471906665820447,-0.03094582758240609,4111190507.3203125
2020-10-23,2521.406652713233,2564.473865340848,2513.1916677379036,2530.394287109375,1707899,0.009589768056757153,0.009544078102858625,4321657872.559814
2020-10-26,2537.673043553569,2537.673043553569,2338.400641095036,2357.067138671875,4182675,-0.06849807926001217,-0.07095702695658884,9858845794.244385
2020-10-27,2379.068937124073,2422.0954377883163,2322.581340023973,2368.45458984375,3089586,0.004831195083518702,0.004819562312297247,7317544142.416992
2020-10-28,2436.0036191847034,2468.537891227237,2383.420181425334,2396.311767578125,5321192,0.011761752939587922,0.011693121152710899,12751235007.142578
2020-10-29,2387.2026149536214,2409.4480066552355,2346.534768020851,2353.85498046875,2345545,-0.017717555655241246,-0.017876390450473643,5521072780.163574
2020-10-30,2370.040216591349,2381.9153048823505,2266.8253217371043,2277.236328125,3110768,-0.0325502857990394,-0.03309183041503381,7083953897.96875
2020-11-02,2348.974574039964,2348.974574039964,2287.159453670491,2306.395263671875,2671709,0.012804527657822584,0.012723242834021048,6162016983.5095215
2020-11-03,2326.200794741177,2398.9555316312385,2315.627154765081,2389.154541015625,2352020,0.035882521373198584,0.03525374104952181,5619339263.55957
2020-11-04,2391.269220316185,2422.1767816672104,2366.9499291035763,2414.043212890625,1868196,0.010417355364722436,0.010363468633390108,4509905874.149414
2020-11-05,2431.9370346311766,2436.735760721636,2380.5329203028273,2394.807373046875,1195194,-0.007968307999224544,-0.0080002246261505,2862259403.4213867
2020-11-06,2393.708975783043,2426.2432466057826,2379.231185552238,2395.70166015625,1182126,0.00037342757477709654,0.0003733578680533632,2832021220.713867
2020-11-09,2415.6699903013136,2431.1237713840496,2383.13571433766,2402.859619140625,1175877,0.0029878340460423036,0.0029833793409727964,2825467360.3762207
2020-11-10,2429.496941345034,2429.496941345034,2377.4013947360854,2400.41943359375,1352612,-0.0010155339610508074,-0.0010160499650397948,3246836130.9121094
2020-11-11,2423.803661834249,2501.0725705168843,2402.0056563017165,2488.994140625,2829916,0.03689967919424886,0.03623518319276109,7043644342.4609375
2020-11-12,2488.8718002233804,2521.406072121725,2470.164593881832,2509.8564453125,2093558,0.008381821534646727,0.008346889130906579,5254530039.935547
2020-11-13,2512.4592512437994,2549.792250361553,2497.900243396627,2544.912109375,1274593,0.013967198852337326,0.013870556373918111,3243727160.2246094
2020-11-14,2567.7267497690464,2567.7267497690464,2519.77940538197,2534.17578125,199281,-0.004218742205457482,-0.004227666205904075,505013083.86328125
2020-11-17,2559.145815149522,2560.4472654889314,2440.883813129696,2465.528564453125,1933560,-0.027088577400504632,-0.027462236295193548,4767247411.083984
2020-11-18,2474.1097857256764,2479.8845006183533,2394.2786862002577,2426.24365234375,1956934,-0.01593366739926161,-0.016061973022302903,4747998695.555664
2020-11-19,2463.6579947252226,2551.297198730387,2419.8586472153006,2430.717041015625,4282399,0.001843750798710575,0.001842053176547889,10409300225.728271
2020-11-20,2439.2571664331363,2455.48359569822,2412.1316363533588,2438.972412109375,1531471,0.003396269888452652,0.003390515588963666,3735215518.9455566
2020-11-23,2460.0790450758227,2500.25879137644,2425.4299661303007,2488.66845703125,1653325,0.020375812647628333,0.020171003209625296,4114577776.7211914
2020-11-24,2485.6185121045437,2529.2550273002985,2473.9467619786005,2500.380859375,1517541,0.004706292760957798,0.004695252789855123,3794430469.716797
2020-11-25,2504.7324989613626,2517.2176064339524,2440.8839842127127,2447.1875,1110258,-0.02127410277340558,-0.021503658057904614,2717009499.375
2020-11-26,2446.5777210372444,2480.4539587891045,2420.6317135979216,2460.038818359375,859782,0.005251464531988326,0.005237723677535831,2115097095.3266602
2020-11-27,2479.925245310727,2536.4942587254404,2466.098177691743,2528.604736328125,3266924,0.027871884564194538,0.02749053335620273,8260759499.624023
2020-12-01,2537.673638322884,2545.7257925535587,2501.1132837931505,2529.743408203125,1503427,0.00045031627863423296,0.0004502149166876462,3803284542.9645996
2020-12-02,2531.97979408688,2584.1160459547314,2514.0859439519904,2542.716064453125,1748207,0.005128052200050748,0.0051149485188501575,4445194022.889404
2020-12-03,2566.9544827058544,2575.9014089763755,2542.1470962285002,2553.81884765625,974736,0.004366505312307867,0.004356999788554695,2489299168.2890625
2020-12-04,2562.8875001794336,2604.368700594905,2562.074143308542,2586.8408203125,1089915,0.012930428752436995,0.01284754448007609,2819436612.6708984
2020-12-07,2586.39351674916,2617.341786387621,2550.3619650790724,2581.635498046875,991744,-0.0020122313768793365,-0.0020142586344337444,2560321515.375
2020-12-08,2582.407789025875,2606.6458609021274,2565.855899043218,2576.673583984375,644753,-0.0019220041195799897,-0.0019238535396063792,1661318023.2946777
2020-12-09,2582.3671206926765,2605.99517533983,2567.075973207581,2595.177490234375,669455,0.007181315617551753,0.007155652759362883,1737354546.7248535
2020-12-10,2586.474427678146,2609.0450771649603,2575.0874333424563,2598.10546875,559968,0.0011282382521591305,0.0011276022696971922,1454855923.125
2020-12-11,2602.741705385051,2634.8692983108976,2577.527645114133,2590.785400390625,1276394,-0.0028174638972208177,-0.002821440419521878,3306862940.3461914
2020-12-14,2614.128986451573,2614.128986451573,2525.4730874088777,2532.508544921875,1421591,-0.02249389527205281,-0.022750741896135903,3600191354.884033
2020-12-15,2507.213340787488,2549.8738702902515,2506.0340130023646,2531.451416015625,1058918,-0.0004174236285874322,-0.0004175107740821866,2680599470.5444336
2020-12-16,2545.8885130920503,2558.0074514772955,2525.4731754648656,2535.64013671875,1025407,0.0016546715756124986,0.0016533041148587373,2600063145.6723633
2020-12-17,2549.8734271237877,2568.1739541127145,2522.2600050040705,2531.69482421875,969196,-0.001555943385998515,-0.0015571551230012927,2453708496.8535156
2020-12-18,2522.2192556891973,2557.1935955778254,2522.2192556891973,2550.117431640625,1109264,0.0072767883576014825,0.007250440275601433,2828753462.6914062
2020-12-21,2560.4472633925084,2564.3921233896913,2395.295121761731,2435.271728515625,1397172,-0.04503545668134734,-0.046081066605669734,3402493471.473633
2020-12-22,2456.337584875917,2488.8718575232797,2359.2228604529146,2480.00634765625,1073505,0.018369456934439254,0.018202776584329637,2662299214.2407227
2020-12-23,2477.97303484353,2499.852254469045,2449.8308086743987,2472.6455078125,711716,-0.0029680729852592513,-0.002972486449034003,1759821370.2382812
2020-12-24,2476.67145001461,2508.1483183838523,2464.4710980440946,2499.52685546875,640601,0.010871492727654086,0.010812822886743694,1601199403.1401367
2020-12-28,2518.1530538169045,2540.9270478436724,2491.0682283489477,2507.254150390625,742559,0.003091503059856393,0.0030867341903935913,1861784134.659912
2020-12-29,2518.1528844492113,2526.286453197432,2489.6853938304375,2500.259033203125,478502,-0.002789951384230549,-0.002793850552609194,1196378947.9057617
2020-12-30,2505.1391642540457,2527.8724490980885,2493.4269047336684,2522.544921875,505754,0.008913431918821768,0.008873941772874634,1275787184.4179688
2020-12-31,2527.09972438015,2535.8840180450507,2509.205873740831,2529.539794921875,605742,0.0027729429062757216,0.002769105392595664,1532248494.4555664
2021-01-01,2533.6065598537793,2538.3240692465274,2515.7127093507993,2523.5615234375,408952,-0.0023633830534615097,-0.002366180251292599,1032015532.1328125
2021-01-04,2531.1667676483303,2540.886343252852,2470.3683370950807,2475.736572265625,1599835,-0.01895137119808743,-0.0191332500012063,3960770019.090576
2021-01-05,2482.3650432519416,2500.5436478178467,2465.2845498350707,2494.72802734375,1150326,0.007671032245868181,0.007641759484234368,2869750512.7822266
2021-01-06,2506.1963144117017,2540.6013463114023,2477.4847800367074,2508.0263671875,1370394,0.005330576999974301,0.005316419762940558,3436984285.435547
2021-01-07,2516.5258759895873,2533.403029165665,2467.724469215387,2485.00830078125,880259,-0.009177760930824008,-0.00922013605042524,2187450921.8374023
2021-01-08,2497.005410003471,2575.04695631153,2491.393327436422,2571.102294921875,1576465,0.03464535475135366,0.034058715584429085,4053252779.3640137
2021-01-11,2571.0209378246495,2622.9943597957763,2559.674649768806,2600.87109375,1596027,0.011578224206372667,0.011511709491011352,4151060489.1445312
2021-01-12,2594.6085324489627,2680.011007654963,2586.840934275058,2641.986572265625,1586336,0.01580834921593266,0.015684698701428416,4191078411.1015625
2021-01-13,2651.5431316971785,2698.7178254513,2616.3247430246734,2648.9404296875,1424073,0.0026320563075048486,0.0026285985133788557,3772284544.526367
2021-01-14,2655.610414698243,2680.0111229496815,2633.690484833728,2656.911865234375,803208,0.0030092921145137286,0.0030047732584339982,2134052865.4511719
2021-01-15,2643.4099028864543,2660.3684735389716,2581.5947790035707,2605.18212890625,1199320,-0.019469872902073804,-0.01966190755778182,3124447030.8398438
2021-01-18,2602.742303297047,2617.016757831387,2506.9695201054133,2572.77001953125,1280163,-0.012441398632120904,-0.012519440810249702,3293564986.5131836
2021-01-19,2578.7478338550836,2635.8861512587487,2578.7478338550836,2629.501220703125,770832,0.022050630542644223,0.021811031202795164,2026903684.9570312
2021-01-20,2634.4627502951885,2677.977340335569,2627.3865856481702,2664.231689453125,841752,0.013208006323234711,0.013121541130777722,2242622353.060547
2021-01-21,2664.2316606084823,2721.491900911372,2618.7648955406444,2641.213623046875,1300181,-0.008639663921636953,-0.008677202186358526,3434055769.626709
2021-01-22,2655.6104416435965,2833.6949061242663,2650.6488848194053,2744.998291015625,3813020,0.03929431041212994,0.03854193515496598,10466733383.608398
2021-01-25,2780.013168553609,2863.138203777117,2730.47981291708,2826.37451171875,2266967,0.029645271900339276,0.029214346710286058,6407297747.70752
2021-01-27,2806.081151759578,2833.7352848493824,2708.4376215322104,2731.69970703125,1333633,-0.03349690718443654,-0.0340707803227686,3643084875.387207
2021-01-28,2715.7574341943755,2817.5491488578937,2704.5330715218915,2763.298095703125,1986409,0.011567299506070272,0.011500909773270382,5489040206.987549
2021-01-29,2781.5989648827385,2834.548574352387,2624.21441706719,2648.33056640625,1718833,-0.04160518529493695,-0.04249546200175784,4552037972.447754
2021-02-01,2684.077746731016,2733.5298855369942,2616.772463839503,2717.140625,1285163,0.025982428125324475,0.025650620018411775,3491968597.046875
2021-02-02,2765.413690434277,2765.413690434277,2652.357071913582,2679.075927734375,1751516,-0.014009100933311092,-0.014108154577587705,4692444352.641602
2021-02-03,2681.271560467112,2783.307137466378,2658.0501827119006,2749.796875,1077971,0.026397515103437907,0.026055113333738136,2964201287.140625
2021-02-04,2798.7608924703404,2858.949298760025,2768.7481044390524,2798.516845703125,2425660,0.017717661673873675,0.017562533564398415,6788250371.948242
2021-02-05,2846.749036006898,2895.5504480527306,2737.7592157712056,2789.163330078125,2719249,-0.003342311710348156,-0.0033479097111221512,7584429596.151611
2021-02-08,2828.8553057101662,2852.361240753186,2777.939084205607,2842.682373046875,1004959,0.019188206868921753,0.01900643480033431,2856779234.9348145
2021-02-09,2815.027983331923,2877.656459124052,2811.2459535089192,2846.301513671875,1543021,0.0012731428102257247,0.0012723330511378815,4391903007.92749
2021-02-10,2838.6149393961828,2902.666780793733,2834.7514949944257,2878.4287109375,1477082,0.011287348550849563,0.011224121762548098,4251675237.2089844
2021-02-11,2866.269186564662,2890.669889060956,2825.235378248079,2880.5029296875,757116,0.0007206079977308821,0.0007203484844517645,2180874856.1132812
2021-02-12,2875.98934026013,2911.8177520354834,2849.107854538517,2859.5595703125,566161,-0.007270730107284407,-0.007297290686943689,1618971105.8876953
2021-02-15,2895.4101722100067,2909.684069595045,2864.7461426357863,2875.866455078125,809861,0.005702586137711796,0.005686387945265654,2329052083.1760254
2021-02-16,2879.6840775006735,2892.3812841275712,2848.1486322715596,2872.671630859375,759332,-0.001110908405746236,-0.001111525921867478,2181311494.803711
2021-02-17,2874.2481964650797,2983.418964317867,2869.10298035826,2974.290283203125,1946207,0.035374266676400534,0.0347629716674425,5788584569.201904
2021-02-18,2970.680240832328,3011.6764396391636,2909.5596520595104,2923.543212890625,1701157,-0.017061909054098323,-0.017209140527429594,4973406001.411377
2021-02-19,2923.543340242227,2923.543340242227,2796.6960794531283,2813.044677734375,995322,-0.03779610120658883,-0.038528897767591955,2799885254.7319336
2021-02-22,2821.59248211466,2848.936992265427,2780.2228760030257,2833.335205078125,921345,0.007213012827116616,0.007187123469064446,2610479224.522705
2021-02-23,2833.3351509492236,2887.6094327504425,2802.5467198411675,2826.115234375,1069537,-0.0025482232706475205,-0.002551475517708652,3022634809.4277344
2021-02-24,2854.7871012373453,2904.579899514741,2781.010852832637,2856.114990234375,823330,0.010615192011450114,0.010559246427880779,2351525154.909668
2021-02-25,2863.0863473322743,2871.3851483390345,2823.459572524994,2850.14013671875,897962,-0.0020919513171052673,-0.002094142503698952,2559317537.448242
2021-02-26,2825.741745638788,2841.218928488956,2655.450389330592,2675.533447265625,1880371,-0.06126249274681017,-0.0632193838451366,5030995503.768311
2021-03-01,2701.2598554963233,2790.9284451380536,2697.110454796636,2780.264404296875,1176879,0.039143953568692824,0.03839725263414727,3272034791.864502
2021-03-02,2781.7581131252346,2896.2815676632067,2781.3431730725606,2884.9951171875,1402320,0.03766933559583929,0.036977174836726336,4045686352.734375
2021-03-03,2912.879199534469,2913.626010593934,2816.613106330481,2841.800048828125,965062,-0.014972319399099931,-0.015085536072012238,2742513238.722168
2021-03-04,2819.932469170898,2871.3850333523565,2795.2435371644724,2838.0654296875,934953,-0.0013141737900120853,-0.001315038073682878,2653457787.682617
2021-03-05,2834.0407791793614,2897.5266121536574,2816.61329561779,2872.796142578125,1017875,0.012237460252792376,0.012163187859123894,2924147373.626709
2021-03-08,2872.754321216512,2895.866562675166,2840.430532359523,2874.6630859375,749107,0.0006498697668466669,0.0006496586929318227,2153430240.317383
2021-03-09,2875.5760972524963,2896.2815653428415,2835.2853776486586,2862.132080078125,564852,-0.004359121568254465,-0.004368650239852317,1616681029.696289
2021-03-10,2862.2564989806265,2883.8333818375404,2828.10701350199,2837.650634765625,787897,-0.008553569376795411,-0.008590361101950822,2235776422.1799316
2021-03-12,2784.247613261378,2837.359937329553,2746.903010400942,2780.5546875,1098158,-0.02012085158268284,-0.02032603286331507,3053488374.515625
2021-03-15,2788.3976180029886,2796.1984112484565,2691.301629518956,2708.853515625,781236,-0.025786643290035993,-0.026124947264384087,2116253885.1328125
2021-03-16,2737.7331724397372,2738.60458714805,2695.45081789602,2701.301513671875,523881,-0.002787896026700598,-0.0027917894468124267,1415160538.2839355
2021-03-17,2702.9194164927817,2721.093709174457,2634.86925003518,2647.77392578125,991815,-0.019815480656161566,-0.020014439996190722,2626101896.1987305
2021-03-18,2670.3047649207033,2670.3047649207033,2549.640297152005,2578.60302734375,1472097,-0.026124170860656326,-0.026471468949786935,3795953780.7436523
2021-03-19,2560.1801826199953,2599.2260829769057,2519.5160565427245,2588.5205078125,1554560,0.0038460671780744526,0.003838689971144167,4024010440.625
2021-03-22,2598.8525390256495,2609.1014364470343,2556.984926912482,2569.184326171875,619756,-0.0074699742892767595,-0.007498014273129697,1592267401.2509766
2021-03-23,2579.1845802048756,2599.184773972235,2539.889874487242,2545.615966796875,944310,-0.00917347935487256,-0.009215814824546571,2403850613.605957
2021-03-24,2546.072259217086,2560.9685671483153,2508.7276530682043,2517.73193359375,975533,-0.010953746977872436,-0.01101418098875456,2456130586.3745117
2021-03-25,2517.109496647499,2530.8025187560593,2429.1422031015954,2441.216796875,1075251,-0.03039050174397806,-0.030861867658939852,2624920802.0566406
2021-03-26,2466.4035866017343,2475.366331946674,2432.378503475667,2438.021728515625,611318,-0.0013088015630012828,-0.0013096587918101782,1490406567.0327148
2021-03-30,2435.6564810317664,2470.013637636795,2420.4283032485405,2459.64013671875,899455,0.008867192589086192,0.0088281099027674,2212335619.1723633
2021-03-31,2452.793436959198,2458.104587976678,2408.3117874099657,2417.9384765625,1212659,-0.016954374558174834,-0.017099745423966264,2932134855.0498047
2021-04-01,2447.3162666975877,2493.7480149593257,2434.03818590167,2453.20849609375,1067722,0.014586814293716888,0.014481450100812957,2619344681.866211
2021-04-05,2457.274707304396,2467.1917328931063,2378.9341154768713,2395.780517578125,1152927,-0.02340933459470229,-0.023687685658195647,2762160044.789795
2021-04-06,2406.652440100184,2429.8890843494273,2380.096275243906,2396.65234375,788062,0.00036390068517477836,0.0003638344893790864,1888710639.3203125
2021-04-07,2390.0548386834403,2447.2335001353485,2385.946972450945,2441.175537109375,649751,0.01857724315981102,0.018406793926641907,1586156246.4123535
2021-04-08,2463.913752321337,2481.631771596729,2417.772342673091,2429.888671875,953450,-0.004623536924239335,-0.004634258531680814,2316777354.1992188
2021-04-09,2429.888936588139,2446.4865386140145,2407.606574825423,2417.357666015625,557093,-0.005157028799062435,-0.005170372166602593,1346693034.2336426
2021-04-12,2385.075282166825,2398.3118285453247,2274.7843037108537,2312.12890625,859305,-0.04353048836958695,-0.04450636553884421,1986823929.7851562
2021-04-13,2322.8345866910286,2389.225000029822,2301.4651723976044,2377.897216796875,714921,0.02844491514685643,0.028047870238900496,1700008656.1296387
2021-04-15,2366.8177236598194,2398.353163175623,2340.261564067563,2375.572998046875,683426,-0.0009774260777893895,-0.0009779040701516771,1623528351.7631836
2021-04-16,2355.4073640125334,2427.3579333597586,2355.4073640125334,2402.378662109375,709663,0.011283873021177948,0.011220685018630702,1704879248.4885254
2021-04-19,2291.5893070316183,2342.377924460231,2276.443996450094,2311.67236328125,740714,-0.037756869996706355,-0.03848812635710274,1712288082.8955078
2021-04-20,2357.89695656403,2364.204126694522,2324.3698798260407,2343.33251953125,740095,0.013695780056417917,0.013602840485860057,1734288681.0424805
2021-04-22,2284.9089031993935,2392.1709053426835,2282.1702583678634,2366.112548828125,1436707,0.009721210757332788,0.009674263797028895,3399410461.689209
2021-04-23,2338.6023367361545,2384.909691093658,2333.6645902088253,2376.818359375,682515,0.004524641294928022,0.004514435877825992,1622214182.5488281
2021-04-26,2373.498693731694,2388.726872471905,2348.5607554360504,2377.233154296875,831133,0.0001745168789355489,0.0001745016526365039,1975796923.2302246
2021-04-27,2385.9052105012315,2439.017535187172,2381.9632801534467,2411.216552734375,811184,0.014295357767526662,0.014194142604883815,1955940288.1132812
2021-04-28,2429.8890578278515,2497.1093493866138,2419.1421505013677,2428.436767578125,1389833,0.007141712271434786,0.007116331016450998,3375121557.993408
2021-04-29,2459.598560705491,2459.598560705491,2365.1997039435873,2373.5400390625,1009327,-0.022605788731478227,-0.022865216745448693,2395678047.006836
2021-04-30,2352.5441415783826,2373.457079519795,2327.8136741444146,2339.556396484375,670258,-0.014317703522518932,-0.014421190827636952,1568106391.1948242
2021-05-03,2307.0250545738313,2363.4984337241563,2295.9876091476626,2318.0625,668727,-0.009187167497510917,-0.009229629793064261,1550150981.4375
2021-05-04,2318.6850610116367,2340.0544741544604,2296.070827685736,2304.36962890625,642256,-0.0059070327455579275,-0.005924548274081436,1479995220.3828125
2021-05-05,2312.7929414402465,2323.6644526007562,2297.108287428176,2313.871826171875,365152,0.004123556024358432,0.0041150774670943024,844914925.0703125
2021-05-06,2338.602084476359,2424.909613498907,2325.4484040583106,2417.689697265625,2249529,0.044867598075001736,0.04389017698290286,5438663087.000244
2021-05-07,2447.274945467818,2485.4909656108034,2340.2619442479017,2374.12109375,2287493,-0.018020759059733993,-0.01818511042314561,5430785383.105469
2021-05-10,2374.1206332659535,2389.224408036679,2348.5602899422724,2353.78857421875,781259,-0.008564230183867427,-0.008601113941498989,1838918507.7055664
2021-05-11,2348.9753511604536,2359.888192169334,2324.576960087501,2355.489990234375,684120,0.000722841479587677,0.0007225803555120026,1611437812.1191406
2021-05-12,2356.693550248003,2371.7973275577065,2336.112483231261,2356.98388671875,486996,0.0006342189907699858,0.000634017958900188,1147841724.8964844
2021-05-14,2356.983587722016,2366.7346776672616,2325.9461569392674,2333.9130859375,518143,-0.009788272593313163,-0.009836492652228255,1209300728.086914
2021-05-17,2352.709966496355,2393.7059603545868,2334.4526052043198,2369.10009765625,926624,0.015076401915204984,0.014963882483755934,2195265008.890625
2021-05-18,2386.9008671816073,2423.0006479635713,2370.593805871346,2412.419677734375,1288013,0.01828524684160926,0.018120082063042494,3107227906.3776855
2021-05-19,2419.1005859375,2443.1255752489046,2401.673103157161,2419.1005859375,717841,0.002769380578672598,0.002765552909497788,1736529583.709961
2021-05-20,2416.071406096552,2420.594211925226,2374.909273866788,2377.689453125,637388,-0.01711840055482916,-0.017266614263217794,1515510725.1484375
2021-05-21,2385.07562603993,2398.436777917725,2352.7102991729994,2393.706298828125,1658538,0.006736306830176675,0.00671371929628814,3970052857.445801
2021-05-24,2423.249830832585,2459.51554976568,2400.0131886191216,2407.025634765625,1587246,0.005564315030637035,0.005548891417865658,3820541810.679199
2021-05-25,2427.316095754941,2443.8723649649346,2412.793194768937,2431.299560546875,501532,0.010084614567727135,0.010034104143817817,1219374531.2001953
2021-05-26,2441.507463759565,2478.644601422121,2423.665040078113,2460.345703125,817054,0.011946755985754232,0.011875956818880947,2010235298.1210938
2021-05-27,2464.743680913848,2513.250127984758,2435.822280921433,2482.420166015625,2097924,0.008972098052150601,0.008932087918901268,5207928844.368164
2021-05-28,2510.387379360926,2517.358291371377,2453.5821252982,2482.6279296875,1077246,8.369399939600619e-05,8.369049724864319e-05,2674401006.7441406
2021-05-31,2480.5117194805953,2502.0886029555018,2456.4451956047383,2495.864501953125,662303,0.005331677819032432,0.0053175147445124185,1653018547.2370605
2021-06-01,2503.3334386416605,2535.283823984841,2461.424491633073,2470.345703125,971553,-0.010224432779966763,-0.0102770613315245,2400071778.908203
2021-06-02,2466.4040904189224,2483.831575580025,2441.5907521134877,2466.902099609375,793261,-0.001393976361797833,-0.0013949488507025507,1956897226.4382324
2021-06-03,2476.362163191287,2501.2585656362394,2458.104801398322,2496.56982421875,851280,0.012026308062274893,0.011954566636348102,2125279959.9609375
2021-06-04,2493.7896814623064,2535.28368614554,2493.6652804912346,2529.806396484375,1023321,0.013312895134437452,0.013225057271391873,2588804011.456787
2021-06-07,2543.790151024443,2553.209371848563,2523.4580871796998,2533.001708984375,612460,0.0012630660213526212,0.0012622690245013115,1551362226.6845703
2021-06-08,2537.7733161910146,2554.3709179973653,2523.126013639888,2536.072021484375,555729,0.001212124132845993,0.0012113901034858708,1409368768.4274902
2021-06-09,2536.0721478764235,2564.3296068815116,2498.43720546935,2509.142578125,845692,-0.010618564114599938,-0.010675343366981815,2121961805.1796875
2021-06-10,2521.9642450073384,2526.0721112343513,2488.81057348787,2497.109375,567660,-0.004795743067734337,-0.004807279542277067,1417509107.8125
2021-06-11,2505.407906000235,2521.1756271708227,2485.4907845215976,2493.250244140625,467264,-0.0015454392578919673,-0.0015466346809364351,1165006082.078125
2021-06-14,2497.9393529694694,2503.706979724766,2442.3373806608465,2477.731689453125,489598,-0.006224226679199196,-0.006243677932754471,1213092479.692871
2021-06-15,2477.192070278854,2510.387273900681,2466.6526336504126,2495.490966796875,454939,0.00716755467080854,0.007141989836374317,1135296164.9436035
2021-06-16,2496.2792691830587,2501.9640287479447,2464.743826287794,2469.22509765625,444814,-0.010525331283542605,-0.0105811143516335,1098345892.5888672
2021-06-17,2445.6564880111296,2455.573514008725,2408.31188605643,2418.353515625,782315,-0.020602245651697215,-0.02081743260167963,1891914230.5761719
2021-06-18,2418.3536489824387,2443.99686269576,2366.818014400104,2399.473876953125,904203,-0.007806815070622863,-0.00783744778483994,2169611477.9626465
2021-06-21,2381.7560590913313,2417.440905969703,2377.606658291521,2402.378662109375,577938,0.0012105925320340383,0.0012098603557465862,1388425919.222168
2021-06-22,2407.48162741154,2441.548238358819,2403.788702320479,2412.50244140625,522538,0.004214064775278192,0.004205210470672652,1260624200.727539
2021-06-23,2455.573405865124,2485.4906206349865,2424.0795001251404,2430.17919921875,1911546,0.007327146082470426,0.007300432955570489,4645399327.549805
2021-06-24,2439.847252849973,2439.847252849973,2401.2578320140806,2412.419677734375,844653,-0.007307906137162368,-0.0073347396945558415,2037657518.057373
2021-06-25,2413.291616229737,2447.565708934961,2408.2708005094155,2439.183837890625,631005,0.011094321772978422,0.011033231208811643,1539137197.6281738
2021-06-28,2453.9554451742074,2455.1171962662456,2431.0506734694745,2442.87646484375,407079,0.0015138780832191223,0.0015127333249976475,994443708.4321289
2021-06-29,2442.876849861251,2454.4123065843223,2419.100862393921,2429.474365234375,470337,-0.005486196212640793,-0.005501300656374691,1142671684.5212402
2021-06-30,2427.3995378100017,2431.5489387293346,2404.494763692295,2408.810302734375,758083,-0.008505569268686841,-0.008541948051361752,1826078140.7277832
2021-07-01,2410.801804593937,2445.656770443488,2410.801804593937,2425.32470703125,634751,0.0068558343004963,0.006832439932924016,1539477283.112793
2021-07-02,2456.4450932155023,2463.872479580594,2412.5858489372404,2423.12548828125,928741,-0.000906772913179088,-0.0009071842804337152,2250455989.1118164
2021-07-05,2437.274764375346,2449.72296577181,2427.48234136275,2438.229248046875,480881,0.006233172750924387,0.006213826878809023,1172498119.0300293
2021-07-06,2437.357567309802,2451.465527352113,2416.9424382056072,2422.627197265625,452807,-0.006398926923605663,-0.006419487815186338,1096982553.3122559
2021-07-07,2422.419942559684,2424.9095827884194,2399.34923591858,2417.731201171875,668763,-0.0020209449061233675,-0.0020229897707838562,1616889171.2893066
2021-07-08,2415.7809408522094,2435.5736620323646,2398.477859940881,2406.984130859375,524837,-0.004445105521776349,-0.004455014378170741,1263274330.2878418
2021-07-09,2406.984028662534,2422.9592197092284,2386.7765709029954,2403.99658203125,328728,-0.0012412000518916555,-0.0012419709786583174,790260988.4179688
2021-07-12,2418.2708387404055,2428.229400876605,2402.586184418878,2405.15869140625,392467,0.00048340724928075396,0.00048329044563739465,943945416.1401367
2021-07-13,2422.4195735689555,2422.4195735689555,2403.5813392291784,2410.054443359375,317264,0.0020355213860181465,0.0020334525193675115,764623512.9179688
2021-07-14,2423.2498806735007,2423.2498806735007,2403.332758366595,2407.233154296875,429264,-0.0011706329167266993,-0.0011713186426473563,1033338532.7460938
2021-07-15,2414.9511160146403,2417.772627340888,2391.756007500869,2393.91357421875,349469,-0.005533149148577388,-0.005548513720851524,836598582.8686523
2021-07-16,2395.8636541784595,2413.8304758417444,2390.0544939501083,2410.552490234375,459445,0.006950508236729158,0.006926464799469352,1107516288.8757324
2021-07-19,2395.034072291871,2402.0049843906945,2381.8390591735774,2395.947021484375,338468,-0.006058971463666407,-0.006077401513740317,810951396.4677734
2021-07-20,2396.6939131846602,2405.822594986956,2346.9011033539537,2356.02978515625,481836,-0.01666031676418067,-0.016800660809279118,1135219967.5605469
2021-07-22,2382.1186503663225,2392.159461310474,2357.8776830083566,2384.807373046875,613062,0.012214441460771441,0.012140447094571826,1462034777.7348633
2021-07-23,2394.722538766722,2406.44382853836,2370.3135615596066,2382.076904296875,430659,-0.0011449431014260991,-0.0011455990495088057,1025862857.5275879
2021-07-26,2377.875967440619,2381.1109690975436,2359.390712570056,2361.28125,313614,-0.008730051603020428,-0.008768381749339946,740530857.9375
2021-07-27,2370.9856072253597,2374.724628417082,2344.6860948599265,2347.5009765625,427442,-0.005835930572649861,-0.005853026160364149,1003420512.4238281
2021-07-28,2349.559675265473,2357.6678972091895,2319.899206140844,2333.93115234375,415048,-0.005780540393478639,-0.005797312382436745,968693456.9179688
2021-07-29,2339.896626054985,2339.896626054985,2302.253893628238,2307.043212890625,611448,-0.011520450989363606,-0.011587325497333819,1410636958.4355469
2021-07-30,2322.419913209171,2354.348985822033,2307.043503002537,2321.831787109375,745920,0.006410185182539552,0.006389727324731373,1731900766.640625
2021-08-02,2327.5453926318587,2349.979725739956,2323.4701527287334,2337.712158203125,464874,0.0068395872525808254,0.0068163033834320414,1086741601.8325195
2021-08-03,2339.4769338640085,2371.153895623759,2339.4769338640085,2368.71728515625,530085,0.013263021644613904,0.013175837807743175,1255621502.1020508
2021-08-04,2379.3878684742017,2381.4884651154252,2353.508476827047,2357.28955078125,308031,-0.0048244399813404115,-0.004836115157835131,726118257.6166992
2021-08-05,2357.709990598317,2379.304085978152,2340.064976413511,2368.465087890625,316844,0.0047408419155259285,0.004729639516408243,750433952.3076172
2021-08-06,2377.876142874558,2395.563213162453,2362.499729615958,2381.069091796875,445529,0.005321591595625064,0.005307481962072123,1060835331.3991699
2021-08-09,2394.6801738930585,2408.039886492853,2373.6742074554,2383.1689453125,422204,0.0008818952473321762,0.0008815066061956058,1006183461.3867188
2021-08-10,2389.512909459654,2389.512909459654,2344.265973402328,2350.189697265625,574570,-0.013838401222767915,-0.013935044525341667,1350348494.3579102
2021-08-11,2361.0709510407487,2365.1461911424863,2311.706923149772,2337.208251953125,551805,-0.00552357340669285,-0.005538884746518064,1289683199.4689941
2021-08-12,2352.668641875581,2353.7189403764187,2331.662671858835,2338.342529296875,410605,0.0004853129124466893,0.0004851951862230265,960135134.2419434
2021-08-13,2350.0223152808344,2364.7683442793164,2312.3375175067117,2329.310302734375,1083905,-0.0038626618852183325,-0.00387014122997044,2524751083.6853027
2021-08-16,2331.663190009265,2334.0998010181092,2303.7672966551872,2308.4306640625,396756,-0.008963871686552216,-0.009004288895429303,915883716.5507812
2021-08-17,2314.0174304432626,2344.266024305266,2279.567642989314,2338.04833984375,877329,0.0128302210858382,0.012748611107381217,2051237611.9467773
2021-08-18,2344.686572115919,2348.467647039596,2312.7574949826435,2322.084228515625,613650,-0.0068279646130806615,-0.006851381818901701,1424946986.8286133
2021-08-20,2252.8477704952556,2303.094081524415,2252.8477704952556,2266.543701171875,809463,-0.023918394803126408,-0.02420908418228053,1834683263.9816895
2021-08-23,2269.4850279669695,2277.8033101393044,2232.0944008864326,2252.34423828125,758426,-0.0062648087849722645,-0.006284515046614808,1708236431.2626953
2021-08-24,2252.6801750173945,2264.443517967877,2228.313250334252,2248.35302734375,567946,-0.0017720252835533579,-0.001773597177587923,1276943108.4677734
2021-08-25,2254.3607942808303,2275.366765155605,2243.437689425947,2246.756591796875,407780,-0.0007100466552447671,-0.0007102988577618484,916182403.0029297
2021-08-26,2247.638732189483,2251.839926081426,2220.3309718918536,2224.57421875,445529,-0.009873064633643458,-0.009922126530893612,991112327.1054688
2021-08-27,2224.9523146773154,2251.7558500087757,2214.8694492029467,2246.840576171875,517155,0.010009267047240478,0.00995950610537283,1161964838.170166
2021-08-30,2251.839884943833,2293.0115843327317,2251.839884943833,2290.700927734375,518747,0.01952090060489664,0.01933281166077851,1188294234.1594238
2021-08-31,2291.3309668265806,2307.295502349025,2269.568866247916,2303.80859375,708031,0.005722120184667334,0.005705811040641536,1631167902.4414062
2021-09-01,2318.21924893569,2322.4204436601112,2294.3565449555613,2302.968994140625,442282,-0.0003644398287482309,-0.0003645062530815586,1018561732.6665039
2021-09-02,2289.650636642472,2301.288025602543,2270.829370344455,2294.14599609375,422436,-0.003831140614277917,-0.0038384982315371754,969129858.0058594
2021-09-03,2295.5322368625884,2364.389760553787,2295.5322368625884,2352.206298828125,981491,0.0253080243512116,0.024993079007973745,2308669312.443115
2021-09-06,2373.50674693047,2377.8759479276428,2353.509021252766,2367.120849609375,580935,0.006340664417351594,0.006320646976083726,1375143350.7678223
2021-09-07,2368.0029713774948,2373.6745832134916,2345.106464335878,2350.778076171875,311022,-0.006904072278437701,-0.006928015653618723,731143698.8071289
2021-09-08,2351.828055507038,2360.9026742404535,2335.8635206536496,2351.281982421875,341207,0.00021435721861950974,0.0002143342473935627,802273871.3762207
2021-09-09,2338.384764654003,2357.9623712639136,2321.5799873298633,2349.89599609375,403669,-0.0005894598514710747,-0.0005896336512313327,948580166.847168
2021-09-13,2327.461133571033,2363.5072907331523,2327.461133571033,2344.097900390625,279930,-0.002467383966253456,-0.002470432974487203,656183325.2563477
2021-09-14,2352.6685828414265,2403.923148396186,2352.6685828414265,2396.10888671875,880592,0.02218806062641754,0.021945487207931987,2109994316.7734375
2021-09-15,2403.082759168277,2424.0887273428248,2403.082759168277,2415.644287109375,681873,0.008152968547842976,0.008119912647374748,1647162616.9841309
2021-09-16,2427.4500778217075,2458.5389157861946,2421.484299833405,2453.83349609375,1118060,0.015809119408914718,0.015685456908122297,2743533078.642578
2021-09-17,2471.142105143081,2482.443275035274,2433.8774354098045,2463.6640625,1024040,0.004006207602063938,0.003998204121005199,2522890546.5625
2021-09-20,2453.4971549738275,2453.4971549738275,2414.468105984489,2427.869873046875,442234,-0.014528843440125061,-0.014635420641240043,1073686605.4370117
2021-09-21,2428.2900785863117,2432.4912724939004,2364.767944649001,2395.05859375,580932,-0.013514430761356389,-0.01360658186909272,1391366178.984375
2021-09-22,2394.68034615629,2403.0827333357856,2373.7584841339076,2392.32763671875,561230,-0.0011402464383862831,-0.001140897013947741,1342646039.555664
2021-09-23,2394.6803948933143,2421.5680344149237,2392.3697383719264,2397.2431640625,448036,0.0020547049109427284,0.002052596891884725,1074051238.2539062
2021-09-24,2394.6806517872815,2405.0156303643867,2367.246936199449,2380.774658203125,603710,-0.0068697686184936435,-0.0068934741087999215,1437297468.9038086
2021-09-27,2387.118347797496,2460.2191208557088,2387.118347797496,2447.573486328125,1187306,0.0280576021316592,0.027671198665175253,2906018685.758301
2021-09-28,2460.176912973334,2469.4615918331283,2429.1301333751526,2453.959228515625,788979,0.002609009381401739,0.0026056118246475368,1936122298.1550293
2021-09-29,2449.2961476677997,2453.9595141220348,2407.704326292309,2425.05517578125,613787,-0.01177853828967601,-0.011848454823801681,1488467341.177246
2021-09-30,2400.8142809030974,2418.921467441641,2375.5230118467234,2379.976318359375,920513,-0.018588796606391678,-0.018763739665378892,2190799140.7419434
2021-10-01,2375.522810653912,2395.520532733121,2354.558896124654,2392.957763671875,329726,0.00545444305994125,0.0054396214566949045,789020391.5844727
2021-10-04,2404.385182387399,2411.485158639037,2394.6803840143743,2399.34375,386779,0.0026686581873998083,0.0026651036416466063,928015776.28125
2021-10-05,2397.201540054365,2402.7890465877153,2386.278434544128,2390.1015625,316991,-0.0038519647299392057,-0.0038594026526339456,757640684.3984375
2021-10-06,2386.278087973516,2394.6804756072256,2336.7040009346297,2351.114013671875,468624,-0.016312088757996057,-0.016446595608770386,1101788453.5429688
2021-10-07,2369.473462459141,2402.536941941999,2361.071074294392,2387.66455078125,552458,0.015546050466643146,0.01542644858929801,1319084382.3955078
2021-10-08,2409.5950136591955,2413.1660288481244,2386.278385072658,2388.04296875,300133,0.00015848874944612845,0.00015847619143112982,716730500.3398438
2021-10-11,2390.479277819434,2418.669329310985,2388.9668070205953,2401.234375,658779,0.005523940072529321,0.005508739069493391,1581882780.328125
2021-10-12,2414.7621649466273,2459.799045929226,2399.0917936428427,2450.682373046875,956819,0.020592741200814668,0.02038357733634976,2344859457.496338
2021-10-13,2458.5386871340174,2476.0577478716846,2442.6162031711483,2457.866455078125,754779,0.0029314619104712225,0.002927173554728499,1855145985.097412
2021-10-14,2465.2602198966683,2473.788560211557,2436.692105555671,2460.05078125,572466,0.0008887082401738411,0.0008883135728178766,1408295430.5390625
2021-10-18,2469.4614546009084,2478.704079983899,2433.4991984470835,2440.13720703125,440831,-0.008094781770574433,-0.008127722401779402,1075688125.112793
2021-10-19,2440.137340559247,2461.899441279132,2407.704044022305,2416.568603515625,447221,-0.009658720602969462,-0.009705668594418715,1080740227.4328613
2021-10-20,2405.603525681929,2416.526629361239,2354.3489622636275,2366.1123046875,424722,-0.0208793157184618,-0.021100371034270343,1004939950.2714844
2021-10-21,2382.077331361954,2382.077331361954,2289.6510504272746,2316.45458984375,737326,-0.020987048985533496,-0.021210407719446954,1707982196.9111328
2021-10-22,2330.8221742666706,2352.6683806584992,2291.7090214109426,2305.740966796875,387942,-0.004625008879452164,-0.00463573732523862,894493762.1411133
2021-10-25,2305.5730282895543,2314.7317535527636,2251.041616622052,2257.553466796875,326076,-0.02089892173228025,-0.021120395338150598,736134004.2392578
2021-10-26,2266.0395119587065,2275.366242941122,2256.0407541716813,2269.064453125,282346,0.005098876503889516,0.005085921252578194,640661272.0820312
2021-10-27,2280.366379700309,2293.3061821717088,2253.52078718894,2260.36865234375,444512,-0.0038323286803395584,-0.0038396908674632165,1004760990.390625
2021-10-28,2280.2401579512216,2280.2401579512216,2235.0352682650405,2241.547119140625,366561,-0.00832675377249159,-0.008361614841258153,821663753.5393066
2021-10-29,2252.680012058641,2271.039310175673,2217.389985760072,2232.598388671875,614962,-0.003992211625772457,-0.004000201775273246,1372963170.2944336
2021-11-01,2247.6386586627664,2262.594949456104,2219.9107798830014,2252.427978515625,502481,0.008881843659999333,0.008842632096211866,1131802263.0725098
2021-11-02,2264.4438845380305,2269.9474904795047,2248.9415175246063,2255.453369140625,813089,0.0013431686401772502,0.0013422673961041914,1833884324.4611816
2021-11-03,2266.1245352436586,2266.1245352436586,2218.2309132529695,2219.44921875,504184,-0.015963154407551916,-0.016091937923146754,1119010784.90625
2021-11-04,2226.6329337724674,2256.0412932751224,2226.6329337724674,2249.739501953125,93301,0.013647657692382076,0.013555367163729383,209902945.27172852
2021-11-08,2275.114821148684,2276.795298943252,2243.857975197008,2254.27685546875,644351,0.002016835065431266,0.0020148039840363193,1452545546.0981445
2021-11-09,2264.401635891843,2310.6568253687856,2254.865048076274,2280.702392578125,723569,0.01172240093104282,0.011654225855730402,1650245549.4953613
2021-11-10,2280.4082187783,2295.4904649754308,2270.199398895455,2284.44140625,390217,0.0016394132281540852,0.0016380708572212765,891427872.2226562
2021-11-11,2289.6509622353515,2289.6509622353515,2256.5456322121054,2269.401123046875,264937,-0.006583790313893112,-0.006605559061193627,601248325.3366699
2021-11-12,2285.4493682444577,2285.4493682444577,2251.839818711451,2254.402587890625,352693,-0.006609027819688862,-0.006630964149344556,795112011.9309082
2021-11-15,2298.053114375928,2339.897047577225,2256.8814132408565,2262.97314453125,2023708,0.0038016974814796267,0.003794489292735249,4579596856.373047
2021-11-16,2278.8958818445403,2326.6214919372087,2269.4852472814737,2311.4130859375,1246961,0.021405442447830714,0.021179563636860705,2882241973.053711
2021-11-17,2311.4128017164358,2330.5282341588327,2295.4064169012813,2310.110595703125,570038,-0.0005635038766109712,-0.0005636627045900397,1316850823.753418
2021-11-18,2319.0591486191056,2321.5798650849956,2241.0428919452274,2255.915283203125,559569,-0.023460051047255015,-0.023739619156335805,1262340259.1066895
2021-11-22,2256.040568986821,2267.1316771255156,2200.3327105577496,2213.692626953125,636253,-0.018716419257574723,-0.018893788058429565,1408468574.9768066
2021-11-23,2205.584782412256,2224.027982922714,2184.620865518508,2211.676513671875,626376,-0.0009107467119430224,-0.0009111616937109991,1385341087.9277344
2021-11-24,2223.6918969215303,2233.2705368110046,2195.5438982263213,2202.307861328125,564230,-0.0042359957642250645,-0.004244993011472555,1242608164.597168
2021-11-25,2218.2303375147526,2218.2303375147526,2168.7403563573425,2180.16748046875,625134,-0.010053263328054007,-0.01010413864231422,1362896817.7353516
2021-11-26,2167.8162163664765,2175.966492121652,2104.9242568719674,2125.300048828125,685448,-0.025166613176354713,-0.02548870789592966,1456782667.8691406
2021-11-29,2121.6030706554207,2124.9219730455948,2055.350156077607,2092.866943359375,594113,-0.015260483095849597,-0.01537812262657604,1243399458.3200684
2021-11-30,2080.4316535346265,2111.2263291949216,2036.7812808296399,2057.997314453125,1527406,-0.016661178111150643,-0.016801536750077502,3143397446.07959
2021-12-01,2083.791896290193,2083.791896290193,2047.70368653293,2057.072265625,769987,-0.00044948981304715474,-0.00044959086387518437,1583918902.5917969
2021-12-02,2040.099813796735,2086.4809546976126,2024.0511706039774,2077.658447265625,921229,0.010007515041952297,0.009957771461083025,1913999213.7160645
2021-12-03,2087.99356992404,2098.4545027179,2059.467501615746,2069.046142578125,499760,-0.004145197541412293,-0.004153812688641218,1034026500.2148438
2021-12-06,2079.3812544136995,2079.927327653741,2026.3620968349217,2033.378173828125,347297,-0.01723884645006324,-0.01738916541876353,706186139.6359863
2021-12-07,2045.9815582494748,2079.5911115677413,2041.8644700225607,2068.5,347226,0.017272648356283504,0.017125171948974033,718236981.0
2021-12-08,2067.113197646217,2100.5967925744153,2067.113197646217,2092.740478515625,308181,0.011718868027858376,0.011650733880708794,644942853.4094238
2021-12-09,2108.999134305286,2124.8795636604345,2084.9682254614304,2118.19970703125,402958,0.012165497240098855,0.01209209231714449,853545517.5458984
2021-12-10,2117.9901226039765,2138.2399618464447,2111.436218254465,2123.15771484375,327197,0.0023406706157318435,0.0023379355134171237,694690834.8237305
2021-12-13,2142.6088847617107,2144.289362318387,2092.194558061435,2096.395751953125,332491,-0.01260479271206405,-0.0126849070399912,697032719.9626465
2021-12-14,2083.791915286999,2090.5138246911506,2066.98714177662,2086.98486328125,365318,-0.00448908020496952,-0.004499186381813294,762413136.2841797
2021-12-15,2087.237153181029,2120.7625971270054,2080.5570910341967,2106.6044921875,470021,0.009400944516388732,0.00935703064420212,990148350.0224609
2021-12-16,2111.519884848541,2121.6027494001455,2066.399107007391,2076.31396484375,496003,-0.014378839243951447,-0.014483216510418345,1029857955.5043945
2021-12-17,2074.549495440358,2074.549495440358,2034.218035018674,2054.089599609375,492339,-0.010703759455785167,-0.010761456777218095,1011308419.3820801
2021-12-20,2045.9812212739923,2045.9812212739923,1940.9513844529454,1980.1484375,687713,-0.03599704809538806,-0.03666092223456616,1361773822.3984375
2021-12-21,2008.1708438421415,2008.1708438421415,1960.319282544404,1972.3765869140625,401977,-0.00392488282128467,-0.003932605387265754,792850023.2779541
2021-12-22,1978.7622957720787,1988.0049222066827,1963.8901106273172,1973.5528564453125,367785,0.0005963716762074078,0.0005961939172893947,725843137.3077393
2021-12-23,1987.1648780332514,2019.0939542976334,1976.6618924199677,2010.439453125,472868,0.018690452885121278,0.018517932708890867,950672483.3203125
2021-12-24,2027.4959499360937,2027.4959499360937,1996.9113438109289,2010.22900390625,343453,-0.00010467821770154817,-0.00010468369684854699,690419182.0786133
2021-12-27,2008.1706747266276,2025.1434569752757,1992.206137981939,2018.2535400390625,223494,0.003991851732921603,0.003983905432741194,451067556.67749023
2021-12-28,2019.93420381006,2037.5792197335254,2013.1281870421476,2031.529541015625,265463,0.006577964915302825,0.006556424513826739,539295926.5466309
2021-12-29,2034.2181828552827,2052.5354301552848,2024.97555583694,2044.5111083984375,270407,0.006390046081398593,0.006369716296484437,552850115.2886963
2021-12-30,2037.5790214436975,2048.3761717149873,2026.9500830358886,2043.3765869140625,366389,-0.0005549108927384028,-0.0005550649127687399,748670704.3028564
2021-12-31,2043.4611664608444,2086.8175791854064,2043.4611664608444,2068.75244140625,253608,0.012418589238369693,0.012342111075347266,524652169.16015625
2022-01-03,2069.5079740508672,2097.655971261872,2069.5079740508672,2080.935302734375,234912,0.005888989462578431,0.0058717171419685596,488836673.8359375
2022-01-04,2093.8752016820345,2097.740382423502,2074.045482886009,2087.909423828125,181575,0.0033514358108999165,0.003345832266358774,379112153.6315918
2022-01-05,2087.9516020995184,2111.478291170747,2082.069929831711,2105.638671875,294097,0.008491387530771721,0.00845553849541824,619262016.4824219
2022-01-06,2092.1946510901817,2108.15918858846,2070.3484418820112,2097.236083984375,406402,-0.003990517462876375,-0.003998500823257596,852320939.003418
2022-01-07,2108.159102192449,2113.620654270668,2085.4726550983096,2099.8408203125,308537,0.001241985271956736,0.0012412146462533772,647878587.1767578
2022-01-10,2091.60624456258,2171.1768087153873,2091.60624456258,2166.219482421875,783876,0.03161128284928583,0.031121932197973077,1698047463.0029297
2022-01-11,2171.722948332092,2178.024738798074,2151.683377732115,2157.943115234375,372092,-0.0038206503332925967,-0.0038279676616922525,802953369.6337891
2022-01-12,2163.6147274333202,2180.4195020153265,2152.691623955016,2176.638427734375,410716,0.008663487173511397,0.008626174518775134,893980228.4853516
2022-01-13,2183.7803709664695,2184.6206096624937,2159.4134487817723,2179.2431640625,243121,0.0011966784629620086,0.0011959630140081698,529819777.29003906
2022-01-14,2176.218017762782,2180.2512041511627,2146.809666171393,2159.1611328125,267065,-0.00921514018314662,-0.009257862249880277,576636367.9345703
2022-01-17,2183.780790547497,2289.1887141889983,2177.43694614636,2269.9052734375,2357848,0.05129035482439703,0.050018319034968076,5352091609.1640625
2022-01-18,2271.1653040087167,2291.3310336780505,2231.001851390012,2262.636962890625,1082632,-0.003202032539387889,-0.003207170015421199,2449603180.408203
2022-01-19,2264.443619278446,2302.2543661680675,2247.680895851333,2268.476806640625,763040,0.0025809901658016,0.002577665130710015,1730938542.5390625
2022-01-20,2268.644502066921,2318.428645306723,2265.325600211548,2276.584716796875,1022978,0.003574164890077558,0.0035677927416392424,2328896080.4194336
2022-01-21,2271.7532806380364,2333.34281697843,2232.724234935518,2310.740478515625,1170753,0.015003070813374597,0.0148916379210702,2705306347.4436035
2022-01-24,2302.2546083100015,2326.957550154805,2241.3793404423795,2273.8544921875,593277,-0.01596284250484925,-0.01609162096077423,1349025571.5615234
2022-01-25,2272.0900887740304,2343.426289242464,2229.02784520154,2337.586669921875,971148,0.028028256844642385,0.02764265385816664,2270142619.321289
2022-01-27,2296.372589077607,2327.4614239827924,2259.402082703873,2281.248291015625,559824,-0.0241010866596586,-0.02439627033022686,1277097543.2695312
2022-01-28,2285.617658028895,2314.858010771187,2237.5980902411566,2245.244140625,466238,-0.015782653090600562,-0.015908525315014136,1046818137.6367188
2022-01-31,2251.966075765493,2297.2550729426493,2251.966075765493,2289.062744140625,442531,0.019516186557523962,0.019328187863200362,1012981225.2272949
2022-02-01,2308.976167828,2327.2934142623626,2250.1594532181166,2291.12109375,414159,0.0008992106549476908,0.0008988066072445634,948888421.0664062
2022-02-02,2271.16560231565,2305.1111696630555,2266.9644080827316,2270.661376953125,283071,-0.008930002369882395,-0.008970113816476862,642758386.635498
2022-02-03,2272.25787198595,2367.750931405494,2255.200982987484,2337.124267578125,1436881,0.029270278386547943,0.02885008357391264,3358169454.721924
2022-02-04,2323.2602494661064,2335.8638312896114,2279.357772780897,2286.919921875,585251,-0.021481247873545883,-0.02171532817383232,1338422171.1972656
2022-02-07,2286.919692067783,2297.212616189334,2205.6265974751286,2224.994140625,688838,-0.02707824644739998,-0.027451617755812716,1532660513.8398438
2022-02-08,2235.4970447663004,2261.628344441519,2226.6324857297955,2245.07568359375,625615,0.009025436338052195,0.008984950506694402,1404553023.791504
2022-02-09,2252.175768221487,2299.397348084048,2246.0001367519462,2292.885498046875,359950,0.021295413247091277,0.021071834499195644,825324135.0219727
2022-02-10,2306.7914088756825,2311.4968279846707,2269.5269429640316,2297.296875,448648,0.0019239412333860173,0.0019220928288859588,1030677648.375
2022-02-11,2243.4375072404314,2308.1358922806985,2230.8339257390808,2284.273193359375,1235994,-0.005669133050392072,-0.005685263578124041,2823347961.3530273
2022-02-14,2252.6803207815155,2271.2915289564494,2210.4583192450473,2225.37255859375,576694,-0.0257852847622847,-0.026123552778469155,1283359002.305664
2022-02-15,2226.632851111687,2342.459853364653,2209.828074876882,2334.7294921875,1131545,0.049140955374615825,0.047971691573639265,2641851483.2373047
2022-02-16,2324.2681499150767,2390.142984214424,2324.2681499150767,2341.5771484375,1127829,0.0029329548767484948,0.0029286621561162877,2640898613.745117
2022-02-17,2352.66839952662,2413.4176995845346,2336.325797564332,2347.164794921875,1166885,0.002386274775573183,0.0023834321432240364,2738871391.722412
2022-02-18,2335.863881823988,2367.792956467625,2309.7744258576254,2330.864501953125,662754,-0.00694467342217131,-0.006968899895089635,1544789772.1274414
2022-02-21,2335.931475248461,2360.0212537797324,2305.9159630271406,2330.263427734375,522214,-0.0002578760877117725,-0.00025790934346744493,1216896185.650879
2022-02-22,2297.2848128454016,2363.4564834309776,2272.465168381427,2345.42138671875,644900,0.0065048263659668315,0.006483761283397329,1512562252.2949219
2022-02-23,2357.4447092060304,2372.4309733466644,2288.739581068878,2293.591796875,631227,-0.022098199554775877,-0.022346022531310523,1447777069.1660156
2022-02-24,2248.890404786438,2254.0432887417987,2095.50614184665,2138.790283203125,1934361,-0.06749305342074852,-0.0698786780771663,4137192511.00708
2022-02-25,2219.7767944977904,2226.0461794529087,2151.0716655023302,2197.18994140625,715496,0.02730499510015716,0.026938863586049223,1572080614.3164062
2022-02-28,2170.2232872096965,2187.356587016542,2137.631333200328,2177.480224609375,1008620,-0.008970420092247577,-0.009010896552953696,2196250104.145508
2022-03-02,2145.317401220049,2145.7468082258974,2079.1887223193507,2083.740478515625,855090,-0.04304964290115021,-0.04400376233458431,1781785645.7739258
2022-03-03,2096.3650185271777,2119.552997019695,2065.4477138704888,2076.096923828125,831912,-0.0036681893768963914,-0.003674933681524658,1727129944.0957031
2022-03-04,2061.1541989957836,2064.2460141628567,1976.217553580745,1984.9774169921875,1266961,-0.04388981351984367,-0.044882114747977174,2514888973.209839
2022-03-07,1966.5128394470228,1966.5128394470228,1863.7128194273084,1888.2747802734375,1284637,-0.04871724780893594,-0.04994393971190581,2425747648.906128
2022-03-08,1873.0735257826348,1940.2757281634192,1843.7451085482742,1933.7486572265625,1081826,0.024082234973524352,0.023796830984166437,2091979574.8527832
2022-03-09,1946.0730648244787,1984.3762637377044,1919.578561692955,1967.114013671875,670764,0.01725423638724899,0.017107072439773063,1319469264.2666016
2022-03-10,2018.2132088520348,2070.128481162477,1985.6212544986865,1993.0928955078125,716132,0.013206596900524614,0.01312015008009357,1427317601.4458008
2022-03-11,1990.7309572769607,2013.918936503224,1964.1936871421296,2002.0672607421875,467988,0.0045027330409948,0.00449262606655716,936943453.2202148
2022-03-14,2001.037152556466,2019.0722513563312,1960.0717557882037,2011.2569580078125,382149,0.004590104161744435,0.004579601759453822,768599835.2457275
2022-03-15,2013.9193715126714,2043.97786959495,1975.2727311211704,1991.0748291015625,612285,-0.010034585002127616,-0.010085270809303354,1219105251.7364502
2022-03-16,2018.3848072724343,2040.9716594927067,2005.3308752011235,2034.9599609375,493507,0.022040925431084935,0.021801535432871357,1004266985.4423828
2022-03-17,2046.5539844490115,2086.2741362663705,2039.683471702225,2078.244140625,781757,0.021270285665748068,0.02104723055978958,1624681904.6425781
2022-03-21,2090.997452553337,2102.3337557771665,2043.9773845680018,2053.896728515625,516893,-0.011715376280119316,-0.011784542033404736,1061644841.692627
2022-03-22,2065.447801359286,2091.2122229978636,2013.9619407191424,2081.464599609375,470208,0.01342222844557206,0.013332948342078545,978721306.453125
2022-03-23,2080.9065454138386,2095.334664097172,1998.6321134462733,2056.55908203125,1137046,-0.011965381291038524,-0.012037542669016129,2338402277.9873047
2022-03-24,2027.6601208927054,2084.5565558817534,2003.613325727523,2071.58837890625,692836,0.007307982059117757,0.0072814081474694555,1435271006.0878906
2022-03-25,2078.3302685731755,2093.788923463389,2032.59841452296,2042.603515625,467568,-0.013991613187439023,-0.014090418520584286,955056040.59375
2022-03-28,2035.389145554509,2059.3071989182913,2017.3540518597224,2042.2166748046875,493636,-0.00018938615220887023,-0.00018940408803076107,1008111670.4838867
2022-03-29,2048.2715477454994,2062.01257280375,1849.9284811045923,1898.5372314453125,2475877,-0.07035465194853341,-0.07295211174700014,4700544664.979126
2022-03-30,1932.3319275530007,1958.955167443731,1912.0638287998715,1950.9251708984375,3115035,0.02759384361045325,0.027219995198717577,6077200189.729614
2022-03-31,1958.0963979585472,1989.7865584253539,1958.0963979585472,1970.24853515625,1338490,0.009904718308039406,0.009855988094158066,2637157961.821289
2022-04-01,1876.5088008985517,1928.8964607863375,1846.450307520314,1923.872314453125,3541517,-0.023538259197054656,-0.023819709358255937,6813426507.465088
2022-04-04,1932.33175392188,1991.5899277088176,1932.33175392188,1985.363525390625,1417392,0.03196221000507471,0.031462048176770986,2814038377.9804688
2022-04-05,2000.9506973291034,2020.4887162450427,1988.1544523252426,2002.968994140625,715666,0.00886762979416389,0.008828543265043598,1433456808.1606445
2022-04-06,1999.3192781950756,2017.4831130266061,1980.8977571923813,2015.55078125,812337,0.0062815685845267755,0.0062619217648913015,1637306474.9882812
2022-04-07,2018.2128992160206,2033.8432720756716,2006.919578988962,2018.728271484375,853476,0.0015764873125172496,0.001575245960872811,1722936130.2333984
2022-04-08,2022.5070288154045,2043.9773794397718,2001.5090678390518,2028.9051513671875,694946,0.005041233149882807,0.005028568679246937,1409979519.3220215
2022-04-11,2025.0407390726955,2028.3042747060936,2002.0244784183426,2005.6744384765625,408871,-0.011449876242352164,-0.01151593077016961,820062113.3343506
2022-04-12,1996.6997123207832,1997.5585263831308,1962.8195394954505,1973.46875,502227,-0.016057286196968668,-0.016187601304444733,991129289.90625
2022-04-13,1968.0151620960364,1984.847789824738,1948.562900196829,1953.286376953125,426929,-0.010226852108438544,-0.010279505654771827,833914599.6262207
2022-04-18,1949.4220241481241,1970.9353590934718,1931.6016317337685,1962.733642578125,422209,0.004836600375893951,0.004824941601737497,828683808.4992676
2022-04-19,1982.1432404572379,1998.8901179221061,1925.8049431683858,1943.7113037109375,484466,-0.00969175768659114,-0.00973902844255198,941662040.463623
2022-04-20,1949.507885778875,1988.154517875813,1942.3367046212172,1953.6732177734375,424461,0.005125202515147587,0.00511211336870529,829258087.689331
2022-04-21,1959.813781049677,1993.951641609153,1955.519710539051,1990.430419921875,341987,0.01881440653126676,0.018639604709549458,680701328.0178223
2022-04-22,1970.9782169737355,1979.5663573527058,1952.6424533960749,1970.3341064453125,598737,-0.010096466209228883,-0.010147781216529326,1179711931.890747
2022-04-25,1948.047966312349,2003.5702111970586,1946.0726520480994,1965.48193359375,596296,-0.0024626142519129646,-0.002465651473751649,1172009015.0742188
2022-04-26,1984.7192744370848,2072.3183077527847,1976.3888200658519,2067.380126953125,1311255,0.051843871784189366,0.05054469245000693,2710862528.36792
2022-04-27,2052.5658427734375,2171.597569239664,2035.3895595703125,2147.035400390625,2082863,0.03852957296000259,0.037805840539077366,4471980595.163818
2022-04-28,2181.216386253157,2183.06275294773,2145.360892759452,2161.89306640625,1182758,0.006920084323212228,0.006896250431543584,2556996319.4365234
2022-04-29,2154.4211931678738,2191.6936422434155,2139.692405153239,2152.746337890625,839920,-0.004230888501266072,-0.004239864035289681,1808134704.1210938
2022-05-02,2112.853988319611,2151.8442665383036,2102.462465571066,2136.1279296875,667551,-0.0077196313892738955,-0.007749581981589973,1425974335.5908203
2022-05-04,2095.5065763449365,2164.2117099955904,2060.1234744491358,2069.312744140625,1263034,-0.031278644232065944,-0.03177826699128126,2613612352.48291
2022-05-05,2087.0039319051707,2179.7986144953593,2087.0039319051707,2148.451904296875,1675043,0.038244175695692606,0.03753099378093502,3598749323.1291504
2022-05-06,2069.741938697547,2232.0578002800517,2067.3801999708176,2201.441162109375,2491483,0.02466392554868091,0.024364681313305304,5484853230.895752
2022-05-09,2194.2702656061956,2198.5643365760707,2135.0120862219187,2140.80908203125,996952,-0.02754199436337812,-0.027928386286555418,2134283895.9492188
2022-05-10,2134.152821898883,2163.653167108375,2111.4802158285534,2121.055908203125,644415,-0.009226966567884132,-0.009269798701273339,1366840243.0847168
2022-05-11,2117.4062147391833,2163.696211979699,2067.9384375147147,2121.528564453125,575504,0.00022284007138706485,0.00022281524622631553,1220948174.9570312
2022-05-12,2111.8235718937317,2111.8235718937317,2036.2479418300277,2062.18408203125,966472,-0.027972511620258378,-0.028371194695504403,1993043174.1289062
2022-05-13,2073.992860477851,2147.0350342782763,2073.992860477851,2103.3642578125,691344,0.019969204563293763,0.019772435235790087,1454148259.453125
2022-05-16,2104.1374173965373,2157.2979235327175,2095.5062942094683,2143.513916015625,473407,0.019088304868734696,0.01890840884586566,1014754492.439209
2022-05-17,2159.9173656302632,2180.400164874681,2148.795765463187,2167.21728515625,517525,0.011058182997330412,0.010997488330303118,1121589125.5004883
2022-05-18,2168.806081025795,2193.5827398341958,2157.1691090574695,2180.52880859375,332168,0.006142219116040515,0.006123432576321133,724301893.2929688
2022-05-19,2155.7094114380266,2189.1171969142874,2147.5076946388817,2160.346923828125,556405,-0.009255500173208198,-0.009298598451815146,1202027830.152588
2022-05-20,2185.682142212827,2244.424949710601,2185.682142212827,2224.45751953125,751633,0.02967606498567421,0.029244252762134958,1671975678.777832
2022-05-23,2245.8419220840888,2318.755157511412,2241.9772585171686,2254.12939453125,744827,0.013338926340230817,0.013250746149490188,1678936434.5405273
2022-05-24,2258.6381895154727,2279.2927113700466,2244.4247736651473,2264.69287109375,616849,0.004686277810017403,0.004675331395465406,1396973532.8413086
2022-05-25,2267.440784886395,2292.389374665209,2218.8748090241143,2228.36474609375,525893,-0.016041082419469554,-0.016171133227747134,1171881421.4174805
2022-05-26,2239.7872390509438,2273.5816587541176,2211.446372912646,2264.220458984375,362813,0.01609059421420067,0.015962512714764,821488617.385498
2022-05-27,2271.6918957332487,2341.899944173771,2265.5514591571628,2335.802490234375,654718,0.031614426486592295,0.031124979501321662,1529291934.8012695
2022-05-30,2339.4096128072774,2393.9013256206536,2339.4096128072774,2379.387451171875,924244,0.018659523277212875,0.0184875701219297,2199134575.4208984
2022-05-31,2383.1232184171263,2413.224695266222,2363.5851971814063,2382.264404296875,1859231,0.0012091150281485774,0.0012083846372647087,4429179830.665283
2022-06-01,2404.593290302436,2404.593290302436,2345.850495213424,2368.265625,430807,-0.005876249198714212,-0.0058935822867555885,1020265409.109375
2022-06-02,2345.077861819507,2347.138931787858,2267.612662378293,2287.10791015625,1093645,-0.03426883960440463,-0.0348697853706841,2501284130.402832
2022-06-03,2297.327724358974,2309.09343562982,2211.575052349384,2218.9609375,753558,-0.02979613351588395,-0.03024905793456281,1672115766.140625
2022-06-06,2202.8579784281833,2228.1500095795614,2168.591382632302,2182.03173828125,965347,-0.016642563911177466,-0.01678260734000899,2106417792.4545898
2022-06-07,2168.5058534489654,2214.065988660665,2147.035498464322,2207.882568359375,550257,0.01184713752078026,0.011777509575439743,1214902838.4177246
2022-06-08,2219.1759401460586,2247.559791995914,2192.8533682230413,2220.8505859375,539786,0.005873508747234357,0.005856326940234353,1198784054.3808594
2022-06-09,2215.697310985117,2235.9654068418554,2198.5640122768496,2231.284912109375,327503,0.004698346767650907,0.004687343986271594,730752502.5705566
2022-06-10,2215.7403810074456,2245.28350221898,2211.8327349128595,2234.59130859375,324452,0.0014818351822445397,0.0014807383479089778,725017619.2558594
2022-06-13,2198.5641998800343,2243.480221366555,2178.425050217761,2231.88623046875,625967,-0.0012105471432726223,-0.0012112804473248208,1397087128.027832
2022-06-14,2229.4385709764542,2245.713057332259,2172.7998192045957,2196.503173828125,509259,-0.015853432024263037,-0.01598044182715677,1118589009.800537
2022-06-15,2204.575642032294,2256.963298504429,2196.502873919901,2237.46826171875,673444,0.018650138264644456,0.01847835697898374,1506809576.0449219
2022-06-16,2250.522656507362,2253.743209822341,2156.525482355128,2163.39599609375,493824,-0.033105392774644415,-0.033665778894314026,1068336864.375
2022-06-17,2162.4939194397252,2162.4939194397252,2108.9467760488938,2119.037841796875,725864,-0.020503945822664238,-0.020717070010621695,1538133283.9980469
2022-06-20,2108.474685967289,2148.280595685301,2090.267658401838,2106.28466796875,377385,-0.006018379462874868,-0.006036562901819376,794880239.4213867
2022-06-21,2116.9767444132267,2168.376851873325,2116.9767444132267,2146.34814453125,381831,0.019020922087011227,0.018842286009212134,819542258.3745117
2022-06-22,2142.7411699272748,2192.981794552824,2129.858958484826,2168.033203125,873408,0.010103234486447121,0.01005253799265938,1893577543.875
2022-06-23,2209.3423154603324,2307.332881153983,2209.3423154603324,2296.554931640625,1846048,0.05928033220633977,0.057589745664544154,4239550638.4453125
2022-06-24,2331.6805238149786,2376.9399896541913,2310.381889987281,2370.2841796875,1354569,0.032104282388840444,0.03159971078067802,3210713470.995117
2022-06-27,2393.9871909450303,2412.408710721313,2345.0777718342492,2366.462158203125,1005184,-0.0016124739460054993,-0.0016137753813272905,2378729898.03125
2022-06-28,2360.0212720991303,2398.4102224730086,2344.562617478394,2376.0810546875,714029,0.004064673694879062,0.0040564352256700735,1696590779.397461
2022-06-29,2353.193819581279,2391.582771227702,2344.562695197639,2363.800048828125,653929,-0.0051685971886974436,-0.005182000591621517,1545757402.130127
2022-06-30,2357.4448367582772,2381.4916329073594,2330.82159816465,2335.716796875,643735,-0.011880553081064282,-0.011951690850575656,1503582652.2363281
2022-07-01,2331.680164126664,2378.914937248935,2304.4987830984987,2373.59033203125,393346,0.016214951747113293,0.016084893459445783,933642262.7431641
2022-07-04,2361.7385701333965,2403.8204573830462,2352.2056505817554,2370.713134765625,499627,-0.0012121709575564354,-0.0012129062310164231,1184472291.383545
2022-07-05,2373.1612133312165,2379.6453021818866,2344.562659831948,2350.7890625,401190,-0.008404252700778492,-0.008439767556375767,943113063.984375
2022-07-06,2351.0035366680363,2440.7496077481496,2348.0836526737053,2431.98974609375,739745,0.03454188420776272,0.03395870477658239,1799052254.724121
2022-07-07,2453.632044832214,2463.7231111699034,2426.278730082333,2438.559814453125,382303,0.0027015197617210607,0.0026978772160076267,932268732.744873
2022-07-08,2446.245984480356,2473.34161111356,2421.0399165933973,2447.01904296875,532145,0.0034689444423252613,0.0034629415330534007,1302168948.6206055
2022-07-11,2417.5619221334355,2469.4342148534456,2411.5932055033068,2463.1650390625,428940,0.006598230667695049,0.006576557627299242,1056550011.8554688
2022-07-12,2451.484922883656,2477.29232930652,2433.8792332991,2469.52001953125,422887,0.0025800059549272447,0.0025766834530529495,1044327912.4995117
2022-07-13,2477.6787034440454,2483.5186813171217,2434.73799801174,2441.9091796875,539917,-0.01118065033908533,-0.011243623638346639,1318428278.569336
2022-07-14,2437.3144496752384,2461.361244809455,2380.6757009273215,2398.49609375,620757,-0.017778337662441523,-0.017938270705152595,1488883239.6679688
2022-07-15,2404.6369350964114,2418.8073703259715,2389.8653718217056,2404.722900390625,816619,0.0025961295733818446,0.002592765450209473,1963742410.1940918
2022-07-18,2430.4007391346618,2435.4678677496713,2409.1880743806946,2420.094970703125,369313,0.006392449753775287,0.006372104703956848,893772533.9152832
2022-07-19,2417.561637185515,2444.9149495245424,2390.4660110049804,2405.7099609375,661056,-0.005943985645094574,-0.005961721443580021,1590309003.9375
2022-07-20,2421.856080235142,2437.958846726067,2413.2679381066487,2427.653076171875,201509,0.009121263822603032,0.009079916333128353,489193943.72631836
2022-07-21,2421.855398419953,2451.0550734363637,2417.6043111974277,2445.73046875,314132,0.007446448075946188,0.007418860151520542,768282203.609375
2022-07-22,2448.5214978144186,2476.304002655648,2439.289248064077,2466.170166015625,576270,0.008357297554571375,0.008322568702107005,1421179881.5698242
2022-07-25,2469.090478700852,2469.777571898772,2431.6890836022503,2438.04443359375,421977,-0.011404619522794479,-0.011470150912826127,1028798675.9545898
2022-07-26,2439.032185854235,2445.6450128745555,2392.3555529359555,2405.32373046875,347002,-0.013420880552520775,-0.01351175455862272,834652145.1201172
2022-07-27,2404.671118003567,2424.6302806591184,2374.53671677114,2419.93408203125,498259,0.006074172626922225,0.0060557992050560405,1205753935.7788086
2022-07-28,2433.370739490526,2445.546290009778,2395.452511514955,2418.3251953125,294368,-0.0006648473322874437,-0.0006650684412829841,711877551.09375
2022-07-29,2435.1102984016,2475.8114701398376,2426.065687937444,2450.80810546875,400652,0.013431985995602469,0.013342576612292517,981921169.0722656
2022-08-01,2465.505292228485,2529.0356137810195,2452.503586954084,2470.593017578125,961562,0.008072811602518604,0.008040400773103777,2375628363.168457
2022-08-02,2457.808773788699,2460.2872404858003,2384.711947664792,2410.280517578125,1137765,-0.02441215512667605,-0.024715071847421676,2742332813.0822754
2022-08-03,2422.9348319909186,2441.8939481591765,2391.1043756141785,2436.7626953125,600314,0.010987176613361349,0.010927256093760293,1462822760.6738281
2022-08-04,2452.4165685222715,2459.417552176726,2416.9770215070666,2441.19775390625,396416,0.001820061757462632,0.0018184074520499998,967729848.8125
2022-08-05,2442.067853771509,2443.720165181401,2401.192786418496,2409.628662109375,512072,-0.012931804376093758,-0.013016148091648517,1233903368.2636719
2022-08-08,2409.019949348434,2429.283589221266,2374.2326576610917,2381.233642578125,675310,-0.011783981481359507,-0.01185396290765251,1608070891.1694336
2022-08-10,2422.065029310158,2422.065029310158,2376.754499846299,2413.759521484375,895054,0.013659255574364648,0.013566808827452622,2160445114.742676
2022-08-11,2426.717865406526,2450.7644938388084,2406.7584886149925,2422.325927734375,422152,0.003548989107552858,0.0035427063063840094,1022589735.0449219
2022-08-12,2426.36947834177,2430.7614153138115,2393.234718465244,2401.974853515625,435760,-0.008401459929789246,-0.008436951119270201,1046684562.1679688
2022-08-16,2439.4585889139876,2474.811085673694,2419.021057063906,2449.894775390625,1213957,0.019950217965380768,0.019753820188838863,2974066911.848877
2022-08-17,2448.1552263289927,2547.298990379261,2442.110977915438,2533.775390625,2510869,0.03423845631125144,0.03366536488665387,6361978081.283203
2022-08-18,2546.386185945133,2555.648429609937,2524.818022964264,2529.2099609375,805655,-0.0018018288852248432,-0.0018034541314611557,2037670651.0791016
2022-08-19,2532.514665467171,2554.1696681643716,2463.6794015743685,2468.723388671875,510610,-0.023915204035968807,-0.02420581523230198,1260554849.489746
2022-08-22,2465.5489763795013,2466.114184865702,2405.1495915394935,2418.19482421875,570304,-0.020467487238539306,-0.020679848925902026,1379106181.03125
2022-08-23,2413.3682476617487,2443.807126461086,2396.97465229277,2438.067138671875,396875,0.008217830198832488,0.008184247690366046,967607895.6604004
2022-08-24,2418.8905147717123,2455.9823732623677,2417.7163589480815,2440.632568359375,324008,0.0010522391474820925,0.0010516859319130547,790784477.2089844
2022-08-25,2442.1549289255545,2453.417272141217,2428.06590593631,2434.9365234375,363945,-0.0023338395937673173,-0.002336567242147644,886182973.0224609
2022-08-26,2465.5493908986136,2470.6804316852076,2449.9386356328373,2458.37451171875,475372,0.009625708126535404,0.00957967615587076,1168642408.3847656
2022-08-29,2425.4567485851103,2462.896612012745,2401.2797518302323,2458.63525390625,339203,0.0001060628420352927,0.00010605721776974262,833976454.0307617
2022-08-30,2471.6366483329616,2490.769655462914,2462.5485124111824,2467.89697265625,918526,0.0037670161669101088,0.003759938729820826,2266827534.7060547
2022-09-01,2452.5038280511235,2506.5980189566612,2428.935355270091,2501.771240234375,838699,0.013725965043696942,0.013632617208295048,2098233037.41333
2022-09-02,2511.903226209524,2512.511961305289,2452.5909406159712,2456.982666015625,776170,-0.017902745662131014,-0.018064938527571562,1907036235.8813477
2022-09-05,2459.4615850804357,2476.8552313681334,2442.1114653734144,2471.6806640625,930716,0.005982133390753708,0.0059643114708833505,2300432740.9335938
2022-09-06,2471.6803349627125,2495.770489398656,2459.28736363283,2492.987548828125,481401,0.008620403547845212,0.00858346002938581,1200126698.9934082
2022-09-07,2469.8975289265695,2500.336406923904,2462.0703888701123,2482.725341796875,551689,-0.00411642931633327,-0.004124925134463469,1369692261.0905762
2022-09-08,2495.1618815889897,2499.031925105146,2475.1156634241324,2484.943115234375,519141,0.0008932818303191148,0.0008928830915446592,1290035853.7858887
2022-09-09,2497.379407776713,2503.16270928536,2463.548643921792,2468.54931640625,522672,-0.006597253163511008,-0.006619111226652794,1290241608.3046875
2022-09-12,2475.9851488447166,2495.9007856951275,2471.071529492575,2485.464599609375,313906,0.006852317306648148,0.00682894688072045,780202250.6049805
2022-09-13,2466.4188408509367,2524.6875511249186,2462.9401118793553,2495.988037109375,766550,0.00423399210821751,0.004225053984047743,1913299629.8461914
2022-09-14,2461.2005151825247,2495.726854502998,2461.2005151825247,2479.898681640625,519643,-0.006446086771867421,-0.006466952505757167,1288661990.6237793
2022-09-15,2482.9427130066324,2482.9427130066324,2406.019363889995,2426.67431640625,1010823,-0.02146231441970181,-0.021695979264439752,2452938212.532715
2022-09-16,2438.850248568856,2438.850248568856,2322.0518668820764,2335.27099609375,1906557,-0.03766608468822574,-0.03839378322984894,4452327264.499512
2022-09-19,2346.9678331049604,2369.840517907495,2317.5727439909933,2351.968505859375,534862,0.0071501379469685045,0.007124696909936447,1257978578.980957
2022-09-20,2363.752865667332,2455.330450480869,2360.882871732764,2410.367919921875,1009201,0.024830015332693245,0.02452676013780234,2432545715.153076
2022-09-21,2422.0651546386675,2442.024320539586,2406.932767866347,2414.80322265625,447919,0.0018400936627627207,0.0018384027643753623,1081636244.6889648
2022-09-22,2414.803261830665,2434.545219806191,2376.8417145469025,2415.064208984375,328914,0.00010807767923970424,0.00010807183926810592,794348429.2338867
2022-09-23,2427.1961631333315,2445.7639645332506,2385.0165730258154,2402.10595703125,408930,-0.005365593140305935,-0.0053800396343582305,982293189.0087891
2022-09-26,2382.929450552408,2395.8443173584874,2322.225584858052,2366.7099609375,610918,-0.014735401654594638,-0.01484504612219236,1445865715.9160156
2022-09-27,2378.580714051988,2378.580714051988,2287.264087004288,2294.43896484375,740040,-0.03053648198832193,-0.031012434701433833,1697976611.5429688
2022-09-28,2261.1735444222204,2282.915597733973,2239.5185442536113,2253.65087890625,923391,-0.017776932209777718,-0.017936839814639616,2081000938.724121
2022-09-29,2261.2173902572877,2264.9570664198654,2195.9476945349675,2205.775146484375,1057406,-0.021243633106610704,-0.02147252657093706,2332399874.543457
2022-09-30,2216.820246624942,2254.3469540221618,2182.9026359468826,2216.994140625,706844,0.005086191200633472,0.0050733002223456915,1567069006.3359375
2022-10-03,2207.6883679423563,2238.5185609091764,2191.9905610332985,2196.426025390625,658511,-0.009277478391790717,-0.009320782236198803,1446370698.4060059
2022-10-04,2243.7802946728307,2285.437991182776,2227.3433844208357,2280.133056640625,391128,0.03811056246937028,0.037402293974441614,891823882.1777344
2022-10-06,2308.1365176087374,2316.5288657590645,2287.481565727348,2301.26611328125,463669,0.009268343607877316,0.00922565607038538,1067025757.4790039
2022-10-07,2335.0099711025905,2378.4940870106784,2269.7837972404586,2282.87255859375,1065099,-0.007992797782640504,-0.008024911423862552,2431485279.2856445
2022-10-10,2260.999797004133,2260.999797004133,2201.513407892811,2235.51806640625,1076512,-0.020743379655266625,-0.020961545831289924,2406562024.703125
2022-10-11,2239.4316179151883,2239.8664590060457,2203.6007544934955,2216.08056640625,407068,-0.008694852567775135,-0.008732873348853086,902095484.0058594
2022-10-12,2217.6898718574093,2230.256738666312,2188.2077267261584,2217.7333984375,401910,0.0007458357138749871,0.0007455577166371992,891329230.1660156
2022-10-13,2220.298756051983,2238.823030206677,2202.035429033929,2214.602294921875,239037,-0.0014118484745871962,-0.0014128460717260161,529371888.77124023
2022-10-14,2239.8662539859747,2248.1282339560257,2199.469562807881,2205.4267578125,250851,-0.004143198591645358,-0.004151805420356939,553233507.6240234
2022-10-17,2195.078192210196,2235.083579231459,2192.9475129751077,2220.90771484375,257635,0.007019483633455614,0.006994961745334344,572183559.1137695
2022-10-18,2232.039791348388,2258.3476829082124,2204.383849656903,2228.126220703125,454003,0.0032502502517908205,0.0032449796059651655,1011575988.5778809
2022-10-19,2238.5617484511836,2238.5617484511836,2202.2089938319014,2210.0361328125,375698,-0.008118969079281446,-0.008152107396602886,830306155.0253906
2022-10-20,2205.905298676734,2235.083177959009,2176.5970519987977,2231.213134765625,364460,0.009582197159000883,0.009536579090504324,813187939.0966797
2022-10-21,2235.9531747067717,2241.1712684633803,2215.9069553935115,2234.953125,360297,0.0016762137942361033,0.0016748105158050372,805246906.078125
2022-10-24,2248.9981549742224,2252.4768837522183,2239.4316508347342,2245.432373046875,35097,0.004688799925893328,0.0046778417439850735,78807939.99682617
2022-10-25,2249.085231726813,2262.913093834562,2231.6480610791627,2248.650390625,410336,0.001433139388543836,0.0014321134244064376,922702206.6875
2022-10-27,2259.434257509516,2278.5672650788806,2241.2144586754566,2270.522705078125,473043,0.009726863074986714,0.009679861680655795,1074054871.9782715
2022-10-28,2281.916091206436,2325.8350493469407,2277.698046930352,2304.52783203125,717856,0.014976783485613598,0.014865738818961577,1654319131.390625
2022-10-31,2320.311773636407,2343.05387494362,2310.3104297845257,2328.008544921875,511816,0.010188947412246518,0.010137390002303124,1191512021.4277344
2022-11-01,2339.6621755865394,2340.1840697554776,2295.351916835562,2324.79052734375,368266,-0.0013823048824904705,-0.0013832611472190705,856141308.3427734
2022-11-02,2304.6143335024763,2310.919529534765,2287.568689554868,2299.396240234375,565598,-0.010923258164850624,-0.010983354985413522,1300533914.684082
2022-11-03,2295.09139329025,2320.659965792226,2285.524888808934,2301.483642578125,311401,0.0009078045389590006,0.0009073927336255124,716684307.7824707
2022-11-04,2279.437148474359,2293.5259582815484,2238.0837155439517,2251.520263671875,855256,-0.021709204437482366,-0.021948316167208465,1925626214.6269531
2022-11-07,2260.3039346501773,2282.9156708182823,2252.4767952073717,2279.48046875,314060,0.012418367060364144,0.01234189162261073,715893636.015625
2022-11-09,2287.264476807055,2310.3545846177253,2280.350544902956,2305.962646484375,459177,0.011617637482499221,0.011550670895468398,1058845010.1247559
2022-11-10,2305.919037955192,2367.275165250576,2284.090140130443,2359.01318359375,706321,0.02300580939168939,0.022745165733120246,1666220550.849121
2022-11-11,2370.840603133813,2375.9281163359706,2313.398054441151,2320.746826171875,474615,-0.01622134106244355,-0.01635434733681263,1101461254.9035645
2022-11-14,2322.486483359587,2355.099568222341,2309.78903738978,2338.0537109375,352558,0.0074574635071991136,0.007429794103447193,824299540.2207031
2022-11-15,2343.3587845744073,2395.14840418592,2341.184578984711,2374.884765625,1012827,0.015752869369596967,0.015630080759481173,2405347412.513672
2022-11-16,2374.7108408652784,2395.9745287919645,2356.0126730362304,2382.450927734375,647740,0.0031859070464768102,0.003180842797921687,1543208763.930664
2022-11-17,2383.799156255694,2404.758584369028,2371.797498191932,2386.408203125,517393,0.001661010241410521,0.0016596322895499017,1234710899.4394531
2022-11-18,2378.580966130424,2382.1467483038905,2350.4033460136675,2368.275146484375,469583,-0.007598472305316295,-0.007627487771597274,1112101748.1115723
2022-11-21,2361.187126003081,2367.7097423732553,2317.703016868586,2328.530517578125,467604,-0.016782099396368544,-0.016924514423680568,1088830184.1416016
2022-11-22,2321.8775955184574,2340.184448415567,2319.442442877257,2335.488037109375,361527,0.002987944318842972,0.0029834892852720826,844341983.592041
2022-11-23,2340.314935747637,2345.9678703750465,2303.5708606694734,2312.354736328125,264132,-0.009905124930497222,-0.009954507041690541,610766881.2158203
2022-11-24,2317.703291290598,2331.3137341313054,2301.005433870833,2324.747802734375,498023,0.0053595005176105825,0.005345189505191423,1157777874.9611816
2022-11-25,2324.6604923001696,2362.709088086976,2316.398511500749,2355.229736328125,423634,0.013111931349240047,0.013026714077773434,997755394.1196289
2022-11-28,2365.491911051238,2438.5887379030446,2358.6215070262724,2420.76025390625,1223958,0.027823407868605265,0.02744337004773313,2962908878.850586
2022-11-29,2420.455718081056,2468.1143409333345,2411.715582596089,2459.678466796875,731879,0.016076855536530266,0.015948991508455634,1800187016.60083
2022-11-30,2462.8964646007366,2488.160774983645,2452.5908579223446,2480.24658203125,1379225,0.008362115419565441,0.008327346625067513,3420818092.102051
2022-12-01,2482.9430056024485,2508.163792699636,2458.244112823392,2497.5537109375,782249,0.006977987201609581,0.006953753717565869,1953708892.8271484
2022-12-02,2491.6394024425576,2491.6394024425576,2446.415929867684,2452.89501953125,526214,-0.017880973374337028,-0.01804276959637403,1290747699.8076172
2022-12-05,2443.806932690868,2463.7225697391245,2422.630086618255,2459.15673828125,397713,0.002552787094490805,0.0025495342681885226,978038603.8520508
2022-12-06,2454.2432355174533,2456.8522821888046,2416.0207442471146,2434.066650390625,339117,-0.010202720103217544,-0.010255124602313736,825433380.2805176
2022-12-07,2429.0659953344134,2436.84960882914,2392.495815092421,2399.931640625,340800,-0.014023859930107907,-0.014123123384372176,817896703.125
2022-12-08,2391.625729458866,2416.6726159268715,2387.494739562528,2398.757080078125,190468,-0.0004894141678840613,-0.0004895339700881162,456886463.5283203
2022-12-09,2402.0623275088587,2419.6733927268365,2375.232545691318,2392.9306640625,254995,-0.0024289312427731025,-0.0024318858816436114,610185354.6826172
2022-12-12,2392.495560330691,2413.2808784876374,2379.4938548396435,2410.280517578125,166357,0.007250462278823422,0.007224304040639863,400967036.06274414
2022-12-13,2421.108169552852,2448.1988972304507,2389.7996106386026,2399.844482421875,440848,-0.004329801066780492,-0.004339201800771778,1057966640.3867188
2022-12-14,2402.4538528190824,2420.2388135790015,2372.1455517353734,2389.32177734375,438317,-0.004384744576242605,-0.0043943857618215,1047280353.4799805
2022-12-15,2381.624970108557,2421.0216206238756,2378.233294080491,2409.75927734375,299314,0.008553682552845832,0.00851730709247922,721274688.3388672
2022-12-16,2387.3644809608545,2406.9756429762238,2363.056695761345,2369.75341796875,271086,-0.016601599898848796,-0.016740950911101223,642406975.0634766
2022-12-19,2369.7537404320965,2422.0650423229167,2356.0127185528877,2418.238525390625,276490,0.020459979951599427,0.02025348638080843,668618769.8852539
2022-12-20,2409.019816640272,2426.9353558022326,2385.886184012664,2411.237548828125,234062,-0.0028950727932717246,-0.002899271622413053,564379083.1538086
2022-12-21,2411.2377567005838,2433.41465584145,2380.3205077863013,2398.10546875,328455,-0.005446199228486326,-0.005461083839140138,787669731.7382812
2022-12-22,2397.8878035348225,2432.109884235833,2363.1875674668345,2372.232177734375,483991,-0.010789054673692622,-0.0108476785696578,1148139023.933838
2022-12-23,2361.1872612271723,2365.535672389653,2286.09011552122,2293.2216796875,328855,-0.03330639335747265,-0.03387368312346752,754137415.4736328
2022-12-26,2300.309378233468,2346.4025340165963,2271.2620781981527,2336.227294921875,175951,0.018753361532948487,0.018579685231735445,411061528.7687988
2022-12-27,2343.749771833335,2364.0134075646324,2335.5313183168655,2350.185546875,181947,0.005974697746004898,0.005956920015327475,427609209.6972656
2022-12-28,2337.3586489275244,2371.406632080834,2335.0973896165906,2345.185791015625,225857,-0.0021273877145671083,-0.0021296538183024033,529676627.201416
2022-12-29,2340.83634240525,2387.2772799709705,2323.312121315911,2367.448486328125,243791,0.009492934588717139,0.009448159824734226,577162633.9304199
2022-12-30,2379.3206403423574,2404.541429532905,2368.0580835853575,2381.9296875,211762,0.006116796735178509,0.006098165072820741,504402194.484375
2023-01-02,2381.9293484781,2391.278432795658,2356.838930286653,2361.969970703125,131296,-0.008379641473726385,-0.008414948045298708,310117209.2734375
2023-01-03,2350.0553701896147,2382.842349061748,2349.8814762018524,2365.883544921875,136701,0.0016569110815516375,0.0016555399187731432,323418646.47436523
2023-01-04,2354.2296689832374,2372.492994823152,2346.1851087918467,2356.22998046875,178937,-0.004080321059692693,-0.004088668283641131,421616724.0151367
2023-01-05,2355.012345257337,2409.9764301759824,2349.8813052054807,2406.541015625,258988,0.021352344878593277,0.021127577474253645,623265244.5546875
2023-01-06,2406.4104137763125,2413.6723443711985,2377.493483433681,2385.146728515625,162618,-0.008890057127831086,-0.008929809461417559,387867790.6977539
2023-01-09,2397.713859232158,2411.1068803712337,2383.146682176613,2393.669921875,110658,0.0035734461353995606,0.0035670765465033697,264878726.21484375
2023-01-10,2391.6259780635773,2398.62696202795,2337.4447361683146,2358.62158203125,206381,-0.014642093934278178,-0.014750347396102176,486774680.7211914
2023-01-11,2358.665542867488,2365.53594837587,2334.270910934904,2342.706787109375,150551,-0.006747498218077519,-0.006770365506888318,352696849.5061035
2023-01-12,2339.444964174283,2348.4027327102335,2315.963546318259,2343.14111328125,163626,0.00018539502009584652,0.00018537783656290318,383398807.8017578
2023-01-13,2333.6182122473115,2387.1905065938226,2333.6182122473115,2372.88427734375,196440,0.012693714387883581,0.012613824550905045,466129387.44140625
2023-01-16,2375.9718366550064,2404.6713500553046,2356.838827721474,2399.10546875,362194,0.011050345630678082,0.010989736652743371,868941606.1484375
2023-01-17,2404.671032464609,2408.1497609021712,2373.9712115381794,2406.280029296875,254062,0.0029905148566116146,0.002986052162013741,611344316.8032227
2023-01-18,2406.323745018227,2423.239234727871,2389.4084676333523,2408.976318359375,159791,0.0011205217305019222,0.0011198944145979952,384932734.8869629
2023-01-19,2402.0625182639365,2417.4993791253355,2393.0179072525216,2408.628662109375,140565,-0.00014431700608696918,-0.0001443274207881165,338568887.8894043
2023-01-20,2406.845426522289,2406.845426522289,2373.667136376552,2388.53857421875,300399,-0.008340882181909648,-0.008375861983768829,717514599.1567383
2023-01-23,2392.887235896,2445.5465397339603,2391.669765649655,2413.0205078125,434312,0.010249754330116989,0.010197581799100911,1048003762.7890625
2023-01-24,2415.107583500078,2423.8044059109534,2402.279770444037,2410.672119140625,129633,-0.0009732153805870336,-0.0009736892621597108,312502658.82055664
2023-01-25,2416.846604560564,2429.0221542057056,2405.540737032933,2422.064697265625,356744,0.004725892847286639,0.004714760874248158,864057048.3613281
2023-01-27,2424.6739164845676,2443.8939775817234,2360.8393294381526,2379.580810546875,464092,-0.017540359993980292,-0.01769601495676101,1104344417.5283203
2023-01-30,2368.1882402675515,2404.6278407962054,2331.70511316242,2350.142333984375,459196,-0.012371286754381927,-0.012448448173501077,1079175959.196289
2023-01-31,2369.4054604731327,2410.758888636004,2334.748754638488,2403.149169921875,579601,0.022554734311616587,0.022304137391257948,1392867662.0358887
2023-02-01,2413.8465137522776,2454.9825249772557,2326.443451164907,2371.8408203125,408279,-0.013028050859777762,-0.013113660276510156,968372798.2763672
2023-02-02,2338.5755374383066,2359.6218051280603,2291.2649086320116,2314.180908203125,453723,-0.02431019468742346,-0.024610565510934223,1049997104.2126465
2023-02-03,2325.7914206515466,2334.3576639238204,2279.4808381109056,2308.354248046875,328028,-0.0025178066829589785,-0.0025209816886921543,757204827.2783203
2023-02-06,2306.44089040294,2352.316629822909,2300.396641133889,2343.793701171875,252416,0.015352692575234306,0.01523603250611755,591611030.875
2023-02-07,2335.9657496283958,2343.618993357941,2274.261856897455,2306.91845703125,421543,-0.015733144142416555,-0.015858223719375366,972465327.1323242
2023-02-08,2312.528569069946,2336.792618282791,2254.259859838253,2273.91455078125,793670,-0.014306490179315845,-0.014409814667731384,1804737761.5185547
2023-02-09,2273.3495508650003,2273.3495508650003,2216.907254061501,2225.69091796875,1266011,-0.021207319683992476,-0.02143542566388785,2817749184.748535
2023-02-10,2225.6907198183694,2252.1725012481993,2217.9506329038227,2246.650146484375,283858,0.009416953785637672,0.009372890687114104,637729617.2807617
2023-02-13,2255.9124864555856,2262.9134718291625,2222.0819280134215,2227.73486328125,327921,-0.008419327429650902,-0.008454970166412543,730521044.1020508
2023-02-14,2238.90976942113,2241.258081219541,2205.5575844657806,2211.1669921875,409279,-0.007437092881577012,-0.007464885942300477,904984215.3955078
2023-02-15,2213.3408499283146,2239.4313118135206,2206.383393425593,2236.822265625,643367,0.01160259425368837,0.011535800315810127,1439097630.5683594
2023-02-16,2252.476816093744,2252.476816093744,2214.64564176939,2223.516357421875,433077,-0.005948576428090546,-0.00596633968795495,962953793.5231934
2023-02-17,2224.631954162995,2265.81492717462,2224.631954162995,2262.64697265625,705628,0.017598528161828497,0.01744546722082371,1596587058.0214844
2023-02-20,2266.6182246012654,2270.6338868102043,2243.1935283824528,2255.4189453125,182493,-0.003194500702539793,-0.003199614012461012,411598169.58691406
2023-02-21,2266.618013859318,2271.079860343293,2245.6473353846354,2249.261474609375,203273,-0.0027300784698657266,-0.0027338119307338113,457214127.7282715
2023-02-22,2237.169804743173,2261.8437284079255,2226.4613732884786,2230.432373046875,310260,-0.008371237303911094,-0.008406472892353564,692013948.0615234
2023-02-23,2231.413979003172,2242.1670720737748,2215.5744247635484,2226.907470703125,294710,-0.0015803672805083657,-0.001581617378128202,656291900.690918
2023-02-24,2227.3535400760343,2238.552817193603,2214.32486251189,2218.117431640625,255112,-0.003947195461931119,-0.003955006198382495,565868374.2207031
2023-02-27,2218.117905659186,2220.2150608886736,2168.4576358358026,2175.195068359375,293892,-0.019350807432004458,-0.019540485239055848,639272429.0302734
2023-02-28,2184.4756841511967,2205.9372123342127,2150.9227245846787,2158.73095703125,542868,-0.007569027517400073,-0.00759781797536434,1171905957.1816406
2023-03-01,2155.0717328128962,2180.9057789565077,2154.4471179123343,2169.43896484375,293122,0.0049603253141030645,0.004948063432390046,635910288.2529297
2023-03-02,2180.504399704575,2216.0207416641347,2178.18415236301,2198.218017578125,525446,0.013265666008929422,0.013178447555467578,1155044864.4643555
2023-03-03,2209.2385100154816,2212.0049418376234,2192.5512486029024,2196.611572265625,197868,-0.0007307943523590099,-0.0007310615127191812,434639138.5810547
2023-03-06,2205.936662061893,2223.5609537591918,2196.2990311306553,2212.807861328125,203422,0.00737330589850016,0.007346255962154344,450133800.76708984
2023-03-08,2192.551518887561,2213.968383540919,2177.916748519878,2211.3359375,286894,-0.0006651837485978085,-0.000665405081464301,634419012.453125
2023-03-09,2218.4304073855587,2222.936916588734,2177.38141352404,2180.7724609375,244591,-0.013821272491529757,-0.013917675584484644,533397316.99316406
2023-03-10,2156.85667676024,2180.772218445156,2146.41599914219,2177.64892578125,224485,-0.0014323067684499646,-0.001433333500303202,488849519.1040039
2023-03-13,2179.0767008454177,2179.0767008454177,2123.8391233950033,2130.13037109375,249618,-0.02182103557875026,-0.02206263548220837,531718882.9716797
2023-03-14,2137.179836660586,2151.948592322436,2113.487387893522,2117.993896484375,302570,-0.005697526674455777,-0.005713819494884147,640841413.2592773
2023-03-15,2141.68637771314,2148.6915640523516,2114.9599600306487,2123.34814453125,217071,0.00252798086706596,0.0025247908984225957,460917305.08154297
2023-03-16,2114.379723471164,2136.3320953052034,2110.4533857129513,2115.762939453125,577586,-0.003572285165605482,-0.0035786810126604263,1222035053.1469727
2023-03-17,2119.3771928496953,2119.868039561814,2078.1497727130886,2101.66357421875,628419,-0.006663962663992717,-0.006686266004158751,1320725321.6469727
2023-03-20,2101.663223843179,2102.8233473701575,2056.018626634292,2087.56396484375,352432,-0.006708785149041385,-0.00673139020650414,735724343.2578125
2023-03-21,2092.5614134511816,2102.7345545150124,2080.112904890389,2096.22021484375,291142,0.004146579527994465,0.004138006159036145,610297745.7900391
2023-03-22,2096.2200944882616,2114.2459103176393,2093.498324619682,2099.92333984375,166790,0.0017665725069233584,0.0017650139529746581,350246213.85253906
2023-03-23,2110.4530908978177,2127.274336928413,2103.3141375248015,2108.22216796875,371585,0.003951967182581839,0.0039441786734869914,783383734.284668
2023-03-24,2108.6688455531867,2122.679001250537,2056.1083762013495,2064.36279296875,272040,-0.02080396253600636,-0.021023413939786195,561589254.1992188
2023-03-27,2070.25203977075,2080.0234396828528,2049.370686044513,2060.123779296875,238881,-0.0020534247595980215,-0.0020555359267967746,492124428.5222168
2023-03-28,2053.3415354236704,2060.1236285096566,2004.2612292749084,2007.384521484375,456838,-0.02560004323162568,-0.025933426393937396,917049530.0258789
2023-03-29,2007.8311169618169,2066.2813117000387,2007.8311169618169,2056.15283203125,712847,0.024294453815362216,0.02400403783606889,1465722377.8549805
2023-03-31,2065.612039959246,2103.225322501359,2065.612039959246,2094.703369140625,302919,0.018748867549544634,0.01857527396450863,634525449.876709
2023-04-03,2128.3006553866494,2172.472933139957,2116.744517203703,2169.43896484375,787785,0.03567836706816685,0.03505663913778773,1709051474.9194336
2023-04-05,2178.095117727853,2178.7643947294987,2158.7307467196315,2170.420654296875,289012,0.0004525084452862149,0.00045240609421500595,627277614.1396484
2023-04-06,2170.420429789145,2175.7746452484703,2150.8776305080414,2165.289306640625,211340,-0.0023642180358407483,-0.0023670172120802036,457612242.0654297
2023-04-10,2168.4575598219712,2202.2338274774015,2156.9905263210885,2195.80859375,261131,0.01409478493971994,0.01399637707227011,573393693.8945312
2023-04-11,2207.721800392349,2212.0498789411504,2184.564859033713,2204.0185546875,575155,0.003738923766337443,0.003731951364985997,1267652291.821289
2023-04-12,2208.6137670356648,2217.537459023688,2185.590598133851,2210.666259765625,464883,0.0030161747340951006,0.003011635204800224,1027701162.838623
2023-04-13,2210.666534904708,2210.666534904708,2175.596377454239,2183.67236328125,458472,-0.012210751561946287,-0.012285915285876407,1001152635.7382812
2023-04-17,2168.457211804013,2203.259611499633,2159.0873349628846,2200.537841796875,656224,0.007723447344583523,0.007693774213120407,1444045744.6953125
2023-04-18,2205.0000684205484,2208.569545928379,2163.9957391220723,2177.113525390625,397381,-0.010644814172849015,-0.010701875506694172,865143549.833252
2023-04-19,2172.9190303925366,2188.178631057356,2160.515185495891,2182.6904296875,247426,0.002561604726549316,0.0025583294093480848,540054362.2558594
2023-04-20,2186.3051225808163,2197.2366481937206,2170.1087044304154,2185.01123046875,315314,0.0010632752815900037,0.0010627104048053393,688964631.1240234
2023-04-21,2187.1526482677878,2209.8634049999837,2185.011048940471,2194.648681640625,699932,0.004410710131593998,0.004401011457896034,1536104841.038086
2023-04-24,2195.1836449044185,2252.3399376882817,2180.4148905675415,2231.860107421875,686216,0.016955527366426804,0.016813386873720144,1531538115.4746094
2023-04-25,2235.295636163747,2261.263668356208,2225.4351302907103,2228.915283203125,538138,-0.0013194483870011542,-0.0013203196254779274,1199464012.6723633
2023-04-26,2239.8468769509373,2252.340046782536,2223.8288920609984,2235.518798828125,560280,0.0029626588658453468,0.0029582788409482585,1252516472.6074219
2023-04-27,2230.9231827767794,2254.8833849052385,2228.290736993821,2238.64208984375,685268,0.0013971213381260839,0.0013961462721939811,1534069787.6230469
2023-04-28,2248.770524042593,2290.7118790544982,2244.4424460076316,2283.216064453125,721370,0.019911166153623983,0.019715531497199727,1647043572.4145508
2023-05-02,2266.573314750492,2266.573314750492,2200.5826499045406,2227.264404296875,997629,-0.024505635286711902,-0.024810895754428845,2221983560.394287
2023-05-03,2221.999457801272,2246.9857970857843,2212.0940718680476,2233.287841796875,863935,0.0027044106161708825,0.0027007602776422143,1929415531.6027832
2023-05-04,2238.017486486337,2260.1482881465236,2234.7604257680946,2243.862548828125,684323,0.004735039896488047,0.004723864857363651,1535526751.001709
2023-05-05,2263.9408613724054,2286.250093352819,2242.122476068279,2273.087646484375,1527593,0.01302445984113998,0.012940370918907393,3472352777.156006
2023-05-08,2289.819554939812,2313.0211560420857,2289.819554939812,2299.0556640625,855245,0.011424116275625229,0.01135935382837893,1966255861.4111328
2023-05-09,2308.9610715023846,2323.7298280761293,2298.0742088145357,2312.619873046875,556418,0.005899904554901747,0.005882568272875865,1286783324.520996
2023-05-10,2320.1601780738206,2323.8634235203067,2295.2631617699294,2307.711669921875,549062,-0.0021223561996522866,-0.0021246115892965553,1267076784.9106445
2023-05-11,2320.160041503293,2323.7295184902214,2297.8954723700463,2307.176025390625,506829,-0.0002321106827302133,-0.00023213762458380738,1169343717.772705
2023-05-12,2315.6983106993353,2332.653327232394,2307.845417363936,2325.425048828125,718178,0.007909679728234087,0.007878562190336233,1670069110.7172852
2023-05-15,2344.254262144588,2427.2446109757443,2325.514505956908,2402.1689453125,1383562,0.03300209418620015,0.0324692174212163,3323549670.314453
2023-05-16,2409.3523160746004,2425.058102040307,2392.04043974769,2396.90380859375,602177,-0.002191826153203791,-0.002194231719845428,1443360344.7475586
2023-05-17,2399.536396784368,2468.650355816999,2393.691334269556,2429.876953125,1169727,0.013756557277363246,0.01366279476428562,2842292678.748047
2023-05-18,2449.5987482344585,2462.1810264835963,2431.037420511366,2440.76416015625,610410,0.004480558991782901,0.004470551169965699,1489866851.0009766
2023-05-19,2445.671725631551,2448.7059118341485,2380.1272470476747,2420.997802734375,458137,-0.008098429887060332,-0.008131400296731008,1109148670.3513184
2023-05-22,2418.8118168164365,2429.029402434705,2392.5315826883134,2402.39208984375,241924,-0.007685142410955859,-0.007714825293811831,581196303.9433594
2023-05-23,2402.3917672703865,2425.5933675581905,2386.240014711258,2418.72216796875,224454,0.006797424198171642,0.006774425871074471,542891865.4892578
2023-05-24,2419.2130557782934,2449.330518202682,2414.751209493199,2443.931640625,402069,0.010422640925898952,0.010368699686997747,982629150.8144531
2023-05-25,2444.1552212096944,2462.047271959948,2417.473462240032,2438.667236328125,208718,-0.002154071828101012,-0.0021563951778624333,508993748.2319336
2023-05-26,2440.1391920500505,2453.9262541806243,2421.533422838522,2449.6875,167210,0.004518969832254749,0.004508789944963333,409612246.875
2023-05-29,2462.939066739041,2493.9935594141193,2441.5668673232067,2478.02001953125,462628,0.011565768911850904,0.011499396680292701,1146401445.5957031
2023-05-30,2477.975801053537,2494.1722168547562,2463.1177213512506,2480.028076171875,399817,0.0008103472227012354,0.0008100190686577445,991557385.3308105
2023-05-31,2479.9388557014627,2487.033147803318,2444.2440850117846,2462.849853515625,773286,-0.006926624267401871,-0.006950724683433975,1904487311.8256836
2023-06-01,2461.91295517192,2509.9222458029685,2451.204524334318,2498.99072265625,552629,0.014674410252429881,0.014567782957034552,1381014744.0708008
2023-06-02,2530.759137813427,2599.159152188939,2530.759137813427,2581.311767578125,2090599,0.032941716900162676,0.03241076734553596,5396487799.987061
2023-06-05,2596.839177214573,2605.5397773942977,2556.6378989652812,2561.63525390625,620625,-0.007622680033855911,-0.007651881147785605,1589814879.4555664
2023-06-06,2561.0998027325627,2598.5793120408443,2553.0238172731792,2592.154296875,729992,0.011913890910976166,0.011843479212449548,1892251899.484375
2023-06-07,2603.888742709156,2658.367927597696,2594.206667313026,2639.628173828125,996180,0.018314448723348642,0.018148759158305716,2629544794.2041016
2023-06-08,2657.0739965402367,2700.309241382922,2630.882872965662,2645.6962890625,1150017,0.002298852275687935,0.0022962139574241964,3042595709.258789
2023-06-09,2666.3098750263725,2699.4168598579954,2576.537663231555,2587.24609375,826404,-0.02209255671338295,-0.022340252192090553,2138110520.859375
2023-06-12,2593.4930530892407,2622.0042098929607,2568.3282813062297,2614.9990234375,617327,0.010726822529384616,0.010669698313059,1614309502.1416016
2023-06-13,2603.041090907437,2637.7541674357426,2591.484952743009,2634.675537109375,973087,0.007524482225622187,0.0074963145192650255,2563768514.3791504
2023-06-14,2634.675838551398,2648.150702854821,2608.9755577502133,2616.070068359375,304861,-0.007061768513026423,-0.007086820812320504,797537737.1101074
2023-06-15,2623.475866654334,2642.6618025727985,2507.557206087728,2537.050048828125,951322,-0.030205620440742265,-0.030671209791426353,2413551526.5512695
2023-06-16,2537.0060197876273,2538.70143437894,2503.095985052513,2527.234619140625,1029235,-0.003868835655029268,-0.0038763389586433904,2601118323.231201
2023-06-19,2516.4812112799877,2523.3524107309795,2478.1539966879964,2483.106689453125,671364,-0.017460954892468794,-0.017615195460894396,1667068439.4580078
2023-06-20,2476.3244565937975,2507.200517143962,2449.598043418769,2499.25830078125,872568,0.0065045982102693856,0.00648353460219588,2180772816.9960938
2023-06-21,2499.5262003166204,2525.4049078529224,2498.6338310912306,2519.649169921875,407191,0.008158768197049193,0.008125665378066674,1025978465.1496582
2023-06-22,2525.404977182978,2553.9607931793935,2513.625746657174,2520.98779296875,578572,0.0005312735847731176,0.0005311325089265477,1458572949.3535156
2023-06-23,2521.166549391697,2534.105905188947,2467.4012951307113,2477.57421875,381689,-0.01722085856180433,-0.017370862168196468,945662825.9804688
2023-06-26,2477.573991897471,2551.283781869931,2476.3247620458405,2544.367919921875,583691,0.026959313939573626,0.026602313744507222,1485124655.5471191
2023-06-27,2550.3916399715213,2558.3336401583874,2523.1297123536165,2537.98779296875,415101,-0.0025075488899108933,-0.0025106980561890244,1053521270.8491211
2023-06-28,2543.2523976055018,2553.3808758782434,2494.172088178027,2524.28955078125,781032,-0.00539728450446042,-0.005411902466396719,1971550916.4257812
2023-06-30,2534.283956722591,2605.718157313438,2529.8667725971222,2596.8837890625,962194,0.028758284983108506,0.028352526423234718,2498706000.533203
2023-07-03,2565.561843483856,2598.445740692736,2554.3179026939274,2586.755615234375,818522,-0.0039001259397061228,-0.0039077512638190735,2117316379.692871
2023-07-04,2633.4710219538947,2712.7132383007483,2601.8810192923233,2703.700439453125,2177103,0.045209073300167324,0.04421693554911299,5886234337.834717
2023-07-05,2721.7262084447057,2830.595256782494,2704.0572537483145,2818.280517578125,3069147,0.04237898417036767,0.0415055856221617,8649717195.68335
2023-07-06,2801.146819552984,2861.6941547731703,2783.031681862104,2830.684326171875,1676341,0.004401197296147519,0.004391540351704981,4745192194.019287
2023-07-07,2810.9632418761125,2830.5953661050885,2789.546379080866,2809.35693359375,931135,-0.007534359229299015,-0.007562885890868754,2615890568.3618164
2023-07-10,2816.7192373156154,2843.4012120352922,2753.762535070437,2787.494140625,570281,-0.007782134305299171,-0.007812573134683962,1589654946.0097656
2023-07-11,2765.4526663387956,2791.331377963134,2752.2455561439965,2768.665283203125,663715,-0.006754761255804209,-0.006777677911607992,1837604678.441162
2023-07-12,2766.255390093825,2778.213268931275,2728.3743584677277,2747.47119140625,739038,-0.007654985210908238,-0.007684434998255741,2030485614.3544922
2023-07-13,2747.4714557851444,2793.9637681240056,2726.634544352146,2742.34033203125,665215,-0.0018674843219643744,-0.0018692302448050637,1824245923.972168
2023-07-14,2747.5156660081016,2804.270438885639,2742.340098518375,2798.73779296875,811153,0.020565449254697832,0.020356835708732576,2270204556.9799805
2023-07-17,2806.189139987933,2817.566849000367,2736.896748324317,2758.84912109375,909246,-0.014252379045729846,-0.014354919664522927,2508472527.958008
2023-07-18,2765.4521113338947,2784.1918642664573,2753.761987835296,2780.979248046875,578275,0.008021506788436383,0.007989505521204806,1608170774.6643066
2023-07-19,2788.65422704318,2805.296828324729,2750.728529555393,2763.35546875,486164,-0.00633725667289764,-0.006357422325724119,1343443948.109375
2023-07-20,2762.7305786408965,2766.5231480119805,2722.6186238065015,2754.877685546875,735511,-0.0030679307454281046,-0.003072646492484304,2026242841.3742676
2023-07-21,2747.649821870323,2788.2972883174557,2721.2802646655746,2768.17431640625,749722,0.004826577575162139,0.004814966994209369,2075361184.8447266
2023-07-24,2793.026761062662,2815.425319050634,2757.465972933233,2796.730224609375,784541,0.01031579118189252,0.010262946520325344,2194149527.1452637
2023-07-25,2836.842021589765,2836.842021589765,2791.464955269163,2802.307373046875,748386,0.0019941674704355705,0.001992181757942771,2097207605.6850586
2023-07-26,2824.3045763251425,2846.569149971157,2789.6361547808733,2807.12646484375,509747,0.0017196870847309143,0.0017182101159365552,1430924294.074707
2023-07-27,2804.283450574809,2850.667223398708,2795.484955550275,2830.814208984375,524436,0.008438431412794767,0.008403026883470471,1484580880.5029297
2023-07-28,2839.8386478242396,2865.1512883083383,2825.8512950781674,2862.895263671875,445865,0.011332801208105314,0.011269066096034362,1276464796.7370605
2023-07-31,2878.4617200571083,2914.78371527062,2863.346355589374,2891.05029296875,933273,0.009834460119495958,0.009786416548166185,2698139180.069824
2023-08-01,2910.2261344599237,2927.417083405411,2736.3318283465037,2799.365234375,3043469,-0.03171340838197623,-0.032227169803268084,8519781310.498047
2023-08-02,2762.276430285492,2773.105348012845,2681.826683795328,2701.318603515625,2692656,-0.03502459402417535,-0.035652664003340516,7273721745.667969
2023-08-03,2681.9619787596657,2726.6764292989374,2646.813160415953,2664.274658203125,1250490,-0.013713282566628515,-0.013808178178295789,3331648817.336426
2023-08-04,2686.473559695066,2693.692836980105,2636.344658984106,2657.32568359375,642027,-0.0026082050467205464,-0.00261161233940491,1706074836.6606445
2023-08-07,2662.1088681794367,2675.599850414521,2643.7447409119723,2665.763671875,444210,0.0031753685042619217,0.003170337668717484,1184158880.6835938
2023-08-08,2711.741027837716,2787.317836849832,2689.180786341562,2767.60009765625,2020469,0.0382015956086692,0.03748998130893329,5591850201.711426
2023-08-09,2779.286715727351,2780.640330332413,2710.9291781716884,2761.10302734375,548711,-0.002347546640861231,-0.002350306448507537,1515047603.2368164
2023-08-10,2753.6128384687763,2763.9905498982316,2718.9603945172375,2739.62548828125,476401,-0.007778608349563121,-0.007809019530588495,1305160322.2426758
2023-08-11,2747.7472255332,2773.4209579194853,2689.1809237427374,2705.604736328125,816082,-0.012418030164578653,-0.012495778223511276,2207995324.432129
2023-08-14,2716.1630364330063,2729.7895118744314,2664.0940375752702,2716.83984375,526850,0.004152530955841893,0.004143932993157992,1431367071.6796875
2023-08-16,2711.7412804521778,2722.434924043473,2667.523203000545,2690.76025390625,753515,-0.009599237107680514,-0.009645606765026658,2027528212.722168
2023-08-17,2704.882757319298,2704.882757319298,2671.8095298098388,2699.152587890625,565973,0.0031189452765967296,0.0031140914566911556,1527647487.6262207
2023-08-18,2697.9343188138714,2697.9343188138714,2635.0364048568053,2641.3984375,560922,-0.021397141699113664,-0.02162937932524173,1481618494.359375
2023-08-21,2643.1582821594375,2657.010360599886,2628.178191478395,2645.414306640625,328451,0.001520357203067757,0.0015192026301493202,868888974.4304199
2023-08-22,2653.0843455388094,2676.186120483048,2635.036152712015,2668.19970703125,255764,0.008613168959368034,0.008576287247239201,682429429.8691406
2023-08-23,2679.2545565197024,2684.6690150374247,2648.39218703166,2663.68798828125,325912,-0.0016909224366192799,-0.0016923536595815055,868127879.6367188
2023-08-24,2666.620447489273,2681.4650417888065,2635.0361105477755,2642.02978515625,273751,-0.008130908432325445,-0.008164144550787573,723258295.7163086
2023-08-25,2645.6849589244976,2657.5967236056963,2607.964187171634,2626.824462890625,429528,-0.005755166861120653,-0.005771791650229549,1128294657.8964844
2023-08-28,2639.5483829384116,2663.1914731089373,2627.6817834624308,2645.6396484375,303029,0.007162711407891376,0.007137181029200306,801705537.0263672
2023-08-29,2660.303980681504,2700.9124200066967,2651.3250476047992,2696.53564453125,590653,0.019237690259067852,0.01905498539049855,1592716868.0493164
2023-08-30,2714.448539870635,2714.448539870635,2655.024769447315,2663.7783203125,415898,-0.012147929245876599,-0.012222318401684341,1107860075.8613281
2023-08-31,2675.644832841597,2675.644832841597,2608.009268060903,2631.381591796875,920121,-0.012161946160679116,-0.012236507787588809,2421189461.6257324
2023-09-01,2646.7230185158814,2659.5371947732656,2624.2079360300504,2641.714599609375,331811,0.003926837462385757,0.003919147560912608,876549963.0109863
2023-09-04,2662.1086354191675,2675.599616474674,2637.5179709055496,2655.656494140625,643279,0.0052775930198181165,0.005263715331556567,1708328053.894287
2023-09-05,2675.6450340899432,2683.676393115218,2642.4363096713123,2648.888671875,306742,-0.0025484554499263234,-0.002551708290170682,812525408.9882812
2023-09-06,2666.620750557086,2666.620750557086,2632.193907504101,2651.27978515625,275916,0.0009026854569760268,0.0009022782814747542,731530513.2011719
2023-09-07,2653.084549391541,2678.7580615973384,2644.6019862371218,2671.94482421875,242002,0.007794363755269318,0.007764144626444972,646615991.3505859
2023-09-08,2679.976429621372,2731.594221525109,2671.268043637365,2715.125244140625,569352,0.01616067050879333,0.016031476917996994,1545861988.0019531
2023-09-11,2733.3086434411107,2760.471263449975,2724.4200401135286,2756.275146484375,486566,0.01515580264024785,0.015042100851985134,1341109772.9243164
2023-09-12,2769.7661883258656,2769.7661883258656,2716.2532480472105,2725.322509765625,429664,-0.011229879120823627,-0.011293410292737574,1170972970.8359375
2023-09-13,2725.3227245027506,2738.723377666553,2693.7835464729255,2702.17578125,290774,-0.008493207109501189,-0.008529479920693398,785722460.6171875
2023-09-14,2713.3660195678203,2733.3543099031554,2685.5717517302114,2705.78564453125,311245,0.0013359098643019873,0.0013350183306366325,842162252.9321289
2023-09-15,2720.4044003461786,2800.1773305975503,2711.6960144543023,2765.75048828125,949607,0.02216171257734212,0.021919710748910897,2626376023.925293
2023-09-18,2767.465331328621,2822.737933120054,2741.5210488550906,2810.690673828125,897322,0.01624882133702621,0.016118222063246337,2522094576.820801
2023-09-20,2810.6455726508116,2827.1145510405177,2750.770595968309,2763.04345703125,575906,-0.016952138220169277,-0.01709747051891206,1591253305.165039
2023-09-21,2758.6665350351705,2764.0358288470597,2698.2050833350213,2708.08642578125,585566,-0.0198900350662774,-0.020090504496447944,1585763335.9990234
2023-09-22,2716.2533075938504,2743.3255996961148,2698.340386193568,2727.7138671875,323540,0.00724771603276575,0.007221577559090026,882524544.5898438
2023-09-25,2720.945787609419,2727.7138606186863,2678.712967968615,2684.398193359375,408884,-0.015879845151349103,-0.016007280798502842,1097607470.8935547
2023-09-26,2684.668945210512,2742.423167897394,2680.2020611125486,2738.22705078125,372568,0.020052486086094,0.019854082919467404,1020175775.8554688
2023-09-27,2737.911258964383,2737.911258964383,2707.2293265962917,2712.959716796875,222370,-0.009227625582460708,-0.009270463853405573,603280852.2241211
2023-09-28,2713.09518574416,2723.653336816123,2671.178292711576,2680.1572265625,331995,-0.01209103475856399,-0.012164725923351386,889798798.4326172
2023-09-29,2693.7381527515295,2770.3978136627074,2682.0969352869556,2758.89208984375,375842,0.029376956881829397,0.028953722986774975,1036907520.8310547
2023-10-03,2759.56921697378,2765.7957565774223,2699.558964217483,2721.30712890625,387906,-0.01362320805364614,-0.013716855443712133,1055611363.1455078
2023-10-04,2721.6223881397236,2725.277191350036,2685.616330591871,2697.34765625,307263,-0.00880439859277471,-0.008843386321093013,828795132.9023438
2023-10-05,2725.2773110304643,2751.3119191641035,2701.2731247345127,2722.254150390625,537209,0.00923369817862163,0.009191328208890206,1462419429.8771973
2023-10-06,2743.3255714079987,2747.837620045183,2727.533401177854,2741.520751953125,180660,0.007077444095267671,0.007052516534312069,495283139.04785156
2023-10-09,2726.269976469472,2752.3043635876643,2638.6007437368535,2666.7109375,976306,-0.027287706795518063,-0.02766693095849481,2603525888.546875
2023-10-10,2684.6688313834534,2710.026631832719,2676.5471441624613,2686.293212890625,467743,0.0073432313623700285,0.007316401106072949,1256494846.2770996
2023-10-11,2707.229195118967,2807.396675338369,2695.9942380221983,2798.2373046875,1048795,0.04167232797212628,0.040827429358727595,2934777293.9697266
2023-10-12,2812.766059427351,2826.4376994902855,2765.840751873012,2786.866943359375,927642,-0.004063401380961396,-0.004071679428649608,2585214825.0717773
2023-10-13,2783.0317559711016,2814.616098208128,2779.467281410186,2796.071533203125,374642,0.003302845105570329,0.003297402693012545,1047525831.3422852
2023-10-16,2801.07997617447,2864.5194282029975,2797.3350636879504,2852.517333984375,966651,0.0201875381623684,0.019986471339326385,2757388733.41333
2023-10-17,2871.558206945446,2876.476296111332,2857.4805264579745,2863.301025390625,416816,0.0037804122266935636,0.00377328442675848,1193469680.1992188
2023-10-18,2860.638797296416,2873.272533309713,2841.6881932764713,2845.43310546875,344063,-0.006240321839523499,-0.00625987403160912,979008250.5668945
2023-10-19,2842.1395458162947,2955.391970963126,2831.806998102927,2947.135009765625,1129769,0.03574215260988223,0.035118225417473184,3329581772.8479004
2023-10-20,2941.855508283865,2946.367556609454,2890.9145267509402,2897.863037109375,458086,-0.016718600434992736,-0.016859933712777258,1327470487.2172852
2023-10-23,2892.719747668355,2917.2652499041606,2833.070372397193,2842.45556640625,313646,-0.01912011368156108,-0.019305266955533903,891524818.5810547
2023-10-25,2842.590701288356,2861.5413059636116,2788.446116501911,2834.333740234375,391029,-0.0028573273995425863,-0.0028614173522238397,1108306688.1101074
2023-10-26,2823.6400361603814,2824.587610436833,2783.9340081670744,2808.25390625,461475,-0.009201398414788842,-0.009243992767594352,1295938971.3867188
2023-10-27,2820.2108185711695,2845.207523802629,2801.1249410806104,2808.4794921875,314423,8.032960872883521e-05,8.03263824785904e-05,883050547.3720703
2023-10-30,2808.524793163168,2823.234116406339,2756.8618340793564,2806.810302734375,265215,-0.0005943391994737146,-0.0005945158890282176,744408194.4396973
2023-10-31,2811.0515719626046,2833.2057756730783,2779.557339093526,2786.957275390625,207132,-0.00707316320038065,-0.007098296604443867,577268034.3662109
2023-11-01,2793.8156609582666,2837.762975487814,2775.4065886060425,2790.6572265625,473455,0.001327595225282474,0.001326714749931806,1321250617.2021484
2023-11-02,2832.6641918242453,2842.5455344769352,2744.6792416162602,2754.244873046875,1268028,-0.013047949124327718,-0.013133821401812315,3492459617.879883
2023-11-03,2783.9340263163594,2806.674707525077,2772.247864336937,2787.904541015625,411691,0.012221015022354953,0.012146941311576853,1147755208.3952637
2023-11-06,2806.494282673362,2865.376518025271,2793.589779368512,2857.84130859375,850503,0.02508578272649431,0.024776299553392424,2430602606.48291
2023-11-07,2865.1054897768963,2870.745550120051,2816.6912999171986,2824.767822265625,355269,-0.011572891128933782,-0.011640378219244995,1003552439.4484863
2023-11-08,2851.8856557302815,2857.390223168338,2821.7000928223156,2826.437744140625,459324,0.000591171374099142,0.0005909967011400767,1298250690.3896484
2023-11-09,2838.078649605924,2884.101546626561,2829.0545521508975,2864.158203125,604807,0.013345582814470847,0.013257314980711808,1732262930.3574219
2023-11-10,2864.113156662777,2868.8056431089294,2793.093335974675,2802.16259765625,820659,-0.021645314634194612,-0.02188301072078682,2299619955.2299805
2023-11-13,2799.3651054161064,2830.813950001815,2799.3651054161064,2814.435302734375,386501,0.00437972624728844,0.004370163158594224,1087782058.9421387
2023-11-15,2838.033245935533,2871.106692510511,2824.6325945328254,2867.72265625,570652,0.018933586238011335,0.018756576687736518,1636471669.234375
2023-11-16,2875.0775355719747,2977.0498398781997,2867.9485864942194,2959.94921875,963718,0.032160209879082524,0.03165389714145228,2852556341.1953125
2023-11-17,2968.657430216508,3040.0381324457276,2959.9492639038226,3009.31103515625,947293,0.016676575426890494,0.016539048225247113,2850699278.4262695
2023-11-20,3029.3891389216183,3039.3156448877003,2992.029468229759,3019.778564453125,677714,0.0034783806574290033,0.003472345083396549,2046546210.0297852
2023-11-21,3027.539355179724,3063.680907443914,3005.069441952106,3046.986328125,742294,0.009009853898609421,0.008969507328353098,2261759669.4492188
2023-11-22,3056.4618765585096,3093.1899099611164,3040.038062885034,3080.466064453125,775145,0.010987819675819521,0.010927892167360958,2387807867.5305176
2023-11-23,3086.196283683632,3227.017373944612,3086.196283683632,3219.798095703125,1726414,0.04523082817168955,0.044237749227140945,5558704509.595215
2023-11-24,3219.797674946918,3230.4461530245685,3187.9877343522207,3202.291015625,514405,-0.005437322328219474,-0.005452158368597701,1647274509.8925781
2023-11-28,3212.5786723279607,3273.9425346083826,3208.1117881808177,3268.528076171875,659645,0.02068427267343398,0.020473257935365505,2156068202.8063965
2023-11-29,3280.2594504884314,3418.463415964213,3271.866995726819,3381.239013671875,1561256,0.03448369873940571,0.03390246045669393,5278979697.529297
2023-11-30,3429.157194008833,3505.4108210861345,3413.094255721287,3446.34814453125,2909100,0.019255997755884602,0.019072947179563565,10025771387.25586
2023-12-01,3483.301518866356,3487.813567465924,3375.3282840046477,3393.060546875,1060628,-0.015462047193580242,-0.01558283130936431,3598775021.7109375
2023-12-04,3501.349966263574,3501.349966263574,3414.7186268921046,3426.540283203125,1018705,0.009867120219519743,0.00981875805875821,3490633719.2004395
2023-12-05,3427.351962180666,3451.7170235231824,3410.2965073668493,3435.248046875,713163,0.0025412698967994807,0.0025380463306014624,2449891802.8535156
2023-12-06,3415.8014085446744,3451.717361361161,3365.582393099452,3394.00830078125,672675,-0.012004881607098339,-0.012077522144348325,2283064533.7280273
2023-12-07,3411.1088740442333,3439.940821654726,3394.233855687996,3404.47607421875,500651,0.0030841920554791624,0.003079445691788944,1704454351.0336914
2023-12-08,3418.3282571969826,3431.0523232602336,3332.057793836594,3353.129150390625,779332,-0.01508218084332047,-0.015197073618962602,2613200847.0322266
2023-12-11,3353.1291413754593,3364.770139416158,3323.5752210686446,3343.1123046875,451738,-0.002987312821505328,-0.0029917837467070122,1510210866.2949219
2023-12-12,3364.1837839514224,3423.69766707503,3352.6780588319534,3381.46484375,598126,0.011472106099673862,0.011406800477917171,2022542041.1328125
2023-12-13,3375.0123776571613,3492.3256421211804,3370.3198911415757,3486.279541015625,1355603,0.030996831878750797,0.03052613216759027,4726011004.639404
2023-12-14,3499.545027700892,3524.7221717236903,3463.8998424006895,3504.6435546875,1067427,0.005267510380571938,0.005253685574721756,3740951155.649414
2023-12-15,3554.5921636408507,3555.494573431062,3506.8997181022473,3516.284912109375,924599,0.0033216951282548646,0.003316190485454168,3251153513.451416
2023-12-18,3519.3981377337877,3563.255341114579,3505.2755128198623,3510.1484375,725829,-0.0017451585303119854,-0.001746683093454389,2547767530.2421875
2023-12-19,3530.948877718755,3532.7536972002804,3429.111850347748,3448.874755859375,560186,-0.01745615113766108,-0.017610306349272218,1932011353.9858398
2023-12-20,3478.2933482778853,3524.7222876070746,3419.00506952521,3443.14453125,595832,-0.0016614765727980263,-0.0016628583557444343,2051535692.34375
2023-12-21,3406.6420011569003,3490.4306150021084,3385.88657672195,3474.412841796875,410786,0.009081323848907141,0.00904033658633278,1427240153.630371
2023-12-22,3492.325256951854,3559.1035693586855,3474.412337727595,3551.613525390625,573168,0.022219778451493255,0.02197651607063931,2035671221.1210938
2023-12-26,3564.47368042236,3680.92971358516,3551.0730265738553,3670.5068359375,1149831,0.03347585814078635,0.032927740544923666,4220462545.6728516
2023-12-27,3667.3930513841433,3697.1276274990087,3629.491843668067,3667.663818359375,683058,-0.0007745572219861607,-0.0007748573464169303,2505227112.440918
2023-12-28,3667.6641860253185,3780.194643771435,3658.504594386806,3765.981689453125,1714818,0.02680667475617482,0.026453670535378237,6457973188.744629
2023-12-29,3768.463325972145,3784.165168371072,3710.3028380921405,3735.5703125,383687,-0.008075285399898213,-0.008108067117468776,1433289766.4921875
2024-01-01,3735.570234315513,3773.336171792786,3686.3439569924085,3716.61962890625,392408,-0.00507303624572053,-0.005085947779726245,1458431275.3398438
2024-01-02,3712.558604841287,3716.980765059474,3632.379631841864,3689.2314453125,507848,-0.007369111270019824,-0.007396397302323937,1873568811.0390625
2024-01-03,3609.6391074372923,3665.5433490507503,3584.100866689196,3600.479736328125,896596,-0.024056964248513557,-0.02435105928107087,3228175729.6728516
2024-01-04,3607.3829701373324,3615.188726337006,3546.335038768653,3561.76611328125,630734,-0.010752351320370557,-0.010810575591169927,2246526987.694336
2024-01-05,3573.5429244342467,3643.028481298246,3567.9028630004805,3600.885986328125,593042,0.010983279587338135,0.010923401412292255,2135476627.104004
2024-01-08,3623.0848386154194,3654.7595091540406,3603.818522527697,3618.2119140625,508360,0.004811573540555836,0.004800034918404327,1839354208.6328125
2024-01-09,3652.9095618925703,3743.872510210866,3637.7040895507257,3711.16015625,1043602,0.025688998984898737,0.025364580900696234,3872974161.3828125
2024-01-10,3694.6457751646917,3769.3653429031215,3687.3363887331884,3734.21630859375,511944,0.006212653556576075,0.0061934345839399765,1911709633.8867188
2024-01-11,3767.560759088281,3966.0909068725737,3755.8294321737544,3918.44384765625,2133475,0.04933499396875529,0.04815662444814106,8359901987.878418
2024-01-12,3828.6084103118405,3966.0906156845545,3828.6084103118405,3955.39697265625,905401,0.00943056132400688,0.009386371188506677,3581220374.4399414
2024-01-15,3955.396949100418,3982.830115581702,3913.886103313162,3945.696044921875,490217,-0.002452580057434872,-0.002455592558512,1934247278.0534668
2024-01-16,3916.5483135635204,4015.723048592708,3916.5483135635204,3956.75048828125,972808,0.002801645953849352,0.0027977286587010683,3849158529.0039062
2024-01-17,3921.87239503185,3997.6748067167728,3917.360346717271,3944.29736328125,443836,-0.003147311167808642,-0.003152274368161971,1750621164.5292969
2024-01-18,3911.044131890611,3981.116165786181,3877.564639682248,3965.188720703125,570816,0.005296597973661887,0.00528262033285368,2263393164.796875
2024-01-19,3966.090507184357,4007.4660787584025,3947.1399040783567,3970.376953125,383901,0.001308445268893843,0.001307590000349761,1524231682.6816406
2024-01-23,3972.0914617258304,4114.988122027898,3972.0914617258304,4010.4892578125,1399043,0.010102895810919943,0.010052202704569618,5610846922.717773
2024-01-24,3996.772389061152,4018.971754850429,3890.197719957985,4000.968505859375,596736,-0.002373962711551547,-0.002376785028631243,2387521942.3125
2024-01-25,4014.6857259061485,4042.84064587902,3951.20111152783,4008.639404296875,664356,0.0019172603898947038,0.0019154247920316152,2663163640.0810547
2024-01-29,4013.9186180200286,4173.6451457604835,3994.3815348150165,4145.21923828125,418127,0.034071369412268515,0.03350379634671044,1733228084.4448242
2024-01-30,4175.449332926534,4207.033669786795,4133.081024800676,4140.5712890625,709726,-0.0011212794671572324,-0.001121908571290633,2938671098.701172
2024-01-31,4121.756665973582,4184.38381651617,4077.222655249752,4170.53173828125,645505,0.007235824993012896,0.007209772012396964,2692099089.7192383
2024-02-01,4170.667349300851,4257.433959292183,4128.524637405917,4139.0830078125,660378,-0.007540700429176095,-0.007569275250736448,2733359358.533203
2024-02-02,4149.280188965358,4303.862808792127,4142.105854926959,4256.9375,994506,0.02847357541877038,0.028075737431545473,4233549885.375
2024-02-05,4259.373721536129,4308.419776137814,4241.325527800806,4283.4228515625,425966,0.006221691430165377,0.006202416614694796,1824592498.3886719
2024-02-06,4283.333050170854,4324.347751739243,4271.10557366065,4316.63232421875,261001,0.007753022245780894,0.007723122014144852,1126645353.253418
2024-02-07,4322.542757142081,4347.133423140437,4268.533444795888,4325.56591796875,265821,0.0020695748627646005,0.0020674362428892683,1149826257.880371
2024-02-08,4327.912268517657,4353.856549140399,4299.44097618684,4338.69580078125,444060,0.0030354138768196037,0.0030308163094481012,1926641257.2949219
2024-02-09,4367.663430755497,4443.465853933898,4324.43808947377,4429.79443359375,718094,0.020996778063144372,0.0207793835097182,3181008803.9970703
2024-02-12,4466.071003196004,4466.071003196004,4175.946255175171,4230.0458984375,1321957,-0.04509205520722104,-0.04614033603464217,5591938785.760742
2024-02-13,4266.593597637216,4358.504125255423,4247.0111284350605,4281.75390625,938269,0.012223982683402967,0.01214987313837519,4017436955.8632812
2024-02-14,4247.642815209469,4354.127168766876,4206.222294621143,4344.24560546875,735284,0.014594883448937113,0.01448940321336985,3194254285.7714844
2024-02-15,4358.819722077729,4381.018649278141,4319.880389117134,4346.86279296875,530347,0.0006024492484277832,0.0006022678487317348,2305345641.6625977
2024-02-16,4358.6388073418475,4439.855679528342,4358.6388073418475,4416.66357421875,848705,0.016057737401536043,0.015930175692750095,3748444458.757324
2024-02-19,4447.93226877437,4461.5133579020185,4371.137118602014,4379.033203125,524294,-0.008520089986796542,-0.00855659344319724,2295900834.1992188
2024-02-20,4379.033480328548,4405.564237879299,4198.912412710442,4208.25244140625,1153742,-0.038999649876341635,-0.03978050567927996,4855237588.25293
2024-02-21,4237.116690839914,4260.448238596435,4157.209460630041,4181.97021484375,1112050,-0.006245401607541723,-0.006264985711135815,4650559977.416992
2024-02-22,4205.11722686178,4222.500052047878,4095.1002978066667,4145.359375,1441798,-0.008754447775309648,-0.00879299308002846,5976770856.15625
2024-02-23,4182.108886097492,4246.615905590472,4136.091945632841,4167.58447265625,819122,0.005361440503876658,0.005347119147665918,3413760128.411133
2024-02-26,4171.918780734165,4177.497819562158,4122.30496029956,4146.23583984375,605090,-0.0051225435147312925,-0.0051357087195627515,2508845844.3310547
2024-02-27,4151.491468276086,4167.353227392557,4064.9907117385237,4085.32470703125,830187,-0.014690706261126563,-0.014799683303111807,3391583462.5561523
2024-02-28,4094.500575997907,4112.206704548877,4010.6276870127376,4034.6044921875,569688,-0.012415222407280213,-0.012492935165018013,2298465763.9453125
2024-02-29,4038.2474888235274,4107.411353098879,4011.5041279703914,4082.05126953125,1548190,0.011759957496608298,0.011691346580221397,6319790954.975586
2024-03-01,4112.85257300997,4172.886903378686,4103.7230320519675,4156.3798828125,510674,0.018208642756656346,0.01804485072021322,2122555140.2753906
2024-03-04,4232.7828102271005,4269.716135779811,4207.929746773926,4252.84033203125,570306,0.023207803891466705,0.022942598199723135,2425420358.399414
2024-03-05,4252.793825942551,4283.318235629213,4216.091047710686,4232.82861328125,442519,-0.004705494960456691,-0.0047166006540871695,1873107085.1206055
2024-03-06,4223.607352882001,4287.238118678694,4183.1235209322485,4274.60400390625,353334,0.009869379188640393,0.00982099495364159,1510362931.116211
2024-03-07,4288.159738251274,4337.957722308385,4261.231759350599,4290.833984375,684934,0.0037968383630200275,0.0037896485654953633,2938938084.2539062
2024-03-11,4334.269039330694,4357.323661880326,4242.5575707140215,4308.17138671875,644170,0.00404056703356126,0.0040324258651743905,2775194762.182617
2024-03-12,4303.191265777449,4331.502522631049,4272.48268838613,4296.3671875,312738,-0.002739955809358041,-0.002743716359007293,1343637281.484375
2024-03-13,4284.47069224993,4322.049723827456,4128.2062937108785,4160.990234375,700123,-0.031509632956622124,-0.032016742448487005,2913204965.861328
2024-03-14,4108.333576849079,4317.80777904365,4108.333576849079,4311.49072265625,708629,0.03616939233308636,0.03553063658464143,3055247359.305176
2024-03-15,4292.770606730451,4316.609175881871,4150.431280765955,4228.494140625,1278695,-0.019250089440089768,-0.019437785088084435,5406954315.146484
2024-03-18,4205.624037606081,4225.912104446852,4175.237866473516,4199.814453125,232124,-0.006782482497601605,-0.006805588066693482,974877730.1171875
2024-03-19,4199.629772131474,4239.837121315714,4158.684855187569,4188.3330078125,388757,-0.0027337982286234075,-0.002737541879481521,1628243775.118164
2024-03-20,4188.563992992835,4231.860755993698,4131.388526774086,4159.46923828125,418716,-0.006891469584058951,-0.006915325424949379,1741636321.5761719
2024-03-21,4175.468275537892,4191.330034661174,4099.296169129813,4168.18310546875,633619,0.0020949469002686794,0.0020927555589732743,2641040011.104004
2024-03-22,4185.612729816839,4367.790630718106,4166.062679707393,4319.51416015625,902115,0.03630623963926882,0.03566269826418081,3896698516.5893555
2024-03-26,4319.514228953804,4356.908647896792,4272.989818939747,4307.6640625,551123,-0.002743386690465477,-0.00274715667232284,2374052741.1171875
2024-03-27,4326.8914930746505,4332.4246024008335,4205.163087898638,4216.736328125,693528,-0.021108362457175733,-0.021334329459562876,2924424712.171875
2024-03-28,4245.739204468493,4380.378197485956,4226.557939002158,4354.83349609375,1086607,0.032749775471532905,0.0322249298863694,4731992560.689941
2024-04-01,4371.15605221519,4407.812898855602,4299.317944705305,4316.5166015625,664163,-0.008798704833518856,-0.00883764200292372,2866870615.6435547
2024-04-02,4288.159955368643,4320.851591486719,4170.120283478925,4205.90087890625,1342779,-0.025626154806449475,-0.025960224347398253,5647595376.276855
2024-04-03,4228.125796573169,4245.047980900546,4174.270284157132,4202.58154296875,681469,-0.0007892092640954251,-0.0007895208536770682,2863929041.505371
2024-04-04,4228.218472801798,4232.829398072029,4115.481349944651,4170.9970703125,1378250,-0.007515493116152183,-0.0075438767352285566,5748676712.158203
2024-04-05,4131.8490299174655,4210.327047091187,4120.644574563685,4172.7939453125,605460,0.0004308022685486357,0.0004307094998936841,2526459822.1289062
2024-04-08,4186.719744887902,4250.212269842722,4172.979278954096,4237.5322265625,711580,0.015514372887432737,0.015395255446200214,3015343181.7773438
2024-04-09,4255.883423275045,4309.600695085613,4154.443081658522,4169.84375,945922,-0.015973560304321066,-0.016102512681435307,3944346939.6875
2024-04-10,4197.509279869771,4197.509279869771,4127.60739277254,4145.12890625,515061,-0.005927043129613674,-0.005944677765099878,2134994239.5820312
2024-04-12,4158.1317157092035,4170.85768721989,4086.201293481366,4095.238525390625,438331,-0.012035905755343523,-0.012108923752285691,1795069998.072998
2024-04-15,4085.2790537472674,4095.0079242012107,4028.9798464503815,4040.276611328125,645166,-0.01342093109393605,-0.013511805787576965,2606649100.224121
2024-04-16,4005.971130535634,4100.449151884532,3954.374706233216,3986.512939453125,719918,-0.013306928472238133,-0.013396259006685719,2869962422.345215
2024-04-18,4018.8816811770116,4056.3684062506536,3902.3176031522617,3920.484375,1103254,-0.016562987617489755,-0.016701687553202615,4325290068.65625
2024-04-19,3920.438162135162,3920.438162135162,3843.804514589447,3885.810302734375,674079,-0.008844333747822897,-0.008883677015991645,2619343123.056885
2024-04-22,3909.925175831044,3997.6709663856077,3879.5390076332314,3976.368408203125,619635,0.023304818921558335,0.023037408296746578,2463897038.6169434
2024-04-23,4000.4379857331364,4028.933408299153,3953.3142485872772,4006.939208984375,547228,0.007688120828589051,0.007658717834010596,2192709329.4541016
2024-04-24,4020.726001799817,4062.5471753848274,3997.763688773259,4051.48095703125,658601,0.011116152685072711,0.011054822346203993,2668309409.7817383
2024-04-25,4058.5352716814227,4163.6643380235455,4027.088680200925,4148.263671875,1103462,0.023888231456644426,0.02360737169201326,4577451327.894531
2024-04-26,4159.28459645321,4187.457166058303,4118.893076478846,4142.0859375,497777,-0.0014892337767449249,-0.0014903437875464181,2061835111.7109375
2024-04-29,4177.498013554057,4177.498013554057,4099.665690290222,4110.82421875,590104,-0.007547337071637017,-0.00757596234072969,2425813814.78125
2024-04-30,4117.555390241318,4231.168744841041,4117.555390241318,4189.53173828125,828084,0.01914640844341009,0.01896542247075552,3469284199.9628906
2024-05-02,4265.104632308108,4265.104632308108,4197.139433512572,4206.5458984375,808478,0.004061112606162043,0.004052888546730621,3400899814.876953
2024-05-03,4221.300634746856,4223.560167467317,4165.370220489946,4198.4765625,347594,-0.0019182807301585392,-0.0019201229869925823,1459365262.265625
2024-05-06,4216.183321556474,4226.096808967864,4118.016561447593,4158.8232421875,241049,-0.009444692550311218,-0.009489576492577301,1002480183.7060547
2024-05-07,4176.529343568774,4181.601360349485,4087.3079574717253,4128.39111328125,456294,-0.007317485532336021,-0.007344389656969517,1883760094.6435547
2024-05-08,4143.053737626026,4299.225834342495,4071.1233182612227,4254.86865234375,1313834,0.03063603607119858,0.030176122408971787,5590191100.983398
2024-05-09,4292.770623911528,4538.993987302371,4273.266503722516,4394.11865234375,3589872,0.032727214722197306,0.03220308432774676,15774323514.726562
2024-05-10,4415.974423966252,4568.82656151072,4403.248002976729,4497.8642578125,1520297,0.02361010561547161,0.02333569787636449,6838089537.55957
2024-05-13,4526.0836027323085,4527.882043446659,4362.488087425796,4505.38037109375,624906,0.00167104048731459,0.0016696458526040188,2815439226.178711
2024-05-14,4532.446512300556,4657.955968281882,4523.362900903587,4650.99365234375,1335266,0.03231986408611487,0.031808564855966934,6210313690.19043
2024-05-15,4664.410846210662,4705.909163347767,4630.059461469392,4663.76513671875,882851,0.0027459689970903423,0.002742205711892672,4117409714.717285
2024-05-16,4670.820554842916,4753.8171952294115,4649.379756076404,4741.275390625,1296732,0.01661967351142879,0.016483078107261337,6148163519.8359375
2024-05-17,4735.419482240752,4766.404985073585,4678.105780511841,4693.18359375,609690,-0.010143219474256338,-0.010195012454268614,2861387105.2734375
2024-05-21,4680.088103854145,4724.168359476711,4637.898147055854,4660.583984375,480490,-0.006946161112983851,-0.006970397990802004,2239363998.6523438
2024-05-22,4657.033362764723,4673.586760475309,4578.647652698387,4607.189453125,422368,-0.011456618189696788,-0.011522750829337942,1945929394.9375
2024-05-23,4610.924737387033,4754.2785675866435,4576.849823463495,4744.826171875,644911,0.029874334483172227,0.029436789442142054,3059990591.330078
2024-05-24,4707.845984794881,4793.655105283058,4684.7449840476065,4720.0185546875,458258,-0.005228351111058016,-0.0052420667664572216,2162986262.8339844
2024-05-27,4727.11997423699,4729.70191193934,4657.033919215139,4688.2958984375,380940,-0.006720875327597131,-0.00674356211737521,1785959439.5507812
2024-05-28,4689.264242645731,4818.416056544718,4652.422776127866,4780.560546875,727224,0.019679783536753703,0.019488640298356126,3476538363.140625
2024-05-29,4768.664238196242,4797.344279793083,4708.722217293296,4743.48876953125,409279,-0.007754692568005095,-0.0077849165496009665,1941410340.1049805
2024-05-30,4729.886502369914,4783.327299136982,4698.255739409233,4736.341796875,457454,-0.0015066911725726273,-0.0015078273731296914,2166658500.3476562
2024-05-31,4772.306725426495,4786.093569414183,4614.152019453424,4721.2177734375,1905070,-0.003193186658842606,-0.0031982957584666353,8994250343.642578
2024-06-03,4869.1361274848705,4900.490413154281,4753.494234514222,4759.02734375,962485,0.008008435985567885,0.007976538647458183,4580492432.949219
2024-06-04,4763.084277908858,4932.7662734819905,4537.379558253835,4897.44677734375,1945233,0.029085656289732364,0.02867069565154176,9526675087.032715
2024-06-05,4901.412601496228,5325.802260295045,4901.412601496228,5218.18310546875,2058534,0.06549051836740105,0.06343527375335636,10741807340.833008
2024-06-06,5215.048191854666,5289.14584251716,5046.518892531311,5103.60205078125,1498100,-0.021958036422182414,-0.02220270232404128,7645706232.275391
2024-06-07,5149.387857408641,5198.724746534416,5107.0596631503695,5147.49755859375,637134,0.008600887642832733,0.008564110734295267,3279645709.4970703
2024-06-10,5150.403282565351,5334.840284626778,5146.760471660378,5276.92724609375,1018162,0.02514419599557005,0.02483328171607444,5372766798.737305
2024-06-11,5284.119188855381,5391.461415304858,5261.064567612557,5336.31494140625,1015127,0.011254219082982742,0.01119136152819747,5417037377.524902
2024-06-12,5348.67199681574,5403.080901610935,5327.0929619201825,5339.634765625,668529,0.0006221192443103263,0.0006219258083559176,3569700690.2285156
2024-06-13,5367.301091326316,5385.560173443948,5285.042012672477,5363.427734375,547596,0.004455916892138756,0.004446018687290219,2936991573.6328125
2024-06-14,5369.882304974795,5408.3835219132625,5313.260246049347,5352.54541015625,573273,-0.0020289868266525346,-0.0020310480089703376,3068469764.916504
2024-06-18,5370.804637698178,5435.86459961513,5290.298079338671,5307.03564453125,527069,-0.008502452971000829,-0.008538805025347563,2797173970.1274414
2024-06-19,5325.4334679847,5330.044392733695,5187.290342619066,5208.22412109375,447054,-0.01861896735879709,-0.018794482351083355,2328357426.2314453
2024-06-20,5227.866390423989,5227.866390423989,5068.328396854868,5076.25927734375,840321,-0.02533778130160169,-0.025664310369925482,4265687272.1967773
2024-06-21,5054.495805456283,5178.068591066782,5009.308742061399,5027.75244140625,669719,-0.009555626158418429,-0.009601574095879145,3367181337.3061523
2024-06-24,4970.57651558581,5103.37113863671,4970.57651558581,5094.564453125,464982,0.013288643881611328,0.013201124344903467,2368880768.5429688
2024-06-25,5132.788815085166,5145.653474479795,5047.533091745965,5081.23876953125,1118588,-0.0026156668968190244,-0.0026190937304177283,5683812712.732422
2024-06-26,5098.759874510018,5112.59264682285,5005.619207603612,5028.673828125,384494,-0.01034490678167821,-0.010398787244200344,1933494914.8710938
2024-06-27,5035.0371048539055,5081.238657110887,4999.164203302744,5058.36865234375,874237,0.005905100476525149,0.005887733705520101,4422213035.519043
2024-06-28,5072.016844985233,5169.076803700632,5027.844279246933,5145.4228515625,539635,0.017209935693084377,0.01706352220696035,2776650260.5029297
2024-07-01,5159.624450628048,5282.551516138248,5150.402601743995,5167.09423828125,1018344,0.004211779545420402,0.00420293482792064,5261879414.988281
2024-07-02,5228.788241395525,5232.476980895627,5072.016812641162,5133.8955078125,689851,-0.006425029027493201,-0.00644575836526388,3541622949.959961
2024-07-03,5164.142970254095,5190.010526062997,5120.9385189806035,5145.56103515625,329072,0.0022722564816517465,0.002269678810906759,1693260060.9609375
2024-07-04,5158.701971212547,5167.8778904425335,5100.2355426828035,5125.826171875,676316,-0.0038353180822100486,-0.0038426917742804298,3466678253.2578125
2024-07-05,5125.826242032105,5161.4685963647535,4963.752254929889,5125.54931640625,613329,-5.4011872323900256e-05,-5.401333101760098e-05,3143648036.682129
2024-07-08,5132.558330711239,5191.901019454306,5060.535599513909,5073.76904296875,478557,-0.010102385176893658,-0.01015376057225294,2428087691.895996
2024-07-09,5095.11735177892,5163.72826654949,5076.673654321366,5154.2294921875,570084,0.015858122144966957,0.01573369584711731,2938343765.8242188
2024-07-10,5159.623887157505,5210.344050480769,5044.904189625267,5080.08544921875,354244,-0.01438508764135038,-0.014489556083323057,1799589789.8730469
2024-07-11,5099.682314344887,5127.808952787477,5074.783322936694,5096.22412109375,491353,0.0031768504755136373,0.003171814947968551,2504045010.5717773
2024-07-12,5103.278686710701,5164.23519577509,5076.765872089534,5115.26708984375,265681,0.0037366819624709002,0.003729717909336378,1359029275.6967773
2024-07-15,5115.359545733445,5200.2005549650075,5098.39143394425,5170.09130859375,249438,0.010717762687084686,0.010660734582500915,1289617235.8330078
2024-07-16,5179.91245242779,5218.64421724922,5129.192284209253,5144.03955078125,336316,-0.005038935728116978,-0.005051673974239093,1730022805.5605469
2024-07-18,5113.976816314425,5143.947828221417,4995.568354714394,5074.04638671875,841644,-0.013606653559238291,-0.013700072450005858,4270540697.1035156
2024-07-19,5090.414820441232,5097.607682690517,4953.055196731178,5005.34326171875,370397,-0.013540105817682169,-0.013632609001421771,1853964128.1108398
2024-07-22,5000.086362365176,5062.794933490375,4970.576446541552,5038.0341796875,415035,0.006531204007280023,0.006509968108229779,2090960515.7666016
2024-07-23,5058.184009121704,5219.428123608161,4914.968879005016,5084.51220703125,908996,0.00922542914280755,0.00918313479471382,4621801258.142578
2024-07-24,5084.005596386732,5084.005596386732,4984.409622432485,4996.16748046875,723617,-0.01737526098183617,-0.017527982464828458,3615311723.7143555
2024-07-25,4980.720036790986,5026.183566695988,4936.455166995399,4982.7490234375,438831,-0.0026857500441500592,-0.002689363141500775,2186584736.7041016
2024-07-26,4989.020146269598,5114.621905666994,4977.35459772222,5052.55859375,517306,0.014010252168859871,0.013913015738056833,2613718875.8984375
2024-07-29,5076.858576897848,5102.126353878009,4977.30853376628,5002.25390625,418301,-0.009956279886041641,-0.010006175097330918,2092447811.2382812
2024-07-30,5030.518437073036,5116.281629492429,4989.5735191363765,5020.65087890625,412385,0.003677736676513721,0.003670990338759212,2070441112.697754
2024-07-31,5028.581295284589,5105.353178196378,4984.593351463211,5061.365234375,870466,0.00810937793739197,0.0080766736209318,4405746350.105469
2024-08-01,5097.595318057775,5097.595318057775,4947.057857976036,4990.2080078125,868140,-0.014058899776531741,-0.014158662245447614,4332199179.902344
2024-08-02,4946.685854323661,4992.297639961611,4864.427062539477,4899.4951171875,402666,-0.01817817824086354,-0.018345431327800112,1972860100.8574219
2024-08-05,4812.034271554013,4874.228004525355,4759.037558068113,4815.61083984375,439371,-0.01712100437644748,-0.017269263437918774,2115839750.3129883
2024-08-06,4830.799072772387,4881.752354037574,4791.550717246281,4806.22802734375,552856,-0.001948415852536911,-0.001950316483918936,2657152002.2851562
2024-08-07,4858.43569726683,4937.164650487359,4852.118983341746,4868.79345703125,515480,0.0130175741416243,0.012933573725759163,2509765651.2304688
2024-08-08,4863.080297653848,4878.872535487681,4781.239256749647,4792.38671875,243559,-0.015693156621977344,-0.015817597838352737,1167228916.8320312
2024-08-09,4835.165222035383,4873.902379095626,4821.973877652694,4837.25537109375,333635,0.009362485746027938,0.00931892932951717,1613877695.7348633
2024-08-12,4844.315330029042,4946.686373121564,4816.632646879871,4934.470703125,569618,0.020097208969405367,0.019897925666327518,2810763332.9726562
2024-08-13,4969.909792470928,5023.1387383444,4845.429808883805,4872.833984375,1042924,-0.012491049690692368,-0.012569718643572174,5081995510.3203125
2024-08-14,4904.883068367362,4921.232769313528,4636.415036784376,4712.07861328125,2185163,-0.03299011860638401,-0.03354656497338327,10296659838.833496
2024-08-16,4756.250275057513,4773.854156242566,4663.4010281928395,4763.77490234375,679493,0.010971015830846031,0.01091127081515656,3236951699.7182617
2024-08-19,4783.1896661546625,4852.861296560877,4744.68429698029,4820.2548828125,714915,0.011856139642736352,0.011786406257139809,3446072519.5458984
2024-08-20,4829.638025159092,4969.910258626878,4821.277428462336,4871.8125,962948,0.01069603546719855,0.010639237529392035,4691302103.25
2024-08-21,4871.811862086972,4928.292602308774,4844.500673838634,4909.2490234375,612911,0.007684311216308082,0.0076549372798853125,3008932728.2041016
2024-08-22,4909.527952667974,5000.565557088307,4889.509150683524,4951.28466796875,761731,0.008562540692184317,0.008526090066148722,3771547021.416504
2024-08-23,4951.331501980138,5057.046428409481,4937.397173175315,5002.3310546875,757678,0.010309725685736293,0.010256942937666793,3790156188.8535156
2024-08-26,5025.647281615497,5039.581608644006,4948.544005391082,4964.10400390625,553070,-0.007641847443389138,-0.007671195973160756,2745497001.4404297
2024-08-27,4973.625974661934,5013.524780605725,4947.615229930792,4975.99462890625,672259,0.002395321490170854,0.0023924572805403247,3345157173.2338867
2024-08-28,4983.844332378755,5000.7514973846055,4891.877773402894,4934.05224609375,688591,-0.008428944550874506,-0.008464668991860743,3397543970.1899414
2024-08-29,4923.461793684297,5004.559388585241,4915.008211961779,4992.6689453125,516725,0.011880032130822338,0.011810018512947005,2579836860.7666016
2024-08-30,5016.358236656109,5125.974953679334,5003.213610883895,5067.822265625,1569946,0.015052734546531443,0.014940566362382628,7956207294.628906
2024-09-02,5141.766904140122,5229.134957090986,5125.0457109559275,5181.89794921875,1054947,0.022509803543728113,0.022260196706683933,5466627695.834473
2024-09-03,5204.006710981083,5294.115359850267,5155.608057313483,5245.34521484375,805935,0.012244020674812006,0.01216966894781891,4227407295.7250977
2024-09-04,5206.793513838107,5285.104250013789,5206.793513838107,5279.94873046875,532554,0.006596994898844022,0.006575329958133994,2811857816.2060547
2024-09-05,5285.754941269497,5387.011055258667,5248.596734300994,5326.81494140625,817503,0.008876262503658694,0.008837100059122183,4354687195.044434
2024-09-06,5313.623350788901,5360.349612454569,5248.317986498097,5335.68603515625,683920,0.0016653654853002742,0.0016639803018783275,3649182393.1640625
2024-09-09,5335.732543802331,5360.396575812158,5282.178368771451,5337.1259765625,469914,0.0002698699655043768,0.0002698335571554354,2507990216.1503906
2024-09-10,5385.152776813699,5447.532021779925,5256.260255202021,5266.89697265625,775935,-0.013158580894409133,-0.013245922056596951,4086769702.4780273
2024-09-11,5293.1862828589965,5303.126284096631,5204.331816196529,5252.73046875,592210,-0.0026897248949043773,-0.0026933487044018445,3110719510.8984375
2024-09-12,5295.044573970679,5404.661286203756,5253.2415904919635,5390.8662109375,855863,0.026297892688252222,0.025958048357720993,4613842927.891602
2024-09-13,5412.928681869092,5431.693757367027,5360.071224463972,5384.0380859375,332581,-0.0012666099904588002,-0.0012674128188780323,1790628770.6591797
2024-09-16,5369.36084155929,5408.841435982519,5320.126217925615,5368.85009765625,333195,-0.002820928834236791,-0.002824915152492417,1788874008.2885742
2024-09-17,5387.94022674951,5559.750674554578,5354.126347768881,5537.68798828125,1250736,0.03144768200898462,0.0309633319413339,6926185723.7109375
2024-09-18,5560.075198873939,5709.3122098427,5506.93923529226,5540.9853515625,1446956,0.0005954404235535282,0.0005952632192441108,8017562000.355469
2024-09-19,5573.730101240692,5629.467402253099,5555.2439871231745,5579.35009765625,532623,0.006923812942932983,0.006899953419372802,2971690187.063965
2024-09-20,5619.017949740872,5659.195263454662,5560.493770227142,5586.0400390625,993542,0.0011990538842616694,0.0011983355932753833,5549965392.490234
2024-09-23,5620.178698220558,5768.811523297465,5577.7252661214125,5750.7431640625,887240,0.029484773443844148,0.02905845713237129,5102289364.8828125
2024-09-24,5751.161195384079,5802.48596618766,5676.1943351448335,5691.0576171875,631130,-0.010378753697084964,-0.010432988547711344,3591797193.935547
2024-09-25,5707.500306283553,5730.166720687889,5605.1759896552885,5655.75732421875,341785,-0.0062027649943553476,-0.006222082062057118,1933053017.0581055
2024-09-26,5578.932709562054,5634.112550500791,5484.643769104374,5621.525390625,1255943,-0.006052581755437769,-0.006070972875112222,7060315463.677734
2024-09-27,5636.992618732962,5656.686194997568,5518.457855452491,5534.11083984375,718197,-0.015549969929341767,-0.015672138848653087,3974581802.8432617
2024-09-30,5471.546007157025,5471.546007157025,5286.219448850094,5306.5634765625,1346723,-0.04111723994448846,-0.041986463860428064,7146471084.84668
2024-10-01,5306.563171249397,5382.366000252204,5262.530788993568,5341.5849609375,742940,0.006599654282791301,0.006577971909627765,3968477130.8789062
2024-10-03,5326.025244051223,5326.025244051223,5222.585994582193,5260.44091796875,1219791,-0.0151910048351096,-0.015307570151891547,6416638487.77002
2024-10-04,5245.8559367096705,5248.550269486106,5094.389982719097,5128.6220703125,943922,-0.025058516902258132,-0.025377827121051598,4841019201.853516
2024-10-07,5174.234258677228,5209.99903429887,5049.893512973055,5110.693359375,682783,-0.0034958144101282507,-0.003501939047218976,3489494543.9941406
2024-10-08,5073.95321026252,5151.056490462408,5026.576495922829,5136.98291015625,473756,0.005144028203731832,0.005130842888410533,2433676475.5839844
2024-10-09,5147.386507256078,5191.001130907387,5137.121734774132,5159.97412109375,439340,0.0044756253504454335,0.004465639523434102,2266983030.361328
2024-10-10,5191.001258715137,5197.457678295578,5058.160675322821,5068.47216796875,579335,-0.017733025588431484,-0.01789213954086848,2936343323.430176
2024-10-11,5072.559506732759,5098.430997920314,5053.515926495048,5087.23681640625,303034,0.0037022297480662214,0.0036953933635610796,1541605721.4228516
2024-10-14,5112.9689624752045,5178.924775762947,5109.113889459053,5160.6708984375,407147,0.014434964339467449,0.014331772107080205,2101151674.2861328
2024-10-15,5169.635533313568,5190.676277245703,5075.811060920994,5114.501953125,302887,-0.00894630683124531,-0.008986565323957418,1549116153.0761719
2024-10-16,5114.501499112831,5126.903140279141,5004.281068433363,5014.685546875,504211,-0.019516349229080188,-0.019709307864235144,2528459614.2753906
2024-10-17,4982.032352017246,4982.032352017246,4737.670900068861,4846.77685546875,1947589,-0.03348339389114552,-0.03405679878569605,9439529289.165527
2024-10-18,4846.776916518932,4912.918246782518,4780.449160209424,4845.61572265625,427617,-0.00023956803606295374,-0.00023959673706889253,2072067658.4750977
2024-10-21,4845.615842147745,4880.590911435947,4723.783016197648,4869.81494140625,740720,0.004994044128768582,0.004981615253447582,3607169323.3984375
2024-10-22,4889.091008919025,4899.681007028731,4788.763851601287,4808.0859375,531833,-0.012675841823349576,-0.012756865732004602,2557098768.3984375
2024-10-23,4808.085697778067,4904.8830020969035,4756.760927727716,4780.12451171875,411524,-0.0058155004184032855,-0.005832476288409376,1967135959.5605469
2024-10-24,4793.454870616636,4859.55039282998,4731.726072663826,4750.30517578125,349453,-0.006238192303233192,-0.006257731125174687,1660008394.5922852
2024-10-25,4756.250563801739,4779.195938387889,4528.65654268232,4619.97265625,709797,-0.02743666242660192,-0.027820077000133572,3279242731.4882812
2024-10-28,4619.973030898894,4659.500349518854,4548.211236787757,4577.70556640625,419927,-0.009148774892979161,-0.009190881949413232,1922302165.3842773
2024-10-29,4577.751876775331,4607.571428786553,4407.89233130893,4447.32666015625,953917,-0.028481278308240876,-0.02889473943755077,4242380505.6762695
2024-10-30,4407.892375022453,4679.611768003289,4403.340585311311,4560.51953125,1039340,0.025451890482399042,0.025133384199608155,4739930369.609375
2024-10-31,4586.251460621114,4670.321899589357,4570.412957147071,4635.06787109375,897452,0.016346457751780896,0.016214292752610087,4159750931.048828
2024-11-01,4681.6554562745605,4684.720826836532,4654.204559405668,4663.8193359375,49631,0.006203029954114925,0.006183870354700384,231470017.46191406
2024-11-04,4763.217291540305,4763.217291540305,4390.706295166309,4464.6044921875,1676556,-0.04271495729153385,-0.04365408160768897,7485159449.003906
2024-11-05,4475.705507073277,4531.721316105092,4422.662082097249,4478.2138671875,673746,0.003048282333589558,0.003043645741036065,3017178680.1621094
2024-11-06,4512.86394967733,4570.459166820186,4497.0717127188045,4545.19140625,602657,0.01495630647594881,0.014845563760220237,2739191417.3164062
2024-11-07,4567.625852823257,4567.625852823257,4447.883180379868,4473.84765625,373373,-0.015696533682145186,-0.01582102874608619,1670413920.9570312
2024-11-08,4486.853490127225,4488.711400475104,4399.485437454783,4430.09423828125,333494,-0.00977981847630105,-0.009827955002462018,1477409847.9013672
2024-11-11,4424.613648166546,4446.11887047683,4382.3924525983075,4419.50439453125,424955,-0.002390433065394215,-0.002393294711806685,1878090489.9780273
2024-11-12,4419.503847325761,4455.4545907994025,4368.6898223897515,4388.56982421875,310558,-0.006999556409713947,-0.0070241682197570345,1362905467.4697266
2024-11-13,4358.3324142640895,4363.070176329423,4172.86660607266,4198.505859375,1304908,-0.0433088619884463,-0.04427467942071973,5478663883.9453125
2024-11-14,4198.5059411421635,4301.062502757452,4149.64280773597,4276.90966796875,889483,0.018674216785640407,0.018501994374705618,3804238442.1938477
2024-11-18,4490.708349557903,4496.09656146503,4379.1874676730495,4396.74462890625,1783519,0.028019053531802562,0.02763370142522073,7841677583.802246
2024-11-19,4421.779843061644,4509.101619171217,4398.137755220974,4436.50341796875,704072,0.00904277878708415,0.009002137684910086,3123617834.4960938
2024-11-21,4458.938693260499,4477.564063582198,4404.362575265592,4429.119140625,572418,-0.0016644363022109143,-0.0016658230152569458,2535307520.2382812
2024-11-22,4438.9196158668665,4466.7882729900775,4405.105735942321,4453.50439453125,394712,0.00550566673237185,0.005490565950513799,1757851626.5742188
2024-11-25,4505.432431894597,4559.915560172325,4472.919001973708,4513.142578125,1174601,0.013391293307576824,0.013302422457318431,5301141785.408203
2024-11-26,4514.722110490594,4534.4624077844055,4459.960021973087,4494.935546875,384827,-0.0040342246970545,-0.0040423841335679184,1729772561.6972656
2024-11-27,4498.000912961894,4545.7491177674165,4468.831811473025,4525.1728515625,296689,0.006726971804639437,0.006704446690587941,1342569008.1572266
2024-11-28,4546.30677679458,4561.123793762381,4421.91976546693,4443.6572265625,778790,-0.01801381464839591,-0.01817803859668151,3460675811.4746094
2024-11-29,4457.869141598161,4463.118100302494,4395.9081142934165,4423.4052734375,462448,-0.004557496695276497,-0.0045679137458391065,2045594921.890625
2024-12-02,4397.209107340327,4439.476565750379,4361.072843505831,4411.09716796875,510429,-0.002782495545379904,-0.0027863738820836574,2251551916.349121
2024-12-03,4412.537361780126,4444.121839738131,4356.800047736588,4363.302734375,664696,-0.010835044383245562,-0.010894170957216,2900269874.328125
2024-12-04,4370.780002661763,4389.3128383044805,4287.592255067582,4306.49658203125,586762,-0.01301907197413088,-0.013104562910761654,2526888547.4658203
2024-12-05,4325.215303498486,4345.698583711873,4262.417842823915,4314.39306640625,796988,0.0018336214193104272,0.0018319423877146337,3438519501.2089844
2024-12-06,4326.0979324224045,4384.668374075995,4287.1280818560845,4300.69091796875,733835,-0.003175915644819449,-0.003180969568304208,3155997519.7875977
2024-12-09,4309.376219576642,4328.559050680683,4263.903688348247,4269.43115234375,329145,-0.007268545036425045,-0.007295089615089678,1405261916.6381836
2024-12-10,4273.194153182166,4287.0822156165805,4237.615348517244,4262.3251953125,384707,-0.001664380283389555,-0.0016657669030419504,1639746338.913086
2024-12-11,4260.420469466897,4323.682404605056,4260.420469466897,4320.0595703125,571443,0.01354527689803997,0.013454359713789906,2468667801.038086
2024-12-12,4320.059885114913,4329.070478387218,4219.314512382043,4233.0166015625,821540,-0.02014855752178979,-0.020354308116288626,3477592458.8476562
2024-12-13,4233.016540193812,4257.401613805507,4180.298333433292,4250.38818359375,552194,0.004103830357017113,0.004095432612656282,2347038852.651367
2024-12-16,4263.904055477528,4263.904055477528,4194.8828706129925,4216.52734375,835965,-0.0079665287924644,-0.007998431129854976,3524869280.9179688
2024-12-17,4192.653303855889,4234.688526466724,4083.3155494627686,4101.43017578125,778939,-0.027296672969369995,-0.027676148704830077,3194763919.692871
2024-12-18,4085.9628911290006,4115.17825794241,4061.577818858217,4077.602294921875,738092,-0.00580965171614467,-0.0058265933913641725,3009645633.0634766
2024-12-19,4021.9576384782545,4141.37509665705,4017.7310739295194,4093.859130859375,691740,0.003986861582294443,0.003978935110502138,2831886115.180664
2024-12-20,4093.8588886290318,4144.579474578306,4017.7308362036124,4031.618896484375,800108,-0.015203316085264151,-0.01532007138529626,3225730532.0283203
2024-12-23,4054.889072755916,4064.6431014532673,3955.816100562524,3969.0537109375,931177,-0.015518625930003638,-0.01564030025917774,3695891527.3896484
2024-12-24,3969.053833881037,4008.4414412178335,3948.0593569352936,3956.512939453125,561434,-0.003159637635997803,-0.003164639830520304,2221320885.648926
2024-12-26,3966.63818359375,4001.7992240190506,3953.2613211870193,3971.282958984375,375676,0.003733090162291175,0.0037261394742041493,1491915696.899414
2024-12-27,3976.3923368956703,4039.7005367414536,3928.132937633701,3936.865478515625,744900,-0.008666589821026527,-0.008704363112691255,2932571094.946289
2024-12-30,3950.613864305366,3970.3541604940647,3872.1171571079517,3890.092529296875,1819173,-0.011880758810277059,-0.01195189905337425,7076751296.798584
2024-12-31,3866.682679957954,3917.821931193526,3855.1637272502267,3865.0107421875,492605,-0.006447606816670892,-0.006468482413642384,1903923616.6552734
2025-01-01,3878.201936271151,3898.824922875171,3836.5849252977023,3887.07373046875,329310,0.0057083898992640325,0.005692158781381591,1280052250.180664
2025-01-02,3887.676883464372,4015.082977827859,3851.4476365216933,4005.189697265625,1062633,0.03038686039604177,0.029934324341810137,4256046743.574463
2025-01-03,3962.411650942007,3994.3208952563305,3866.7292771340703,3941.6494140625,1269643,-0.015864487828505247,-0.015991675790371536,5004487587.018555
2025-01-06,3956.419861597098,3994.5070215702094,3890.2318092048013,3904.21240234375,813031,-0.009497803529960658,-0.009543195309352765,3174245713.6899414
2025-01-07,3901.7046822258053,3924.6963225771806,3860.0872186470683,3866.357666015625,396158,-0.009695870108245241,-0.009743181119483437,1531688520.253418
2025-01-08,3898.824742304535,3898.824742304535,3808.7160932686666,3844.109375,438731,-0.005754328217273397,-0.005770948152264454,1686529950.203125
2025-01-09,3854.560027599853,3868.540620754523,3820.1886880732723,3847.035400390625,340998,0.0007611712116346592,0.0007608816677469471,1311831377.4624023
2025-01-10,3850.519107369988,3868.169255268668,3796.082244711571,3829.339111328125,355269,-0.004599980821778593,-0.004610593290834518,1360445476.7424316
2025-01-13,3808.7163454949314,3829.107093707986,3713.4984368575583,3756.36962890625,801718,-0.01905537229805876,-0.019239265758114722,3011549146.147461
2025-01-14,3778.060332159557,3840.5325616500245,3769.4674976199763,3811.177490234375,242769,0.014590646486534187,0.014485227190684466,925235748.126709
2025-01-15,3830.268217746475,3861.8526941809278,3793.063290262227,3819.770751953125,281045,0.0022547524330129853,0.0022522142932810438,1073527470.982666
2025-01-16,3873.7429577587172,3878.3877334874446,3769.6534883187965,3784.65625,349664,-0.00919282968360613,-0.009235344497283207,1323358043.0
2025-01-17,3786.4208984375,3831.939697265625,3762.26806640625,3806.85791015625,211342,0.005866228975550891,0.005849089650492552,804548964.4482422
2025-01-20,3824.972565726335,3824.972565726335,3758.1342926631237,3801.377197265625,254936,-0.001439694630052557,-0.0014407319861366584,969107897.1621094
2025-01-21,3802.1205989559267,3826.366420085528,3725.110304574646,3738.85888671875,287082,-0.016446226539119868,-0.01658296703926084,1073359086.9169922
2025-01-22,3740.902265854016,3782.705246227354,3740.902265854016,3767.563232421875,272889,0.007677301169372708,0.007647980665357854,1028126562.932373
2025-01-23,3767.563277114637,3822.65036170811,3739.044399969658,3809.041259765625,282745,0.01100924517651336,0.01094908458258952,1076987370.9924316
2025-01-24,3813.407077600282,3831.939913893114,3754.0006691506287,3764.033203125,216273,-0.011816111606886226,-0.011886476697414577,814058752.9394531
2025-01-27,3757.623644086194,3785.306553374571,3715.8206616427133,3730.637451171875,328160,-0.008872331924542842,-0.008911925426536148,1224245985.9765625
2025-01-28,3734.3993844262013,3773.694229278178,3715.8202830111454,3740.29833984375,444089,0.0025896080223073437,0.002586260764930449,1661025349.442871
2025-01-29,3749.262679776785,3822.4641581931733,3746.522307666806,3783.123046875,479893,0.011449543095281234,0.011384493134078577,1815494268.3339844
2025-01-30,3789.3939248615234,3889.535338623729,3771.6045238829684,3880.98876953125,807120,0.02586902975230765,0.025540087286915144,3132423655.6640625
2025-01-31,3890.464013654748,4062.1347371187276,3879.3165522975714,4030.87548828125,1056018,0.038620755598863354,0.03789363643681829,4256677071.383789
2025-02-01,4022.376117825951,4201.618209640005,3935.1005931400196,4089.400146484375,1141242,0.0145190935252828,0.014414700732829477,4666995201.974121
2025-02-03,4105.98172765441,4115.271279074443,3927.808312854736,3982.10546875,846135,-0.026237265586889436,-0.026587604179882134,3369398810.8007812
2025-02-04,4016.801789807551,4040.954622031186,3920.1904609130124,3936.07568359375,554233,-0.011559157716307,-0.011626484106976162,2181503034.345215
2025-02-05,3936.911711123732,3985.217376290894,3913.3163423180436,3967.009765625,408928,0.007859117689273276,0.007828395684101796,1622221369.4375
2025-02-06,3984.2884521574274,4026.6951620549135,3917.3106982541353,3929.5263671875,576470,-0.009448778967549254,-0.009493701881272248,2265254064.892578
2025-02-07,4013.0401946360853,4013.0401946360853,3916.103628871248,3970.958251953125,1344288,0.010543735018955891,0.010488537497901696,5338111526.6015625
2025-02-10,4000.3593237372097,4013.968879362974,3873.8359062734144,3898.31396484375,779450,-0.01829389343835197,-0.018463295908133687,3038540819.897461
2025-02-11,3901.6115952199816,3937.8408457470246,3781.776381938225,3795.292724609375,593081,-0.026427127512933413,-0.026782600795743135,2250916004.4040527
2025-02-12,3815.718722216332,3872.473703117973,3766.248694438756,3824.051025390625,619474,0.007577360395622623,0.007548796402705506,2368900184.902832
2025-02-13,3813.8141073917614,3832.954690663012,3756.7736348349617,3767.677001953125,557075,-0.014741964231960392,-0.014851706870211355,2098878665.863037
2025-02-14,3771.010130243584,3791.0553181564164,3666.2135130676297,3678.021484375,475952,-0.02379596699283104,-0.024083664204732087,1750561681.53125
2025-02-17,3661.4999054461778,3700.6377860589873,3578.2719567784993,3691.40087890625,913565,0.00363766078803196,0.003631060501586931,3372334643.9379883
2025-02-18,3694.7811437109426,3706.11298257478,3628.1227210151264,3657.166748046875,482022,-0.009274021430454416,-0.009317292908733574,1762834830.2270508
2025-02-19,3657.5478542140436,3712.7791231713436,3632.8843288292946,3693.971923828125,453662,0.010063849508887168,0.010013546190568387,1675814690.9077148
2025-02-20,3680.021155564371,3750.0125011288637,3671.4507867197394,3722.4921875,438563,0.007720758105361769,0.0076911055813473385,1632547341.2265625
2025-02-21,3713.8268848719126,3729.87261453563,3645.8828051503697,3668.689697265625,426337,-0.014453352088969251,-0.014558819251824397,1564098159.4631348
2025-02-24,3656.5480569904626,3705.3515475317067,3618.695593595059,3699.39990234375,272543,0.008370891956606341,0.008336050342425096,1008245547.5844727
2025-02-25,3691.9247886803696,3697.9240939262945,3634.8843103975673,3645.501953125,661184,-0.01456937628846322,-0.01467655191297525,2410347563.375
2025-02-27,3626.361399946983,3628.4089055376558,3547.418865218051,3580.08154296875,877741,-0.017945515047707028,-0.01810848850869291,3142384353.6069336
2025-02-28,3566.7971981927913,3568.082614043916,3487.3306467540733,3505.376220703125,995134,-0.020866933160320178,-0.021087724503518444,3488319060.0131836
2025-03-03,3470.094834828667,3537.6578638194587,3444.336068219376,3457.4296875,691809,-0.013677999217301617,-0.01377240489086698,2391880974.6796875
2025-03-04,3451.95420157193,3466.14283067497,3328.1599819293506,3347.0625,946922,-0.031921744612485314,-0.03244235263065225,3169407116.625
2025-03-05,3347.2051590800243,3437.289351092677,3345.776764275296,3417.4345703125,611959,0.02102502427501718,0.02080704845613774,2091329842.2138672
2025-03-06,3456.2392461031177,3483.378747002398,3411.673282339704,3474.5703125,654829,0.01671889863930165,0.01658067634231244,2275249403.1640625
2025-03-07,3489.0926291923342,3555.4653327646197,3451.9543615781145,3478.1416015625,621576,0.0010278361757860566,0.0010273083138566898,2161929344.1328125
2025-03-10,3478.617578833192,3490.7589350144467,3405.0075846645145,3411.81640625,675889,-0.01906914752484612,-0.01925330867462678,2306009179.0039062
2025-03-11,3408.150071804691,3488.6163140699878,3383.153162225235,3476.379638671875,618870,0.01892341929759289,0.01874659861725276,2151427066.9848633
2025-03-12,3476.3795432463285,3494.2821378271365,3425.2907157788586,3437.908203125,385877,-0.011066523091699088,-0.011128212606209833,1326609703.6972656
2025-03-13,3451.9542111535084,3452.478002427601,3356.1090099817297,3360.6796875,359751,-0.02246380969532591,-0.022719964478372906,1209007878.2578125
2025-03-17,3319.5894244079673,3379.5820043671474,3296.35429595791,3326.3505859375,673556,-0.010214928155809266,-0.010267458570214735,2240483395.2617188
2025-03-18,3326.3505859375,3326.3505859375,3326.3505859375,3326.3505859375,0,0.0,0.0,0.0
2025-03-19,3413.86366413042,3417.5299705438165,3346.3957215952005,3368.155029296875,674188,0.012567660046450824,0.012489342503119246,2270769702.8916016
2025-03-20,3408.150109074798,3460.5245868616416,3391.2474366981346,3425.43359375,771668,0.017005916875828087,0.01686293501983101,2643297490.421875
2025-03-21,3455.76318359375,3534.705710582741,3439.336643247376,3455.76318359375,1195882,0.00885423378199146,0.008815264911456367,4132684987.522461
2025-03-24,3483.379275902765,3511.3282977511803,3411.816779344445,3453.240234375,663262,-0.0007300700553578565,-0.0007303366862814554,2290403024.3320312
2025-03-25,3478.1412913373365,3500.2337507837183,3442.4314218164195,3454.76318359375,544164,0.00044102035056514666,0.0004409231296735512,1879957753.0371094
2025-03-26,3475.7610096980607,3494.1397376986265,3433.2899739549594,3471.904296875,755658,0.004961588499799552,0.0049493203824116415,2623572257.1679688
2025-03-27,3460.5246316952594,3608.1254346431856,3438.0036989495975,3591.984619140625,1525094,0.034586299620559036,0.03400163630025528,5478114190.743652
2025-03-28,3598.602670906801,3626.932501406795,3530.3731048987484,3545.228271484375,509889,-0.013016856310324676,-0.013102318023088212,1807672898.1188965
2025-04-01,3530.3731621238167,3634.407919511811,3530.3731621238167,3582.4619140625,506307,0.010502466901104679,0.010447699126351613,1813825544.3232422
2025-04-02,3590.0326239160713,3608.8874836635778,3554.703562659729,3603.316650390625,321687,0.005821342090550186,0.005804463550839943,1159140123.314209
2025-04-03,3599.554967886111,3625.36139411594,3557.32200112823,3574.17724609375,339509,-0.008086828642638433,-0.008119704401767115,1213465342.644043
2025-04-04,3566.178054464717,3566.178054464717,3459.1437628750987,3484.521484375,330498,-0.02508430767297165,-0.025404281131160725,1151627381.5429688
2025-04-07,3312.8763745910533,3375.773412310602,3184.368488227547,3358.537353515625,605866,-0.03615536062105007,-0.03682515982962673,2034823592.2250977
2025-04-08,3428.1475913675386,3449.9543261070603,3342.681967388306,3403.531494140625,450859,0.01339694512490719,0.013307999574081996,1534512805.916748
2025-04-09,3418.6248917022745,3503.1382507938,3369.1072052486484,3438.527099609375,584571,0.010282145333162518,0.010229643656727313,2010063225.145752
2025-04-11,3447.6214328298006,3527.278393088438,3447.6214328298006,3490.9970703125,436704,0.015259432071681456,0.015144177934300063,1524532384.59375
2025-04-15,3570.0350477453817,3633.836687702421,3510.5185925615765,3622.314208984375,604277,0.03761594066881302,0.0369257169213749,2188881163.262451
2025-04-16,3627.170438745613,3634.4077318803807,3563.3688059296624,3601.364013671875,491227,-0.005783649375456612,-0.0058004394453894225,1769087240.3439941
2025-04-17,3601.3640565947885,3616.3147746306927,3489.3780452121186,3591.746337890625,970749,-0.002670564748450399,-0.0026741370679794034,3486684165.7609863
2025-04-21,3612.8867573936527,3744.7752170402055,3576.7007540249233,3730.01513671875,1031160,0.03849625942942514,0.03777376243002277,3846242408.3789062
2025-04-22,3714.778884676801,3716.5880918312514,3638.788231925482,3650.596435546875,927543,-0.021291790585530657,-0.02152173050495716,3386085169.616455
2025-04-23,3677.735725976961,3765.4390254945506,3640.121330310663,3752.39306640625,800615,0.02788493131373082,0.027503226248120384,3004222174.86084
2025-04-24,3752.4887312102187,3797.6259171711026,3737.538011896428,3765.72509765625,1227984,0.0035529410203203327,0.0035466442357020567,4624250168.3203125
2025-04-25,3770.9624837552947,3803.4347536932014,3656.595574018662,3709.54150390625,652719,-0.014919727885864043,-0.015032146598429429,2421288220.8881836
2025-04-28,3709.0655112869713,3747.1560428534613,3662.8807417626017,3724.96826171875,521342,0.004158669689031669,0.004150046321797322,1941982403.5009766
2025-04-29,3747.632113525804,3765.15366476686,3662.7853628474027,3668.78466796875,428581,-0.01508297247184498,-0.015197877370125642,1572371401.7827148
2025-04-30,3668.784444525626,3682.8779866148116,3624.789930458767,3644.692138671875,892342,-0.006566896527676058,-0.006588553457290425,3252311872.4067383
2025-05-02,3622.028537605549,3727.15830587018,3547.180554258155,3558.988525390625,881303,-0.023514637182080467,-0.02379551821152027,3136547264.392334
2025-05-05,3589.0801458519227,3613.3628584333032,3563.6547638815878,3587.7470703125,640182,0.008080538815088856,0.008048066075516105,2296811094.966797
2025-05-06,3604.3165071361614,3721.444890327112,3600.5074540242604,3687.73486328125,1210118,0.027869242454719778,0.027487962887148984,4462594337.28418
2025-05-07,3637.645612083522,3708.874949623643,3631.551220282866,3683.354248046875,448141,-0.0011878877947524291,-0.0011885938926910272,1650662056.0739746
2025-05-08,3684.306447458085,3690.020026854505,3595.460241346528,3619.076416015625,739365,-0.017450896031880103,-0.01760495789410279,2675818434.3273926
2025-05-09,3556.7032386658857,3710.112941231716,3556.7032386658857,3669.92724609375,859973,0.014050775455608733,0.013952978329125131,3156038343.6049805
2025-05-12,3742.2991072763434,3808.5767198867798,3723.349162334619,3794.673583984375,547435,0.03399150160903175,0.03342655710568385,2077337133.4484863
2025-05-13,3808.100645882792,3902.7555176797214,3768.581721950775,3869.616943359375,1197629,0.019749619490673,0.019557126075645522,4634365470.258545
2025-05-14,3875.7113053882194,3911.7066691152,3745.251244248616,3873.044921875,1199813,0.0008858702465388557,0.0008854780950717932,4646929646.849609
2025-05-15,3888.0904057532516,4139.487875045159,3873.0446016241635,4118.5380859375,2629014,0.06338505465711286,0.06145726768908724,10827694287.46289
2025-05-16,4123.300186062212,4154.724875701947,4089.304199463023,4137.86962890625,765257,0.00469378759292205,0.004682806121659801,3166533698.60791
2025-05-19,4116.728826058398,4241.951427524455,4116.728826058398,4178.2451171875,753807,0.009757554466964358,0.009710256955522401,3149590417.051758
2025-05-20,4198.528647267802,4225.382656766118,4029.4066019588145,4039.119873046875,842529,-0.0332975304795603,-0.033864514926612584,3403075627.5183105
2025-05-21,4038.548350015151,4084.1616656426536,4010.9327164026918,4060.259765625,396931,0.0052337868750051975,0.005220138214552491,1611642969.0292969
2025-05-22,4047.118506206195,4079.495454255845,4002.2668175312,4072.162841796875,394809,0.0029316045915703803,0.002927315818775872,1607726539.4069824
2025-05-23,4084.161870214008,4128.06130021887,4072.258579267587,4103.11181640625,461297,0.007600131873832128,0.007571396375460094,1892753171.572754
2025-05-26,4104.159837812376,4207.385094941914,4094.7325233693223,4151.296875,765160,0.01174354020796664,0.011675119982480754,3176406316.875
2025-05-27,4161.866805711974,4166.05667129093,4094.732242206038,4131.10888671875,411809,-0.004863055784525172,-0.004874918916649343,1701227819.5307617
2025-05-28,4159.4858314269,4174.150592325294,4104.730695138657,4153.962890625,424160,0.005532171756528648,0.00551692549845572,1761944899.6875
2025-05-29,4174.721801074766,4174.721801074766,4125.299434790983,4148.6298828125,369150,-0.0012838361711261514,-0.0012846609948178706,1531466721.2402344
2025-05-30,4134.34627298355,4170.913089264837,4084.5426253772152,4103.587890625,914311,-0.01085707654329593,-0.01091644469962418,3751955547.8652344
2025-06-02,4104.350033636495,4112.539590794089,3995.696700989299,4030.263671875,771163,-0.017868319310892722,-0.01802988522942702,3107990223.9941406
2025-06-03,4047.1186725516586,4076.1627006723234,4000.457774915181,4007.695068359375,417447,-0.005599783377231327,-0.005615520942971698,1673000283.201416
2025-06-04,4011.884875021926,4038.26275173908,3991.2205775238863,4000.076904296875,353642,-0.0019008841572416557,-0.0019026931303269736,1414595196.5893555
2025-06-05,4025.978422188067,4025.978422188067,3973.6039429199523,3979.412841796875,394746,-0.00516591630470975,-0.005179305782865095,1570857301.6479492
2025-06-06,3989.0304856590838,4091.779590421284,3959.605646209786,4064.25927734375,551467,0.021321345364248012,0.021097225573707103,2241304870.898926
2025-06-09,4099.3982087086615,4151.868009808735,4070.9256288835645,4141.77392578125,495256,0.019072269544811338,0.01889267375205118,2051238387.3867188
2025-06-10,4161.485887232587,4182.340360242065,4123.014543397864,4169.9609375,469185,0.006805540868200177,0.006782487708655557,1956483122.4609375
2025-06-11,4166.15189341711,4272.519888890534,4157.48620448434,4199.7666015625,1241569,0.0071477082181898854,0.007122284427807008,5214300019.735352
2025-06-12,4199.766193280338,4213.764648270277,4132.8222764955935,4154.53369140625,813687,-0.010770339032512233,-0.010828758981047043,3380490055.7592773
2025-06-13,4062.4505113313403,4139.488518438483,4048.452054990209,4126.91845703125,521000,-0.00664701177706728,-0.006669201544942664,2150124516.1132812
2025-06-16,4109.9680657685585,4203.385180832499,4106.63514449187,4156.15283203125,360242,0.007083826662528825,0.007058854226684412,1497220808.5166016
2025-06-17,4160.438246888227,4180.435775655599,4126.91839363209,4162.3427734375,331648,0.001489344029542039,0.0014882360566882817,1380432656.125
2025-06-18,4144.249415937001,4220.430471377019,4142.344889551,4149.86767578125,370443,-0.002997133666131857,-0.0030016340656870318,1537289431.4194336
2025-06-19,4166.056143213715,4193.767095078921,4142.630375709966,4175.00732421875,425692,0.006057939770999443,0.006039664224829728,1777267217.8613281
2025-06-20,4171.389098818626,4173.198305969759,4004.1715818423063,4131.39404296875,1159015,-0.010446276584236025,-0.010501221915867628,4788347666.711426
2025-06-23,4113.777365292711,4118.253188692946,4042.3576193674903,4050.071044921875,580717,-0.019684154355907868,-0.019880467768696713,2351945106.9938965
2025-06-24,4078.638906143985,4123.299960527992,4058.5460581455663,4087.590087890625,469217,0.009263798721702132,0.009221152910807306,1917966758.2697754
2025-06-25,4096.160422616251,4149.867977613319,4085.209395100248,4095.49365234375,412213,0.0019335511348212986,0.0019316842309411995,1688215724.9135742
2025-06-26,4100.350278523883,4118.443280465138,4045.3096480809845,4073.7822265625,795726,-0.005301296406313605,-0.005315398138495262,3241614436.013672
2025-06-27,4093.7794799125763,4142.249583598177,4080.4477951675717,4114.0625,543489,0.00988768451461608,0.009839121218730745,2235947714.0625
2025-06-30,4136.631315109591,4136.631315109591,4009.9803102961528,4034.83447265625,871009,-0.01925785700721605,-0.019445705147829007,3514377139.1938477
2025-07-01,4055.0223205935263,4060.4504069857726,3990.0782473826093,4024.264404296875,480538,-0.002619703095878556,-0.0026231405227047184,1933811968.3120117
2025-07-02,4079.8767096143692,4118.157879513495,4028.1689994260764,4041.119873046875,808159,0.004188459568412739,0.004179712387936267,3265867395.4816895
2025-07-03,4041.4053446780053,4142.345251967324,4035.6917650201194,4104.826171875,650625,0.015764515983063943,0.015641546684952524,2670702528.076172
2025-07-04,4118.538232590442,4165.865898385065,4101.492814749431,4137.58349609375,437195,0.007980197661765276,0.007948524279387697,1808930816.574707
2025-07-07,4132.8221454536215,4151.486596524314,4088.065776597327,4101.3974609375,353771,-0.008745693033243351,-0.00878416105714002,1450955481.1533203
2025-07-08,4099.588860646318,4122.34786071517,4037.5964262952925,4095.113037109375,467771,-0.0015322640363386597,-0.0015334391534236886,1915575120.4816895
2025-07-09,4094.7314622215054,4136.63103997447,4085.399469529056,4126.25146484375,276485,0.007603801763761409,0.007575038577490397,1140846636.2573242
2025-07-10,4123.394843312585,4141.297204910572,4104.254260610877,4115.0146484375,368728,-0.002723250510054731,-0.0027269653024646115,1517321121.2890625
2025-07-11,4094.8276182499717,4132.822831936211,3989.9833331365717,4017.3134765625,556464,-0.023742606095484398,-0.02402900407508811,2235490326.421875
2025-07-14,4017.5988413757273,4055.6893731735536,3996.8396875348367,4048.738037109375,293675,0.007822282410921977,0.007791846973225594,1189013143.0480957
2025-07-15,4071.6868797323873,4251.855266487111,4056.7366261997727,4241.38037109375,1756329,0.04758083437818894,0.046483538694252244,7449259345.782715
2025-07-16,4241.380338924243,4256.616550289934,4162.342492464721,4213.28857421875,791606,-0.006623267525462606,-0.006645298694586685,3335264515.083008
2025-07-17,4225.192507922373,4250.808299188241,4201.385924037302,4231.4775390625,414759,0.004317047010510722,0.004307755295314387,1755043392.6240234
2025-07-18,4237.57136200111,4269.948311733254,4177.769417308298,4186.81591796875,370997,-0.010554616131471906,-0.010610711149031338,1553296145.1186523
2025-07-21,4199.48097772329,4210.908136846348,4138.726767707958,4197.76708984375,269975,0.0026156325211244003,0.0026122177076835654,1133292170.0805664
2025-07-22,4207.099106005857,4220.145298729109,4112.634404101189,4135.10791015625,463290,-0.014926788062896601,-0.015039313732451973,1915754143.696289
2025-07-23,4151.867553451112,4168.05602785677,4119.3952853253095,4155.39111328125,376802,0.004905120631841786,0.0048931297228857465,1565759682.2666016
2025-07-24,4166.314433881923,4175.981056698354,4113.244769020328,4158.484375,584473,0.0007443972503247132,0.0007441203241117869,2430521838.109375
2025-07-25,4135.381385990656,4147.754474828665,4055.148413798691,4089.658447265625,630896,-0.016550724140781514,-0.016689217613499733,2580149155.7460938
2025-07-28,4074.9646738292477,4163.414268813324,4074.9646738292477,4148.04443359375,462891,0.014276494499720904,0.01417554502079014,1920092435.9106445
2025-07-29,4146.981112010485,4189.900822125786,4123.394647172622,4181.0078125,422393,0.007946727532446296,0.007915318582391681,1766028432.9453125
2025-07-30,4167.280722623665,4181.587134308381,4075.158004241846,4109.57080078125,547169,-0.017086074679213525,-0.0172337259233968,2248629745.492676
2025-07-31,4069.648236276452,4159.547829144317,4060.948275676336,4118.658203125,446590,0.0022112777183500576,0.0022088364420071445,1839351566.9335938
2025-08-01,4113.244907375063,4177.914521791628,4098.648212030658,4167.861328125,473918,0.01194639675675635,0.011875601830775576,1975224504.9023438
2025-08-04,4172.017879913024,4398.313627082897,4166.411427167651,4384.68359375,1454995,0.05202242794448786,0.05071443342713103,6379692705.488281
2025-08-05,4384.779963070695,4428.763095416311,4365.349957458065,4395.2197265625,803505,0.0024029402777245856,0.0024000578333730565,3531581026.3916016
2025-08-06,4397.926655563433,4398.216465436459,4313.343708908398,4325.716796875,574216,-0.01581330036072126,-0.015939664521598184,2483895796.234375
2025-08-07,4282.314057223413,4519.049563864334,4274.870568593597,4505.3232421875,2121194,0.041520620453528556,0.04068178032609184,9556664629.388672
2025-08-08,4504.646385128429,4554.912825477501,4435.143459123308,4446.453125,972461,-0.013066790998755629,-0.013152912556512622,4324002252.390625
2025-08-11,4449.546566630128,4470.523327340085,4387.68017943388,4410.10693359375,455558,-0.008174198711754066,-0.008207790657445809,2009059494.4541016
2025-08-12,4436.013234426917,4513.92630914891,4418.613313263333,4490.33984375,723767,0.018192962520949374,0.018029450775853873,3249959797.6914062
2025-08-13,4512.669384623625,4633.695692267428,4495.173174757627,4609.72265625,1342794,0.026586587352885216,0.026239305943662045,6189907924.4765625
2025-08-14,4610.9788762696935,4614.362194103434,4534.129228331865,4551.142578125,373862,-0.012707939824877612,-0.012789376354810745,1701499266.5429688
2025-08-18,4736.645096339536,4948.344132277977,4736.645096339536,4817.8447265625,3698091,0.058601141111113586,0.05694835838478674,17816828222.698242
2025-08-19,4817.844541070784,4967.67718630874,4817.844541070784,4947.57080078125,1509894,0.02692616337415843,0.026570032913093553,7470307466.674805
2025-08-20,4949.311234423676,4992.811040194978,4940.7080339050835,4964.77783203125,916240,0.003477874686964144,0.0034718408666618676,4548928040.8203125
2025-08-21,4964.777384046018,4986.913855473805,4871.97780677413,4927.17431640625,819430,-0.007574058074138468,-0.007602886911771683,4037474450.0927734
2025-08-22,4927.1743356908255,4952.500603885235,4815.911414354799,4831.28125,1357460,-0.01946208115409076,-0.019653961124715204,6558271045.625
2025-08-25,4842.97813196496,4910.547732459425,4810.111613704121,4894.984375,693190,0.013185555074029187,0.013099382306713002,3393154218.90625
2025-08-26,4894.984595521635,4971.5444420736485,4872.944882849167,4904.2646484375,1662083,0.0018958739653791579,0.001894079064578602,8151294899.668945
2025-08-28,5055.643796266941,5071.110392966802,4909.097698135147,4921.95458984375,1584393,0.0036070527743412573,0.0036005629608672914,7798310398.466309
2025-08-29,4929.494316773853,4976.667247427192,4892.664389356456,4918.087890625,783364,-0.0007856023756758201,-0.0007859111229344644,3852653002.3515625
2025-09-01,4943.027812337984,5084.16051217202,4939.161163027463,5069.17724609375,659443,0.03072115806567033,0.030258710710273713,3342833450.695801
2025-09-02,5113.643099313758,5169.709507586008,5034.376797963338,5134.90966796875,962257,0.012967079011816596,0.012883726230873587,4941102772.370605
2025-09-03,5147.476376005591,5184.692871869669,5081.26001323444,5170.67626953125,659989,0.00696538086845222,0.006941234663299108,3412589460.45166
2025-09-04,5321.475854487625,5335.009126415477,5162.943240475641,5172.60986328125,1187848,0.00037395374399928905,0.00037388384072448144,6144274280.878906
2025-09-05,5181.309486003635,5238.825887947146,5170.192870501949,5184.20947265625,517415,0.0022425061393749335,0.0022399954752349406,2682387744.2944336
2025-09-08,5190.976619913191,5340.325947245889,5157.143438964036,5261.54296875,726543,0.014917124105736868,0.014806958032763051,3822737213.1445312
2025-09-09,5283.292686819008,5305.042588100397,5211.276347020634,5242.69287109375,608443,-0.0035826178305882195,-0.0035890507749649476,3189879778.5668945
2025-09-10,5268.309360508071,5276.042658651936,5140.226610000306,5172.12646484375,536616,-0.013459954261115903,-0.013551360588800371,2775445815.0585938
2025-09-11,5172.12677515376,5184.210054228504,5109.777055128076,5125.24365234375,765635,-0.009064513951596909,-0.009105846621485433,3924065923.762207
2025-09-12,5129.109745620343,5209.826041089491,5109.776501196595,5124.759765625,537933,-9.441243218333284e-05,-9.441688931754968e-05,2756777395.001953
2025-09-15,5146.509869587312,5177.443061891368,5092.376783055214,5112.193359375,588879,-0.002452096649347535,-0.0024551079620301246,3010463313.2753906
2025-09-16,5130.076894652493,5170.676711795023,5107.843661455394,5138.77685546875,925160,0.005200017727224671,0.005186544322819872,4754190795.605469
2025-09-17,5165.843092873832,5208.3762321115655,5133.459907317831,5171.64306640625,616629,0.006395726427101733,0.006375360559058965,3188985092.3950195
2025-09-18,5181.309939478585,5207.409821636406,5161.976693435754,5190.9765625,420977,0.0037383662881407265,0.003731395963239259,2185281740.3515625
2025-09-19,5210.3095520741845,5253.809353529349,5192.909631492118,5227.70947265625,579031,0.007076300521487777,0.007051380996587653,3027005843.661621
2025-09-22,5228.6760996962485,5315.675702020645,5219.976139463809,5248.49267578125,672445,0.003975584954310829,0.003967703199264771,3529322657.3657227
2025-09-23,5268.309614953799,5330.176003092705,5172.610045801427,5191.4599609375,507377,-0.010866494128289994,-0.010925965699677073,2634027380.600586
2025-09-24,5190.976745709565,5196.776719727118,5089.477200402394,5101.0771484375,410267,-0.01740990264397191,-0.017563237299565243,2092803618.4580078
2025-09-25,5094.310201626553,5194.843078470796,5056.6103728099615,5175.9931640625,640474,0.014686312997235662,0.014579513493325662,3315089045.7597656
2025-09-26,5175.993505162877,5272.176408097551,5131.527037474486,5150.376953125,689941,-0.004949042652404589,-0.004961329720237676,3553456225.4160156
2025-09-29,5150.376179134044,5248.009060908169,5093.343109582822,5123.79296875,8318930,-0.00516156091426867,-0.005174927785590449,42624475041.52344
2025-09-30,5145.543552813785,5300.692855880968,5145.543552813785,5290.0595703125,1141788,0.03244990626603372,0.031934527742442764,6040126536.667969
2025-10-01,5290.059067425506,5335.008861237345,5229.642677893465,5251.392578125,701001,-0.007309368008726613,-0.007336212329071302,3681231448.658203
2025-10-03,5282.809359446784,5397.842170750383,5191.459773999809,5365.458984375,1634394,0.02172117291804665,0.021488629624601907,8769273971.308594
2025-10-06,5342.742684398235,5408.475722671997,5342.742684398235,5395.42578125,844413,0.005585132038520513,0.005569593020041029,4555967670.222656
2025-10-07,5395.42540801703,5460.675110613312,5386.7254476708595,5427.80859375,858678,0.006001901205375804,0.0059839615419404,4660739827.6640625
2025-10-08,5424.908975694445,5470.342105034722,5309.392827690973,5328.72607421875,789561,-0.01825460824932945,-0.01842327944828069,4207354287.8862305
2025-10-09,5331.142174176796,5352.408743139968,5283.77572512246,5328.2421875,872880,-9.08072045757713e-05,-9.081132779958691e-05,4650916040.625
2025-10-10,5328.242525568182,5381.892282492898,5293.926014382102,5316.642578125,835407,-0.0021770049045841677,-0.0021793780245829395,4441560426.263672
2025-10-13,5316.642704960424,5394.942352069842,5301.659439155536,5373.67578125,417645,0.010727296839486478,0.010670167589207608,2244288821.6601562
2025-10-14,5396.3920739372525,5404.608703158653,5355.308927830252,5385.7587890625,375269,0.002248555421720866,0.0022460312041657944,2021108315.0126953
2025-10-15,5393.975726580135,5422.008933761286,5265.409638473476,5352.892578125,484777,-0.006102429058695513,-0.006121124978057239,2594959205.345703
2025-10-16,5391.0755318016845,5424.9087115780985,5366.425643678869,5393.4921875,294066,0.007584611269972674,0.007555992721862015,1586042673.609375
2025-10-17,5395.908640198927,5437.475116646178,5365.458779545709,5406.05859375,435204,0.0023299201728934626,0.002327210117546219,2352738324.234375
2025-10-20,5432.641986751573,5504.174995118053,5419.592046036067,5452.94189453125,368799,0.008672362677580425,0.008634973751753362,2011039517.7612305
2025-10-21,5478.075366619531,5479.042028939387,5443.275523104744,5458.2587890625,40575,0.0009750506486383426,0.0009745755955301201,221468850.36621094
2025-10-23,5524.475166462098,5526.408491104779,5376.092500136301,5402.1923828125,489097,-0.01027184829754657,-0.010324967801348851,2642196087.8564453
2025-10-24,5427.808327070266,5437.474949202181,5301.658908248776,5355.7919921875,546761,-0.008589177751726629,-0.008626277328278744,2928338185.4404297
2025-10-27,5384.309121593576,5473.242055020256,5364.975875196471,5458.2587890625,424721,0.019131959759540518,0.018951245129627623,2318237131.149414
2025-10-28,5451.974896798957,5476.14145219257,5389.141852775565,5422.49169921875,539756,-0.00655283877624524,-0.006574402879944786,2926822429.6035156
2025-10-29,5449.558243557836,5450.524905773988,5342.742068673022,5366.42529296875,432099,-0.010339602042743201,-0.01039342706896939,2318827002.666504
2025-10-30,5384.792335710846,5401.225594791194,5309.876007550431,5331.142578125,402078,-0.00657471462240955,-0.006596423262987103,2143535145.5273438
2025-10-31,5330.659243452945,5437.475427404626,5317.609302427173,5359.17578125,424188,0.005258385555101608,0.005244608521311165,2273298056.296875
2025-11-03,5393.4921068837875,5393.4921068837875,5299.242536058235,5354.34228515625,223771,-0.0009019103479793733,-0.0009023173138334796,1198146527.4916992
2025-11-04,5292.476198933267,5292.476198933267,5077.393832857898,5132.01025390625,2003141,-0.041523686647072844,-0.042410429005308274,10280140152.02002
2025-11-06,5174.059910074106,5228.192998343914,5128.1434512738215,5148.443359375,815323,0.0032020796248881656,0.0031969638856865082,4197644285.095703
2025-11-07,5128.1433197666875,5146.509902815805,5082.7101932767655,5119.443359375,436406,-0.0056327705241610015,-0.005648694401233409,2234155798.6914062
2025-11-10,5132.976391950042,5229.642614020664,5123.793100853332,5180.826171875,347961,0.011990134120263729,0.011918821924733005,1802725455.5917969
2025-11-11,5196.292764875116,5248.975855877942,5153.276296074642,5236.892578125,348232,0.010821904536069127,0.010763766791826414,1823653576.265625
2025-11-12,5258.643019289844,5371.742510697365,5240.75976637498,5349.50927734375,534031,0.021504489072233568,0.02127652985446264,2856803788.88916
2025-11-13,5368.842018123979,5407.991838385776,5302.625655458964,5324.85888671875,585663,-0.004607972310544328,-0.004618621742403181,3118572830.1723633
2025-11-14,5337.426115204929,5441.825648020674,5280.393037092625,5353.859375,938647,0.0054462454119832415,0.00543146824653883,5025384040.765625
2025-11-17,5402.675181603406,5616.307533568757,5385.2752615338295,5605.19091796875,1770568,0.04694399411055694,0.045875438681691375,9924371673.246094
2025-11-18,5625.9742909545,5685.907350411404,5596.491092350701,5606.15771484375,1182455,0.0001724824165936223,0.00017246754321184528,6629029220.705566
2025-11-19,5655.94093246804,5719.2573110489075,5640.474336173476,5680.5908203125,935374,0.013277026665102332,0.013189659415167447,5313476957.958984
2025-11-20,5751.64045245958,5840.573380463997,5724.090578023429,5799.490234375,1276202,0.020930818258787953,0.02071477808051672,7401321036.089844
2025-11-21,5770.973613696116,5836.7066464819345,5758.890335610487,5802.39013671875,703572,0.0005000271104107501,0.0004999021385129998,4082399233.2714844
2025-11-24,5802.8736382487305,5847.34010290964,5772.907107716378,5782.57373046875,1349305,-0.0034152143828795056,-0.003421059539623415,7802455647.390137
2025-11-25,5799.973375966045,5884.556321032216,5770.49017797155,5878.75634765625,707293,0.016633184749674346,0.016496368375799122,4158003213.402832
2025-11-26,5880.690236770057,5941.106631904129,5850.240373622484,5931.92333984375,452071,0.009043918312535038,0.009003266997592763,2681650516.166504
2025-11-27,5932.406181731121,5993.3059030035765,5893.7396920343235,5945.939453125,352120,0.0023628277842207,0.0023600406960612836,2093684200.234375
2025-11-28,5946.906348692201,6031.005967082355,5923.706453963883,5968.65625,504441,0.0038205563736544157,0.003813276584158354,3010834927.40625
2025-12-01,6022.306177434526,6122.355726289177,6003.4562624329255,6085.62255859375,912454,0.019596757409802157,0.019407213257608743,5552850646.079102
2025-12-02,6118.972462510465,6128.639085673989,6023.272893191582,6061.4560546875,809216,-0.003971081622885619,-0.003978987303857115,4905027222.75
2025-12-03,6084.172490981949,6084.172490981949,5984.606274494638,6004.4228515625,543787,-0.009409158890279268,-0.009453704671549257,3265127089.182617
2025-12-04,6039.706225971017,6139.272445765354,6031.489596182165,6128.63916015625,883433,0.020687468498562733,0.02047638899186472,5414242079.174316
2025-12-05,6123.805309452135,6175.521739453033,6094.805442161912,6138.78857421875,651633,0.0016560632462234715,0.0016546934855507453,4000237214.9838867
2025-12-08,6099.638955326739,6139.2721086022375,5939.6563488122265,5961.40625,707514,-0.02889533041807435,-0.029321020844398225,4217778381.5625
2025-12-09,5958.506383701675,5958.506383701675,5767.107249377708,5800.9404296875,1186776,-0.026917444237674615,-0.027286353774308006,6884416879.3828125
2025-12-10,5827.040164633441,5842.99009209138,5718.290659238408,5747.29052734375,820197,-0.009248483585383105,-0.009291516340352282,4713910448.655762
2025-12-11,5747.29070834139,5818.823718587335,5708.624216316555,5780.1572265625,695094,0.005718642386770112,0.005702353023918459,4017752607.2402344
2025-12-12,5803.356937649106,5836.223454827431,5752.123837341718,5761.30712890625,679186,-0.0032611738603969265,-0.003266503077360409,3912999143.6533203
2025-12-15,5741.490485295602,5777.256988865925,5680.590763000186,5760.82373046875,652031,-8.390429926474763e-05,-8.390781942737107e-05,3756235657.8012695
2025-12-16,5761.7905963181465,5786.440484784905,5734.7240521193535,5748.25732421875,388048,-0.0021813557987440113,-0.002183738420832623,2230599758.1484375
2025-12-17,5770.974041770081,5771.940704088636,5589.241525881845,5623.07470703125,538205,-0.021777490137763422,-0.022018119628416166,3026366922.697754
2025-12-18,5592.141082065566,5592.141082065566,5329.208951672855,5556.85791015625,1016539,-0.011775905589908042,-0.011845790748629141,5648762783.132324
2025-12-19,5534.141328577723,5604.224341035693,5534.141328577723,5588.2744140625,769295,0.005653645353938197,0.005637723483926588,4299031565.366211
2025-12-22,5600.357954105418,5600.357954105418,5491.608446927225,5509.49169921875,1213460,-0.014097860807532836,-0.014198179617039185,6685547797.333984
2025-12-23,5519.641296896762,5560.724441400809,5505.141363542392,5552.5078125,351302,0.0078076373701316815,0.007777315495351774,1950607099.546875
2025-12-24,5552.5080352834075,5558.308008857868,5500.3082731132645,5508.52490234375,313655,-0.007921269387002772,-0.007952809309246293,1727776378.244629
2025-12-26,5508.524924691907,5529.308163418042,5423.941976387872,5449.0751953125,249826,-0.010792309753552276,-0.010850969157201943,1361320659.7441406
2025-12-29,5449.075406380536,5462.608678633388,5365.459117103986,5380.4423828125,572147,-0.01259531389088564,-0.01267530726108684,3078403967.9990234
2025-12-30,5384.308537834059,5551.057769930356,5380.925220081381,5520.60791015625,2980473,0.02605092989964919,0.025717384795000096,16454022819.807129
2025-12-31,5519.158181084233,5592.624512945587,5494.991624550893,5578.60791015625,473265,0.01050608935535835,0.010451283924884466,2640159872.6000977
2026-01-01,5578.607638118018,5660.773926324574,5538.974487336033,5646.75732421875,384697,0.012216204321947366,0.012142188681698654,2172290602.3549805
2026-01-02,5703.307663110462,5828.490433004158,5679.1411052159265,5735.20751953125,1069537,0.015663891722978773,0.015542479191571259,6134016644.816895
2026-01-05,5761.307143304653,5843.47343645581,5727.473963771824,5785.95703125,653817,0.008848766421428067,0.0088098455206314,3782957068.3007812
2026-01-06,5809.6402555338545,5835.740136881511,5761.307141927084,5799.9736328125,453152,0.0024225208529542464,0.002419591279660436,2628269651.65625
2026-01-07,5832.3567018622125,5847.3399667795675,5745.840430242643,5781.60693359375,609748,-0.0031666866750640343,-0.003171711237593806,3525323264.544922
2026-01-08,5781.607374131945,5785.4740234375,5635.641362847223,5654.974609375,562060,-0.02190261732996046,-0.02214604062216091,3178435028.9453125
2026-01-09,5654.974501619879,5694.607656246617,5559.274933130928,5580.54150390625,500234,-0.013162411966510357,-0.013249804219894398,2791576598.665039
2026-01-12,5580.541102682567,5598.907685213481,5439.408415866067,5535.59130859375,314329,-0.008054808889251364,-0.008087424120074006,1739996880.4389648
2026-01-13,5587.307839679244,5587.307839679244,5491.124945207257,5543.32470703125,336437,0.0013970320434411043,0.0013960571020864804,1864979534.4594727
2026-01-14,5529.308108952479,5549.608016345487,5451.975128407689,5487.25830078125,368182,-0.010114220113947914,-0.010165716362048962,2020309735.6982422
2026-01-15,5487.25830078125,5487.25830078125,5487.25830078125,5487.25830078125,0,0.0,0.0,0.0
2026-01-16,5434.575260024993,5540.908109296204,5430.225279827535,5463.091796875,588398,-0.004404112688263462,-0.004413839361297505,3214472287.0976562
2026-01-19,5437.475532978579,5594.558159486849,5403.64235188449,5570.3916015625,581040,0.01964085698667506,0.019450464300614662,3236620336.171875
2026-01-20,5586.341451608839,5650.141163636211,5369.809095637152,5394.458984375,394664,-0.03158352765327144,-0.03209304420465039,2128998760.609375
2026-01-21,5394.459193317234,5453.908927281755,5320.5095242394145,5353.859375,406596,-0.0075261688878526245,-0.00755463340603236,2176857806.4375
2026-01-22,5406.5420863118625,5476.141769883193,5283.292646654297,5305.52587890625,401574,-0.009027785884598405,-0.009068783273883855,2130561249.2958984
2026-01-23,5330.1758632348165,5340.325817272532,5189.0431689961,5204.509765625,460330,-0.019039792772073905,-0.01922338371765302,2395791980.4101562
2026-01-27,5237.376233046294,5243.659537866301,5121.860090586156,5200.64306640625,400942,-0.0007429516693943095,-0.0007432277947595089,2085156232.3310547
2026-01-28,5226.743198784722,5339.842690972222,5150.860206163195,5328.72607421875,547414,0.024628301957474674,0.02432991458679195,2917019255.192383
2026-01-29,5337.909173037075,5408.4755203083,5289.576058467742,5393.9755859375,337842,0.01224486130642699,0.012170499410877972,1822311499.9042969
2026-01-30,5355.792582421946,5408.475678846817,5282.809577282905,5349.50927734375,466102,-0.00824369852723783,-0.008277865715509165,2493416973.1884766
2026-02-02,5364.975645854637,5462.125204847141,5237.376225088365,5435.5419921875,449861,0.01608235641502964,0.015954405334761206,2445238356.147461
2026-02-03,5542.84130664503,5597.941054548548,5487.258227619553,5570.87451171875,592655,0.02489770472305497,0.0245928073398029,3301606633.742676
2026-02-04,5555.408108414375,5682.040866758256,5525.924908952632,5656.42431640625,490202,0.01535662031294005,0.0152399008467814,2772790512.7509766
2026-02-05,5684.457737293171,5693.641029275874,5553.474993750407,5573.77490234375,331312,-0.01461160079925028,-0.014719401621956773,1846658510.4453125
2026-02-06,5579.5746583601285,5646.274355419527,5524.95823975352,5561.69140625,770475,-0.0021679196425152814,-0.0021702729821528118,4285144186.2304688
2026-02-09,5606.641116971033,5622.10771315578,5478.075036185317,5564.59130859375,543956,0.0005214065527783251,0.00052127066761391,3026892829.857422
2026-02-10,5592.1412679510295,5650.141004524419,5527.374895444077,5561.69140625,816528,-0.0005211348296633167,-0.0005212706676139691,4541276760.5625
2026-02-11,5612.44477545507,5666.64749058238,5465.604692655631,5600.1259765625,684908,0.006910590233271341,0.0068868215455295725,3835571082.3554688
2026-02-12,5621.314428936639,5720.8503260829575,5601.111598327733,5649.89404296875,560676,0.008886954796113233,0.008847698222834325,3167759992.435547
2026-02-13,5619.343169728801,5641.517007210193,5479.401617624015,5503.0537109375,394003,-0.025989926698535504,-0.02633363319445327,2168219671.270508
2026-02-16,5497.1410350424485,5541.981464783293,5379.866064951008,5412.3876953125,285719,-0.016475582537891387,-0.01661281435179693,1546421999.9169922
2026-02-17,5410.41643377656,5506.995816383136,5367.54701394609,5496.1552734375,288723,0.01547700993362855,0.015358462622631948,1586866439.0126953
2026-02-18,5513.894500077538,5546.416129836709,5466.097559370879,5510.93798828125,197770,0.0026896465089321087,0.002686035882517392,1089898205.9423828
2026-02-19,5518.821711376858,5562.676633904764,5309.402137507647,5336.0107421875,307768,-0.031741828063702515,-0.032256520719666386,1642253354.1015625
2026-02-20,5321.721055152105,5392.677335887466,5297.083457674548,5385.77880859375,560735,0.009326830250316887,0.009283603937509377,3019994680.2368164
2026-02-23,5424.706050194797,5468.560972391848,5358.184538997022,5408.93798828125,310190,0.004300061422973123,0.004290842577139592,1677798474.584961
2026-02-24,5400.561196499048,5442.937862821941,5357.691778242166,5431.11181640625,396015,0.0040994790794497415,0.004091099109622071,2150801745.974121
2026-02-25,5431.111980443219,5755.342762799564,5420.764189516953,5654.32861328125,898486,0.04109965038847263,0.040277510688767004,5080335098.432617
2026-02-26,5676.5027216174185,5744.50249380346,5635.604307911321,5703.111328125,489797,0.00862749906844229,0.008590494881758594,2793366819.1816406
2026-02-27,5691.285295636766,5715.9228943191765,5606.531956169275,5627.2275390625,584546,-0.01330568258211573,-0.013394996314799288,3289373349.048828
2026-03-02,5484.329457938388,5642.0100892537785,5423.228213303675,5510.4453125,432301,-0.02075306636382368,-0.020971437780209237,2382171019.0390625
2026-03-04,5439.9815625,5448.851097656249,5348.8224511718745,5420.271484375,455955,-0.0163641635133277,-0.016499535299458235,2471399884.658203
2026-03-05,5433.57597401996,5540.995903496368,5400.561592024917,5507.48876953125,545405,0.016090944043609445,0.015962857004289507,3003811912.3461914
2026-03-06,5490.242311065051,5490.735063022605,5410.416493941327,5432.59033203125,431008,-0.013599380885596424,-0.01369269948174979,2341489893.828125
2026-03-09,5368.0398938255585,5430.126641266537,5260.127213749573,5400.5615234375,306358,-0.005895678973786067,-0.005913127101908123,1654505227.1972656
2026-03-10,5466.097421705728,5650.38665236632,5447.372847467486,5628.70556640625,493375,0.04224450401659974,0.04137656457378865,2777062608.8256836
2026-03-11,5646.444430134179,5682.4153214335765,5473.488500735706,5494.18408203125,511965,-0.023899186551498364,-0.0241894054356171,2812829953.557129
2026-03-12,5507.981289536797,5507.981289536797,5298.068959125035,5316.30078125,476478,-0.032376654681632866,-0.03291237350303934,2533100363.6484375
2026-03-13,5260.619715382491,5299.547118671665,5093.084055656935,5130.533203125,496250,-0.034943015034096914,-0.035568127608500824,2546027102.0507812
2026-03-16,5123.142108575767,5251.75036964514,5050.214818773977,5201.982421875,466610,0.013926275480778516,0.013830195899285367,2427297017.8710938
2026-03-17,5200.01147679775,5305.953149072129,5156.1565519957985,5277.37353515625,403766,0.014492765866378265,0.014388749520386681,2130824002.7958984
2026-03-18,5292.1560190877835,5408.445480959731,5287.2284995169375,5347.34423828125,390261,0.013258622430054823,0.01317149616691052,2086859909.775879
2026-03-19,5271.460485420946,5288.706804077679,5076.330708619049,5097.51904296875,397483,-0.046719489933716885,-0.04784607439286635,2026177161.7563477
2026-03-20,5142.359404062708,5289.692238655918,5140.388396242062,5199.02587890625,1043098,0.019912988079468397,0.01971731785298989,5423093496.235352
2026-03-23,5115.750637223902,5124.620172137216,4977.7800941279,4991.5771484375,340775,-0.03990146140845763,-0.04071935542163766,1701004702.758789
2026-03-24,5109.837784751719,5239.924301161985,5050.214798063681,5176.85205078125,435050,0.0371175075199921,0.03644523769755453,2252189484.692383
2026-03-25,5228.098063989537,5286.242792693662,5201.489459328327,5212.82275390625,531702,0.006948373793987717,0.006924345087540926,2771668283.897461
2026-03-27,5136.446549390555,5167.982675557189,5051.200458346372,5068.44677734375,535331,-0.02769631414271878,-0.028087089309490856,2713296681.762207
2026-03-30,4994.533965009629,5065.4902486482815,4964.476094857144,4989.6064453125,704213,-0.01555512674685089,-0.01567737713486169,3513745723.6728516
2026-04-01,5077.316093566967,5167.982452380662,5003.896053005876,5047.7509765625,546972,0.011653129738242951,0.011585754934957709,2760978447.1523438
2026-04-02,5002.418031886037,5003.403535832429,4832.911353106605,4938.85302734375,753867,-0.021573558149833527,-0.021809669371163992,3723238315.164551
2026-04-06,4946.736717190485,5048.243616656691,4913.229585327854,5029.51904296875,348536,0.01835770676370241,0.01819123829786063,1752968449.1601562
2026-04-07,5001.432367391668,5010.30190262448,4860.505307581419,4977.7802734375,429282,-0.010287021301486177,-0.010340298395127944,2136871471.3417969
2026-04-08,5173.895653257979,5271.953294686392,5166.9971257203015,5210.85205078125,790692,0.046822431795045416,0.04575932036577604,4120179029.736328
2026-04-09,5210.852095829909,5302.011210508729,5128.562516633351,5207.40283203125,760419,-0.0006619298948399299,-0.0006621490671559136,3959808054.130371
2026-04-10,5220.214405266023,5404.996395257977,5218.736149346088,5387.25732421875,855903,0.0345382329711843,0.03395517544337957,4610969705.570801
2026-04-13,5247.808269066699,5297.08346408141,5127.084041280657,5170.93896484375,743470,-0.040153708344787487,-0.04098212019884098,3844437992.192383
2026-04-15,5283.779341893838,5283.779341893838,5198.5332516068265,5210.85205078125,651858,0.007718730816368424,0.007689093822617306,3396735596.118164
2026-04-16,5237.9533804261255,5271.460513997995,5055.142401673717,5084.70751953125,920301,-0.024208043141636937,-0.024505874247239108,4679461414.932129
2026-04-17,5062.040854731637,5173.895548981037,5056.127831247088,5154.67822265625,545014,0.013761008446647294,0.013667185522086494,2809371796.8427734
2026-04-20,5154.678113954167,5240.909704618729,5134.475284141327,5205.92431640625,654258,0.009941666877431699,0.009892573618351799,3406017631.4033203
2026-04-21,5183.7506406428265,5233.025836846656,5175.866609250214,5182.76513671875,321063,-0.004448620125827585,-0.0044585446809943625,1663994123.090332
2026-04-22,5179.315795122118,5214.3011839008905,5102.939242154377,5113.77978515625,293830,-0.01331053014032102,-0.013399909254934452,1502581914.272461
2026-04-23,5075.345125183202,5085.200164261228,4922.5920194738055,4959.0556640625,628266,-0.030256312863308543,-0.030723482467532346,3115606065.8378906
2026-04-24,4962.504925868642,4987.142523554416,4869.867558570131,4889.57763671875,520325,-0.014010334235053379,-0.014109405403041345,2544169483.8256836
2026-04-27,4939.838128181622,5024.0987087221765,4932.939601119822,4969.89599609375,448144,0.01642644116576486,0.016292986653013652,2227229071.2734375
2026-04-28,4969.403342327549,5031.490087110223,4946.244001019725,4994.53369140625,667998,0.004957386499006233,0.004945139118544199,3336338516.791992
2026-04-29,5020.157032662955,5132.997232945623,5007.838233505459,5040.35986328125,474261,0.009175265341357042,0.009133428310170959,2390446109.119629
2026-04-30,5006.359898233723,5040.359783369365,4947.229663215214,5025.08447265625,478138,-0.0030306150829190193,-0.003035216696307196,2402683839.586914
2026-05-01,5025.08447265625,5025.08447265625,5025.08447265625,5025.08447265625,0,0.0,0.0,0.0
2026-05-04,5110.823383761595,5161.08408421895,4933.43267626505,4993.0556640625,617748,-0.006373785111082886,-0.0063941844060832346,3084450150.3632812
2026-05-05,4986.6497617562145,5060.562554667621,4945.258597725827,5034.939453125,573411,0.008388408197400832,0.00835342102299525,2887089666.7558594
2026-05-06,5164.040448954303,5204.4461089556635,4878.244317237367,5095.05517578125,2717300,0.011939711135739328,0.011868995114131815,13844793429.15039
2026-05-07,5159.112941564167,5379.373064284242,5114.2725138963215,5265.54736328125,1775531,0.03346228482675029,0.032914606804968806,9349142575.474121
2026-05-08,5263.576625934359,5320.243103371397,5188.678325321925,5244.85205078125,558660,-0.003930325011283098,-0.0039380690363135925,2930089046.689453
2026-05-11,5186.21416313534,5206.909744593932,5071.402961234101,5152.70703125,447686,-0.017568659447223967,-0.01772482006964069,2306794799.9921875
2026-05-12,5154.185560324951,5193.605717574091,4996.504931328394,5008.82373046875,391060,-0.027923827205511675,-0.028321110519717734,1958750608.0371094
2026-05-13,5043.316020121684,5053.663810685685,4904.852727336712,4922.591796875,494571,-0.017216004841456023,-0.01736592341018056,2434571147.5722656
2026-05-14,4947.2295977878175,5017.200374967685,4809.259051235966,5003.4033203125,594448,0.016416458396733447,0.01628316516702116,2974263096.953125
2026-05-15,5008.33079080641,5064.997264728364,4970.881642823206,4991.08447265625,425856,-0.002462093672568555,-0.002465129609392467,2125483269.1875
2026-05-18,4961.519622316374,4961.519622316374,4852.621436147745,4885.14306640625,434446,-0.021226129677909045,-0.021454643395117486,2122330864.6279297
2026-05-19,4872.823900526164,4966.93952040689,4860.997854049005,4934.91064453125,560327,0.01018753748835688,0.010135994298185425,2765163676.7182617
2026-05-20,4894.997894532822,4942.302081957339,4830.940140728789,4895.9833984375,416572,-0.007888135955792519,-0.007919411881295016,2039529596.2539062
2026-05-21,4947.2298638884695,4966.447191048993,4883.664858665202,4897.4619140625,335986,0.0003019854245158715,0.00030193983609535624,1645478638.6582031
2026-05-22,4897.954222502077,4941.809144615023,4878.2441451479435,4894.01220703125,284550,-0.0007043866990256165,-0.0007046348958943913,1392591173.5107422
2026-05-25,4953.14290488803,4992.070311323183,4876.2735959781085,4906.82421875,445788,0.0026178953334736743,0.0026144746142411734,2187403354.828125
2026-05-26,4906.8240975370945,4956.099294339034,4881.200995200086,4910.76611328125,413024,0.000803349448750712,0.0008030269362975505,2028264263.171875
2026-05-27,4920.620811749538,5028.040733335899,4907.809261468596,5001.43212890625,460843,0.01846270287232632,0.01829433635031551,2304874986.581543
2026-05-28,5001.43212890625,5001.43212890625,5001.43212890625,5001.43212890625,0,0.0,0.0,0.0
2026-05-29,5040.852614948755,5065.490213262288,4804.824423105114,4831.92578125,1648645,-0.03389156211409372,-0.034479196529412844,7966130279.628906
2026-06-01,4844.24454493927,4896.969004944203,4691.984188476425,4750.0302734375,856536,-0.016948833968081778,-0.01709410929240133,4068571930.2890625
2026-06-02,4768.262003759384,4821.18375600624,4678.28568959999,4804.33154296875,703263,0.011431773358352437,0.011366924395087595,3378708613.902832
2026-06-03,4785.606790608546,4803.148567005582,4745.2011319563735,4770.7255859375,571637,-0.006994928790964305,-0.007019507992265051,2727123261.7685547
2026-06-04,4780.087913160374,4907.809311977758,4780.087913160374,4811.525390625,783946,0.008552117272845106,0.008515755086629195,3771976083.8789062
2026-06-05,4826.998370241404,4833.404145947114,4721.648093721958,4764.91162109375,654540,-0.009687940049547317,-0.009735173451224804,3118825252.470703
2026-06-08,4725.491252040853,4766.4883109686225,4691.590013751708,4706.27392578125,296366,-0.012306145417874559,-0.012382493035244729,1394779578.288086
2026-06-09,4722.14066754196,4801.572379536581,4699.47407743846,4785.015625,481952,0.01673121889216822,0.016592793927848966,2306147850.5
2026-06-10,4780.285205105803,4912.7368300195785,4772.105234199577,4786.296875,632203,0.00026776297099351254,0.00026772712888717805,3025911243.265625
2026-06-11,4770.4303592776205,4804.331597798908,4740.471136426322,4766.09423828125,365084,-0.0042209326429945015,-0.004229865925901865,1740024748.8886719
2026-06-12,4841.780532705329,4896.968749646403,4797.826963686646,4890.66162109375,435472,0.02613615606086328,0.025800443656296065,2129746197.4609375
2026-06-15,4957.084898736067,4999.855674186329,4932.841405177572,4951.171875,575605,0.012372611027772873,0.012296695814160158,2849919287.109375
2026-06-16,4976.794887323594,4978.765895199761,4923.5776746670645,4958.0703125,456693,0.0013932938856016097,0.0013923241523202436,2264316005.2265625
2026-06-17,4974.823659934938,4974.823659934938,4899.531258628202,4943.681640625,354200,-0.0029020709606969453,-0.002906290133497149,1751052037.109375
2026-06-18,4951.763152420674,4974.823848186307,4907.809580817711,4948.806640625,357138,0.0010366767871712312,0.0010361398088739493,1767406906.0195312
2026-06-19,4937.079027197889,4945.652622313809,4860.702475769553,4902.783203125,461353,-0.009299906187926421,-0.009343420310441138,2261913739.111328
2026-06-22,4934.418103430539,4955.113685649841,4889.57767528872,4911.4560546875,569422,0.001768964933422268,0.0017674021576799934,2796691129.5722656
2026-06-23,4906.823913884409,4939.444189186999,4881.200812506423,4902.48779296875,332377,-0.001825988386924604,-0.001827657535926478,1629474185.1635742
2026-06-24,4910.766004291754,4927.519570832585,4812.215612875102,4826.2099609375,554117,-0.01555900498939522,-0.015681316664934865,2674284984.9248047
2026-06-25,4883.073416229894,4970.88191424676,4806.500048183916,4825.1259765625,1282928,-0.00022460365043663888,-0.00022462887761401506,6190289218.859375
2026-06-26,4825.1259765625,4825.1259765625,4825.1259765625,4825.1259765625,0,0.0,0.0,0.0
2026-06-29,4788.563559182342,4854.000923392374,4716.621772843525,4743.82177734375,3355142,-0.016850171293698035,-0.016993750606050764,15916195685.680664
2026-06-30,4745.694145197656,4769.838991331462,4603.781580166306,4724.80126953125,1121686,-0.004009532546804584,-0.00401759227346459,5299743436.81543
2026-07-01,4749.04492495991,4822.957721778694,4704.795893505018,4764.81298828125,820162,0.008468444801694286,0.008432788682843249,3907918550.0947266
2026-07-02,4808.667892861511,4822.070842865256,4722.534943594995,4796.54638671875,775927,0.006659946259285787,0.006637866795012916,3721769848.2075195
2026-07-03,4828.969136532293,4842.5688979457855,4756.534599484309,4782.25634765625,507590,-0.0029792350392081612,-0.0029836817940657014,2427425499.506836
2026-07-06,4792.407014807026,4877.061707033986,4754.071007771872,4872.7255859375,629194,0.01891768899540236,0.018740974722271715,3065889702.3183594
2026-07-07,4893.027104331045,4951.171837292884,4872.725626751207,4922.986328125,676040,0.01031470812404267,0.010261874520422124,3328135677.265625
2026-07-08,4902.882152345592,4902.882152345592,4805.317261273791,4821.87353515625,888966,-0.02053891403091923,-0.02075277085117821,4286481629.053711
2026-07-09,4809.258901002858,4843.751536563329,4758.012699598729,4827.49072265625,534195,0.0011649387855250382,0.0011642607708506694,2578821406.5893555
2026-07-10,4852.0297792980355,4895.983349245646,4817.241684293683,4877.357421875,686707,0.010329734863024687,0.010276747734791376,3349315483.1035156
2026-07-13,4846.314080256038,4894.9978767294215,4800.389502224484,4880.31396484375,508201,0.0006061772211916061,0.0006059935699928947,2480180437.2475586
2026-07-14,4850.650209123271,4886.12834962072,4794.673779930752,4807.58349609375,680383,-0.01490282577594959,-0.015014988641468465,3270998081.822754
2026-07-15,4843.652871177866,4886.128184187026,4797.432835946439,4805.51416015625,596432,-0.00043043161687805753,-0.0004305242791572654,2866162421.5703125
2026-07-16,4828.969054652409,4857.05591548049,4803.740058860958,4826.998046875,289732,0.00447067389726552,0.004460710120212346,1398535798.1171875
2026-07-17,4828.9691933996155,4853.606791325124,4800.290933173707,4838.7255859375,434144,0.002429571951058085,0.0024266253128733357,2100703680.78125
2026-07-20,4836.853154253394,4912.736954758185,4828.969123032117,4905.54296875,352274,0.013808880380959732,0.01371440651760938,1728095243.7734375
2026-07-21,4937.374747049832,4983.693432301597,4899.925597271809,4961.12548828125,554172,0.01133055400499594,0.011266844072182907,2749316834.091797
2026-07-22,4976.794740258093,5038.8814865227,4898.6444727586395,4914.806640625,877166,-0.009336358809237999,-0.009380215796975707,4311101281.730469
2026-07-23,4914.806518189695,5122.944649855584,4907.907990998814,5098.7998046875,1603396,0.03743650107038632,0.03675276746210863,8175395211.636719
2026-07-24,5101.2001953125,5102.0,4982.0,5011.10009765625,694927,-0.017200068720216177,-0.01734970825800533,3482348757.563965
2026-07-27,5050.0,5125.5,5034.2001953125,5113.7998046875,564495,0.020494443341749324,0.020287258217905665,2886714420.7470703
2026-07-28,5108.0,5172.7998046875,5096.60009765625,5154.2998046875,633759,0.007919746870590494,0.007888550279827987,3266583889.9189453
2026-07-29,5185.0,5227.89990234375,5127.7001953125,5149.10009765625,682570,-0.0010088095819573706,-0.0010093187728235828,3514621253.6572266
2026-07-30,5168.7998046875,5353.60009765625,5161.0,5325.0,1368741,0.034161290129864685,0.03359075050753752,7288545825.0
2026-07-31,5375.0,5394.7001953125,5297.5,5386.0,769470,0.011455399061032878,0.01139028279391837,4144365420.0
2026-08-03,5425.0,5460.5,5388.0,5460.0,602971,0.013739324173783984,0.013645795367406607,3292221660.0
2026-08-04,5460.0,5606.0,5425.0,5548.0,1013842,0.01611721611721606,0.015988712695771425,5624795416.0
2026-08-05,5578.0,5705.0,5555.0,5690.0,893125,0.02559480894015853,0.025272745685654314,5081881250.0
2026-08-06,5680.0,5755.0,5550.5,5550.5,533656,-0.02451669595782069,-0.02482223434767472,2962057628.0
2026-08-07,5541.0,5800.0,5541.0,5725.0,1914675,0.03143860913431218,0.03095453564973852,10961514375.0
2026-08-10,5765.0,5933.0,5756.5,5860.0,990018,0.02358078602620095,0.023307054148617976,5801505480.0
2026-08-11,5848.0,5937.0,5803.5,5865.5,801380,0.0009385665529009213,0.0009381263747166253,4700494390.0
2026-08-12,5875.0,5916.0,5844.0,5895.0,996651,0.00502940925752271,0.005016804025696182,5875257645.0
2026-08-13,5919.0,5934.0,5802.0,5850.0,528775,-0.007633587786259555,-0.007662872745569137,3093333750.0
2026-08-14,5830.0,5849.0,5765.0,5790.0,508239,-0.01025641025641022,-0.010309369658861213,2942703810.0
2026-08-17,5765.0,5811.5,5740.0,5745.0,377125,-0.007772020725388629,-0.007802380284184899,2166583125.0
2026-08-18,5745.0,5778.0,5694.5,5745.5,485939,8.703220191463856e-05,8.7028414832284e-05,2791962524.5
2026-08-19,5699.5,5767.5,5664.5,5709.5,348863,-0.006265773213819492,-0.006285485555985661,1991833298.5
2026-08-20,5740.0,5740.5,5670.0,5740.5,298317,0.005429547245818345,0.005414860392163886,1712488738.5
2026-08-21,5724.5,5735.0,5642.0,5735.0,463679,-0.0009581046947130245,-0.0009585639703955993,2659199065.0
2026-08-24,5720.0,5728.0,5650.0,5685.0,281646,-0.008718395815169977,-0.00875662337883462,1601157510.0
2026-08-25,5665.0,5682.0,5590.0,5624.5,432456,-0.010642040457343849,-0.010699071951755793,2432348772.0
2026-08-26,5630.5,5720.0,5595.0,5595.0,451708,-0.0052449106587252325,-0.005258713486854988,2527306260.0
2026-08-27,5594.5,5610.0,5511.5,5550.0,533073,-0.008042895442359255,-0.008075414005545418,2958555150.0
2026-08-28,5549.0,5654.0,5529.0,5600.0,408239,0.009009009009008917,0.008968669982760316,2286138400.0
2026-08-31,5614.0,5614.0,5450.0,5450.0,485204,-0.0267857142857143,-0.02715098906595086,2644361800.0
2026-09-01,5610.0,5659.0,5495.5,5555.0,1231011,0.019266055045871644,0.019082814416440694,6838266105.0
2026-09-02,5477.0,5485.0,5167.0,5300.0,1746768,-0.045904590459045935,-0.046991602533517196,9257870400.0
2026-09-03,5315.0,5315.0,5271.0,5308.5,524520,0.00160377358490571,0.0016024889134146096,2784414420.0
2026-09-04,5319.0,5322.5,5260.0,5300.0,607423,-0.0016012056136385233,-0.0016024889134145792,3219341900.0
2026-09-07,5300.0,5347.5,5270.0,5270.0,354258,-0.005660377358490565,-0.005676458004805191,1866939660.0
2026-09-08,5305.0,5339.5,5285.0,5333.5,393029,0.01204933586337753,0.011977320530129433,2096220171.5
2026-09-09,5266.5,5297.0,5205.5,5218.0,532099,-0.02165557326333556,-0.02189349636886382,2776492582.0
2026-09-10,5235.0,5280.0,5169.0,5280.0,501164,0.011881947106170854,0.011811911003633324,2646145920.0
2026-09-11,5218.0,5243.0,5186.0,5221.5,251663,-0.01107954545454548,-0.0111413807807039,1314058354.5
