Date,open,high,low,close,volume,returns,log_returns,dollar_vol
2018-01-02,1172.7471274126465,1176.932438546196,1158.4039058640258,1167.166748046875,695988,-0.004388055234870403,-0.004397711006301373,812334050.6396484
2018-01-03,1172.4851912608513,1183.0356380742087,1164.027505890174,1177.41162109375,832810,0.008777557331905328,0.008739258525691882,980560172.1630859
2018-01-04,1177.193930723306,1182.4691554398737,1169.651706869533,1179.068603515625,640189,0.0014073093828781413,0.0014063200511170463,754826750.2160645
2018-01-05,1177.9784905917093,1188.3980208982155,1175.5806809328437,1182.8177490234375,568451,0.0031797517944534004,0.0031747070748581407,672373932.2501221
2018-01-08,1175.8859941062935,1195.417267614356,1175.8859941062935,1193.1502685546875,801796,0.008735512753152985,0.00869757891589718,956663112.7260742
2018-01-09,1198.0330747495689,1199.6897647720425,1182.3383183118017,1186.9595947265625,708386,-0.005188511448456556,-0.005202018515286339,840825559.4699707
2018-01-10,1187.002900954968,1194.5451232027074,1181.466161999758,1190.883056640625,939525,0.0033054721757115324,0.0033000211114837335,1118864403.7902832
2018-01-11,1183.2100794933476,1205.7931081933054,1183.2100794933476,1202.08740234375,629248,0.009408434892617779,0.009364451232104554,756411093.75
2018-01-12,1203.9620085215681,1207.1009378986003,1183.2100143321563,1198.0328369140625,872539,-0.003372937293729339,-0.0033786384701399398,1045330373.4881592
2018-01-15,1199.4278770299836,1199.4278770299836,1189.3135019663214,1192.1036376953125,1324592,-0.004949112441711256,-0.004961399856654911,1579050941.6621094
2018-01-16,1193.9349437401927,1211.547904162262,1189.095684995527,1205.0084228515625,896453,0.010825220851769846,0.010767047597521014,1080233415.6905518
2018-01-17,1211.111840963173,1212.8557025052369,1191.2754159221997,1195.5914306640625,1409691,-0.007814876650584224,-0.007845572828263134,1685414479.484253
2018-01-18,1220.7030429823894,1226.7193864101741,1177.6296428926391,1183.1663818359375,2465412,-0.01039238698894307,-0.010446764915001225,2916992595.7749023
2018-01-19,1194.8941951881882,1197.0303834409722,1177.1504216427559,1187.9622802734375,1491194,0.004053443802263912,0.004045250731573418,1771482224.5700684
2018-01-22,1188.441864541857,1190.1857264120579,1174.0113649911927,1181.5535888671875,1014403,-0.005394692670523948,-0.005409296571078851,1198571505.2076416
2018-01-23,1186.4360322609152,1196.5940459579533,1177.1500556796689,1193.1063232421875,1284895,0.00977757969156201,0.0097300884744295,1533016349.2022705
2018-01-24,1192.8012481039063,1196.2889710515785,1164.0711728971994,1190.97021484375,1819330,-0.0017903755573374092,-0.0017919801952112108,2166767840.9716797
2018-01-25,1193.585959178636,1201.5205072789563,1185.4334284028293,1196.94287109375,2125894,0.00501495014363873,0.005002417165210638,2544573668.0009766
2018-01-29,1194.545244639451,1220.7031697045484,1192.103795725294,1218.3489990234375,1406390,0.01788400135599355,0.017725964048378787,1713473848.7365723
2018-01-30,1218.3487455825723,1229.4222223152115,1212.0707810107692,1220.9208984375,1310365,0.0021109710075881694,0.002108746038970019,1599852013.0810547
2018-01-31,1220.7032180796177,1220.7032180796177,1188.0929822521161,1193.978515625,1491912,-0.022067263200245102,-0.022314387590885623,1781310875.203125
2018-02-01,1197.1611329905425,1207.449960247951,1177.9786530737238,1195.63525390625,1563429,0.001387577966914133,0.0013866161702161355,1869290829.3793945
2018-02-02,1178.8505399222956,1201.4335708132114,1178.8505399222956,1196.4635009765625,1699619,0.0006927255344859606,0.0006924857109011191,2033532099.0662842
2018-02-05,1178.9373051715518,1187.0898347327834,1169.476879752256,1182.119873046875,1585136,-0.011988353943083174,-0.012060793796740516,1873820767.0820312
2018-02-06,1133.5103392041478,1175.798994166764,1132.6384081739907,1155.61376953125,1540401,-0.02242251747896462,-0.02267772425782578,1780108606.199707
2018-02-07,1152.6926940735661,1159.6681415414848,1139.6573691926458,1144.5401611328125,1561287,-0.009582447605248956,-0.00962865467779848,1786955674.5545654
2018-02-08,1155.9184943278503,1166.2509583430615,1138.0875539655337,1159.2755126953125,1146084,0.012874473140300768,0.012792301636011317,1328627116.6918945
2018-02-09,1150.0769638617678,1168.387514461538,1143.7991033737444,1162.32763671875,810004,0.0026327857269592414,0.00262932601773549,941490035.0527344
2018-02-12,1168.3874061240265,1177.0195433223184,1162.414700745768,1172.2674560546875,1166428,0.008551650173265868,0.008515291947759716,1367365584.230957
2018-02-14,1176.9324118234192,1179.8968918357498,1161.4119986955284,1176.5836181640625,857401,0.003681891949727234,0.0036751303773992863,1008803970.7974854
2018-02-15,1179.7225471228787,1189.7061136867494,1167.297531382671,1184.2130126953125,844856,0.006484362363598839,0.006463429328826215,1000489469.0537109
2018-02-16,1189.3137430987297,1189.3137430987297,1175.3628487515305,1178.937744140625,1091144,-0.004454661870908483,-0.004464613442020674,1286390845.8925781
2018-02-19,1184.9539581382628,1184.9539581382628,1158.6216905321587,1164.8123779296875,495950,-0.011981435220936199,-0.012053791148593677,577688698.8342285
2018-02-20,1161.5425812359188,1171.3081631564821,1157.7932363995835,1161.2374267578125,688130,-0.0030691218943166287,-0.0030738413076947485,799082310.4748535
2018-02-21,1167.5155253422506,1167.5155253422506,1153.564630341895,1160.1912841796875,1406451,-0.0009008860324506429,-0.0009012920741555589,1631752191.8258057
2018-02-22,1159.754955909054,1162.9811632307728,1145.0629454952284,1156.5723876953125,2173259,-0.0031192239880802886,-0.0031240989071733504,2513531350.710327
2018-02-23,1156.616259527301,1161.0630855249547,1151.1230526592833,1153.6953125,896708,-0.0024875876563554833,-0.0024906868432624358,1034527816.28125
2018-02-26,1147.6789470330405,1166.9922360710557,1147.6789470330405,1162.54541015625,1109668,0.007671087470288995,0.0076418142882502945,1290039440.1972656
2018-02-27,1168.3874541799983,1179.2865908794386,1163.243040370486,1173.9241943359375,1316559,0.009787819108208584,0.00974022869237218,1545540463.3707275
2018-02-28,1166.992208787373,1167.079380580357,1143.101283482143,1148.98681640625,1862621,-0.021242749787429016,-0.021471624079966913,2140126972.9614258
2018-03-01,1150.9488345407779,1158.7962129581013,1145.9352316630434,1154.654541015625,961945,0.004932802124834046,0.004920675718192714,1110714162.4572754
2018-03-05,1150.9487138452107,1151.7770055720935,1128.0605291948798,1133.2921142578125,842790,-0.01850114124959168,-0.018674428026961266,955127260.9753418
2018-03-06,1133.5101049717885,1140.3983799739913,1124.0932092172743,1127.5809326171875,738512,-0.005039461202256068,-0.0050522021097578786,832732049.7089844
2018-03-07,1127.4501022678212,1140.1366308565266,1125.7497734380697,1128.1475830078125,917890,0.0005025363361810253,0.0005024101070844688,1035515384.967041
2018-03-08,1133.5103037385713,1138.3495633792882,1119.7337513183775,1127.53759765625,739272,-0.0005406964130847403,-0.0005408426421030145,833556974.8945312
2018-03-09,1129.1505816018102,1136.1260292101613,1121.3903748501432,1134.1641845703125,852176,0.005877042972080693,0.005859840521819624,966507498.1503906
2018-03-12,1137.8696890608512,1157.8804582592445,1128.3220894170406,1154.6107177734375,874857,0.01802784242465849,0.017867267876777535,1010119268.7191162
2018-03-13,1155.2213451690084,1160.9324290700483,1145.4556545973342,1151.428466796875,1067772,-0.0027561245773806142,-0.0027599296818931786,1229463076.8486328
2018-03-14,1148.681692952629,1155.3083459514676,1143.2321252830466,1148.2457275390625,760665,-0.00276416585970507,-0.0027679932207559143,873430336.338501
2018-03-15,1145.6299295057452,1150.9486862381082,1128.496467548236,1133.4664306640625,536838,-0.012871196922870531,-0.012954748491424075,608487851.704834
2018-03-16,1136.1259556254715,1142.8397809389141,1117.0306477470003,1132.76904296875,3646692,-0.0006152698275360136,-0.0006154591836904209,4130859806.841797
2018-03-19,1140.4854523868455,1149.3791037068606,1136.3437812103643,1141.7061767578125,1244199,0.00788963455925673,0.007858674130214433,1420509683.4158936
2018-03-20,1138.741490725538,1151.3844858369623,1138.741490725538,1145.06298828125,1249242,0.002940171115628054,0.0029358572661021404,1430460777.6064453
2018-03-21,1145.0628008901967,1153.6512955661028,1137.8693738143588,1147.11181640625,1698614,0.0017892711108191683,0.0017876722721516221,1948500190.913086
2018-03-22,1144.4091835381641,1151.3846299902063,1141.4010648304672,1143.8424072265625,950972,-0.0028501224840749018,-0.0028541918170662266,1087762101.6850586
2018-03-23,1124.7905945325367,1145.7169311750026,1119.3846668079739,1134.9486083984375,1301609,-0.00777537077829582,-0.007805756583415076,1477259323.2288818
2018-03-26,1136.1257093729312,1159.5806666404492,1131.7660558450227,1154.6978759765625,1032138,0.01740102365162932,0.017251359550732773,1191807556.3146973
2018-03-27,1167.5153032093463,1168.3872339809739,1151.9513602231661,1162.109375,1040328,0.006418561233750841,0.006398049991253551,1208974921.875
2018-03-28,1156.2238364488994,1167.864090903935,1152.8668178456073,1162.5888671875,1337677,0.00041260504201678927,0.00041251994396355963,1555168388.0927734
2018-04-02,1146.5892198177935,1186.305717877491,1146.5892198177935,1178.2403564453125,708747,0.013462617525038079,0.013372801695910319,835074317.9095459
2018-04-03,1174.577873249638,1181.9021127198548,1167.2101011047332,1175.71142578125,979726,-0.002146362285274428,-0.0021486690221239595,1151875052.334961
2018-04-04,1175.3628347615113,1185.8260053973704,1167.995061346844,1183.6025390625,912607,0.006711777319001966,0.006689353620938444,1080163962.366211
2018-04-05,1203.2644121486724,1206.5777915104914,1188.179967885399,1205.1826171875,588716,0.01823253787719392,0.018068318248532635,709510289.6601562
2018-04-06,1204.9646886246253,1204.9646886246253,1187.9620385588576,1198.73046875,633937,-0.0053536686851302084,-0.005368050924120366,759919597.1679688
2018-04-09,1192.7578410921337,1217.5643392466857,1192.3655147589204,1213.3790283203125,923543,0.012220061099796231,0.012145998905724716,1120607707.9520264
2018-04-10,1219.6567629599504,1223.1444859235912,1209.3679376424666,1213.2916259765625,969036,-7.203218591222971e-05,-7.203478035472301e-05,1175723264.0698242
2018-04-11,1214.5994504215569,1238.5775443817815,1208.1036093598004,1228.68115234375,1015714,0.01268411158347904,0.012604342068889614,1247988647.9716797
2018-04-12,1227.6786409485046,1234.6540877720759,1218.1745733640148,1231.8203125,510556,0.002554902181303831,0.0025516439671581484,628913251.46875
2018-04-13,1231.1664789593904,1232.7795299001123,1220.0057204280652,1229.9022216796875,534981,-0.001557119005790475,-0.0015583325755348528,657974320.4564209
2018-04-16,1228.4634862147132,1240.932034424742,1224.9321234377076,1237.7059326171875,325041,0.006344984828828393,0.0063249401566690035,402305174.04382324
2018-04-17,1238.5777674547749,1264.735692849807,1237.9674584369725,1260.419677734375,1176082,0.0183514876341897,0.01818513126055768,1482356895.4291992
2018-04-18,1264.735595703125,1269.662025894822,1255.580322518097,1264.735595703125,765225,0.0034241911999564056,0.0034183420059720033,967807296.2219238
2018-04-19,1265.5203276534792,1279.907185208282,1262.8608962579988,1267.961669921875,682820,0.002550789453313662,0.0025475417115939326,865789587.4560547
2018-04-20,1257.3243311124265,1283.6130684768054,1256.6267438324824,1279.8201904296875,674146,0.00935242822327842,0.009308965047111564,862785662.0974121
2018-04-23,1282.6102473689446,1282.6102473689446,1264.2996999897823,1266.697509765625,395622,-0.010253534646657458,-0.010306464254264349,501133402.2084961
2018-04-24,1276.506867474202,1281.5204702665358,1260.5504890560226,1272.7139892578125,1218174,0.004749736575467622,0.004738492167957803,1550387091.1501465
2018-04-25,1272.1471895969855,1275.6349132147977,1263.471519672429,1272.321533203125,504777,-0.00030836154705615737,-0.0003084091002539785,642238646.5656738
2018-04-26,1275.6349195993555,1306.6756386658672,1272.8883159492061,1300.2669677734375,1321586,0.02196412922444102,0.021726392559320105,1718414620.8718262
2018-04-27,1300.2669421168307,1305.7165101894075,1281.6512388682836,1285.1824951171875,818770,-0.01160105811353529,-0.011668875399958109,1052268871.5270996
2018-04-30,1286.0980167397074,1319.7109939214502,1285.7056904279934,1315.656494140625,612159,0.023711806797258594,0.023435048331467846,805390963.7966309
2018-05-02,1318.3594724724574,1320.103334208532,1277.073567158264,1283.4385986328125,1047583,-0.024488075459891956,-0.024792894964869996,1344508457.4715576
2018-05-03,1277.9014202048727,1280.822366322663,1256.9750865559824,1266.217529296875,1243694,-0.01341791446375562,-0.013508748125334183,1574787143.8813477
2018-05-04,1268.6593095165324,1282.6102022672296,1262.2506394465538,1276.6810302734375,586841,0.008263588786654008,0.00822963227700151,749208772.4866943
2018-05-07,1283.8308298322443,1309.639958186905,1277.3785211343647,1306.0650634765625,887065,0.023015955047778425,0.02275508318000713,1158564605.532837
2018-05-08,1302.6646476781877,1312.081543127717,1289.149719941232,1304.4521484375,906975,-0.0012349423349317101,-0.0012357055045954012,1183105487.3291016
2018-05-09,1305.193084111477,1317.487285675212,1295.9070008833778,1304.4083251953125,759263,-3.359513205603015e-05,-3.359569638511826e-05,990388978.2127686
2018-05-10,1302.6646030091133,1313.8688923968857,1290.457571923352,1296.1251220703125,932116,-0.0063501611918642675,-0.006370409229830512,1208138964.2836914
2018-05-11,1298.3050566457064,1313.1278813354156,1294.9045049883396,1311.47119140625,591179,0.011839959796030364,0.01177041586538996,775314227.4643555
2018-05-14,1320.9751420831656,1326.3810703869121,1302.7082346733287,1310.9915771484375,1479249,-0.0003657070478980673,-0.00036577393502840215,1939282979.505249
2018-05-15,1334.054006226029,1344.8659684788922,1317.0513571270699,1321.4110107421875,3239290,0.007947750218512795,0.007916333205009864,4280433472.9870605
2018-05-16,1315.7435528440537,1379.7432936667171,1313.6508976754183,1372.5062255859375,2420630,0.03866716292537298,0.03793831712465506,3322329744.840088
2018-05-17,1372.5064412460285,1391.9505433560673,1360.430219279426,1368.7572021484375,2082393,-0.00273151652619974,-0.0027352539248617818,2850290416.453491
2018-05-18,1363.0894263500213,1405.9883780065459,1363.0894263500213,1400.146484375,2041908,0.02293268826442918,0.02267368643168952,2858970307.6171875
2018-05-21,1406.4243109559543,1412.0046890877888,1371.5907197906547,1376.4735107421875,1510806,-0.01690749782040102,-0.017052061350172926,2079584438.8703613
2018-05-22,1365.2258561631356,1385.4546112016576,1358.6427350547528,1372.680908203125,1137466,-0.0027553036868959158,-0.0027591065230179344,1561377861.9301758
2018-05-23,1366.3154336314187,1383.143739045399,1361.0838493290648,1367.2745361328125,891664,-0.003938549766376198,-0.003946326279011138,1219149481.9863281
2018-05-24,1369.018642505988,1370.3701779339826,1351.5364923632358,1361.1712646484375,915840,-0.004463822972698206,-0.004473815578367229,1246615091.015625
2018-05-25,1365.443621062143,1387.4598735728832,1357.857865742099,1373.9449462890625,968884,0.009384330959942844,0.009340571680836298,1331193275.340332
2018-05-28,1382.0102925900926,1382.620601564125,1374.162915534376,1380.1356201171875,563972,0.004505765565676834,0.004495644993240786,778357845.9487305
2018-05-29,1373.7704880914232,1393.1709466060665,1363.4380239127918,1371.285400390625,944652,-0.006412572501977021,-0.00643322136725513,1295387496.0498047
2018-05-30,1368.4952505120132,1390.555140068567,1357.5961166277189,1382.707763671875,1089156,0.008329676140354403,0.008295175839874061,1505984457.0498047
2018-05-31,1390.729656575965,1410.4789109175365,1377.3890724679188,1405.0728759765625,3315162,0.016174865645720793,0.0160454462027683,4658044205.668213
2018-06-01,1406.4244608826818,1416.3644938588734,1378.6098454836165,1385.3673095703125,1444570,-0.014024586726545496,-0.014123860518544015,2001260054.3859863
2018-06-04,1386.3699855080545,1386.3699855080545,1358.4681996361942,1363.002197265625,857157,-0.016143814099110143,-0.016275545150952895,1168306874.4016113
2018-06-05,1363.6998388903132,1371.5472164798355,1348.9206536714612,1362.653564453125,1531015,-0.00025578301575701623,-0.00025581573381185856,2086243046.9812012
2018-06-06,1361.171135016778,1376.7787174455539,1357.988566345823,1369.93408203125,1085135,0.00534289695345036,0.005328674317084538,1486563420.1049805
2018-06-07,1373.2907167930762,1400.930874676968,1373.2907167930762,1397.7484130859375,1479204,0.020303408331477035,0.020100042212485392,2067555043.630371
2018-06-08,1395.002152751655,1396.179238081868,1378.9586042319902,1391.2528076171875,760059,-0.004647192161291058,-0.00465802393001845,1057434217.7047119
2018-06-11,1391.6017324623406,1409.912281573687,1381.4873551929725,1396.3101806640625,905198,0.0036351215387926405,0.003628530452595406,1263937182.916748
2018-06-12,1399.2743645590485,1434.325934486658,1386.7185417783003,1428.61474609375,1707972,0.023135665611435874,0.02287209363278625,2440033985.1152344
2018-06-13,1433.4542842449328,1434.1082323673072,1412.0919789140319,1413.57421875,845842,-0.010528049906299186,-0.01058386189694952,1195660444.3359375
2018-06-14,1410.6097355158813,1433.4542806250613,1393.6070843770804,1403.4598388671875,1348038,-0.007155181347150208,-0.0071809024232861235,1891917194.2668457
2018-06-15,1386.3697820081632,1420.2879067673052,1386.3697820081632,1413.6612548828125,2101892,0.0072687623351297415,0.007242472203130673,2971363282.3481445
2018-06-18,1421.2035452359664,1429.0945614416128,1398.1410184695706,1402.5443115234375,846403,-0.00786393722044576,-0.007895021042810741,1187117712.906372
2018-06-19,1398.228180385898,1405.5524202402794,1386.1083212316892,1395.961181640625,1118708,-0.004693705452815222,-0.004704755478857606,1561672941.5908203
2018-06-20,1392.4735589871789,1410.4353131006412,1392.4735589871789,1397.1820068359375,1535703,0.0008745409337798105,0.0008741587456672498,2145656599.4439697
2018-06-21,1400.344673499346,1414.8400857407132,1395.0736145024853,1399.8614501953125,1185462,0.0019177482577541483,0.0019159117261927003,1659482554.4714355
2018-06-22,1398.58758125654,1415.0156713815954,1388.9239735971041,1412.7315673828125,1098709,0.009193850709800166,0.009151844533740622,1552180887.6676025
2018-06-25,1419.6717606700895,1431.0923874576583,1412.1165982432283,1418.925048828125,1082199,0.004384046897731864,0.004374464959036061,1535559268.916748
2018-06-26,1418.7934470202424,1432.6739459304242,1418.1345646145053,1424.723388671875,759142,0.004086431378837574,0.004078104594976388,1081567362.7231445
2018-06-27,1431.0923655728507,1455.3831813167842,1404.1660206105507,1413.7857666015625,2251405,-0.007677014469811283,-0.007706634438061698,3183004343.855591
2018-06-28,1414.400812415916,1423.6251655403676,1402.1016749166472,1408.0316162109375,1177218,-0.004070029934207575,-0.004078335048408898,1657560163.1726074
2018-06-29,1410.4033742879978,1445.1484762948999,1410.4033742879978,1441.7662353515625,1722592,0.02395870856323956,0.02367620213558369,2483574982.8867188
2018-07-02,1441.5467296235436,1447.5645002110205,1427.6223709602666,1443.786865234375,1099574,0.0014014961879862398,0.001400515008842668,1587550498.5532227
2018-07-03,1445.1485752051167,1459.292561088919,1436.3634774835052,1443.830810546875,1381265,3.0437534485283635e-05,3.0437071272930202e-05,1994312964.5300293
2018-07-04,1442.512993059181,1478.0048080026604,1440.4485166182026,1472.38232421875,1244751,0.01977483335534358,0.019581851314547837,1832749370.4536133
2018-07-05,1475.0179722501202,1486.7460567756464,1465.7057897041582,1482.924560546875,1449303,0.00715998566046272,0.007134474663003246,2149207014.3742676
2018-07-06,1483.8029655164287,1491.4020962904817,1469.2197251363727,1474.4029541015625,1458899,-0.005746486822074015,-0.0057630614050545705,2151004995.3358154
2018-07-09,1477.6535611536615,1489.9526989991737,1470.6254823847976,1486.350830078125,773248,0.008103535022990327,0.008070877690984024,1149317806.65625
2018-07-10,1487.5368292355722,1492.4564630326502,1474.2273833299257,1482.046142578125,1093651,-0.002896144983330573,-0.0029003469261309044,1620841245.876709
2018-07-11,1480.2890000309058,1511.915352553821,1475.0619096626876,1509.41162109375,1158397,0.01846466026221072,0.018296258254768098,1748497893.6401367
2018-07-12,1511.0369569654063,1536.8651682592051,1509.49956471268,1530.671630859375,1471465,0.014084964941650346,0.013986693514320926,2252329731.30249
2018-07-13,1530.364127825089,1537.4361748709002,1514.550950844118,1530.9351806640625,976456,0.00017217919204504106,0.0001721643709091908,1494890842.7705078
2018-07-16,1537.2164381047642,1562.868880487152,1531.9892406304336,1538.490234375,2218046,0.004934927230335395,0.004922790390188599,3412442110.3945312
2018-07-17,1552.3266933962695,1563.747319889847,1474.3149864518493,1477.3897705078125,6188478,-0.03971456074403301,-0.04052470615652119,9142794092.212646
2018-07-18,1487.3166434470056,1493.2026144382708,1429.3350141100284,1444.050048828125,2372869,-0.022566639044906855,-0.022825162382462526,3426541595.312744
2018-07-19,1451.2104586100681,1467.111465621807,1443.9627522679245,1447.301025390625,1457149,0.002251290781187354,0.002248760423099556,2108933241.8469238
2018-07-20,1454.724266233528,1468.3850280302725,1430.9166742787243,1454.6802978515625,1734748,0.0050986438422138125,0.0050856897711706725,2523503737.3374023
2018-07-23,1466.188927807788,1496.0582618225449,1458.8095310784702,1484.3741455078125,1382893,0.020412627915635584,0.020207082665270472,2052730615.2037354
2018-07-24,1493.466621904869,1501.9881238515177,1460.4785368603382,1465.2664794921875,1084438,-0.012872540304916247,-0.012956109390787595,1588990650.4875488
2018-07-25,1467.9897113691889,1475.413075451705,1439.2185186418753,1452.132568359375,1526620,-0.008963496617601097,-0.009003910434070094,2216854621.508789
2018-07-26,1453.9335833534963,1475.588869351133,1445.1924545549969,1467.0672607421875,2088548,0.010284661819606411,0.010232134528531191,3064040393.288574
2018-07-27,1467.11148455748,1471.3283748342337,1442.0299848446543,1457.4478759765625,1030665,-0.006556880535087739,-0.006578471306754045,1502140515.0933838
2018-07-30,1463.81692696455,1486.4385538928843,1450.4196527642744,1483.5394287109375,1237254,0.017902220151024162,0.017743862582948505,1835515092.3303223
2018-07-31,1484.6814113982716,1526.3666542838566,1477.3897379019313,1521.2713623046875,1877744,0.025433724822895742,0.02511566925795738,2856558172.939453
2018-08-01,1522.413535337194,1531.2426018410424,1509.8069409868976,1523.599609375,1191134,0.0015304613811866208,0.0015292914187364126,1814811297.1132812
2018-08-02,1530.5836547293047,1545.9575757841262,1527.7284979619808,1536.0743408203125,1127209,0.008187670414558479,0.008154333286475477,1731476821.6417236
2018-08-03,1540.906156110412,1552.6342402405687,1534.6687581123479,1548.812744140625,758933,0.008292829963886916,0.008258633377058086,1175445102.348877
2018-08-06,1546.1771456557067,1546.1771456557067,1506.6881756555401,1520.08544921875,1629015,-0.018547945857596004,-0.01872211603352911,2476241998.059082
2018-08-07,1520.5248491661278,1530.3641163176474,1514.550939455582,1519.865966796875,863577,-0.00014438821316775652,-0.0001443986381493158,1312521292.008545
2018-08-08,1518.0651207923986,1548.8129675677076,1512.223008457094,1543.6737060546875,1423256,0.01566436763367185,0.015542947762508412,2197042864.1845703
2018-08-09,1547.4950738691725,1550.569858290712,1527.0257518240776,1541.0819091796875,939345,-0.001678979738292008,-0.0016803908044282917,1447607585.9783936
2018-08-10,1537.3922264742496,1549.3399389005695,1529.9248928028032,1539.76416015625,730724,-0.0008550804571698656,-0.0008554462469986704,1125142626.1660156
2018-08-13,1527.7285414212604,1543.1024629134238,1516.088286577194,1518.8116455078125,691024,-0.013607612899829591,-0.013701045024548535,1049535298.5253906
2018-08-14,1518.9434239706134,1545.5623134520874,1518.9434239706134,1532.3406982421875,850399,0.008907656702784594,0.008868217562666151,1303100997.444458
2018-08-16,1529.4854896593997,1539.1051286196878,1520.348966722345,1526.3228759765625,638454,-0.003927209055093472,-0.00393494078997287,974486945.4587402
2018-08-17,1529.5735539321238,1571.3027738681158,1521.3595078769292,1567.9205322265625,1420289,0.027253510318637764,0.026888745975482884,2226900284.795532
2018-08-20,1572.5324430878939,1588.916671275321,1557.7734364802475,1561.11181640625,924623,-0.004342513335573006,-0.0043519694320206465,1443439891.020996
2018-08-21,1561.111868368848,1561.111868368848,1537.392104471291,1539.58837890625,1169476,-0.013787249109130428,-0.013883175960271794,1800511659.0097656
2018-08-23,1550.525731849041,1566.822130518004,1543.9808771434775,1557.422119140625,1375102,0.011583446899647631,0.011516872393560926,2141614270.8745117
2018-08-24,1557.8176700303545,1571.6542008652498,1548.1540611932849,1564.5821533203125,866648,0.004597362585063491,0.004586826991981119,1355941994.0107422
2018-08-27,1573.411116972956,1579.56068582768,1562.6054030893813,1574.55322265625,627163,0.006372991865449373,0.006352770222229195,987501522.7807617
2018-08-28,1571.6538731756132,1573.3669242162955,1553.0733713376478,1556.016357421875,991764,-0.011772777806204338,-0.011842625698544242,1543201006.7021484
2018-08-29,1559.354979166671,1563.2204439433037,1538.4903702904971,1542.531494140625,777922,-0.008666273472595631,-0.008704043998680598,1199969184.9848633
2018-08-30,1541.7846861022997,1563.5717718560277,1541.7846861022997,1557.466064453125,1586926,0.009681857627691581,0.009635288784796532,2471583391.79834
2018-08-31,1561.1119681230598,1572.4886275271247,1550.569850161621,1563.8353271484375,1335542,0.0040895033546357595,0.0040811640637660055,2088567760.4904785
2018-09-03,1573.8502261329043,1573.8502261329043,1489.820746616471,1492.6759033203125,1744229,-0.04550314383668519,-0.046570929521795854,2603568598.1724854
2018-09-04,1490.8311285959621,1491.665670008854,1426.568115364354,1450.5953369140625,3852609,-0.02819136177695769,-0.028596368160107608,5588576650.353149
2018-09-05,1443.3915639618313,1447.388826344138,1402.1016044327953,1415.8941650390625,2693195,-0.023922020836508295,-0.024212799076709184,3813279085.812378
2018-09-06,1426.216871230054,1437.6814684574663,1404.42988979479,1413.1710205078125,2008264,-0.0019232684182823867,-0.0019251202737778374,2838020486.3291016
2018-09-07,1416.069991905302,1444.8850494863786,1406.4942134761156,1439.657958984375,1571003,0.018742910866545115,0.018569426890117813,2261706972.53833
2018-09-10,1434.342963202297,1441.1075532686755,1409.1297738602614,1414.6644287109375,1423511,-0.017360741916135014,-0.017513206774923355,2013790375.5787354
2018-09-11,1417.036159794576,1426.6997665879674,1384.5752689618475,1397.4014892578125,2381214,-0.01220285115167219,-0.012277917245107356,3327511989.8415527
2018-09-12,1405.571798817415,1438.032802285315,1394.6343940248312,1429.2037353515625,1789295,0.02275813095822654,0.022503027889366273,2557267097.645874
2018-09-14,1438.9111193195642,1448.662555949828,1416.5969505573667,1431.35595703125,1920969,0.0015058886472600896,0.0015047559339685852,2749590421.4223633
2018-09-17,1423.1859253826422,1428.4569843655406,1401.2231796205642,1410.403564453125,904395,-0.014638142577463431,-0.01474633733146695,1275561931.673584
2018-09-18,1424.9430906492796,1467.946108349639,1421.4290509682703,1462.675048828125,2932792,0.03706136718058284,0.03639110510551271,4289721681.8027344
2018-09-19,1467.9899368141048,1474.5787605879564,1438.252400296116,1446.9935302734375,1589108,-0.010721122622041945,-0.010779007959480467,2299428994.9057617
2018-09-21,1450.4193285643619,1455.602556577177,1411.1499929098673,1424.32763671875,3032792,-0.015664129161935048,-0.01578810801794522,4319689462.019531
2018-09-24,1424.9870737777987,1440.3170291487445,1374.0773590287047,1397.22607421875,1817390,-0.01902761822584187,-0.019210972948495674,2539304695.024414
2018-09-25,1405.615526376911,1440.7559145363339,1385.453771566424,1432.717529296875,1229970,0.025401368993181572,0.02508411544866826,1762199579.5092773
2018-09-26,1444.6214446495283,1448.6625680244063,1403.858571075198,1415.0595703125,980726,-0.012324801381498385,-0.01240138162074135,1387785712.1542969
2018-09-27,1414.4008755668667,1427.5785234758748,1408.426965618794,1423.2738037109375,1572603,0.005804867562305915,0.005788084237262118,2238244653.5372314
2018-09-28,1423.2738843837606,1429.5992200825958,1405.6598250243185,1412.995361328125,1735076,-0.007221690131591907,-0.0072478927635085426,2451654339.551758
2018-10-01,1411.3256804325226,1451.6492927500117,1407.020961920034,1442.7763671875,1721675,0.0210765064588625,0.020857469243822792,2483992001.977539
2018-10-03,1442.5130599815905,1442.5570283666132,1411.457760680284,1422.175537109375,1213562,-0.014278602385401906,-0.014381522506795988,1725898189.1655273
2018-10-04,1405.6156921335357,1408.0755624907563,1372.3201489781293,1382.73046875,1544573,-0.027735724128365002,-0.028127622719921603,2135728148.3085938
2018-10-05,1370.0357130940858,1383.520813926312,1342.8897451667085,1369.201171875,1638027,-0.009784478740264224,-0.009832661304167883,2242788487.9628906
2018-10-08,1362.5686397459879,1379.611750562821,1350.3573326161975,1369.9041748046875,1998863,0.0005134402044988384,0.0005133084391775203,2738250768.562622
2018-10-09,1373.1107370546708,1379.2603052948389,1311.1757997786924,1328.7020263671875,1562134,-0.030076664627563754,-0.030538246306713278,2075610611.25708
2018-10-10,1328.7459759707713,1355.716181975484,1309.462730157625,1342.055419921875,2294071,0.010049953480689044,0.009999788521888753,3078770419.2355957
2018-10-11,1308.9796638263049,1352.9051559010131,1297.7346949591913,1340.69384765625,1823960,-0.0010145425035459343,-0.0010150575001451093,2445371950.3710938
2018-10-12,1366.5217270927426,1385.848938919191,1352.9926573662397,1378.90869140625,1728063,0.02850378094656425,0.02810510627967846,2382841089.9975586
2018-10-15,1361.4266736342488,1399.4222247021542,1317.7647769215696,1340.86962890625,3913322,-0.027586353423595167,-0.027974002726256476,5247254617.930664
2018-10-16,1349.127332521162,1368.3228556725492,1341.045086002651,1358.3516845703125,1374834,0.01303784893563642,0.012953587782415128,1867508079.904541
2018-10-17,1368.8060901561578,1386.112797461822,1358.2201114702734,1372.2322998046875,1223188,0.010218719785197505,0.010166861651452468,1678498082.333496
2018-10-19,1362.7444815924323,1393.0970408119624,1355.584711869598,1386.6400146484375,932433,0.010499472170856672,0.01044473551687642,1292948908.7786865
2018-10-22,1395.073456381295,1396.8304758477702,1376.273326642019,1392.35009765625,614209,0.004117927470353777,0.004109472011723591,855193961.1313477
2018-10-23,1384.1361917364277,1389.80253718738,1359.4939483549117,1363.4912109375,989355,-0.02072674592929491,-0.02094455990098638,1348976846.9970703
2018-10-24,1372.2321958371324,1397.7089779621497,1363.7985238920148,1393.2724609375,690618,0.02184190830208821,0.02160679126618916,962219040.4277344
2018-10-25,1390.6664211615566,1406.348968160043,1371.8032101450494,1388.5018310546875,2397242,-0.003424046635933986,-0.003429922099357612,3328574906.481201
2018-10-26,1384.5701407084932,1395.5258575199543,1369.41768580066,1376.7509765625,1049382,-0.008462973709773003,-0.008498988007768328,1444737693.2871094
2018-10-29,1377.8108185109872,1377.8108185109872,1344.722903224868,1372.0238037109375,1478828,-0.0034335714533977324,-0.0034394796879677024,2028987217.5942383
2018-10-30,1372.907701145673,1416.8187923602834,1362.7912885799362,1407.4976806640625,1366068,0.025855146869302237,0.02552655439281192,1922737541.6293945
2018-10-31,1407.4530964550456,1434.842328087253,1380.0196455019855,1432.8101806640625,1478902,0.01798404384443275,0.017824243982341677,2118985841.8044434
2018-11-01,1435.2843262146343,1435.2843262146343,1399.1040719356274,1420.39697265625,1037308,-0.008663539787286623,-0.008701286419202888,1473389142.9121094
2018-11-02,1423.0914721210231,1456.223608348948,1420.9268823616012,1447.6092529296875,1332970,0.019158221819178145,0.01897701384487379,1929619705.8776855
2018-11-05,1444.560868429338,1455.163150032489,1422.4727817561063,1449.022705078125,764645,0.0009764044721163323,0.0009759280993328742,1107987966.324463
2018-11-06,1457.8139775392713,1461.3480720302757,1431.3965996486133,1441.8663330078125,656676,-0.00493875771941521,-0.004950993686931219,946839016.0942383
2018-11-07,1448.9787047321192,1455.119150614421,1444.0309941400199,1452.3802490234375,114827,0.007291879819187219,0.0072654226009243785,166772466.85461426
2018-11-09,1457.8138831299716,1484.319590095971,1447.476700554031,1477.781494140625,1125863,0.017489390353708778,0.017338211109447495,1663779506.3376465
2018-11-12,1477.251484021651,1486.0425008485622,1457.1071024623725,1461.6131591796875,805817,-0.01094095103034154,-0.011001243409022893,1177792731.0906982
2018-11-13,1452.600800809956,1483.0823581191962,1445.9302638491204,1476.4559326171875,673435,0.010155062811441962,0.010103846605103177,994297100.9820557
2018-11-14,1477.2515358587145,1536.8893819534892,1473.761660598416,1515.684814453125,1780843,0.02656962593282408,0.026222783654757026,2699196692.0251465
2018-11-15,1517.6728777954606,1527.0824270320095,1499.030548778477,1507.335693359375,997169,-0.005508481060267467,-0.005523708688543306,1503068426.0114746
2018-11-16,1506.3194576996439,1517.8935956771888,1487.2353688703784,1492.3597412109375,1071547,-0.009935379500674357,-0.009985064752064066,1599133603.6153564
2018-11-19,1496.070652794259,1508.1748837645123,1481.6691740322713,1503.2271728515625,910054,0.007282045568856477,0.007255659493989569,1368017901.5622559
2018-11-20,1502.8737525624679,1510.737134742985,1488.7815932615483,1496.6890869140625,740827,-0.004349366519963538,-0.004358852529941285,1108787686.1912842
2018-11-21,1493.199156418184,1507.2913151984928,1483.171076919989,1493.1107177734375,932133,-0.002390856706253608,-0.0023937193678679187,1391777772.6903076
2018-11-22,1495.717242987413,1505.2592339152309,1469.299863675639,1479.990478515625,808599,-0.008787184434237871,-0.008826019406798374,1196718820.9372559
2018-11-26,1482.6408872360773,1546.1662537461027,1482.6408872360773,1540.8651123046875,2314140,0.041131773935544125,0.04030836561363153,3565777590.9887695
2018-11-27,1536.359332077745,1538.656472050456,1510.1628336791512,1531.41162109375,1592918,-0.006135184147817996,-0.006154081723132072,2439413136.649414
2018-11-28,1529.379268003751,1544.3991683827594,1516.7890573919349,1530.439453125,1205956,-0.0006348181999923375,-0.0006350197823824863,1845642641.1328125
2018-11-29,1542.5441039937143,1572.6722416595985,1535.1224830806475,1562.51171875,1936534,0.020956245972038712,0.020739684172236983,3025857068.7578125
2018-11-30,1564.6762450176504,1588.8407043652055,1539.319158103882,1549.7005615234375,2373749,-0.00819907913190654,-0.008232876445891662,3678600158.2156982
2018-12-03,1563.3951583433716,1624.1816309241449,1544.4436184683725,1612.9608154296875,4310053,0.0408209530775816,0.040009779717574544,6951946601.425171
2018-12-04,1621.2659129841577,1633.591024876667,1591.22610860189,1597.1015625,3155914,-0.009832385745504046,-0.009881042856595846,5040315180.515625
2018-12-05,1592.9933106709639,1638.7598837578373,1579.740454508976,1632.8402099609375,2847336,0.022377191469899138,0.022130495579591583,4649244712.069336
2018-12-06,1625.6832576585484,1631.8679222257276,1588.266058597512,1591.6676025390625,2399579,-0.025215331647706063,-0.02553868534790509,3819332154.033081
2018-12-07,1591.4912116821415,1619.277987644555,1583.3627293000425,1611.812255859375,1774240,0.012656319251693748,0.012576897466131573,2859741776.8359375
2018-12-10,1587.5152374615334,1603.5953237378285,1581.5072338791806,1586.6317138671875,1216028,-0.01562250311762392,-0.01574582045592645,1929388589.7504883
2018-12-11,1573.5556692372684,1607.9247618538975,1563.9252395845044,1585.836669921875,2237806,-0.0005010891553243191,-0.0005012147424504279,3548794814.9711914
2018-12-12,1586.8086967482277,1630.14558096671,1586.7644774187563,1624.8885498046875,1449484,0.02462541106754479,0.024327093179260503,2355249954.7250977
2018-12-13,1632.7517165366307,1649.936208507644,1623.077175642761,1639.42236328125,1586900,0.00894449867242253,0.008904733587434257,2601599348.2910156
2018-12-14,1623.0328202515925,1648.5224540237393,1619.2778450278206,1643.83984375,1573884,0.0026945347139881726,0.0026909109634139536,2587213228.640625
2018-12-17,1647.7717616210189,1651.747618418496,1630.1455062930115,1635.1373291015625,1179613,-0.005294016130297008,-0.005308079088668439,1928829250.1934814
2018-12-18,1633.54705347958,1633.54705347958,1619.499004537574,1626.3463134765625,1521255,-0.00537631639162095,-0.0053908207907767975,2474087461.107788
2018-12-19,1634.474498897028,1641.5869072711635,1627.4505291676444,1629.9244384765625,1687085,0.0022001002925085,0.002197683615831546,2749821071.2872314
2018-12-20,1624.8000088645308,1638.8480566127173,1608.8965830028878,1620.603271484375,1500656,-0.005718772460948984,-0.0057351872517301655,2431968022.9726562
2018-12-21,1619.4987606834368,1627.9805656829005,1590.3424818495287,1593.434814453125,1439522,-0.01676440959320369,-0.01690652284315634,2293784470.9711914
2018-12-24,1602.7117912881888,1602.7117912881888,1570.5073995930163,1576.7803955078125,1023418,-0.010451898498921919,-0.010506903194733757,1613705438.8098145
2018-12-26,1555.0015735732895,1589.1497831088084,1538.435505673006,1582.9208984375,2212019,0.00389432983006488,0.003886766557212408,3501451102.8408203
2018-12-27,1592.727905680471,1610.6634773956712,1584.2903202495263,1603.5069580078125,1516851,0.013005109472389309,0.012921269155493529,2432281132.7611084
2018-12-28,1606.1576960313546,1621.1775983724274,1604.2138792524802,1609.8243408203125,963189,0.003939728967779832,0.003931988559024521,1550565097.010376
2018-12-31,1616.8483057775923,1622.9446406320737,1600.2822370708548,1607.703857421875,757071,-0.0013172141485678912,-0.001318082437690051,1217145967.0422363
2019-01-01,1612.2541523951957,1612.2541523951957,1588.8848849276396,1591.3145751953125,807345,-0.010194217144471218,-0.010246534032914884,1284739865.7110596
2019-01-02,1583.627733323851,1598.1616535050453,1564.985406803425,1576.7362060546875,1598707,-0.009161211345554143,-0.009203433309604566,2520739209.7730713
2019-01-03,1574.96926958292,1593.3907164970612,1574.96926958292,1580.09375,1182624,0.0021294265536742074,0.002127162538416908,1868656791.0
2019-01-04,1589.370867277827,1592.109769283883,1565.7366073841845,1574.1741943359375,1454134,-0.0037463319274964046,-0.003753367004938444,2289060217.906494
2019-01-07,1582.8329004445945,1593.8769480335186,1574.8369668494026,1577.0457763671875,909032,0.0018241831441414558,0.001822521342716286,1433585076.1826172
2019-01-08,1583.2741910123134,1584.599476328451,1555.973291929481,1564.587646484375,1262707,-0.00789966281860921,-0.007931030460003182,1975615773.3293457
2019-01-09,1570.463051162848,1587.6917597410056,1566.840626314249,1577.0894775390625,1324628,0.007990495823470889,0.007958740858169305,2089056880.4536133
2019-01-10,1577.0897171033075,1589.5473790125454,1571.7885751970778,1578.14990234375,1313981,0.0006723935577468421,0.0006721676024801628,2073658986.831543
2019-01-11,1585.9245749805534,1586.2780059269903,1553.72018872968,1563.306396484375,1113837,-0.009405637472923556,-0.009450149812216318,1741268506.7409668
2019-01-14,1564.720261477803,1573.3346163899478,1555.0898328774156,1558.447265625,1018068,-0.0031082396069653795,-0.0031130802168117845,1586605290.8203125
2019-01-15,1561.5396934028936,1584.5113079030887,1561.5396934028936,1581.374755859375,1614600,0.014711752357677632,0.014604584336624071,2553287680.810547
2019-01-16,1581.5074111287793,1585.7483679977513,1561.0097045834464,1566.0899658203125,2054033,-0.009665507800999507,-0.009712522010941907,3216800470.763794
2019-01-17,1569.9330980391749,1572.0093569177034,1539.5398647908378,1547.4915771484375,1941204,-0.011875683439509954,-0.01194676267152778,3003996839.5268555
2019-01-18,1546.1664245114334,1562.8208241421974,1526.1104803171465,1540.95361328125,3234056,-0.004224878483174099,-0.0042338284996562186,4983530278.753906
2019-01-21,1545.2828683343575,1553.2345812074332,1533.8412801744578,1543.427490234375,1628067,0.0016054194829766555,0.0016041321747141699,2512803363.743408
2019-01-22,1542.6321396871647,1550.5838517474078,1538.4354027664808,1546.3428955078125,1776472,0.0018889162541706472,0.0018871344952391207,2747034856.2685547
2019-01-23,1547.933277990001,1576.250251244715,1545.6361383031092,1561.36279296875,2321782,0.009713173905070427,0.00966630428883844,3625144028.1845703
2019-01-24,1561.0097026177075,1576.2504863091137,1552.086027044317,1554.5599365234375,1350870,-0.004356999203482759,-0.004366518585200917,2100008381.451416
2019-01-25,1556.768718454921,1571.5677400406873,1546.1664343337752,1552.1744384765625,1131790,-0.001534516611955028,-0.0015356951884222957,1756735507.7233887
2019-01-28,1554.029736762083,1565.206332269135,1537.4636686741621,1539.981689453125,1289774,-0.007855269820964517,-0.007886284981350028,1986228343.5327148
2019-01-29,1541.7488752950999,1558.403275672727,1525.0502555911282,1552.0860595703125,1319822,0.00786007405158573,0.007829344588409868,2048477327.314209
2019-01-30,1555.001615186002,1555.664257919746,1526.8171893403542,1531.4556884765625,1259978,-0.01329202782702743,-0.013381157519576902,1929600475.4553223
2019-01-31,1533.7088172443957,1568.1662416532245,1533.134505267179,1557.8731689453125,1880257,0.01724991501061912,0.017102824351483928,2929201931.0216064
2019-02-01,1557.8729312566343,1619.0569383398736,1556.2825456934547,1589.7239990234375,2342251,0.02044507262403661,0.020238877834914272,3723532626.4366455
2019-02-04,1590.2542997028663,1610.663675223891,1585.6599118368788,1592.6397705078125,1116390,0.0018341369232433014,0.0018324569480061069,1778007113.3972168
2019-02-05,1594.7601468583405,1621.2216363482348,1594.7159275361848,1609.2940673828125,1278708,0.010457039428124926,0.010402742784727612,2057817198.3149414
2019-02-06,1615.4346801877675,1622.5469809337212,1608.0130598794606,1616.8040771484375,859789,0.004666648512436478,0.004655793466289891,1390110360.687378
2019-02-07,1620.3822788997747,1630.1010384787812,1615.3903490001576,1624.8441162109375,927434,0.004972797369907855,0.004960473851089247,1506935678.0739746
2019-02-08,1624.8881906950432,1631.8680485314956,1600.061199724168,1605.62744140625,1222765,-0.011826780558802152,-0.011897273280556094,1963305038.3911133
2019-02-11,1600.1057637864776,1603.9490706083366,1586.5878069901214,1594.583740234375,797453,-0.006878121840146578,-0.006901885147472059,1271605587.401123
2019-02-12,1599.177770564137,1600.9448178244288,1580.6237743310724,1585.483154296875,990035,-0.005707185962000594,-0.005723534179019498,1569683814.6643066
2019-02-14,1586.8085746348422,1589.0173838979752,1570.0216242350302,1577.134033203125,1341658,-0.005265979062043513,-0.005279893198983305,2115974492.7192383
2019-02-15,1581.5073548600687,1581.5073548600687,1543.9575992279165,1566.310791015625,1177218,-0.006862601376699917,-0.006886257315165983,1843889256.777832
2019-02-18,1568.3427981638924,1568.3427981638924,1532.9135216263871,1547.8450927734375,1513430,-0.011789293892442654,-0.011859338681028743,2342555198.7561035
2019-02-19,1546.166277758275,1554.6480826258633,1528.8933484859467,1535.519775390625,1598381,-0.007962888172955318,-0.007994761281070144,2454345634.1086426
2019-02-20,1539.7166313258756,1542.5880832063006,1521.4277347975103,1531.5882568359375,1430235,-0.002560382886431678,-0.0025636662723751346,2190531130.515747
2019-02-21,1534.680522775676,1553.2345187332403,1534.1062108542078,1550.31884765625,1225418,0.012229521045693748,0.012155344602432618,1899788621.6572266
2019-02-22,1555.001494344063,1566.487300836377,1547.889086413792,1562.5556640625,1360163,0.007893096587679116,0.007862109052410058,2125330399.6982422
2019-02-25,1565.6041018769029,1568.9615353039035,1554.1182930030882,1563.9696044921875,1490746,0.0009048896383065941,0.0009044804724925031,2331481432.0183105
2019-02-26,1558.0056661677759,1577.8849488055444,1556.768711455468,1565.8248291015625,2190515,0.0011862280469174813,0.001185525034328412,3429962775.519409
2019-02-27,1571.788523464494,1571.788523464494,1527.2147998774803,1534.23876953125,1491740,-0.020172153987643604,-0.020378390083163042,2288685342.060547
2019-02-28,1545.2828704421606,1552.0418479638959,1526.3754426811001,1530.8372802734375,1895136,-0.0022170533852770014,-0.0022195146866975956,2901144839.9882812
2019-03-01,1532.9138260240686,1545.2831594905454,1529.4239500796957,1532.6046142578125,761115,0.001154488466637904,0.0011538225573019248,1166488360.980835
2019-03-05,1537.154600749876,1537.154600749876,1517.4519787869738,1523.7249755859375,1406843,-0.0057938222221620705,-0.005810671522888284,2143641815.828247
2019-03-06,1525.0502067710229,1528.495970703126,1500.1789935386014,1501.8135986328125,2193045,-0.014380139004218306,-0.01448453523324576,3293544803.4136963
2019-03-07,1507.600534782183,1519.6606539844963,1501.8135196773414,1506.76123046875,1566441,0.0032944380317514455,0.0032890232599398672,2360252568.616699
2019-03-08,1507.2912118054103,1517.8934946551553,1497.660783313159,1503.4036865234375,1419614,-0.002228318513523231,-0.002230804909563675,2134252921.0402832
2019-03-11,1509.7211706350759,1524.9619549472661,1504.640909197679,1515.198974609375,1427771,0.007845722470731564,0.007815104830922273,2163357155.177002
2019-03-12,1518.6887693026922,1536.447572462886,1518.6004385112492,1532.73681640625,1861116,0.011574613031530179,0.011508139642232728,2852601012.8027344
2019-03-13,1545.2827309411994,1551.0256341722559,1538.302873136131,1544.0457763671875,1744331,0.00737827906258115,0.007351192713779827,2693326913.1363525
2019-03-14,1546.8290286504418,1547.6683329762775,1528.6725745207673,1534.9456787109375,867427,-0.00589367089728432,-0.005911107118259391,1331453325.2471924
2019-03-15,1541.7488426356003,1543.0741281736825,1497.0866768614258,1500.57666015625,3571762,-0.022391032484974316,-0.022645517616876068,5359702692.833008
2019-03-18,1510.8255103970637,1511.6648147620347,1490.4161347217516,1499.82568359375,1621113,-0.0005004586452929116,-0.0005005839165178577,2431386913.407715
2019-03-19,1499.8696416824534,1510.2952633025095,1491.5644982726465,1501.680908203125,1456211,0.001236960154549216,0.0012361957496312605,2186764257.015381
2019-03-20,1506.4078007669043,1516.5683225902587,1487.3678232527723,1490.9903564453125,2312268,-0.007119056851168537,-0.007144518249116091,3447569289.51709
2019-03-22,1490.9901530924603,1505.3915216971445,1478.753266109951,1482.5966796875,1636228,-0.005629598287827942,-0.0056455042002905445,2425866200.0117188
2019-03-25,1479.0186585224712,1490.9462283492653,1466.6493268502402,1478.8861083984375,2039945,-0.002502751651814461,-0.002505888770108255,3016846322.3968506
2019-03-26,1484.231238525398,1494.524309490122,1479.0184279913497,1487.677001953125,1452899,0.005944266772650586,0.0059266693204502955,2161444428.4606934
2019-03-27,1487.8535992947695,1508.8815020930574,1479.9018876595837,1485.0263671875,1520533,-0.0017817273253166732,-0.0017833164893661087,2258031597.178711
2019-03-28,1488.7374795289923,1494.9221456160565,1478.488625869404,1487.765625,1852958,0.0018445853036859194,0.0018428861453887095,2756767216.96875
2019-04-01,1510.825379501433,1520.8533509470212,1489.6208127715884,1493.1549072265625,1283162,0.003622400017853966,0.003615854928102685,1915959637.0666504
2019-04-02,1495.9381048447615,1499.3396493615971,1484.408077953711,1490.636962890625,1227869,-0.0016863249243270761,-0.001687748370689415,1830306916.9875488
2019-04-03,1486.0868283155773,1490.1510156692248,1474.291808769444,1476.19140625,1233102,-0.009690861692180475,-0.009738123679805342,1820294575.4296875
2019-04-04,1473.7174675356923,1490.1509860709043,1464.882230919771,1472.4364013671875,1212398,-0.0025437113824903212,-0.002546952113111135,1785178948.1447754
2019-04-05,1475.4845557250505,1476.8098412541449,1457.8140820037925,1465.8541259765625,1468074,-0.004470329166348486,-0.004480350966091641,2151982330.138916
2019-04-08,1470.978515625,1484.0988199821084,1463.9103265731428,1470.978515625,1647502,0.0034958387452255213,0.0034897425044776776,2423440046.4492188
2019-04-09,1474.4244123993974,1487.765598868187,1468.6372889501997,1484.7615966796875,1232434,0.009370008404800734,0.009326382183022654,1829870673.642334
2019-04-10,1488.4721704457475,1506.0985310322096,1479.9020346396799,1496.821533203125,1720236,0.008122473365695049,0.008089663623341294,2574886286.991211
2019-04-11,1504.6407365984048,1516.5683055614575,1500.2673377860876,1511.1788330078125,2026954,0.00959185813819996,0.009546148329148022,3063089980.2805176
2019-04-12,1516.480031060072,1523.8132127242825,1511.0021196587966,1521.1185302734375,1437818,0.006577446062979275,0.006555909052058889,2187091602.9606934
2019-04-15,1524.0783976986233,1529.5562015524442,1513.5644439933717,1521.4720458984375,1035378,0.00023240504797250594,0.00023237804610284392,1575298683.9382324
2019-04-16,1524.9620265180904,1539.0984068334376,1516.2593389568592,1536.05029296875,1625738,0.00958167263710985,0.009536059546846795,2497215331.1904297
2019-04-18,1536.049940536209,1540.9534316218208,1527.8331282223767,1537.24267578125,1475552,0.0007762654764353893,0.0007759643382224918,2268281504.734375
2019-04-22,1537.3311585169872,1541.7487767885877,1528.5842527688164,1537.1986083984375,717781,-2.866651017874311e-05,-2.8666921070998606e-05,1103371954.3348389
2019-04-23,1539.0982831910953,1544.3994253834871,1531.234900701978,1541.0419921875,802947,0.002500251931054409,0.002497131501353038,1237375044.5009766
2019-04-24,1541.3953118972656,1550.5839792707527,1532.9135065725106,1548.4635009765625,1169461,0.004815903023205559,0.004804343659900172,1810867674.3155518
2019-04-25,1551.4676472836575,1557.2988822463249,1526.0221210894515,1532.206787109375,1704890,-0.010498609658500135,-0.010554108845506442,2612244029.2749023
2019-04-26,1535.5642698614972,1546.873416946049,1525.0945350464817,1543.8251953125,772993,0.007582793850589908,0.0075541889815095775,1193366069.2001953
2019-04-30,1546.1666365026983,1556.7689220101454,1541.7047982108375,1552.9697265625,1171594,0.005923294475155272,0.00590582073389317,1819450013.8222656
2019-05-02,1551.9091781460895,1557.210319659825,1519.8814481672705,1522.797119140625,793819,-0.019428973344291833,-0.019620196748821643,1208825286.3190918
2019-05-03,1519.660909000875,1525.845575490995,1486.0870051973675,1496.291748046875,1442888,-0.017405713972395764,-0.017558974420609386,2158981407.7558594
2019-05-06,1490.504329001321,1490.504329001321,1463.1150971109587,1474.5125732421875,2373878,-0.014555433345880608,-0.014662402927132816,3500312958.3430176
2019-05-07,1483.2595232183521,1511.6206103628003,1477.6932811708969,1499.7813720703125,2212617,0.017137052126021235,0.016991869172811577,3318441760.1260986
2019-05-08,1499.7816443457814,1499.7816443457814,1479.9023589273543,1492.006591796875,1243338,-0.00518394241869069,-0.005197425665961595,1855068491.831543
2019-05-09,1484.4081102361595,1513.4760608205704,1481.669208404026,1505.303466796875,1204995,0.008912075236870098,0.008872597075875949,1813883150.9729004
2019-05-10,1509.8976128660686,1509.9418321868632,1482.994362390667,1490.90185546875,1000696,-0.009567247831276271,-0.00961330796135255,1491939523.1601562
2019-05-13,1494.9218445900044,1517.0099333103058,1492.0061737381263,1503.757080078125,1160287,0.008622448595271948,0.00858548759629434,1744789791.1726074
2019-05-14,1501.9902024649507,1510.8254389500387,1484.4963910836734,1500.6649169921875,1442817,-0.0020562916224320382,-0.0020584086927574585,2165184853.539917
2019-05-15,1501.9900736651452,1504.640644383378,1472.78957644515,1476.412109375,1235429,-0.01616137442980803,-0.016293393783368835,1824002335.8730469
2019-05-16,1479.6371270751933,1501.9903202765868,1477.428317780669,1491.564697265625,714690,0.01026311542313163,0.010210807246179076,1066006373.4887695
2019-05-17,1493.2435249881585,1539.275092540114,1488.9142368784146,1534.504150390625,1502484,0.028788193501574355,0.028381598445452152,2305567933.895508
2019-05-20,1555.0016087799718,1569.7122989788882,1532.780967629561,1566.045654296875,1279236,0.02055485082801556,0.020346450797385666,2003341978.6201172
2019-05-21,1566.399415386431,1588.0898606409096,1566.399415386431,1577.3109130859375,1337466,0.0071934421312387364,0.007167692737167888,2109599717.6813965
2019-05-22,1577.0897632003062,1577.0897632003062,1543.8250751960152,1562.3349609375,1162653,-0.009494610114081925,-0.009539971277399804,1816453429.3388672
2019-05-23,1577.928708964907,1594.6715435478216,1541.7484657602113,1549.567626953125,1551172,-0.008171956912948919,-0.008205530385260212,2403645915.036133
2019-05-24,1549.7003916143499,1554.8248716259393,1525.9335852466713,1545.8128662109375,1603085,-0.0024231022104987954,-0.0024260426736489554,2478069418.6297607
2019-05-27,1545.2828677055245,1569.0937869916302,1533.7970602268672,1565.5596923828125,1373845,0.012774396308576463,0.012693491982161529,2150836355.581665
2019-05-28,1568.2543890593565,1577.9731486535272,1550.1421552702202,1569.93310546875,2863139,0.002793514106945949,0.002789619497824153,4494936701.658691
2019-05-29,1568.2541388303828,1580.9326788894034,1564.1899524916983,1573.4227294921875,899619,0.0022227851691780653,0.0022203184368915826,1415480982.4830322
2019-05-30,1579.740337819199,1583.2744325346785,1573.5556720671107,1576.4271240234375,1038433,0.001909464300302588,0.0019076435906970931,1637013947.6810303
2019-05-31,1578.5916211665892,1592.6838877279647,1558.5356779751712,1580.1820068359375,1329926,0.0023818943199331866,0.0023790621061219614,2101525135.623291
2019-06-03,1585.041349303973,1630.1010532139521,1583.274302091817,1625.4183349609375,1415582,0.02862728972314943,0.028225184945053314,2300912937.440674
2019-06-04,1617.7316507092025,1630.542742426998,1596.6154158936092,1604.1253662109375,842283,-0.013099992963049534,-0.013186554673817425,1351127525.828247
2019-06-06,1609.9126095354209,1634.4303903526034,1601.0331538824496,1623.695556640625,1626007,0.01219991332467596,0.01212609416720655,2640140340.9665527
2019-06-07,1619.4991590600675,1629.8805639258374,1603.5957303295268,1617.51123046875,698970,-0.0038087966346783686,-0.0038160685713384736,1130591824.7607422
2019-06-10,1625.5065895360813,1647.727119431161,1621.2656335663378,1636.727294921875,814577,0.01188001918698034,0.0118100057210728,1333240409.7155762
2019-06-11,1639.0246829176697,1640.5267378168041,1618.703639198611,1625.5068359375,591026,-0.006855423636660585,-0.006879030002901408,960716803.2167969
2019-06-12,1623.9164991732778,1637.3902350886165,1609.8243398321374,1631.95654296875,709916,0.003967812923733494,0.0039599619147389345,1158552061.1582031
2019-06-13,1631.912229263663,1633.369956851264,1610.707663893506,1630.542724609375,697830,-0.0008663333380207749,-0.0008667088216253646,1137841629.5141602
2019-06-14,1628.3343238063198,1637.390442536116,1604.7883935384443,1610.61962890625,632971,-0.01221868976656093,-0.012293951652464117,1019475517.128418
2019-06-17,1618.5271877048688,1618.5271877048688,1594.4069460622477,1606.2904052734375,669276,-0.0026879242964102934,-0.002691543251361218,1075051617.2797852
2019-06-18,1599.6194115274554,1606.37838835783,1584.157749168035,1598.82421875,995083,-0.004648092585827657,-0.004658928558946788,1590962800.0664062
2019-06-19,1605.1856217966786,1612.386252416252,1592.1094301727744,1600.6795654296875,600455,0.0011604444428157112,0.0011597716476072848,961136048.460083
2019-06-20,1600.94669421795,1610.2462021575566,1594.2723750369412,1606.3306884765625,603514,0.003530452420911656,0.0035242350029984167,969443059.1252441
2019-06-21,1610.7359976374337,1612.5158164193533,1566.5075443593332,1572.158447265625,2512357,-0.021273478403968205,-0.021503020117047026,3949823280.096924
2019-06-24,1574.2495702684876,1581.9027686124568,1563.3036422967764,1570.200439453125,762144,-0.0012454265127700426,-0.0012462027008931726,1196718843.7265625
2019-06-25,1574.871983246161,1574.871983246161,1552.891273430141,1563.0806884765625,941132,-0.004534294347186774,-0.004544605440628066,1471065254.5073242
2019-06-26,1560.011096267657,1570.6900085067966,1554.1377162624326,1567.13037109375,1075017,0.0025908340158271592,0.0025874835910603203,1684691790.1420898
2019-06-27,1573.3597342026303,1590.7575054853605,1566.462936725215,1579.05517578125,1235049,0.007609325240233389,0.007580520356462536,1950210515.793457
2019-06-28,1581.591218776758,1593.5160244848325,1568.6875346173754,1590.8017578125,1008229,0.0074389940335291005,0.0074114611776023845,1603892465.477539
2019-07-01,1600.8579224569824,1600.8579224569824,1577.4978024424288,1584.216552734375,553283,-0.004139551044487266,-0.004148142704519709,876520086.9465332
2019-07-02,1587.598223007703,1600.0569534573149,1575.1394925580908,1592.2257080078125,763979,0.005055593731559949,0.0050428571269329776,1216427004.1781006
2019-07-03,1595.6072372711242,1599.0333660543026,1581.2797205032432,1588.220947265625,815571,-0.002515196634526262,-0.0025183650554976623,1295306946.182373
2019-07-04,1584.5279846267695,1600.6797508749817,1584.5279846267695,1596.1412353515625,646633,0.0049868931017271745,0.0049744997361717905,1032117595.4390869
2019-07-05,1601.836546940682,1616.0750940245991,1589.3778182422543,1594.183349609375,1098940,-0.0012266369033165914,-0.0012273898381442905,1751911850.2197266
2019-07-08,1588.2653663585072,1588.2653663585072,1556.1840978283244,1560.500244140625,776755,-0.02112875252210067,-0.021355159423274706,1212126367.1374512
2019-07-09,1559.1208614288537,1562.6804980987824,1534.2923739298017,1548.6644287109375,1462668,-0.007584629015040978,-0.007613538585367803,2265181902.6137695
2019-07-10,1547.5522423796795,1561.7018216987558,1515.6044774093127,1529.3980712890625,648476,-0.012440627591551068,-0.012518660056309862,991777943.6772461
2019-07-11,1519.9651703620987,1550.8005510773044,1519.9651703620987,1540.3441162109375,813618,0.007157093452229146,0.007131603011599834,1253251699.1433105
2019-07-12,1536.6955054038174,1546.8849239846509,1520.1876435476945,1524.5926513671875,1107445,-0.010225938917140631,-0.010278583028331019,1688402508.793335
2019-07-15,1526.194285933265,1534.8263617655375,1514.6254662731296,1527.9295654296875,725180,0.0021887250076324527,0.0021863332383672673,1108023962.2583008
2019-07-16,1533.7588127851,1557.875335199485,1524.1922869728344,1549.5992431640625,1259786,0.01418238001584915,0.0140827509443396,1952163432.1486816
2019-07-17,1548.442201955205,1571.1794283158285,1535.849963471624,1566.86328125,1278232,0.011140969616561414,0.011079366140577385,2002814785.71875
2019-07-18,1571.5795862419043,1571.5795862419043,1520.8547638094078,1547.685546875,1006299,-0.012239570997988114,-0.012315091404678152,1557434418.1347656
2019-07-19,1555.5614752513513,1567.9756666841924,1520.988520253674,1531.0,983217,-0.01078096704378384,-0.010839502763591772,1505305227.0
2019-07-22,1532.6907212954752,1534.826416557624,1476.4039620935,1495.67041015625,1729722,-0.0230761527392227,-0.023346575462648112,2587094013.196289
2019-07-23,1497.7173171304366,1514.2251777148088,1483.7457848973888,1506.9278564453125,1556691,0.0075266891773879685,0.00749850498648204,2345821031.77771
2019-07-24,1499.4971136071977,1541.3228491202767,1493.8016725769887,1538.3416748046875,2621818,0.020846265615845017,0.0206319554808715,4033251893.153076
2019-07-25,1539.5430191970174,1557.2522351903817,1537.7632006777146,1545.4609375,1297267,0.0046278813165587795,0.004617205598451713,2004875474.0078125
2019-07-26,1540.5216314653662,1550.2216624457724,1530.0207691948528,1540.1212158203125,771408,-0.0034550997376389114,-0.0034610823791278405,1188061826.8535156
2019-07-29,1538.6529267448473,1548.2639890573876,1512.8455612875885,1524.681396484375,688427,-0.010025067622819406,-0.01007565700520981,1049631839.7375488
2019-07-30,1526.194232892892,1543.4139536776593,1517.295141155907,1530.5548095703125,747251,0.0038522232247868438,0.0038448224131966777,1143708612.0062256
2019-07-31,1529.7539403580856,1560.0553925769393,1513.7801134038036,1536.561767578125,1371879,0.003924693170249016,0.003917011653845747,2107976821.1433105
2019-08-01,1531.5339636503627,1552.6247714113051,1521.7449609774087,1540.7000732421875,1072498,0.002693224412699813,0.0026896041824361634,1652397747.1520996
2019-08-02,1532.6014929001128,1550.2217375022747,1518.1850081394261,1546.172607421875,1051529,0.0035519789183700023,0.003545685539481672,1625845335.7097168
2019-08-05,1537.674160268957,1560.411275621204,1519.697928877569,1549.5098876953125,1539739,0.0021584137873209563,0.0021560877587024716,2385840804.970093
2019-08-06,1540.8778634398464,1566.2402770165345,1537.3627653616422,1552.0906982421875,1409075,0.0016655657168562765,0.001664180200510035,2187012200.6256104
2019-08-07,1552.0907934760392,1590.1789550931164,1548.4421870604165,1581.59130859375,2507314,0.019007014464408112,0.018828637891486266,3965546030.3154297
2019-08-08,1584.483530256425,1608.0661270280032,1584.483530256425,1604.595458984375,1761732,0.01454493981196614,0.014440176800868816,2826867167.147461
2019-08-09,1606.286219435933,1643.350961959744,1602.637613184567,1638.6343994140625,1730596,0.021213409422978335,0.020991537343808278,2835814137.088379
2019-08-13,1635.65323628986,1635.65323628986,1603.7500107250878,1623.8619384765625,1907934,-0.009015104859743106,-0.009055986806395983,3098221403.725342
2019-08-14,1624.974166137754,1650.0251313343579,1609.5786938383976,1636.5875244140625,1910376,0.007836618148362229,0.007806071341680511,3126497528.540039
2019-08-16,1635.653394414438,1644.1520722069006,1616.1199275256956,1627.332763671875,1468390,-0.005654913412285079,-0.005670962969639342,2389559156.8481445
2019-08-19,1628.6676970400586,1641.8828297974908,1611.625910440789,1620.43603515625,905742,-0.004238056695954007,-0.004247062712579376,1467696975.3544922
2019-08-20,1621.4147811293365,1646.0652258420912,1613.4055972488952,1640.4588623046875,1231835,0.012356444015086954,0.012280726257496764,2020774642.6470947
2019-08-21,1640.0136976131232,1651.4490091849661,1633.8733023648647,1646.33203125,1933855,0.003580198857934924,0.0035738052018330036,3183767430.2929688
2019-08-22,1646.7324671629415,1673.0293279781756,1639.1238085364064,1665.9990234375,2543055,0.011945945176422113,0.011875155581412524,4236727146.5478516
2019-08-23,1668.3572395406743,1670.670981688389,1646.9104499732375,1655.2310791015625,1278546,-0.006463355730977338,-0.006484333655343125,2116289075.2609863
2019-08-26,1661.905627919055,1676.3221152146655,1646.3322150737624,1669.9593505859375,855849,0.008898015310568885,0.008858661248746028,1429233040.239624
2019-08-27,1676.5889775112962,1681.038523629957,1639.1682512007621,1656.47705078125,2510386,-0.008073429931068077,-0.008106196544967222,4158396797.602539
2019-08-28,1632.9832903695597,1644.9080947067305,1612.9603344930938,1626.8428955078125,2519453,-0.017889867692076455,-0.018051825889728635,4098754213.6158447
2019-08-29,1616.964928035155,1640.6810286454026,1614.384169769891,1631.158935546875,2837369,0.0026530158818534044,0.002649502847271329,4628199797.793701
2019-08-30,1632.2715980359949,1678.7249287724742,1625.9978026367205,1674.7203369140625,1766858,0.026705798201438258,0.02635542272228128,2958993025.0393066
2019-09-03,1657.9009482428098,1669.2918302018556,1632.9834890099603,1639.079345703125,1195923,-0.021281756974786403,-0.021511478665628192,1960212688.3513184
2019-09-04,1643.662504006816,1654.385954699962,1617.2322408167543,1643.3065185546875,1147464,0.002578992202326269,0.002575672308697906,1885635071.006836
2019-09-05,1639.2127893528402,1640.9480688857127,1617.9884761029912,1628.3114013671875,1059065,-0.00912496665606144,-0.009166854173813712,1724487614.2889404
2019-09-06,1629.4238207514093,1640.4141781546998,1614.4733020456017,1618.87841796875,631575,-0.0057931077498549755,-0.005809952887190436,1022443136.8286133
2019-09-09,1618.7448842020965,1653.451344061295,1615.541232710624,1632.1380615234375,1175372,0.008190635817682201,0.008157274602710192,1918369377.6489258
2019-09-11,1629.424019111568,1644.1520622999985,1617.2323044746981,1623.461669921875,1055039,-0.005315966710232822,-0.005330146737291756,1712815376.772705
2019-09-12,1624.9744445459405,1631.7377337607936,1600.5019378509717,1606.642333984375,862635,-0.010360168182048546,-0.010414208291541592,1385945909.7766113
2019-09-13,1607.1760504618126,1624.084325632784,1596.1411544134055,1606.775634765625,1299932,8.296854777833929e-05,8.29651060787463e-05,2088699064.4521484
2019-09-16,1602.7263874971186,1623.8617299196928,1601.8364783424838,1616.342041015625,945889,0.005953790960612437,0.005936137183819728,1528880156.8342285
2019-09-17,1614.9627216740805,1639.2127473887072,1612.5154713726045,1629.6016845703125,1424258,0.008203488629396682,0.008170022915709943,2320973236.062744
2019-09-18,1636.9881305770657,1640.9481834446967,1618.4335437018274,1627.822021484375,751391,-0.001092084711735386,-0.0010926814707580225,1223130816.545166
2019-09-19,1628.5337946382394,1640.6365377245531,1609.1782700298343,1613.182861328125,644684,-0.00899309627406375,-0.009033778252664479,1039993179.7724609
2019-09-20,1622.3045039374842,1772.6991617353092,1610.958161411317,1752.898681640625,4539742,0.08660879287886347,0.08306164720530886,7957707766.788574
2019-09-23,1765.5799423949013,1869.3877689374663,1765.5799423949013,1815.1923828125,3783357,0.03553753666673498,0.03492065099536864,6867520807.860352
2019-09-24,1819.8646370610109,1840.2434744534514,1787.916869383368,1824.714599609375,1784798,0.005245844400316946,0.005232132889976529,3256746967.9536133
2019-09-25,1816.3049995929998,1835.393511868601,1790.3641200822112,1825.6490478515625,1874109,0.0005121065192263963,0.0005119754374328639,3421465311.420044
2019-09-26,1828.7636285795977,1846.5618147458224,1794.9025359457519,1810.4315185546875,3907951,-0.008335407790880267,-0.008370341562667909,7075077663.36731
2019-09-27,1802.956162802422,1819.5529922465234,1784.7130229517559,1789.5185546875,1458672,-0.01155136974409443,-0.011618605090651992,2610320609.203125
2019-09-30,1786.848702052539,1795.7477940408166,1754.3670162953263,1763.7554931640625,2169407,-0.014396643977763302,-0.01450128115364979,3826303513.1585693
2019-10-01,1770.029719885347,1797.5279408798538,1764.6902637167639,1771.1866455078125,1080409,0.004213255393137771,0.004204404484683223,1913605992.4864502
2019-10-03,1766.2474055587486,1766.7368991048409,1742.753779344855,1746.0465087890625,1423468,-0.014193951147109085,-0.014295648745822976,2485441331.772949
2019-10-04,1749.5618107645148,1759.6178300368758,1725.6232271310066,1730.1617431640625,1723988,-0.00909756157412811,-0.009139197100983428,2982778083.273926
2019-10-07,1729.9390650732873,1746.8473410381998,1715.4336092928158,1726.468505859375,880275,-0.0021346196789286953,-0.002136901226918575,1519767063.9953613
2019-10-09,1735.3230313843524,1746.6248353669223,1727.5363254742945,1733.543212890625,1066739,0.004097790957228398,0.004089417878154891,1849238153.3757324
2019-10-10,1733.5429310515874,1764.2447950768849,1722.5080364582275,1752.008544921875,1492290,0.010651786407135377,0.010595455791690692,2614504831.501465
2019-10-11,1767.2260852230415,1794.8578081180813,1758.0155471351916,1783.9564208984375,1934337,0.018235000091273657,0.01807073637112367,3450772911.331421
2019-10-14,1799.7524156073964,1807.8060288129054,1785.3803600790898,1792.4996337890625,2135148,0.004788913445723297,0.004777483077896484,3827252008.085449
2019-10-15,1824.313812726014,1848.6083767090593,1802.7780540966742,1837.12841796875,5761733,0.02489751369452131,0.024592620951882836,10585043431.04834
2019-10-16,1837.929635872146,1851.0112585254708,1826.6278317366343,1843.0020751953125,1661705,0.0031971946920601457,0.0031920945330202073,3062525763.3624268
2019-10-17,1839.88730871484,1875.9286320536312,1834.9482691009996,1872.235595703125,2001245,0.015861903196562777,0.015737417867423907,3746802124.7229004
2019-10-18,1868.809430223075,1883.0479782628697,1860.533230722344,1874.9053955078125,2202270,0.0014259956443594124,0.001424979878108049,4129047905.36499
2019-10-22,1886.6080045207357,1912.4153781674815,1879.4887290319782,1893.14892578125,1737401,0.009730373765603373,0.009683338546174527,3289158836.8012695
2019-10-23,1895.9214909724078,1912.0231152729177,1876.7337656927516,1908.26611328125,1535786,0.007985207763705926,0.007953494703907063,2930688381.051758
2019-10-24,1915.198693564191,1923.2495054474593,1894.6691669403065,1908.3555908203125,973453,4.6889445051601086e-05,4.688834577593528e-05,1857694474.9508057
2019-10-25,1921.057899185242,1929.0639404905119,1904.7326420955355,1918.8663330078125,1612038,0.0055077482614138695,0.005492636079958487,3093285445.729248
2019-10-27,1921.460477457939,1921.460477457939,1909.384259373357,1914.08056640625,85187,-0.0024940593929024812,-0.002497174740015314,163054781.21044922
2019-10-29,1909.831428308582,1935.7281620772217,1888.7203237582034,1932.3736572265625,1229516,0.009557116425176648,0.009511736095613591,2375884329.538574
2019-10-30,1950.08554825632,1950.08554825632,1916.093231360109,1940.6033935546875,1195298,0.004258874207557106,0.0042498308699985615,2319599355.109131
2019-10-31,1936.667504467335,1956.5709002984659,1931.5687006744386,1945.926025390625,1752830,0.0027427715800227848,0.002739017045705855,3410877515.085449
2019-11-01,1936.7571530731693,1953.932175517184,1920.0291795838348,1949.5042724609375,1609685,0.0018388402352520483,0.00183715163826981,3138087784.816284
2019-11-04,1949.5043500412132,1956.2133605122858,1923.0708051067331,1930.5400390625,1523698,-0.009727720870546297,-0.009775344243469692,2941559996.439453
2019-11-05,1926.3804916329161,1946.2838888647861,1917.12197005804,1943.0634765625,2167085,0.0064870125698515135,0.0064660624574297085,4210783714.1064453
2019-11-06,1937.562422405578,1953.664049184572,1927.722539373971,1949.5938720703125,1093243,0.003360876052987072,0.0033552409314986783,2131379853.4837646
2019-11-07,1959.0310640044063,1959.0310640044063,1903.569910594236,1912.7388916015625,1970785,-0.01890392711873523,-0.01908489059191223,3769597116.4849854
2019-11-08,1909.831528158435,1918.91096773868,1863.3157251306886,1866.3570556640625,1537851,-0.02424891141240082,-0.0245477572801194,2870179064.410034
2019-11-11,1861.7950733375446,1878.567598589122,1849.94248882643,1861.83984375,1050170,-0.002420336398307854,-0.0024232701471771333,1955248348.7109375
2019-11-13,1864.2104246996055,1873.9607661475068,1853.8785046270623,1870.47216796875,868433,0.00463644832165766,0.004625733102745262,1624379756.2456055
2019-11-14,1870.1143022985848,1870.1143022985848,1844.0384851608915,1850.8370361328125,1291198,-0.010497419941436714,-0.0105529065062679,2389797079.380615
2019-11-15,1844.7541364170331,1877.6282857749316,1834.288124381541,1840.6839599609375,958290,-0.005485667281161177,-0.005500768807206842,1763909031.9909668
2019-11-18,1842.562697570937,1856.4727564295192,1823.0617965981553,1839.34228515625,1200573,-0.0007289001446592058,-0.0007291659215273609,2208264685.3168945
2019-11-19,1842.7861793933216,1842.7861793933216,1815.9053690450176,1822.8380126953125,1413218,-0.008972920697865372,-0.009013419796278932,2576067490.625244
2019-11-20,1828.4288930942357,1836.345612400201,1804.3212270520953,1812.7745361328125,989673,-0.005520773920892563,-0.005536069715628334,1794054013.498169
2019-11-21,1813.2219112839894,1842.696787179688,1804.2765639170234,1832.5885009765625,1397175,0.010930187096526156,0.01087088433705732,2560446838.8519287
2019-11-22,1833.796018149229,1836.6584853283784,1796.225563143245,1814.4293212890625,835864,-0.009909032866801892,-0.009958454081631325,1516616150.209961
2019-11-25,1808.8383828596316,1848.9582376094706,1808.8383828596316,1844.8880615234375,862520,0.016786953273404848,0.016647609647731352,1591252850.8251953
2019-11-26,1841.8468631012067,1861.302991936783,1817.9628313815015,1841.2655029296875,3188224,-0.0019635655242729033,-0.001965495846346784,5870366866.8125
2019-11-27,1845.0223293263014,1878.433064630663,1839.028991358804,1872.4844970703125,1259986,0.01695518331872914,0.01681304856221428,2359304251.525635
2019-11-28,1876.6893403476322,1877.0472853221463,1849.0035304854412,1867.0283203125,1026831,-0.002913870190300205,-0.002918123774981785,1917122557.1748047
2019-11-29,1864.2102797679001,1864.6575471094952,1816.7999415588317,1820.646484375,1298616,-0.024842599029101353,-0.025156384120593463,2364320654.953125
2019-12-02,1823.0619635899236,1844.5307992749865,1815.2347839130778,1827.7135009765625,1600494,0.003881597367864975,0.003874083406640078,2925244492.0319824
2019-12-03,1825.7450069091635,1836.5689622638974,1807.0939834793726,1814.5185546875,1199012,-0.007219373431345932,-0.00724555921379268,2175629521.2929688
2019-12-04,1813.2217304110527,1835.5850965976715,1808.749057173729,1832.0069580078125,1046309,0.009638040501230627,0.009591890879879703,1916845368.2261963
2019-12-05,1831.828101068184,1831.828101068184,1813.4901407319746,1822.569580078125,961085,-0.0051513876016879845,-0.005164701742682659,1751644284.8693848
2019-12-06,1828.428801326858,1832.901474519928,1808.7490392773518,1812.3719482421875,657658,-0.005595194799366987,-0.00561090653601476,1191920910.7370605
2019-12-09,1815.9051776619508,1817.739017209464,1781.1971926567642,1796.359619140625,964222,-0.008835012656807417,-0.008874272794733452,1732089464.6870117
2019-12-10,1802.3980055861277,1826.2820386191954,1798.9092983845444,1811.745849609375,1610623,0.008565228423532911,0.008528754975521096,2918039535.5354004
2019-12-11,1814.0268091649202,1815.9053100602407,1787.2802017243157,1798.4171142578125,967708,-0.007356846079948909,-0.007384041134049355,1740342628.8041992
2019-12-12,1798.0147037763018,1819.9308033994457,1790.8584263483363,1795.6441650390625,955318,-0.0015418832465317056,-0.0015430731718125356,1715411192.456787
2019-12-13,1805.573405818015,1810.5381167632809,1789.0692853392102,1794.6153564453125,1212988,-0.0005729468086054235,-0.0005731110053484977,2176846891.9838867
2019-12-16,1789.069423344727,1798.9093051731231,1760.5785146171886,1766.482421875,1683941,-0.015676303264247626,-0.015800475928083934,2974652175.9746094
2019-12-17,1770.2840415353369,1784.5518252760332,1744.3425371368908,1754.4954833984375,2189167,-0.006785767199335768,-0.006808895204463168,3840883613.904907
2019-12-18,1753.287979339036,1759.1918864098295,1706.190706422157,1725.1549072265625,3986106,-0.016723084470438576,-0.01686449400006844,6876650326.625244
2019-12-19,1728.1515164419727,1759.0129619431864,1726.4966491746109,1745.3265380859375,2035095,0.011692649033937297,0.01162481824891421,3551905311.026001
2019-12-20,1744.3427216258451,1753.198637282557,1727.74905872372,1738.17041015625,2169685,-0.004100165655840815,-0.004108594382382934,3771282266.3598633
2019-12-23,1743.6717027450236,1755.0770197695197,1739.3332314415975,1744.700439453125,807062,0.003756840674953077,0.003749801373871167,1408081426.065918
2019-12-24,1746.131931640375,1757.5820207722115,1735.7553497874783,1741.12255859375,790621,-0.002050713565760587,-0.00205281915796179,1376568058.3979492
2019-12-26,1745.0581881493997,1748.1442889237014,1734.0553685959294,1739.8250732421875,862164,-0.0007452004714765259,-0.0007454782713675174,1500014544.4467773
2019-12-27,1741.5696917022337,1748.323363411666,1730.030171819331,1744.2532958984375,937907,0.0025452114263406767,0.0025419778613138934,1635947375.9962158
2019-12-30,1744.2531410547083,1748.1443449545404,1724.2155429959712,1732.937255859375,1117498,-0.00648761281728516,-0.006508748841808156,1936553917.5483398
2019-12-31,1735.3971519212332,1741.3010585369989,1717.5958912556007,1720.1900634765625,706593,-0.007355830304710653,-0.007383017831048149,1215474257.5220947
2020-01-01,1726.45191146516,1735.3078265289994,1715.717495435325,1732.3111572265625,543035,0.0070463688910646916,0.007021659241423635,940705589.2645264
2020-01-02,1735.3971308296675,1746.6682449948014,1726.451784794463,1733.65283203125,663275,0.0007744998922916135,0.0007742001220214093,1149888582.1655273
2020-01-03,1733.519097222059,1735.3975985565246,1716.3887331084184,1724.171142578125,1598825,-0.005469197337517495,-0.005484208153704224,2756647927.0324707
2020-01-06,1724.0815086788934,1725.9153485736872,1709.679521209307,1713.4365234375,683129,-0.006225959172807882,-0.006245421278854633,1170498178.819336
2020-01-07,1716.8356588415909,1727.3464411739544,1715.7174905083607,1718.1326904296875,808935,0.0027407884260375326,0.0027370393142252276,1389857667.9327393
2020-01-08,1708.561379821306,1731.8640538371142,1705.3857377667437,1725.87060546875,1889685,0.004503677208497425,0.0044935660013406525,3261351795.095215
2020-01-09,1736.78359075757,1741.9271643949758,1727.346207622668,1730.9691162109375,1544334,0.0029541674364415016,0.0029498124586012403,2673194459.114502
2020-01-10,1736.2025150722588,1751.0517700570147,1727.9280686492564,1747.9208984375,1003336,0.009793232050072431,0.009745589152513907,1753751962.5546875
2020-01-13,1754.1824266600563,1787.146006260109,1750.604288104911,1784.46240234375,2040089,0.020905696555785225,0.020690171112405686,3640462117.9350586
2020-01-14,1785.0438081585603,1802.4424625851912,1773.3254266468057,1796.941162109375,1610737,0.006993007949752883,0.006968670266195161,2894399616.6325684
2020-01-15,1799.0434211331358,1813.2217737954684,1786.6987990243065,1808.43603515625,1559491,0.006396911200688082,0.006376537802620175,2820239720.9018555
2020-01-16,1808.7491734304472,1838.0004146042081,1803.4713968319531,1833.125244140625,2468958,0.013652243432675126,0.013559891151808811,4525909236.522949
2020-01-17,1838.2686883464357,1846.229959299164,1824.8954391339948,1843.009765625,994719,0.0053921692017333545,0.005377683506929794,1833276831.0527344
2020-01-20,1843.1887716976073,1856.964518887726,1833.7961572337272,1845.291015625,829399,0.0012377850853255712,0.001237019660922343,1530482523.0683594
2020-01-21,1842.5176556684598,1856.1593084170672,1835.7191053024228,1838.6263427734375,750000,-0.0036117191245875757,-0.003618257129142967,1378969757.0800781
2020-01-22,1845.4249353533648,1845.872202666829,1813.4005520308783,1835.316650390625,983169,-0.0018000897223195977,-0.001801711830743222,1804426435.8479004
2020-01-23,1835.361373794638,1843.5017260480997,1820.3779191773306,1839.9681396484375,708017,0.002534434184325862,0.0025312279222393925,1302728722.3294678
2020-01-24,1840.0577749849156,1859.7375372842193,1833.8408028460851,1854.9964599609375,914993,0.008167706814407927,0.008134531618201464,1697308775.889038
2020-01-27,1848.1088401559107,1850.568810780513,1839.8343935095204,1843.9493408203125,429312,-0.0059553316564591174,-0.005973135363874306,791629579.40625
2020-01-28,1844.530337249583,1847.213941038016,1827.2657758655505,1843.278076171875,777052,-0.00036403638298376784,-0.00036410266031323003,1432322915.6455078
2020-01-29,1844.5749742451403,1865.8201693669653,1844.5749742451403,1855.4434814453125,873433,0.00659987520640537,0.00657819138475761,1620605566.3292236
2020-01-30,1856.0698776833408,1858.8430224847564,1833.3040142769798,1841.0418701171875,952768,-0.007761816229997387,-0.0077920959109047064,1754085780.5078125
2020-01-31,1846.3196836211134,1850.1214562254688,1807.004925896879,1819.707275390625,1930834,-0.011588326736536647,-0.011655994674914195,3513552677.371582
2020-02-03,1856.0698658273038,1963.9956028444715,1856.0698658273038,1949.146240234375,4012542,0.07113175102075919,0.06871580072576813,7821031153.08252
2020-02-04,1947.4023577418827,1971.7336618496336,1914.3045684738765,1928.2593994140625,1932121,-0.010715892111718084,-0.01077372077846796,3725630479.055298
2020-02-05,1938.8143218443863,1953.6636844586183,1926.7381040146283,1932.4632568359375,1514368,0.0021801306521065378,0.002177757615670178,2926460517.328125
2020-02-06,1937.5619849344714,1964.6216571617417,1908.9816475332075,1928.974365234375,1302116,-0.0018054116109171847,-0.0018070433307059333,2511748384.5615234
2020-02-07,1936.667467960039,1942.9292103506718,1915.7354450396776,1932.1500244140625,908152,0.0016462941327379799,0.0016449404760266607,1754685908.9716797
2020-02-10,1932.2843969888934,1958.6283989188237,1924.7701748462296,1931.5687255859375,1389847,-0.00030085594844075914,-0.0003009012146709193,2684584998.5494385
2020-02-11,1940.2458475166984,1949.7725551233923,1921.1922139110402,1925.6201171875,777506,-0.003079677321154106,-0.0030844292862093167,1497181194.8339844
2020-02-12,1929.60084229885,2032.382789498913,1927.7222321171469,2021.9615478515625,4753325,0.05003137940040614,0.04882004886612395,9611040374.441528
2020-02-13,2018.0702809402867,2047.5451555938303,1997.5407532767265,2042.5804443359375,2950407,0.010197472106372896,0.010145828679225592,6026443641.03186
2020-02-14,2033.277804861809,2055.283450511561,2009.3489965555823,2017.220947265625,1728651,-0.012415421454089692,-0.012493136714124536,3487071007.71167
2020-02-17,2010.9138619108778,2047.5897819902132,2006.6200519792383,2015.02880859375,1420851,-0.0010867122289437425,-0.0010873031288088737,2863055697.7192383
2020-02-18,2015.0291206981046,2024.2874245802022,1987.745810071759,1998.7484130859375,1194605,-0.008079485235337303,-0.00811230115284304,2387714848.0145264
2020-02-19,2012.881546872526,2064.7645493842833,2004.87550654269,2050.4072265625,1299800,0.02584558073359755,0.025517229313792297,2665119313.0859375
2020-02-20,2041.5067338043016,2048.4393766600947,2005.993755369845,2011.1373291015625,1555224,-0.01915224300431939,-0.019338023105828963,3127769041.5146484
2020-02-24,2000.8953728293855,2023.4376048548845,1977.011338678651,1981.528564453125,1409245,-0.014722398227108968,-0.014831848305383283,2792459221.812744
2020-02-25,2003.6681085187229,2039.2706318595913,1991.010530367503,1998.03271484375,2237493,0.008328999483880661,0.00829450477294348,4470584213.233887
2020-02-26,2002.684275951589,2017.8018246164022,1970.0785306956304,2000.3583984375,2896154,0.0011639867437964746,0.0011633098364498072,5793345977.068359
2020-02-27,2005.502030325949,2021.3800212773876,1967.9763432769164,2017.1309814453125,2446802,0.008384788956275813,0.008349831882550375,4935520119.6623535
2020-02-28,1960.0150115029512,1994.2755148023803,1927.7222224155614,1945.3892822265625,3837330,-0.03556620758823792,-0.03621409345930218,7465100654.366455
2020-03-02,1959.0310829478942,2005.5021190681357,1915.959322522181,1931.7030029296875,1707337,-0.007035239384690417,-0.007060103365956722,3298068009.912964
2020-03-03,1942.8398619455863,1958.6733011295182,1915.824957206094,1938.1435546875,1753148,0.0033341314622612472,0.0033285855696950687,3397852496.6132812
2020-03-04,1949.1911100322006,1954.6030886421327,1925.03867314791,1946.3734130859375,1515878,0.004246258425250948,0.004237268509961386,2950464636.681885
2020-03-05,1954.5584775135258,2020.440876137791,1951.7407803376373,1984.078125,2272645,0.019371777101230725,0.019186532746186893,4509105230.390625
2020-03-06,1954.5581552497542,2012.7029058635915,1931.5238886604266,1958.0467529296875,2479414,-0.01312013460675221,-0.013206963883562356,4854808531.868408
2020-03-09,1914.304139952937,1940.7824527970356,1889.2571698974782,1897.7552490234375,2485118,-0.030791656948967128,-0.031275681893745105,4716145728.942627
2020-03-11,1848.10846720472,1940.6480270753189,1848.10846720472,1927.7220458984375,2861629,0.015790654190217968,0.015667278899897233,5516425310.4823
2020-03-12,1880.6694976212498,1899.0969981490698,1817.381282456067,1839.118408203125,3655780,-0.04596286994996612,-0.04705268790335299,6723412294.34082
2020-03-13,1762.2331573044003,1896.4133469468673,1688.9707519203896,1818.7677001953125,3667035,-0.011065469149262541,-0.011127146870344332,6669484813.485718
2020-03-16,1789.0691156581465,1824.1348266466011,1729.9404032248674,1737.0966796875,2948679,-0.04490459144344938,-0.04594403924380683,5122140500.364258
2020-03-17,1749.3072098491502,1867.788275914411,1746.0867978786089,1792.692138671875,3732382,0.03200481564122071,0.03150333336749607,6691011869.92041
2020-03-18,1819.5282044955163,1846.140609689247,1707.979670821265,1720.90576171875,3910994,-0.04004389566091826,-0.04086772021244851,6730452108.647461
2020-03-19,1694.517413620092,1698.7216837455312,1571.9661389106986,1644.4234619140625,5095006,-0.044443049413874336,-0.04546091416211011,8378347404.99292
2020-03-20,1654.8890598176079,1859.6479485646298,1654.8890598176079,1835.316650390625,4252245,0.11608517690106912,0.10982718443469237,7804216050.040283
2020-03-23,1744.342908881368,1775.6963981784374,1654.889426374631,1672.51171875,3574673,-0.08870672622404097,-0.09289050841812671,5978682483.199219
2020-03-24,1766.7058026876357,1852.536352309381,1726.4517464238668,1813.98193359375,5788124,0.08458548496717366,0.08119787249106569,10499552365.40039
2020-03-25,1798.0593410973138,1913.3647652636598,1790.5452285149152,1867.92236328125,3959038,0.029735924426014915,0.02930238531712184,7395175617.280273
2020-03-26,1868.6828119942472,2012.7028851062978,1842.741308141766,1963.4139404296875,3201540,0.05112181267571203,0.04985798686827741,6285948266.843262
2020-03-27,2002.8629053845748,2028.4912334985488,1896.8605586726178,1914.7960205078125,2918646,-0.0247619306967104,-0.025073664145422878,5588611746.071045
2020-03-30,1899.0971383682172,1979.6052601078025,1881.072351802313,1953.9769287109375,2809606,0.02046218384803944,0.020255646087316698,5489905302.767822
2020-03-31,1999.105839790379,2069.058397354083,1954.5579758835586,2056.087646484375,2809269,0.0522578932601836,0.05093822995680984,5776103286.551514
2020-04-01,2051.346919250792,2079.7036254087507,1930.4506425575096,1949.7724609375,2774626,-0.05170751632531778,-0.053092297228810405,5409889364.201172
2020-04-03,1998.3907229060133,2016.3709595603352,1903.5252646509307,1926.91748046875,4121436,-0.011721870590869266,-0.011791113350950502,7941667073.033203
2020-04-07,1985.8670802082222,2200.5554132037055,1985.8670802082222,2187.0478515625,8510114,0.13499818945566355,0.1266310557388457,18612026540.251953
2020-04-08,2175.5087444573924,2338.5824904855976,2162.448448354965,2201.316162109375,9791862,0.006524004738479361,0.006502815528638902,21554984077.74463
2020-04-09,2236.292102377587,2236.3368727934976,2097.6839866803007,2122.06005859375,4770068,-0.03600396202955192,-0.036668094369199204,10122370779.576172
2020-04-13,2129.887175388269,2167.4576337529506,2070.8478836723402,2098.98095703125,3249551,-0.010875800366269561,-0.010935374219056259,6820745667.901855
2020-04-15,2170.0962853644746,2251.1859822308343,2130.3342639443204,2225.19970703125,29485531,0.06013334688777783,0.05839469916268512,65611194942.86084
2020-04-16,2205.922030741614,2259.728192431409,2165.757519890752,2179.175537109375,5388243,-0.02068316375220014,-0.020900056278388274,11741927333.60083
2020-04-17,2235.2629164509804,2235.2629164509804,2105.779043858606,2133.46484375,4540936,-0.020976141013407834,-0.02119926597576771,9687927313.71875
2020-04-20,2164.7736207133808,2164.7736207133808,2076.2146998660155,2090.124755859375,2985268,-0.020314413906369344,-0.020523589311343668,6239582549.674805
2020-04-21,2042.2227225462939,2127.2035191480886,2041.3281878452224,2072.99462890625,3227335,-0.008195743773237951,-0.008229513519935323,6690248120.681152
2020-04-22,2073.4866733531235,2146.8385190774006,2035.6478116973913,2134.493896484375,2837815,0.02966687261055423,0.0292353252785651,6057298796.851807
2020-04-23,2137.043209782902,2158.512040689051,2064.6306758841524,2073.083984375,4095570,-0.028770244885928387,-0.029192221672918305,8490460573.886719
2020-04-24,2067.2698101325786,2091.4222484162565,2039.5392328439116,2042.3123779296875,2169013,-0.014843395963328287,-0.01495466157772159,4429802097.790405
2020-04-27,2061.9026261386243,2083.729186971641,2042.4464950676847,2075.72314453125,2013715,0.016359283213781106,0.016226911856046366,4179914831.989746
2020-04-28,2092.0032442439624,2092.0032442439624,2027.9099278383435,2048.439453125,2164023,-0.013144186149358195,-0.013231335477854444,4432870090.669922
2020-04-29,2048.484578910888,2050.005244308481,1986.7616811183768,1996.3779296875,3642151,-0.025415212228058537,-0.025743757383300953,7271109872.989258
2020-04-30,2032.382833855353,2032.382833855353,1932.194947679385,1963.503662109375,8448047,-0.016466956025340762,-0.016604043370043932,16587771222.17212
2020-05-04,1905.3589927664552,1932.1950349180954,1848.1087695096228,1863.002685546875,8474573,-0.05118451190181772,-0.052540926991025624,15788152257.863037
2020-05-05,1879.5961803038008,1897.3080102162357,1818.678391914018,1826.1925048828125,4304136,-0.01975852259883193,-0.01995633215897551,7860180903.196289
2020-05-06,1833.7514821913794,1854.370552027204,1789.0695147392223,1798.1937255859375,5127656,-0.015331778671751617,-0.015450525689231978,9220518846.163086
2020-05-07,1744.4320897084212,1795.3311357756668,1701.40499264839,1781.9578857421875,185669922,-0.00902897146883308,-0.009069979659541288,330855981653.03687
2020-05-08,1856.1149387650805,1876.7340095744676,1821.2728519988636,1869.085693359375,16100226,0.04889442579665615,0.047736681638814726,30092702076.452637
2020-05-11,1863.3156706690788,1893.3273517699708,1821.2277718274127,1832.0069580078125,11158755,-0.01983790014727449,-0.02003731298293129,20442916802.704468
2020-05-12,1806.9600193414278,1813.982094607069,1775.651306135017,1799.4012451171875,14881008,-0.017797810618624288,-0.017958096320858048,26776904323.79883
2020-05-13,1856.1595780560058,1856.1595780560058,1767.0639401485444,1785.2677001953125,8432979,-0.007854582161831547,-0.007885591877941077,15055125025.125366
2020-05-14,1778.334807755008,1812.8191607085841,1771.7600001993628,1794.481201171875,8510002,0.005160851213268813,0.005147579662727325,15271038610.935059
2020-05-15,1802.4871719844637,1822.7484019851993,1794.4363607944586,1817.78369140625,5491136,0.012985641877528487,0.012902051303834088,9981697468.09375
2020-05-18,1826.1925063894778,1831.8727796350302,1778.8716010880908,1793.765625,7675561,-0.013212829733151299,-0.013300895762438007,13768157474.390625
2020-05-19,1805.1708261383392,1811.2537051080358,1760.533527676567,1767.1978759765625,5963193,-0.014811159637111215,-0.014921940080776398,10538142003.638306
2020-05-20,1767.1979627838195,1798.0146376461207,1766.7059250502928,1780.88427734375,3926496,0.007744690933166876,0.007714854763272187,6992634991.453125
2020-05-21,1788.1747314270447,1792.1107056516012,1748.99407082188,1763.038330078125,4261625,-0.010020834869878703,-0.010071381398067162,7513408223.419189
2020-05-22,1766.7059643741861,1784.64142809603,1751.4988750605855,1778.2454833984375,5339946,0.008625537551210538,0.008588550140869728,9495734856.091553
2020-05-26,1793.4974695015944,1806.9602616642321,1766.706196429138,1769.2109375,4628932,-0.005080595442408464,-0.0050935455488890806,8189557123.34375
2020-05-27,1780.1242849423295,1793.631738833065,1754.1827752622653,1787.3699951171875,4261645,0.010263930225780316,0.010211613771041428,7617136402.841187
2020-05-28,1789.0696370777462,1802.4876593558292,1780.1242888923573,1797.97021484375,5500796,0.0059306241883441135,0.005913107260137325,9890267365.93164
2020-05-29,1797.1201334748484,1849.8976784599236,1789.0693215279725,1840.3709716796875,8778345,0.023582569102582385,0.023308796145783926,16155411317.389526
2020-06-01,1856.1592201394503,1916.9875704861888,1852.7599451180988,1886.1708984375,6592547,0.024886247100502468,0.024581627993274763,12434670297.981445
2020-06-02,1898.2026279235997,1900.8862320158573,1869.5775176061843,1885.142333984375,3268728,-0.0005453188011632637,-0.000545467541537121,6162017531.080078
2020-06-03,1891.9410207254148,1922.3552026188731,1865.1049778782458,1896.8609619140625,4895117,0.006216309356821492,0.006197067805596783,9285356341.30188
2020-06-04,1891.9407141026606,1907.5055290745522,1883.2190015908398,1896.9501953125,3264730,4.704266692656667e-05,4.7041560455011663e-05,6193030211.142578
2020-06-05,1899.991390289341,1903.5695285008087,1865.1045427275312,1867.430419921875,2981853,-0.015561702918490128,-0.01568405723832171,5568402999.935303
2020-06-08,1884.784256773466,1900.4386110656046,1858.932296185051,1888.988525390625,4298456,0.011544261697124858,0.011478135142955178,8119734060.896484
2020-06-09,1878.522683231219,1918.597877485266,1874.0947805849075,1884.337158203125,3127904,-0.0024623586247238816,-0.0024653952155301714,5894025734.4921875
2020-06-10,1892.7458331186356,1905.3588594039863,1874.944680427585,1896.0557861328125,2421659,0.006218965580905955,0.006199707616295337,4591600558.990601
2020-06-11,1891.9408867720015,1912.6940480926562,1874.6315530042048,1884.695068359375,2566927,-0.005991763457872112,-0.006009786100207873,4837874657.738525
2020-06-12,1847.437603026243,1895.518838306553,1847.2139693737765,1885.008056640625,2338438,0.00016606839297472753,0.00016605460514561556,4407974469.95459
2020-06-15,1891.8067152686988,1906.8794932719625,1839.8789345165649,1864.4786376953125,2830788,-0.0108908918839844,-0.010950631790199167,5277943753.844238
2020-06-16,1887.2894531835182,1896.413663925839,1840.0579748563448,1857.3673095703125,2806772,-0.003814110808901705,-0.003821403077786277,5213206558.217285
2020-06-17,1857.0541912892456,1877.6284910964,1844.7991085608312,1859.06689453125,2293301,0.0009150505407198306,0.0009146321371945891,4263399968.29541
2020-06-18,1851.9102317358802,1864.9705240841242,1837.4188150814582,1847.527099609375,2326907,-0.00620730483438825,-0.0062266502478423216,4299023740.770752
2020-06-19,1872.4300461717723,1891.3434809815883,1852.615971609108,1884.8138427734375,4673528,0.020181973607827475,0.019981016881681492,8808730268.989258
2020-06-22,1900.3498062784627,1908.365411821042,1879.6350927503088,1892.06396484375,2487234,0.0038465984840414524,0.0038392192413617523,4706005823.53418
2020-06-23,1904.8529788622081,1956.1894421223242,1892.7844947506455,1941.734130859375,4308814,0.026251842928432412,0.0259131775718604,8366571207.324707
2020-06-24,1956.1894443190806,1960.6024909318974,1913.859378074607,1918.6328125,3023015,-0.011897261315147567,-0.01196860011736296,5800055771.6796875
2020-06-25,1904.2224638925975,1972.31068978619,1902.1509487124351,1957.2249755859375,8208033,0.02011440794429631,0.019914785657466443,16064967188.03357
2020-06-26,1963.3491837368995,1963.3491837368995,1925.657549717852,1940.15771484375,3176048,-0.008720132307262207,-0.008758375145038959,6162034029.9140625
2020-06-29,1937.5911886722984,1977.7145089601543,1927.368840746092,1966.05126953125,3295039,0.013346108148525104,0.013257833396074737,6478215609.10498
2020-06-30,1975.82352583623,1981.362372340891,1954.3882558280175,1963.3946533203125,2373109,-0.0013512446252589294,-0.0013521583795073414,4659349522.346313
2020-07-01,1966.096316259312,1974.0219889958573,1945.4717566437623,1954.7481689453125,1532931,-0.0044038443113705306,-0.004413569797250306,2996494065.369507
2020-07-02,1952.3616507809322,1961.2778955888732,1931.872098224011,1937.951416015625,2588838,-0.008592796349184084,-0.008629927282445181,5017042267.935059
2020-07-03,1950.3353790795168,1970.5997734592393,1942.0946133181967,1957.7205810546875,1946252,0.010201063285532497,0.010149383600788537,3810217596.3188477
2020-07-06,1963.394435500503,1963.394435500503,1939.0771649690748,1946.82275390625,2375516,-0.005566589662436172,-0.005582140860949485,4624708601.068359
2020-07-07,1959.3416605201307,1959.3416605201307,1937.8613157969112,1940.1129150390625,2014667,-0.0034465586832310713,-0.0034525117489389405,3908681466.203003
2020-07-08,1939.6176706342915,1976.0034251497727,1913.859288260377,1968.8433837890625,3349938,0.01480865805659648,0.01470008049275557,6595503267.403564
2020-07-09,1966.0965908058115,1999.3751858719886,1955.3339896792338,1959.6571044921875,3039571,-0.0046658253127254135,-0.004676744252799941,5956516904.758423
2020-07-10,1954.3880713846181,2010.227730567036,1952.0913962642792,2002.842529296875,3179516,0.022037235343720152,0.02179792491793548,6368069867.379883
2020-07-13,2016.5325215466698,2048.955554496951,2012.9299623299719,2040.17431640625,4556662,0.018639402031512153,0.018467817256553474,9296384780.944336
2020-07-14,2039.7688570778462,2044.407063626459,2005.3644641679277,2012.70458984375,2403256,-0.013464401713912166,-0.013555868731009453,4837044381.769531
2020-07-15,2014.9561752455786,2063.3655592748332,2012.9748118758127,2049.09033203125,2474512,0.018078034089605177,0.017916569502528724,5070498615.6953125
2020-07-16,2049.180416616779,2063.6357273493736,2015.6315887873204,2060.528564453125,2495150,0.005582102576481507,0.005566580379434254,5141327847.595215
2020-07-17,2057.9616394227464,2107.496821115635,2054.3590807541727,2102.58837890625,3088712,0.020412148212217485,0.020206612557867123,6494289956.988281
2020-07-20,2102.588582474981,2110.469180325471,2072.0119067916307,2099.34619140625,2816219,-0.0015419982020857814,-0.001543188304895,5912218631.815918
2020-07-21,2114.7018055031276,2116.5030847241696,2078.676221082291,2087.6826171875,3037810,-0.005555812693730733,-0.005571303624190106,6341983131.318359
2020-07-22,2098.4905149439905,2098.4905149439905,2018.558741037862,2025.08837890625,6950011,-0.02998264092727665,-0.030441311693577985,14074386509.370605
2020-07-23,2035.445421514757,2041.8849064660242,1986.4056410658654,1991.62939453125,3936886,-0.016522234152107074,-0.016660248578988207,7840817880.518555
2020-07-24,1981.407210485946,1999.4200033085456,1952.6318179283885,1989.783203125,4203314,-0.0009269753756996346,-0.0009274052830694415,8363683594.660156
2020-07-27,1997.3938411117647,2013.7854408769492,1967.6727288327934,2000.771240234375,2209409,0.0055222282970919245,0.005507036696405871,4420521985.11499
2020-07-28,2009.2822271664538,2021.8461078329676,1991.3595839083018,2019.729736328125,1567837,0.00947559406718046,0.009430982220139618,3166607010.6154785
2020-07-29,2012.929857304715,2037.4272147235506,1994.9170621610488,2009.5975341796875,2404978,-0.0050166128498251306,-0.005029238294412119,4833037858.5563965
2020-07-30,2018.1898045418325,2024.2951157427226,1980.9248381172722,1985.8995361328125,2044966,-0.011792409994446196,-0.011862491962912109,4061097030.807373
2020-07-31,1987.6180234485043,2009.7327736745133,1969.9804573701217,1998.8336181640625,1715659,0.006512958886347731,0.0064918412123880454,3429316886.5057373
2020-08-03,1998.7435518069774,2010.728053334836,1979.5231248283364,1993.94970703125,1683773,-0.0024433805237368267,-0.002446370449272233,3357358680.057129
2020-08-04,1998.8336076196845,2006.9740226898411,1967.357512673391,1987.889404296875,1981720,-0.0030393458335506995,-0.0030439740252611734,3939440190.283203
2020-08-05,1991.6884846683297,1998.833872737381,1972.7394490173817,1984.9500732421875,1715477,-0.001478619005833015,-0.0014797132416868536,3405136196.795288
2020-08-06,1989.879672957438,2016.109905010059,1982.6890155765661,2008.37646484375,1824483,0.011802005459662812,0.011732904944956754,3664248717.7075195
2020-08-07,2010.6827395657785,2021.3557735310258,1994.4019076664606,1999.421875,1777905,-0.00445862118009166,-0.0044685904754160335,3554782148.671875
2020-08-10,2006.1600156347358,2014.0743078515093,1988.7938414493638,1995.9844970703125,1476289,-0.001719185917022914,-0.00172066541306055,2946649957.1954346
2020-08-11,1998.0647885101846,2019.7272918782942,1995.3060483132633,1999.5118408203125,1665204,0.0017672200135709915,0.0017656603175631171,3329595115.3813477
2020-08-12,1989.9249389998308,1998.0653558328652,1980.8347627050214,1985.44775390625,1170430,-0.007033760254349208,-0.007058613756961304,2323827614.604492
2020-08-13,1989.8795980754346,2005.2559404241993,1981.6939128369472,1988.658447265625,1453227,0.0016171129928037598,0.0016158068734934265,2889972149.3444824
2020-08-14,1993.4972272928096,2004.3511141927704,1958.2673635612655,1966.27197265625,1341664,-0.011257073651916527,-0.011320914061810294,2638076319.921875
2020-08-17,1972.6943765334177,1993.181004219134,1961.2977044608565,1986.3070068359375,1559579,0.010189350434885114,0.010137788959903318,3097802695.4141846
2020-08-18,1993.4971990009237,2005.0747223611515,1979.9298405685217,2002.8587646484375,1339001,0.008332930284964402,0.008298403097224532,2681829888.7230225
2020-08-19,1995.3067845626026,2009.3263925230378,1980.8349311840886,1984.0911865234375,1585107,-0.00937039518525129,-0.00941457353385818,3144996828.3966064
2020-08-20,1977.216703879208,1987.8897384855934,1968.3073820032796,1976.9453125,1768939,-0.003601585487589709,-0.0036080868113448727,3497095664.1484375
2020-08-21,1988.9749019828714,1997.7484169584598,1978.5279910070562,1991.733642578125,1374411,0.007480394113392963,0.007452554712275019,2737460627.4294434
2020-08-24,1995.3066343637959,2000.4169188742183,1981.9201268317622,1984.814453125,1665474,-0.003473953195954782,-0.0034800013828333366,3305656866.5039062
2020-08-25,1984.8141156778772,1987.9798328279066,1967.2670860897326,1970.9755859375,1774886,-0.0069723732441142605,-0.006996793817544637,3498256973.8222656
2020-08-26,1973.68892226242,1977.2163470868045,1953.6995927298708,1974.322021484375,2148146,0.0016978574320001272,0.0016964177014781735,4241131953.163574
2020-08-27,1973.6891783044746,1979.025584925518,1958.2222995263924,1963.8753662109375,2172203,-0.005291262093902627,-0.005305310398596693,4265935962.109497
2020-08-28,1970.8852185636958,1973.9603985884123,1940.1325350248408,1946.418701171875,1939520,-0.008888886402574014,-0.008928628235687713,3775117999.296875
2020-08-31,1946.4639265480766,1960.483531966987,1900.0182422020675,1915.1234130859375,3534275,-0.016078394677926044,-0.016209054491794127,6768572800.784302
2020-09-01,1944.6095207491696,1967.1765170481342,1910.058024003633,1955.1920166015625,1738003,0.020922204408258205,0.020706340792980178,3398129590.4295654
2020-09-02,1963.6490598479425,1976.3119280367362,1932.48940336224,1937.1021728515625,1667810,-0.009252208272332751,-0.009295275803637832,3230718374.9035645
2020-09-03,1947.3682252870876,1948.6796924679177,1924.801229404796,1934.8409423828125,1590711,-0.00116732638083894,-0.0011680082369627193,3077772770.298706
2020-09-04,1912.998191855138,1936.4244170810568,1912.0937009842844,1921.7264404296875,1590491,-0.006778077549348338,-0.006801153047769996,3056488607.965454
2020-09-07,1922.9469484681097,1966.362495752432,1902.8220333206896,1956.0513916015625,2362992,0.01786151787774748,0.01770387535602057,4622133789.943359
2020-09-08,1948.272784255018,1963.965784750765,1927.605085377933,1937.64501953125,1804209,-0.009409963434162005,-0.009454516857747706,3495916583.043457
2020-09-09,1919.329311897277,1939.4089617591374,1908.4754232343328,1928.600341796875,2009898,-0.0046678713816027395,-0.00467879991514167,3876289969.7768555
2020-09-10,1937.4192370327673,1938.8665105996906,1915.8923124567036,1930.0927734375,2137794,0.0007738418418170578,0.0007735425805962688,4126140750.498047
2020-09-11,1922.0426788453747,1961.8402684308787,1921.5904335091757,1953.021484375,1934110,0.011879590065851486,0.011809581637968374,3777358383.1445312
2020-09-14,1960.031007583938,1962.4730878865855,1912.9974993262706,1920.6856689453125,2096908,-0.016556815011195547,-0.016695411007938213,4027501144.6967773
2020-09-15,1932.8059079437705,1932.8964453344827,1907.5707081003388,1921.5450439453125,1224058,0.00044743135948532853,0.0004473312919224009,2352082583.4016113
2020-09-16,1922.0428004085752,1952.7502165140459,1910.9175202698593,1938.77587890625,2087841,0.008967177228153433,0.008927210840529824,4047855769.791504
2020-09-17,1931.087470017289,1940.1776448955345,1919.5552146342818,1924.9368896484375,1741644,-0.007138003628155198,-0.0071636010584869856,3352554784.2348633
2020-09-18,1917.5204585707181,1924.3494081420095,1890.3857351003778,1898.2547607421875,4475166,-0.013861300622236561,-0.013958265532295929,8495005164.611572
2020-09-21,1898.254410664912,1898.5258020141541,1828.9704515969954,1843.1710205078125,3483963,-0.029018096713656183,-0.029447448056717646,6421539638.12146
2020-09-22,1845.6585489291697,1858.502272752459,1809.0266754426266,1833.2218017578125,2345687,-0.005397881498407475,-0.005412502700155307,4300164548.499878
2020-09-23,1840.638595045107,1863.250862797504,1832.362482965437,1856.512451171875,2410295,0.012704763488918802,0.012624735096317237,4474742678.497314
2020-09-24,1848.7788935687086,1882.2450477086509,1840.6837463940349,1864.064697265625,3798089,0.004067974922001172,0.004059723083296796,7079883621.9729
2020-09-25,1883.1497709724842,1909.380003133004,1873.0647872813227,1880.4815673828125,2528873,0.00880702807218503,0.008768472408961015,4755499062.752075
2020-09-28,1884.0540172804654,1892.5110931571924,1863.250732404109,1866.235595703125,1523704,-0.007575703972208858,-0.007604545372484657,2843590642.1152344
2020-09-29,1867.7732232891335,1871.6173086155154,1831.3674740216334,1839.0103759765625,2298844,-0.014588308029943597,-0.014695763740659609,4227597968.751465
2020-09-30,1844.2112689454566,1896.716998254865,1839.734084144204,1870.712890625,2417367,0.017238899281143416,0.01709199536152003,4522199608.271484
2020-10-01,1890.3853838426685,1907.480168123376,1872.2955715570927,1894.9078369140625,2131531,0.012933543362166677,0.01285061932594191,4039054796.5252686
2020-10-05,1899.4305043182721,1920.5051821736274,1883.3305254027982,1909.4251708984375,1646110,0.007661234864074995,0.007632036639070664,3143123868.067627
2020-10-06,1916.6160215518523,1935.6103285139047,1906.711891371944,1913.81201171875,1679499,0.002297466738771625,0.0022948315973917374,3214245359.869629
2020-10-07,1920.2335847718612,1944.6548314929353,1911.1886785788706,1935.0220947265625,2428544,0.011082636579736072,0.011021674165602131,4699286298.015625
2020-10-08,1941.9416892253066,1958.2225231359052,1941.2633211456982,1954.4237060546875,1617365,0.01002655803310959,0.00997662558974519,3161016497.3431396
2020-10-09,1944.6550241978382,1959.9860975496033,1918.5153310389544,1935.29345703125,2001026,-0.00978817897274431,-0.009836398106221745,3872572525.149414
2020-10-12,1940.3134227763019,1942.4843329694138,1920.5051645988506,1934.162841796875,1741166,-0.0005842086791888468,-0.000584379395571833,3367698578.6000977
2020-10-13,1933.755566810994,1947.5943166739874,1924.7559298187603,1933.981689453125,1679160,-9.365930305105241e-05,-9.366368935745748e-05,3247464693.6621094
2020-10-14,1928.9169288462765,1958.2223387974952,1927.4696554168418,1952.0264892578125,2123033,0.009330388132986922,0.009287128936838276,4144216653.5684814
2020-10-15,1953.6998370732388,1971.5182590152958,1936.5597831301657,1946.96142578125,2344437,-0.002594771897018844,-0.0025981441523696956,4564528404.174316
2020-10-16,1964.4632092431175,1964.4632092431175,1939.273276431197,1945.1524658203125,1640399,-0.0009291195690801501,-0.0009295514682116544,3190826159.779175
2020-10-19,1947.8660268804658,1976.3122157526864,1946.5545595059937,1969.7999267578125,1605969,0.012671223140909849,0.012591614976168257,3163437618.5753174
2020-10-20,1973.6891218475778,1997.5675865108913,1928.8715662899167,1965.5487060546875,5855290,-0.002158199239108649,-0.0021605315073570785,11508857683.074951
2020-10-21,1980.8346135814043,1986.9399257465525,1931.992116260219,1956.5489501953125,3954242,-0.004578749858323072,-0.004589264441496297,7736668033.918213
2020-10-22,1953.699799857012,1978.3471700172452,1947.5492192854724,1971.2017822265625,2632958,0.0074891211026371085,0.007461216867387836,5190091502.127686
2020-10-23,1979.8392858971752,1979.8392858971752,1935.609786122869,1939.0921630859375,2805684,-0.01628936186550911,-0.016423492112536582,5440479856.495605
2020-10-26,1944.6549569307429,1964.5537518388714,1937.6904228774818,1959.80517578125,1646050,0.010681809296959388,0.010625161813388472,3225937309.5947266
2020-10-27,1950.9861454931004,1979.9298435254505,1946.8706692645471,1968.8045654296875,2334808,0.0045919817743362845,0.0045814707912404315,4596780649.801758
2020-10-28,1988.1497742108027,1988.1497742108027,1951.8726254478875,1970.30712890625,1555483,0.0007631856929559699,0.000762894614843356,3064779243.7924805
2020-10-29,1949.9607637812724,1966.3469886869973,1926.2917722507807,1931.844970703125,1934367,-0.019520894808149003,-0.019713943932977398,3736897160.444092
2020-10-30,1928.2944958307182,1929.9331627778965,1882.5951795399483,1885.599365234375,2414313,-0.02393856969377739,-0.02422975366221595,4552427060.2771
2020-11-02,1886.2364501953125,1900.483272706306,1871.6709177613718,1886.2364501953125,1486077,0.0003378686759678562,0.0003378116111999926,2803092605.1968994
2020-11-03,1904.261275400482,1904.261275400482,1859.8363585576358,1871.397705078125,2227402,-0.007866853127374895,-0.007897960066321213,4168354991.086426
2020-11-04,1866.20901188853,1898.0711169695537,1866.1634501450758,1875.3580322265625,1479878,0.0021162402506378353,0.002114004168407719,2775301094.015381
2020-11-05,1899.891582336824,1922.650226111822,1876.4957409866022,1913.865478515625,2083827,0.020533383827163743,0.020325415939129052,3988164558.4987793
2020-11-06,1916.2779759416285,1933.5289850037823,1898.9814051374049,1906.400634765625,2127821,-0.0039004014826525824,-0.003908027885663676,4056479305.067627
2020-11-09,1929.933147680146,1946.0006625794483,1919.0545595293156,1941.3580322265625,2194404,0.018336857858440192,0.018170765021577485,4260123831.3500977
2020-11-10,1948.1402532179004,1951.9636616008347,1904.8988223637648,1945.045166015625,2471703,0.0018992549173599826,0.0018974536131360815,4807573971.976318
2020-11-11,1945.0448140816388,1946.8655055776426,1915.9137501455807,1940.083251953125,2759942,-0.0025510533889885334,-0.002554312870272519,5354517250.562012
2020-11-12,1938.1266578696898,2006.4026087105665,1932.8921683052224,1995.569580078125,3010512,0.02859997274299486,0.028198627859548405,6007686167.660156
2020-11-13,2007.3122764404393,2019.5108199677463,1982.9605288691096,1989.424072265625,2799165,-0.0030795758132670104,-0.00308432746475015,5568726233.243408
2020-11-14,2000.0294918355119,2000.0294918355119,1986.3743064110545,1991.563232421875,258276,0.0010752660461246233,0.0010746883616622224,514372985.4169922
2020-11-17,2021.2864243140166,2021.2864243140166,1977.2711151472342,1982.369140625,2733542,-0.00461652015220948,-0.004627209191498111,5418889305.402344
2020-11-18,1975.4503810911199,1975.4503810911199,1935.3040425099243,1940.9483642578125,3315051,-0.020894582910087278,-0.02111596391357585,6434342815.881226
2020-11-19,1935.213071196121,1954.876406363698,1924.926119603756,1939.71923828125,2704650,-0.0006332605231528232,-0.0006334611172879503,5246261637.817383
2020-11-20,1943.5882448174596,1949.960665292271,1912.1813153344608,1930.16064453125,2827038,-0.004927823347501414,-0.004940005105150841,5456637488.194336
2020-11-23,1948.1398659622732,1948.1398659622732,1907.17430803316,1938.4901123046875,3244576,0.004315427214329315,0.004306142460510417,6289578494.621094
2020-11-24,1940.85745700846,1967.257488084091,1932.1180474755604,1963.934814453125,1989749,0.013126041751219564,0.013040641762642703,3907737333.123291
2020-11-25,1968.167513026891,1976.360624783247,1937.2157575028787,1944.362060546875,1786536,-0.009966091421267587,-0.010016085350427919,3473672818.201172
2020-11-26,1948.1401497778174,1968.167758794225,1932.2546588948305,1961.0670166015625,1630887,0.008591484268104299,0.008554787503789895,3198278703.5042725
2020-11-27,1972.7194699469642,1973.174642874963,1935.3952898510595,1946.50146484375,5687861,-0.007427360531030658,-0.007455080717097429,11071429768.327637
2020-12-01,1965.4366624459067,1965.4366624459067,1938.6725837341255,1941.813232421875,2226742,-0.0024085429713516238,-0.0024114481767863014,4323917080.789551
2020-12-02,1952.6917342086622,1957.1523397121914,1931.8449043621233,1947.5028076171875,1634682,0.0029300321474359237,0.002925747969722222,3183547784.5612793
2020-12-03,1959.974512762895,1963.0695995904068,1930.024224761902,1936.98828125,3469163,-0.005398978797905962,-0.005413605955500712,6719728076.746094
2020-12-04,1949.050184580913,1998.5729027986943,1942.3137151605642,1988.3770751953125,3712143,0.026530255470698982,0.026184431441611887,7381140041.046753
2020-12-07,1992.9746602710256,2057.0175799816566,1990.926382100141,2053.876708984375,4147649,0.03294125375219825,0.032410318967800146,8518759678.142334
2020-12-08,2056.926418878336,2073.949841581219,2039.3111380299108,2057.381591796875,2768211,0.0017064718622925579,0.0017050174935086902,5695266353.609619
2020-12-09,2057.381490024711,2090.153938538379,2042.133198007935,2086.694580078125,2123890,0.014247715833623609,0.01414717102756627,4431909751.682129
2020-12-10,2084.692048553287,2146.5044444107366,2071.082422206445,2139.722412109375,3041370,0.02541235911451145,0.02509483326392311,6507687552.51709
2020-12-11,2154.1058104800504,2171.174794715233,2123.83681176966,2161.84375,2611218,0.010338414817470332,0.010285338907416204,5645045313.1875
2020-12-14,2167.4876304719187,2177.0006989397907,2144.9110118228778,2158.2021484375,1575632,-0.0016844887899507555,-0.0016859091364551033,3400532367.546875
2020-12-15,2149.326716668815,2152.012192681767,2100.441185225561,2112.048095703125,2207176,-0.021385416916478217,-0.02161739825212469,4661661867.681641
2020-12-16,2109.3620396261895,2143.7729281302068,2096.5260767857408,2133.8046875,1748634,0.010301181985929997,0.010248486386458533,3731243425.921875
2020-12-17,2132.0298207333203,2132.0298207333203,2102.8987557190308,2107.7236328125,1912868,-0.012222793791899056,-0.012298106452541134,4031797090.0507812
2020-12-18,2113.8229230521506,2133.759406939671,2104.7194651578693,2124.246337890625,2229891,0.0078391231283379,0.00780855684063689,4736837790.645264
2020-12-21,2132.940023319853,2139.3124433639155,2062.02418058759,2099.211669921875,2003069,-0.011785200012918162,-0.011855195970350426,4204865820.45874
2020-12-22,2102.8989802929605,2124.110083722155,2076.498949804434,2103.809326171875,1764488,0.002190182303136279,0.002187787350160712,3712146310.3183594
2020-12-23,2112.0023763630975,2164.1652381263393,2096.7540833440967,2157.83837890625,1559556,0.025681534948172935,0.025357303778789326,3365269790.8535156
2020-12-24,2168.898844477264,2193.9333536999816,2148.4616259441054,2186.878173828125,2489444,0.01345781741846408,0.013368065341694085,5444110748.567383
2020-12-28,2189.3822462164794,2200.670448314702,2163.0277725680235,2174.7255859375,1532477,-0.005557048415436805,-0.005572546250462768,3332716941.760742
2020-12-29,2180.278498781447,2187.5612662095273,2143.1363404477547,2170.537841796875,1749013,-0.0019256425581711811,-0.0019274989914028213,3796298902.2946777
2020-12-30,2175.726549120187,2198.166485087767,2162.981707409859,2190.83837890625,1924886,0.00935276811049257,0.009309301784952005,4217114123.819336
2020-12-31,2181.1886303887723,2200.305893009041,2172.9955178372284,2180.642333984375,1709836,-0.004653946644373352,-0.004664809972060256,3728540765.770508
2021-01-01,2180.642174713243,2188.4712372582994,2168.443630261759,2173.49609375,830096,-0.003277126249914497,-0.003282507788681217,1804210413.4375
2021-01-04,2189.381424726812,2212.14006739549,2185.466893737326,2208.953857421875,1614486,0.0163137002057816,0.016182061544777446,3566325077.4536133
2021-01-05,2189.381365970032,2236.6737797158767,2189.381365970032,2230.84765625,2356303,0.009911388033101654,0.009862592383569693,5256553024.964844
2021-01-06,2226.5239586872644,2230.347366865695,2186.2867159477605,2200.5791015625,1641627,-0.013568185439601366,-0.013661074448153246,3612530068.760742
2021-01-07,2213.9611531092537,2214.598350766986,2152.967979894484,2156.472900390625,2403881,-0.020042997382169858,-0.020246583159815302,5183904232.263916
2021-01-08,2175.726477139128,2184.8299352024715,2149.144424044643,2176.81884765625,2797948,0.009434826313810651,0.009390596323901927,6090625941.162109
2021-01-11,2207.588782014623,2223.019100391005,2186.7419500462547,2211.3212890625,2787672,0.0158499369129399,0.01572563835874873,6164438440.5234375
2021-01-12,2211.958150188783,2214.962335617503,2159.340121331494,2162.890380859375,2036708,-0.021901343980483934,-0.02214473875930939,4405176141.819336
2021-01-13,2168.3525600867197,2183.0092162863457,2152.6037556360247,2159.658935546875,1702740,-0.0014940402625565063,-0.0014951574536004953,3677337655.913086
2021-01-14,2153.8779680635917,2190.2917967713447,2140.359245254889,2183.509765625,2120413,0.011043794779607374,0.010983257378668227,4629942492.658203
2021-01-15,2178.0027584781797,2191.202775196229,2132.7586076950765,2140.35986328125,2042957,-0.01976171713223318,-0.01995959108922921,4372663165.209473
2021-01-18,2161.6160555475894,2161.6160555475894,2112.593846372371,2123.47265625,1733797,-0.007889891471502986,-0.007921181356419003,3681670520.9882812
2021-01-19,2132.030207670633,2168.535169042822,2114.961221166011,2151.283935546875,1495269,0.013097074367790063,0.013012049271321255,3216748179.02124
2021-01-20,2145.684667135269,2161.1149812371714,2135.9440132665427,2144.728759765625,1380562,-0.0030470993033206994,-0.0030517511625910527,2960931026.039551
2021-01-21,2162.981358220661,2184.7385312984497,2139.3123702940043,2155.3798828125,1521133,0.004966186515836579,0.004953895687150638,3278619467.2822266
2021-01-22,2147.5057958000134,2204.8575826314677,2145.68510415457,2193.341796875,2548089,0.017612632633911662,0.017459327671626147,5588830105.857422
2021-01-25,2203.0365390880356,2214.279397103748,2171.174440382217,2184.465576171875,2124424,-0.004046893519182304,-0.004055104352492325,4640731097.193359
2021-01-27,2207.5887680817254,2207.5887680817254,2125.6576385446715,2176.91015625,2460297,-0.003458704043812544,-0.0034646991882557893,5355845526.691406
2021-01-28,2155.607766337781,2195.34449451213,2084.6919162535214,2094.159423828125,3867335,-0.038012929557195596,-0.038754268694897155,8098816035.350342
2021-01-29,2107.541520512564,2114.0959654178846,2049.18826943015,2060.931640625,4472694,-0.015866883306517643,-0.015994109886995612,9217916583.433594
2021-02-01,2072.5384369027597,2080.139912354323,2026.6115410563948,2047.00341796875,2717591,-0.006758216712140053,-0.006781156873511616,5562918065.641113
2021-02-02,2067.441089268834,2071.0369111035634,2007.312698454223,2030.48095703125,4215607,-0.008071535588296874,-0.008104286785697237,8559709735.827637
2021-02-03,2031.4364717222877,2054.650287554203,2018.7827551305459,2032.66552734375,2353429,0.001075888106675027,0.0010753097538574255,4783733999.351074
2021-02-04,2038.2640902163498,2056.4710048230168,2026.6116204176078,2044.2724609375,2908003,0.00571020339431727,0.005693961981430834,5944750449.223633
2021-02-05,2044.2724595364343,2080.1399923860354,2040.0847802788207,2066.0751953125,4036942,0.010665278132740319,0.010608805231857036,8340625731.115234
2021-02-08,2082.871474169983,2083.508671866316,2030.3445588042052,2036.1251220703125,2780672,-0.014496119652439576,-0.014602214956666953,5661796115.4375
2021-02-09,2045.5467181881875,2052.5563353888274,2012.3191012705777,2017.5535888671875,3131481,-0.009121017663316078,-0.009162868822741761,6317930730.019409
2021-02-10,2020.967400810431,2040.0846600072864,2014.3673946591357,2035.0777587890625,2055520,0.008685851031949188,0.008648346046546919,4183143034.7460938
2021-02-11,2040.9952869963129,2064.664277835699,2033.7580823247483,2060.112548828125,1824480,0.012301638073013432,0.01222658779078797,3758634143.0859375
2021-02-12,2064.664295565736,2068.533265255399,2031.8918464297722,2040.585693359375,1222094,-0.009478538189507058,-0.009523745425073312,2493787532.340332
2021-02-15,2049.188571414716,2058.9747896033914,2014.5954280500964,2016.59814453125,2449407,-0.011755227387012956,-0.011824866358429172,4939469611.401855
2021-02-16,2027.3396734556754,2029.2059264066313,1993.7024476168822,1999.2100830078125,2396356,-0.008622472241478385,-0.008659860831787599,4790819077.67627
2021-02-17,1999.1191585468853,2004.171621635763,1966.3467133248053,1969.89697265625,2447956,-0.014662346193983211,-0.01477090080893583,4822221113.595703
2021-02-18,1969.9881951414554,1974.130312737908,1951.0529591665147,1954.3758544921875,3205806,-0.007879152249842591,-0.007910356788213857,6265349840.586182
2021-02-19,1959.883248197117,1997.2985468870643,1957.243334460888,1985.55517578125,3364030,0.015953595219361683,0.015827674116510145,6679467177.983398
2021-02-22,2007.3127170273324,2007.3127170273324,1967.8037937201425,1973.265869140625,2678023,-0.0061893553956714475,-0.006208588858672622,5284451382.673584
2021-02-23,1989.1055821240104,1995.7967126856597,1975.6324197717306,1983.87109375,2062144,0.00537445296917527,0.005360062135694363,4091027872.75
2021-02-24,1992.2918283457914,1992.2918283457914,1962.2959780080625,1983.507080078125,924143,-0.0001834865546566089,-0.00018350339037392877,1833044183.5046387
2021-02-25,1981.8226441355635,1989.1054099385422,1966.3467668042338,1969.3509521484375,2099460,-0.00713691827564833,-0.0071625079036300105,4134573549.9975586
2021-02-26,1964.5262613912919,1986.7386102929042,1929.9331205512228,1940.90283203125,3413194,-0.014445429386850672,-0.014550780393094907,6624677900.87207
2021-03-01,1943.7705594860643,1960.8851071933896,1937.2161133275454,1951.2353515625,1229276,0.005323563529677777,0.005309443455921684,2398606788.0273438
2021-03-02,1968.1680143097942,1988.1045024270359,1948.64113743422,1982.68798828125,2095135,0.016119345466738988,0.015990808268268427,4153998998.3276367
2021-03-03,2007.3123598153102,2007.3123598153102,1978.6364689608058,1996.8433837890625,2031893,0.007139497284231577,0.007114131733458433,4057372093.6173096
2021-03-04,1989.1053296982097,2005.9467249382176,1979.0915271230701,1999.9383544921875,2290915,0.0015499316212030934,0.0015487317168743242,4581688775.38147
2021-03-05,1988.7415014980393,2011.8186339203562,1980.2296794615972,2003.76220703125,2129837,0.0019119852021804995,0.0019101596850113233,4267686887.7368164
2021-03-08,2011.864367931719,2017.4175666265214,1974.5401873501803,1979.5926513671875,1440724,-0.012062087796271936,-0.012135425107964767,2852046643.04834
2021-03-09,1980.9127245849445,2007.3127563004607,1968.2134434343443,2001.3955078125,1711842,0.011013809548269693,0.010953599241060574,3426072888.8847656
2021-03-10,2012.3195459939066,2036.3525880652292,1996.5705179896158,2028.1141357421875,2696085,0.013349998950927366,0.01326167294793319,5467968099.662476
2021-03-12,2035.533144214551,2039.0834038209475,2002.7606964543882,2007.0848388671875,2038930,-0.010368892215873449,-0.01042302369285973,4092305490.5114746
2021-03-15,2008.3134318257094,2018.6457205957884,1987.5575085761468,2012.6375732421875,1632022,0.002766566847335561,0.002762746944996728,3284668797.5578613
2021-03-16,2022.196766698768,2046.0022208794546,2015.7787842473097,2042.861572265625,2633605,0.015017109600487633,0.014905469100926152,5380090451.026611
2021-03-17,2051.9191676650485,2059.2019331225997,2020.2846552088104,2026.70263671875,3703365,-0.00790995129883132,-0.00794140091668456,7505619610.231934
2021-03-18,2037.354075000504,2048.1871020479334,2007.3126610259658,2016.59814453125,2597091,-0.004985680683703642,-0.004998150654437996,5237288891.778809
2021-03-19,2006.4931153312407,2116.781411781241,1995.022670215499,2104.764892578125,5382214,0.0437205341510265,0.042791766030925424,11328295071.54248
2021-03-22,2102.990056922607,2145.230015862086,2095.6161665667396,2142.225830078125,2471516,0.017798157709725926,0.01764162509994697,5294545414.651367
2021-03-23,2151.1473094550515,2160.205206489579,2124.2009825685304,2127.75146484375,1970612,-0.006756694383545536,-0.006779624187861953,4192972569.638672
2021-03-24,2127.7512045869667,2140.1317736604947,2107.9511841646977,2110.727783203125,1762743,-0.00800078482938571,-0.008032962856232175,3720670624.746826
2021-03-25,2110.7278808899414,2113.822967738471,2031.02706089015,2036.4891357421875,2495833,-0.03517206152859609,-0.035805495643032814,5082736789.126831
2021-03-26,2052.8301480980117,2116.5543655556,2047.1860475736835,2110.0908203125,1929236,0.03614145701960192,0.035503676041058065,4070863173.8164062
2021-03-30,2116.554131281755,2190.2921461780224,2116.554131281755,2183.692138671875,3327203,0.03488064004205982,0.034286096436191106,7265587034.8654785
2021-03-31,2172.084645457408,2219.9689138851954,2168.124553116511,2213.50537109375,2709756,0.013652671955858953,0.013560313903394499,5998059460.353516
2021-04-01,2227.434442276655,2227.434442276655,2177.5930031394214,2184.010986328125,1532653,-0.013324740545378022,-0.01341431146335153,3347330990.22876
2021-04-05,2184.830422975802,2200.488329889973,2136.126911463633,2160.43310546875,2545447,-0.010795678687960941,-0.010854374852667787,5499267967.016113
2021-04-06,2168.716752385082,2194.843631293428,2164.210585315483,2192.3857421875,3683538,0.0147899218160783,0.014681617491544868,8075736192.005859
2021-04-07,2200.3059388317224,2216.692164276063,2173.3142730424242,2189.609375,1713970,-0.001266368018216446,-0.0012671705397918796,3752924780.46875
2021-04-08,2190.2917816420913,2220.333190118479,2180.8242751444204,2193.842041015625,1814515,0.0019330690048882104,0.001931203031316192,3980759291.053467
2021-04-09,2206.6783725325627,2260.3887784646668,2206.6783725325627,2254.016357421875,2604858,0.02742873701991444,0.027059309284654852,5871392540.76123
2021-04-12,2222.609394436053,2265.168062955359,2219.0591345193616,2241.271484375,2261945,-0.005654294834600226,-0.0056703408742513435,5069632827.724609
2021-04-13,2248.5542674776307,2281.235594852962,2229.25497975381,2234.352783203125,1811781,-0.00308695364221101,-0.0030917281118483437,4048157919.904541
2021-04-15,2273.13339406133,2273.13339406133,2204.0382388256185,2240.042236328125,3352379,0.0025463539901893206,0.0025431175238294123,7509470552.179443
2021-04-16,2248.4630226396093,2256.701696653812,2221.2437718769925,2238.44921875,1225517,-0.0007111551524744408,-0.0007114081432507934,2743257571.2148438
2021-04-19,2221.244083723911,2239.1778542116886,2197.6206511364308,2218.1943359375,1746316,-0.009048622878213286,-0.009089810314187301,3873668259.9570312
2021-04-20,2235.809087108851,2235.809087108851,2170.0821706109305,2182.50830078125,1589508,-0.016087875880887448,-0.016218690674790308,3469114404.158203
2021-04-22,2175.7267345738014,2175.7267345738014,2122.9266715590397,2138.7666015625,1721265,-0.020041939452460356,-0.020245503592920402,3681384094.4384766
2021-04-23,2130.208991357247,2139.31244858527,2093.7951624451575,2100.850341796875,1949756,-0.01772809606149861,-0.01788712103297616,4096145559.020508
2021-04-26,2115.6434861046732,2157.3373651780375,2103.8089915610585,2149.007568359375,1946867,0.022922730669768132,0.02266395202468405,4183831917.5891113
2021-04-27,2151.146914001485,2172.494476463129,2141.9978951601033,2166.486328125,1668456,0.008133410055400025,0.008100512136960038,3614687113.078125
2021-04-28,2166.622999222195,2225.795476091709,2154.1513062401764,2190.792724609375,1951215,0.011219270654438507,0.011156801442515211,4274707626.1486816
2021-04-29,2214.871228501054,2229.3911988860036,2170.4007493361155,2191.74853515625,3151150,0.00043628524786409884,0.0004361901031278376,6906528396.557617
2021-04-30,2193.933267019052,2223.8835534230484,2121.333193141554,2142.726318359375,4010778,-0.022366715893974654,-0.022620644391084476,8593999577.696777
2021-05-03,2132.940313092102,2198.4852138785427,2130.2092755593335,2192.11279296875,1692239,0.02304842862395451,0.02278682565735824,3709578760.6606445
2021-05-04,2193.2047814351167,2201.3978926060327,2159.521991065796,2191.793701171875,1453111,-0.00014556358500283917,-0.00014557418040969468,3184919536.9035645
2021-05-05,2215.7814204964966,2215.7814204964966,2156.290240457733,2179.959228515625,1256857,-0.005399446421404774,-0.005414076117504141,2739897016.074463
2021-05-06,2184.830266082636,2199.8965359096496,2163.9378711137065,2175.726806640625,1377740,-0.001941514235512476,-0.0019434014173316842,2997585850.5810547
2021-05-07,2192.8408938597927,2206.678104852285,2182.2352324879316,2195.025634765625,1169518,0.008870060370675725,0.008830952474648678,2567121990.319824
2021-05-10,2205.7679386518507,2227.570676756349,2199.3955178633396,2214.7802734375,988495,0.008999730280591534,0.008959474057849985,2189299226.3916016
2021-05-11,2207.5885287959086,2208.4988745809787,2179.595395904991,2186.74169921875,1019077,-0.012659754358039343,-0.012740571859203251,2228458170.614746
2021-05-12,2174.815964120935,2174.815964120935,2116.5993987323423,2120.149658203125,2053932,-0.030452632352241715,-0.03092594768194094,4354643227.772461
2021-05-14,2120.1043540709916,2168.8078568830483,2117.4644400157854,2163.755615234375,1388970,0.0205673957319632,0.020358742960649226,3005391636.89209
2021-05-17,2171.1745093043132,2180.277966366386,2154.333113739479,2163.208984375,811243,-0.00025263059077762495,-0.00025266250726082315,1754888146.1113281
2021-05-18,2186.7416461340763,2192.4313071526462,2154.7428592142082,2161.388427734375,1153722,-0.0008415999812200203,-0.0008419543253088169,2493641379.6225586
2021-05-19,2148.4160630098527,2166.622978798072,2133.8505303792776,2148.1884765625,1323590,-0.006107162878498218,-0.006125887874370162,2843320785.6933594
2021-05-20,2148.416130664372,2150.2368223005283,2130.2092143028094,2133.987060546875,856235,-0.00661087989744269,-0.006632828550705353,1827194410.7873535
2021-05-21,2130.2096452005503,2154.015104257691,2130.2096452005503,2150.46484375,771492,0.007721594712435831,0.007691935778324089,1659066423.234375
2021-05-24,2143.8644397074386,2148.370607136598,2116.781651137886,2127.068603515625,1194864,-0.010879619958620856,-0.010939235816748013,2541557699.8710938
2021-05-25,2143.8644828698493,2157.3376459387905,2128.388603375672,2133.896240234375,1098457,0.0032098808225862197,0.003204740152825938,2343993262.359131
2021-05-26,2144.546962456067,2157.7014138593495,2134.9883322509145,2142.953857421875,811095,0.004244638055365346,0.004235654990190456,1738139158.9855957
2021-05-27,2142.0436561949114,2142.0436561949114,2114.642158857292,2117.828369140625,3755182,-0.011724698688322599,-0.011793974996286651,7952830970.88623
2021-05-28,2124.15546663542,2139.3126353423136,2111.4106254035937,2113.5498046875,1215325,-0.002020260241797245,-0.0020223037202222027,2568649916.381836
2021-05-31,2116.5541331132636,2134.761050387356,2112.138866773333,2130.2548828125,1178704,0.007903801503967856,0.007872730079061082,2510939951.390625
2021-06-01,2136.5812138953625,2151.146744113652,2121.6516343225567,2146.8681640625,1141451,0.007798729337057608,0.007768476435085574,2450544812.7373047
2021-06-02,2144.7744739120512,2160.841986651404,2139.312399700051,2147.323486328125,1113091,0.0002120867379036273,0.0002120642506908669,2390166446.720459
2021-06-03,2156.609489051095,2158.475742641535,2134.7611869247858,2151.375,868532,0.001886773789636642,0.0018849960677248523,1868538031.5
2021-06-04,2157.5198073352576,2157.5198073352576,2124.701792819611,2132.07568359375,1283795,-0.008970689166811874,-0.009011168063114723,2737148102.2192383
2021-06-07,2142.9545519393955,2142.9545519393955,2122.0165932755867,2129.572509765625,1128300,-0.0011740548646499427,-0.0011747446069789568,2402796662.7685547
2021-06-08,2129.5718484851404,2150.2366524729096,2125.7937802870733,2147.505615234375,1106664,0.00842098843148742,0.008385729712298146,2376567154.1777344
2021-06-09,2150.236732884457,2159.294628947189,2135.307150989771,2144.774658203125,1072858,-0.0012716879582882479,-0.0012724972395948288,2301038650.2504883
2021-06-10,2152.0575986304807,2184.78448762787,2144.0920724088155,2165.53076171875,1944339,0.00967752180222714,0.009630994526420718,4210525915.7094727
2021-06-11,2167.5332655399916,2174.4064205132854,2148.41600448315,2154.333251953125,1128097,-0.005170792289617587,-0.0051842070995139055,2430296878.5285645
2021-06-14,2162.4933067650277,2177.8062571043915,2142.5043593101645,2168.178466796875,1761632,0.00642668205171959,0.006406118985127653,3819532568.8203125
2021-06-15,2163.961125711883,2196.053769525407,2163.961125711883,2193.257080078125,1215463,0.01156667389945043,0.011500291320287964,2665822830.322998
2021-06-16,2186.8846533596384,2217.922917124493,2185.646704577672,2207.88232421875,2153668,0.006668276269786055,0.006646141660886351,4755045509.435547
2021-06-17,2198.8043923299633,2224.386722529719,2188.167884540964,2216.867919921875,1555777,0.0040697801710534165,0.00406152101677787,3448952121.852295
2021-06-18,2218.9771226193857,2289.3058155765816,2205.2231321899267,2276.652099609375,3937751,0.026967858188685856,0.026610633658891946,8964889081.888916
2021-06-21,2268.445531945834,2318.922720151847,2262.0728946676973,2305.48974609375,2506277,0.012666690044264017,0.012587138590656162,5778195924.370605
2021-06-22,2308.928266190942,2323.4615148220328,2275.505890986896,2283.3916015625,1945883,-0.009585010980287967,-0.009631242857248703,4443212899.823242
2021-06-23,2287.7471848779855,2305.1689069271565,2254.004015294853,2274.45166015625,1035668,-0.003915202893858605,-0.0039228873647749575,2355576801.970703
2021-06-24,2283.1625984567713,2296.7332482317547,2268.5834569506005,2283.300048828125,759681,0.0038903392966669337,0.003882791496082285,1734579664.3937988
2021-06-25,2281.3289561869933,2283.1169304922782,2241.9008431982306,2245.24755859375,1112942,-0.016665567126801784,-0.016806000140872614,2498830308.3564453
2021-06-28,2246.577004232633,2260.2392125655915,2234.8402203445676,2255.837890625,694906,0.004716776994463379,0.004705687858172471,1567595285.2226562
2021-06-29,2251.0698634651994,2290.0395046860835,2241.900536119109,2285.500732421875,1354397,0.013149367656315247,0.013063665192713875,3095475335.48999
2021-06-30,2285.500196904313,2296.915962003251,2258.4047961732567,2266.015380859375,1447245,-0.008525637855233525,-0.008562189001818933,3279479429.871826
2021-07-01,2277.660286300696,2277.660286300696,2258.4047041701347,2272.15869140625,735043,0.002711063039892103,0.0027073947369935397,1670134341.0073242
2021-07-02,2272.1590054005796,2285.6378699825505,2248.3187575634465,2280.6865234375,860231,0.0037531850497520836,0.0037461594242378868,1961917248.743164
2021-07-05,2291.4145578168423,2304.6182976574223,2278.6233928724373,2291.46044921875,761700,0.004723983620954275,0.004712860626469179,1745405424.1699219
2021-07-06,2283.162288098774,2290.451857860963,2263.9067025364952,2267.115966796875,461782,-0.010624002884350503,-0.010680840523591183,1046913345.3793945
2021-07-07,2253.8207331981093,2283.8961726198904,2242.680089663253,2275.506103515625,623145,0.0037007973308944564,0.0036939662289474096,1417970250.8752441
2021-07-08,2257.6719902118516,2264.594877914728,2235.8948352971943,2244.239013671875,1114426,-0.013740718952782727,-0.013835996425553004,2501038307.050293
2021-07-09,2237.3156192738693,2259.780468729693,2235.8943289239505,2247.814453125,538094,0.001593163398079911,0.0015918956595712024,1209535470.3398438
2021-07-12,2249.2357931156967,2255.5625388639905,2228.146342140702,2241.120849609375,543898,-0.0029778274209062428,-0.002982269970603509,1218941147.8608398
2021-07-13,2251.0692156269643,2251.5735732579556,2228.1459038588687,2234.289306640625,994396,-0.0030482706766753465,-0.0030529261168361164,2221768349.366211
2021-07-14,2237.1325541496094,2238.5538446752757,2208.890980855154,2214.255126953125,1377829,-0.008966690046788295,-0.00900713275163501,3050864927.3146973
2021-07-15,2223.5615099545735,2223.5615099545735,2201.555128000384,2211.96240234375,693792,-0.0010354383203031725,-0.0010359747568907175,1534641819.046875
2021-07-16,2218.977132140336,2228.146459132651,2206.1400743510944,2216.593017578125,545405,0.0020934421079981114,0.0020912539114447074,1208940914.7521973
2021-07-19,2200.684337436786,2216.226301689772,2199.2630470016206,2208.56982421875,463873,-0.0036196059879956,-0.003626172612266979,1024495910.0698242
2021-07-20,2203.389098948698,2255.654258599167,2203.389098948698,2232.63916015625,1061476,0.0108981548482463,0.01083919791975077,2369892885.1660156
2021-07-22,2246.485222826387,2299.667321979012,2178.173733397585,2180.603515625,3546044,-0.02330678663165986,-0.023582685085313193,7732516012.9609375
2021-07-23,2184.1333485457476,2193.073440967377,2159.101044993088,2162.21875,1517589,-0.008431044659547249,-0.00846678695495091,3281359390.59375
2021-07-26,2161.439183053499,2163.96074748383,2143.7882320411836,2153.599365234375,1311535,-0.003986361123556548,-0.003994327840248359,2824520943.482666
2021-07-27,2153.599718643698,2163.4567448525454,2138.2869878169404,2147.822998046875,1656945,-0.0026821920923399967,-0.002685795614551592,3558824577.4987793
2021-07-28,2154.7921723636605,2171.709538476702,2148.4654253166877,2165.2451171875,912373,0.008111524625850297,0.008078803038849844,1975511183.303711
2021-07-29,2165.2447603460373,2174.4140872279304,2136.4531634811005,2140.80859375,1012663,-0.011285800043387861,-0.011349967932148344,2167917652.9726562
2021-07-30,2145.622652750592,2160.797934660743,2125.450132083706,2139.479248046875,1708251,-0.0006209549545933557,-0.0006211478269686771,3654767564.9553223
2021-08-02,2147.4564884336182,2157.90943218067,2131.5019482174794,2139.020751953125,1229936,-0.00021430265994337727,-0.00021432562603959562,2630858627.5742188
2021-08-03,2136.4533375720525,2194.2201016351596,2132.8773893409325,2188.5810546875,1733476,0.023169622215736707,0.022905281842293353,3793852732.3554688
2021-08-04,2188.580718063268,2195.8243962318684,2170.883873689006,2179.640625,1588974,-0.004085034761838635,-0.004093401309206006,3463392282.46875
2021-08-05,2192.3862001986304,2192.3862001986304,2158.459688526799,2161.852294921875,921757,-0.008161129809243217,-0.008194614133511153,1992702485.8103027
2021-08-06,2161.852386287891,2182.9877317920404,2161.6690445026716,2174.506103515625,1432661,0.005853225321393873,0.005836161750303066,3115330088.768799
2021-08-09,2181.7957141023435,2196.054063966175,2177.5779575233714,2186.42626953125,921476,0.005481780895603361,0.005466810618974772,2014739333.1425781
2021-08-10,2195.1367286899463,2195.1367286899463,2163.1358692653607,2183.9501953125,1061370,-0.001132475516442133,-0.0011331172513849618,2317979218.798828
2021-08-11,2191.469016879606,2196.0536800948353,2165.9782446308295,2191.881591796875,1300594,0.003631674614832603,0.003625096007342143,2850748047.001465
2021-08-12,2196.054042913763,2213.0172996126794,2179.961827597547,2193.578369140625,1226064,0.0007741190719883217,0.0007738195963627432,2689467469.5820312
2021-08-13,2201.555384029294,2209.486762236795,2189.635259084529,2204.7646484375,1033159,0.005099557624311135,0.005086598917439588,2277872439.415039
2021-08-16,2204.306497517642,2234.4278301747804,2193.899220474742,2224.845703125,1146309,0.009108026428912064,0.009066798503796377,2550360653.1035156
2021-08-17,2230.8968337306833,2280.8237649539165,2229.1088600787043,2277.47705078125,1921902,0.023656178755373736,0.023380707302115927,4377087698.850586
2021-08-18,2278.5779472979157,2292.3319389315047,2250.153031255165,2279.540771484375,1545643,0.0009061433582469025,0.0009057330581957918,3523356236.659424
2021-08-20,2283.162704251313,2411.53329806464,2270.3256448699804,2401.813720703125,5779927,0.05363929031158721,0.05225016223946302,13882307973.262451
2021-08-23,2406.9482902694645,2450.8236086477264,2378.981843468238,2415.338134765625,2163220,0.005630917146455694,0.005615122795881515,5224907759.887695
2021-08-24,2415.200624065348,2437.2070078837114,2393.1942402469854,2414.28369140625,1482854,-0.000436561384179579,-0.000436656704843881,3580030228.9365234
2021-08-25,2413.366983695652,2444.955271973817,2402.9597075006236,2425.287109375,1746570,0.004557632563197522,0.004547278005499649,4235933706.6210938
2021-08-26,2412.449852741006,2473.7009998175936,2412.449852741006,2444.9091796875,2117291,0.008090617492935381,0.008058063915049794,5176584201.969727
2021-08-27,2447.2932533786716,2466.5488391115123,2430.880248417264,2455.499755859375,1176229,0.0043316848985075485,0.004322330156278926,2888230022.334717
2021-08-30,2468.0161132066914,2480.9906212010574,2449.6774594419235,2464.43994140625,1168190,0.003640882278868718,0.003634270311055465,2878934095.151367
2021-08-31,2464.6232641041543,2510.057323226969,2453.3908387601336,2497.81640625,2535891,0.013543225088579192,0.013452335323183608,6334190144.261719
2021-09-01,2516.9799837555224,2544.4879617200636,2489.4720057909813,2505.885009765625,1775792,0.00323026283894845,0.0032250567482921115,4449930553.261719
2021-09-02,2519.730705761241,2576.5805251779793,2503.3633698204517,2568.3740234375,1946183,0.024936903899560603,0.024631053524490697,4998525862.055664
2021-09-03,2569.428549498682,2575.434502946992,2527.0663071195054,2536.87744140625,1561823,-0.012263238042368618,-0.012339052000005691,3962153536.1694336
2021-09-06,2558.2418793787665,2590.3345194426574,2544.76301532403,2549.622802734375,1444978,0.0050240351071355605,0.005011456754555477,3684148858.2495117
2021-09-07,2556.958567742195,2575.3887803425378,2539.9035303049654,2546.9638671875,1219915,-0.001042874084756118,-0.0010434182563022793,3107079426.040039
2021-09-08,2557.2333804552363,2576.5807489327076,2535.4105624530403,2568.236572265625,946711,0.008352181729855301,0.008317495264640049,2431377813.566162
2021-09-09,2550.9067259695657,2589.0968827002084,2550.9067259695657,2577.1767578125,879454,0.0034810599784380614,0.00347501511344779,2266508408.3652344
2021-09-13,2565.1192178317674,2587.9966438317465,2544.4882321655605,2554.8955078125,1341412,-0.008645604121819028,-0.008683194173088993,3427167492.9257812
2021-09-14,2569.245460502739,2571.079325927795,2522.527783571556,2533.072509765625,1755061,-0.008541640149330343,-0.00857832902908225,4445696772.061768
2021-09-15,2543.571615244326,2553.6578761555324,2520.6941864041987,2544.901123046875,1362350,0.004669670226828293,0.004658801140379726,3467046044.98291
2021-09-16,2523.399157861465,2564.9362599922692,2523.399157861465,2538.29931640625,1259196,-0.0025941308999545276,-0.002597501487943761,3196216346.0214844
2021-09-17,2539.9954377382032,2551.82378037756,2474.801431275255,2496.1201171875,3095032,-0.016617110104441002,-0.016756723082284073,7725571638.5390625
2021-09-20,2494.056794307771,2575.663799709753,2484.9333592624603,2567.732421875,2671330,0.028689446551229736,0.028285610087184592,6859260650.527344
2021-09-21,2576.5807082504507,2621.7855319964838,2564.3395680104672,2578.8271484375,2277437,0.0043208266048213595,0.004311518635994447,5873116364.456055
2021-09-22,2592.9937622417,2603.996954087745,2543.5711817440856,2553.198974609375,1580594,-0.009937918422974978,-0.009987629155945858,4035570980.0737305
2021-09-23,2566.4948616222055,2583.6414599055934,2542.5171588722387,2551.18212890625,1054473,-0.0007899289178719959,-0.0007902410761190178,2690152673.01416
2021-09-24,2539.995661644749,2549.0732069020873,2504.510182877493,2518.493408203125,1635284,-0.012813166230957962,-0.012895962863790612,4118451974.540039
2021-09-27,2535.3187159221316,2535.3187159221316,2479.8442919390254,2484.428955078125,1465932,-0.013525726537161775,-0.013618032457757558,3642003906.975586
2021-09-28,2498.641541235954,2525.6451637627124,2484.795768288935,2497.587158203125,1078052,0.005296268624669143,0.005282292719045618,2692528831.0751953
2021-09-29,2489.425974151097,2516.475484292438,2454.6284287583157,2462.239013671875,1503894,-0.014152917312675872,-0.014254024959384352,3702946479.227051
2021-09-30,2462.2392637787443,2480.577916584812,2459.167449889525,2477.36865234375,1620199,0.006144666942512922,0.006125865456532565,4013830213.1586914
2021-10-01,2481.2196144220516,2486.7212100194397,2457.4711496375253,2479.431640625,956111,0.0008327336665450158,0.0008323871362302793,2370611865.3496094
2021-10-04,2475.7181685362875,2497.7245522566104,2457.104390867413,2463.064453125,1025005,-0.0066011852199620025,-0.0066230694039836,2524653379.7753906
2021-10-05,2463.0648060611325,2489.426623670192,2462.8814642759608,2483.64990234375,562784,0.008357657548357045,0.00832292571218893,1397758426.640625
2021-10-06,2470.2627080585585,2506.8941264732125,2453.712027228353,2462.92724609375,862471,-0.00834363016721662,-0.008378633086323197,2124203324.8657227
2021-10-07,2473.884275290835,2479.6151043199557,2444.542430661737,2447.659912109375,1082816,-0.006198857074884878,-0.0062181497591191955,2650365315.390625
2021-10-08,2448.6686008279357,2456.0499533089546,2407.3148494611005,2420.748046875,1579941,-0.010994936470231531,-0.011055827524433773,3824639089.9277344
2021-10-11,2422.7194230860855,2444.0839987798045,2416.576019052401,2425.378662109375,1086252,0.0019128860768276024,0.0019110588400822232,2634572422.473633
2021-10-12,2406.9483469886904,2464.7609987237042,2406.9483469886904,2453.849365234375,1174337,0.011738663149711615,0.011670299521745352,2881646102.02124
2021-10-13,2464.806857905465,2469.849987709411,2423.0864204364584,2426.8916015625,1660007,-0.010985908122074228,-0.011046698848270368,4028657046.834961
2021-10-14,2426.8912842613954,2454.3992614136923,2402.363337967264,2429.458740234375,2158809,0.00105778876577034,0.0010572297014470858,5244737393.546631
2021-10-18,2450.777685611991,2456.3708405837406,2423.4989386743273,2433.539306640625,1758177,0.0016796195542123638,0.001678210570772378,4278592837.531494
2021-10-19,2448.118416627324,2505.0600242932765,2311.128766922109,2335.244140625,5431133,-0.040391854673313854,-0.04123025980055279,12683021515.205078
2021-10-20,2355.60008520027,2369.354075577072,2264.8237487133774,2272.755126953125,4864654,-0.026759092372736104,-0.02712363481390239,11056167319.353027
2021-10-21,2295.449214993159,2296.91639684673,2226.312579458627,2242.588134765625,3254632,-0.013273313886631555,-0.013362191661935903,7298799106.228516
2021-10-22,2254.7372649645436,2290.7268695395164,2228.146219546092,2250.244384765625,1845622,0.003414024127439852,0.0034082095773198193,4153100541.8999023
2021-10-25,2250.24448896833,2258.909457673494,2209.807669863553,2251.84912109375,1560381,0.0007131386879528634,0.0007128845253869967,3513742583.4213867
2021-10-26,2277.7272941499755,2277.7272941499755,2229.892294262737,2248.1591796875,1595060,-0.001638627282656402,-0.0016399713007726362,3585948781.1523438
2021-10-27,2264.9034933520934,2265.0879618277268,2205.9974610781574,2211.025634765625,3083879,-0.016517311255085043,-0.01665524299078683,6818535523.515381
2021-10-28,2214.161944731133,2228.923024362674,2184.6397854680513,2204.61328125,2015791,-0.0029001714927220368,-0.002904385138901983,4444039610.824219
2021-10-29,2214.1622073582007,2216.0073425309993,2189.252882525421,2207.842529296875,2453400,0.0014647684808666295,0.0014636967539422582,5416720861.376953
2021-11-01,2207.704110013082,2224.2179787858063,2184.8705635346764,2220.71240234375,1941114,0.005829162576632463,0.005812238744457496,4310655934.163086
2021-11-02,2228.0007093391137,2239.994087898703,2216.007330779524,2231.5986328125,1350154,0.0049021343138628826,0.00489015797724043,3013001820.486328
2021-11-03,2245.529858082858,2245.529858082858,2201.431075477528,2224.6337890625,1591607,-0.0031210109414802067,-0.0031258914535284583,3540742711.1083984
2021-11-04,2240.916620364744,2241.839187931794,2232.613512261293,2235.242919921875,245719,0.004768933615741711,0.004757598275862584,549241655.0402832
2021-11-08,2259.3677911050045,2259.3677911050045,2214.2543307768506,2243.591796875,2555533,0.003735109449946039,0.0037281512496885674,5733572875.443359
2021-11-09,2250.880491422469,2256.7848340096716,2229.3384477158515,2242.900146484375,1696949,-0.0003082781776918564,-0.00030832570517731896,3806087160.6765137
2021-11-10,2224.3569043498624,2232.6138402406914,2210.4722153788002,2214.30078125,1794509,-0.012751064856455163,-0.01283305742467625,3973582680.6601562
2021-11-11,2216.6531194363647,2220.5740317221494,2182.9794021584476,2192.205078125,1282647,-0.009978636738106839,-0.010028757033908509,2811825266.841797
2021-11-12,2203.0912850134637,2226.7091041265194,2192.2049429967233,2218.728759765625,1651974,0.012099087765689687,0.012026478884073632,3665282224.1850586
2021-11-15,2217.944676178585,2241.839084973322,2217.944676178585,2236.99560546875,1007999,0.008233023357507863,0.008199316898374628,2254889333.3168945
2021-11-16,2246.1290107154628,2246.1290107154628,2214.254481836201,2220.297119140625,1245209,-0.007464693398280486,-0.007492693651273756,2764733955.4279785
2021-11-17,2217.8523976046927,2223.4339763480716,2202.3532176657022,2205.997314453125,956809,-0.006440491483876154,-0.006461320931907325,2110718084.44458
2021-11-18,2204.936353918247,2220.02042283556,2186.4850036762527,2213.6083984375,1236943,0.003450178263821657,0.0034442400534652777,2738107413.1884766
2021-11-22,2222.834276192178,2223.2955599902784,2193.0814712146957,2203.598876953125,1629290,-0.004521812210073084,-0.004532066526643635,3590301614.230957
2021-11-23,2202.906693326371,2214.1619716349414,2155.5789361354337,2208.81103515625,1932539,0.002365293546678471,0.0023625006430551283,4268613469.069824
2021-11-24,2219.6979168037424,2219.6979168037424,2183.717776007672,2190.86767578125,999070,-0.008123537545496995,-0.008156713268268967,2188830168.8427734
2021-11-25,2202.1686180698252,2202.1686180698252,2159.7305131551993,2167.1572265625,1363272,-0.01082240131654455,-0.010881389483478094,2954424766.5703125
2021-11-26,2162.498358838923,2181.8722775827873,2145.1540436781247,2154.28759765625,2450902,-0.005938484180339598,-0.00595618709797772,5279947781.670898
2021-11-29,2153.641646446176,2160.8838919689742,2107.790083240306,2149.02880859375,1724612,-0.0024410803219687693,-0.0024440646161283204,3706240871.6464844
2021-11-30,2142.2015714205204,2178.1817011730614,2123.7502228294734,2138.09619140625,3931035,-0.005087236217486524,-0.005100220257624565,8404930961.784668
2021-12-01,2158.808171914308,2174.261179127797,2143.3551647008185,2163.28271484375,1263139,0.011779883215139453,0.011711040502852335,2732526765.1450195
2021-12-02,2174.4917985531033,2203.0913936974166,2163.4209875294982,2198.75537109375,1673117,0.01639760536456847,0.016264616464017174,3678774990.2182617
2021-12-03,2198.7549822580972,2204.843792102577,2156.8702861507604,2162.175048828125,1890178,-0.01663683133946292,-0.016776777765944717,4086895709.4438477
2021-12-06,2162.4983834746913,2180.903561443795,2122.8279779757954,2127.902099609375,1079171,-0.015851144539534623,-0.01597811749646822,2296370236.737549
2021-12-07,2147.6452482457335,2160.3305540587744,2132.976511981882,2141.833251953125,895313,0.006546895341805081,0.006525557502928822,1917611154.3059082
2021-12-08,2138.74234043503,2162.913566527393,2138.74234043503,2159.36181640625,839769,0.008183907144564406,0.008150600571696157,1813365113.2016602
2021-12-09,2159.7308462692995,2166.7424504311375,2141.786950709996,2158.57763671875,716666,-0.00036315344725557086,-0.0003632194034373242,1546979200.5966797
2021-12-10,2165.26643216134,2165.26643216134,2140.357103798172,2152.166015625,724539,-0.002970299045391922,-0.002974719138436826,1559328212.7949219
2021-12-13,2169.8792056209923,2169.8792056209923,2122.8282534582922,2125.9189453125,1804894,-0.012195653180071986,-0.012270630379192324,3837058348.8808594
2021-12-14,2126.5181369952916,2144.923314001436,2125.5955694738186,2138.788330078125,1219031,0.006053563233914039,0.006035314031434506,2607249276.803467
2021-12-15,2136.666733497352,2144.7853740777527,2122.3669345469166,2141.2333984375,755122,0.00114320259045253,0.0011425496319662966,1616892446.2949219
2021-12-16,2141.2330307430143,2145.246289531218,2125.549382974457,2130.669677734375,926493,-0.004933474655697712,-0.004945684416035698,1974050541.7331543
2021-12-17,2124.673189599155,2130.162421789475,2053.6354841718276,2057.556396484375,2439222,-0.03431469552227551,-0.03491726960695678,5018836828.54541
2021-12-20,2053.635200921345,2098.241428466206,2030.7093090555736,2093.39794921875,2175705,0.01741947525502363,0.017269495404391343,4554616385.10498
2021-12-21,2112.6798547820667,2124.3964185364493,2078.3142108560264,2096.85791015625,1591415,0.0016527965639745457,0.001651432198872027,3336971131.0913086
2021-12-22,2121.9056100305556,2137.958197159767,2093.3060126779696,2101.2861328125,1661605,0.0021118372564976617,0.0021096104627316096,3491507544.711914
2021-12-23,2120.936807030046,2126.518386236396,2098.4724203909404,2122.505126953125,1423081,0.010098098402345768,0.010047453267669105,3020496718.56958
2021-12-24,2131.1313501993504,2133.8990532515572,2106.4988380819586,2119.091796875,895503,-0.0016081610521360146,-0.001609455531127429,1897653061.3769531
2021-12-27,2119.0916406401966,2129.3784047009017,2101.839671267297,2123.197021484375,584302,0.0019372566188160523,0.0019353825571810151,1240588266.0473633
2021-12-28,2131.1312461712605,2138.88072424466,2119.8297925930797,2130.301025390625,783710,0.0033458995252750867,0.003340314458040245,1669538216.6088867
2021-12-29,2135.652076421274,2142.0641027191045,2121.0295121638105,2128.2255859375,1410236,-0.0009742470328786279,-0.0009747219199824532,3001300337.4101562
2021-12-30,2129.2861566098636,2149.5826451044118,2118.8149235874967,2145.5234375,963711,0.008127828025749517,0.008094975126631123,2067664537.4765625
2021-12-31,2158.8078170518083,2186.807829046936,2149.582142619963,2177.3974609375,1123597,0.014856059309536152,0.014746788949125449,2446517254.916992
2022-01-03,2193.8663104451716,2193.8663104451716,2170.802114582628,2178.45947265625,879278,0.0004877436195285245,0.00048762471127225353,1915471488.1982422
2022-01-04,2185.5164514267585,2221.6351077854724,2172.969667320708,2215.3154296875,1484275,0.016918357901012815,0.016776836460553068,3288137309.399414
2022-01-05,2217.6684446023073,2232.613997388813,2206.782099898364,2228.7392578125,1202512,0.006059556099825336,0.0060412708197022545,2680085702.390625
2022-01-06,2212.316818670092,2225.2327633996088,2184.3629789582546,2206.227783203125,1198901,-0.010100542057786543,-0.010151898644954967,2645048695.51001
2022-01-07,2203.0915779741426,2234.366531637317,2203.0915779741426,2229.061767578125,1026186,0.010349785524796706,0.010296593199220916,2287431979.023926
2022-01-10,2237.2263021923413,2237.2263021923413,2216.0072486045374,2220.666259765625,919447,-0.003766386349007167,-0.0037734970420989244,2041784930.5427246
2022-01-11,2229.984449236247,2231.045537244075,2206.78196143357,2217.52978515625,1321335,-0.0014124025145976216,-0.0014134008952168377,2930099718.6694336
2022-01-12,2220.804469523497,2228.9231086751847,2212.7781772174794,2226.293701171875,1487554,0.003952107464030075,0.003944318402720083,3311732100.3530273
2022-01-13,2230.7682527784877,2234.366175994937,2217.160381923036,2227.262451171875,1586299,0.0004351402510325286,0.0004350456049687069,3533104199.031494
2022-01-14,2232.613449166806,2233.536016707784,2177.99749578815,2180.6728515625,1596037,-0.020917875926504292,-0.021139754297212213,3480434555.989258
2022-01-17,2180.9495952888133,2208.811089064635,2163.420812585561,2204.521240234375,912205,0.010936252384114997,0.010876884028699086,2010975297.947998
2022-01-18,2222.1885306139893,2222.1885306139893,2174.8607677391096,2186.02392578125,1667579,-0.00839062655216627,-0.008426026013990779,3645367592.130371
2022-01-19,2180.949815829665,2185.1937169025064,2126.564500621768,2131.038818359375,2145255,-0.02515302178233214,-0.025474765719287282,4571621680.279541
2022-01-20,2144.970056128164,2145.47751344676,2069.31949930988,2086.663818359375,2829711,-0.020823177699861417,-0.021043037540838333,5904655560.113525
2022-01-21,2089.4313989873394,2153.596028398126,2075.777351803779,2145.3388671875,4596050,0.028119071367355142,0.027730988503768893,9860084700.53711
2022-01-24,2157.792987857611,2163.374566156213,2091.1836608803346,2107.69775390625,2231103,-0.017545532716049084,-0.017701280043972315,4702490781.833496
2022-01-25,2106.6833179017785,2152.996170843873,2067.3818442545667,2147.045654296875,1843543,0.018668663624896276,0.018496542998997053,3958170986.659424
2022-01-27,2131.130757090645,2145.522899051187,2098.840897134726,2117.615234375,2620474,-0.013707402943657021,-0.013802216823101275,5549155663.683594
2022-01-28,2116.923664880657,2139.1574084769786,2101.655126343169,2106.729248046875,1967721,-0.005140681910204448,-0.005153940674367458,4145455382.696045
2022-01-31,2112.6802028930733,2132.8383988536148,2095.15141518348,2097.6884765625,1639875,-0.0042913779702620225,-0.004300612361013995,3439946890.5029297
2022-02-01,2124.9497772882905,2140.356609559864,2101.977711293963,2127.11767578125,1270508,0.014029346848954294,0.013931846415824895,2702520024.0214844
2022-02-02,2144.1396865928214,2152.350449047192,2118.7229013521496,2147.645263671875,1246111,0.009650424198127894,0.009604156286347287,2676204387.159424
2022-02-03,2148.660032239758,2151.381561728838,2112.679894301866,2120.19873046875,1448039,-0.012779826197273914,-0.012862190664280218,3070130449.4692383
2022-02-04,2127.4407541453415,2133.668085060555,2106.221700656468,2127.994384765625,1014561,0.003676850752170502,0.0036701076602840012,2158980111.0021973
2022-02-07,2117.523400314476,2137.3124313751655,2063.783834660051,2082.788818359375,1207402,-0.02124327335160181,-0.0214721590076139,2514763384.864746
2022-02-08,2092.3831505185353,2092.3831505185353,2072.5941221184135,2089.015869140625,1190660,0.0029897658016788675,0.002985305340183068,2487307634.7509766
2022-02-09,2091.9683346232428,2103.77724567414,2080.9436961748984,2101.2861328125,1049611,0.0058737053428525865,0.005856522387869973,2205533039.147461
2022-02-10,2103.453865797984,2108.0667032229794,2081.173951129736,2106.35986328125,1195100,0.0024145833304287656,0.002411672908128944,2517310672.607422
2022-02-11,2102.5316351323763,2102.5316351323763,2074.8546061486245,2083.15771484375,2100036,-0.011015282261102377,-0.011076399714506984,4374706194.849609
2022-02-14,2048.1002824123775,2063.092007452558,2036.106902380233,2055.98828125,1661501,-0.013042427560885805,-0.013128226856472741,3416026585.2851562
2022-02-15,2073.8856164543167,2125.733866154016,2050.4524914852373,2112.77197265625,1533070,0.02761868436902115,0.02724416861945235,3239027328.120117
2022-02-16,2112.7717723125393,2125.364727701787,2098.8409139540167,2109.450439453125,995668,-0.0015721210079046033,-0.0015733580868649035,2100312300.149414
2022-02-17,2105.299444492937,2133.899042555724,2099.7640384162682,2128.87109375,869374,0.00920649944348062,0.009164377957726262,1850785178.2578125
2022-02-18,2116.370453764461,2147.5532892813053,2116.370453764461,2133.484130859375,890713,0.002166893581728946,0.0021645492538269044,1900322050.6501465
2022-02-21,2120.060325542813,2125.64190451936,2107.836304953848,2117.108154296875,737919,-0.007675696446780567,-0.007705306219150493,1562254332.1105957
2022-02-22,2103.454222892399,2103.454222892399,2075.869540502473,2094.182373046875,902667,-0.010828819115107469,-0.010887877518984495,1890349320.1311035
2022-02-23,2094.2285657072484,2097.872662877861,2077.852989918128,2085.371826171875,1324411,-0.004207153583372647,-0.004216028555002246,2761889385.672119
2022-02-24,2029.6488305557848,2068.396671866395,1993.022939888004,2003.2633056640625,2997629,-0.039373563734453776,-0.04016966955384667,6005040179.694458
2022-02-25,2025.0361161001338,2025.9586838067853,1994.729676842128,2002.61767578125,2193728,-0.0003222890775201881,-0.0003223410238063794,4393198468.65625
2022-02-28,1996.4362920120016,2011.1050267987432,1955.8433174978943,2003.9091796875,2334036,0.0006449078732644331,0.0006447000095457651,4677196166.121094
2022-03-02,1964.100070792032,1987.9485312073057,1958.6570125347691,1982.68994140625,2034688,-0.010588922140952084,-0.010645383708812317,4034155431.5
2022-03-03,1990.808676007574,2000.0805260964498,1925.029781622644,1929.0889892578125,2372998,-0.027034460118570136,-0.027406613783604275,4577724313.330811
2022-03-04,1914.3279961295339,1917.0495258237677,1822.3018671589696,1863.12548828125,6320118,-0.034194120304393505,-0.034792417659376976,11775172934.745117
2022-03-07,1826.222741449552,1826.8224329713798,1777.787937748566,1793.4254150390625,2976453,-0.03741029451885525,-0.03812801666320386,5338046456.869263
2022-03-08,1775.5276165814537,1806.3874594393358,1754.308560622769,1798.0843505859375,3211938,0.0025977860622508064,0.0025944176483894553,5775335452.852295
2022-03-09,1811.9228110423805,1851.6393922481686,1799.929431946886,1843.1978759765625,2879079,0.02508977144254887,0.02478019065047087,5306712297.568726
2022-03-10,1893.0161263047496,1950.3076570339551,1890.3407707013123,1939.190673828125,4879791,0.05207948593186362,0.050768668430686184,9462845197.43042
2022-03-11,1937.3920548449164,1946.8021997783435,1909.715025489989,1932.2255859375,2481643,-0.0035917498906259393,-0.003598215711314488,4795094099.762695
2022-03-14,1932.7791241690913,1932.7791241690913,1887.665545954839,1899.843505859375,1730325,-0.01675895418930262,-0.016900974438664156,3287346714.276123
2022-03-15,1886.650824336971,1919.6787909056195,1868.1994715317196,1880.3773193359375,2391023,-0.010246205260275976,-0.010299058964627083,4496025419.210571
2022-03-16,1900.4893793550675,1918.9407325526897,1874.70365830864,1911.698486328125,2808685,0.016656852148827506,0.016519648280509943,5369358863.07251
2022-03-17,1935.6392281162618,1952.7988508350625,1921.108787992415,1939.2833251953125,2995889,0.014429492445835912,0.01432637806154577,5809877581.83606
2022-03-21,1943.3885131488037,1947.4477202097198,1887.5731772620234,1892.3704833984375,1674982,-0.024190813785371024,-0.024488217610453958,3169686497.0236816
2022-03-22,1894.7232488895797,1894.7232488895797,1816.5356431228643,1839.1385498046875,5356303,-0.02812976320479954,-0.028532984673287343,9850983331.734497
2022-03-23,1856.2060329404437,1860.403760616855,1822.3016732433457,1825.34619140625,3212162,-0.007499358001006651,-0.007527619570629649,5863307672.879883
2022-03-24,1817.4581637989966,1837.1549594464946,1800.2522556130125,1813.6756591796875,3054664,-0.006393599352006452,-0.00641412594767158,5540169743.772461
2022-03-25,1821.9786658067917,1823.916035126248,1794.3938737079172,1801.7744140625,2233647,-0.006561947863693796,-0.00658357209353334,4024528014.647461
2022-03-28,1808.186407756052,1827.4220332167306,1781.7549348653629,1822.163330078125,1794533,0.011316020394392057,0.011252473187236336,3269932227.215088
2022-03-29,1826.6838416765195,1840.3839479654703,1821.1946095227677,1833.18798828125,1249125,0.006050312845804262,0.006032083196139747,2289880945.8618164
2022-03-30,1845.1352295498923,1862.6640142306164,1840.5685649040033,1859.8040771484375,1476829,0.014519017709766935,0.014414626002329891,2746612595.45105
2022-03-31,1863.0329557864059,1894.9537708833109,1861.7413386769822,1890.0179443359375,2540524,0.016245725858298865,0.016115176073547014,4801635948.016113
2022-04-01,1895.7840679842056,1924.3377153455756,1880.5618152277048,1917.2337646484375,1714996,0.014399768210699326,0.01429707620188204,3288048237.4370117
2022-04-04,1917.095426760621,1967.3291863270024,1909.89935460619,1963.638916015625,1693019,0.024204221844432716,0.023915942127675237,3324477993.9538574
2022-04-05,1978.4461299011105,1990.9007919452536,1962.3011976216658,1974.110107421875,1277652,0.005332544247746318,0.005318376577835334,2522225726.9677734
2022-04-06,1969.6820099917516,1996.8054098709079,1957.0428777383522,1976.1861572265625,1736115,0.001051638303700697,0.0010510857195183208,3430886430.3533936
2022-04-07,1974.2484222452092,2006.5844605533246,1969.7741046818007,1997.17431640625,1824732,0.010620537494880011,0.010564535750003752,3644307884.7246094
2022-04-08,2009.0757690614246,2023.6523847395813,1995.975351896095,2014.0115966796875,1693462,0.008430551171785039,0.00839521255236834,3410652106.536377
2022-04-11,2018.5778301287842,2024.2055823639428,1973.2796726397237,1995.559814453125,1380107,-0.009161706048258278,-0.009203932586412555,2754086068.845459
2022-04-12,1975.1247725123635,1997.3587405034477,1960.4560386003818,1967.1446533203125,1370233,-0.014239192895653452,-0.014341542952672322,2695446519.7530518
2022-04-13,1972.1728485640856,1997.3589908165504,1965.7148749217226,1985.50390625,1071601,0.009332945037213713,0.009289662201484023,2127667971.4414062
2022-04-18,1981.6753773184475,2013.8728992669708,1969.7281709056072,2009.0294189453125,1828131,0.01184863581545148,0.01177899032634209,3672768960.685913
2022-04-19,2016.4555860159112,2035.9680222954685,1938.3603431875265,1949.43115234375,1775996,-0.029665203525416795,-0.030114116030889315,3462181928.8378906
2022-04-20,1950.6769054291142,2000.726199322018,1930.6572329192002,1997.312744140625,1511804,0.024561827556365934,0.024265035881615063,3019545395.8427734
2022-04-21,2015.810119359493,2033.1082611160102,2000.1264708335839,2027.75732421875,2244813,0.015242770651435533,0.015127766801897495,4551936002.251465
2022-04-22,2013.0426440030271,2019.5006176547327,1955.8434488022078,1962.2552490234375,3520828,-0.032302719074408515,-0.03283596693116932,6908763223.908691
2022-04-25,1937.3920586397714,1994.5912527519934,1888.4959733502915,1938.083984375,2437310,-0.012318104212215464,-0.012394600903166882,4723711475.957031
2022-04-26,1976.32448657574,1990.8549278851706,1956.7660963366463,1981.9984130859375,1447088,0.02265868201016019,0.02240578712404726,2868126119.595703
2022-04-27,1981.4906432150797,1985.734318833927,1940.6208554083446,1978.999755859375,2214481,-0.0015129463307156366,-0.0015140919897083033,4382457358.355225
2022-04-28,2057.325784433154,2075.777136759909,1997.358889371201,2068.25830078125,5865359,0.04510285797539915,0.04411530925758168,12131077438.812012
2022-04-29,2070.610633368373,2112.6798060639644,2050.452666430418,2061.80029296875,2678692,-0.0031224377584079255,-0.003127322738533429,5522927950.373047
2022-05-02,2048.099906218477,2077.622067028833,2035.0916140169286,2057.786865234375,1543544,-0.001946564731832523,-0.0019484617511404667,3176284569.111328
2022-05-04,2068.3502768534363,2076.561263202784,1982.2746792589307,2003.401611328125,1608395,-0.026429002354457,-0.026784526530715617,3222261134.6520996
2022-05-05,2009.3521410025294,2031.4475889658502,1986.8415826854189,1998.8349609375,1101451,-0.002279448296738429,-0.002282050193685536,2201618766.5595703
2022-05-06,1960.4562565466824,2001.9718008029652,1943.1119396768092,1982.7823486328125,1585602,-0.0080309843575872,-0.008063406416501735,3143903657.556885
2022-05-09,1957.2272286505406,1973.7410991465922,1946.7559959469559,1952.752685546875,1341414,-0.015145214050671707,-0.01526107411039939,2619449790.930176
2022-05-10,1968.759238076086,2027.7112170130201,1954.9207242189436,2011.5662841796875,2162232,0.03011830380166214,0.02967365370572864,4349472989.774414
2022-05-11,2015.8105485676783,2020.1465719772978,1952.1533733497515,1995.975341796875,1858636,-0.007750648092200718,-0.007780840473320945,3709791625.3759766
2022-05-12,1997.2205530262227,1997.2205530262227,1945.8795310968778,1973.1876220703125,1531515,-0.011416834291173128,-0.011482506669368566,3021966441.0150146
2022-05-13,2001.9718396525484,2046.2550877185954,1987.3490520195735,2024.205810546875,2057239,0.02585572091874022,0.025527113974034593,4164275137.4836426
2022-05-16,2029.6486973587778,2049.8990109056344,2004.093620171097,2045.56298828125,1396818,0.010550892415729596,0.01049562019128634,2857279202.165039
2022-05-17,2064.613986444951,2100.6864704769278,2049.2994990966104,2071.164306640625,2055096,0.012515536556948703,0.012437864628431376,4256441481.919922
2022-05-18,2062.9533861422306,2123.7504975188517,2062.9533861422306,2113.97119140625,2137455,0.020668029392152176,0.020457343699233202,4518518292.927246
2022-05-19,2071.7178290173856,2106.9598652076074,2071.5793087399024,2089.200439453125,1734602,-0.011717639319695272,-0.01178683190224684,3623931260.6762695
2022-05-20,2112.679688899791,2166.1886067845894,2105.9449007394605,2145.845947265625,2599505,0.027113486452897684,0.026752427716693714,5578137269.1467285
2022-05-23,2130.2090113720615,2203.0918662436043,2127.7642968411337,2195.52685546875,2363306,0.023152131804443643,0.02288818735433306,5188701790.69043
2022-05-24,2195.710572764617,2195.710572764617,2123.7964837164777,2130.807861328125,3078655,-0.029477659988270677,-0.029920857563582075,6560022276.317139
2022-05-25,2149.5362916112877,2149.5362916112877,2109.4507752396985,2120.7060546875,1884260,-0.004740834133364125,-0.0047521075318244154,3995961590.6054688
2022-05-26,2112.817684364852,2118.214793860059,2083.1572319407724,2103.63818359375,2299127,-0.008048202180601205,-0.008080763785704784,4836531346.131348
2022-05-27,2119.1376270697115,2154.102846538108,2103.9152627481394,2150.135986328125,1011303,0.022103517181334187,0.021862775479282972,2174438973.381592
2022-05-30,2160.837854055566,2181.872441029013,2150.5051416653823,2167.065185546875,939562,0.007873548150626908,0.007842713516618405,2036092099.862793
2022-05-31,2177.2595579252097,2184.54775194411,2125.5034249495284,2171.0322265625,3123979,0.0018306053007002276,0.0018289317848701248,6782259084.104492
2022-06-01,2186.4855044376177,2226.8940157694133,2123.7508992470025,2129.701416015625,2197599,-0.01903740075397964,-0.019220945275032982,4680229702.1345215
2022-06-02,2117.2927131483425,2128.317351291562,2082.373438220442,2107.882568359375,1460335,-0.010245026599583151,-0.010297868102821572,3078214690.465088
2022-06-03,2107.1443924137075,2144.923490479133,2089.753903108621,2114.478759765625,1845303,0.003129297383669627,0.003124411323248908,3901853998.831787
2022-06-06,2096.2579275439166,2123.704311966321,2073.562901112835,2103.915283203125,2131405,-0.004995782773278279,-0.005008303413710553,4484295554.195557
2022-06-07,2075.776967348787,2084.864347722556,2036.1527365081945,2040.3504638671875,2034730,-0.03021263253488171,-0.030678440313316173,4151562299.3444824
2022-06-08,2043.4866745815173,2047.1307705566749,2016.732221505732,2026.9266357421875,1506843,-0.006579177627924371,-0.006600915815779613,3054260212.581665
2022-06-09,2026.881103168607,2037.3523359672286,2002.6637026414444,2027.52685546875,1497867,0.0002961230643370172,0.0002960792285560447,3036965568.42041
2022-06-10,1995.514101815712,2037.813924489163,1995.3296333075516,2029.5567626953125,1641981,0.0010011740269122438,0.001000673186453926,3332493642.767212
2022-06-13,2000.1263414732807,2045.332149006579,1989.055531465126,2026.7884521484375,1519441,-0.0013639975967947304,-0.0013649286882841053,3079585472.520874
2022-06-14,2021.2075906882687,2042.5187699969383,1992.7462862736065,2002.89453125,1592475,-0.011789055178950458,-0.011859097119728214,3189559468.6523438
2022-06-15,2009.1303389870745,2009.316436163531,1983.3496313636444,1997.822265625,1432377,-0.0025324676591105266,-0.0025356797795395083,2861634663.3691406
2022-06-16,1996.3796251468375,2014.0631742740122,1987.1190751278457,1997.9617919921875,1353485,6.98392292388661e-05,6.983679059343718e-05,2704211316.034546
2022-06-17,2010.3398927606684,2010.7120870360616,1954.497117961761,1964.2230224609375,3252189,-0.016886593961143115,-0.017030798206601527,6388024507.194214
2022-06-20,1964.7347694778286,2050.2671870270387,1962.082147042186,2043.752197265625,2022000,0.040488872136854814,0.03969067206764977,4132466942.8710938
2022-06-21,2042.9150379552864,2077.351419005102,2021.6481549845803,2052.22216796875,1606187,0.00414432371715967,0.004135759660950484,3296252567.3032227
2022-06-22,2037.516822816739,2070.743230960725,2034.5851678017711,2050.22119140625,1741378,-0.0009750292116181836,-0.0009755048618069586,3570210077.848633
2022-06-23,2055.014279722326,2100.9450566196474,2040.216034087092,2096.524169921875,1585753,0.02258438197288637,0.022333130686663417,3324569492.026123
2022-06-24,2108.0646474102273,2158.1370451866132,2103.457664155553,2144.269287109375,1930048,0.022773463751328604,0.02251801938902534,4138542649.046875
2022-06-27,2155.3918900359454,2170.2832987136817,2138.8251524369907,2159.859130859375,1450391,0.007270469172748539,0.00724416672224661,3132640244.66626
2022-06-28,2159.859033532507,2162.977012973852,2120.024698894455,2157.06689453125,1404108,-0.001292786315658434,-0.001293622684796172,3028754883.1464844
2022-06-29,2137.1029181399363,2140.5465104291675,2070.83620502413,2078.70068359375,1682914,-0.03632998639781626,-0.03700635251417921,3498274482.229492
2022-06-30,2070.743094395346,2093.17336676102,2060.039895765843,2076.04833984375,2387212,-0.0012759623215279348,-0.0012767770545704324,4955967509.455078
2022-07-01,2071.7671225755216,2134.124893111263,2050.919242420677,2124.212890625,1235612,0.023200110448716726,0.02293507922689655,2624702938.2109375
2022-07-04,2118.302713618169,2213.5146956198773,2118.302713618169,2210.62939453125,2410245,0.040681658739404325,0.0398759395411612,5328158445.021973
2022-07-05,2219.2850573839755,2244.879663833151,2207.2789510668454,2235.107177734375,2463079,0.01107276654498457,0.01101191227021434,5505245552.226807
2022-07-06,2233.71114676327,2335.2520235331563,2233.71114676327,2325.293212890625,4770394,0.04034975864006096,0.03955696299963889,11092564791.01416
2022-07-07,2331.4360868273643,2355.634625053916,2294.6729229831803,2301.606689453125,3333262,-0.010186467369444063,-0.010238704471982062,7671858116.899902
2022-07-08,2304.8641486646393,2330.3192399417867,2282.85287724535,2323.850830078125,1346970,0.009664614170149743,0.00961821052924893,3130157352.590332
2022-07-11,2314.683277789203,2350.0503725041167,2308.168286657509,2318.033935546875,1587197,-0.0025031273332869475,-0.002506265394248175,3679176508.3981934
2022-07-12,2303.5147259287196,2318.0339399396685,2275.0813977051125,2279.828125,1116476,-0.01648198931042022,-0.016619328469069806,2545373385.6875
2022-07-13,2293.276670878791,2344.7917226993836,2290.85672635887,2324.688232421875,2528792,0.019676969035494762,0.019485880113062022,5878653004.642578
2022-07-14,2329.342091585672,2348.095868699102,2297.185910184536,2324.735107421875,1663307,2.016399418480752e-05,2.0163790894209543e-05,3866748177.3205566
2022-07-15,2354.703685425589,2395.5618916859257,2328.690304780577,2390.5361328125,2996964,0.02830474112106396,0.027911563882332187,7164350730.738281
2022-07-18,2402.170291504002,2424.5074038620396,2357.542647883643,2376.57568359375,1566888,-0.005839882119801021,-0.005857000911741604,3723827919.7148438
2022-07-19,2373.2718224136174,2396.586230998991,2347.9564715544484,2390.024658203125,1473121,0.005658971730720497,0.005643019902531104,3520795514.5168457
2022-07-20,2396.5857174969105,2436.606372196859,2359.9157201268895,2424.041748046875,4012897,0.014232945140124631,0.014132607720374425,9727429858.61206
2022-07-21,2435.6759523656815,2447.68205933035,2412.1288677174807,2426.78759765625,1990695,0.0011327567322581,0.0011321156474339567,4830993936.716309
2022-07-22,2435.6759511785335,2460.0605866356937,2430.1382542048914,2457.640869140625,1905780,0.012713626653676924,0.012633487031029901,4683722815.59082
2022-07-25,2462.20112637264,2470.1121865027353,2431.022242330499,2441.818603515625,1253821,-0.006437989302534919,-0.006458802533996536,3061603443.2785645
2022-07-26,2443.1218430464637,2443.1218430464637,2362.242967018037,2370.619384765625,1685576,-0.029158275167324277,-0.029591826209173624,3995859140.095703
2022-07-27,2359.68287337069,2411.0115952497367,2350.049904653768,2403.053955078125,1404133,0.013681897026968981,0.013589144932627839,3374207359.105713
2022-07-28,2443.1219268109276,2443.1219268109276,2405.8934022119042,2438.5615234375,1442054,0.014776017943475939,0.014667916165236421,3516537399.1191406
2022-07-29,2457.082053802768,2461.7356182986064,2416.130686239388,2454.662109375,1463059,0.0066024932251058654,0.006580792234768071,3591315491.080078
2022-08-01,2454.7558450165557,2455.221201574853,2401.2398408124036,2413.339111328125,1559918,-0.01683449542364779,-0.016977806194912588,3764611119.864746
2022-08-02,2419.853744456171,2456.2447128108165,2418.923031477534,2452.661376953125,1359934,0.016293717464082258,0.016162399369458912,3335457597.005371
2022-08-03,2434.0471686576752,2479.419427322071,2417.8992072482,2444.378173828125,1767904,-0.0033772306290769105,-0.003382946344926618,4321425951.0234375
2022-08-04,2451.4980466055495,2460.293239027102,2433.814499572328,2445.8671875,1189384,0.0006091584713927567,0.000608973009684347,2909075298.9375
2022-08-05,2455.2207253193606,2473.5091436229527,2445.4948205825285,2462.10791015625,1176666,0.0066400672690858364,0.00661811912693859,2897078666.211914
2022-08-08,2462.107877139054,2473.8349508660503,2444.0987184027517,2466.715087890625,1024511,0.0018712330663372967,0.0018694844907315392,2527176741.409912
2022-08-10,2466.715160647105,2491.239310571789,2448.891871300013,2459.688232421875,1098949,-0.0028486692700123717,-0.002852734450389095,2703071923.331787
2022-08-11,2472.0202781337725,2482.909574652417,2425.996566305174,2432.6044921875,810674,-0.011011045984355317,-0.011072116263409974,1972049214.0996094
2022-08-12,2443.0283723257335,2444.1454096642437,2405.986178077577,2415.153564453125,1473527,-0.007173762849826182,-0.007199618013284993,3558793986.36792
2022-08-16,2427.2529025034546,2464.853843722323,2411.0585873295126,2461.2705078125,1584117,0.019094828601434077,0.018914810363562747,3898940453.024414
2022-08-17,2467.320027889315,2507.34068469778,2461.270393720594,2498.638427734375,1711381,0.015182370163402403,0.015068271391959154,4276122331.0944824
2022-08-18,2498.964307798236,2526.885696712183,2480.0242080950043,2496.21875,1465489,-0.000968398511572155,-0.0009688677123507775,3658181119.71875
2022-08-19,2502.6872877942105,2511.947836813186,2444.5177245784657,2452.010009765625,1324508,-0.017710282896631124,-0.01786898653958366,3247706874.0146484
2022-08-22,2464.5280903001526,2482.0255406158353,2438.561287791541,2444.703857421875,1410895,-0.002979658449456468,-0.0029841064696121827,3449220448.9172363
2022-08-23,2421.7616327531014,2447.4957544605686,2406.125610033763,2413.10595703125,1305045,-0.012925042145573995,-0.013009297291079292,3149211863.6938477
2022-08-24,2397.5167342799186,2429.160976890756,2383.835298360793,2408.91796875,1242489,-0.001735517774943629,-0.0017370255306609669,2993054078.0742188
2022-08-25,2420.9705590634285,2446.2859066842084,2387.6975700156136,2395.84130859375,1106593,-0.005428437300849853,-0.005443224806257511,2651221221.2006836
2022-08-26,2419.7605765470635,2433.5351740432916,2384.486645630063,2393.375,1048791,-0.0010294123341573203,-0.0010299425429343791,2510150159.625
2022-08-29,2373.3178841108324,2427.206069883653,2373.3178841108324,2397.330322265625,1450034,0.0016526128440486065,0.001651248782079883,3476210476.5161133
2022-08-30,2409.336285663628,2482.211146547152,2406.451212191882,2475.556640625,2227943,0.03263059647343303,0.03210952354296552,5515399088.583984
2022-09-01,2466.3893587664284,2471.0429235942897,2414.2694326943833,2425.43798828125,1702269,-0.02024540724347823,-0.020453154231299387,4128747898.873535
2022-09-02,2433.8143825228476,2441.260086178749,2405.8929938132164,2423.204345703125,937600,-0.0009209233915347115,-0.0009213477020062103,2271996394.53125
2022-09-05,2417.0616957774732,2440.7017154276723,2406.91701482145,2420.412353515625,1274074,-0.0011521901536908352,-0.0011528544350672962,3083784448.8930664
2022-09-06,2411.663149467696,2438.4677256372224,2385.4170919115268,2394.8173828125,1250776,-0.0105746323207897,-0.010630941059754736,2995380106.8046875
2022-09-07,2393.6078266821864,2416.9685875045343,2383.3699833064925,2386.90673828125,1344964,-0.0033032349723299825,-0.0033087026970779125,3210303634.345703
2022-09-08,2401.240025820372,2416.1314368332114,2385.4179016192297,2398.58740234375,1004533,0.004893640742290151,0.004881705803464171,2409460199.038574
2022-09-09,2417.992346167213,2463.597282642268,2404.450426728119,2409.336669921875,1785443,0.0044814992222594885,0.004471487206037404,4301733291.955322
2022-09-12,2411.4772202898994,2424.507201410725,2395.6551003574687,2401.611572265625,1595709,-0.003206317221121524,-0.0032114684701555246,3832273200.368408
2022-09-13,2417.9923614738445,2428.230204420808,2400.308814565452,2407.38232421875,1342130,0.0024028664833926072,0.0023999842159366652,3231020038.803711
2022-09-14,2373.318183967383,2425.4381127133333,2370.246785578454,2393.2353515625,1610054,-0.005876496023888067,-0.005893830570939824,3853238150.7246094
2022-09-15,2401.239624928891,2418.737075392725,2374.2489469742636,2382.99755859375,1199906,-0.004277804505129823,-0.004286980488881694,2859373068.541992
2022-09-16,2377.971668040198,2386.2085688174784,2344.140160268356,2352.98193359375,2516820,-0.012595743076511012,-0.012675741921489696,5922031990.107422
2022-09-19,2355.634362107898,2408.6849976828294,2334.2745463871684,2400.541259765625,1166725,0.020212363508986586,0.020010805144282044,2800771501.300049
2022-09-20,2418.550977759535,2439.8642153192604,2400.867430137537,2404.543701171875,1253333,0.0016673078998195034,0.001665919485065459,3013693970.6208496
2022-09-21,2403.1008536360446,2463.364517568242,2401.239427723081,2441.818603515625,1960049,0.015501861049804999,0.015382934680448735,4786084112.002197
2022-09-22,2441.353181309957,2514.0883060108595,2438.514461424145,2506.17724609375,2620240,0.026356848328317417,0.02601549166652821,6566785867.3046875
2022-09-23,2510.9704141412954,2535.029435145417,2488.7264651964556,2496.21875,1789791,-0.003973580124578935,-0.003981495770007968,4467709852.78125
2022-09-26,2483.607129194256,2539.9152541019766,2459.9205336656387,2476.2080078125,2678551,-0.008016421712840671,-0.008048725980294387,6632649435.53418
2022-09-27,2490.5882195781237,2525.7226385949675,2469.5540129323945,2493.613037109375,1898501,0.007028904373930445,0.007004316774271081,4734126844.565186
2022-09-28,2484.957079976139,2521.068789110069,2468.29740849411,2514.879638671875,1526197,0.008528428928632925,0.008492267334235887,3838201759.9020996
2022-09-29,2523.256079212632,2538.05432487034,2504.6418194042685,2513.43701171875,2019666,-0.0005736365792388121,-0.0005738011716484936,5076303275.709961
2022-09-30,2519.439916524358,2526.7924578252405,2483.0489498545553,2509.620849609375,1340054,-0.001518304254923608,-0.0015194580468482117,3363027458.0024414
2022-10-03,2534.3315814168254,2544.5694247497618,2436.187937820151,2440.794921875,1683197,-0.02742483102381299,-0.027807911899551542,4108338690.1152344
2022-10-04,2466.3894502184908,2491.0533447206753,2451.6375582772425,2483.095703125,1327939,0.01733073961720022,0.017182275226473597,3297399624.9121094
2022-10-06,2495.520819589302,2505.758662619022,2424.5539531332897,2432.8837890625,1752351,-0.02022149770518622,-0.020428750929968497,4263266340.647461
2022-10-07,2430.929115680719,2431.9529908377535,2396.585897974441,2419.574462890625,1025923,-0.005470596759166946,-0.00548561527214669,2482297091.6921387
2022-10-10,2391.93244381046,2429.8124180009304,2365.872479442097,2425.06591796875,1043728,0.0022695954029718912,0.0022670237616471437,2531109200.4296875
2022-10-11,2429.160755023565,2429.6726925816597,2368.6644143812155,2373.9228515625,1129783,-0.021089351026419845,-0.021314908263778787,2682017681.006836
2022-10-12,2385.8361936297756,2424.1351699022425,2377.227098382573,2411.80322265625,882873,0.015956866950759263,0.015830894466479787,2129315946.5961914
2022-10-13,2404.031714024407,2426.5083424119284,2385.3242915619167,2388.581787109375,753331,-0.009628246338148627,-0.009674897589922241,1799392706.2648926
2022-10-14,2410.5463999400217,2443.0281891110585,2392.1182391596076,2397.330322265625,1001536,0.0036626483562187673,0.003655957193003026,2401012621.640625
2022-10-17,2395.282811392344,2429.114088987452,2390.0707282601,2411.058349609375,778918,0.005726381223416954,0.005710047826964072,1878016747.5610352
2022-10-18,2438.467662824839,2458.9433454897803,2417.061267311491,2421.947509765625,1123374,0.0045163403689563175,0.004506172307249271,2720752861.835449
2022-10-19,2434.0935671739553,2436.1410901715394,2399.750123779902,2404.031494140625,1241979,-0.007397359171807061,-0.007424855316324365,2985756631.0612793
2022-10-20,2390.2105548019117,2429.160985633916,2390.2105548019117,2420.69140625,1428125,0.006929989124510483,0.006906087113458418,3457049914.5507812
2022-10-21,2425.437982906568,2481.978795439789,2425.437982906568,2470.01904296875,2458302,0.02037749900354524,0.020172655889454143,6072052753.368164
2022-10-24,2429.253759090583,2457.0819830848345,2373.317824570579,2394.8173828125,719908,-0.030445781529629068,-0.030918881705963488,1724048192.4257812
2022-10-25,2406.823407214768,2406.823407214768,2326.782102875839,2331.807861328125,2923789,-0.02631078341780535,-0.026663105740691646,6817714175.064697
2022-10-27,2321.19823927991,2354.7039075293396,2315.6139612383386,2344.466064453125,1846329,0.005428493202604745,0.005413812040472819,4328655684.315674
2022-10-28,2351.0739605456774,2374.1554588131044,2337.950817693374,2349.35205078125,1164951,0.0020840507790693685,0.0020818821577331306,2736880020.909668
2022-10-31,2368.664464037761,2393.7937137544677,2365.9189062729406,2373.969482421875,1324443,0.010478391960216715,0.01042387412001022,3144187263.2072754
2022-11-01,2407.0445834564734,2413.4628358736104,2386.9937780757728,2390.928955078125,1280132,0.007143930358762818,0.007118533372741574,3060704665.1220703
2022-11-02,2402.3596953433735,2402.3596953433735,2343.7060480992495,2359.540771484375,1338284,-0.013128028554376003,-0.013214962809745982,3157735661.8251953
2022-11-03,2357.104134454052,2388.3048675676064,2350.1707398729995,2385.822021484375,730444,0.011138290262925343,0.011076716305127625,1742709380.6611328
2022-11-04,2384.5102013800715,2385.494052611196,2356.6826063748276,2361.461181640625,889055,-0.010210669372811565,-0.010263155844343567,2099468870.8435059
2022-11-07,2371.533438556047,2391.1157606130273,2358.3222450873786,2373.126220703125,1283685,0.004939754738799262,0.004927594180700699,3046346532.623291
2022-11-09,2351.7637077299682,2384.463438301821,2335.5074009596337,2350.639404296875,1436444,-0.009475609097432391,-0.009520788308184112,3376561868.4658203
2022-11-10,2346.141834275377,2377.9983927279977,2343.377855100694,2355.13671875,1459152,0.0019132302661581946,0.00191140237221586,3436502453.4375
2022-11-11,2384.5570335917323,2386.2436029803034,2337.7091547392424,2345.251708984375,1162847,-0.004197212708259013,-0.004206045730230526,2727168914.0373535
2022-11-14,2348.765166719083,2355.276975760466,2300.3711733588425,2302.854248046875,2137131,-0.01807800023131012,-0.018243403753182584,4921501201.982666
2022-11-15,2302.854619380513,2313.348499590698,2290.065009867017,2302.573486328125,1558333,-0.00012191901375790959,-0.00012192644648500074,3588176248.670166
2022-11-16,2308.2420847371077,2326.4658654402274,2275.026981501953,2321.640625,1330395,0.00828079485197275,0.008246697178184704,3088699079.296875
2022-11-17,2323.6080304666507,2340.520161450394,2299.528265107938,2304.915771484375,960476,-0.007203894235622732,-0.007229967576892981,2213816280.5322266
2022-11-18,2314.285065664953,2331.6656733452305,2294.4685056915064,2327.121337890625,1075675,0.009634003411738368,0.009587892320592524,2503226245.135498
2022-11-21,2327.121705634642,2353.6376532906284,2314.3323250136264,2343.705810546875,1354881,0.007126604180976104,0.007101329946002177,3175442472.2995605
2022-11-22,2347.922017585297,2364.881042072989,2339.583186234649,2357.104248046875,921265,0.005716774451685058,0.005700495708421857,2171517645.0769043
2022-11-23,2362.070387102139,2365.818217942444,2344.268190610691,2349.281005859375,734152,-0.0033190055950993447,-0.003324525711752442,1724729349.0136719
2022-11-24,2358.322459003739,2398.6116388754754,2352.841165126067,2388.445556640625,999929,0.016670866824176844,0.016533433245145786,2388275977.0061035
2022-11-25,2393.926561051514,2394.301252575009,2359.4464771620264,2377.48291015625,783480,-0.004589866599175929,-0.004600432379619907,1862710310.4492188
2022-11-28,2367.6919405844546,2382.2147839081817,2362.8198066386367,2366.00537109375,830905,-0.00482760107905289,-0.004839291585050567,1965925692.8686523
2022-11-29,2367.8793207894287,2473.5212955351185,2367.8793207894287,2468.1337890625,2542932,0.04316491383176291,0.042259278411224795,6276296392.488281
2022-11-30,2467.946406116617,2527.911694647924,2457.6398721502983,2515.122314453125,3698270,0.019038078729303187,0.018859122265950035,9301601401.872559
2022-12-01,2511.0467612001576,2513.857634440307,2479.9867033962864,2494.97802734375,1675569,-0.008009267379807339,-0.008041513857643373,4180507838.29834
2022-12-02,2492.3073440103817,2492.3073440103817,2442.789040807247,2450.238037109375,2101890,-0.01793201773484432,-0.01809474464792231,5150130827.819824
2022-12-05,2436.0895342853623,2459.5134721150293,2422.1756237147833,2454.688232421875,1640511,0.0018162297887391876,0.0018145824377601139,4026943046.8586426
2022-12-06,2442.4612008071144,2492.260407447323,2439.6972215426445,2487.200927734375,1484562,0.013245142451520975,0.01315819248717634,3692403983.679199
2022-12-07,2492.354460945033,2548.337685436268,2488.7939758132748,2536.672607421875,2368561,0.019890503873591037,0.019695272390309812,6008263807.707764
2022-12-08,2525.1475783453566,2540.138899664637,2516.4338270786425,2534.891845703125,1314703,-0.0007020069178576005,-0.0007022534400942561,3332629914.2214355
2022-12-09,2552.9280684970827,2568.7627875835333,2540.326035802867,2550.632568359375,1883397,0.006209622979746365,0.0061904227142493586,4803853727.350342
2022-12-12,2531.846983430006,2552.272706493238,2519.1511611848982,2545.9482421875,1163204,-0.001836535073684864,-0.0018382235718640897,2961457179.1054688
2022-12-13,2545.7140943354025,2548.524967461279,2527.724552079682,2539.4365234375,1265839,-0.002557679155490211,-0.0025609556047511287,3214517789.3916016
2022-12-14,2548.524865486891,2548.524865486891,2502.9419662859514,2515.4033203125,886858,-0.00946399049678448,-0.009509058629830373,2230805557.845703
2022-12-15,2500.130870117913,2514.0914466719687,2481.4852768769233,2495.352294921875,990722,-0.007971296383648685,-0.008003237018747765,2472200416.32959
2022-12-16,2499.8032573712635,2518.261279151439,2486.030024304303,2502.895263671875,1793864,0.0030228071464499795,0.0030182476509339334,4489853709.271484
2022-12-19,2502.8949660154867,2548.5247569057906,2502.8949660154867,2546.74462890625,1546941,0.017519456715118675,0.0173677602305291,3939663682.9848633
2022-12-20,2535.4074585596272,2535.454352193079,2485.982941398127,2505.940185546875,827567,-0.016022196688365797,-0.016151939794438186,2073833401.5324707
2022-12-21,2518.4952840830792,2525.241333452075,2483.0315740758383,2498.116455078125,779092,-0.003122073908177758,-0.0031269577487116613,1946262545.2197266
2022-12-22,2507.767194500521,2519.010686499029,2475.442155004811,2478.5810546875,852567,-0.007820051923886018,-0.007850788877846276,2113156414.0517578
2022-12-23,2466.072610479893,2482.5162634919075,2443.632519823627,2455.85986328125,1189702,-0.00916701568555911,-0.00920929133320278,2921741391.0654297
2022-12-26,2455.7190489630993,2471.553770123414,2442.414296397516,2452.439697265625,605144,-0.0013926552026691796,-0.0013936258482136496,1484079168.1621094
2022-12-27,2459.5135385661692,2468.7893266975734,2412.899901025725,2429.76513671875,870960,-0.00924571583642042,-0.009288722758863013,2116228243.4765625
2022-12-28,2429.5309423377967,2438.994305151716,2415.570366255285,2420.7236328125,822651,-0.0037211431547906626,-0.0037280838314975246,1991410717.256836
2022-12-29,2417.5848899054668,2420.442656385594,2379.3100797727616,2406.154052734375,1345863,-0.006018687916553911,-0.00603687322317797,3238353711.875244
2022-12-30,2417.303867244519,2423.3940920296754,2394.114165177963,2399.595458984375,696432,-0.0027257580380386504,-0.0027294796808832802,1671155064.6914062
2023-01-02,2411.6349023060693,2417.397328382743,2378.0451120029907,2397.112060546875,681703,-0.001034923794426157,-0.0010354596978343232,1634118483.0109863
2023-01-03,2389.2888740055228,2400.4854720460166,2375.1876157832367,2381.793212890625,821843,-0.00639054298227304,-0.006411049915723038,1957460079.46167
2023-01-04,2389.7103596638617,2397.1122332067716,2367.738749685802,2376.21826171875,1672649,-0.002340652891990147,-0.0023433965020325073,3974579099.2456055
2023-01-05,2377.5766399091954,2428.5470383395914,2377.5297462825415,2420.817138671875,2008493,0.01876884698330117,0.018594885508118452,4862194277.30249
2023-01-06,2417.3506593630577,2447.2395159383605,2412.572084001759,2414.0244140625,991782,-0.0028059635322565946,-0.0028099076276484475,2394185961.4277344
2023-01-09,2426.1113944322215,2463.683259131931,2407.981172315986,2458.623779296875,1267078,0.018475109437406267,0.018306517934853956,3115268101.023926
2023-01-10,2458.6239724813863,2486.0768796680745,2450.2382465637206,2477.17578125,1413088,0.007545685561713089,0.0075173592813091855,3500467370.375
2023-01-11,2477.315731797696,2480.923109820686,2424.9398968952273,2429.76513671875,1471687,-0.019138990817731294,-0.019324512245484367,3575853764.762207
2023-01-12,2423.066396823305,2438.52619885642,2410.557920042191,2426.767333984375,1703829,-0.0012337829237369924,-0.0012345446604981112,4134796559.8952637
2023-01-13,2426.9076895815797,2472.865508637777,2404.842290898694,2458.576904296875,1348015,0.013107795653518162,0.013022631898859887,3314198545.645752
2023-01-16,2462.277561927778,2462.277561927778,2421.098323118427,2433.37255859375,930068,-0.010251599475727291,-0.01030450903734156,2263201948.826172
2023-01-17,2441.1964263492746,2506.3618810053003,2437.7766221983334,2499.381591796875,1892865,0.02712656266711244,0.026765158667217764,4730991936.756592
2023-01-18,2499.802401143358,2523.694815397165,2492.306741769615,2516.85498046875,2038075,0.0069910848064271836,0.006966760476209612,5129539214.318848
2023-01-19,2501.7707935744093,2510.390758482957,2447.2396735834595,2482.70361328125,1649842,-0.013569064349166271,-0.013661965447352062,4096068694.743164
2023-01-20,2389.242242099375,2440.774917909361,2376.1717273483678,2388.071044921875,4569549,-0.03811674009460375,-0.03886218712980552,10912407655.251709
2023-01-23,2398.6118699890003,2439.838011504436,2391.116207895285,2432.717041015625,1388360,0.018695422059861855,0.018522810699655105,3377487031.064453
2023-01-24,2439.8377013585127,2445.4594472141775,2418.1003297998273,2436.558349609375,1462462,0.001579019889689448,0.001577774548556687,3563373997.086426
2023-01-25,2436.5583895331097,2475.442132338579,2430.4681647563493,2457.031005859375,1591810,0.008402284416165084,0.008367181715976722,3911126525.4370117
2023-01-27,2469.3519299648224,2479.705357929131,2415.664209926572,2447.473876953125,1581382,-0.0038897062688499906,-0.0038972908505306722,3870391134.4838867
2023-01-30,2445.4593254849115,2445.4593254849115,2370.6900635765246,2406.24755859375,2744039,-0.016844436521912143,-0.01698791756321957,6602837144.436035
2023-01-31,2406.107041179538,2426.907453495928,2380.996532538842,2414.305419921875,2366794,0.0033487249885602033,0.0033431304951697643,5714163582.038574
2023-02-01,2436.277139068055,2438.9006661337953,2386.29058767451,2411.963134765625,2014615,-0.0009701693650365772,-0.0009706402839403716,4859177110.74585
2023-02-02,2407.512646879557,2473.3339208407515,2401.4224222425783,2468.742919921875,1980667,0.023540900910895335,0.023268087129153358,4889757632.9729
2023-02-03,2473.567978704578,2489.9178425109067,2465.275812730749,2481.766357421875,1638238,0.005275331584712717,0.005261465766197978,4065723953.8500977
2023-02-06,2465.1355681110294,2478.2529751629318,2435.855641655891,2471.319580078125,1697446,-0.004209412103805987,-0.004218296620095006,4194931535.925293
2023-02-07,2478.252900765544,2478.7682732055678,2431.6861528791146,2437.214111328125,1495745,-0.013800509260288307,-0.01389662157866556,3645450820.9484863
2023-02-08,2429.249909780567,2443.1169279305927,2415.8047055476436,2419.97412109375,1061956,-0.007073646157817581,-0.007098783002370166,2569906037.7402344
2023-02-09,2423.909306857504,2435.995968376085,2404.2331972927545,2423.628173828125,1102484,0.0015099552935398108,0.0015088164572959752,2672011283.5947266
2023-02-10,2422.035238182741,2423.581126622247,2394.2545386526676,2415.008056640625,1523011,-0.0035566995303097926,-0.0035630396237533485,3678083835.352295
2023-02-13,2398.611729949632,2427.423179440238,2389.242152879516,2418.287841796875,1146525,0.0013580845609320047,0.0013571631981926843,2772627467.816162
2023-02-14,2422.0350647858486,2437.9633418076514,2408.1680484522853,2416.9755859375,1944364,-0.0005426384058565548,-0.0005427856873591199,4699480318.175781
2023-02-15,2389.2421251007454,2409.667848626004,2377.061675051212,2387.789794921875,2009134,-0.01207533546695072,-0.012148834614106497,4797389661.830566
2023-02-16,2398.6112107794006,2400.391338537645,2363.8033309977295,2367.785400390625,1982857,-0.00837778709574577,-0.008413077998732213,4694979855.6623535
2023-02-17,2365.8178448890317,2385.728193088593,2348.8588215110553,2356.916748046875,1395341,-0.004590218497823706,-0.004600785900945611,3288702572.1364746
2023-02-20,2359.259188216002,2382.683127733635,2350.076958175208,2353.1220703125,632091,-0.001610017722314394,-0.0016113151936690685,1487387282.5458984
2023-02-21,2368.6289184613074,2383.573347098075,2353.9187292349884,2357.52587890625,862797,0.0018714747735824044,0.0018697257465017157,2034066255.7426758
2023-02-22,2357.5259633129067,2364.4595873600997,2326.2316684562447,2336.8193359375,885515,-0.008783166774125384,-0.008821966138007785,2069288574.2626953
2023-02-23,2334.8985292846232,2357.2917262478927,2323.7488244366887,2333.633544921875,757215,-0.0013633022316408283,-0.0013642323736007451,1767062324.7180176
2023-02-24,2335.0859938226713,2352.9350842133827,2316.112599913136,2327.59033203125,732783,-0.0025896151963428204,-0.0025929740497871103,1705618626.2768555
2023-02-27,2330.2137456869955,2330.2137456869955,2301.1680576627505,2312.552001953125,853991,-0.0064609007311872135,-0.006481862687844167,1974898596.6999512
2023-02-28,2314.0510639785084,2318.361160496719,2282.1007178854966,2305.524658203125,1780454,-0.0030387830172315944,-0.003043409493293047,4104880599.7963867
2023-03-01,2303.0418281566776,2314.285319587874,2293.6722519640143,2310.771728515625,967339,0.002275868225408484,0.0022732823599682403,2235299613.090576
2023-03-02,2310.7718290257026,2314.2854202507797,2289.924521090245,2300.55908203125,827174,-0.004419582582886883,-0.004429377809185814,1902962658.1201172
2023-03-03,2310.5376237400724,2332.930820645566,2300.840020315843,2315.222412109375,1176008,0.006373811562873755,0.006353584728478054,2722720078.419922
2023-03-06,2325.48190441963,2341.3166253465765,2319.532360820119,2328.19921875,1214503,0.00560499353010413,0.005589344003632048,2827604935.7695312
2023-03-08,2330.213721820577,2343.7058207487166,2311.6619142323125,2328.43359375,1448340,0.00010066793172702759,0.00010066286505082018,3372363511.171875
2023-03-09,2328.1993796295633,2334.851641899279,2302.0112295079657,2306.2275390625,1038910,-0.009536907020713747,-0.009582674537955542,2395962852.607422
2023-03-10,2295.5465093123394,2314.7541433698507,2290.9555077934956,2310.0224609375,772024,0.0016455106058366198,0.0016441582366150016,1783392780.3828125
2023-03-13,2310.5372081992105,2331.6187520696412,2290.8611005868083,2300.324462890625,1314549,-0.0041982267319337074,-0.004207064028435677,3023889222.368408
2023-03-14,2306.7897357879506,2316.1593122939944,2285.9424280620037,2288.47216796875,1250763,-0.005152444845533344,-0.005165764461566679,2862336314.2250977
2023-03-15,2297.326294305923,2304.4472637094073,2242.139582051885,2254.413818359375,1738040,-0.01488257103847812,-0.014994427696037003,3918261392.861328
2023-03-16,2272.0754044015916,2313.629567620044,2255.959778594288,2304.306884765625,1628035,0.022131281311325246,0.021889938826676565,3751492259.1394043
2023-03-17,2315.8310843335667,2326.6529900073347,2285.9891230052194,2293.10986328125,2127178,-0.004859171127943651,-0.004871015284066943,4877852852.754883
2023-03-20,2293.109759358822,2357.9940680831646,2272.122002260381,2352.8876953125,1561128,0.02606845532717439,0.025734465114646013,3673158862.0078125
2023-03-21,2356.4485412137237,2364.178441995041,2303.744672250196,2307.35205078125,1595161,-0.0193530888116622,-0.01954281163908629,3680598004.6762695
2023-03-22,2316.7215163262267,2324.9665604311444,2299.668704542479,2320.235107421875,1063244,0.005583481132089396,0.005567951281580807,2466976056.555664
2023-03-23,2318.9702297973176,2342.4410651457583,2310.5376107798725,2328.43359375,1578627,0.0035334722338697944,0.0035272441876298033,3675728138.8007812
2023-03-24,2316.346370580144,2340.4261334621233,2314.2851097545336,2324.404296875,1449326,-0.0017304753229018255,-0.0017319743248969959,3368819581.9726562
2023-03-27,2328.3396249124653,2347.0787768232294,2308.663515406163,2341.45703125,1387736,0.007336389111793684,0.007309608710391932,3249324214.71875
2023-03-28,2351.5761749174585,2355.0428722060337,2316.065345463075,2326.2783203125,1412387,-0.00648259213597302,-0.006503695388332354,3285605257.991211
2023-03-29,2328.339717443786,2379.685041469694,2323.7018229114383,2371.29931640625,2613254,0.01935322858861621,0.01916833655733037,6196807423.795898
2023-03-31,2397.4873671058185,2406.528917254898,2357.900904964468,2398.939697265625,2146167,0.011656217613752906,0.011588807236884746,5148525213.261475
2023-04-03,2407.9810328704666,2407.9810328704666,2356.4952584817374,2376.21826171875,918048,-0.009471449229329743,-0.009516588654540185,2181482422.734375
2023-04-05,2354.1059745660814,2425.361645934174,2344.2679197469993,2419.92724609375,1489612,0.018394347471845762,0.01822721784487629,3604752664.908203
2023-04-06,2412.6660993765836,2422.0356764615412,2392.053029789677,2403.53076171875,797414,-0.006775610465755588,-0.006798669131061182,1916609078.8251953
2023-04-10,2403.5307251636814,2406.9974228825026,2365.8181779702936,2372.517333984375,853322,-0.012903278888012903,-0.012987249302250512,2024521236.4702148
2023-04-11,2379.872367468845,2393.926731843661,2373.313664093931,2387.1337890625,913184,0.006160736896947405,0.006141837141947873,2179892382.03125
2023-04-12,2394.863300072336,2394.863300072336,2359.867846969413,2369.5185546875,1109809,-0.007379240516685925,-0.007406601798741613,2629713017.6591797
2023-04-13,2365.817888436723,2400.813345533759,2365.817888436723,2376.311767578125,1261711,0.002866916942763087,0.002862815174134617,2998218696.5827637
2023-04-17,2410.7919035266423,2416.413649123673,2381.1839518825154,2390.975341796875,1566977,0.006170728276826631,0.006151767295157942,3746603368.162842
2023-04-18,2398.6112563232955,2398.6112563232955,2370.5025306632565,2380.85595703125,1474786,-0.004232325021813033,-0.0042413066604590636,3511253033.446289
2023-04-19,2387.3682119969135,2387.3682119969135,2351.9980589345573,2372.002197265625,1320243,-0.0037187297028523636,-0.0037256613681495685,3131619296.9245605
2023-04-20,2359.071980020171,2372.7514242465463,2323.6549356542655,2335.460693359375,1401364,-0.015405341507851,-0.015525236726430131,3272830539.088867
2023-04-21,2334.8985362313215,2351.2952956149684,2328.948763469482,2340.473388671875,1206288,0.002146341116659789,0.00214404101717599,2823284963.0742188
2023-04-24,2344.268066845747,2346.985152561744,2319.0639972751146,2342.159912109375,1735797,0.0007205907341920614,0.0007203312333440811,4065514148.959717
2023-04-25,2333.8212093971197,2342.1600415375806,2321.828104928687,2333.4462890625,1701098,-0.003720336515804945,-0.003727274180009262,3969420815.4316406
2023-04-26,2333.02441979896,2359.2592325517194,2325.7161047822374,2352.51318359375,1245903,0.008171130666525972,0.008137927726092066,2931003232.979004
2023-04-27,2355.464607365137,2363.0071620979274,2302.1049156521044,2313.301513671875,2743893,-0.016667991574004448,-0.016808465680683282,6347451830.253662
2023-04-28,2282.4758790972137,2312.2242864405675,2266.5007043645164,2302.38623046875,3761927,-0.004718487036218355,-0.004729654238219948,8661408924.828613
2023-05-02,2315.9716092467065,2321.7807000344446,2295.545889864564,2297.138671875,1760370,-0.0022791825820994704,-0.0022817838720154827,4043814003.8085938
2023-05-03,2302.058188378811,2333.0246862900995,2298.0292244959724,2329.27685546875,1258140,0.013990528298197136,0.013893564196565004,2930556382.939453
2023-05-04,2330.1666992972782,2351.1546871627665,2323.7953417533013,2348.718505859375,1150227,0.008346646447363826,0.008312005815829793,2701559440.8391113
2023-05-05,2342.3939614990504,2361.1331131910424,2337.4280405507902,2343.0966796875,1354871,-0.0023935717106371435,-0.0023964408826979006,3174593741.504883
2023-05-08,2347.781555269767,2367.551452542733,2339.7236282415865,2357.66650390625,972810,0.006218191654256966,0.00619893847262672,2293561551.665039
2023-05-09,2365.8177172648216,2365.8177172648216,2342.440673095588,2357.19775390625,1651327,-0.00019881946798805394,-0.00019883923519859375,3892504295.364746
2023-05-10,2362.0703036365408,2375.187711114094,2347.8754863302474,2363.6630859375,2025658,0.002742804255831288,0.00273904963213669,4787973039.333984
2023-05-11,2377.0144977012933,2435.1527615560435,2364.506251200738,2428.96875,1749356,0.027629007048861176,0.027254213812431486,4249131056.625
2023-05-12,2430.4679431640157,2473.5679915007713,2423.3469741129625,2458.014404296875,2170011,0.011958018931645276,0.011887086735693974,5333918295.482666
2023-05-15,2471.6474104831673,2502.3796674441996,2457.68683286568,2494.41552734375,1561055,0.014809157742624146,0.014700572886962771,3893919831.0375977
2023-05-16,2501.6768754597197,2509.547228062521,2483.499988913077,2507.204833984375,1477905,0.005127175685217145,0.005114076475518103,3705410560.1696777
2023-05-17,2503.55083738377,2505.424752681213,2480.1737897980543,2493.947021484375,839404,-0.0052878856646630945,-0.005301916014511766,2093429105.6220703
2023-05-18,2497.4603249540414,2500.9270221050547,2456.562219798673,2461.90283203125,1434067,-0.01284878514943455,-0.012932044748050864,3530533608.6225586
2023-05-19,2462.9338970082476,2482.0010787125584,2436.6990800192134,2474.927001953125,1174757,0.005290285933474026,0.005276341529148748,2907437820.0334473
2023-05-22,2468.8836695553387,2488.0444097797963,2457.687070200414,2471.788330078125,768232,-0.001268187656655373,-0.0012689924871443076,1898906892.3925781
2023-05-23,2466.0724102706818,2482.7503013483833,2459.5137070518767,2462.605712890625,703864,-0.003714969067440288,-0.0037218867028751845,1733339507.4980469
2023-05-24,2454.8290940902366,2471.694332141238,2443.5856020562355,2450.097412109375,628872,-0.005079294958090452,-0.005092238424450551,1540797659.7480469
2023-05-25,2445.459638612655,2460.5914142253664,2417.8662796280064,2433.513427734375,1072231,-0.006768704090308941,-0.006791715665653137,2609288536.1330566
2023-05-26,2439.6034163578033,2489.215276857039,2438.9944854012556,2485.1396484375,947073,0.021214684954991014,0.020992786378735077,2353608662.2646484
2023-05-29,2501.6767687989336,2510.6247595458312,2478.29972264562,2483.21875,698267,-0.0007729539218078729,-0.0007732528047155605,1733949706.90625
2023-05-30,2488.090855821525,2496.9919528391506,2483.7340945705564,2489.07470703125,948051,0.0023582123126486554,0.0023554360937453125,2359769765.0756836
2023-05-31,2489.0750569590964,2511.0466695679274,2471.694445641863,2499.381591796875,3388305,0.004140849905593269,0.004132300180581828,8468667144.393311
2023-06-01,2498.8659721401505,2559.065499215518,2487.154001892024,2527.81787109375,1541080,0.011377326051454029,0.011313091033424903,3895569564.7851562
2023-06-02,2539.155290676707,2565.577451272608,2521.962025898736,2545.432861328125,1509260,0.006968457037908937,0.006944289549610485,3841720000.288086
2023-06-05,2545.1984247215364,2550.398585147234,2514.9346485160127,2525.850341796875,1000190,-0.007693198209530627,-0.007722943514770209,2526330253.3618164
2023-06-06,2529.7858195855015,2537.18769400229,2501.8175404136405,2521.49365234375,655372,-0.0017248406926697601,-0.001726329943103511,1652516337.9238281
2023-06-07,2520.416352262876,2555.0837890783873,2510.4378437062996,2544.964599609375,1428490,0.009308350724503534,0.00926529500681399,3635456480.895996
2023-06-08,2536.3440331351285,2549.976810943418,2506.2676049291867,2510.952392578125,923536,-0.013364510860571666,-0.013454619676568698,2318954928.8320312
2023-06-09,2519.4323305648973,2519.4323305648973,2454.922930965873,2470.0078125,1413808,-0.016306394417970216,-0.016440806858619834,3492116805.375
2023-06-12,2478.2531114319177,2489.4966038089246,2467.009619054911,2476.80078125,775484,0.002750181078627678,0.002746406250035997,1920719377.046875
2023-06-13,2463.823878656652,2526.9747315036943,2461.856176131241,2507.204833984375,1787924,0.012275534215162365,0.012200800818367441,4482691695.59668
2023-06-14,2502.613685082793,2531.753157191345,2484.811491141732,2528.6142578125,1536248,0.008539160238496324,0.008502907840207161,3884578596.3359375
2023-06-15,2542.855987016174,2546.1822321862073,2509.312859789837,2520.134765625,1830192,-0.0033534146860484393,-0.0033590499829285483,4612330486.96875
2023-06-16,2520.1349691135065,2552.272662560092,2514.044744331333,2544.448974609375,1748145,0.009647979669985984,0.009601735120523328,4448065752.718506
2023-06-19,2552.336193173216,2561.2154348328186,2526.8317234412852,2534.624755859375,1068263,-0.0038610397960557874,-0.0038685128522560493,2707645845.5686035
2023-06-20,2522.1091236755915,2531.9329770787776,2501.4222534475853,2527.871337890625,1129279,-0.0026644646128141103,-0.002668020616619299,2854672016.581787
2023-06-21,2537.1757169869047,2556.918208509686,2520.645038510227,2528.34375,1201840,0.00018688139000344606,0.00018686392985176566,3038664652.5
2023-06-22,2520.833667759387,2529.6658644997738,2501.988742263521,2507.325927734375,830052,-0.008312881610985423,-0.008347626297618907,2081210900.9677734
2023-06-23,2504.4448987546984,2513.1825425093994,2481.9158547725215,2495.2822265625,991214,-0.004803404710434944,-0.00481497813494205,2473358676.919922
2023-06-26,2495.8013848354094,2526.0761834675086,2495.8013848354094,2505.200439453125,758700,0.003974786012197251,0.00396690742051931,1900695573.413086
2023-06-27,2505.2006451051598,2514.17444143718,2489.9923296006514,2504.4921875,687747,-0.0002827126891609133,-0.00028275265992689226,1722456988.4765625
2023-06-28,2506.002952909537,2538.733826467945,2495.6595199477456,2513.84326171875,1397573,0.003733720658192219,0.003726767624963749,3513279468.8100586
2023-06-30,2518.283176287608,2537.128101107674,2504.4920076017515,2529.807373046875,1160181,0.006350479988641133,0.00633040065470143,2935034447.8688965
2023-07-03,2538.167390684016,2555.973383680779,2512.143335772479,2551.439208984375,980665,0.008550783813807472,0.008514432933915106,2502107131.878662
2023-07-04,2551.438908116266,2556.7758624141525,2526.831771285446,2550.447021484375,721907,-0.00038887365864181955,-0.0003889492896109089,1841185557.9387207
2023-07-05,2550.399774845032,2606.5567943547785,2546.7631646422487,2603.20361328125,1717547,0.020685233354178933,0.02047419914737256,4471124556.380371
2023-07-06,2607.029000802995,2611.846603965153,2584.1222087067363,2604.38427734375,1265020,0.0004535427257692515,0.00045343990635469267,3294598198.5253906
2023-07-07,2600.606143081461,2616.239255649272,2541.945763973456,2548.652587890625,1178930,-0.021399180580972677,-0.021631462789402586,3004682995.4418945
2023-07-10,2559.7988641116162,2561.1687332755905,2504.161420460869,2509.404052734375,1518183,-0.015399719578388593,-0.015519526850428192,3809734572.9924316
2023-07-11,2509.9234410943345,2566.2693379928464,2499.4381773549544,2535.8056640625,2476367,0.010521068258958266,0.010466106985073198,6279585464.897461
2023-07-12,2555.1229821645047,2555.1229821645047,2496.1321289676907,2525.556640625,2395826,-0.004041722748217458,-0.004049912584417614,6050794264.082031
2023-07-13,2536.230950893927,2538.5924762454397,2504.350358648507,2507.656494140625,1495067,-0.007087604449823481,-0.007112840832604772,3749114471.725342
2023-07-14,2507.939597697386,2537.694813263287,2504.2084342499597,2528.62646484375,1419016,0.008362377682957556,0.008327606713535732,3588161411.6367188
2023-07-17,2522.10923957163,2553.4702521573654,2522.10923957163,2533.1611328125,912701,0.0017933324798251604,0.0017917263790286923,2312018699.0791016
2023-07-18,2536.797628873859,2551.486361639526,2529.0045957679067,2534.199951171875,1215904,0.00041008775396056407,0.000410003690958943,3081343857.4296875
2023-07-19,2534.152426227333,2547.51856520983,2513.5126058978612,2523.6201171875,1166542,-0.00417482210884057,-0.004183561009378226,2943908858.7441406
2023-07-20,2521.211472609234,2565.8442969854914,2510.962361431316,2553.51708984375,1430764,0.01184685937975849,0.011777234690973816,3653480325.533203
2023-07-21,2503.2167121195757,2528.107279975843,2448.4293274769584,2459.7646484375,5198952,-0.03671502406588034,-0.03740598579599361,12788198338.523438
2023-07-24,2459.7645667813194,2461.606510252722,2432.3708753693927,2437.330078125,1777469,-0.009120616611329457,-0.009162464079162972,4332278656.634766
2023-07-25,2437.282988709528,2443.328631856111,2420.374559786347,2425.900390625,1653775,-0.004689429471445572,-0.004700459341871453,4011893418.5058594
2023-07-26,2436.6216173368666,2454.852637375737,2429.8204711189323,2440.211181640625,1300033,0.005899166788104537,0.005881834833033169,3172355063.1018066
2023-07-27,2419.1464560588693,2439.927878172612,2411.5895752902356,2427.50634765625,2276136,-0.005206448556568488,-0.0052200493382404895,5525334588.128906
2023-07-28,2427.647567350259,2450.0820536244105,2423.113393474477,2441.43896484375,966450,0.0057394771391439114,0.005723069092696918,2359528687.573242
2023-07-31,2432.4179675637956,2439.833017513151,2412.5338814230513,2418.957275390625,2003252,-0.009208376607753421,-0.009251035790795264,4845780999.84082
2023-08-01,2427.6479605439827,2431.2375250527625,2404.032708009508,2409.794921875,1758897,-0.0037877285427232454,-0.003794920152133087,4238581058.701172
2023-08-02,2397.4203701639326,2430.906751196545,2395.5311500140792,2426.656005859375,2082908,0.006996895806907766,0.0069725311168852624,5054501207.852539
2023-08-03,2416.2652071007064,2419.193590473485,2396.664548759299,2409.983642578125,1475310,-0.006870509557594162,-0.006894220173468481,3555472967.7319336
2023-08-04,2409.9840191833073,2417.210194875664,2394.6341036256617,2404.9775390625,1359318,-0.00207723547462324,-0.0020793959205868914,3269129258.4433594
2023-08-07,2399.3097639242214,2431.426508795648,2398.1290012451245,2426.892333984375,803823,0.00911226594258241,0.009070999743558336,1950791876.5803223
2023-08-08,2426.892332951756,2442.006095237761,2413.998496748592,2423.72802734375,1002061,-0.0013038512653875678,-0.0013047020190332453,2428723330.8081055
2023-08-09,2423.728051323445,2426.6562044247025,2400.254396793667,2410.833984375,1212549,-0.005319921551957707,-0.0053341227230869715,2923254336.919922
2023-08-10,2407.8581644082124,2410.0778595355646,2387.596326050389,2396.192138671875,1313334,-0.006073352955044298,-0.0060918707780226455,3147000606.2504883
2023-08-11,2394.586595022939,2396.1451094353415,2360.5806315433233,2363.2255859375,1472199,-0.013757892033085084,-0.01385340891549946,3479138344.3916016
2023-08-14,2363.225408122646,2399.3094649763125,2350.2842968957198,2392.791748046875,1060479,0.012510935174919302,0.012433320112995512,2537505400.177002
2023-08-16,2393.6420733684345,2413.526162761276,2384.573723858393,2411.2119140625,1155882,0.0076981902126085355,0.007668710344096035,2787076449.6503906
2023-08-17,2411.211835360745,2418.8157621774308,2392.697385139432,2402.379638671875,1532873,-0.0036630025503415764,-0.0036697277722096593,3682542883.869873
2023-08-18,2391.8471070850114,2425.5223618143514,2391.8471070850114,2413.242431640625,1970819,0.0045216804179857295,0.0045114883331026125,4756064035.883545
2023-08-21,2413.2426796633026,2432.276481141719,2398.4123470528325,2420.799560546875,977004,0.003131524958772003,0.0031266319468862434,2365130853.852539
2023-08-22,2431.0486690370512,2432.371030942716,2411.589608542429,2423.6806640625,960025,0.0011901454224381158,0.0011894377607993623,2326794029.5166016
2023-08-23,2432.3709662687493,2440.400151982646,2420.563340218901,2431.4736328125,1136112,0.003215344688576982,0.003210186521742461,2762426371.921875
2023-08-24,2441.816945842161,2448.193063592426,2424.7666885493973,2438.274658203125,1143934,0.002797079638802602,0.0027931750907430426,2789225282.8569336
2023-08-25,2424.813789909451,2437.754900358477,2410.172335393052,2421.554931640625,802955,-0.006857195724956355,-0.0068808143250624855,1944399640.135498
2023-08-28,2422.9248122900835,2425.7586424798965,2398.364950645038,2414.139892578125,619841,-0.00306209822689274,-0.003066796042234155,1496382885.1555176
2023-08-29,2417.1625413385354,2417.1625413385354,2382.4010763286196,2386.2265625,958564,-0.011562432717316828,-0.011629797412431857,2287350878.65625
2023-08-30,2386.226537961375,2395.5310390153495,2380.41727851683,2391.705322265625,1227377,0.0022959931180570603,0.00229336135343048,2935524103.326416
2023-08-31,2391.7998810565846,2399.120608815014,2353.118146314614,2366.29541015625,3235414,-0.01062418178059854,-0.010681021340858564,7655945298.155273
2023-09-01,2366.295478687051,2375.221997637154,2361.5251517569636,2366.059326171875,813413,-9.976944694300993e-05,-9.977442424533947e-05,1924583414.6794434
2023-09-04,2374.7495906101017,2374.7495906101017,2353.968170167213,2362.847412109375,1143301,-0.0013574951511028388,-0.00135841738235626,2701445809.1120605
2023-09-05,2370.9713681447347,2383.676327958066,2363.509040547854,2368.184814453125,844088,0.0022588857479313162,0.002256338301059896,1998956383.6621094
2023-09-06,2374.230011834587,2386.179466974246,2368.5623517069744,2383.723388671875,1094146,0.006561385802289266,0.006539953609308356,2608141410.8217773
2023-09-07,2370.971057439671,2382.164777985807,2361.5249576092338,2368.562255859375,1894798,-0.006360273547069251,-0.006380586262289032,4487947025.277832
2023-09-08,2365.303566397401,2381.409213881592,2362.989317897267,2374.560791015625,1018234,0.0025325638544693163,0.0025293623188871097,2417858532.479004
2023-09-11,2374.560399688248,2398.2699696773025,2370.073502687917,2395.766845703125,1121083,0.008930516652904785,0.008890875425346141,2685853482.6813965
2023-09-12,2407.8113166309895,2407.8113166309895,2350.190096421303,2360.439208984375,3946716,-0.014745857587148414,-0.014855658487695517,9315983193.125977
2023-09-13,2355.8577428337417,2370.026895256559,2353.968522510699,2367.712646484375,1231305,0.0030813915784466683,0.003076653821511294,2915376420.1794434
2023-09-14,2371.9157377077668,2374.7495677408706,2355.00731075732,2362.28076171875,2081195,-0.002294148647510208,-0.0022967842382481747,4916366909.885254
2023-09-15,2337.721168306451,2352.079195989755,2329.408553136842,2332.903564453125,3750697,-0.012435946540177878,-0.012513920047344458,8750014400.483643
2023-09-18,2334.462141550995,2354.865580279929,2325.629945327959,2350.8037109375,1499641,0.007672904597139318,0.007643617580251537,3525361627.8740234
2023-09-20,2313.9639482061284,2342.6329558606117,2309.571603660966,2330.21142578125,1795159,-0.008759678683694871,-0.008798270200491258,4183100012.894043
2023-09-21,2329.4085857819123,2345.4669580277728,2307.5879994831007,2336.3515625,2223720,0.0026350127077809926,0.0026315471483231256,5195391696.5625
2023-09-22,2331.2976959839657,2352.0791179092685,2321.851595108828,2344.947265625,1176741,0.0036791137356924075,0.0036723623510931465,2759395590.298828
2023-09-25,2344.9474233920378,2361.2419484979387,2323.7409716241323,2338.713134765625,1122778,-0.00265853776362579,-0.002662077951019406,2625855656.025879
2023-09-26,2336.96509585249,2351.134245584821,2324.9213185800086,2341.640869140625,1263548,0.0012518569855697326,0.0012510740659477195,2958775636.9208984
2023-09-27,2338.8545135592585,2366.059329468946,2332.242243125125,2363.17822265625,1086791,0.009197547668156725,0.009155507805749741,2568280823.7788086
2023-09-28,2361.5252311216345,2362.4698412140833,2317.317432671498,2324.071533203125,1612346,-0.016548345392743413,-0.016686798835816266,3747207440.273926
2023-09-29,2328.9834850900697,2335.831908335393,2314.7670569193406,2329.03076171875,1249567,0.002133853646402173,0.002131580214249926,2910279981.8286133
2023-10-03,2352.0793159909003,2360.5808074944816,2325.441355403221,2332.14794921875,1585626,0.0013384054651557342,0.0013375105989347233,3697914424.1279297
2023-10-04,2330.4002931408627,2371.963135754009,2328.6053956574083,2368.9404296875,1587335,0.015776220578576527,0.015653069560474603,3760302056.958008
2023-10-05,2378.5282398571253,2384.951634682424,2357.1329132667297,2379.992431640625,1909928,0.004665377742142374,0.004654528597888353,4545614184.978516
2023-10-06,2380.3700344827253,2380.4173111084674,2355.85744996211,2360.958251953125,1083342,-0.007997579922713882,-0.008029732106201639,2557725234.5874023
2023-10-09,2347.3556872087443,2377.110900145193,2343.577247470783,2372.198974609375,1468771,0.0047610848887102986,0.004749786770725384,3484217060.1359863
2023-10-10,2373.049440469926,2381.2204561827293,2364.6897794788897,2376.827880859375,1092373,0.0019513144974536711,0.001949413156327572,2596382602.697998
2023-10-11,2378.858797693367,2421.932877349777,2376.8750243529425,2414.801025390625,1697398,0.015976396455565034,0.015850117051353103,4098878430.895996
2023-10-12,2413.478699804611,2425.33360216398,2398.553814754688,2415.367919921875,1625010,0.0002347582783381874,0.00023473072692542705,3924997023.552246
2023-10-13,2411.6369043036275,2433.976841314084,2401.8600973497582,2427.12841796875,1531977,0.0048690296620546025,0.004857214274589444,3718304912.3745117
2023-10-16,2418.201982536736,2438.983405824161,2411.211959678051,2416.59619140625,954899,-0.004339377547774914,-0.004348819972590997,2307605286.5776367
2023-10-17,2416.5962357760645,2427.6481286037524,2405.402513052731,2414.565185546875,1253538,-0.0008404407267533776,-0.0008407940950649236,3026749213.5600586
2023-10-18,2427.6948378684415,2428.828323680122,2398.8842345151143,2407.102294921875,1084689,-0.0030907803482264073,-0.003095566674673766,2610957381.1765137
2023-10-19,2385.1401113804727,2412.9115515193826,2385.1401113804727,2406.960693359375,1272343,-5.882656619904392e-05,-5.882829654935001e-05,3062479589.4709473
2023-10-20,2380.4175013752265,2402.663115815191,2347.40342381898,2356.94384765625,3608160,-0.020780084128967147,-0.02099902851032752,8504230513.359375
2023-10-23,2355.8576151427546,2370.924100278848,2342.963779383942,2345.939208984375,922707,-0.004669028786077334,-0.004679962748244561,2164614529.7043457
2023-10-25,2337.9571469218904,2352.079021024989,2328.463769809878,2340.08251953125,1435836,-0.002496522258844225,-0.0024996437668971857,3359974724.513672
2023-10-26,2324.6850329487324,2352.078720862391,2319.6312775865636,2339.23193359375,2650560,-0.0003634854456630032,-0.0003635515225100742,6200274593.90625
2023-10-27,2330.6365808936484,2356.8022349334974,2327.377722123193,2344.569580078125,1784812,0.0022817944675432855,0.002279195127902147,4184615921.3583984
2023-10-30,2334.1316662487516,2353.9684792763614,2326.007926761789,2341.593994140625,875135,-0.0012691395311035247,-0.0012699455707349129,2049210860.0622559
2023-10-31,2333.375469284453,2353.9680124672905,2331.108497635082,2346.4111328125,920414,0.002057204914228894,0.002055091765822563,2159669656.3964844
2023-11-01,2347.3560343050044,2355.8102483452603,2330.1641770787037,2335.312255859375,1267131,-0.004730150142026268,-0.004741372705802229,2959146554.0793457
2023-11-02,2355.0567164539566,2375.0390158662935,2343.923767528903,2366.284912109375,1595123,0.013262747271714392,0.013175567026188141,3774515487.8586426
2023-11-03,2375.990630954531,2390.7394714750735,2365.3334507176373,2387.64697265625,1125583,0.00902767897371759,0.008987173080172156,2687494842.42334
2023-11-06,2393.1180109195598,2395.7347403549593,2370.376346204631,2376.370849609375,1338677,-0.004722692749812296,-0.004733879899427483,3181192999.8425293
2023-11-07,2375.0391394655244,2383.7932436780143,2364.810104710214,2375.46728515625,1473411,-0.00038022872283316467,-0.00038030102810293945,3500039628.0893555
2023-11-08,2376.941895240918,2402.6334209300708,2376.6563873825557,2397.25732421875,745022,0.00917294849676975,0.009131132527340814,1786009446.2041016
2023-11-09,2397.9233366863427,2399.77878928841,2353.20105155686,2356.674072265625,1823094,-0.01692903450252292,-0.017073968666097384,4296438361.103027
2023-11-10,2356.959640581963,2367.9975743738846,2345.874315737013,2366.046875,771062,0.003977131519660837,0.003969243639273462,1824368835.53125
2023-11-13,2357.1502844282145,2366.6656660320014,2351.2507942956913,2358.05419921875,760809,-0.0033780716120639376,-0.0033837901780876672,1794028857.253418
2023-11-15,2380.653137786309,2381.7475460135834,2356.008393316218,2365.904296875,1457029,0.003329057346879827,0.003323528303074812,3447191171.7714844
2023-11-16,2360.0047605370332,2384.364228938126,2355.3899401152466,2370.4716796875,1420578,0.0019305019305020377,0.0019286409064056863,3367439917.7871094
2023-11-17,2345.5413365463196,2410.721694174483,2345.5413365463196,2406.24951171875,1756043,0.015093127809890916,0.014980359821674187,4225477611.307129
2023-11-20,2411.6254864138623,2411.6731097766415,2378.8450481126865,2384.982421875,944231,-0.00883827289737682,-0.008877562101733804,2251974337.189453
2023-11-21,2383.6026916717083,2395.0211476797163,2376.9419256670367,2383.840576171875,1088806,-0.0004787648297329694,-0.00047887947420735246,2595539922.3793945
2023-11-22,2386.219423948532,2401.9198009778015,2382.6511564418797,2399.68359375,816610,0.006646005499061802,0.006624018169361129,1959605619.4921875
2023-11-23,2384.7447362298585,2405.250428716341,2384.7447362298585,2397.78076171875,1023670,-0.0007929512191549026,-0.0007932657712668618,2454536232.348633
2023-11-24,2393.2133351940906,2397.68551736679,2385.9339300524603,2393.308349609375,735137,-0.0018652297911377902,-0.0018669714983510952,1759409520.206787
2023-11-28,2409.05634834171,2409.05634834171,2378.8450166305024,2388.8837890625,1880641,-0.0018487214769451477,-0.0018504324715883673,4492632797.946289
2023-11-29,2390.2632916948874,2406.1063053822163,2386.5523866736053,2402.680908203125,1265214,0.005775550574621979,0.005758936023825874,3039905522.5913086
2023-11-30,2394.212385917684,2430.7039632772917,2394.212385917684,2422.187744140625,3095684,0.008118779264820741,0.00808599927923615,7498327844.532227
2023-12-01,2424.0431539867304,2456.8235929635157,2418.80969477302,2439.410400390625,1345599,0.00711037213843646,0.0070852126343543135,3282468195.3552246
2023-12-04,2452.1135410090665,2481.9917426867814,2450.210464919808,2476.1875,2188039,0.015076224813785233,0.01496370801271625,5417994821.3125
2023-12-05,2509.205964012819,2509.205964012819,2432.416885978685,2439.030029296875,3108717,-0.015005919666069345,-0.015119647641375541,7582254115.585693
2023-12-06,2445.4527600494966,2458.488784721016,2438.791993776988,2443.216552734375,1573754,0.0017164706408747676,0.0017149991887066096,3845021822.7319336
2023-12-07,2427.4690585371686,2435.7473939501588,2377.513305844326,2396.2109375,3925967,-0.019239234107908953,-0.019426716749470482,9407445065.664062
2023-12-08,2396.924331120229,2411.1497784060275,2386.742920518536,2400.064453125,1605805,0.0016081704513961625,0.0016068787299824965,3854035499.1503906
2023-12-11,2400.0644390234593,2407.3436120884426,2377.8935562825754,2382.318115234375,2012243,-0.007394108882167072,-0.007421580809301362,4793802951.153564
2023-12-12,2378.8449404873386,2395.9726240588475,2375.990326558754,2381.461669921875,1677929,-0.0003595008185611759,-0.0003595654544720217,3995923598.350342
2023-12-13,2386.3146698320634,2394.735641759348,2376.9895509561466,2390.168212890625,1513205,0.0036559660307426967,0.0036492992310549806,3616814490.587158
2023-12-14,2399.160522215659,2402.4432819810836,2379.9868913870355,2394.40283203125,2166569,0.001771682477319736,0.0017701148991469376,5187638949.391113
2023-12-15,2397.8758864843303,2409.2943430866367,2385.505891831832,2400.63525390625,2543337,0.002602912839738236,0.0025995311290402928,6105624464.76416
2023-12-18,2398.0185536861045,2421.188598416162,2393.118225591137,2412.624755859375,1969036,0.004994303875866191,0.004981873709769348,4750544998.77832
2023-12-19,2412.196656790322,2442.5506286265395,2412.149033424489,2436.603515625,1656220,0.00993886832479407,0.009889802610275968,4035551474.6484375
2023-12-20,2448.2598103471983,2448.2598103471983,2423.5674440982407,2433.55859375,1468642,-0.0012496583278626128,-0.0012504398019490554,3574026360.2421875
2023-12-21,2419.0477452371683,2454.968308668264,2413.100632086325,2429.467041015625,1945695,-0.0016813043848145082,-0.0016827193632604296,4727001874.3688965
2023-12-22,2435.1758881514215,2454.730039589909,2423.3769104321914,2450.78125,1174984,0.00877320359755318,0.008734942664662296,2879628756.25
2023-12-26,2450.781556654719,2466.053556897237,2442.6458596590815,2459.488037109375,893776,0.003552657794070768,0.0035463620121362095,2198231379.8554688
2023-12-27,2460.67738365646,2485.4173728192854,2455.82444670473,2481.896728515625,1073278,0.009111120309650556,0.009069864455027188,2663765156.987793
2023-12-28,2487.177509304444,2512.0601332308124,2480.516743799665,2506.16064453125,1635216,0.009776360046268584,0.009728880638115325,4098113984.5078125
2023-12-29,2506.1610729677977,2537.847337890644,2494.2192234523473,2534.849853515625,1305681,0.011447474066348606,0.011382447524326746,3309705291.588135
2024-01-01,2534.754547548559,2540.0353975040516,2510.157197777863,2526.095458984375,526353,-0.0034536146269603663,-0.0034595921205639213,1329617923.1228027
2024-01-02,2519.6731754953353,2525.3347813727073,2480.6601089563214,2487.130615234375,1310629,-0.015424929256500075,-0.015545131150317425,3259705511.1140137
2024-01-03,2473.0472868784123,2501.2129048853863,2469.7645272072045,2480.2314453125,1008270,-0.0027739475681798353,-0.0027778020905475107,2500742959.3652344
2024-01-04,2480.23168969662,2495.884445034577,2462.628234785015,2466.91015625,1376844,-0.005370986279396028,-0.005385461881642638,3396550447.171875
2024-01-05,2469.2413172160113,2502.4499032792064,2469.2413172160113,2493.077392578125,1150738,0.01060729198500776,0.01055142935033989,2868878892.5805664
2024-01-08,2497.739759008787,2498.738920423555,2442.1224064230973,2453.302978515625,1189828,-0.015953942778073493,-0.016082576905411865,2919008576.321289
2024-01-09,2457.394333140588,2463.5317063411544,2446.927415886918,2454.72998046875,1017205,0.000581665601689485,0.0005814964998240386,2496963609.782715
2024-01-10,2454.968232542675,2468.5752734716893,2440.695161423241,2452.494140625,881278,-0.0009108292405028973,-0.0009112442975054168,2161329131.2617188
2024-01-11,2454.9679364475815,2463.5317780863525,2409.1514766037876,2413.29052734375,2399600,-0.015985201608375355,-0.01611434302708979,5790931949.4140625
2024-01-12,2410.7217407226562,2431.1798095703125,2390.1210340857506,2420.712890625,2979841,0.003075619448695166,0.0030708994067573233,7213339520.712891
2024-01-15,2422.616012767572,2453.778885673361,2408.342941207669,2448.497802734375,1391204,0.011477987421383729,0.011412615076832605,3406359937.1552734
2024-01-16,2448.4976020680647,2459.3452749500357,2432.464325715243,2444.596435546875,1599406,-0.0015933717331267916,-0.0015946424999153984,3909902206.592285
2024-01-17,2425.4704913619616,2446.7374597198636,2416.6687643925234,2438.69677734375,3047652,-0.0024133464801543436,-0.0024162632945718596,7432299110.865234
2024-01-18,2445.452880859375,2445.452880859375,2414.5755164325237,2424.51904296875,1273095,-0.005813651990979607,-0.005830617050304051,3086643071.008301
2024-01-19,2440.6951612875596,2449.2113805931954,2409.2944048265504,2441.07568359375,1323064,0.0068288350520551155,0.006805624166926768,3229699358.2382812
2024-01-23,2332.219769208468,2360.29014178768,2250.8156422669326,2260.42626953125,4369332,-0.0740040201443275,-0.07688538575394262,9876552833.103516
2024-01-24,2272.272831171449,2327.3667905613916,2252.433170186705,2323.32275390625,1551469,0.027825054602662602,0.027444972203050443,3604563229.680176
2024-01-25,2335.835631151106,2348.3958868393197,2302.9123219857183,2310.619873046875,2364765,-0.0054675489395596966,-0.005482550692128064,5464073004.085693
2024-01-29,2293.2063973156114,2330.316376359308,2293.2063973156114,2325.939208984375,1587091,0.006629968051516499,0.006608086476184103,3691477185.1262207
2024-01-30,2335.074220580043,2373.6591324226742,2328.698962527643,2339.498779296875,1793711,0.005829718274718232,0.005812791221908875,4196384694.911377
2024-01-31,2331.2679935095225,2365.4281132254823,2323.4178053681126,2361.2890625,1445004,0.009314081886238057,0.009270973296762573,3412072140.46875
2024-02-01,2355.151672158884,2389.8351839626457,2348.7287909985926,2353.724365234375,1727534,-0.0032036303330079674,-0.0032087729429479506,4066138867.570801
2024-02-02,2356.9596217343483,2366.3797549936667,2323.6557917946216,2333.7421875,1956115,-0.008489599729484598,-0.008525841646623929,4565068099.1015625
2024-02-05,2344.5897815922713,2345.3034351378046,2295.8234559808247,2302.246337890625,1315445,-0.013495856473809797,-0.013587753299002397,3028478433.946533
2024-02-06,2307.4321116623337,2323.0374748228087,2300.8665921440406,2308.764404296875,1557511,0.002831176794148904,0.002827176561594106,3595925956.10083
2024-02-07,2321.65739200059,2321.65739200059,2294.681430030404,2307.90771484375,1149076,-0.000371059711216315,-0.00037112857090552335,2651961365.341797
2024-02-08,2323.465605276218,2323.465605276218,2282.739731180173,2299.9150390625,1758661,-0.0034631695755612535,-0.0034691802286019864,4044770882.5126953
2024-02-09,2299.9151175875504,2310.762558563017,2289.4958222778605,2306.6708984375,886474,0.0029374386706710887,0.002933132827737969,2044803778.0214844
2024-02-12,2306.623196324474,2312.094539439261,2266.563356421278,2270.036376953125,1292460,-0.015881988847733175,-0.01600945908812358,2933931215.756836
2024-02-13,2274.176025390625,2284.59532096982,2264.755891263485,2277.982177734375,957865,0.003500296674503023,0.003494184893975928,2181999398.675537
2024-02-14,2269.4181070464574,2277.98194895984,2255.145037190819,2272.22509765625,1397975,-0.002527271782192253,-0.0025304707243903276,3176513880.895996
2024-02-15,2253.575255883098,2269.1327637686886,2233.021940876607,2236.92333984375,2553695,-0.015536206271514641,-0.015658157883451887,5712419948.342285
2024-02-16,2255.0974271593814,2266.5635064730027,2243.346072294225,2260.140625,2363302,0.0103791152529491,0.010325622059196309,5341394859.34375
2024-02-19,2273.700074434181,2278.8859101258126,2258.760974142025,2271.4638671875,576683,0.005009972415986219,0.004997464263784737,1309914597.321289
2024-02-20,2255.240238278743,2291.7315800858087,2253.4321767481674,2287.592529296875,1032995,0.007100558517510347,0.007075468251800501,2363071644.8010254
2024-02-21,2287.592651559068,2305.386366108225,2278.077271339296,2290.447265625,1127778,0.0012479216869110132,0.0012471436798366826,2583116036.3320312
2024-02-22,2303.0071486729075,2303.0071486729075,2251.1007115051457,2272.36767578125,2258516,-0.007893475704543906,-0.007924794100089862,5132178753.634766
2024-02-23,2272.796309813276,2288.9248336823293,2268.4191417555935,2278.077392578125,1210775,0.0025126729524138636,0.00250952146772728,2758239154.9987793
2024-02-26,2275.2224763514932,2289.9236911602075,2264.6603122237966,2287.735107421875,831596,0.0042394147254234404,0.004230453724156319,1902471364.3916016
2024-02-27,2287.5451965256293,2292.2076402527696,2273.3671395694214,2288.734619140625,1120424,0.00043690010941710433,0.0004368046963539402,2564353196.9160156
2024-02-28,2294.2534952803453,2307.4797813093674,2284.6428680098106,2304.197021484375,629152,0.006755873841570947,0.006733155191378987,1449690164.4609375
2024-02-29,2307.4797503355253,2311.0956413545705,2281.0745696873555,2295.395263671875,2848084,-0.003819880735211556,-0.00382719511226727,6537478524.139648
2024-03-01,2299.8197932900557,2320.610992152407,2287.4974222733213,2292.921142578125,2326244,-0.001077862768520399,-0.0010784440803480724,5333894050.395508
2024-03-04,2299.106276780367,2310.239225924015,2287.878080904484,2304.625244140625,1501261,0.0051044501030419465,0.005091466561431953,3459843998.643799
2024-03-05,2288.449156471972,2302.722228133959,2275.222869655507,2283.548828125,1587199,-0.00914526822493611,-0.0091873429096976,3624446416.451172
2024-03-06,2287.497512070002,2292.112564616578,2260.188416020836,2284.45263671875,1354111,0.0003957912275045494,0.0003957129228175221,3093402444.3598633
2024-03-07,2288.401639466109,2308.4315640912137,2286.5461865256334,2302.294189453125,1820704,0.007809990212798379,0.007779650107467189,4191796239.9140625
2024-03-11,2292.25506306885,2296.0612151038335,2268.038467208084,2274.033203125,2040761,-0.012275141229817321,-0.0123511030439986,4640758273.642578
2024-03-12,2264.6603404900284,2269.418030280974,2246.3908581546125,2262.89990234375,1012157,-0.0048958391486766395,-0.004907863029873587,2290409976.456543
2024-03-13,2259.902984034686,2259.902984034686,2192.201141247142,2200.527099609375,2322669,-0.027563217740994017,-0.02795021099167451,5111096077.922607
2024-03-14,2193.152679071941,2228.216718613334,2190.2980647766744,2221.4609375,2292515,0.009513101608401575,0.009468137000952177,5092732521.1328125
2024-03-15,2217.131226818886,2223.6967462831662,2203.6668243480685,2214.89501953125,2751403,-0.0029556756357549396,-0.00296005227105721,6094068801.42334
2024-03-18,2208.329652394355,2212.3260659225875,2185.6829993222295,2188.489990234375,2487402,-0.01192157148037798,-0.011993203292046613,5443654378.688965
2024-03-19,2172.5989819315796,2192.248147291929,2137.9630941512487,2157.0888671875,4220638,-0.014348305538062878,-0.014452237840154421,9104291242.228516
2024-03-20,2140.96046434362,2155.661679736964,2131.445084502093,2133.300537109375,2995013,-0.01102797869850447,-0.011089237646855724,6389262841.549561
2024-03-21,2125.735961002828,2149.6670495560147,2125.735961002828,2133.681396484375,3504486,0.00017853057662287064,0.00017851464193600035,7477456582.439941
2024-03-22,2130.541200274139,2156.185102851086,2123.880434290045,2147.193115234375,3507809,0.006332584973681277,0.006312618406446002,7531943334.357178
2024-03-26,2123.928497824339,2149.667420149861,2123.8332510811942,2131.445556640625,3027027,-0.007334020625355375,-0.007361046775929761,6451943248.981201
2024-03-27,2140.960556087323,2153.3305504113832,2127.6390237383353,2131.15966796875,2168861,-0.0001341290050709265,-0.0001341380011703614,4622189088.630371
2024-03-28,2136.2031225976516,2177.024015847475,2131.5406786390135,2154.615478515625,3186360,0.011006125397085453,0.01094599877080657,6865380576.123047
2024-04-01,2159.991486744805,2183.7799392419947,2152.379181945704,2175.120849609375,1427873,0.009516951538785401,0.009471950644417096,3105796332.894287
2024-04-02,2186.6347521861035,2186.6347521861035,2166.7000736443174,2175.88232421875,1221495,0.00035008381695744717,0.00035002255191618205,2657829379.621582
2024-04-03,2171.2673211234596,2171.2673211234596,2151.4752820475064,2155.424072265625,1175309,-0.009402278664343955,-0.009446759117687541,2533289310.9504395
2024-04-04,2159.991348715431,2171.409805184411,2140.2469344044857,2155.18603515625,1890255,-0.00011043632315232976,-0.0001104424216920698,4073851178.8842773
2024-04-05,2155.1857913246454,2169.982252620154,2148.667895879807,2157.0888671875,1153449,0.0008829084822423727,0.0008825189478136708,2488091996.7685547
2024-04-08,2166.651870170275,2178.0227019906465,2157.326751979139,2158.991943359375,1127294,0.000882242823104562,0.0008818538756523569,2433818663.7973633
2024-04-09,2160.942933319301,2164.368563257449,2146.431977910618,2154.4248046875,1189343,-0.0021154032954697755,-0.0021176439214637575,2562350060.4814453
2024-04-10,2166.55712999579,2166.55712999579,2148.2876439001657,2151.33251953125,2308993,-0.0014353182109312357,-0.001436349266828185,4967411728.27002
2024-04-12,2151.3322566982424,2155.0910177947553,2120.597763925149,2124.118408203125,3388551,-0.012649886096666507,-0.012730577116153823,7197683556.235107
2024-04-15,2119.741083507388,2119.7887068675727,2083.8681485983543,2087.721923828125,4909564,-0.017134866038748364,-0.01728336665928161,10249804399.237305
2024-04-16,2077.2075959305644,2123.1193075676006,2066.7883005804556,2113.17578125,2821129,0.012192168473855958,0.012118442634788817,5961541478.582031
2024-04-18,2107.704193082432,2129.2564348333967,2101.994965354063,2107.46630859375,3392171,-0.002701844639196427,-0.0027055012092314446,7148886095.48877
2024-04-19,2112.414458340636,2135.0134868927034,2089.5775452774938,2123.452392578125,2337694,0.0075854517432556445,0.007556826868119342,4963981917.415527
2024-04-22,2140.9603870263354,2144.3383932099023,2121.02571344006,2132.872314453125,1804108,0.004436135186229873,0.004426324542063195,3847932005.4833984
2024-04-23,2143.8150341424634,2163.3215624158415,2139.7233744330624,2153.092529296875,1991778,0.009480274419959578,0.009435618629337244,4288482331.817871
2024-04-24,2156.232834312824,2158.4214182791357,2136.8213188005566,2150.7138671875,1404398,-0.0011047653907153565,-0.0011053760938301617,3020458253.6503906
2024-04-25,2129.589797086767,2131.3026120529203,2107.752045118327,2122.73876953125,4951866,-0.013007354480321087,-0.013092690924259945,10511517939.723633
2024-04-26,2136.2030043143795,2145.7183851799227,2111.0824917529876,2114.93603515625,2307512,-0.0036757864354279857,-0.0036825587391757677,4880240280.355469
2024-04-29,2125.735806975703,2125.735806975703,2112.4142755085322,2118.21875,1395292,0.0015521579798074558,0.0015509546276444956,2955533676.125
2024-04-30,2123.8804638974716,2131.683029125793,2117.172074458158,2122.35791015625,2119102,0.00195407587448182,0.0019521691517367544,4497492892.12793
2024-05-02,2098.188996387385,2134.4900796001903,2098.188996387385,2118.4091796875,2140383,-0.0018605393792695546,-0.001862272332479185,4534206995.24707
2024-05-03,2123.8331146541964,2127.306135918941,2097.1900469076386,2109.607666015625,2595307,-0.004154775081352979,-0.004163430140877106,5475079542.864014
2024-05-06,2117.1721666480007,2151.9033055615523,2104.8021719664616,2146.860107421875,1619256,0.01765846892119427,0.01750436961936012,3476316110.1035156
2024-05-07,2156.185274976806,2273.7954738082717,2149.5245084609905,2264.089599609375,8277810,0.054605091306241915,0.0531663758156853,18741703528.54248
2024-05-08,2251.7194941298253,2257.2860845113137,2212.325912736349,2227.59814453125,1813439,-0.016117496005644383,-0.01624879556920967,4039613351.6206055
2024-05-09,2227.170261103702,2247.6283310925387,2207.045090078051,2212.944580078125,1558987,-0.006578190275970286,-0.006599921925334405,3449951832.062256
2024-05-10,2208.519701911903,2256.096601996175,2208.519701911903,2248.05615234375,2610266,0.015866448975593084,0.015741892657595,5868024540.553711
2024-05-13,2258.951417394285,2266.230590832508,2234.1161804125177,2246.248291015625,1170617,-0.0008041886881874349,-0.0008045122213766558,2629496435.683838
2024-05-14,2246.2005599454214,2257.3335074106412,2233.0216665184257,2235.733642578125,689430,-0.004680982275893419,-0.004691972383170494,1541381845.2026367
2024-05-15,2235.686124115199,2241.6332365347407,2205.3319229404124,2210.708251953125,812282,-0.011193368542838589,-0.011256485730445817,1795718520.3129883
2024-05-16,2223.7443255783614,2234.306490394986,2189.822088503335,2229.59619140625,1880021,0.008543840842154538,0.00850754880307851,4191687661.3637695
2024-05-17,2237.922206273115,2237.922206273115,2202.905792515625,2207.9013671875,1264582,-0.009730382704442375,-0.009778032228915377,2792072326.720703
2024-05-21,2195.1981059581112,2212.135528356664,2190.2025315947476,2198.71875,1663959,-0.0041589798004415535,-0.004167652411426885,3658577852.53125
2024-05-22,2199.00419017492,2258.95108069029,2198.7186823296997,2252.195068359375,1914851,0.024321581993774766,0.024030522231328857,4312617978.843018
2024-05-23,2252.1954633173386,2271.131211122761,2240.8722527134705,2267.03955078125,1614718,0.006591117541469682,0.006569491102501936,3660629569.3583984
2024-05-24,2263.23319883726,2267.7530044687405,2250.101927593456,2254.2412109375,974100,-0.005645397690278275,-0.005661393176814412,2195856363.5742188
2024-05-27,2254.2414095917443,2283.6438443145053,2248.008788499374,2268.942626953125,1116934,0.006521669439940148,0.006500495364154638,2534259164.0932617
2024-05-28,2274.175797760931,2292.255019584135,2263.2807342292895,2279.83740234375,1631747,0.004801697169952268,0.0047902057928232095,3720117841.762207
2024-05-29,2265.802414530094,2278.9336864083803,2254.5742187991223,2258.38037109375,1592495,-0.009411649807982592,-0.009456219252475872,3596459449.0649414
2024-05-30,2253.242158147563,2257.476456113005,2220.9374870126303,2237.446533203125,1837380,-0.009269403045903513,-0.009312631303116816,4111039511.176758
2024-05-31,2238.969223428317,2262.2342842817607,2205.28486649673,2216.179931640625,5529186,-0.00950485352249053,-0.009550312928722625,12253671051.5083
2024-06-03,2265.6119681036826,2271.7493417150577,2230.6905701180376,2241.728271484375,1207445,0.01152809818327194,0.011462155967742464,2706763592.762451
2024-06-04,2258.951313785197,2388.408110980156,2228.597343141122,2375.324462890625,7826048,0.059595176233285585,0.05788692596419737,18589403262.15625
2024-06-05,2410.769334382574,2591.9420907889694,2402.633637386238,2476.61572265625,11061076,0.042643125748959676,0.04175895615358049,27394034731.095703
2024-06-06,2473.998928676966,2473.998928676966,2395.9728086186924,2426.04150390625,4102547,-0.02042069679496239,-0.020632081929445288,9952949293.726074
2024-06-07,2431.464908387118,2470.668224470338,2402.633262772041,2452.87451171875,3974253,0.011060407568994624,0.010999688568879224,9748343886.821777
2024-06-10,2454.0167222546115,2467.9566622821258,2422.6159654363087,2441.0283203125,1449122,-0.0048295138416800665,-0.004841213628374374,3537347841.5878906
2024-06-11,2441.646359546205,2451.827769065352,2427.658798258475,2432.464111328125,1402423,-0.0035084431069929423,-0.0035146121268404386,3411343616.401123
2024-06-12,2443.5497898876715,2443.5497898876715,2395.021347798781,2406.154296875,1754677,-0.010816116188764546,-0.010875035611513201,4222023603.1777344
2024-06-13,2367.378861098653,2384.3639068951125,2327.8900350917966,2366.85546875,3123098,-0.01633263011272368,-0.01646747781029789,7391921580.7421875
2024-06-14,2376.0797273343774,2412.013876045768,2373.5815310828184,2382.565185546875,1729552,0.006637379005306032,0.006615448592100204,4120770381.7929688
2024-06-18,2382.709074497223,2400.0998034109475,2376.223616661745,2388.810302734375,1820933,0.002621173693540202,0.002617744408967566,4349863510.989014
2024-06-19,2397.217018956521,2397.217018956521,2355.421852493752,2360.706298828125,986976,-0.011764853774316242,-0.01183460729959595,2329960459.9921875
2024-06-20,2360.7063750093316,2392.413054038761,2350.7619136666053,2384.918701171875,2163310,0.010256422984836977,0.010204182773445739,5159318475.432129
2024-06-21,2378.0010255446114,2380.88345103012,2331.4499008681246,2345.621826171875,3646215,-0.016477238817696693,-0.016614498378314736,8552641486.915283
2024-06-24,2339.568797683873,2371.1314520893884,2331.9304166962634,2346.486572265625,1945519,0.00036866390144463246,0.0003685959616059827,4565134209.5876465
2024-06-25,2343.7483395788545,2350.8101414046546,2332.7468944491416,2336.87841796875,833789,-0.004094698180010403,-0.004103104411771697,1948463519.239746
2024-06-26,2341.4903708409693,2370.314626534539,2337.070557805665,2349.75341796875,1738656,0.005509486458945112,0.005494364754881041,4085412878.671875
2024-06-27,2353.93272429665,2385.8796067402795,2340.5294927122213,2365.654541015625,3402726,0.006767145405674357,0.006744351054545966,8049674213.731934
2024-06-28,2366.4712693367455,2392.8935023480167,2366.327241894727,2376.12744140625,2129791,0.004427062451024089,0.004417291836186043,5060654839.560059
2024-07-01,2364.5977267940966,2424.1197644648755,2354.0769209852706,2406.92138671875,3312865,0.012959719573911066,0.012876460975376005,7973805619.812012
2024-07-02,2416.4331545958444,2416.4331545958444,2382.180428559446,2387.7529296875,1305210,-0.007963889945479918,-0.007995771095137036,3116519001.357422
2024-07-03,2389.1942283444664,2421.0932564085983,2377.328384780151,2411.965576171875,1406405,0.010140348351512118,0.010089279963166756,3392200446.156006
2024-07-04,2416.4811726317103,2437.426842313378,2395.1991261867634,2398.129638671875,1977010,-0.00573637436482799,-0.005752890552564812,4741126276.950684
2024-07-05,2398.130118634334,2453.9051033921646,2398.130118634334,2447.179443359375,1754286,0.020453358274102662,0.020246997445317865,4293052636.9731445
2024-07-08,2459.6697583062924,2493.2980557831365,2436.8505564470056,2485.755615234375,2818809,0.015763523994809514,0.015640570091733128,7006870300.023193
2024-07-09,2485.756001788121,2511.5538078360646,2467.356609993502,2488.638427734375,1479529,0.001159732872504593,0.001159060901824288,3682012724.347412
2024-07-10,2479.846813854659,2523.0831976684753,2472.160345621092,2508.142578125,1764036,0.00783727767491782,0.007806725739752498,4424453800.9453125
2024-07-11,2514.4359645699687,2514.4840519117424,2488.542221172962,2506.60546875,1432671,-0.0006128476859353915,-0.0006130355538386641,3591140963.5195312
2024-07-12,2499.062800724271,2536.053926378974,2499.062800724271,2519.47998046875,1912642,0.005136233794770462,0.005123088338849706,4818863228.803711
2024-07-15,2525.004868370629,2526.2058790576393,2511.2171718547897,2517.606689453125,920101,-0.0007435228817640471,-0.0007437994319913454,2316452432.57251
2024-07-16,2523.035159123248,2618.203292695142,2521.6901209853186,2583.085693359375,3298003,0.026008432604090803,0.02567596562717192,8519024365.956299
2024-07-18,2594.1829285927874,2643.376276472366,2550.9465464495743,2631.077880859375,5569762,0.018579402001017264,0.01840891339174183,14654477599.851074
2024-07-19,2631.654457755346,2635.4976917206695,2609.5077751156914,2620.124755859375,1668862,-0.004162980153374463,-0.00417166947929878,4372626640.312988
2024-07-22,2599.659583162453,2642.175360458866,2599.611495821651,2628.099609375,1911629,0.0030436922889991447,0.0030390696352059375,5023951428.169922
2024-07-23,2638.380313247674,2701.121159308212,2624.9289933695,2657.932861328125,3906259,0.011351644300963137,0.011287697863238787,10382574160.95874
2024-07-24,2640.3016724627655,2649.3812655791385,2570.258828910882,2610.564697265625,3611927,-0.017821429860659044,-0.01798214384007897,9429169115.300537
2024-07-25,2610.5648880170047,2618.0592415362944,2565.358799338894,2601.100830078125,2166670,-0.0036252184048197744,-0.003631805433491472,5635727135.505371
2024-07-26,2617.2424725522474,2620.1248981828116,2581.9327585778365,2604.800048828125,2135309,0.0014221742991367137,0.001421163967066913,5562052987.463135
2024-07-29,2604.943905005056,2613.3990665465953,2587.2651227956057,2605.328369140625,957011,0.00020282566899432197,0.0002028051026491953,2493327907.8796387
2024-07-30,2609.1716754019894,2646.403005047723,2580.15507083308,2585.919921875,1560399,-0.0074495205654352414,-0.007477406822913721,4035066860.173828
2024-07-31,2598.9871405340136,2603.4548064845294,2570.210971234448,2599.611572265625,1751085,0.005294692335521933,0.005280724733137179,4552140830.020752
2024-08-01,2607.634235086142,2618.1550411098347,2589.570988606588,2609.12353515625,1886392,0.0036589939020523765,0.0036523160683427213,4921829763.730469
2024-08-02,2605.712580239621,2651.3509827327557,2576.071545001969,2587.02490234375,1738872,-0.008469753353850584,-0.00850582554088698,4498505165.988281
2024-08-05,2571.075464055805,2634.5369125284533,2561.707581161147,2609.459716796875,3118731,0.008672051990222363,0.008634665735575456,8138202912.025635
2024-08-06,2613.495316474495,2663.120982084399,2602.493871399837,2642.271484375,2296031,0.01257416137406464,0.012495763117759734,6066737238.541016
2024-08-07,2672.6806902344133,2672.824952238418,2628.29138888837,2636.50634765625,1713875,-0.0021818865899443374,-0.00218427037255009,4518642316.589355
2024-08-08,2646.066897140709,2651.111142314997,2613.7836341963016,2626.08203125,1464161,-0.003953837022056428,-0.00396167410016211,3845006892.9570312
2024-08-09,2647.988365284219,2649.909982385296,2612.0542193230376,2639.533203125,1284031,0.005122144592184519,0.005109071033673762,3389242458.341797
2024-08-12,2630.693760855518,2655.098203741582,2615.7050539259953,2640.974365234375,1297178,0.0005459912789385069,0.0005458422799324734,3425813845.145996
2024-08-13,2634.5367839801565,2649.573342474069,2623.103257193001,2633.960205078125,1051237,-0.002655898614005503,-0.0026594317699185654,2768916424.105713
2024-08-14,2633.5761711471446,2635.0654712777045,2600.524451664369,2615.368896484375,946995,-0.007058310356362618,-0.0070833380673397915,2476741268.1262207
2024-08-16,2630.5975302627953,2645.682411553872,2604.4635856599443,2640.5419921875,1727926,0.009625065028861846,0.00957903918924719,4562661162.392578
2024-08-19,2642.271738330815,2651.5915348398116,2629.7812265261523,2635.065673828125,1130327,-0.002073937235453016,-0.002076090821397886,2978485877.901123
2024-08-20,2635.0653057720447,2648.2283348439128,2627.8592422758707,2643.232177734375,1097889,0.003099165226643441,0.003094372713399612,2901975532.380615
2024-08-21,2641.742926879829,2685.555887581203,2635.449584394862,2681.80859375,1417729,0.014594410714495076,0.014488937279074418,3802077815.8085938
2024-08-22,2693.0980594265625,2699.8718060680067,2673.065343530661,2683.345947265625,1552947,0.0005732525129524824,0.0005730882664974769,4167094038.7683105
2024-08-23,2689.495041641558,2710.440713352591,2662.7366663031476,2705.25244140625,2111401,0.008163872482766621,0.00813072834330295,5711872710.037598
2024-08-26,2705.252661115509,2723.84416591014,2693.7229584562397,2710.5849609375,1152244,0.0019711726157718434,0.0019692324042740626,3123255257.7304688
2024-08-27,2698.9113169229367,2713.419620394313,2651.399379279982,2658.461181640625,1357212,-0.0192297161122178,-0.019417012089743276,3608095417.256836
2024-08-28,2651.83161941354,2672.729205544788,2638.1400974654807,2656.01123046875,1723549,-0.0009215674047807765,-0.0009219923090935881,4577765500.263184
2024-08-29,2661.391380337622,2699.871806559106,2637.419255873575,2676.091796875,2129934,0.007560422251191357,0.007531985498183218,5699898905.285156
2024-08-30,2686.132239865862,2705.9249885246168,2651.9275984762385,2669.1259765625,4029712,-0.0026029825735552903,-0.0026063762230472717,10755808977.265625
2024-09-02,2684.499119525131,2698.815073255556,2670.086991109642,2679.7431640625,957950,0.003977776842767788,0.003969886405805981,2567059964.013672
2024-09-03,2671.0477444623643,2717.1184670971547,2666.2437017564966,2684.787353515625,2022116,0.0018823406365100492,0.0018805712534139783,5428951464.141602
2024-09-04,2671.047933622965,2732.3956571504295,2663.025087907038,2729.8974609375,1640986,0.016802115580142774,0.016662521516574897,4479723514.833984
2024-09-05,2728.7444187868173,2743.1084599551136,2712.9870175378533,2727.20703125,1945173,-0.0009855423971038002,-0.0009860283633318292,5304889482.597656
2024-09-06,2717.262624333097,2754.109489722698,2717.262624333097,2727.687255859375,1672730,0.0001760865984401505,0.00017607109701477753,4562684303.493652
2024-09-09,2741.282787084872,2823.0474485552013,2731.770642323624,2807.290283203125,3342754,0.029183341005371455,0.02876561494133411,9384080823.338379
2024-09-10,2819.0122846882073,2822.471289295926,2774.334687129243,2784.999755859375,1536584,-0.007940228866648025,-0.007971920353791967,4279386064.857422
2024-09-11,2797.4902425402506,2834.3851966953944,2784.5193272333395,2790.33203125,1913665,0.0019146412416757297,0.001912810652375646,5339760746.582031
2024-09-12,2796.913567246111,2847.2598392446016,2780.7719373945893,2840.5341796875,2454564,0.01799146046967426,0.017831529556481273,6972272938.230469
2024-09-13,2840.534331776925,2840.534331776925,2804.1197811969887,2818.00341796875,1902001,-0.007931874884613666,-0.007963499543772408,5359845318.97998
2024-09-16,2795.9529692747783,2795.9529692747783,2697.373915085818,2754.734375,1489057,-0.022451726837987684,-0.02270760403301705,4101956504.234375
2024-09-17,2754.734220040867,2799.6998714212546,2748.008560355651,2760.88330078125,1098661,0.002232130196309745,0.0022296426946337863,3033274808.119629
2024-09-18,2761.363767778583,2780.1476218120856,2749.5457757201657,2763.141357421875,464796,0.0008178747142213449,0.0008175404369494654,1284297050.3642578
2024-09-19,2763.5255740396533,2819.3005569204092,2760.7393230916587,2797.63427734375,1713010,0.012483226683001947,0.012405953622325078,4792375493.432617
2024-09-20,2810.172827301893,2872.193064647857,2781.924915858446,2860.903564453125,3641632,0.02261528164054627,0.022363347460323216,10418357969.226562
2024-09-23,2863.209388903986,2916.05385749114,2853.5532163658545,2909.856689453125,1300470,0.01711107134411849,0.0169663257972475,3784181328.9331055
2024-09-24,2901.641927696049,2901.641927696049,2830.638267069139,2834.913818359375,1929308,-0.025754832313695353,-0.026092294810205394,5469421909.071289
2024-09-25,2834.913608154621,2844.3295785071546,2791.244908103834,2833.376220703125,1055354,-0.0005423789768466136,-0.0005425261175302906,2990214928.023926
2024-09-26,2835.4420155060993,2875.555769777395,2825.929870755823,2869.0703125,1902889,0.012597724063632132,0.012519032934744639,5459522337.8828125
2024-09-27,2869.0704340908233,2911.2498345646336,2837.027375911129,2849.998291015625,2977081,-0.006647456983288946,-0.006669649730357831,8484675762.215088
2024-09-30,2848.0287842912826,2880.407986959027,2827.27545942713,2842.360107421875,1627702,-0.002680066025944172,-0.0026836638325731564,4626515231.570801
2024-10-01,2846.587262073405,2846.587262073405,2778.0815699262566,2809.163818359375,1184642,-0.011679128543853001,-0.011747865279890853,3327853444.1088867
2024-10-03,2794.75192453702,2808.5396213284594,2748.969490062006,2779.95556640625,1233447,-0.010397489730657017,-0.010451921256567931,3428927853.51709
2024-10-04,2777.6974314563677,2799.7960274174525,2706.6456883133583,2737.103271484375,2456486,-0.015414740954752593,-0.015534783286211645,6723655866.955566
2024-10-07,2733.5004540047285,2754.109751462268,2714.3323694403375,2722.35498046875,1280975,-0.005388284457249148,-0.005402853620710801,3487268671.105957
2024-10-08,2732.539476632422,2772.8934351480907,2689.0148030331857,2708.3271484375,1761488,-0.005152829859401575,-0.0051661514695466836,4770685772.046875
2024-10-09,2712.746640266062,2715.1008087621585,2652.5039938931,2660.4306640625,1476282,-0.01768489615541191,-0.017843142419738348,3927545901.6035156
2024-10-10,2661.4394300011586,2678.157403349832,2626.0816318144653,2646.739013671875,2065078,-0.005146403766718599,-0.005159692113655989,5465722508.875488
2024-10-11,2656.4432884023827,2680.6556147827187,2629.7808535241675,2674.1220703125,679307,0.010345960254931175,0.01029280710735278,1816549841.2177734
2024-10-14,2682.1932811757006,2694.7797326210543,2656.6356795435354,2679.791259765625,874010,0.0021200189460544028,0.002117774876974868,2342164358.947754
2024-10-15,2683.6344784180606,2689.591444565931,2656.8758662364426,2672.44091796875,1082666,-0.0027428784873034795,-0.002746647071257553,2893360918.8935547
2024-10-16,2679.8390730118053,2687.9100055740655,2647.6041338219375,2672.248779296875,1170797,-7.189632166726412e-05,-7.189890633168475e-05,3128660854.0544434
2024-10-17,2670.519396883651,2672.969505710269,2616.714115675968,2631.318359375,1368242,-0.015316844838318078,-0.015435359443520721,3600280294.6679688
2024-10-18,2631.318273958351,2632.615459345749,2587.889773879245,2610.613037109375,1137277,-0.007868801656726543,-0.007899924047941249,2968990163.0046387
2024-10-21,2608.594889629369,2630.6934835378315,2575.398911430661,2587.985595703125,792345,-0.008667481960981993,-0.00870526305245697,2050577446.8273926
2024-10-22,2579.8672317373293,2603.791271733519,2568.9619604418804,2576.600341796875,1272253,-0.004399272517263242,-0.004408977791159963,3278087514.6520996
2024-10-23,2518.27935266977,2587.5056595460446,2518.27935266977,2555.078369140625,1431962,-0.008352856400399622,-0.008387936990764027,3658775131.6313477
2024-10-24,2543.2600144821745,2543.2600144821745,2356.478942154974,2406.92138671875,9216267,-0.057985298694265164,-0.05973439804588206,22182830148.010254
2024-10-25,2404.231105477805,2440.4535382451563,2402.1173737371087,2428.971923828125,2761166,0.009161303410675892,0.009119593223498566,6706794691.028809
2024-10-28,2444.297069791252,2488.110035625909,2421.333838161093,2474.850830078125,852829,0.018888199488816593,0.018712032312443113,2110624558.5646973
2024-10-29,2484.3625217211766,2484.3625217211766,2436.6103856054533,2447.8037109375,1695654,-0.01092878763112004,-0.01098894553414642,4150628153.6660156
2024-10-30,2456.7875756265485,2462.840716685124,2434.112398972091,2454.81787109375,1200637,0.002865491266684783,0.0028613935726563055,2947345164.2963867
2024-10-31,2454.817848962692,2463.0328092843833,2425.1770448391885,2429.164306640625,1901355,-0.010450292363928027,-0.01050528009658623,4618703700.252686
2024-11-01,2444.248681442397,2446.170298398986,2412.9264657934314,2438.051513671875,118532,0.003658545042406036,0.0036518688449835544,288987122.0185547
2024-11-04,2447.179267173946,2447.179267173946,2405.384097122094,2425.849365234375,1097260,-0.005004877201762903,-0.005017443545872179,2661787474.4970703
2024-11-05,2421.23748263124,2431.08577001099,2408.7469718081425,2422.53466796875,702046,-0.0013664068812883068,-0.0013673412664347762,1700730773.508789
2024-11-06,2444.744462450784,2451.4513228337587,2425.1103499635406,2430.650634765625,1219166,0.0033501963477287067,0.003344596942530511,2963366611.784668
2024-11-07,2430.650792943567,2439.5930367343426,2397.0201443149404,2406.15673828125,1322446,-0.010077094640438489,-0.01012821225997036,3182012353.913086
2024-11-08,2414.3698717211782,2444.793147696757,2398.1863642528074,2437.45458984375,1700877,0.013007403493114245,0.012923533722676857,4145810450.409668
2024-11-11,2438.7181349716725,2444.452769822316,2405.719186544309,2421.27099609375,1175577,-0.006639546770402571,-0.006661686614496243,2846390493.7749023
2024-11-12,2425.11043110781,2427.005760537496,2387.202893306927,2392.548828125,1624222,-0.011862434240152209,-0.011933354327748575,3886030442.7148438
2024-11-13,2393.1320758129814,2403.5323013697825,2381.7596248219456,2395.902099609375,1262017,0.0014015477740543236,0.0014005665227129305,3023669180.0427246
2024-11-14,2391.4796825977996,2395.659279336055,2316.9282347989874,2322.274169921875,2443393,-0.030730775560280255,-0.0312128682819418,5674228450.86792
2024-11-18,2333.8892867149557,2357.0712993634347,2309.200882252652,2355.030029296875,1374215,0.014105078461128517,0.014006527473711719,3236317591.710205
2024-11-19,2363.7779423907036,2371.845491684891,2337.728849202436,2342.831787109375,1133370,-0.005179654626799812,-0.005193115539865674,2655295262.5561523
2024-11-21,2356.828323206402,2356.828323206402,2309.5411934961326,2316.053466796875,1291829,-0.011429894565985643,-0.011495717860431317,2991945033.95874
2024-11-22,2323.9749048547187,2383.4121196689493,2311.242003100475,2376.75390625,1696471,0.026208565701669295,0.025871006500898387,4032094076.0898438
2024-11-25,2400.8106354018087,2435.5105635219556,2388.758077739939,2402.219970703125,4368045,0.010714640832674593,0.010657645827809282,10493004931.929932
2024-11-26,2416.6054934792924,2425.061742768364,2391.4795053433168,2409.7529296875,982442,0.003135832303554631,0.0031309258360003164,2367442487.748047
2024-11-27,2405.816200610109,2423.1176358895655,2389.1466999635395,2417.237060546875,948232,0.003105766888867656,0.003100953957537296,2292101532.3964844
2024-11-28,2416.3623676782477,2468.023439226603,2384.48111118336,2393.22900390625,2540530,-0.00993202405857263,-0.009981675643569249,6080070081.293945
2024-11-29,2386.328105245208,2437.2601873197295,2386.328105245208,2426.22802734375,1795164,0.013788493864832274,0.013694297479802277,4355477210.478516
2024-12-02,2415.390571345119,2420.736506211275,2391.62550835502,2409.704345703125,1006993,-0.006810440508642213,-0.006833737393552269,2426555408.192627
2024-12-03,2410.530520207273,2421.659736640615,2396.922686625458,2413.30078125,1641588,0.001492480002075025,0.0014913673607224605,3961645602.890625
2024-12-04,2411.599696499456,2423.1662596170304,2387.7373419097,2395.464599609375,1321495,-0.00739078269033111,-0.00741822984564826,3165594491.060791
2024-12-05,2396.5340239678508,2444.550142583365,2381.4195611129917,2424.7216796875,2071795,0.012213530553904173,0.012139547179257614,5023526252.368164
2024-12-06,2425.110340492518,2425.8879784428123,2405.670578244081,2414.22412109375,1308086,-0.004329387030969634,-0.004338785964558927,3158012773.665039
2024-12-09,2395.9504745627996,2407.56568396696,2316.5391006147215,2333.500244140625,3385021,-0.03343677840338766,-0.03400856954332458,7898947329.921143
2024-12-10,2341.2279687941573,2345.4075655839893,2321.3995041053026,2330.196044921875,2063838,-0.0014159840895867637,-0.0014169875424184333,4809147144.959473
2024-12-11,2337.631401911156,2341.859645105597,2318.191639733101,2334.083740234375,1718225,0.0016683983826049076,0.0016670081521141065,4010481034.564209
2024-12-12,2318.240245124781,2332.722772767621,2272.5081579587118,2279.263427734375,3231056,-0.02348686619722362,-0.023767078881017183,7364427773.761719
2024-12-13,2279.2635193052206,2327.474225501901,2268.0856558037367,2323.14892578125,2260902,0.01925424569747869,0.01907122821993455,5252412052.59668
2024-12-16,2323.343284729169,2325.9676052312534,2296.807961204117,2299.86962890625,1247552,-0.01002057880003171,-0.010071122736245887,2869206955.28125
2024-12-17,2287.428194383181,2313.3315812440496,2287.428194383181,2297.05078125,2131569,-0.0012256554114289386,-0.0012264071413267109,4896322236.738281
2024-12-18,2284.220661696739,2316.2476218485995,2284.220661696739,2293.1142578125,988403,-0.0017137293914580853,-0.0017151995054968327,2266521011.7646484
2024-12-19,2281.2561952032424,2320.087074457144,2270.5643255197165,2293.746337890625,1655915,0.00027564264448298736,0.000275604662028821,3798248967.1081543
2024-12-20,2286.21332261703,2307.013773197231,2259.532059224196,2268.52294921875,2069691,-0.010996590274699236,-0.011057499715923413,4695141531.291504
2024-12-23,2271.536130079183,2285.8729541778853,2250.395389459062,2273.3828125,1066199,0.002142302894896364,0.0021400114361318666,2423878481.3046875
2024-12-24,2265.801653352284,2290.9274044487324,2265.801653352284,2270.126953125,683646,-0.0014321650348977366,-0.001433191563463937,1551963210.9960938
2024-12-26,2266.919279380392,2276.25046019758,2259.5807216577036,2267.4052734375,1033769,-0.001198910785034868,-0.0011996300535200744,2343973282.116211
2024-12-27,2277.3679712526696,2279.943644630648,2263.031147703384,2275.6669921875,556816,0.003643688601585815,0.0036370664494384426,1267127791.921875
2024-12-30,2275.910271731068,2293.0657677973463,2259.87246712566,2277.854248046875,924180,0.0009611493539625204,0.0009606877456815311,2105147338.959961
2024-12-31,2274.451957647109,2286.747511129924,2258.1711583776264,2261.67041015625,1878762,-0.007104861035117427,-0.007130220749836875,4249140423.1259766
2025-01-01,2259.872381567988,2271.681942318693,2255.255437992742,2257.0537109375,559893,-0.002041278516099587,-0.0020433647646494334,1263708573.3779297
2025-01-02,2264.7325320988266,2312.991651864243,2250.638703036409,2303.612060546875,1650744,0.02062793161888754,0.020418057114597103,3802673787.2753906
2025-01-03,2315.130020118565,2346.9626313452286,2298.5575750577605,2338.846435546875,1274239,0.015295272847128283,0.01517947939686468,2980249343.1848145
2025-01-06,2350.2673355310308,2351.190676808784,2295.4957086180993,2309.63818359375,900419,-0.012488315397370386,-0.012566949767871687,2079642103.6333008
2025-01-07,2310.5615649077026,2334.958562700219,2308.714882320198,2323.829345703125,922768,0.006144322608701458,0.0061255232255575396,2144355357.6757812
2025-01-08,2324.023527285994,2341.51931293683,2301.667801176593,2333.743408203125,953351,0.004266260996458993,0.004257186305857888,2224876611.9538574
2025-01-09,2337.679991498679,2404.358231754575,2319.5522713307405,2367.1796875,2425267,0.014327316010554592,0.014225649935885943,5741042779.1640625
2025-01-10,2367.1796915296013,2387.2027410371884,2346.184891237052,2373.6435546875,1651911,0.0027306195730019134,0.0027268982042645998,3921047898.067383
2025-01-13,2349.3438257292696,2391.57666015625,2341.5679211240063,2382.3427734375,2595013,0.0036649221121767273,0.003658222648817425,6182210467.526367
2025-01-14,2395.9508859718553,2398.866850538961,2297.8773726189215,2301.619384765625,2052741,-0.03388403615630786,-0.03447140658764504,4724628477.503174
2025-01-15,2307.40252642736,2318.0943958552334,2284.2693987793928,2306.52783203125,1215150,0.0021326059808646214,0.002130335204604069,2802777295.0927734
2025-01-16,2310.3669829255227,2313.3315939832087,2260.892885353062,2279.31201171875,2762596,-0.01179947622332933,-0.011869642539590974,6296818246.326172
2025-01-17,2284.1723497985477,2312.651652513846,2277.36843216085,2288.060302734375,1333005,0.0038381278958943277,0.003830781075711662,3049995823.8464355
2025-01-20,2290.441458627697,2301.6679693677006,2270.224057382351,2279.506591796875,1382273,-0.003738411495220584,-0.003745416820115801,3150900415.162842
2025-01-21,2287.5740781905074,2310.7074432888235,2267.113680466325,2274.938232421875,1842885,-0.0020041000940466125,-0.0020061109897801573,4192449544.456787
2025-01-22,2276.93063564134,2295.835755601157,2266.8704644841923,2277.3193359375,2658047,0.0010466673255959957,0.001046119951263351,6053221828.930664
2025-01-23,2250.152521908459,2275.7158571987056,2190.7155426543577,2256.664794921875,3408925,-0.009069672702323173,-0.009111052575078795,7692801036.029053
2025-01-24,2267.5025558634734,2314.1093382473864,2257.9283780654696,2301.76513671875,1688664,0.01998539698867252,0.019788310515923065,3886907922.8320312
2025-01-27,2298.7518143345746,2342.199634147266,2295.0095652975047,2325.82177734375,2477358,0.010451388041828436,0.010397149867978208,5761893186.676758
2025-01-28,2333.7433982337784,2339.575326759144,2312.7970074864847,2321.933837890625,1892156,-0.001671641176894223,-0.0016730399280303716,4393461042.967773
2025-01-29,2318.3374809178226,2328.883647447392,2297.7800261125353,2317.171142578125,699576,-0.0020511761510081383,-0.002053282693895982,1621037319.2402344
2025-01-30,2317.2196613907627,2357.0711740237416,2317.2196613907627,2341.2763671875,1419960,0.010402867602845811,0.010349130136860618,3324518790.3515625
2025-01-31,2334.229440018275,2409.558518344911,2334.229440018275,2399.644287109375,2116148,0.024929957325794172,0.02462427593917737,5078002458.87793
2025-02-01,2405.6707931713304,2529.1132944774954,2366.936968510051,2435.85107421875,2970999,0.015088397602875503,0.014975699935889384,7236911105.652832
2025-02-03,2434.830035851016,2449.409856424974,2348.8090944646624,2373.546142578125,2528480,-0.02557830086579005,-0.025911113048054074,6001463950.5859375
2025-02-04,2381.371070811044,2381.371070811044,2335.5419224710554,2369.755859375,1992474,-0.0015968862518122018,-0.0015981626336682186,4721676936.152344
2025-02-05,2384.28688281628,2384.28688281628,2320.1356662382636,2324.072265625,1357416,-0.019277763812365345,-0.019466003049092243,3154732878.515625
2025-02-06,2332.7714061901434,2341.470652098705,2294.1835266397707,2306.236083984375,1132113,-0.007674538311238099,-0.007704139126031344,2610919851.7478027
2025-02-07,2313.3315451962494,2315.226874422086,2270.6613649765723,2297.634033203125,855602,-0.003729909024053013,-0.0037368824803558046,1965860274.0766602
2025-02-10,2304.486509688912,2330.827482329024,2286.164676239331,2295.30126953125,1326354,-0.0010152894839492443,-0.0010158052394409899,3044382020.0478516
2025-02-11,2304.5838458151115,2311.3391158277254,2232.2193773239997,2250.3955078125,1389260,-0.01956421246955553,-0.01975812500536799,3126384463.1835938
2025-02-12,2260.552786653806,2274.354970884732,2240.5299732010462,2267.162353515625,1341909,0.007450621744007568,0.007423002961715565,3042325566.643799
2025-02-13,2264.8296518793604,2279.8954679957756,2248.5488505922667,2256.470458984375,1334967,-0.004715980977132217,-0.004727136301436788,3012313599.218994
2025-02-14,2256.9563530266864,2299.7238291391645,2248.597160502172,2253.40869140625,1135380,-0.0013568835195401086,-0.0013578049195655617,2558475160.048828
2025-02-17,2253.4088903821407,2270.5643868259226,2235.5728123714134,2264.149169921875,1409168,0.004766325148467532,0.004755002185783741,3190566557.4804688
2025-02-18,2264.149124063214,2273.042958104678,2223.908909176285,2231.684814453125,1035705,-0.01433843489643849,-0.014442223560002269,2311367120.753174
2025-02-19,2234.3575336219537,2241.1128031202393,2185.0291400031115,2187.36181640625,1521343,-0.019860778618837505,-0.020060654773620543,3327727587.8569336
2025-02-20,2187.3619104978293,2191.2985097365113,2164.1314899859503,2185.077880859375,2206196,-0.0010441507800604821,-0.0010446962852457351,4820710080.44043
2025-02-21,2185.077799541156,2190.423733855982,2164.0341157208236,2178.85693359375,1781509,-0.0028470139760777835,-0.0028510744289764324,3881653236.909668
2025-02-24,2167.533624682074,2187.9453763046404,2156.647404610398,2178.662841796875,1627949,-8.907964257887091e-05,-8.908361040586873e-05,3546751994.640381
2025-02-25,2180.169242301758,2206.024219899787,2175.2606550849946,2196.0126953125,1988040,0.00796353303630748,0.007931991451408014,4365761078.7890625
2025-02-27,2206.0727565313555,2206.0727565313555,2170.546780346935,2182.064697265625,1699658,-0.006351510661412707,-0.00637176732441483,3708763719.2250977
2025-02-28,2182.1619689131203,2186.584562304575,2124.620319863376,2128.89697265625,3683249,-0.024365787447090947,-0.024667545037833444,7841257645.63916
2025-03-03,2137.4017551745787,2137.4017551745787,2098.0362385376666,2115.872314453125,1306470,-0.006118031248301348,-0.0061368230867203,2764323702.663574
2025-03-04,2118.8854906754163,2118.934137542599,2076.166659537152,2096.918701171875,1800330,-0.008957824700375983,-0.008998187233183942,3775145645.2807617
2025-03-05,2091.7184776027166,2130.500709473983,2089.7745013224167,2109.651611328125,1145673,0.006072200199814137,0.006053838684554425,2416970890.505127
2025-03-06,2114.074138785248,2167.3391346618955,2103.139272550152,2156.79296875,1856868,0.022345565101243192,0.022099560951846252,4004879846.296875
2025-03-07,2164.3258279458114,2164.3258279458114,2127.876274648227,2142.79638671875,1738356,-0.006489534338273484,-0.006510682912154226,3724942955.6308594
2025-03-10,2146.149847764431,2203.642852252801,2133.173710965246,2184.786376953125,1242387,0.019595884375497752,0.019406357002749328,2714350192.503662
2025-03-11,2177.2534958213787,2199.074582727622,2149.3088359977787,2154.84912109375,1325891,-0.01370260093855269,-0.013797348092028126,2857095056.0161133
2025-03-12,2155.237955656902,2167.4848636040488,2123.794045012546,2131.47265625,1526212,-0.010848307018305192,-0.010907578957466338,3253079145.640625
2025-03-13,2123.793869228055,2148.0449233865756,2103.8194675285085,2113.879638671875,1845629,-0.008253926001132617,-0.00828817825561131,3901437563.642334
2025-03-17,2100.4663210186386,2133.951264191827,2096.0923744917604,2110.42919921875,1111886,-0.0016322781060954528,-0.0016336117234237552,2346556680.602539
2025-03-18,2110.42919921875,2110.42919921875,2110.42919921875,2110.42919921875,0,0.0,0.0,0.0
2025-03-19,2145.177877700536,2150.8641033799995,2132.007390619496,2138.422607421875,1341405,0.013264319984526152,0.01317711915232272,2868490777.70874
2025-03-20,2142.164397075367,2185.9038599093537,2127.1472289627195,2179.5859375,1426689,0.01924938968343226,0.01906646392718358,3109591281.5859375
2025-03-21,2182.1134468098517,2192.027678706935,2163.451321362083,2183.27978515625,2152415,0.001694747425507348,0.0016933129615632502,4699324158.76709
2025-03-24,2187.2162299631173,2202.525042593678,2178.225340005486,2192.99951171875,1454404,0.004451892344986108,0.004442011985604708,3189507261.841797
2025-03-25,2187.7021117094087,2227.7966189216772,2180.5094950332496,2207.676513671875,2229340,0.006692660839501041,0.006670364411280216,4921661558.989258
2025-03-26,2208.3569585052783,2216.035569558241,2175.1150130163032,2183.03662109375,1416907,-0.011161006798565465,-0.011223758184243905,3093159869.684082
2025-03-27,2181.3358461347175,2197.5680014294758,2138.3740156444046,2181.773193359375,3752627,-0.0005787478424168491,-0.0005789153815944771,8187380993.276611
2025-03-28,2184.057285417061,2231.684702856062,2177.5450125337175,2195.575439453125,2280152,0.00632615990321983,0.006306233746872864,5006245729.419922
2025-04-01,2195.7212865784686,2220.652688338022,2157.8137477663568,2171.27587890625,2495962,-0.01106751337723455,-0.01112921397389978,5419422085.266602
2025-04-02,2180.8497368615344,2180.8497368615344,2128.7026682002793,2175.212158203125,1351493,0.0018128876828207297,0.0018112463853047786,2939784005.326416
2025-04-03,2163.110957010432,2189.791983972201,2158.3969569161945,2181.676025390625,1310088,0.0029716030977133823,0.0029671966126197384,2858187580.751953
2025-04-04,2167.5335505043304,2203.5457585235163,2159.7576453904135,2181.676025390625,1120226,0.0,0.0,2443970207.2192383
2025-04-07,2089.7746056836772,2198.248582462212,2089.7746056836772,2186.39013671875,3435185,0.002160775144091742,0.002158444026889522,7510654601.804199
2025-04-08,2204.760675866648,2241.598930289759,2189.2575129830993,2225.123779296875,2774874,0.017715796429751185,0.017560700791025192,6174438121.952637
2025-04-09,2229.6921366684232,2288.205774983497,2225.3668369244515,2284.172119140625,2989089,0.026537103415617214,0.026191102381937947,6827593755.429932
2025-04-11,2327.5228811667503,2327.76587820031,2278.680477421297,2299.86962890625,3836083,0.006872297246816483,0.006848790646868605,8822490785.663574
2025-04-15,2332.77164275884,2332.77164275884,2279.5066427888187,2295.35009765625,3042779,-0.0019651249763010803,-0.0019670583677063726,6984243074.796387
2025-04-16,2285.14401964844,2309.443722111737,2285.14401964844,2300.30712890625,1131979,0.002159597028384308,0.0021572684506455334,2603899363.472168
2025-04-17,2291.0731880539342,2313.2343263375133,2277.4653549947234,2308.4716796875,1962402,0.0035493307300804577,0.0035430467207266682,4530149441.162109
2025-04-21,2301.765134543979,2305.9444935688916,2283.005716590514,2285.14404296875,1478430,-0.010105229760456913,-0.010156634190299682,3378425507.446289
2025-04-22,2303.6118014366302,2338.603373104022,2289.1292736394507,2331.5078125,2352346,0.020289210946639713,0.020086127250034364,5484513076.703125
2025-04-23,2342.49130202455,2369.706968604088,2326.35620477454,2355.90478515625,2226066,0.010464032127814216,0.010409663094271354,5244399541.473633
2025-04-24,2355.904639515163,2417.7229359717494,2252.193563957013,2260.163818359375,7065430,-0.04063872504530153,-0.041487554545055164,15969029247.150879
2025-04-25,2266.5789615776075,2276.2988426038023,2230.129407729378,2266.87060546875,2859858,0.0029673898214348515,0.002962995810607903,6482928036.014648
2025-04-28,2279.3122481174555,2283.2002007794895,2250.1526031522,2253.65185546875,1555660,-0.005831276813114128,-0.00584834509333852,3505916045.4785156
2025-04-29,2262.7883676038414,2267.1623141907044,2247.8198453161813,2256.664794921875,1896387,0.0013369143267687456,0.0013360214525191738,4279509780.44751
2025-04-30,2255.012376420818,2286.601989452575,2251.1244240476785,2276.493408203125,2083807,0.008786689687307447,0.008748311377828487,4743772899.467529
2025-05-02,2268.7176720341317,2279.3122481174555,2245.2926623246576,2253.65185546875,1424284,-0.01003365643496601,-0.010084332830347676,3209840279.314453
2025-05-05,2258.997813142575,2288.934859100469,2254.1378722660597,2282.8115234375,2074103,0.012938852067141848,0.012855860233500709,4734786229.196289
2025-05-06,2274.646738914956,2323.1490924917193,2274.646738914956,2315.08154296875,1888125,0.01413608578716885,0.014037103054751403,4371163338.317871
2025-05-07,2302.639778279785,2320.038270117709,2289.3235889472185,2304.389404296875,1610400,-0.004618471735627905,-0.004629169828148316,3710988696.6796875
2025-05-08,2295.544136531012,2305.4583672078948,2275.424031301092,2288.9345703125,2323073,-0.006706693736552194,-0.006729284670628909,5317362099.05957
2025-05-09,2264.73235471963,2277.0765565746965,2237.8083308384716,2267.551025390625,1805685,-0.009342139001795702,-0.009386050481100756,4094482873.2824707
2025-05-12,2293.891743999213,2320.1354207314075,2280.381205342974,2315.761474609375,1274873,0.021261020668959407,0.02103815848656359,2952301778.4196777
2025-05-13,2309.0549545191607,2330.8273923712263,2286.893579057945,2293.891845703125,1929665,-0.009443817571902158,-0.009488693171862106,4426442808.438721
2025-05-14,2303.611726353103,2303.611726353103,2272.994102142081,2284.657958984375,1568111,-0.0040254237513625,-0.00403354757811062,3582597276.7209473
2025-05-15,2285.727303591603,2303.514495923454,2274.4521467468458,2289.226318359375,3236681,0.001999581318960608,0.001997584817237064,7409495329.33374
2025-05-16,2293.891932245899,2320.135611131763,2283.2000630701764,2314.6923828125,1473000,0.011124310536223314,0.01106289047786194,3409541879.8828125
2025-05-19,2308.4717935959884,2337.6314373045693,2308.4717935959884,2315.9560546875,936655,0.0005459351248500166,0.0005457861564853201,2169251818.4033203
2025-05-20,2327.523098554208,2327.523098554208,2272.994464209847,2275.521728515625,1617408,-0.017459021335934133,-0.017613227544563993,3680447047.875
2025-05-21,2280.284124796257,2309.1521244400974,2279.3121366782702,2297.6826171875,1570754,0.009738816551020602,0.00969169993683873,3609094161.6777344
2025-05-22,2289.0322024287943,2296.9054017400363,2248.305991922015,2265.412841796875,2423653,-0.014044487758768542,-0.01414404482821351,5490574630.2595215
2025-05-23,2271.438875913527,2298.2658421573706,2264.3435526876015,2293.1142578125,844118,0.012227976951721065,0.012153819162679784,1935659021.0761719
2025-05-26,2301.6681217274645,2330.147424241296,2297.8774625625742,2327.037109375,892618,0.014793354254776903,0.014684999898898215,2077155210.4960938
2025-05-27,2327.0369005720772,2342.0054230052847,2294.183653984274,2313.526123046875,1865258,-0.005806089758385369,-0.005823010625363051,4315323109.222168
2025-05-28,2321.1078754266778,2321.1078754266778,2286.11629941522,2295.836181640625,897517,-0.007646311502613412,-0.00767569441886148,2060552002.2375488
2025-05-29,2302.6399170703785,2309.4438340900037,2289.518077103958,2300.404296875,1111275,0.0019897391943315412,0.001987762285222148,2556381785.0097656
2025-05-30,2293.891989062484,2308.374517293052,2277.8541849016656,2282.519775390625,3288892,-0.007774512292761049,-0.007804891370903613,7506961029.124023
2025-06-02,2282.1309268833143,2317.2197947019963,2277.9515675984035,2305.167236328125,1178205,0.009922131313681248,0.009873230171760446,2715959563.6779785
2025-06-03,2298.8494557783715,2312.8459913579845,2276.979720621593,2286.407958984375,1643913,-0.008137924679873287,-0.008171218339479293,3758655767.077881
2025-06-04,2293.406172250839,2301.279371640828,2276.493672385733,2298.26611328125,3287896,0.005186368535098351,0.005172965647377382,7556459960.792969
2025-06-05,2298.2659555931978,2313.3317717537793,2283.1028456979607,2309.83251953125,1787978,0.005032666227448468,0.0050200446917089215,4129929728.6064453
2025-06-06,2306.8196167541355,2329.369695281899,2303.709302009238,2322.857421875,997488,0.005638894696310404,0.0056230556448784805,2317022404.03125
2025-06-09,2326.939503171982,2331.799443654797,2311.679337516298,2326.161865234375,1293622,0.0014225769211042572,0.0014215660171681983,3009174164.4282227
2025-06-10,2326.3563309102015,2332.965897755389,2311.776508737784,2328.10595703125,1778782,0.0008357508675258529,0.0008354018222326338,4141192970.459961
2025-06-11,2328.1059440121844,2335.590205225147,2304.875522401424,2309.83251953125,1977707,-0.007849057490193379,-0.007880023484279141,4568171942.70459
2025-06-12,2320.0381494311273,2321.107431191998,2258.997490579552,2267.3564453125,3339584,-0.018389244180946007,-0.018560428209593558,7572027307.0625
2025-06-13,2240.4326931985097,2259.7751625270976,2237.5167287388153,2254.04052734375,1740682,-0.0058728824910962985,-0.005890195684318666,3923567773.2177734
2025-06-16,2255.0124608859933,2271.1475587596,2248.3058377118327,2262.205078125,1105297,0.0036221845535631125,0.0036156402414695664,2500408486.236328
2025-06-17,2255.012389459953,2267.745528476323,2248.3057664982202,2263.37158203125,1119284,0.0005156490530102698,0.0005155161517223207,2533355597.8222656
2025-06-18,2262.496584614853,2266.09289301594,2221.4787354933574,2232.9482421875,2056563,-0.013441601938134595,-0.013532758047158824,4592198735.797852
2025-06-19,2235.6699307829094,2243.154191716161,2226.144399912506,2229.93505859375,1214549,-0.0013494193626262252,-0.0013503306488314288,2708365395.4799805
2025-06-20,2230.712900802916,2248.2086882601934,2228.1856365828094,2241.59912109375,2685864,0.005230673626592353,0.00521704117058677,6020630381.777344
2025-06-23,2242.777637332428,2245.3314785900775,2218.517104573964,2234.62548828125,842856,-0.003111008006238536,-0.003115857251618489,1883467500.5507812
2025-06-24,2254.171508269237,2260.0647671143856,2220.0888759075924,2222.839111328125,2440747,-0.005274430554441767,-0.0052883894684618675,5425387892.456787
2025-06-25,2238.455843673713,2249.751254907696,2230.9909542436453,2238.1611328125,1047270,0.006892996171558474,0.006869348082047739,2343959009.560547
2025-06-26,2248.179876457905,2250.2426129211913,2231.187839049338,2240.22412109375,1874722,0.000921733583433948,0.0009213090478869523,4199797444.745117
2025-06-27,2240.223846681488,2269.395425704689,2238.7505321874146,2265.859375,1050745,0.011443164844477272,0.01137818706477599,2380840408.984375
2025-06-30,2268.8059358629935,2275.7797201777867,2247.295640814318,2253.7783203125,1403754,-0.005331776023170032,-0.005346040667469074,3163750332.251953
2025-07-01,2259.082297140465,2261.636138264844,2245.9207831543013,2254.662353515625,759914,0.0003922449671103223,0.0003921680591637234,1713349487.7094727
2025-07-02,2254.171318752975,2267.9222549022306,2246.9030627072866,2266.05615234375,1128034,0.005053439070537014,0.0050407133019087875,2556188385.7529297
2025-07-03,2268.9044793168537,2285.503727857006,2263.011220929018,2272.243896484375,1060039,0.0027306225991907684,0.0027269012222125824,2408667147.7854004
2025-07-04,2276.762233670115,2299.7458462360423,2269.199266444391,2297.683349609375,1242346,0.01119574054720096,0.011133532126268763,2854517718.6538086
2025-07-07,2299.3528119827433,2372.723825559003,2299.3528119827433,2367.51806640625,2701583,0.030393533908293913,0.029940801026342473,6396046560.395996
2025-07-08,2362.607071634493,2375.474114379278,2343.552299734942,2350.133056640625,1471046,-0.007343137107297504,-0.00737023065448906,3457153832.438965
2025-07-09,2356.3210447333263,2396.29693113012,2354.45494224249,2380.286865234375,1741690,0.01283068144101307,0.012749065630815317,4145721830.3100586
2025-07-10,2380.2868562218573,2390.6983748083844,2354.946038170592,2365.5537109375,1053695,-0.006189654915994436,-0.006208890244424273,2492572117.446289
2025-07-11,2455.5244711336377,2484.9907647872415,2417.218289383953,2474.77587890625,7242235,0.046171924764905725,0.045137716156431924,17922908487.370605
2025-07-14,2455.5240816011337,2487.445894661949,2445.7019852747294,2471.828857421875,2427712,-0.0011908235850744964,-0.0011915331788698376,6000888579.109375
2025-07-15,2475.8561480958347,2484.8924301255456,2465.3465513939755,2481.94580078125,1700294,0.004092897988870803,0.004084544866458804,4220037553.3935547
2025-07-16,2481.356455874828,2487.8388961282812,2462.890865236824,2472.811279296875,1284379,-0.0036803871710251457,-0.003687176459147826,3176026878.092041
2025-07-17,2468.2929253596812,2480.472229470397,2461.613851577524,2465.14990234375,807474,-0.0030982457162292976,-0.0031030552160656207,1990544452.2451172
2025-07-18,2470.1590393490687,2470.1590393490687,2437.353331809416,2445.309326171875,771112,-0.008048425839342066,-0.008080989259126545,1885607365.1230469
2025-07-21,2446.5862827986753,2449.2384410834075,2411.717835071157,2421.048828125,1169960,-0.00992123891534602,-0.009970782366798343,2832530286.953125
2025-07-22,2426.057819495432,2440.7909641482383,2408.967467617087,2435.585205078125,861632,0.006004165130524264,0.005986211957768006,2098578151.421875
2025-07-23,2436.8623544586453,2442.755612873297,2398.5561747634065,2406.806640625,1320795,-0.011815872585004383,-0.011886234817481356,3178898176.904297
2025-07-24,2412.2087602925917,2422.1291744035116,2377.9297369143965,2394.430908203125,693984,-0.005141972027574826,-0.005155237458931287,1661696739.3984375
2025-07-25,2382.9390347834888,2385.3945590187477,2362.6071022777146,2372.42919921875,769388,-0.009188700709216069,-0.009231177222448626,1825318556.7285156
2025-07-28,2372.429243771511,2404.7440871927433,2369.384537540986,2398.163330078125,987995,0.010847164951371058,0.01078875645574767,2369373379.300537
2025-07-29,2401.3064573670335,2413.7804732980653,2386.4749941452433,2409.949951171875,732282,0.004914853357117277,0.004902814894096629,1764762970.144043
2025-07-30,2398.5561023639793,2409.262092241855,2355.829980147422,2394.037841796875,1224146,-0.006602672129046749,-0.006624566194774389,2930651847.8842773
2025-07-31,2377.0459063535795,2503.652646914568,2377.0459063535795,2476.34716796875,5505507,0.034380962879891896,0.03380314428439501,13633546667.682129
2025-08-01,2504.6346709904583,2678.976888284892,2491.767628330378,2508.268798828125,4259653,0.012890612137214541,0.012808235365969846,10684354713.73462
2025-08-04,2501.688117328015,2537.2440606709806,2489.9999177635377,2498.44677734375,1293028,-0.003915856820833508,-0.003923543862285464,3230561639.6152344
2025-08-05,2492.357168773925,2507.5814194600316,2472.516580355361,2489.60693359375,756361,-0.003538135705015155,-0.003544409710375241,1883041589.8999023
2025-08-06,2493.535917373264,2517.501979853343,2481.651322928679,2490.4912109375,885487,0.00035518753254493163,0.0003551244683859207,2205297590.899414
2025-08-07,2490.5890589949863,2498.741447368421,2450.613172635303,2472.712890625,847151,-0.007138479443100532,-0.007164080294333544,2094761198.0058594
2025-08-08,2471.2397680498043,2484.892387860569,2442.362896885792,2454.1494140625,839794,-0.007507331980547094,-0.0075356538340201,2060979953.0332031
2025-08-11,2445.800579905625,2479.5884991865532,2434.4068509541976,2473.596923828125,992436,0.007924338124724262,0.007893105447728074,2454886636.696289
2025-08-12,2473.2040732697083,2491.47326996814,2435.9784208260676,2439.612548828125,1406211,-0.013738849152272525,-0.013834100576486026,3430610001.9001465
2025-08-13,2440.7910122672074,2456.9974717047967,2429.397284258838,2450.71142578125,969803,0.004549442475386689,0.00453912504251163,2376707292.8569336
2025-08-14,2454.44372812859,2464.3641420365734,2429.200986749531,2436.469482421875,1104362,-0.005811350618253552,-0.005828302222639173,2690744310.5463867
2025-08-18,2493.830443434499,2550.798606380226,2476.445379598451,2522.412841796875,3089136,0.03527372700337361,0.03466586228582592,7792076316.457031
2025-08-19,2526.439827717028,2568.47845225644,2512.8852854397333,2558.4599609375,1400717,0.014290729314138106,0.014189579373953624,3583678361.104492
2025-08-20,2552.762973091036,2632.3219576313877,2542.449771391361,2622.303466796875,3156954,0.024953881176229542,0.024647617603702068,8278491418.718262
2025-08-21,2619.651659128844,2619.651659128844,2580.559664029887,2600.891357421875,2235686,-0.008165381942294658,-0.008198901263501686,5814776395.309082
2025-08-22,2599.9091636055095,2611.20457553655,2572.4072910777595,2583.11328125,1223445,-0.0068353782333674395,-0.00685884643499295,3160297028.3789062
2025-08-25,2595.980052850747,2595.980052850747,2568.674577169291,2584.782958984375,667598,0.0006463819246700364,0.0006461731098516705,1725595933.8520508
2025-08-26,2577.9077368329176,2656.877302702266,2577.9077368329176,2644.697998046875,4348648,0.023179911046009805,0.022915337631987096,11500860659.810547
2025-08-28,2699.1121669118434,2699.1121669118434,2599.7125964973993,2607.17724609375,3198743,-0.014187159358397206,-0.014288759190495527,8339689965.70166
2025-08-29,2617.392493882605,2674.5570512791683,2594.4086426961376,2612.4814453125,1972773,0.002034460536466165,0.0020323938242505237,5153832858.313477
2025-09-01,2612.4813094408382,2625.7411398904956,2592.346011350618,2602.364501953125,1096729,-0.003872541708392796,-0.0038800594127264324,2854088617.862549
2025-09-02,2601.8736154116664,2644.5014224406004,2598.043093323752,2629.37548828125,1525106,0.010379401620277617,0.010325905484777471,4010076333.430664
2025-09-03,2633.304255827349,2639.099197248745,2611.00814317238,2617.294189453125,1010692,-0.004594740797565611,-0.00460532906507633,2645278298.926758
2025-09-04,2701.0768426775303,2701.0768426775303,2608.2580202655204,2619.16064453125,2494678,0.0007131239146314083,0.0007128697625933518,6533962438.37793
2025-09-05,2620.1427902324845,2625.348310000531,2577.1219557941918,2586.551025390625,944879,-0.012450408190392226,-0.012528563913786516,2443977746.3200684
2025-09-08,2583.2115458729263,2597.5519036054347,2572.210845043877,2577.219970703125,903410,-0.003607527783485609,-0.0036140506040694283,2328286293.73291
2025-09-09,2590.087242016731,2599.123524215233,2564.844498121878,2594.998291015625,1610956,0.006898254908233481,0.006874570804782481,4180428066.901367
2025-09-10,2594.9981209437656,2605.704111140776,2572.407297029418,2596.471435546875,1031486,0.0005676861277135181,0.0005675250549000371,2678223935.166504
2025-09-11,2596.765978572866,2610.418597093595,2567.4960823902916,2575.353759765625,1212707,-0.008133220913636663,-0.008166475991525656,3123149531.944092
2025-09-12,2578.300619467218,2582.131141611505,2523.296872918584,2534.59228515625,1368380,-0.015827524453605357,-0.015954117262808893,3468285391.1621094
2025-09-15,2534.5921470999765,2547.262556392294,2522.7073137348634,2535.083251953125,752745,0.0001937064196677607,0.00019368766100166072,1908271242.491455
2025-09-16,2542.1552867248165,2543.9233122758214,2526.8329581431617,2534.985107421875,1040928,-3.871451999626352e-05,-3.871526942263531e-05,2638736977.8984375
2025-09-17,2540.9764060412954,2545.0035615909655,2520.8411078875088,2523.984130859375,970247,-0.004339661219425528,-0.004349104880605462,2448888031.013916
2025-09-18,2525.162751622593,2563.468928857849,2525.162751622593,2540.780029296875,1550153,0.006654518240485574,0.006632474672822431,3938597784.7546387
2025-09-19,2553.745387548905,2558.3617254823207,2509.3495541555926,2514.064208984375,2214708,-0.010514810414301468,-0.010570481625358532,5567918116.151367
2025-09-22,2523.2966742412086,2541.1728425025335,2514.6531810760985,2526.439697265625,1174161,0.004922502868870415,0.00491042696452559,2966446961.3811035
2025-09-23,2523.1982437079832,2529.484529270965,2473.4002630096147,2477.3291015625,1430474,-0.0194386573945452,-0.019630072727011828,3543754869.2285156
2025-09-24,2477.3294242524616,2530.1723576313984,2465.3465130647555,2504.143798828125,1882881,0.010824035146849154,0.010765874589970694,4715004780.081299
2025-09-25,2500.7057886709636,2521.8232963129217,2486.758459490149,2493.142822265625,1624258,-0.004393108961094128,-0.004402787019176366,4049507174.2075195
2025-09-26,2489.901473834488,2500.1163583210514,2454.9347142199126,2467.1142578125,885612,-0.010440061524221722,-0.010494941265964597,2184905992.0898438
2025-09-29,2450.6133575294402,2472.6147602913434,2399.538449877524,2453.461669921875,2403556,-0.005533828782915862,-0.005549197136864968,5897032517.510742
2025-09-30,2453.461508732884,2481.3564080346573,2447.273779473271,2469.66796875,1678088,0.006605482786548267,0.006583762182709888,4144320182.34375
2025-10-01,2470.650311487506,2504.6348647874647,2453.4616408468078,2491.080322265625,1483899,0.008670134522764439,0.008632764751725771,3696511599.1296387
2025-10-03,2491.080068139014,2503.2596116860273,2463.676514803471,2499.625244140625,1242611,0.003430207287426379,0.0034243375455333446,3106061824.246826
2025-10-06,2490.0978867192407,2504.2418497280028,2475.3647417917477,2496.58056640625,818923,-0.0012180536828518829,-0.0012187961131802693,2044507247.1831055
2025-10-07,2494.812642046405,2513.8674143383946,2463.676642465363,2472.418212890625,1291750,-0.00967817896235812,-0.009725316922683136,3193746226.501465
2025-10-08,2466.328548368669,2480.0794841222178,2441.8716228402013,2455.62255859375,1225128,-0.006793209259382649,-0.006816388137692044,3008451953.9648438
2025-10-09,2456.506502076689,2478.1151158494545,2453.854583800399,2472.811279296875,1259173,0.006999740511004493,0.006975356051192928,3113697196.986084
2025-10-10,2465.3462454628498,2489.8031700666565,2461.908511654435,2483.909912109375,1018875,0.004488265200592201,0.004478222975238671,2530793711.7004395
2025-10-13,2474.3826327864285,2486.5621769669815,2441.183896906515,2448.452392578125,1114750,-0.014274881451372345,-0.014377747680546268,2729412304.626465
2025-10-14,2448.648848847169,2464.560598461446,2438.139252730148,2457.783447265625,1461017,0.0038110010698124697,0.0038037576026434534,3590863398.7736816
2025-10-15,2458.07813584284,2486.75861164498,2458.07813584284,2474.186279296875,881070,0.006673831272441255,0.006651659851395956,2179931305.1000977
2025-10-16,2473.0076593520143,2522.8056437611326,2462.498063399367,2515.93017578125,1446646,0.016871767834812257,0.016731020458578084,3639660325.073242
2025-10-17,2519.85903126701,2568.478412302955,2514.4568778185712,2557.37939453125,2050690,0.01647470949273422,0.016340473789279764,5244392350.571289
2025-10-20,2562.585231279587,2578.00587635619,2539.6016191065405,2548.244873046875,1011485,-0.003571828843193292,-0.0035782230543952073,2577511465.4138184
2025-10-21,2547.8519036554026,2560.3259186012747,2539.11033344381,2545.5927734375,82020,-0.001040755398912685,-0.0010412973608787273,208789519.27734375
2025-10-23,2554.727472782394,2619.7497080594576,2549.914741090149,2555.31689453125,3386744,0.003819982989902604,0.0038127053825507263,8654204160.652344
2025-10-24,2538.0300447047853,2538.0300447047853,2430.478074931111,2471.632568359375,3110800,-0.032749099084724675,-0.03329735398269252,7688754593.652344
2025-10-27,2471.6322783442465,2480.0793772907623,2461.4173938576832,2467.1142578125,2127832,-0.001828067247824805,-0.0018297402019153758,5249604665.4296875
2025-10-28,2474.186322669988,2481.0617908155573,2437.7462455795494,2452.676025390625,2294976,-0.0058522755385788106,-0.005869467209478835,5628832614.046875
2025-10-29,2467.900320582059,2468.8825303347708,2439.8090257355866,2443.836181640625,1870143,-0.003604162823988233,-0.0036106734671387075,4570323128.241943
2025-10-30,2446.684475836149,2452.5777343086565,2411.22660810764,2425.665283203125,1195631,-0.007435399546831034,-0.0074631799211612605,2900200608.2214355
2025-10-31,2425.075917782587,2435.389120349099,2409.2622445950133,2421.63818359375,1401937,-0.0016602041663625888,-0.001661583832529389,3394984170.192871
2025-11-03,2412.405317967791,2430.8706683206365,2396.8863568906377,2416.23583984375,1049185,-0.002230863300141217,-0.0022333553826933603,2535078399.626465
2025-11-04,2416.236077610307,2419.4774178690022,2397.86880254078,2402.1904296875,1251588,-0.005812930147231943,-0.005829890985731692,3006552715.5117188
2025-11-06,2420.066396652233,2420.066396652233,2389.3234247182095,2392.662841796875,1329256,-0.00396620841248807,-0.0039740946763578075,3180461438.435547
2025-11-07,2392.662907838229,2400.582354781839,2376.4281382767645,2389.693115234375,817896,-0.0012411805418726107,-0.0012419514443935329,1954520440.1777344
2025-11-10,2380.7836246996762,2404.8389919884094,2379.7936938785956,2384.54541015625,780558,-0.002154128095071428,-0.0021564515662991788,1861275996.2607422
2025-11-11,2397.8104470854564,2409.194651815599,2378.9029129343594,2403.05712890625,1422399,0.007763206635174491,0.007733228000142631,3418106057.099121
2025-11-12,2406.126077343887,2410.283738675327,2391.870927758796,2400.08740234375,1680827,-0.0012358118859420175,-0.0012365761311578358,4034131708.2192383
2025-11-13,2404.542090020514,2406.5219517661053,2380.7837490734196,2383.357666015625,1256059,-0.0069704696219762274,-0.006994876831287524,2993637846.61792
2025-11-14,2380.882834280137,2405.729954130381,2367.91464319838,2403.255126953125,975973,0.008348499774590401,0.008313843800346242,2345512116.0178223
2025-11-17,2406.9177360630524,2413.847251909541,2391.672897873711,2400.582275390625,920038,-0.0011121796984944199,-0.0011127986292860232,2208626915.48584
2025-11-18,2391.474933232895,2398.503297074712,2377.7147497683018,2379.793701171875,1229034,-0.008659804928105364,-0.008697518927240638,2924847371.726074
2025-11-19,2387.7133295616327,2426.023607035294,2386.7233986621463,2417.015380859375,1465143,0.015640716953394307,0.01551966157033761,3541273166.1584473
2025-11-20,2420.480036715518,2434.239978963932,2400.5823298037967,2403.947998046875,1396929,-0.005406412766746138,-0.005421080305982747,3358144672.963623
2025-11-21,2411.6696515110984,2418.5991679296735,2388.703302574577,2409.19482421875,1840712,0.0021825872174181526,0.0021802088339948,4434633823.277344
2025-11-24,2417.312010655888,2420.281803162537,2388.703106181435,2399.790283203125,4092327,-0.0039036033620380994,-0.003911242307731893,9820726570.289795
2025-11-25,2397.612593614541,2399.7903932161203,2381.7736995196474,2389.792236328125,1240672,-0.004166216916944521,-0.004174919779062476,2964948313.4296875
2025-11-26,2387.713234421413,2403.2551005876053,2384.7434418412868,2400.7802734375,1242683,0.004597904764414906,0.004587366689998753,2983408832.536133
2025-11-27,2401.6713428676044,2434.932874570679,2400.5823222546774,2427.013427734375,1872248,0.010926928460351704,0.010867660928093966,4543971036.048828
2025-11-28,2425.3307221458876,2445.129340285854,2422.5588672698223,2441.763671875,973225,0.0060775288558638785,0.006059135165201772,2376385449.560547
2025-12-01,2441.7635217623283,2462.9479451967945,2434.042012825968,2439.6845703125,1924828,-0.0008514753440096445,-0.0008518380550479928,4695973172.105469
2025-12-02,2446.119251627908,2459.3842290026473,2435.2300117380223,2452.850830078125,2179406,0.005396705756899767,0.005382195721238233,5345757816.177246
2025-12-03,2453.2466947597763,2459.879183417393,2378.903029581739,2423.350830078125,3535932,-0.012026821867133441,-0.012099729241572082,8568803747.299805
2025-12-04,2415.431298091029,2457.9983250655837,2398.8004113086886,2437.40771484375,2587753,0.005800598324911865,0.005783839630189355,6307409126.310059
2025-12-05,2397.6126302941066,2397.6126302941066,2263.674931718664,2315.052490234375,4008271,-0.05019891578427149,-0.051502701347732896,9279357760.084229
2025-12-08,2326.4365509724244,2331.3862051452247,2278.8207811571547,2290.699951171875,1898154,-0.010519216806196274,-0.010574934851897467,4348101275.116699
2025-12-09,2294.659840185007,2306.934886746879,2274.960311827886,2283.275634765625,1471488,-0.0032410689153993255,-0.0032463325555472547,3359812697.25
2025-12-10,2283.2756424827394,2293.570827267341,2271.891437024881,2278.52392578125,2857290,-0.002081093019180247,-0.0020832615023232428,6510403627.895508
2025-12-11,2273.1783599753567,2289.710157566845,2268.9216087951613,2282.384765625,1108032,0.0016944477958142912,0.001693013838762976,2528955356.625
2025-12-12,2283.6714979780418,2285.750449542293,2222.097844295659,2237.837890625,3203114,-0.019517688547049827,-0.01971067384201899,7168049877.191406
2025-12-15,2237.83786456232,2275.8511140306505,2229.32436224316,2270.406494140625,1274115,0.014553602676970145,0.014448715434969289,2892758970.2819824
2025-12-16,2270.3073037063286,2279.513708903146,2253.0826036728013,2258.13134765625,1256042,-0.005406585347625725,-0.005421253824992697,2836307814.1728516
2025-12-17,2258.230235399214,2263.179889712154,2245.460223944765,2252.686767578125,808100,-0.0024110998165700614,-0.0024140111984291284,1820396176.8798828
2025-12-18,2247.1431656574155,2255.35964054673,2232.5912296171614,2242.6884765625,1057295,-0.004438384936390483,-0.0044482638084741045,2371183312.8271484
2025-12-19,2240.906558258753,2261.7941971851546,2240.906558258753,2257.04248046875,1237214,0.0064003556696610175,0.006379960371827351,2792444555.430664
2025-12-22,2257.0424338692947,2271.8913972500136,2257.0424338692947,2266.44677734375,790773,0.0041666459343940865,0.004157989502416926,1792244917.4604492
2025-12-23,2266.2486667249427,2286.7401862916095,2257.7351650294536,2279.414794921875,1128801,0.0057217392915458465,0.0057054323145640535,2573005699.9226074
2025-12-24,2279.414949884213,2281.790687332576,2255.161643229268,2259.22021484375,519380,-0.008859545933945334,-0.008899025062095164,1173393795.1855469
2025-12-26,2259.3192987304974,2266.9417181800486,2252.092754960529,2262.387939453125,533626,0.0014021318455643694,0.0014011497765944658,1207269026.5786133
2025-12-29,2265.8526552878384,2275.554026080165,2257.0423672814736,2270.20849609375,1086695,0.0034567708323778312,0.0034508099331093407,2467024221.6625977
2025-12-30,2270.208530832208,2274.8611576222947,2260.0121944524367,2267.1396484375,1556717,-0.0013517911070857203,-0.0013527056009136396,3529294832.0966797
2025-12-31,2266.941697626568,2302.0842435941418,2263.773967171593,2292.580810546875,1324220,0.011221700492472397,0.011159204319106969,3035881360.942383
2026-01-01,2298.6194441455013,2302.5791675634955,2276.8409653465346,2299.609375,758866,0.0030657870033590218,0.0030610970615142607,1745095367.96875
2026-01-02,2302.5791870325143,2333.959947048983,2298.61946358104,2324.357666015625,973413,0.010761954306098165,0.010704456632887105,2262559968.7492676
2026-01-05,2317.923087360375,2369.8944570321323,2312.8743433478985,2360.09423828125,1344113,0.015374816358139975,0.01525782152784422,3172233346.898926
2026-01-06,2374.646286801663,2403.65131045372,2343.958428959233,2400.285400390625,1584720,0.017029473424181818,0.01688609739789692,3803780279.7070312
2026-01-07,2391.672939054789,2397.5134344101753,2358.0152900780245,2375.239990234375,892690,-0.010434346745672007,-0.010489166211997724,2120352986.8823242
2026-01-08,2364.944858096775,2393.7519432044614,2344.255399502143,2362.66796875,1163828,-0.0052929478857142165,-0.005307005159259645,2749739136.734375
2026-01-09,2358.0152139754705,2361.9749372567057,2337.2266667489866,2348.7099609375,1189464,-0.00590773142782508,-0.005925251108258617,2793705944.9765625
2026-01-12,2338.216782309291,2389.5940992696505,2337.226851410769,2381.9716796875,1057665,0.01416169697544234,0.014062356928706703,2519328076.5966797
2026-01-13,2390.782022961365,2397.8103867825116,2341.1863921461404,2365.439697265625,1519683,-0.0069404613677203075,-0.006964658393729578,3594718495.459717
2026-01-14,2374.7450098298477,2374.7450098298477,2317.428110518576,2329.80224609375,1027639,-0.0150658886857572,-0.015180532114180823,2394195650.373535
2026-01-15,2329.80224609375,2329.80224609375,2329.80224609375,2329.80224609375,0,0.0,0.0,0.0
2026-01-16,2346.1362458650515,2349.0069488178538,2325.2486070875743,2336.6328125,1367606,0.0029318223972452095,0.0029275329877734204,3195593054.171875
2026-01-19,2329.30730174585,2400.978198972787,2329.30730174585,2389.593994140625,1505238,0.022665598701389955,0.022412550541755654,3596907684.552246
2026-01-20,2398.602397957309,2414.441291216623,2344.6511677927724,2355.14453125,1460806,-0.014416450231753308,-0.01452137691821934,3440409262.1171875
2026-01-21,2355.1445790948096,2376.329002586571,2336.2368032094596,2344.15625,1020245,-0.004665650495839446,-0.004676568616440755,2391613693.28125
2026-01-22,2345.04711560399,2377.8139237153,2341.879385191128,2366.52880859375,1745964,0.009543970711743288,0.009498714743173842,4131874104.767578
2026-01-23,2375.8341817545133,2409.7888602718917,2352.8678330006896,2385.238525390625,1378097,0.00790597466167875,0.007874886192933124,3287090056.125244
2026-01-27,2387.713182496065,2397.216615218734,2356.5303610828705,2376.724853515625,2060117,-0.0035693167724623054,-0.0035757019819916487,4896331275.050049
2026-01-28,2378.902901138909,2395.8305735138733,2317.0322235644744,2354.451416015625,1797593,-0.009371483395334335,-0.00941567203795644,4232345384.2697754
2026-01-29,2346.6310422104034,2350.7887033771153,2288.720088416137,2328.911376953125,1478536,-0.010847554079378985,-0.010906817761135197,3443379311.6347656
2026-01-30,2317.428169157251,2360.985127484,2316.4382382861886,2349.10595703125,2090462,0.008671253134820978,0.008633873748015029,4910716737.147461
2026-02-02,2332.3760961990047,2336.236729715009,2279.810673107486,2333.56396484375,1375089,-0.006616130762846284,-0.006638114373929024,3208858138.8530273
2026-02-03,2365.934667080886,2375.734885556113,2319.704945981085,2344.750244140625,1553270,0.004793645884750397,0.004782192950606253,3642030211.7163086
2026-02-04,2336.830792697157,2369.3994200347297,2333.0690072409366,2347.1259765625,1232755,0.0010132134233962198,0.0010127004691344007,2893431283.2373047
2026-02-05,2338.7116518565326,2398.6024687612185,2327.921502178045,2330.693115234375,1962066,-0.0070012694215041416,-0.007025893307876381,4572973717.835449
2026-02-06,2330.693062545289,2404.5419995502302,2313.963328097432,2399.790283203125,1421995,0.02964661778811739,0.02921565384676812,3412489783.7634277
2026-02-09,2400.58238066687,2414.441412967627,2377.813970458483,2410.481689453125,958484,0.004455141903370707,0.004445247136190776,2310408131.633789
2026-02-10,2410.4817200012817,2433.3492202602692,2405.6311553074825,2428.89453125,792532,0.007638656571190339,0.007609629757611923,1924976640.640625
2026-02-11,2435.2298831546827,2445.723246803812,2422.360782146142,2438.1005859375,1137856,0.0037902241406762016,0.0037830593395859263,2774207380.3125
2026-02-12,2450.078811010715,2454.6325895142136,2326.436546675471,2385.436279296875,4656164,-0.021600547140828708,-0.021837253829311096,11106982527.956055
2026-02-13,2375.834017414984,2375.834017414984,2277.13796094467,2281.988525390625,2791519,-0.0433663874420247,-0.044334810826617874,6370214326.409912
2026-02-16,2284.8595085309053,2303.5691050619544,2265.0608913838323,2295.649658203125,2036833,0.005986503727121839,0.005968655809346199,4675854980.266846
2026-02-17,2286.047297375419,2302.579093779329,2280.206560511637,2289.01708984375,1233244,-0.0028891901408713005,-0.002893371907260773,2822916591.9472656
2026-02-18,2289.3143418344703,2305.4500224815533,2282.7807010907572,2300.1044921875,830787,0.004843739434250649,0.004832046272281671,1910896910.7509766
2026-02-19,2312.4783943638467,2313.864200838222,2252.686669538672,2256.349365234375,940180,-0.019023103994511126,-0.01920637116660266,2121374546.2060547
2026-02-20,2261.992106805432,2307.7268660551376,2255.359618111006,2291.195068359375,1716316,0.015443398820191412,0.015325363232527506,3932414754.946289
2026-02-23,2301.589198978469,2326.3374699352266,2297.4315377942003,2321.78369140625,1300035,0.013350510163579576,0.013262177425679074,3018400061.257324
2026-02-24,2307.627974972371,2348.116051360412,2306.835981930553,2334.85107421875,1544803,0.0056281654750469645,0.005612386528403589,3606884944.0063477
2026-02-25,2345.0472309590837,2356.0355607092815,2325.3477025655893,2350.98681640625,1158620,0.006910822863894772,0.006887052579544722,2723900345.2246094
2026-02-26,2354.0555642457175,2363.261969498705,2331.485092501007,2359.30224609375,1470677,0.0035369954563211348,0.0035307549985435813,3469771549.378418
2026-02-27,2345.443166643118,2354.946357613014,2307.1328918130507,2314.557373046875,3053227,-0.018965299219698584,-0.019147447177647683,7066869064.435791
2026-03-02,2279.810762828429,2330.29723651677,2267.139599527044,2297.233642578125,2273224,-0.007484683970458317,-0.007512834772059893,5222126649.916016
2026-03-04,2269.812432719107,2288.3243336403816,2229.4234459004774,2238.53076171875,2648737,-0.025553726783094755,-0.025885894220462637,5929279254.202637
2026-03-05,2252.5877729936083,2254.86466241023,2205.961930722778,2232.294189453125,1751288,-0.002786011419756651,-0.002789899572877279,3909390026.4589844
2026-03-06,2222.4938661562232,2227.344430687897,2197.15153951635,2203.2890625,1674258,-0.012993415962002208,-0.013078568813055035,3688874339.203125
2026-03-09,2176.8580406764563,2177.8479715726257,2148.545920373073,2172.50244140625,1512817,-0.013973028604252868,-0.014071570396883715,3286598625.900879
2026-03-10,2201.606195210621,2201.606195210621,2153.0995838952795,2168.146484375,1084986,-0.002005041259438345,-0.0020070540455939204,2352408581.4960938
2026-03-11,2168.1465318534633,2172.8982483412015,2134.290944612132,2139.636474609375,1313256,-0.013149485042217246,-0.013236704962444648,2809890438.0996094
2026-03-12,2143.2992989000727,2143.2992989000727,2088.061111223958,2115.383056640625,1791973,-0.01133529842875658,-0.011400032576148349,3790709322.1574707
2026-03-13,2114.492390950521,2169.8294312879443,2098.950524241146,2138.250732421875,2298875,0.010810181971281141,0.01075216966209509,4915571152.496338
2026-03-16,2147.7540473535414,2164.681719709848,2132.3110295750503,2153.79248046875,1981511,0.007268440417776301,0.007242152608781161,4267763491.7661133
2026-03-17,2150.921837339099,2162.8010077496438,2123.8966763186418,2136.46875,1705956,-0.008043361013582717,-0.008075883351780836,3644721682.875
2026-03-18,2143.2002132585976,2153.099521402979,2108.2556071724653,2113.79931640625,2441148,-0.010610702166249819,-0.01066739707162158,5160096973.646484
2026-03-19,2090.734099450428,2112.1167039586576,2049.256090646583,2056.383544921875,2098905,-0.027162356917585617,-0.027538072916079178,4316153704.354248
2026-03-20,2078.5578289353593,2078.656918696704,2048.166999131025,2061.72900390625,2429744,0.002599446488265933,0.002596073770777989,5009473676.8671875
2026-03-23,2041.534531517212,2075.8850852106953,2012.8265355843985,2031.5361328125,2599535,-0.014644442134026936,-0.014752730492165338,5281049281.010742
2026-03-24,2049.1568963579134,2093.7037854091727,2045.1971728866906,2064.005859375,1702418,0.015982844724276912,0.015856463899834333,3513800727.1054688
2026-03-25,2076.874939459462,2133.0039707547157,2064.9957691670343,2113.304443359375,2069217,0.02388490505511598,0.023604122893140827,4372885480.374756
2026-03-27,2101.920214571949,2105.5829103672913,2048.6618866972776,2053.512451171875,2789151,-0.02829312755925162,-0.028701091566562104,5727556306.698486
2026-03-30,2043.2172992976207,2061.4319304866403,2025.5964816164349,2034.505859375,2482193,-0.009255649648497899,-0.009298749323509114,5050036202.599609
2026-04-01,2098.5542902611737,2098.5542902611737,2031.338082923151,2043.91015625,2028470,0.00462239852083246,0.00461174804467521,4146010434.6484375
2026-04-02,2034.3079361718803,2049.0578094497764,2002.13518292342,2044.5042724609375,1431905,0.00029067628492418507,0.00029063404675776705,2927535890.2581787
2026-04-06,2044.5042099690797,2071.727308039528,2021.3398041699922,2063.807861328125,1661298,0.009441696516462761,0.009397402290066222,3428599872.4086914
2026-04-07,2043.9101735971367,2098.1584324058085,2030.1502314824131,2089.34814453125,2709707,0.012375320242597132,0.012299371915004534,5661521292.67334
2026-04-08,2108.552830795398,2170.720540058606,2108.552830795398,2123.995849609375,3794437,0.016583021440832457,0.01644702457389617,8059368439.604248
2026-04-09,2123.896656880212,2141.1213571449207,2093.7037656964103,2111.720458984375,2506245,-0.005779385410408233,-0.005796150684797078,5292488841.727295
2026-04-10,2111.7205746871014,2148.1500806118274,2100.039341580484,2133.59814453125,2144484,0.010360123876148375,0.010306825594582231,4575467083.376953
2026-04-13,2109.5427916939393,2119.145073286812,2092.2190005842986,2105.781005859375,1994541,-0.013037665383790586,-0.013123401759893892,4200066553.2077637
2026-04-15,2119.342960674532,2146.1701846556675,2119.342960674532,2135.875,1552971,0.014291131915848743,0.01418997630317628,3316951934.625
2026-04-16,2136.270876584757,2141.9134343634555,2107.6619703228953,2117.561279296875,1845734,-0.008574341056066026,-0.008611312205535028,3908454850.2817383
2026-04-17,2120.4318458384037,2222.3947217120526,2111.522468334881,2218.237060546875,4882697,0.04754326698088707,0.04644767695481492,10830979440.821045
2026-04-20,2218.2371672517165,2230.710151347242,2200.814287067127,2209.03076171875,1460822,-0.0041502772593003945,-0.00415891356361925,3227000735.395508
2026-04-21,2216.1580861785023,2312.1813760556415,2204.773881708532,2287.43310546875,3217281,0.03549173923182436,0.03487642425704963,7359315068.995605
2026-04-22,2287.136135627566,2383.753483110979,2287.136135627566,2344.9482421875,5558325,0.025143964464466206,0.024833055863817857,13033984438.256836
2026-04-23,2312.478464472606,2375.8340388417187,2312.478464472606,2342.572265625,2063531,-0.001013231985147578,-0.001013745651680328,4833970489.857422
2026-04-24,2364.5490228916565,2364.5490228916565,2275.8511183860137,2303.8662109375,1676706,-0.016522886083590316,-0.016660911463012594,3862906299.076172
2026-04-27,2311.3896002112174,2339.0088177903613,2301.5893808110277,2304.856201171875,1099681,0.00042970821381693725,0.0004296159156823241,2534606572.1608887
2026-04-28,2297.62960044326,2310.8945777237636,2258.131454523486,2266.44677734375,1629120,-0.016664564066337983,-0.016804980081044873,3692313773.90625
2026-04-29,2281.7906936045574,2326.0405558989446,2267.9316611922086,2291.095947265625,1778765,0.010875688839586894,0.01081697386266301,4075321282.6379395
2026-04-30,2288.720225829817,2344.948348918507,2189.331260792845,2228.2353515625,4434979,-0.02743691104606416,-0.027820332633349848,9882176991.237305
2026-05-01,2228.2353515625,2228.2353515625,2228.2353515625,2228.2353515625,0,0.0,0.0,0.0
2026-05-04,2245.955163802939,2341.978456380622,2245.955163802939,2286.04736328125,2554255,0.02594519994407718,0.025614333961591722,5839147907.897949
2026-05-05,2278.3259741656116,2311.884535117792,2265.0609967330465,2303.965087890625,1741424,0.00783786237204498,0.007807305889912157,4012180099.2148438
2026-05-06,2306.5388097283676,2315.84406275992,2265.258742886433,2293.768798828125,1196175,-0.0044255397428071275,-0.004435361432044142,2743748892.9382324
2026-05-07,2286.7402347777156,2304.4599000972157,2245.262229356629,2249.32080078125,1859012,-0.019377714994459505,-0.019567924135470153,4181514360.501953
2026-05-08,2249.3208664913536,2274.16822791307,2233.2840347907604,2264.664794921875,1104526,0.006821612166346247,0.006798450244840264,2501381147.275879
2026-05-11,2254.1717310173203,2293.7689667003274,2236.4518230397666,2283.968505859375,1903862,0.008523871162207097,0.008487748099483638,4348360847.502441
2026-05-12,2262.289070470158,2283.770522059433,2233.2840475795756,2239.2236328125,983506,-0.0195908450278911,-0.01978528937493126,2202289878.2128906
2026-05-13,2242.193325602698,2272.683243444049,2227.3443631814885,2244.47021484375,1308559,0.0023430361998548754,0.002340295570632125,2937021699.8657227
2026-05-14,2245.1630860930386,2262.882750990242,2222.3946773716366,2226.057373046875,1380764,-0.00820364720150979,-0.008237482289692621,3073659882.6376953
2026-05-15,2226.0574260984463,2275.7519058077983,2223.582599004531,2249.32080078125,1038522,0.010450506809055682,0.010396277749668063,2335969136.6689453
2026-05-18,2240.312727327763,2242.193499373944,2202.299235574,2231.502197265625,1118204,-0.00792177065602917,-0.007953314580791352,2495274682.991211
2026-05-19,2219.424971337065,2259.022205437637,2207.0508356806363,2210.41650390625,1145022,-0.009449102665107123,-0.009494028666605389,2530975526.135742
2026-05-20,2202.4969749325523,2204.4768365637315,2178.83772511289,2187.05419921875,1071994,-0.010569186687764076,-0.010625437240853748,2344508979.2373047
2026-05-21,2201.6062145049336,2206.5558687641624,2154.0895336163376,2157.059326171875,1581812,-0.01371473695420522,-0.013809652788693887,3412062326.850586
2026-05-22,2158.0493989217307,2202.101324725408,2153.4956200308816,2181.411865234375,1382889,0.011289693689472413,0.011226440723530918,3016650472.9020996
2026-05-25,2192.696776899151,2215.56427562462,2170.8192089984664,2174.383056640625,780722,-0.0032221373257245167,-0.003227339588139132,1697588688.746582
2026-05-26,2177.451947396857,2197.6464396286196,2167.9485147687737,2187.153076171875,2302703,0.005872939219357054,0.005855760737790821,5036363949.960205
2026-05-27,2182.8966461541704,2192.3009893676626,2164.9788008323703,2176.263916015625,616538,-0.004978691375049582,-0.004991126349389429,1341749402.2524414
2026-05-28,2176.263916015625,2176.263916015625,2176.263916015625,2176.263916015625,0,0.0,0.0,0.0
2026-05-29,2112.017544397656,2185.569457533162,2096.77270543257,2131.816162109375,17701621,-0.020423880384703663,-0.02063533189083599,37736601743.33472
2026-06-01,2136.7658114814612,2145.6751894306544,2059.3532647482753,2063.31298828125,1470488,-0.03213371539520693,-0.03266133698603005,3034076989.5117188
2026-06-02,2058.066228961863,2075.88498419097,2044.9001003727778,2072.6181640625,2148903,0.004509822714294565,0.004499683935139897,4453855390.608398
2026-06-03,2070.9353670832684,2078.4589383211337,2051.334687643431,2069.549560546875,1544973,-0.0014805445444955323,-0.0014816416335628464,3197398193.206787
2026-06-04,2067.9655912455964,2089.64498066566,2052.621662732285,2058.462158203125,2142735,-0.005357398805573954,-0.005371801128912432,4410738912.557373
2026-06-05,2065.688783694319,2106.07801320051,2056.284440039605,2100.138427734375,1822999,0.02024631318344472,0.02004408165691037,3828550253.621338
2026-06-08,2084.101554867211,2103.603145099428,2070.440460223743,2088.853271484375,1601497,-0.005373529716407477,-0.0053880190564569354,3345292247.722412
2026-06-09,2098.3565153522595,2117.0663546833757,2088.8533235633454,2111.32470703125,1460636,0.010757785553269894,0.010700332257798324,3083876874.779297
2026-06-10,2113.403324412981,2182.6984855334144,2112.017517863509,2147.655029296875,2325534,0.017207359031339742,0.017060989135941618,4994444790.900879
2026-06-11,2142.2104294070446,2143.2003602893956,2113.7994614200466,2118.254150390625,1178896,-0.013689758599580881,-0.01378432741958565,2497201344.8789062
2026-06-12,2129.539277901612,2157.455280606382,2123.40175473256,2146.962158203125,1156153,0.013552673935375514,0.013461657868605302,2482216740.0930176
2026-06-15,2177.848007096508,2188.7372471319904,2128.351461480678,2134.39013671875,1439449,-0.005855725698908909,-0.005872937685980525,3072345747.909668
2026-06-16,2139.2405659215233,2186.7572467009,2138.3497248298445,2177.748779296875,1337309,0.020314300479658876,0.02011071755665683,2912323042.2927246
2026-06-17,2178.9369260000276,2202.2003013528906,2161.0190806510564,2175.47216796875,1511401,-0.001045396672824661,-0.0010459434810473195,3288010810.1401367
2026-06-18,2186.460250293131,2199.2305034441215,2174.68016968817,2196.16162109375,1120482,0.00951032765650961,0.009465389185496685,2460759565.526367
2026-06-19,2187.3514048487905,2188.34133574496,2157.950263886682,2172.50244140625,1508994,-0.010772968373665037,-0.01083141695295277,3278293149.067383
2026-06-22,2181.5106513903265,2185.9653403900866,2160.524164883483,2162.89990234375,765860,-0.004420036028260688,-0.004429833267598951,1656478519.2089844
2026-06-23,2160.10009765625,2179.699951171875,2156.0,2160.10009765625,710082,-0.0012944679892333832,-0.0012953065366475972,1533848197.5439453
2026-06-24,2160.0,2166.0,2140.0,2157.800048828125,942271,-0.0010647880765435325,-0.0010653553660986957,2033232409.8093262
2026-06-25,2161.0,2200.89990234375,2161.0,2174.199951171875,1898262,0.007600288243879039,0.007571551566026104,4127201147.711426
2026-06-26,2174.199951171875,2174.199951171875,2174.199951171875,2174.199951171875,0,0.0,0.0,0.0
2026-06-29,2172.0,2189.89990234375,2143.0,2151.300048828125,1423514,-0.010532565016114104,-0.010588425058255998,3062405737.7075195
2026-06-30,2151.0,2151.300048828125,2114.199951171875,2118.199951171875,2364422,-0.015386090691663634,-0.015505684895808673,5008318564.949707
2026-07-01,2133.5,2190.0,2120.199951171875,2182.0,2497576,0.030119936879815512,0.02967523903515426,5449710832.0
2026-07-02,2186.0,2216.0,2179.199951171875,2210.60009765625,2585362,0.013107285818629633,0.01302212866019269,5715201489.676758
2026-07-03,2224.89990234375,2239.300048828125,2190.0,2201.199951171875,1536616,-0.004252305287754776,-0.004261372050108072,3382399064.169922
2026-07-06,2202.10009765625,2221.39990234375,2190.300048828125,2202.0,2131061,0.0003634603152244953,0.0003633942795245434,4692596322.0
2026-07-07,2200.0,2219.39990234375,2193.699951171875,2208.800048828125,2552492,0.003088123900147677,0.0030833654394968038,5637944454.233398
2026-07-08,2199.0,2199.0,2130.0,2135.800048828125,1326689,-0.03304961897240544,-0.03360809712292776,2833542430.9797363
2026-07-09,2139.0,2166.800048828125,2137.10009765625,2144.5,2201039,0.004073392158900235,0.004065118357740997,4720128135.5
2026-07-10,2151.5,2178.0,2145.0,2150.60009765625,1665179,0.002844531432151909,0.002840493408329027,3581134120.0151367
2026-07-13,2143.0,2143.0,2120.0,2130.60009765625,1833988,-0.009299729885531183,-0.009343242353074774,3907495011.9003906
2026-07-14,2125.0,2145.0,2116.10009765625,2120.199951171875,2681897,-0.004881322635728602,-0.0048932752031543335,5686157888.447998
2026-07-15,2121.0,2128.5,2091.0,2102.60009765625,2029614,-0.00830103477075228,-0.00833568022183353,4267466594.604492
2026-07-16,2104.89990234375,2123.0,2096.0,2098.39990234375,2143092,-0.001997619669656614,-0.0019996175729729503,4497064043.513672
2026-07-17,2100.0,2154.5,2092.10009765625,2143.800048828125,1059832,0.02163560264831621,0.021404875019626724,2272067893.3496094
2026-07-20,2153.800048828125,2153.800048828125,2128.39990234375,2139.699951171875,689849,-0.0019125373462377526,-0.0019143685810305909,1476069871.6159668
2026-07-21,2139.699951171875,2147.699951171875,2127.5,2142.5,1032417,0.0013086175127459132,0.0013077620191098837,2211953422.5
2026-07-22,2139.699951171875,2159.89990234375,2130.0,2154.60009765625,819175,0.005647653515169271,0.005631765312694547,1764994534.9975586
2026-07-23,2150.0,2166.0,2139.89990234375,2161.800048828125,833281,0.003341664738485406,0.0033360937842641155,1801386906.4875488
2026-07-24,2148.0,2163.0,2139.0,2145.0,1603494,-0.007771324104295374,-0.007801678206776012,3439494630.0
2026-07-27,2155.0,2181.300048828125,2152.39990234375,2174.60009765625,698681,0.013799579326922995,0.01370523210921483,1519351770.8305664
2026-07-28,2174.60009765625,2213.0,2016.0,2022.699951171875,9947304,-0.06985199101576911,-0.07241155605235534,20120411315.091797
2026-07-29,2050.5,2123.0,2047.0,2117.800048828125,5183374,0.04701641368071052,0.045944608633437356,10977349710.294434
2026-07-30,2120.0,2132.60009765625,2088.0,2107.89990234375,2602039,-0.004674731445895142,-0.004685692175258526,5484837753.994629
2026-07-31,2119.60009765625,2119.60009765625,2091.10009765625,2101.300048828125,1759019,-0.003131008976416161,-0.0031359208404278254,3696226710.5895996
2026-08-03,2107.0,2138.0,2105.300048828125,2138.0,740649,0.017465354932220345,0.017314588548262556,1583507562.0
2026-08-04,2119.10009765625,2119.10009765625,2070.199951171875,2096.5,1657094,-0.01941066417212345,-0.019601524974173157,3474097571.0
2026-08-05,2085.300048828125,2097.800048828125,2074.199951171875,2085.300048828125,1150148,-0.005342213771464377,-0.0053565344208718795,2398403680.5595703
2026-08-06,2081.0,2094.0,2075.199951171875,2079.5,1160270,-0.002781397732851132,-0.0027852730069790883,2412781465.0
2026-08-07,2083.10009765625,2099.39990234375,2077.199951171875,2096.0,1054665,0.007934599663380615,0.007903286257966415,2210577840.0
2026-08-10,2096.0,2097.0,2076.0,2087.199951171875,1118008,-0.004198496578303956,-0.00420733501249501,2333506243.0097656
2026-08-11,2086.0,2086.5,2063.800048828125,2064.89990234375,956661,-0.010684193824173183,-0.010741679649463256,1975409205.4760742
2026-08-12,2065.0,2072.10009765625,2050.10009765625,2063.0,995523,-0.00092009416126837,-0.0009205177077228465,2053763949.0
2026-08-13,2063.0,2092.0,2052.89990234375,2092.0,1186057,0.014057198254968428,0.013959312113561634,2481231244.0
2026-08-14,2089.0,2090.89990234375,2066.39990234375,2077.0,1148419,-0.0071701720841300665,-0.007196001308701262,2385266263.0
2026-08-17,2070.89990234375,2076.0,2055.0,2055.0,1024288,-0.010592200288878195,-0.01064869694577733,2104911840.0
2026-08-18,2055.0,2060.0,2034.9000244140625,2035.0,1234596,-0.009732360097323589,-0.009780029053639606,2512402860.0
2026-08-19,2035.0,2041.699951171875,2008.300048828125,2020.699951171875,1449442,-0.00702705102119161,-0.007051857021210565,2928887378.626465
2026-08-20,2022.9000244140625,2043.5999755859375,2018.199951171875,2028.0,1401471,0.003612633743021343,0.0036061238555890676,2842183188.0
2026-08-21,2028.0,2034.699951171875,2012.0,2015.0,857550,-0.0064102564102563875,-0.0064308903302904025,1727963250.0
2026-08-24,2019.9000244140625,2030.0,2006.199951171875,2030.0,891171,0.007444168734491274,0.007416597655049619,1809077130.0
2026-08-25,2024.0,2029.199951171875,2012.0,2024.199951171875,1019583,-0.0028571669104063835,-0.002861256403216544,2063839858.8156738
2026-08-26,2030.300048828125,2051.89990234375,2021.0,2021.0,765343,-0.0015808473713392335,-0.001582098228995473,1546758203.0
2026-08-27,2020.0,2028.0,2004.300048828125,2009.0,989046,-0.005937654626422595,-0.005955352588686628,1986993414.0
2026-08-28,2018.0,2018.0,1997.5,2010.4000244140625,933212,0.0006968762638439596,0.000696633558331,1876129427.583496
2026-08-31,2001.0999755859375,2008.5999755859375,1967.4000244140625,1967.4000244140625,1800025,-0.0213887780928238,-0.021620832885304996,3541369228.945923
2026-09-01,1987.0,2003.0,1980.0,1994.800048828125,922778,0.01392702250383615,0.013830932661711304,1840757599.4575195
2026-09-02,1983.0,1983.800048828125,1962.300048828125,1975.0,1497019,-0.009925831333198909,-0.009975420814449427,2956612525.0
2026-09-03,1978.9000244140625,1978.9000244140625,1959.9000244140625,1962.0,1638341,-0.006582278481012671,-0.006604037209913864,3214425042.0
2026-09-04,1967.0,1984.199951171875,1950.4000244140625,1973.4000244140625,2247162,0.005810409996973798,0.005793594669331038,4434549545.6623535
2026-09-08,1967.0,1990.800048828125,1956.699951171875,1980.0,1256067,0.0033444691924016112,0.0033388888939414954,2487012660.0
2026-09-09,1973.0,1979.5999755859375,1936.0,1945.0,1455307,-0.017676767676767624,-0.0178348676360342,2830572115.0
2026-09-10,1940.0,1950.0,1936.0,1942.300048828125,1232506,-0.0013881497027634637,-0.001389114075127561,2393896463.980957
2026-09-11,1930.5,1946.5999755859375,1926.199951171875,1927.0,1100313,-0.007877283861139839,-0.007908473563052637,2120303151.0
