Date,open,high,low,close,volume,returns,log_returns,dollar_vol
2018-01-02,296.18245662027726,296.8968378190061,292.8962914788264,294.9918212890625,7046560,-0.0019336048798664907,-0.001935476707087582,2078677568.2226562
2018-01-03,297.65879918658544,301.32596140621257,297.65879918658544,300.0400695800781,8898342,0.01711318052465205,0.016968399492447647,2669859152.8273315
2018-01-04,299.9925216228483,300.6592600383745,296.70635613149227,299.75439453125,6385367,-0.0009521229921988228,-0.0009525765492125212,1914041818.9448242
2018-01-05,299.51623066704855,300.18296900071704,296.8015763424653,298.0398254394531,6366054,-0.005719913112460229,-0.0057363344645447465,1897337622.8981323
2018-01-08,298.6113137305207,303.08811379333116,297.7540621841773,299.2304382324219,7329648,0.003994811066652559,0.003986852995875734,2193253783.1293945
2018-01-09,299.8495900968376,300.8020983615267,295.9919432521448,297.75408935546875,9190909,-0.004933819185220734,-0.004946030653773468,2736630739.643982
2018-01-10,297.7064240310843,298.0874505627972,295.8014076454923,297.18255615234375,6736971,-0.001919480616915048,-0.0019213251806151996,2002110262.5042114
2018-01-11,297.65879395320076,297.65879395320076,293.89637517033566,294.80126953125,8366713,-0.008012874819856686,-0.008045150430536732,2466517614.2036133
2018-01-12,294.89652519610394,303.6595826205292,294.89652519610394,302.6118469238281,11699345,0.02649438180845487,0.02614948430888258,3540360398.249054
2018-01-15,305.5645999913287,314.99445384138454,305.0407321410997,313.6609191894531,30242005,0.03651235858061508,0.03586157619995642,9485735086.432037
2018-01-16,314.0895550233933,324.5671444252351,311.0415173882883,318.23297119140625,26707100,0.01457641587535985,0.01447120112901756,8499079784.906006
2018-01-17,318.18530891085203,327.8532890684886,318.18530891085203,326.9483947753906,43305353,0.027386928360551233,0.027018615941623293,14158615648.531647
2018-01-18,333.37788644145814,336.425924459078,326.71032871262895,329.7107238769531,31504669,0.008448822950974266,0.008413331414035686,10387427221.493805
2018-01-19,330.94899549380403,338.1404209889473,324.6147925220917,336.8069152832031,18812611,0.02152247680272068,0.02129413875614434,6336217479.332855
2018-01-22,335.66389221266695,336.1401463245091,328.4248238990181,334.806640625,15269782,-0.005938935833669556,-0.005956641449570026,5112424414.496094
2018-01-23,333.8064907123522,347.1416047291614,333.8064907123522,345.09368896484375,22485663,0.03072534141091232,0.030262769360588488,7759660393.490295
2018-01-24,340.7597632675117,342.1409116012726,335.0923286033418,335.9972229003906,12815095,-0.026359410082923418,-0.026713047630314946,4305836331.204681
2018-01-25,335.759141063788,347.4749803161632,334.04463792820644,343.6649475097656,30183655,0.022820797574413687,0.022564298188285224,10373064211.227875
2018-01-29,342.90295085744026,348.33225920664705,338.7119206050536,340.66455078125,17855095,-0.008730587015803759,-0.008768921877615592,6082597917.331543
2018-01-30,339.8549339395367,339.8549339395367,333.85414355710645,336.4735412597656,13358981,-0.01230245269686292,-0.012378754311862498,4494943644.691925
2018-01-31,332.2824852961009,337.1402828407528,327.28181733771515,336.1877746582031,22638319,-0.0008492988794678302,-0.0008496597380935143,7610726086.612518
2018-02-01,331.04422467606634,338.99767423344446,327.4723188031341,329.75836181640625,29472295,-0.019124469497243224,-0.019309707688200985,9718735718.16986
2018-02-02,326.2816852893522,327.37709301761345,317.85201063791266,319.1855163574219,16957983,-0.03206240290843887,-0.03258765959807293,5412742560.235382
2018-02-05,312.04168865854956,318.3758623043594,311.51779171343793,314.0419616699219,17339547,-0.01611462432944566,-0.01624587685483446,5445345354.347809
2018-02-06,300.27818377136714,321.90012964643523,298.1350405089228,314.99444580078125,18491736,0.0030329836363094387,0.0030283934204646755,5824794133.214355
2018-02-07,319.42363221057013,320.4237541980536,314.23245086845765,316.756591796875,11819190,0.005594212912592766,0.005578623417151174,3743806342.199707
2018-02-08,316.7565645290282,322.32874285963476,313.8514263825258,317.9948425292969,10294899,0.003909155371945472,0.003901534478465787,3273724786.360016
2018-02-09,309.5651359528919,313.0417847430224,307.3267360792767,311.2320251464844,9493398,-0.02126706624869068,-0.021496468609418062,2954649485.0615845
2018-02-12,313.2323562190536,313.56573993339276,307.8983039943651,310.7558288574219,8356351,-0.0015300362770778175,-0.00153120797789809,2596784781.228546
2018-02-14,311.47020060750026,311.47020060750026,301.5164776763845,303.8025207519531,15189066,-0.022375471221358856,-0.022629600066726395,4614476538.667786
2018-02-15,306.85047596759426,316.0421732400521,306.85047596759426,313.0417785644531,23779772,0.03041205118914614,0.029958771941198906,7444062120.737183
2018-02-16,314.6610777396998,318.137726724084,303.65959100634973,305.802734375,17585994,-0.023124850052443247,-0.02339642430922876,5377845051.902344
2018-02-19,313.8514696349382,313.9467262739696,300.23061323255604,304.56451416015625,19044107,-0.004049081566829149,-0.004057301293328308,5800159196.069031
2018-02-20,305.2788792002192,308.80317118021804,301.27833311850395,302.1832275390625,16030558,-0.007818660777537456,-0.007849386767900405,4844165755.692139
2018-02-21,303.8501056355601,305.4693811486892,300.70684030800646,304.0406188964844,9974873,0.006146573297757918,0.0061277601676030845,3032766560.333832
2018-02-22,301.94512606918164,304.1358834953821,299.0399874298838,303.23101806640625,25530698,-0.0026628048351452493,-0.0026663564061015148,7741699546.485962
2018-02-23,303.89770538365076,308.66024600441466,303.2309671376884,307.4219970703125,7949765,0.013821076190129178,0.013726436137836749,2443932632.539673
2018-02-26,309.56519191316346,312.2322034777323,307.80304577631625,311.517822265625,7133735,0.013323136386937495,0.013235163923342043,2222285591.8200684
2018-02-27,311.47016472103485,311.5177785011878,304.4692240122807,306.8504943847656,9623651,-0.014982538870214723,-0.015095910931855203,2953022067.136444
2018-02-28,300.1829592644996,301.94510528247827,296.32531260664246,298.3731994628906,17481687,-0.02762679245106625,-0.02801558983117868,5216066882.198822
2018-03-01,297.80170343085,299.0875954030792,289.8006398133339,290.4674072265625,18986889,-0.026496321554883462,-0.026853675599603364,5515072419.12854
2018-03-05,289.9911241763442,291.9437542988437,285.0856838429931,288.943359375,14456193,-0.005246880764056772,-0.005260693981655708,4177020969.1933594
2018-03-06,292.80098707044465,293.0867569442623,280.2278974649674,281.0375061035156,18951451,-0.027361256159633363,-0.02774254647749345,5326068526.082977
2018-03-07,279.3706683898945,279.84692253244,271.79824496436856,273.0841369628906,31472773,-0.028300027462154875,-0.028708192398712733,8594715052.533966
2018-03-08,276.4655040132746,283.84744253559285,275.51299581684646,282.8473205566406,21413552,0.03575155885043846,0.035127307019318516,6056765806.800293
2018-03-09,284.7999227207791,285.27617677215164,276.8941170952911,278.79913330078125,12489587,-0.01431227012471814,-0.014415678521242746,3482086030.8847046
2018-03-12,281.5614272902894,287.5622172709178,279.7992813219324,286.37158203125,12163952,0.027160947886804454,0.02679863520788558,3483410177.9921875
2018-03-13,285.84771420779236,292.42001491836766,285.3714601118341,289.8958740234375,15966647,0.012306709929768456,0.012231598001044229,4628665087.288696
2018-03-14,288.7528383938349,292.84864085899954,283.6569140035412,291.5151062011719,12964285,0.005585564759033046,0.005570023337082961,3779284918.5972595
2018-03-15,291.22941050610484,291.22941050610484,286.1334853262817,287.1336364746094,13282019,-0.015029992042809859,-0.015144087048047766,3813714415.1948547
2018-03-16,286.9430520351826,287.51456268275933,283.2758902038237,283.9426574707031,28835112,-0.011113219067903968,-0.011175432242097822,8187518329.745361
2018-03-19,283.9427008552233,285.7524606255363,277.4180138572915,280.561279296875,13601784,-0.011908665657878514,-0.011980141840806757,3816133919.7597656
2018-03-20,279.08495466676476,283.0855014804138,276.4655566280835,278.1324462890625,10880002,-0.008657049946091955,-0.008694739883074974,3026081571.8898926
2018-03-21,280.9899291996438,281.0375429840748,273.7032470187935,275.46539306640625,13618228,-0.009589148113573143,-0.00963542003749317,3751350528.8879395
2018-03-22,275.7511192651733,275.8939896791233,267.5595430692087,269.7979431152344,24593489,-0.02057409058932358,-0.020788685693117634,6635272746.227142
2018-03-23,263.9400281987445,264.6544093491914,260.5586066456834,262.463623046875,31922568,-0.02718449215614216,-0.027560826445963946,8378512854.240234
2018-03-26,262.9875169563843,269.70268806561836,262.8446465415961,268.27392578125,24618534,0.0221375544043958,0.021896076075321142,6604510763.15918
2018-03-27,270.9885639162685,273.65557506213736,268.03578288947284,270.41705322265625,22377328,0.007988578968922022,0.007956839197013359,6051211096.756836
2018-03-28,269.5597717480361,269.8455125289543,263.9399802001522,265.130615234375,27172599,-0.01954920344438671,-0.019742816598149616,7204287890.386963
2018-04-02,260.03472075163796,260.8443584797144,246.50909361271775,249.4142608642578,73359584,-0.05927778033564313,-0.061107379932005434,18296926420.669434
2018-04-03,248.98563303495328,258.6059714896534,248.98563303495328,257.2248229980469,40773239,0.03131561967116192,0.03083528783865322,10487889184.832062
2018-04-04,254.55782121299453,260.3204843035215,252.89093183180557,255.89132690429688,33486876,-0.005184165657916018,-0.005197650068501817,8569001133.519653
2018-04-05,255.08169224913024,266.7023042770718,254.9864646807696,265.4164123535156,26759108,0.03722316642947865,0.036547109980063226,7102306443.140259
2018-04-06,265.17829803095685,269.512228124537,263.8447922591805,267.3214416503906,31577015,0.0071775112924727935,0.007151875552414307,8441213172.8160095
2018-04-09,264.55921151642207,269.988521093834,261.32068872825084,267.5119934082031,31712527,0.0007128188320251194,0.0007125648973472561,8483481313.781464
2018-04-10,266.17845189262385,280.4660761688088,265.7974253239954,275.0843811035156,44741783,0.028306722247617433,0.027913490475263095,12307765686.022797
2018-04-11,274.0842008222962,274.22707122106647,268.94066298888805,271.0361633300781,16811454,-0.014716276355632663,-0.014825634977843193,4556511992.160095
2018-04-12,271.75059577627167,276.13213959923166,270.08370631620767,273.1317443847656,22954325,0.007731739665069792,0.007702002945309308,6269554828.424835
2018-04-13,274.32241977450127,277.2752016343351,272.2268896628129,274.560546875,17497198,0.0052311842896650695,0.005217549176317599,4804040251.660156
2018-04-16,271.4648484939162,275.2272676705157,270.60759689126854,273.9413757324219,16874313,-0.0022551351591677538,-0.0022576818058695387,4622572517.759491
2018-04-17,273.9414437789192,279.3231108599273,273.17941955642357,277.89434814453125,15406113,0.014429994014378167,0.01432687249553255,4281271729.575989
2018-04-18,279.75170300929426,280.8946955433492,275.27490231323355,276.2750244140625,20755245,-0.005827120059406665,-0.00584416396701603,5734155819.094849
2018-04-19,277.17988014895866,277.17988014895866,273.65558825859915,275.84637451171875,17282341,-0.001551533307264541,-0.0015527381814959198,4767271107.925232
2018-04-20,275.51299714639276,276.37024871366634,266.4165554539043,268.75018310546875,19745690,-0.02572515741347381,-0.026061835897730912,5306657803.043823
2018-04-23,266.7023091015675,269.36932056528525,262.17789492930876,266.13079833984375,11620499,-0.00974654132457664,-0.009794349756674252,3092572675.977356
2018-04-24,266.0831907036564,272.98887565247526,266.0831907036564,270.60760498046875,15412234,0.016821828471382805,0.016681908474815932,4170667730.13855
2018-04-25,270.5599526138469,272.0839716039993,263.70191076052765,265.654541015625,7961352,-0.018303491378970027,-0.01847307275221438,2114969311.4238281
2018-04-26,266.5118296195732,267.08334045376654,262.27318482482326,265.6069641113281,14112673,-0.00017909313394370852,-0.00017910917303404396,3748424231.0259094
2018-04-27,264.22580487114953,277.84669142814926,262.8922990230877,274.2271423339844,16488361,0.03245463932580894,0.03193911203161519,4521556118.801117
2018-04-30,275.2272644300934,277.17989467248157,268.89306145188283,270.7028503417969,9737559,-0.012851725624939192,-0.012935023501295438,2635984976.671417
2018-05-02,270.17891073295243,270.2741673544786,262.4635894811678,263.7494812011719,14211445,-0.025686353622968783,-0.026022008308960957,3748261245.868988
2018-05-03,264.1305109312991,270.17894378514643,264.1305109312991,268.5120544433594,14724116,0.018057185252072117,0.017896090668573353,3953602637.022339
2018-05-04,267.13097796474426,272.03639014588106,265.1307046192401,269.4169921875,11861951,0.0033701941092239007,0.003364527732680406,3195811159.895508
2018-05-07,270.512329291632,279.0849031072119,269.41695067328993,276.036865234375,19673100,0.02457110441745236,0.024274090307457075,5430500853.442383
2018-05-08,287.65754007195955,299.5638952073883,285.7525232502909,294.61083984375,87176185,0.06728802181405857,0.06512087198907349,25683049077.22412
2018-05-09,290.5150194634118,295.0870474866855,289.80063826801,292.2295227050781,20140490,-0.0080829243755417,-0.008115768311869626,5885645779.746399
2018-05-10,293.8011489727061,298.03979277730184,291.1817515737763,292.2771301269531,16239386,0.0001629110619429941,0.00016289779337698695,4746401135.103821
2018-05-11,293.32490950456156,297.0396856416235,292.94388297297104,296.18243408203125,16671145,0.013361647397392318,0.013273167870248428,4937700305.034485
2018-05-14,295.2775460994038,296.2300543126277,290.65787545161925,295.372802734375,10425585,-0.002733556262934922,-0.002737299250523775,3079434261.595459
2018-05-15,295.9443442482087,302.4213891443158,290.5626490293109,293.6106872558594,16400700,-0.005965733683680696,-0.005983599764497768,4815420798.477173
2018-05-16,289.4672302270106,290.41973840746687,281.27565406143816,283.133056640625,25515791,-0.035685453799929046,-0.03633774485482731,7224363898.43335
2018-05-17,284.7999686163825,285.70486308711054,280.0850411206861,281.94244384765625,10668400,-0.0042051352360454874,-0.004214001682356036,3007874767.944336
2018-05-18,280.18028319666337,281.2756618207568,271.08384144966715,272.5126037597656,17469524,-0.03344597556579987,-0.034018084912794455,4760665471.683716
2018-05-21,275.75112117557137,279.0848998426335,274.08423184204025,275.56060791015625,23155638,0.01118481900777546,0.011122731449438669,6380781683.827515
2018-05-22,275.75115804910354,279.8945750458742,273.22701682016185,276.5131530761719,11284988,0.0034567537546084104,0.0034507929141703465,3120447614.3067627
2018-05-23,275.13201422983417,284.2284564033829,275.08437137631734,278.1800231933594,15887229,0.006028176593568135,0.006010079827629816,4419509731.698212
2018-05-24,279.75167369223755,284.7999555921589,277.3704031605305,283.56170654296875,11489424,0.01934604536957929,0.019161289692568403,3257960676.635742
2018-05-25,284.2284676189224,286.6573811967771,280.60894774808486,281.60906982421875,13541580,-0.006886108644765465,-0.006909927299105326,3813431747.750244
2018-05-28,279.7992607505499,287.94319356382266,279.41826331551647,285.0380554199219,19063427,0.012176403259467117,0.012102867195998379,5433802161.719635
2018-05-29,284.5618450997601,284.5618450997601,274.608122070646,276.13214111328125,12969969,-0.031244650099511495,-0.03174317585190551,3581425310.1428833
2018-05-30,272.32210665193026,274.4652502442617,269.32171143631535,271.3695983886719,25142319,-0.017247332039683094,-0.01739779989340018,6822861009.589874
2018-05-31,271.46484221087366,275.2272613003922,266.03553373935864,272.2268371582031,23698686,0.0031589344370972494,0.003153955486405247,6451418334.585388
2018-06-01,280.9899162238119,285.70484339452565,273.2269802841586,275.56060791015625,29675949,0.012246297193746924,0.012171917927638498,8177522546.750793
2018-06-04,279.37066187942116,279.37066187942116,271.98872284199507,273.1317443847656,17188567,-0.008814262473185286,-0.00885333786796942,4694743288.184418
2018-06-05,274.32238141514983,274.32238141514983,269.65509671166615,270.60760498046875,12376050,-0.009241472132734185,-0.009284439462120772,3349053249.6185303
2018-06-06,272.1315853034931,273.2745776224763,267.7500420767874,270.41705322265625,16873633,-0.0007041626114914212,-0.0007044106504297988,4562918113.020569
2018-06-07,273.8461333892001,279.13254277167573,273.51274967403356,277.08465576171875,20297969,0.024656738395756772,0.024357667132410516,5624255753.027039
2018-06-08,276.32269323234027,277.0846883266363,271.9411487695143,274.560546875,11340014,-0.009109522430175154,-0.0091512678435425,3113520445.4101562
2018-06-11,271.8458620646278,276.560789760593,269.75036125283486,272.7983703613281,16876061,-0.006418170905210796,-0.006438855918227793,4603761938.9183655
2018-06-12,274.8462331230471,275.41774386426545,271.7029676487119,273.7508544921875,14257648,0.0034915316011521202,0.003485450355820395,3903043323.048828
2018-06-13,275.2748526969247,278.9896286324737,272.7983257171449,276.9417419433594,10927770,0.011656173483334031,0.011588763614931883,3026355659.3563843
2018-06-14,277.03702103160487,277.03702103160487,270.6075905598111,271.2267150878906,11400592,-0.020636206067619844,-0.02085210799742225,3092145118.217285
2018-06-15,273.5603881656003,274.7986372956132,266.70231695934734,269.0835876464844,47186222,-0.007901608957332162,-0.007932992096905041,12697037903.24347
2018-06-18,270.5123261852069,280.2279213585926,269.9408154570825,279.08489990234375,27792317,0.03716805005959278,0.03649397017744478,7756416007.999207
2018-06-19,281.46619313000093,281.46619313000093,274.6557648289986,278.8944091796875,27176748,-0.0006825547448926494,-0.0006827877914332525,7579443076.885254
2018-06-20,278.7039103981341,280.6089268341183,277.1798914356979,279.2754211425781,20364143,0.0013661513115708068,0.0013652189759122079,5687204612.532684
2018-06-21,280.79941106352203,286.08584911482814,280.5612840090013,283.7998352050781,30192796,0.016200545124914978,0.016070716612023857,8568710529.180542
2018-06-22,284.03795440244704,288.3242412652511,281.6090410725788,286.37158203125,17490606,0.009061833402099984,0.00902102135912728,5008812510.905273
2018-06-25,285.5619288355129,286.22869616102156,275.084339292181,275.9416198730469,15461874,-0.03642107950873763,-0.03710088426809823,4266574557.832947
2018-06-26,273.89370561807937,275.37011068458634,271.17908065792983,274.4176025390625,11614686,-0.005522970165520946,-0.005538278154976211,3187274286.3640137
2018-06-27,274.2271284210491,274.2271284210491,260.9872691222902,265.79742431640625,25318055,-0.03141262857374172,-0.03191658706387335,6729473807.701111
2018-06-28,264.7973339285423,265.178331473063,256.98675345874597,258.5107727050781,34197884,-0.027414304822811486,-0.02779708893760984,8840521417.718628
2018-06-29,259.0822178367824,262.89225045202915,256.79620408128267,262.32073974609375,20930477,0.014738136446492467,0.014630585558888166,5490498209.878601
2018-07-02,260.9872771179876,266.60707033717085,258.12975218603884,264.2257995605469,69733139,0.007262330139420348,0.007236086403741977,18425294408.141754
2018-07-03,262.7970082610049,263.6542598328843,259.2727453392247,259.9394836425781,14020388,-0.0162221702994092,-0.01635519024726571,3644452417.1885986
2018-07-04,261.177782679234,261.79690724918714,258.12974454804726,260.27288818359375,8233522,0.0012826236951137826,0.0012818018360243805,2142962550.8631592
2018-07-05,260.0347128335665,262.4159830976102,257.89156959592725,258.653564453125,7505990,-0.006221638149750297,-0.006241073194193548,1941451068.2495117
2018-07-06,258.22497403038903,259.0346117989776,254.3672984511999,257.2248229980469,26025797,-0.005523764801381836,-0.005539077204280044,6694481026.708099
2018-07-09,260.8920679659672,261.6540921941536,257.1772906918465,258.3203125,18374471,0.004258879408234328,0.00424983604862067,4746499090.7421875
2018-07-10,259.08220491404455,262.84462356123225,258.9869482897663,260.41571044921875,14450561,0.008111626720096687,0.008078904311614541,3763153109.204773
2018-07-11,261.5111392345747,261.844522949523,254.79596742142078,255.98660278320312,12717543,-0.01700783588814736,-0.017154130268723332,3255520628.3193054
2018-07-12,257.5582211228277,260.70151574162344,256.27232919096787,259.36798095703125,15837704,0.013209199766957447,0.013122719016278447,4107793309.4750977
2018-07-13,260.034740971584,260.32048180689264,253.414797293911,255.03407287597656,19159840,-0.016709495385911488,-0.016850673894652158,4886412030.852051
2018-07-16,252.7004069667543,253.93868503405594,244.31834666179483,246.937744140625,29794402,-0.03174606688451709,-0.032260898508788924,7357362417.898926
2018-07-17,247.89024475795193,254.7959288098065,247.65211772168107,253.79580688476562,15128995,0.027772436198474137,0.027393776962313453,3839675493.3805847
2018-07-18,253.3671727991855,254.6530646401983,248.60463195709556,250.22390747070312,22908592,-0.01407391027419258,-0.014173886899255576,5732277404.89209
2018-07-19,251.41456369773795,251.7955611833054,247.08063372820416,248.795166015625,15145144,-0.005709851906318786,-0.0057262154293057175,3768038615.810547
2018-07-20,249.36664851410245,254.9864704502655,249.36664851410245,253.1766815185547,13794388,0.017610935023771868,0.017457659441986146,3492417377.4193726
2018-07-23,252.74805684174393,263.17800419732185,252.74805684174393,262.463623046875,16917863,0.03668166227875802,0.03602490263907968,4440323617.190674
2018-07-24,260.65388078087517,264.7020409052191,260.36813992880786,261.3206481933594,12012225,-0.004354793400499157,-0.004364303131932616,3139042423.2444763
2018-07-25,260.0347211488877,263.46375625241143,259.32034004683027,261.6063537597656,17947377,0.001093314165495407,0.0010927169328321534,4695147856.521881
2018-07-26,261.9397182468412,272.89356100989096,260.272829130725,272.08392333984375,36630780,0.040050898724347306,0.039269653036808835,9966646337.398682
2018-07-27,271.3695854922974,281.1327947267163,268.79783074466513,279.2754211425781,30926969,0.026431175037680887,0.026087907043615292,8637142292.138458
2018-07-30,285.75244669353197,293.8011522360299,280.2755247985726,292.7533874511719,56119080,0.04826048154704199,0.04713210610965019,16429050770.64331
2018-07-31,289.8481814010756,293.8487267474611,287.847937796121,289.8005676269531,20824059,-0.010086372868055249,-0.01013758498086379,6034824118.497162
2018-08-01,288.22904957645017,291.1341885885308,282.7044833786456,285.08575439453125,15581508,-0.01626916493307573,-0.016402960947864906,4442065962.784424
2018-08-02,280.9899149392112,286.4668370100602,280.13266338524863,284.3713073730469,14089168,-0.0025060775940970448,-0.002509223062842322,4006555123.958496
2018-08-03,285.75244340740267,292.18187338406926,283.4187868256122,290.5149841308594,14478297,0.02160441858416129,0.02137435088752938,4206162223.196869
2018-08-06,292.3724390202095,302.8976442773925,292.22953951831136,300.1353759765625,25849864,0.03311495919731877,0.032578470680653906,7758458650.583008
2018-08-07,299.04000874169964,303.0405263792043,295.65858665110557,298.2779846191406,20751115,-0.006188511938582386,-0.006207740148975542,6189600760.800018
2018-08-08,298.13511338807155,304.80267183445017,293.6106987280289,303.5644226074219,17916047,0.017723191991629195,0.017567967588920003,5438674462.962433
2018-08-09,305.0407617242487,329.42497831117083,305.0407617242487,317.18524169921875,76423347,0.044869616059757034,0.04389210831162845,24240357789.658264
2018-08-10,318.18535393121095,324.13853020644126,309.8985499970365,312.99420166015625,36321097,-0.013213225232707404,-0.013301296557713097,11368292758.936096
2018-08-13,308.6126580980119,311.8988230291307,306.70764168999943,309.46990966796875,15332907,-0.011259927415569582,-0.011323800320407305,4745073344.237366
2018-08-14,309.27940826510337,317.6614683668263,309.27940826510337,316.6613464355469,15314006,0.023237919238396465,0.02297203005475995,4849353759.282043
2018-08-16,313.89904821582303,323.09077508894507,313.1370533255215,318.4234619140625,37463597,0.005564668685807739,0.0055492431160148745,11929288252.493286
2018-08-17,320.8047151506221,325.94828212433765,319.89984990023896,323.8527526855469,24090696,0.017050536222577906,0.016906807299471045,7801838213.710693
2018-08-20,323.85277985416127,326.18643651276034,320.70951450052087,322.37640380859375,13032778,-0.004558704116949808,-0.004569126696262233,4201460103.275757
2018-08-21,322.23351881016964,325.6149404280389,318.1853588800507,322.7574157714844,16009673,0.001181885393562565,0.0011811875168402201,5167240684.826508
2018-08-23,320.56663740337086,322.6145533794521,318.85213419407626,321.185791015625,18867868,-0.004869368383380812,-0.004881262384163275,6060091108.358398
2018-08-24,319.9419498458739,320.9943963292016,313.148918033261,315.8757019042969,17805968,-0.016532764710845527,-0.016670956106379635,5624472640.085449
2018-08-27,316.688996334389,327.50042169011743,316.6411697966722,325.2041931152344,28083933,0.029532158234075956,0.029104483747802334,9133012770.767303
2018-08-28,327.21338108927677,328.64852749756307,321.7598130585374,324.2474060058594,16427306,-0.002942111847358486,-0.0029464483661906255,5326511358.16449
2018-08-29,321.80767811926347,327.8352815295367,321.28144023542734,325.9217529296875,18868248,0.0051637943521369856,0.005150507686193253,6149572462.87207
2018-08-30,324.53446169507544,330.5142385600486,323.0993152474819,329.4617919921875,22349447,0.01086162255412182,0.01080305881505912,7363288858.654419
2018-08-31,328.17011438390705,331.80580659579044,323.86467556545927,327.78741455078125,19809916,-0.005082159698342026,-0.005095117793993652,6493441148.108154
2018-09-03,328.74425512317345,329.1269550452275,318.17199093787025,319.70281982421875,12859450,-0.024664140133757395,-0.02497339564334506,4111202426.38855
2018-09-04,320.32466123919914,321.9033456201491,313.1011027854327,314.29705810546875,15470215,-0.01690870828640867,-0.017053292634869106,4862243062.759094
2018-09-05,312.8619496386354,317.0238804963903,310.56572098550106,315.3973693847656,14548867,0.0035008640740368246,0.0034947503142107525,4588674379.328827
2018-09-06,315.73218928085953,316.92814454328703,311.4267503361205,314.4405517578125,11322771,-0.0030336893069830007,-0.003038300270236638,3560338360.6673584
2018-09-07,313.29248375056835,321.8555067723482,308.50866221947484,320.6117248535156,16435004,0.019625881780210852,0.01943577744658052,5269254980.414429
2018-09-10,317.45438934703344,321.23362008612213,316.11492514013497,318.5068359375,16673909,-0.006565227509933824,-0.006586873408241944,5310753998.299805
2018-09-11,319.27222278557457,322.1425153636955,311.0440448886692,312.43133544921875,13005562,-0.019074945347400396,-0.019259219223442547,4063345103.9276123
2018-09-12,312.86191783276615,312.90974436725065,304.7294214976636,308.9391784667969,15263406,-0.011177358306268426,-0.011240294387823745,4715464110.245178
2018-09-14,313.0532913452695,317.645748316375,310.1351427048107,314.153564453125,10736693,0.016878357779696485,0.01673750104318998,3372970376.388916
2018-09-17,313.14890234663574,313.3402668606099,307.4561730324709,311.61810302734375,7227361,-0.008070770835259977,-0.008103515809997344,2252176524.713806
2018-09-18,310.230821877557,313.8665145102089,303.96402744023806,305.0643005371094,14825218,-0.021031520398092196,-0.02125583349506562,4522644759.480164
2018-09-19,306.1645790723303,310.66138300670696,303.2942861435272,307.0735168457031,15942065,0.00658620594103021,0.006564611651117112,4895385965.332794
2018-09-21,309.4654436511836,319.2722783326252,295.0182959881653,303.3899841308594,34169460,-0.011995605328266157,-0.012068133195848168,10366671927.160034
2018-09-24,303.10291120789435,303.10291120789435,292.3393130940042,295.4009704589844,24382310,-0.026332489830742545,-0.026685398947313633,7202558036.031799
2018-09-25,293.72661390752023,299.9455813029563,287.0770909362264,297.64935302734375,30472132,0.007611290392397496,0.007582470666169437,9070010375.163818
2018-09-26,301.3807122866925,301.6677298572393,291.9087528830215,299.5628662109375,23224979,0.006428749681904877,0.00640817341005325,6957341276.928833
2018-09-27,302.002663893693,302.3375372587641,292.10014694448387,293.39178466796875,24888615,-0.02060028875082054,-0.020815434538162553,7302115172.763977
2018-09-28,295.7358557904163,298.1277665794068,288.7514587676861,292.3393249511719,26289107,-0.003587216042834851,-0.00359366553072768,7685339793.949127
2018-10-01,293.0569139255009,301.42860213654103,287.5555188153888,300.42401123046875,21104376,0.027655144516213204,0.027279648219964415,6340261292.436035
2018-10-03,297.6493860725564,300.9023789240007,289.37338053637126,290.5693359375,19105555,-0.032802555470204386,-0.033352621817183105,5551488429.067383
2018-10-04,286.0724841173603,307.360486698,282.05406296221423,302.81585693359375,56268976,0.0421466393092762,0.04128266213354004,17039138186.21582
2018-10-05,301.04589565840666,307.9346106295256,286.40741284244234,294.013671875,36131946,-0.029067781151645655,-0.029498618638808777,10623286115.449219
2018-10-08,294.0136861724805,300.47184582265686,285.6898534755769,297.41021728515625,20488368,0.011552338326634937,0.011486119565953096,6093449978.698242
2018-10-09,297.9842807421514,298.4148071984795,289.8996099728954,293.00909423828125,14852835,-0.014798156859067157,-0.014908741908299125,4352015730.220642
2018-10-10,293.82231270515035,308.9870322009745,291.334719767347,306.02105712890625,23972064,0.04440805130793457,0.043450266840252334,7335956366.841797
2018-10-11,296.59696903773,301.8113467855497,290.8563825402255,298.2234802246094,21691068,-0.025480524044501518,-0.025810774646238467,6468785788.748657
2018-10-12,300.28051487647014,310.2308588663264,300.0413237747999,305.5905456542969,25930022,0.024703170334337665,0.02440298073339494,7923969571.807922
2018-10-15,303.19859502659233,304.1553593082781,296.16637171657624,299.8020935058594,23756416,-0.01894185612334276,-0.01912355116638524,7122223250.996094
2018-10-16,300.18477078124334,308.9870131893782,300.18477078124334,306.78643798828125,18042549,0.02329651671456845,0.023029295131915335,5535209339.939026
2018-10-17,311.04405045229345,313.9621696129956,298.17556015095613,301.1893615722656,20203287,-0.01824421070474247,-0.0184126886274679,6085015113.191254
2018-10-19,299.3236865312525,307.59969104157955,296.7882672347652,301.811279296875,18322589,0.0020648728141088313,0.0020627438943682116,5529964026.12085
2018-10-22,306.355973070179,315.58874370595055,302.4332331840104,312.9576416015625,33593953,0.03693156309682988,0.036265931984594615,10513484302.953735
2018-10-23,309.03492728952017,314.3928142214732,304.585978293555,308.89141845703125,21509920,-0.01299288658913178,-0.013078032471416564,6644229699.697266
2018-10-24,314.5363156099497,315.7322711826111,302.5767598833356,308.0781555175781,33104174,-0.002632844070306395,-0.002636316099802822,10198672865.852966
2018-10-25,304.72944029075586,308.12594199622015,298.31910757556005,306.11676025390625,26920180,-0.006366550917499159,-0.0063869038340322705,8240718287.052002
2018-10-26,305.97319024173714,309.41754732249944,299.46720513217406,302.00262451171875,22952163,-0.013439759844495525,-0.013530890857215563,6931613464.220764
2018-10-29,314.7754701903785,337.68998798227386,314.105723468168,334.29345703125,80069836,0.1069223572865945,0.10158351331422945,26766822280.365234
2018-10-30,332.4277554318875,338.5510408860217,328.0744605088531,330.75341796875,34460428,-0.0105896151660817,-0.010646084151113639,11397904345.666016
2018-10-31,330.5620458468585,341.1342790492509,327.500388591023,339.65130615234375,31233009,0.026901878257942657,0.026546384276767015,10608332301.917908
2018-11-01,341.5649037337397,342.9522238455251,335.9199993996155,338.4075927734375,22157128,-0.0036617358931880784,-0.0036684564590379297,7498140349.25293
2018-11-02,338.6945664506573,342.33025915703394,336.4940202122919,339.1251220703125,26714413,0.002120310868306552,0.002118066181613146,9059528569.661743
2018-11-05,335.82423026793936,336.6374856680425,332.95393770154675,334.5325927734375,22873951,-0.013542285716959701,-0.013634818824344107,7652082135.002563
2018-11-06,333.62370867764736,342.80862220238157,332.6190886871666,337.8334655761719,21349153,0.009867118702451494,0.009818756556512797,7212458345.1059265
2018-11-07,341.3256761778786,341.564867261395,339.2207829636823,340.5124206542969,2074764,0.007929809658010267,0.007898533948884309,706482911.9263916
2018-11-09,341.4691827383079,342.61731161087323,337.16374326338297,341.4213562011719,15130936,0.0026693168640616882,0.002665760564988282,5166024689.713135
2018-11-12,340.60808960483917,342.712982736705,336.3026502699465,337.11590576171875,10642857,-0.012610372377866885,-0.012690557950109824,3587876377.4474487
2018-11-13,332.76261581239345,346.3008541766671,332.76261581239345,345.2962341308594,17684864,0.024265625647822864,0.023975893025643014,6106516940.316406
2018-11-14,349.21898809339973,353.9071275733836,345.6789483156664,350.74981689453125,31774158,0.01579392482341735,0.01567049868531318,11144780100.477905
2018-11-15,350.27140231575265,358.6909161458975,346.44434526602714,354.0027770996094,21967798,0.009274303359241065,0.009231561074545407,7776661498.763245
2018-11-16,354.0984577834264,359.07361440696457,349.7451628899366,351.65869140625,29972926,-0.006621659051843531,-0.006643679497896976,10540239934.776367
2018-11-19,352.3762569202406,354.67251444827485,345.1526986078376,346.7313537597656,16002154,-0.014011704436425076,-0.014110795075135626,5548448519.492249
2018-11-20,346.34867326979867,349.6495217523122,339.2686233575004,342.4259338378906,19591217,-0.012417163533638864,-0.01249490069578597,6708540776.245758
2018-11-21,340.9429836914351,344.7221853742252,337.78564380154216,341.32568359375,29323882,-0.003213104310789472,-0.0032182774145656768,10008994069.27246
2018-11-22,342.1867743013483,343.00002986310477,335.82429702078036,336.8288879394531,12547369,-0.01317450127676012,-0.013262054852062609,4226316346.835968
2018-11-26,339.41213393358515,342.37810909017816,335.53725021486355,340.9429626464844,20673027,0.012214138556223775,0.012140147845143464,7048323072.250763
2018-11-27,340.3688832863745,340.70375661482717,336.3983174727648,339.3164367675781,17933339,-0.004770668578347403,-0.004782084540007238,6085076688.825043
2018-11-28,341.51703836266626,345.91813091043394,337.9769986718478,343.4783935546875,18163000,0.012265709338331376,0.012191095037502419,6238598062.133789
2018-11-29,347.3054694036434,350.5584624509933,344.6265408230332,346.5400695800781,38692771,0.008913736883723766,0.008874244043462237,13408595554.58603
2018-11-30,349.21899574266246,349.21899574266246,338.50322309815556,339.79486083984375,21893877,-0.019464441005070277,-0.019656367817790385,7439426888.459656
2018-12-03,343.38269240187503,343.38269240187503,336.87670701218747,340.12969970703125,23427270,0.0009854147480627962,0.000984929545674178,7968310310.055542
2018-12-04,338.0248382649812,343.5740890974081,338.0248382649812,342.47381591796875,18651442,0.006891830419268219,0.0068681903096036705,6387630514.112671
2018-12-05,339.9383451566989,340.94296519366753,335.2980616459247,336.20697021484375,12068267,-0.01829875865495678,-0.01846825179933987,4057435483.8137817
2018-12-06,333.1453480024565,334.8196855629551,328.5050352094487,332.6191101074219,17784829,-0.01067158157110526,-0.010728931270637737,5915573995.39267
2018-12-07,334.48481898661913,337.7378119018551,330.37071480718,336.972412109375,14979672,0.013087949157663203,0.013003041989142214,5047736206.447266
2018-12-10,331.51884450503417,334.3413109932037,329.36612473552094,331.3753356933594,14107881,-0.016609895097878025,-0.01674938618414474,4675003802.296967
2018-12-11,322.8122989408972,330.08371413539015,321.4728346362061,327.97882080078125,36885929,-0.010249751646335903,-0.010302642070276504,12097803497.56134
2018-12-12,327.9787836669728,336.49400912168755,324.72579095298954,334.8196716308594,24740214,0.020857599321126186,0.02064305768376774,8283510327.55719
2018-12-13,337.6421477507094,338.8859589779123,332.5713081575655,334.4369812011719,19129928,-0.0011429747476409124,-0.0011436284414289186,6397755370.9157715
2018-12-14,334.1020872995389,338.74237054687404,334.05423156823093,336.6853332519531,12104234,0.0067227973494619064,0.006700300120614865,4075318058.0496216
2018-12-17,337.06805508396087,344.91353411336416,337.06805508396087,342.9521789550781,18378122,0.01861336115415302,0.01844225255704134,6302816985.002258
2018-12-18,341.32565657231953,347.20975104921735,339.2686192118598,346.5878601074219,15405953,0.010601131514665019,0.01054533352145739,5339516283.185516
2018-12-19,347.30543874035425,353.28521557817027,345.39191015225316,350.65411376953125,19442031,0.01173224492297309,0.011663955742140773,6817428150.184753
2018-12-20,347.35323894216094,349.6973229641261,345.5353927609058,346.4921569824219,12109613,-0.011869122943884314,-0.011940123351214436,4195885928.5923767
2018-12-21,345.3919108259511,347.783821565743,336.78103216270017,338.88592529296875,13555416,-0.021952103492602237,-0.022196636212559125,4593739693.891113
2018-12-24,338.12045655337516,341.66049571099023,336.30261044465084,337.4985656738281,9025217,-0.004093883857646974,-0.0041022867416287455,3045997792.39505
2018-12-26,335.48935316946654,341.4691292818487,333.09744272451366,340.46453857421875,8695108,0.008788105201184893,0.008749714561374427,2960375933.072998
2018-12-27,343.9567414931552,345.1526967834652,339.555620185189,340.273193359375,10122458,-0.000562012172090065,-0.0005621701601277604,3444401108.3061523
2018-12-28,342.8086561335048,347.1140957236734,342.8086561335048,345.1527404785156,13004606,0.014340086772533844,0.014238240232315905,4488575399.743347
2018-12-31,347.11409400062706,347.7838407239144,343.95678332942845,344.57867431640625,7314108,-0.0016632235378269966,-0.0016646082296764325,2520285638.4470215
2019-01-01,345.8703209316608,349.02763168414947,340.9908167884343,348.0230407714844,7759872,0.009995878189244412,0.00994624984409267,2700614249.4375
2019-01-02,345.87032825145076,351.9936145302456,344.7221992999939,348.8363037109375,18243156,0.002336807751723402,0.0023340816625606834,6363875107.062012
2019-01-03,349.21898481522607,351.41953112248075,346.39651832719323,347.5446472167969,12884409,-0.0037027582290029004,-0.0037096304075092995,4477907380.501923
2019-01-04,346.2051730620769,352.8546675293702,342.56945114788243,349.41033935546875,22896026,0.0053682085269122215,0.005353851055198939,8000108214.551636
2019-01-07,351.6108510528108,354.9595258247423,350.70191336403576,351.8022155761719,12719847,0.006845464919885469,0.006822141105967966,4474870356.389923
2019-01-08,351.89794280407733,365.2926447148077,350.7498430163231,363.7139892578125,21501136,0.03385929125583198,0.033298684868638406,7820263948.134766
2019-01-09,365.1490801259768,366.96692641090146,359.36066793494945,365.72314453125,21730142,0.005523997791609059,0.005508796471486304,7947215863.350586
2019-01-10,364.4793915226614,365.62749122602224,359.7912228400126,363.0920715332031,14497154,-0.007194165962395194,-0.007220168761699854,5263801677.195862
2019-01-11,364.14448975596264,364.71855416193046,359.0257950331199,362.18310546875,12537973,-0.0025034037802447173,-0.00250654253496275,4541041997.42334
2019-01-14,362.3266724268631,362.3266724268631,356.5860863046406,357.2079772949219,14844029,-0.013736499849680062,-0.01383171855039446,5302405573.997162
2019-01-15,357.3992497667041,359.16926934926863,354.5768129387302,356.63385009765625,12960779,-0.001607263089736688,-0.0016085561227383786,4622252515.034851
2019-01-16,355.9641548647643,363.33125183467325,355.9641548647643,359.0736389160156,15106484,0.006841158845946049,0.0068178642995487294,5424340181.106567
2019-01-17,359.74336428024264,361.60906627956433,356.68170694754247,358.4039001464844,13171721,-0.0018651850120579017,-0.001866926635592858,4720796178.041351
2019-01-18,358.40388309792615,360.12604701681994,354.3376351578627,355.9162902832031,12212121,-0.006940800204084052,-0.006964999598268047,4346492802.809601
2019-01-21,356.8730542684131,359.8868557235478,354.5768259786975,355.6292724609375,8908581,-0.0008064194590172713,-0.0008067447901031832,3168152179.689331
2019-01-22,354.5289879552489,356.39468995776906,350.2714044799995,353.0938415527344,14756076,-0.007129421294985283,-0.007154957061528194,5210279561.084106
2019-01-23,352.85466193341745,357.54283035890046,350.6062891883694,351.51519775390625,9726450,-0.004470890208353784,-0.0044809145275603,3418994995.1934814
2019-01-24,350.74978106527414,352.56762730674166,346.1094685975951,349.027587890625,17521254,-0.007076820231888825,-0.007101979693778579,6115401020.438965
2019-01-25,346.683555977049,348.88410222608763,339.2207767883163,341.7562255859375,22978238,-0.02083320217932494,-0.021053275253322103,7852955889.495361
2019-01-28,337.9291799470814,339.55566182247054,322.09471244283327,328.6963806152344,34362360,-0.03821391972688182,-0.03896322282271906,11294783361.397705
2019-01-29,328.12232385141414,334.9631826627024,326.5914951528426,331.85369873046875,20738442,0.009605576153058681,0.009559735920560298,6882128683.6073
2019-01-30,335.824294811653,352.6633536104961,335.824294811653,350.080078125,39400056,0.054922935812551144,0.05346771763682104,13793174682.609375
2019-01-31,356.5860542315306,360.36525556986186,338.7902330136587,348.6927490234375,85917249,-0.003962890744863112,-0.003970763803321554,29958721742.341187
2019-02-01,348.7405705070513,349.12327036894237,333.67153350983307,339.3164367675781,25605469,-0.02688989743009873,-0.02725804536664879,8688356502.842682
2019-02-04,335.8242928537651,341.4691967800568,331.04047101824136,339.2207946777344,17039321,-0.0002818669521431616,-0.00028190668409877574,5780092010.389008
2019-02-05,339.2685949565367,340.70374127259805,333.767200744968,337.40289306640625,12197271,-0.005359051213399746,-0.005373462438408313,4115394522.914978
2019-02-06,338.3118421926958,346.25297373100835,337.9291423350893,343.765380859375,15396216,0.018857241368456457,0.018681647633629166,5292686057.033203
2019-02-07,343.5740186897678,346.15726442540495,341.0864260124642,343.1434631347656,10247434,-0.0018091342503850916,-0.0018107727101804169,3516339991.004944
2019-02-08,341.46914266839514,342.9042889916286,335.5850485827632,339.7469787597656,9308651,-0.009898146810000785,-0.009947459135392262,3162586053.579071
2019-02-11,339.2686085730173,339.36429083755354,333.95854947159603,334.9153137207031,9419635,-0.014221362782092517,-0.014323455448906907,3154780011.1595154
2019-02-12,333.91071343416985,336.7810060997931,328.409319158392,329.4139099121094,14924394,-0.016426253393660994,-0.016562660124476918,4916302980.608826
2019-02-14,325.15636198680386,331.8537122678992,321.61632230183005,329.0791015625,15172596,-0.00101637587100889,-0.0010168927312103114,4992984260.050781
2019-02-15,329.1747494269303,332.71478905587804,325.8739300737943,327.3569030761719,20316848,-0.0052333875902509375,-0.00524712972934756,6650860441.549316
2019-02-18,327.4047917544952,328.1701916008418,322.9558139034413,324.10394287109375,10601490,-0.009937044780513493,-0.009986746744537235,3435984709.3084717
2019-02-19,324.4387362870372,335.2501597421302,324.4387362870372,328.4093017578125,14384763,0.013283883091885551,0.013196425978906277,4724089972.781616
2019-02-20,330.0836903883954,332.5712834599339,327.5482707801105,330.2750549316406,9474758,0.005681182487346392,0.005665105432499985,3129276218.9140015
2019-02-21,331.80588824706336,339.60354160672154,331.27967949679095,336.111328125,18631331,0.017670947612338894,0.017516631704350798,6262201407.146484
2019-02-22,336.2069969327447,338.7902724352341,336.11131465522067,336.8288879394531,10997730,0.0021348873257442946,0.0021326116920363037,3704353165.758362
2019-02-25,337.7856059639938,341.9953920122857,337.7856059639938,340.2253723144531,10344411,0.010083708662216972,0.010033207282403107,3519431083.8487244
2019-02-26,334.8675193592045,337.45079475922773,331.6145264393412,333.1453552246094,18096382,-0.02080978570669345,-0.021029360847023604,6028725609.670227
2019-02-27,335.8243019374225,339.36434187071654,328.457204432192,330.60992431640625,17325417,-0.007610584594504477,-0.0076396928748404536,5727954803.120178
2019-02-28,333.38453503981987,336.54184557922173,330.0836864956119,335.0110168457031,18347113,0.013312039977011914,0.013224213348660318,6146484982.313019
2019-03-01,336.82888356977435,339.65135013039213,335.4894192962103,338.93377685546875,14190221,0.011709346297624323,0.01164132239759641,4809545197.943787
2019-03-05,339.6513413956308,348.40572928493435,337.54644816406767,347.5446472167969,17638277,0.02540576050347454,0.02508839816275659,6130088757.477142
2019-03-06,349.45813717821164,356.72955121100455,349.45813717821164,355.86846923828125,31436190,0.023950367494200098,0.023668056198699064,11187148813.983765
2019-03-07,355.437935161502,357.82984589610163,352.5676422799825,354.7681884765625,15355303,-0.0030918186263420022,-0.0030966081723706575,5447573028.818726
2019-03-08,353.8114752324856,357.2558330269047,351.75443754355564,354.576904296875,16143455,-0.0005391807549287586,-0.0005393261651426098,5724096298.555908
2019-03-11,355.72491054903554,362.0395599785119,354.00274670378093,359.5998229980469,11449587,0.014165950010569084,0.014066550565896504,4117269458.6007385
2019-03-12,361.65685680904375,372.1812626950212,361.0349659372247,371.4158630371094,37108265,0.032858859441448285,0.03233054909048488,13782598270.78476
2019-03-13,371.12887532239995,376.2475702938043,367.6845179174651,374.9559326171875,19574619,0.009531282673633124,0.009486146575554475,7339619522.771118
2019-03-14,375.05161530353894,376.0083796282929,370.0764291355665,371.1288757324219,13182462,-0.010206684444363456,-0.010259129815467432,4892392301.445374
2019-03-15,372.0378110057665,381.03138975804416,371.3202377670508,378.20892333984375,31466545,0.019077059400051777,0.018897373952544268,11900928105.674744
2019-03-18,379.1178627543853,382.61004669155056,376.48676086776186,380.84002685546875,21220626,0.006956746267091196,0.006932659752437626,8081663775.729858
2019-03-19,381.1748962402344,383.61466275585826,376.86945683421186,381.1748962402344,11670392,0.0008792914640054494,0.0008789051137258612,4448460459.682861
2019-03-20,380.40949311711995,380.93570180507805,375.2429717150495,375.9126892089844,14181408,-0.013805229785996964,-0.01390140817311284,5330971218.049805
2019-03-22,377.3957088914348,379.16569957740364,373.1380958619627,374.8602600097656,17409249,-0.002799663936413843,-0.0028035903255846867,6526035606.714752
2019-03-25,371.1767414569602,371.1767414569602,365.96236406746556,366.91912841796875,12345034,-0.02118424500796645,-0.02141185131100817,4529629115.57019
2019-03-26,368.3064339102657,378.400285731565,366.8234317064728,377.0608215332031,14063632,0.027640131924879352,0.027265039524555827,5302844635.660645
2019-03-27,378.3045708190228,381.22271924029883,373.28155860997396,376.19970703125,17950017,-0.0022837549084300246,-0.002286366653819497,6752791136.605957
2019-03-28,375.76921356073063,384.5236018753517,375.76921356073063,383.2319641113281,23117485,0.01869288292532878,0.01852031816101938,8859359181.864166
2019-04-01,384.0930601887531,391.84282806932424,378.6394917116327,381.0314025878906,16106604,-0.0057421137314064286,-0.00575866304890855,6137121913.0477295
2019-04-02,382.70569627912994,382.70569627912994,376.4389021818102,379.9789123535156,13010810,-0.0027622138942530183,-0.0027660358467077066,4943833432.638245
2019-04-03,381.74894548576844,385.3846380492387,373.7599579548992,375.14727783203125,12317200,-0.012715533321462913,-0.012797067620742522,4620764050.512695
2019-04-04,377.34782041389127,378.5916314777214,370.55478829029,371.9421081542969,14521564,-0.008543763655322167,-0.008580470831856712,5401181127.857544
2019-04-05,372.4204942441291,375.52997813955216,368.9283104781258,373.6642761230469,10853927,0.004630204354371115,0.004619517932371285,4055724775.547394
2019-04-08,374.52539487746066,374.52539487746066,368.3542534967696,370.36346435546875,6305407,-0.008833629486408756,-0.008872877296051377,2335292380.691223
2019-04-09,370.65046100671185,381.127041121604,370.4112699465374,379.9789123535156,13206348,0.025962193692027125,0.025630897816279356,5018133749.202026
2019-04-10,378.44807194928467,381.55755563476754,375.7213173066702,377.1564636230469,14000018,-0.00742790886206568,-0.00745563315141274,5280197279.539001
2019-04-11,377.4434951433978,377.4434951433978,370.7939719527485,373.1858825683594,8704774,-0.010527676011555576,-0.0105834840240114,3248498767.748108
2019-04-12,373.7121275127282,378.44809310261184,371.4637256517718,377.5391845703125,7035256,0.011665237634372883,0.011597723289839792,2656084813.4833984
2019-04-15,377.1564849024173,379.7875866308894,374.8602273081572,375.7691650390625,9770752,-0.004688306813144472,-0.004699331394775146,3671547320.84375
2019-04-16,380.3138151801482,390.7425403731351,380.3138151801482,389.403076171875,24487788,0.036282676710302164,0.03563996058689054,9535619975.844727
2019-04-18,393.23011635241886,393.23011635241886,385.1933022957907,386.91546630859375,18660434,-0.006388264540014177,-0.006408756821962274,7220010522.630737
2019-04-22,386.7719325076491,387.10680582130703,376.6780817553458,377.4434814453125,10493872,-0.02448076049698833,-0.024785396404069456,3960843581.5214844
2019-04-23,378.9743557728799,382.65790427153905,376.5824449553259,379.3570556640625,10203957,0.005069829823057148,0.005057021508250302,3870943083.6427
2019-04-24,379.93109117661805,385.24112110809546,376.43890748846724,383.7581481933594,11397163,0.011601451623439063,0.01153467079034122,4373754167.537872
2019-04-25,383.56679956342117,385.00194600419087,377.2521493844087,378.3045959472656,16524091,-0.014210909323405296,-0.014312851239333561,6251139569.150848
2019-04-26,382.7057369597688,390.3598516989642,377.2043419909721,389.5944519042969,14286163,0.029843295793860802,0.029406650661119336,5565809843.800446
2019-04-30,390.1206302759838,392.08198534612734,385.8630176041435,389.8814392089844,19375553,0.0007366308818945733,0.0007363597025310503,7554168489.109955
2019-05-02,386.24577278713394,387.48955474038183,377.3478469742174,378.4481201171875,16572948,-0.02932511769473689,-0.029763694456099676,6272001015.399902
2019-05-03,379.97896893833126,387.68093974176924,377.63491371843156,384.42791748046875,24431248,0.015800837804213597,0.015677304157470758,9392053790.088867
2019-05-06,379.357066701709,387.39388144290086,377.58704680559316,383.94952392578125,20751521,-0.0012444297953771999,-0.0012452047411121018,7967536608.685852
2019-05-07,380.79215610597913,389.737907321461,367.6844747316232,369.78936767578125,41519416,-0.03688025474082157,-0.03757752885081343,15353438588.907715
2019-05-08,369.5980337186387,373.1380732725271,363.66611263677333,365.6753234863281,22509400,-0.01112537176314976,-0.011187721586191204,8231132126.483154
2019-05-09,364.4793551952459,369.0239854136498,361.22633336462286,364.9098815917969,19739885,-0.002093228187326268,-0.002095422051488545,7203279097.985687
2019-05-10,366.9190616149972,372.37262909921606,365.7231063946093,368.44989013671875,18361701,0.00970104873422395,0.009654295686828322,6765366716.173279
2019-05-13,368.3542878455692,369.07186113358006,359.0258351014282,360.0304260253906,13828080,-0.02285104253445147,-0.02311617442004358,4978529533.513184
2019-05-14,361.75257884294456,370.02858399638603,360.2217501606706,363.953125,21481226,0.01089546519141349,0.010836537255668985,7818159331.53125
2019-05-15,365.8188544046079,367.8758919137844,359.55203040449334,360.74798583984375,16183425,-0.008806461436912327,-0.008845467490825057,5838137972.740173
2019-05-16,362.613696528416,368.3542827531403,361.2263765115218,365.9623718261719,13430281,0.014454373110881491,0.01435090451716919,4914977489.051971
2019-05-17,364.71851764141536,375.05155912163883,364.28796208052034,372.85101318359375,19096980,0.018823359688721952,0.01864839249077699,7120328341.746826
2019-05-20,387.7287004040716,396.10038733444947,384.61921668707413,390.0727844238281,33350816,0.04618941784061681,0.04515443705005129,13009245659.926758
2019-05-21,390.93391348152824,393.03877750159324,380.40950578681236,382.8492431640625,18286421,-0.01851844462934127,-0.018692057728842713,7000942440.029419
2019-05-22,385.57596964549396,390.7424904462798,384.1886498868739,387.8243713378906,15370847,0.012995005900262813,0.012911295244781563,5961189074.705902
2019-05-23,396.1004412699858,409.44731564420505,389.7857907144613,393.0866394042969,43279956,0.0135686884458881,0.013477458116987182,17012772457.605835
2019-05-24,397.53558713629127,414.80517196199696,394.8088029011454,413.0830078125,37708344,0.05087012989936923,0.04961851613344936,15576676159.148438
2019-05-27,413.5613232512972,419.82811704872927,411.07373050489724,416.6708068847656,23397222,0.008685419163729335,0.008647917897077128,9748939369.60199
2019-05-28,416.2402782707753,420.2108732952761,409.5907842044258,415.522705078125,23389724,-0.002755416956672363,-0.0027592201057557507,9718961387.510742
2019-05-29,410.0691899049654,411.8392097215416,403.8502218778429,404.9983215332031,22132254,-0.02532805889137424,-0.025654335261062162,8963525721.746521
2019-05-30,402.65422432900954,409.49508260296176,401.45826906439805,407.7729187011719,18281037,0.0068508855974143135,0.006827524914234257,7454511814.374115
2019-05-31,408.5383529670043,411.60001038277676,396.38743477093544,405.38104248046875,24644955,-0.005865706404244997,-0.005882977230234858,9990597549.78424
2019-06-03,407.5816063792347,407.96430627329806,401.45832047983004,404.6156311035156,17125380,-0.001888128197287342,-0.0018899129582575544,6929196436.587524
2019-06-04,399.6404552683721,404.47210324946303,399.4490907312852,400.97991943359375,14514451,-0.008985593710272965,-0.009026207633970414,5820003392.602844
2019-06-06,399.3533629140223,399.78391847429583,392.6081871239069,393.75628662109375,17762399,-0.018014949034614425,-0.01817919379304848,6994056271.722229
2019-06-07,395.62206782007877,400.83644532670604,390.26418149727846,398.5880432128906,14107696,0.012270931934215357,0.012196254337440511,5623158942.882324
2019-06-10,400.7885781440362,404.47212671065466,395.1436743500896,398.1096496582031,13074522,-0.0012002205355466922,-0.0012009413770505755,5205093372.868469
2019-06-11,400.35804916977224,405.3810619474643,395.1914983827847,403.1326599121094,10939138,0.012617152732215198,0.012538219707275563,4409923799.085632
2019-06-12,403.7545167475796,403.7545167475796,396.8658024129195,399.9274597167969,11136959,-0.007950733130903553,-0.00798250874793204,4453975721.840118
2019-06-13,398.68373261709667,404.0415898375494,397.3442391138515,401.4583435058594,12164077,0.0038279036656962973,0.003820595885508323,4883370202.697723
2019-06-14,402.1280307863142,403.75454180458934,398.1096381734876,399.68829345703125,8601256,-0.004409050347218169,-0.00441879887475255,3437821332.227051
2019-06-17,400.8364089186412,401.5539821324604,395.287158546229,396.2917785644531,9539802,-0.008497909366322887,-0.008534222468102816,3780545101.732727
2019-06-18,397.48776755539546,407.6294464770375,397.1528941876511,403.8980712890625,17761348,0.01919366773684472,0.019011792842407792,7173774200.693848
2019-06-19,405.4288890249103,407.58160878964435,399.3056030892929,401.649658203125,17010384,-0.00556678341830541,-0.005582335701434628,6832214919.503906
2019-06-20,401.601794889904,415.8575764090862,400.88422170070226,414.66162109375,24315929,0.032396300170743686,0.03188260513906923,10082882537.540527
2019-06-21,415.4270944296372,416.38385878419814,410.30839929310963,412.174072265625,13909654,-0.005998984959262987,-0.006017051158340934,5733198732.98584
2019-06-24,412.79597491688793,415.044347696079,409.6864908966716,410.8824462890625,8545999,-0.003133690504748987,-0.003138610794638026,3511400975.103882
2019-06-25,409.39945345770747,416.00112153523867,406.2421428287539,414.9008483886719,12964387,0.009779931306148626,0.009732417315845317,5378935165.139069
2019-06-26,413.8005972442832,420.9763301444731,413.8005972442832,419.6846923828125,12261068,0.011530089689426815,0.011464124775329723,5145782551.864746
2019-06-27,419.0627570670736,424.7076605121413,418.6800571924829,421.8852233886719,18787957,0.005243295849952423,0.005229597635929639,7926361435.961761
2019-06-28,420.4978885201474,421.4546527716153,414.8529852761123,418.20166015625,13459208,-0.008731197558508264,-0.00876953779785335,5628663129.988281
2019-07-01,420.49788285170706,422.88979344813316,418.77571890153126,420.0195007324219,6871979,0.0043468038254383945,0.00433738376193658,2886365188.6236877
2019-07-02,420.0195410323948,420.9763053627647,414.8530194880233,417.8668212890625,7787303,-0.005125189281939502,-0.005138368113148396,3254055551.0247803
2019-07-03,418.9670827856026,420.9762936631663,415.4270723804945,417.1014099121094,10415896,-0.0018317112964172377,-0.001833390930937686,4344484907.0979
2019-07-04,419.0627401370227,422.315732736817,415.3313654137843,417.340576171875,11810688,0.0005734007463940038,0.0005732364150015159,4929079334.90625
2019-07-05,417.57978260963444,420.88060186406415,414.47029869275104,417.4841003417969,12154330,0.0003439017869730776,0.0003438426663076159,5074239525.307312
2019-07-08,415.2356973839936,416.5273350011963,403.7545260277542,407.48590087890625,12184946,-0.023948695183134028,-0.024240127539886587,4965193697.970825
2019-07-09,407.5815696048625,411.2172620676267,406.2899320305737,409.9734802246094,11679067,0.006104700408867236,0.0060861422151695455,4788107743.766388
2019-07-10,411.4086323599224,413.99190754468947,408.72970410752765,412.26971435546875,16494282,0.005600933332569058,0.005585306428482883,6800092928.63855
2019-07-11,413.9440559782362,414.18324704596864,406.43345061181003,408.1077880859375,16535185,-0.010095154032931819,-0.010146455657641424,6748137775.941772
2019-07-12,408.8253727150425,414.27894089101187,405.6680622119839,408.586181640625,8824728,0.0011722235366573575,0.0011715370190963973,3605661917.5371094
2019-07-15,409.87780223652686,409.87780223652686,403.37181696218835,404.0415344238281,7825336,-0.011122860784347655,-0.011185182360750045,3161760764.8220215
2019-07-16,403.3239475408993,411.93482556955865,403.3239475408993,406.2420959472656,12149205,0.0054463745331914115,0.005431596668322161,4935518503.292999
2019-07-17,406.24211680518687,408.586171758909,404.2329059890476,406.3377990722656,10961022,0.00023558150658131716,0.00023555376161557727,4453877555.062683
2019-07-18,406.62483672384735,407.10321888469895,399.4491043110736,400.54937744140625,10651654,-0.014245343760967533,-0.014347782685941946,4266513378.4212646
2019-07-19,401.7453064951142,402.17586209089467,390.83819978266547,392.56036376953125,12260757,-0.019945140653835236,-0.02014672995962306,4813087228.009827
2019-07-22,392.99201231130274,396.0611501677077,387.71695174336577,394.6704406738281,17937246,0.005375165449805097,0.005360770807349253,7079300783.294861
2019-07-23,395.9172640041328,398.98640188022944,392.99201483275004,395.10205078125,14207080,0.001093596233568972,0.0010929986928138015,5613246443.613281
2019-07-24,395.006087749476,395.006087749476,385.27121019620574,391.7930908203125,16505930,-0.008374950103130496,-0.008410217041686173,6466909331.563721
2019-07-25,392.46450664709187,396.92432459932695,388.7239858457331,392.2726745605469,16852479,0.001224074011183518,0.0012233254433970675,6610767010.30545
2019-07-26,393.47155213026275,402.2473286090736,391.8410672021921,398.7466125488281,17493739,0.016503668004746563,0.01636896254482664,6975569167.063324
2019-07-29,415.2910905660916,417.5449857105858,407.9059947997401,411.7903747558594,46754670,0.03271190725271422,0.03218826184344257,19253123080.886536
2019-07-30,415.29110282210286,420.75799509821707,405.4603088176535,407.9539794921875,23617273,-0.009316379155162147,-0.009360048051059222,9634760505.103394
2019-07-31,406.5632361909633,412.60559492952876,403.97367896254667,407.234619140625,22329888,-0.0017633370128119497,-0.001764893521557775,9093503435.132812
2019-08-01,405.93985128232373,408.9130728219231,393.85516231878563,399.993408203125,18269866,-0.017781422789597046,-0.017941411678436908,7307825968.754395
2019-08-02,396.9722755788213,400.76073983954194,388.91582537078006,393.8072509765625,30939803,-0.015465647932430548,-0.015586488604062325,12184318765.186401
2019-08-05,387.1414443506881,390.0187498148619,379.5645458155901,386.1823425292969,25033370,-0.0193620316242461,-0.019551930979858398,9667445468.002625
2019-08-06,384.5998053123572,394.6703737806359,384.50388928257627,393.47149658203125,30665326,0.018874902474810495,0.018698981713977107,12065931714.395874
2019-08-07,392.5603598489642,398.0272518838291,389.6830544136594,391.6971740722656,20977349,-0.00450940544659173,-0.00451960348494098,8216768322.827667
2019-08-08,394.19087220992265,399.56184858541104,387.621018485864,397.4518127441406,19046657,0.01469155013820278,0.014584674819919655,7570128351.365875
2019-08-09,399.46592832018945,405.1246234917203,397.54772458275755,402.9666442871094,17664017,0.013875472110423948,0.013780089057799953,7118009655.120453
2019-08-13,399.94543345449614,404.4532234290346,392.41647879336665,393.47149658203125,18389104,-0.023563110842278356,-0.023845160392778442,7235588271.682617
2019-08-14,395.0540407492949,404.9328072306459,394.43063040922806,400.2331848144531,13307755,0.017184696454911386,0.01703870967769444,5326205166.380463
2019-08-16,400.7127443117047,402.8227801057593,395.24588128623463,401.81573486328125,15154141,0.003954070049343228,0.003946273260307686,6089172302.13678
2019-08-19,402.9186853797476,410.39966795975414,402.9186853797476,406.0837097167969,12304262,0.010621721558434771,0.010565707369634655,4996560358.287415
2019-08-20,403.59000883173843,405.8918764709182,395.62947593287424,399.8495178222656,16181488,-0.015351987152794178,-0.015471049037074821,6470160174.446777
2019-08-21,398.98637051814484,401.57595722689024,393.75925371583,395.1979064941406,12868183,-0.01163340487056097,-0.011701602353582967,5085478981.98349
2019-08-22,394.1908636290959,395.6295164160634,381.7225394753775,382.7775573730469,18182520,-0.03142817539514953,-0.03193263821902879,6959860592.486572
2019-08-23,373.09060556400135,386.99758186394484,370.0214680520901,379.2288513183594,26883695,-0.009270935524647306,-0.009314178121125402,10195072774.043121
2019-08-26,390.3544221057433,397.0681345252524,376.78313785448546,394.8142395019531,26701988,0.041097580338131934,0.04027552235614399,10542325085.410278
2019-08-27,395.9172331950456,403.3023291706414,394.4306370307403,401.48004150390625,28793372,0.01688338802157152,0.016742447779832494,11559964185.597412
2019-08-28,400.90457941760684,401.1443548837657,392.94404564891926,396.0611267089844,12154347,-0.013497345408810646,-0.013589262604497207,4813864367.231964
2019-08-29,393.13583893629817,393.9990247396658,383.0173262173058,387.86077880859375,30331105,-0.02070475324990939,-0.020922101989121436,11764246007.425232
2019-08-30,389.8748922311922,395.96519467959456,386.1823443475573,392.89605712890625,18314194,0.01298217967740789,0.01289863348042765,7195574612.093872
2019-09-03,388.4841939413938,389.778987297142,375.0567679962302,376.1117858886719,20194305,-0.04271936797453679,-0.04365868911012272,7595316118.330536
2019-09-04,375.00881900427476,383.30504405674225,373.9538011276075,381.24298095703125,18614965,0.013642739368657342,0.013550515048085887,7096824747.010803
2019-09-05,373.618131541568,377.88614668270003,372.1315353118975,373.09063720703125,25022673,-0.021383590406137354,-0.02161553182925718,9335725014.193176
2019-09-06,375.0088214397699,378.3656778976707,373.28244982635005,375.3445129394531,17564286,0.006041094328430363,0.006022920076272435,6592658373.799255
2019-09-09,376.92704412203454,384.0243922795993,373.1865525915108,379.27685546875,18651819,0.010476621860011637,0.010422122373738804,7074203259.092285
2019-09-11,378.74929720305425,382.6816204601719,377.26270111205986,378.4615783691406,17463978,-0.0021495566836046143,-0.002151870296662155,6609444678.483948
2019-09-12,383.30503803776423,390.5462743693218,383.30503803776423,386.2303161621094,19577114,0.02052715054047405,0.020319308049054498,7561274929.761658
2019-09-13,390.1626281173878,397.9313591005434,384.2641574842485,396.4927062988281,17775449,0.026570648929618024,0.026223780173900375,7047835879.686798
2019-09-16,391.79313757656143,398.6507105076676,390.1147092026104,395.2938537597656,17629622,-0.0030236433609422964,-0.0030282238059476914,6968881220.707947
2019-09-17,389.25150161132905,395.05405624414243,382.0102648973303,384.26416015625,20793363,-0.027902517326309773,-0.028299188733931963,7990144170.019043
2019-09-18,388.86783020572454,388.86783020572454,380.283857527273,383.0173034667969,18477377,-0.003244790482011428,-0.0032500662302037907,7077155113.679413
2019-09-19,379.5165894543142,379.5165894543142,368.63077829988293,370.78875732421875,22647508,-0.031926876493291845,-0.03244765374590851,8397441347.810303
2019-09-20,373.0906442973428,406.65921126497005,370.8367489470515,400.425048828125,75217723,0.07992769715504666,0.07689409181641213,30119060405.01538
2019-09-23,417.9765502992441,431.5958074877543,410.92717552584855,428.047119140625,57490445,0.0689818741193593,0.06670667597713367,24608619360.36255
2019-09-24,423.44344789526644,430.30101996312027,415.6267740201754,422.86798095703125,26639931,-0.012099458101696214,-0.01217325239627485,11265173834.804626
2019-09-25,421.141640467264,422.9159847953881,412.03017262661945,416.4420471191406,19987241,-0.015196075672004095,-0.015312719221380602,8323527558.303619
2019-09-26,421.0457438867948,439.89209080596623,420.6141363139757,433.46612548828125,40909369,0.04087982586511063,0.04006634191723383,17732825676.600403
2019-09-27,431.11630162426616,433.37019693047773,425.16985816993775,430.8285827636719,19432963,-0.006084772418232909,-0.006103360085431346,8372275908.188873
2019-09-30,425.16984845880273,426.9441927771855,413.3729071324159,415.9624938964844,27524660,-0.03450580918244739,-0.03511519389235993,11449226217.252808
2019-10-01,419.0795319047653,425.0739179929473,399.6577209790556,407.234619140625,30623906,-0.02098235990966868,-0.021205618135580258,12471114696.5083
2019-10-03,406.6591639940276,416.8256489477711,405.02867922305836,409.8241882324219,23275379,0.0063589119639719804,0.006338779385743884,9538813304.47696
2019-10-04,410.97512113207756,411.7423908639784,395.1978848207384,396.97222900390625,17952697,-0.031359689343731345,-0.0318619324349795,7126722144.721741
2019-10-07,398.12320400949056,406.1796541047829,394.6704313202318,399.0823059082031,21933703,0.005315426999998207,0.005301349979451827,8753352770.345673
2019-10-09,403.06251646600447,420.4702076349744,400.0413517622102,418.8397521972656,34533981,0.04950719687784688,0.04832071768986167,14464204044.42508
2019-10-10,412.4137898250061,413.85244258020964,403.3023223753839,406.3714599609375,19074005,-0.029768645814821748,-0.03022072645431421,7751131259.152222
2019-10-11,410.4476640902372,415.5308923815789,404.83691219957007,411.0231018066406,18004922,0.011446772975026942,0.01138175436765512,7400438888.226624
2019-10-14,412.41378277277227,418.5520285694508,408.57737549116507,411.3108215332031,17211042,0.0007000086498736291,0.0006997637580962576,7079087824.462463
2019-10-15,412.41382697490985,417.6409441641232,410.68745522094156,414.18817138671875,14971985,0.006995560784882837,0.006971205370087593,6201219089.179382
2019-10-16,416.72976999294025,421.52527942899246,413.5167728168919,417.4970397949219,17833051,0.007988804695037377,0.007957063134163828,7445246003.011871
2019-10-17,418.16844747052846,425.2178526109093,415.96252470771446,422.580322265625,12452421,0.01217561320482674,0.012102086645349135,5262148079.167236
2019-10-18,419.7988886218441,425.55349968303756,417.449077397404,419.894775390625,15988455,-0.006355115781543463,-0.006375395495452614,6713468721.068115
2019-10-22,422.4843925060489,439.9400590233935,419.6550301560534,432.6988220214844,34966169,0.030493464985240415,0.030037779732189494,15129820136.904144
2019-10-23,433.514052469446,440.2277656714065,429.8694770104542,436.4872741699219,25196183,0.008755402038624904,0.008717295768475538,10997813237.156525
2019-10-24,438.6931949437848,440.2277638087763,432.5549487532856,436.1515808105469,23542540,-0.0007690793735358747,-0.0007693752667972705,10268116037.295532
2019-10-25,438.9809476547675,451.40129959388133,435.8158938496418,449.9147033691406,34397573,0.031555824085324424,0.031068171391310007,15475973852.91336
2019-10-27,451.7369924141182,454.13474715092354,445.98238104578553,450.3462829589844,8206762,0.0009592475787341126,0.0009587877947830614,3695884761.8290405
2019-10-29,450.96969792072537,462.2870879511627,447.75670089538744,457.8752136230469,33686172,0.016718092163643394,0.016579883128003955,15424063200.6427
2019-10-30,459.4097842018887,459.4097842018887,450.7778675884921,451.8808288574219,22396012,-0.013091743311879678,-0.013178195552699617,10120328465.660767
2019-10-31,455.573369650823,457.25179785479975,442.43366286047643,444.1120910644531,21198377,-0.01719200571666646,-0.017341504176769287,9414455536.642609
2019-11-01,447.5648910947317,447.8526392233991,441.66642032538704,443.3448486328125,13522994,-0.0017275873525570695,-0.0017290813525123255,5995349727.992432
2019-11-04,444.06415197066366,452.9837873758952,444.06415197066366,451.2574157714844,16254715,0.01784743222589058,0.017690036784591776,7335060685.001984
2019-11-05,452.79197484071,454.61426244387053,447.8046336715146,449.1953430175781,14952189,-0.004569615217028367,-0.004580087824681136,6716453666.718658
2019-11-06,448.0444352300413,464.10939164266233,445.74259658302174,461.040283203125,24922680,0.026369240842916142,0.026027565868404677,11490359445.38086
2019-11-07,463.2461948842194,463.2461948842194,456.19679041252294,458.9781799316406,18312032,-0.004472718212729099,-0.0044827507431321415,8404823118.209961
2019-11-08,461.0882658652433,475.7145707106826,460.65665827677066,469.4324645996094,52207121,0.02277730211385176,0.022521772278063554,24507717480.680023
2019-11-11,468.0416665694052,478.59178610273193,464.78072638572417,476.48175048828125,24766065,0.015016613507300436,0.014904980347284724,11800578003.906555
2019-11-13,476.4817606501178,477.1531436152515,463.5338864012617,465.8836975097656,24272664,-0.022242306169449555,-0.02249339646358892,11308238452.732178
2019-11-14,469.72010340664065,479.4070373757086,463.9654926451504,478.256103515625,35396276,0.026556855438368387,0.026210343608250655,16928485038.723633
2019-11-15,477.48883984553527,488.85420209754193,475.7144956510086,479.40704345703125,42074833,0.0024065347686015315,0.00240364370117914,20170971292.478333
2019-11-18,478.3520797360283,483.8189723550842,476.3379598621936,477.96844482421875,22910109,-0.0030007874361600573,-0.0030052988261874062,10950309169.483337
2019-11-19,477.58478748676083,481.46913834932246,469.81605649217136,473.3167724609375,27939336,-0.00973217461038034,-0.009779841743746399,13224156340.22168
2019-11-20,474.94726421331063,477.6327377781723,472.3576774211845,474.75543212890625,22606112,0.003039528180015072,0.0030349181534113736,10732374471.314453
2019-11-21,477.7286381347472,483.19550112717513,471.1587845974093,477.87249755859375,25745594,0.006565623516322727,0.0065441636904546045,12303111305.909546
2019-11-22,480.6059056857143,481.2293159860636,472.021933084904,476.48175048828125,18462401,-0.0029102889942771437,-0.002914532119772883,8796997146.696594
2019-11-25,471.87810844959296,479.5509232211311,471.44650091090773,477.4408874511719,25692878,0.002012956344934036,0.0020109330630411724,12266830473.49469
2019-11-26,481.2772941380957,496.38314819762667,480.51002436984226,489.8133239746094,286857658,0.02591406988514966,0.025583990692550178,140506702972.5517
2019-11-27,492.882467784835,494.7526695750558,483.67505483321185,484.82598876953125,29866539,-0.01018211420752746,-0.010234306520044041,14480074301.798767
2019-11-28,488.7103421273939,498.73296829416887,487.2237459489188,497.9177551269531,35706498,0.027003021002748318,0.026644872522180736,17778899327.60504
2019-11-29,494.8965593363909,495.3761102659804,489.42966703128394,491.6355895996094,13324549,-0.012616873896657887,-0.012697142524237415,6550822503.7638855
2019-12-02,492.4508542205352,492.9783485277105,486.50441107136413,490.005126953125,10130049,-0.003316404835158937,-0.003321916294534922,4963775946.286377
2019-12-03,488.90218959051924,490.3408424289416,484.01076408599,488.5185546875,12795657,-0.003033789207203985,-0.003038400474451082,6250915863.916992
2019-12-04,489.14187568733024,509.61867393043644,488.4704927776218,507.6045837402344,30992538,0.0390691998688637,0.038325312275442766,15731954350.543396
2019-12-05,510.7696935326152,515.5172595375382,504.53553132425424,506.5016784667969,32354118,-0.002172764606085398,-0.0021751284838227468,16387415072.312805
2019-12-06,508.3719241191186,511.6808372109306,500.31550369876265,503.3366394042969,24868376,-0.006248822456187519,-0.00626842806454904,12517164803.28247
2019-12-09,502.6173212883175,507.65260608600767,500.843006251371,504.9671325683594,12980877,0.00323936911485756,0.003234133662055621,6554916236.912567
2019-12-10,504.5355355410078,508.5637751709406,503.2407714101771,507.0771789550781,12021443,0.0041785816355743854,0.004169875607471564,6095799403.409271
2019-12-11,508.89945841189524,513.3113623939194,505.63854698754966,511.72882080078125,13768156,0.009173439544821749,0.009131619111858622,7045562234.481201
2019-12-12,512.97552726898,515.1335061210699,508.13207533096306,513.455078125,12385216,0.00337338303814394,0.0033677059453393198,6359252048.875
2019-12-13,515.9009651447004,520.6005296020642,513.7909291353623,515.085693359375,17884861,0.0031757700017878143,0.003170737895296159,9212236028.821045
2019-12-16,517.4354541762648,519.2577711283249,514.7499806723857,517.1956787109375,13070575,0.004096377318890898,0.004088010007979954,6760044908.267212
2019-12-17,518.8261732874574,520.792320432131,516.7161374453233,519.0180053710938,11516163,0.0035234761912517065,0.0035172832917757875,5977095949.788391
2019-12-18,519.881132527729,520.6964042023279,514.0306348108654,519.2577514648438,12906168,0.0004619224983892778,0.0004618158450344775,6701627775.70752
2019-12-19,515.2295667782302,519.0659744853816,511.8727100344726,518.1068725585938,12082790,-0.0022163923465818858,-0.002218852179407421,6260176538.682251
2019-12-20,518.8261030088274,527.0264112578294,517.1956183271784,523.7654418945312,27691592,0.010921625702422055,0.010862415472969502,14503898920.643066
2019-12-23,524.6286962888076,526.4030112427683,515.6131157523678,519.1618041992188,11521942,-0.00878950256561506,-0.008828358091338641,5981752196.598755
2019-12-24,519.8332468922378,521.7035073665191,517.2436599693046,518.9700317382812,6715007,-0.0003693886171639571,-0.0003694568579446314,3484887395.912781
2019-12-26,518.9699914367874,520.2168706821041,515.6611368610936,516.7161254882812,7831074,-0.004343037385897919,-0.004352495768104938,4046442215.6920166
2019-12-27,518.8741838186854,527.9856528506216,516.3325400942006,526.9306640625,11247684,0.019768182315901717,0.01957532922661855,5926749599.285156
2019-12-30,527.1223818329446,529.6160819010763,520.4086685200996,521.7034912109375,13180302,-0.009920039215904342,-0.009969570646315101,6876209568.614502
2019-12-31,521.5596106557468,521.5596106557468,515.9968312460119,516.8600463867188,12491978,-0.009283903416050565,-0.009327267447702084,6456604328.54187
2020-01-01,517.8191682024507,520.3128098664197,513.7909282892457,514.7979736328125,7642793,-0.003989615309447636,-0.003997595055756397,3934494349.295044
2020-01-02,514.0785725495332,519.7372966704075,513.9346838617928,518.4904174804688,10264223,0.007172607579628787,0.007147006773349463,5321901268.382629
2020-01-03,515.9967985566774,518.6822720458403,514.3183703085841,516.81201171875,9594690,-0.003237100831823936,-0.0032423515772452595,4958651040.717773
2020-01-06,515.2774743967568,515.2774743967568,502.37754266917267,504.1998596191406,12534334,-0.02440375187423649,-0.02470645835731609,6319809443.219421
2020-01-07,509.57082509128645,513.6949515318829,500.31552692815893,501.514404296875,16101835,-0.005326172292658193,-0.005340406914835022,8075302188.111572
2020-01-08,494.8965609919272,505.782343714452,493.9374591295397,504.43963623046875,16094310,0.005832797440175064,0.005815852536053549,8118607881.7803955
2020-01-09,508.995430060053,525.0124447572564,508.61176585431184,523.9573974609375,18934019,0.03869196595318991,0.037962196508314165,9920619318.715942
2020-01-10,522.6146938268618,524.1492335837178,516.4764177215591,518.1548461914062,12335407,-0.011074471507893646,-0.01113625000035461,6391650916.793396
2020-01-13,517.3395328587959,523.7175246872326,515.9967669270576,516.5722045898438,7901800,-0.0030543796187478822,-0.0030590537563291525,4081850246.2280273
2020-01-14,514.2703907638249,516.9079206825197,512.3042438049472,515.6130981445312,13939440,-0.00185667451092153,-0.001858400267484264,7187357844.799805
2020-01-15,513.2153953464705,514.9897689574212,508.9474387885477,513.6949462890625,12353176,-0.003720137952994862,-0.003727074875740015,6345764081.819336
2020-01-16,512.064498592792,517.9149964332245,511.39311559333305,515.1815795898438,11249232,0.0028940002457114034,0.0028898206888177186,5795397110.932617
2020-01-17,512.6400031856899,515.9968600821351,508.89948208550425,510.2901916503906,18312609,-0.009494493074359012,-0.009539853115785346,9344744756.228668
2020-01-20,511.20127098286866,521.7513910219147,509.2830673394057,512.9755859375,19159996,0.005262484623551611,0.005248686139714245,9828610174.660156
2020-01-21,511.1533104681299,518.1547418243289,508.51578054676594,509.33099365234375,13477994,-0.0071048065152954365,-0.007130165839888832,6864760076.460327
2020-01-22,509.7626238943105,513.0715369237059,499.45227919654224,501.46636962890625,17527408,-0.015441086683222083,-0.015561541843396882,8789405658.764648
2020-01-23,500.0757122355206,508.56373992477535,495.9035841962313,506.1180419921875,17061293,0.009276140225960905,0.009233381060491935,8635028207.015015
2020-01-24,507.60463456763415,515.4213377597315,505.44665548822525,512.0164794921875,17851868,0.011654272344812089,0.011586884379319906,9140450605.719238
2020-01-27,516.4764043027825,522.7105670288142,509.76269059782527,515.2775268554688,38149166,0.006369028134632471,0.006348831584512566,19657407908.078735
2020-01-28,516.0926992399667,518.4904539447406,503.000993675261,506.5976257324219,24009224,-0.016845099331260993,-0.016988591728729987,12163015874.07788
2020-01-29,509.8106155437971,512.9276967940419,503.8162285240955,505.06304931640625,16400827,-0.003029182013628673,-0.0030337792717663194,8283451695.930847
2020-01-30,506.0701192460413,512.1124492491086,502.7132627400115,510.43402099609375,14319317,0.010634259795795797,0.010578113752078889,7309066554.227722
2020-01-31,508.3240477227206,510.96157815901773,501.03489611434776,504.1519775390625,16292578,-0.012307258526326414,-0.012383620013076893,8213935417.909424
2020-02-03,483.38732090641497,497.9177370039952,481.46911725202443,494.4649353027344,22531888,-0.019214527896159184,-0.01940152620206201,11141228542.168457
2020-02-04,498.732959341593,512.7838247847699,495.5199915767917,509.09124755859375,17781475,0.029580079822858263,0.029151029621218325,9052393291.181946
2020-02-05,507.41279641447574,518.2986369856877,504.1998287947771,517.0517578125,18782476,0.015636706174152026,0.015515712548705585,9711512231.871094
2020-02-06,518.2505857527321,524.6286355418911,514.318292156013,519.449462890625,15296851,0.004637263178968842,0.004626544199119557,7945941035.86792
2020-02-07,518.8261511435047,519.5934209063695,513.2633721890722,514.5101928710938,8297149,-0.009508663252908667,-0.009554159224949683,4268967732.2702026
2020-02-10,516.6202170042914,520.0729601289951,508.8035137822626,512.1124267578125,12536053,-0.004660288846565219,-0.004671181848832532,6419868523.794556
2020-02-11,515.7090848169913,522.5186846468627,515.5172527360938,517.6752319335938,11243552,0.010862468639941891,0.010803895809408406,5820508389.357422
2020-02-12,523.477738504971,528.1773606307698,520.5045464099893,526.8345947265625,14026335,0.01769326061584442,0.01753855702210594,7389558515.223999
2020-02-13,526.5468990304774,526.5468990304774,515.9967790134733,518.8740844726562,9227235,-0.01511007502845918,-0.015225395352617802,4787773112.83905
2020-02-14,519.1138814502214,526.2112586260373,514.606091002821,523.477783203125,14458649,0.008872477674709112,0.008833348522695253,7568781526.63208
2020-02-17,520.792228700634,523.0460943043034,515.7569447214843,519.449462890625,7793293,-0.007695303299885992,-0.007725064927809452,4048221862.9992676
2020-02-18,518.8741469090916,522.1351169041318,514.0786372334068,519.0659790039062,15918303,-0.0007382506174609116,-0.0007385232586412739,8262649530.775818
2020-02-19,521.2718560592015,524.1491616124262,518.3945505059768,522.5186767578125,8704234,0.006651751209994616,0.006629725930087214,4548124831.870361
2020-02-20,523.190131206617,526.8826504219221,519.6414421652555,524.6287841796875,13588526,0.004038338753684423,0.004030206550116186,7128931874.174072
2020-02-24,517.4354403585644,519.6893062568803,505.97416171419843,508.1800842285156,16940750,-0.031353026077078794,-0.031855053469009284,8608951761.894226
2020-02-25,510.6738213153491,516.7640949999875,503.81621927512674,509.23516845703125,14942960,0.0020762014515334215,0.0020740491238953915,7609480752.84668
2020-02-26,505.30275170851854,507.70050616958,500.8429635343006,502.2816162109375,15743918,-0.013654893999491047,-0.013748979531634113,7907880578.532471
2020-02-27,501.41845306520895,501.89800400703473,491.68360406950643,494.27313232421875,26315054,-0.015944210634528777,-0.016072687027444757,13006824167.860962
2020-02-28,481.08548998143834,486.12077465382595,472.06993851715174,476.91339111328125,32737933,-0.03512175774011195,-0.03575335942768788,15613158645.069397
2020-03-02,487.4635218918848,499.2604630995341,478.0643353418444,485.4014587402344,28642076,0.017797922610516492,0.01764139411187256,13902905471.748657
2020-03-03,488.99809951164394,498.2534268023957,487.7033061193806,493.69769287109375,19661945,0.0170914899027923,0.016947073593263653,9707056883.858337
2020-03-04,496.33522462071846,496.33522462071846,476.72157939893435,487.5594482421875,21883404,-0.01243320501096401,-0.012511143999148945,10669460379.900879
2020-03-05,488.90216702630426,490.2449037596339,479.55092400814544,483.86688232421875,16671516,-0.007573570630785009,-0.007602395748438321,8066794470.53833
2020-03-06,465.1643741932545,476.48176375450055,457.7792786065244,466.45916748046875,31024353,-0.03597624776495001,-0.03663934542715555,14471593872.000183
2020-03-09,455.57340812578934,455.57340812578934,424.83420355898363,439.0289001464844,42027175,-0.058805291537405435,-0.06060524426267413,18451144416.513824
2020-03-11,431.59583571535165,452.45630110826033,431.2122008263867,446.60577392578125,31018779,0.017258257433095725,0.01711102527452729,13853165801.527771
2020-03-12,420.0866129961652,427.71148446038876,398.9863721607414,408.24169921875,50757033,-0.08590143018036023,-0.08981686890116178,20721137399.222168
2020-03-13,384.5998515748421,445.7425960583737,379.0370724119701,428.9103698730469,67104335,0.05062851417150771,0.04938857001418077,28781745144.934845
2020-03-16,406.85103768999426,406.85103768999426,381.19506186485506,386.4221496582031,34833637,-0.09906083694693568,-0.10431754523720829,13460488889.953522
2020-03-17,390.35446310335476,391.74517252981417,349.1130824806416,352.23016357421875,47232699,-0.0884835046702881,-0.09264558812128385,16636781294.821838
2020-03-18,354.0045128632669,360.1427590951497,328.300564692399,340.52911376953125,61202289,-0.03321989714325524,-0.03378421077755441,20841161233.83673
2020-03-19,322.3541061978204,354.48401503900334,309.78986733439064,324.7038879394531,57985870,-0.04647246062135113,-0.047586971948003404,18828237434.551697
2020-03-20,314.5854088728553,345.0848361960348,309.7898995912569,331.5615234375,88640642,0.021119659335048002,0.020899730488765585,29389826299.998047
2020-03-23,298.42452689942013,300.8702541140669,268.5485109141175,272.3849182128906,56867949,-0.1784785056211876,-0.19659717705244753,15489971637.299835
2020-03-24,283.2227538599873,292.5260531600772,257.32700489171816,284.3736877441406,67895418,0.0440140724747462,0.04307296875154173,19307670397.589905
2020-03-25,272.3848901294941,320.48383582487685,270.0830518414471,303.9393310546875,66544138,0.06880257968223358,0.06653893742217573,20225380789.33081
2020-03-26,308.8307876298141,349.4966991532631,301.3977484865499,316.7433776855469,76173940,0.04212698167897044,0.04126379932195101,24127591047.216187
2020-03-27,341.248400403881,344.8450320661035,312.66717916920527,325.95074462890625,72889985,0.029068853816732965,0.02865436794347391,23758544886.739807
2020-03-30,316.59950028842695,320.24407530845514,298.3765666493595,300.5824890136719,36559880,-0.07782849413065784,-0.08102405768152565,10989259728.441162
2020-03-31,311.42037475149374,321.15525243592424,303.07617715371623,310.50921630859375,46279768,0.03302496871156846,0.03249136091176396,14370294492.623535
2020-04-01,305.9534852859958,310.50921900106937,295.4992811410883,298.4245300292969,33141186,-0.03891892943778752,-0.03969651294335021,9890142856.663513
2020-04-03,296.84206064401303,296.84206064401303,269.9872053999666,274.92657470703125,57326314,-0.07874002623027931,-0.0820130091928579,15760527148.599731
2020-04-07,295.6910630284614,316.1199482251767,284.70936535909794,312.7630920410156,57661076,0.13762408153632988,0.12894194856318766,18034256420.171997
2020-04-08,309.6460703638127,338.3232128105124,302.2130302524549,305.90557861328125,73931321,-0.021925583939536808,-0.02216952180064667,22616003528.14923
2020-04-09,318.80540823320644,330.8900958485231,309.454166394009,328.6841735839844,52431174,0.07446282958932016,0.07182084328598724,17233297096.22809
2020-04-13,327.1016988133431,331.6574329431638,315.7843078407334,317.1270446777344,30994190,-0.03516180526805002,-0.035794865554884724,9829095876.880188
2020-04-15,328.6842572449358,337.5079778184796,311.70814064655127,313.9620361328125,49132329,-0.009980254279915335,-0.010030390880601044,15425686052.787231
2020-04-16,311.9958055279713,333.5755961452616,306.2891673486331,328.0128173828125,56494027,0.044753121820296116,0.04378061044412363,18530764961.57068
2020-04-17,347.19488539838466,369.73377989247865,334.774504171512,360.1907043457031,69006835,0.09809948043992711,0.09358094047682985,24855620503.31772
2020-04-20,360.6222761603564,363.4036655215302,342.39934199267884,346.5234680175781,55810736,-0.03794444488219628,-0.038683080381168106,19339729791.333496
2020-04-21,327.0537301565625,332.0410714737743,314.5854061329985,318.2779541015625,50118175,-0.08151111403104971,-0.08502547459727923,15951510202.304077
2020-04-22,312.6671913564266,324.1764131241478,309.8378292974093,322.21026611328125,49115085,0.0123549619477068,0.012279262278604968,15825384608.026428
2020-04-23,326.3344092663452,340.28932968148405,324.1764300720784,338.5150146484375,45953398,0.05060282135586558,0.04936411500514964,15555915197.115479
2020-04-24,324.0804916960885,329.2116921693728,317.94224604267174,321.1552429199219,38513206,-0.05128213218708921,-0.05264381876370884,12368718028.554993
2020-04-27,325.4232870205354,338.46707967874755,324.17646616614564,333.67156982421875,38980019,0.038972824452433885,0.03823255629132796,13006524131.507874
2020-04-28,339.2822852606927,348.01011809938393,335.9254287280781,345.1328125,32933194,0.03434887389962271,0.03377212140291358,11366325869.828125
2020-04-29,338.56291810810626,361.10180925694624,337.2681248903442,355.29925537109375,39341745,0.02945661062317506,0.02903110052971249,13978092703.49945
2020-04-30,366.37694455739074,376.87912260785737,358.84798840303756,364.60260009765625,45734705,0.026184532013290074,0.025847586339909658,16674992357.69928
2020-05-04,344.317560485833,344.317560485833,322.25821817058466,324.224365234375,38837299,-0.11074587743605291,-0.11737223216325364,12591998615.692627
2020-05-05,333.7674382566729,333.7674382566729,316.07199771027877,317.31884765625,45069968,-0.02129857690717707,-0.021528664487025846,14301550309.664062
2020-05-06,317.94227511498843,331.41764490151724,311.9478883292609,327.4373779296875,49952812,0.031887580420053796,0.031389727424166146,16356417781.494629
2020-05-07,323.21734505860826,328.8760404980257,320.05232044979766,322.9775695800781,27656346,-0.013620339796903247,-0.01371394757666167,8932379414.545715
2020-05-08,329.9310011771453,338.0833660318131,320.05226488456805,323.888671875,42968091,0.0028209460369228445,0.0028169746356372684,13916877926.99414
2020-05-11,327.05373734292596,329.49943540119364,305.1862264365813,307.05645751953125,83665601,-0.05196913574663364,-0.05336822002780093,25690063059.30255
2020-05-12,305.28208846967624,311.1326152506269,295.40335172685593,308.0635070800781,69072308,0.0032796885910886253,0.003274322142779636,21278657444.595337
2020-05-13,329.45148196903517,334.1510751301298,318.7095296555629,324.224365234375,72816461,0.05245950196267812,0.05112980788890537,23608870846.338623
2020-05-14,316.5035887050657,320.819546732862,312.33149009096985,314.0099182128906,33999095,-0.03150425482088792,-0.03201118935164209,10676053040.262299
2020-05-15,315.83218415623725,317.0310613042179,305.7616161131998,309.50213623046875,31828868,-0.014355540130951305,-0.014459577775224618,9851102639.797607
2020-05-18,306.91255757956446,307.39210845078253,281.25658596939775,286.2918701171875,74034133,-0.07499226466080955,-0.07795317897582307,21195370389.074585
2020-05-19,294.4921864522171,298.7602010318865,284.94914141271596,288.01824951171875,61827491,0.006030137683702197,0.006012029164903141,17807445729.521545
2020-05-20,286.77142378458115,295.6431149886192,285.3327711568993,293.1494445800781,42238419,0.017815520638217786,0.01765868425874214,12382169069.790619
2020-05-21,293.48516082733914,300.0070415823829,289.6487534962628,291.9505920410156,43075357,-0.00408956101138036,-0.0040979461348038,12575875978.528107
2020-05-22,288.6896508444997,295.11564481360847,273.87151586246944,279.1465759277344,80358245,-0.043856791054160404,-0.044847576997106356,22431728939.31198
2020-05-26,283.9420629233818,285.7164070244206,278.1395090121209,280.7290954589844,46681705,0.005669134668732978,0.005653125601328065,13104912819.133148
2020-05-27,283.990064215829,308.78285294258956,282.7911869008935,305.80963134765625,80541990,0.08934070708868247,0.0855726573599949,24630516269.906616
2020-05-28,309.070577932052,316.26384196460555,307.6319251255413,313.4824523925781,66136408,0.025090187680188336,0.024780596700327725,20732603372.276123
2020-05-29,309.6939518589228,320.6277060481585,306.91256261412485,318.37384033203125,60487477,0.015603386735432156,0.015482905556721561,19257630344.485413
2020-06-01,325.1355297113923,333.7674464293939,322.4500562180226,325.37530517578125,44024770,0.02199133206562509,0.021753010400756344,14324572974.04358
2020-06-02,323.21730732121443,335.68563074903574,318.9013492115839,334.15106201171875,47558213,0.026971182804412575,0.026613870965998307,15891627381.329529
2020-06-03,343.26256898301466,357.7450137305581,339.3302452838255,342.2555236816406,69689299,0.024253885716028822,0.0239644311560059,23851547524.251434
2020-06-04,342.3993725758002,348.15398387959516,331.3697009101932,333.62359619140625,57061575,-0.02522071053048547,-0.02554420338465155,19037087855.845642
2020-06-05,335.68564161667973,345.2766599485849,332.8083361171082,342.5911865234375,37251097,0.02687936475238506,0.026524460320030998,12761897520.529663
2020-06-08,351.55877644745726,358.46432157419815,338.70681732718526,345.0848388671875,46827341,0.007278798877038195,0.007252436268612946,16159405423.563843
2020-06-09,345.32462413882456,354.24428928659967,331.1299278601376,334.2949523925781,47621969,-0.03126734431460221,-0.03176660228347703,15919783859.695831
2020-06-10,334.29494276396383,342.25550579147483,331.177861708066,338.5629577636719,36292403,0.012767184609122184,0.012686371220462782,12287263304.031158
2020-06-11,338.03547087996213,339.7138991777386,326.19055675318936,327.29351806640625,36999490,-0.03328609772227964,-0.03385268844428053,12109693248.762817
2020-06-12,310.94082704310796,331.9930947886784,310.8449110055828,330.12286376953125,47509067,0.00864467380790268,0.00860752256864362,15683829253.058533
2020-06-15,327.2455272322546,328.2525723571211,312.1876181219661,317.55859375,43500660,-0.03805937545817106,-0.03880255107173031,13814008416.796875
2020-06-16,328.25262818672644,333.6715481159009,312.71516556111635,328.92401123046875,57511237,0.03578998554646651,0.03516440663350332,18916826764.86615
2020-06-17,324.75187736360397,336.6447339040419,322.3541228486179,327.9648742675781,37107002,-0.0029159834190960465,-0.00292024318169306,12169793245.37677
2020-06-18,326.0945701599121,340.19337651872775,323.4090971722617,337.6037902832031,39285919,0.02939008647542196,0.028966477799064305,13263075159.158905
2020-06-19,336.6447129678237,350.5037449103239,334.91834153218394,348.92120361328125,51367236,0.03352276738535531,0.03297312929748278,17923117811.40747
2020-06-22,351.99035850412963,359.9029483070154,350.2160143308019,352.5178527832031,40133602,0.010307912309932776,0.010255148064881939,14147811201.495667
2020-06-23,353.9086015760749,362.82823755028664,349.30492415766895,360.76617431640625,32493320,0.023398308675946167,0.02312876473549165,11722490747.23877
2020-06-24,364.4587171518517,364.4587171518517,330.8901510983917,333.8633728027344,57955780,-0.07457129694780373,-0.07749818607627326,19349312184.213257
2020-06-25,331.75331964920355,341.05661917826757,324.6559719074825,336.6447448730469,69902888,0.008330869142557651,0.008296358986146286,23532439896.64917
2020-06-26,341.05661051419185,343.8379999176524,331.9451432918273,334.82244873046875,34596104,-0.005413113290288707,-0.005427817274930881,11583552257.813965
2020-06-29,331.1299036370353,331.46559512821415,324.65596634652115,329.0678405761719,27384244,-0.017187043987392014,-0.017336455665993386,9011274038.890991
2020-06-30,332.80834006436436,339.9536605141665,332.13695706538203,337.07635498046875,47526095,0.02433697073003116,0.02404554546322489,16019922869.055481
2020-07-01,339.7618244826346,350.79149556675685,337.2202104780125,349.1610107421875,36922617,0.03585138970195345,0.035223687314260684,12891938270.966675
2020-07-02,351.031296980648,355.7308904579162,346.5714789794594,348.0101318359375,50964311,-0.0032961266316753335,-0.0033015708235169623,17736096590.03772
2020-07-03,349.7364948180006,352.1342495188912,345.08484484437963,346.23577880859375,28779044,-0.005098567153729361,-0.005111609196614102,9964334712.706787
2020-07-06,352.8056057176369,352.8056057176369,345.75620157912124,347.0509948730469,33334074,0.0023545113311462806,0.002351743812593276,11568623544.871765
2020-07-07,348.1539600302084,362.54048730418396,347.2907742476628,360.67022705078125,46030825,0.03924274063157873,0.03849231392686625,16601948104.084778
2020-07-08,362.4445386422156,363.49955640123034,352.5178298628543,353.860595703125,46315597,-0.01888049203101394,-0.01906100423818931,16389264744.76587
2020-07-09,358.17659067209024,360.6222886345652,350.35988732999766,355.203369140625,35144463,0.0037946396230750246,0.0037874581398344522,12483431664.238037
2020-07-10,349.97626753617647,353.14132127814463,344.3175723404632,345.61236572265625,27864858,-0.02700144269794824,-0.027372679528935493,9630439493.905884
2020-07-13,349.2089973886314,351.99038696305655,338.0834098214644,339.138427734375,32379935,-0.01873178922503138,-0.018909451306169986,10981280246.04126
2020-07-14,337.1243318235426,338.0354903740963,326.67012653411734,331.41766357421875,34031256,-0.022765819290179068,-0.023028961997195944,11278559352.016113
2020-07-15,335.2060673942524,342.2074985819694,329.6912322368362,331.6573791503906,30442553,0.0007233035607898675,0.0007230421028373909,10096497342.626862
2020-07-16,333.719527803386,334.34293820315565,327.05375769104523,330.5544738769531,35535437,-0.003325435653694253,-0.003330977203626736,11746397681.522614
2020-07-17,331.8492478167165,341.440266539743,331.3217534947366,339.3302307128906,27511781,0.026548594950205562,0.02620229678516974,9335578994.05252
2020-07-20,343.3584821716813,351.3669889365623,340.7209519315357,348.15399169921875,36312529,0.026003462667592236,0.025671121662563304,12642351920.04364
2020-07-21,355.82678703869755,364.3627876663257,354.91562857164774,363.3077697753906,45559912,0.04352607879694714,0.042605438882580164,16552270019.883057
2020-07-22,371.07651211532243,373.57018286122906,359.95092443552346,365.51373291015625,45500191,0.006071885377319175,0.006053525762137767,16630944660.535095
2020-07-23,366.9044029351117,379.468643089938,363.35574363316886,376.20770263671875,37838027,0.029257367818765534,0.02883754007681035,14234957209.976135
2020-07-24,372.41922034587145,372.80288448465046,356.9297320002625,366.18505859375,52980980,-0.02664125155525332,-0.027002561312980768,19400843265.654297
2020-07-27,369.2542116811585,370.02148145219024,342.0157250370129,343.8380126953125,73275058,-0.06102664588297568,-0.06296817704868378,25194750322.85376
2020-07-28,346.33168473755825,347.914196940043,329.1637674343824,337.69976806640625,125939354,-0.01785214084036013,-0.018013412553104992,42529690636.23303
2020-07-29,338.75481105676863,343.0227970542696,333.9593014397106,336.6927185058594,50194622,-0.0029820854373486805,-0.002986540713674224,16900163735.554016
2020-07-30,338.9465553782833,340.0974891955155,326.47823252593946,330.8421630859375,40820253,-0.017376542759477753,-0.01752928690835271,13505060800.23523
2020-07-31,332.2808843618366,338.5629904658084,328.06081233988886,332.6165466308594,37345191,0.005363232812805041,0.00534890189689277,12421628463.68985
2020-08-03,332.61646936696025,335.0621963483048,326.5741401555672,329.211669921875,32119883,-0.010236642594822931,-0.010289397350487738,10574240320.125244
2020-08-04,332.80833752406625,338.7547806227723,330.122864087566,336.6447448730469,30811518,0.022578406631015957,0.022327287296686125,10372535616.261292
2020-08-05,338.94658947800934,345.27666757069863,336.4049754178404,337.7956848144531,37057881,0.0034188561055372713,0.0034130251034605588,12517992290.167511
2020-08-06,338.99459126700714,348.87332950818,334.3429410196711,344.07781982421875,48021824,0.018597440086353778,0.018426622296500928,16523244505.902344
2020-08-07,344.74919976716603,344.94100259110735,338.706840058388,343.310546875,28510964,-0.0022299401618236514,-0.002232430180803899,9788114642.773438
2020-08-10,344.79713700533694,350.0242541280866,342.73507375057545,348.6814880371094,22856010,0.015644556250888897,0.015523441736073305,7969467577.391052
2020-08-11,354.86769444207914,358.99182080483564,349.16102656691316,352.3260803222656,45446107,0.010452497222245283,0.010398247575221918,16011848745.216278
2020-08-12,350.7915091880078,353.6688147999395,348.87330544672,351.8465270996094,25706005,-0.001361106229256781,-0.001362033375732498,9044568584.855194
2020-08-13,353.86065163418294,357.12159218427325,351.27106484087994,352.9974365234375,26257336,0.0032710552334151988,0.003265716970246571,9268772297.93457
2020-08-14,356.5940690303773,356.5940690303773,339.71389927491333,346.6194152832031,28893259,-0.01806818004983135,-0.018233402824009294,10014964540.206146
2020-08-17,351.0312850068889,351.36697651584336,339.85775405660115,345.468505859375,24232497,-0.003320383605424304,-0.003325908311887605,8371564531.831787
2020-08-18,347.0989426088485,354.8676732003712,346.81122377079623,354.4360656738281,26517363,0.025957676784880146,0.025626495200746485,9398709813.76474
2020-08-19,358.7041041149381,360.4784484517529,355.2513314834678,359.1357116699219,35790233,0.013259502774242593,0.013172364991301302,12853550799.287323
2020-08-20,351.9903599306647,354.53197384193885,347.77031787258227,352.7096862792969,68444775,-0.017893028127849098,-0.018055043900371066,24141135117.70706
2020-08-21,354.8676504046303,357.7449556781813,352.03828851118664,355.9706115722656,34109928,0.009245352253769878,0.009202875591703895,12142131930.845947
2020-08-24,359.51931270089466,365.60961493594914,358.5602109085857,364.79437255859375,32907235,0.024787891751386404,0.024485656299699465,12004374144.463196
2020-08-25,366.8564631979815,373.85789510155524,365.80144529306136,370.54901123046875,53072303,0.01577502040810863,0.015651888029392654,19665889400.37384
2020-08-26,372.3233692354547,375.6322532283093,368.4869616359939,373.42633056640625,37163882,0.0077650169039256145,0.007735024322049694,13877972084.862915
2020-08-27,374.0017803461126,381.1950442640186,371.74788513127555,376.1597595214844,36910405,0.007319861325611798,0.007293201160787708,13884209068.640594
2020-08-28,377.790204312922,395.05403722229664,376.83110248462344,392.94403076171875,83472297,0.044620060533816286,0.04365324086957037,32799940840.119324
2020-08-31,397.8833899338486,404.74096199045755,371.65194969502915,378.4615783691406,72744175,-0.03685627279921777,-0.03755262889091915,27530875287.66098
2020-09-01,378.5575391790708,383.30507611696663,369.5419577238967,374.9609069824219,34872793,-0.00924974049361571,-0.009292784982397299,13075934092.290253
2020-09-02,371.41222391176717,377.88616196574895,365.513752872033,376.3515930175781,31295799,0.0037088827375315603,0.0037020217910157084,11778223808.407928
2020-09-03,376.35157992796894,376.4954393591603,365.4657675026582,367.09625244140625,26135555,-0.024592271556399647,-0.024899712379362088,9594264295.976257
2020-09-04,359.66319626649306,364.4107621649971,353.28517477326045,357.3133850097656,33118984,-0.026649325256193124,-0.02701085602902177,11833856281.124268
2020-09-07,358.79998403227114,361.43751394403415,353.9085590692907,358.12860107421875,22323904,0.0022815156068973774,0.002278916902071607,7994828510.035156
2020-09-08,357.16951065248537,365.7055109664409,354.0524297484958,360.3345642089844,32052920,0.00615969550644313,0.006140802127357249,11549774959.82544
2020-09-09,355.6349961710772,357.16956516576437,347.09899455430786,352.5658874511719,25285238,-0.021559621333763768,-0.021795425360356637,8914712374.884094
2020-09-10,356.4981643365045,359.6631886891832,350.50377785835144,355.5390625,24852274,0.008432962900416507,0.00839760411591703,8835954198.953125
2020-09-11,357.7450143090787,358.36842469995975,350.16811503417404,355.3472595214844,22678353,-0.000539470901360195,-0.0005396164681419518,8058690589.010834
2020-09-14,358.22453414335394,358.5602256383451,344.65324907856296,348.8253479003906,27140598,-0.018353628588204773,-0.018524146061676055,9467328539.574646
2020-09-15,349.1609848301883,357.0256309882176,348.8253226289799,356.354248046875,24967618,0.02158358098630586,0.021353953745552694,8897316737.911621
2020-09-16,356.16246086551104,361.29366137219006,350.07215855457287,359.3754577636719,22068622,0.008478107763147724,0.008442370455291531,7930921133.46344
2020-09-17,354.8677323504192,356.54616081423876,352.3740613502791,353.90863037109375,24084936,-0.015212022063490926,-0.015328911805711241,8523866712.335449
2020-09-18,354.8676732003712,359.3274908069694,349.6405565765258,354.4360656738281,78166508,0.0014903148933704813,0.0014892054762469051,27705029562.98181
2020-09-21,351.65468184869815,352.37400822474325,334.2469894022993,336.3570251464844,28932482,-0.05100790319679571,-0.05235480832764069,9731643575.624207
2020-09-22,339.522035302053,341.5840983066331,335.2060772261794,339.9056701660156,28593292,0.010550233098255646,0.0104949677573575,9719022079.512573
2020-09-23,342.0157561678079,342.49530713571863,328.4444696298287,337.46002197265625,22740143,-0.007195079129350468,-0.007221088546157123,7673889156.441345
2020-09-24,330.8421812493349,332.7603848703904,320.10022926363825,321.9704895019531,25840472,-0.04590034807725529,-0.04698715604701661,8319869418.801514
2020-09-25,325.1834851139297,336.16521349656875,322.8337030377594,334.390869140625,23231600,0.03857614298094392,0.03785068180121605,7768434915.527344
2020-09-28,337.1243197858826,349.0651502172378,334.8224810665581,348.15399169921875,18495592,0.04115878700266129,0.04033431114460154,6439314183.640137
2020-09-29,348.87332119126,348.87332119126,339.7618530089453,342.44732666015625,17080848,-0.01639120956565876,-0.01652703167887404,5849290734.688477
2020-09-30,342.3514298998591,342.87892422934834,335.06224971269853,340.24139404296875,19565058,-0.006441669843656461,-0.006462506930802182,6656842608.451538
2020-10-01,343.5982262195582,356.01860646759053,343.5982262195582,354.10040283203125,23237122,0.04073287093137257,0.0399251485682421,8228274260.857056
2020-10-05,355.5870166274584,367.0003229728012,355.5870166274584,357.8409118652344,26530105,0.010563413662586063,0.01050801063038122,9493556965.080414
2020-10-06,361.6773231230817,366.1850843764779,359.7591193719855,365.0341796875,18093629,0.0201018597475926,0.019902484807892234,6604793019.584961
2020-10-07,363.78733847873605,368.63082062897934,358.80002616704456,367.0003356933594,21845743,0.00538622440107539,0.005371770572240526,8017395014.470856
2020-10-08,369.2541925245716,373.76198268655327,367.0002974435807,371.6519470214844,21085500,0.012674678673895157,0.012595027265379907,7836467128.921509
2020-10-09,374.721088393785,386.9975798382409,371.07648395878465,385.0793762207031,41641237,0.0361290430652379,0.03549169502375008,16035181569.018463
2020-10-12,386.94964776271394,393.2317530859349,384.3121177115278,387.52508544921875,25742564,0.006351182066717254,0.006331098302136573,9975889313.781982
2020-10-13,384.59983156607353,384.59983156607353,377.4065678834163,380.0440979003906,19922778,-0.01930452460943577,-0.01949329024744282,7571534192.679749
2020-10-14,378.22182747954395,392.5124394580894,373.09062663212404,390.1626281738281,23368177,0.026624621535602966,0.026276354429037002,9117389353.951202
2020-10-15,390.2585012293075,393.1358065162321,373.2344449483372,375.0087890625,34234586,-0.03883980170590984,-0.03961418432705798,12838270639.916016
2020-10-16,377.88614871020667,384.88758087446166,374.52929205922766,379.9002685546875,25339096,0.0130436396021969,0.012959303906463696,9626329375.333008
2020-10-19,385.60691105215807,401.62392465048373,384.7437251873998,400.0414123535156,41072871,0.053016924350841155,0.0516593055305984,16430849324.253754
2020-10-20,396.5886283158515,399.8495688616532,394.19087361019336,397.6436462402344,26158669,-0.0059937947403364555,-0.006011829629089386,10401828521.951385
2020-10-21,398.9863778182291,410.97515119017106,393.51948545283705,403.1105041503906,43124966,0.013748133440194543,0.013654485203072452,17384126785.728455
2020-10-22,399.37000959410653,402.4870906464744,390.97786829926986,396.0131530761719,33088074,-0.017606465227636203,-0.017763302665104213,13103312513.957703
2020-10-23,399.94546535663955,403.30232178049624,394.9101807208545,399.89752197265625,22151463,0.009808686570916159,0.009760893674362035,8858315161.768982
2020-10-26,400.9525456455644,402.00756361066163,385.03147720115624,387.9087829589844,21712057,-0.029979528141441225,-0.030438102698592633,8422297606.406097
2020-10-27,389.7310651767286,395.5336199975577,377.1668243600465,393.183837890625,33571163,0.013598699393713831,0.013507066868595905,13199638710.791748
2020-10-28,393.13586206050724,393.13586206050724,378.65341754960616,379.852294921875,28145103,-0.03390664031429125,-0.034494803802128125,10690981965.362549
2020-10-29,376.2077069019713,386.42213591998626,373.71403619672014,383.5448303222656,32615425,0.00972097694223506,0.009674032232986952,12509477647.51358
2020-10-30,383.06527693468274,386.2303306335739,372.17946497250125,376.54339599609375,27225165,-0.018254539685202076,-0.018423209609271962,10251456085.653992
2020-11-02,399.94543717443713,405.5082157199174,390.35441949639306,400.3770446777344,72698777,0.06329588816341336,0.06137341261524293,29106921486.94565
2020-11-03,407.61831087665445,428.622636806758,406.8510410580854,425.6973876953125,61813071,0.06324124560627253,0.06132202150028414,26313662850.124878
2020-11-04,419.4152210155495,423.92301135082164,407.90599898792533,419.1754455566406,43426662,-0.01532060643825206,-0.015439179562814069,18203390392.887634
2020-11-05,426.80032414748433,427.99920146250537,417.78477259241936,420.566162109375,30129938,0.0033177433637305853,0.003312251796272165,12671632389.253418
2020-11-06,421.8609442728922,426.7043967893098,418.3602284597865,424.6902770996094,27831424,0.009806102729591037,0.009758334927675479,11819735170.636719
2020-11-09,431.59582328007696,445.59871584483466,430.63672145056563,443.77642822265625,40995422,0.04494134231985325,0.04396075208999201,18192801948.640503
2020-11-10,465.93169355466455,467.13057093543455,453.6552008833667,464.06146240234375,57535138,0.04571003074888402,0.04469610995364344,26699840279.80066
2020-11-11,464.9245989216767,470.48737767030303,452.79196696977436,466.6509704589844,45609279,0.005580097177721566,0.005564586110886261,21283614307.284576
2020-11-12,461.90345056944835,463.7736815899854,452.07265673985023,457.203857421875,31071572,-0.020244494569072624,-0.020452222698048857,14206042574.561523
2020-11-13,453.36745909568145,467.17851996991544,448.4280611210911,465.69189453125,34815091,0.018565103884377043,0.01839487598143623,16213105686.067871
2020-11-14,469.8160565583266,469.8160565583266,464.8287151298847,466.9866943359375,3636073,0.0027803786578479706,0.002776520554777923,1697997710.6341553
2020-11-17,470.439495387071,472.8372502055576,458.5945807298536,466.5071716308594,36127378,-0.0010268444709329305,-0.001027372036899725,16853680929.218933
2020-11-18,468.0417006321521,478.5918209332866,466.3632724024261,477.2970275878906,29156543,0.023129024832160727,0.022865602997135658,13916331308.63852
2020-11-19,469.9599405393277,473.1729378234391,456.3406815750948,459.1700439453125,31896908,-0.03797841301083771,-0.03871838887052291,14646104648.07959
2020-11-20,459.8893164901558,463.67778033586876,448.95556174344847,460.5606994628906,30089190,0.003028628578705339,0.0030240515223120086,13857898392.671814
2020-11-23,462.0952755960666,463.58190107663614,447.4210284915889,449.0994567871094,29513544,-0.024885411823343695,-0.02520028855493642,13254516578.262451
2020-11-24,454.6142776058035,460.36888871473775,451.9288041294205,458.64251708984375,23135994,0.02124932497359522,0.021026706211289423,10611150523.535522
2020-11-25,465.164403360381,469.9119692880311,451.832893324152,453.3674621582031,34168305,-0.011501452078868879,-0.011568105344591816,15490797724.097443
2020-11-26,455.6693116865199,457.6834315001028,446.74964658907174,455.8611145019531,28707911,0.005500289614696285,0.0054852182610565835,13086820303.48288
2020-11-27,456.9161242348653,459.9372892663197,452.0246988523141,453.9908752441406,48390771,-0.0041026514399146174,-0.004111090403659738,21968968480.028778
2020-12-01,460.08114060903887,468.52122465762403,454.9019675247858,465.2602844238281,20120049,0.024822986086729504,0.02451990117586205,9361059720.361359
2020-12-02,466.45920178861786,467.0826121521762,452.88791613952696,460.8005065917969,21244707,-0.009585554540839869,-0.009631791678406589,9789571747.994293
2020-12-03,462.38299444974933,465.1643838809175,459.26591352683596,462.1432189941406,22701738,0.00291386919748593,0.0029096321095204323,10491454276.081604
2020-12-04,463.9175642605703,483.38731959190267,463.2461812755734,481.5170593261719,39547014,0.041921723690328205,0.041066819290940124,19042561886.41095
2020-12-07,484.3464306122539,494.51288673032496,483.5311881919838,489.57354736328125,37778332,0.016731469594002624,0.016593040504130716,18495272010.707764
2020-12-08,490.5805823443083,491.0601332556908,484.7300553715487,487.60736083984375,19339943,-0.004016120834197223,-0.004024207105029911,9430298565.02301
2020-12-09,489.14197457500916,493.93748412966613,485.35351031904315,490.58062744140625,21272782,0.0060976655406543845,0.006079150007693872,10436014740.984253
2020-12-10,487.31966662027423,493.3620259706338,478.3520582704832,486.2167053222656,20419020,-0.008895422841909584,-0.008935223319528566,9928068630.309448
2020-12-11,488.4226060294136,495.75975843099445,485.4014411243618,494.3690490722656,25335765,0.016766893569805763,0.01662788093129645,12525218050.56839
2020-12-14,496.9106498261289,506.21394956797144,496.9106498261289,504.2957458496094,26369591,0.020079527219538207,0.019880592119136276,13298072561.094147
2020-12-15,502.5693691282158,502.80914459058613,492.1151355532968,496.8627014160156,26969145,-0.014739454962228504,-0.014849160058670138,13399962239.58023
2020-12-16,498.78088000993023,500.3634213974932,490.1969364508058,491.4917297363281,24263586,-0.010809770313570888,-0.010868620368662634,11925351852.746155
2020-12-17,492.97834621152424,495.37610081372037,488.2787530451129,489.52557373046875,23883288,-0.004000384720439065,-0.004008407663114488,11691480260.77002
2020-12-18,492.97834801096093,497.054530849573,488.3266982118283,495.9995422363281,21735833,0.013224985278141865,0.01313829861052457,10780963218.125275
2020-12-21,493.553803248039,493.6497485592464,468.2335487796395,474.27587890625,29157759,-0.04379774874817821,-0.04478582841952995,13828821776.661621
2020-12-22,476.96131762160223,481.2772757595114,469.09670035420186,479.838623046875,32328041,0.011728920630442952,0.011660669993358703,15512242679.24292
2020-12-23,478.59181830769853,484.82598026962245,476.2420070911872,483.0036926269531,19205951,0.006596112584644764,0.0065744534260258935,9276545253.412323
2020-12-24,486.02484181726584,494.8485901697854,484.4423296859619,492.5467224121094,17576807,0.019757674590961782,0.019565025140593415,8657398678.32022
2020-12-28,494.8006461420089,499.88387401640983,492.5946651525585,498.8288269042969,14470472,0.012754332140152425,0.01267368069225693,7218288572.511475
2020-12-29,501.17864824616754,509.0912383229451,496.6708579491871,507.17303466796875,19092649,0.016727597351290813,0.016589231976312516,9683276733.180359
2020-12-30,509.9065102694939,511.20127432171614,503.09685216736636,507.1250915527344,21365141,-9.453009516913191e-05,-9.453456342016993e-05,10834799085.662079
2020-12-31,508.41991416555317,516.476393864247,504.96717060264814,513.16748046875,27817770,0.011914987084379547,0.011844562479335696,14275174943.15918
2021-01-01,513.6469044490025,515.0376136237411,504.5833816634818,505.9261474609375,13592625,-0.014111052012099279,-0.01421155953811947,6876864400.131226
2021-01-04,510.52993602261097,513.11952289266,502.8571207270198,509.9544982910156,16549750,0.0079623297793463,0.007930797700205775,8439619458.091736
2021-01-05,505.1110695178229,517.8671138494541,501.6103239560915,515.2775268554688,23311516,0.010438242200611958,0.010384139913332554,12011900311.73169
2021-01-06,516.716131852681,528.0814655831948,513.9347130173905,524.3410034179688,28178838,0.017589504859276017,0.01743659992954041,14775320192.072388
2021-01-07,529.5681549128975,531.7261342588523,517.6752675462828,518.9700317382812,21138034,-0.010243279935531091,-0.010296103360478473,10970006175.864868
2021-01-08,524.6287921772306,524.7246789613213,514.4143324971436,519.8812255859375,21937965,0.0017557735359097215,0.001754233967380716,11405136131.061401
2021-01-11,522.8544591541405,523.6696724080649,513.1195508027741,522.4228515625,19394393,0.004888858938304486,0.004876947274631888,10132074095.38379
2021-01-12,518.8741164381487,528.129472984273,515.1335956952024,525.5878295898438,16388310,0.006058268733608596,0.006039991206549533,8613496283.545532
2021-01-13,528.9446641454157,538.056131614829,525.8275831690374,533.7401733398438,21920297,0.015510906628796839,0.015391842137000313,11699743120.440857
2021-01-14,531.3903468663191,535.610418251796,528.0814339094029,530.6710205078125,13330898,-0.005750275106380376,-0.005766871591765696,7074321245.945557
2021-01-15,527.5060102206348,528.4651120573996,519.3536446081341,520.7922973632812,15708956,-0.018615531586929412,-0.01879098140115751,8181103284.418701
2021-01-18,522.2308736103527,525.9713936413124,507.2689105643576,511.3450927734375,21580313,-0.01814006205098273,-0.018306610180027917,11034987153.06482
2021-01-19,516.9558760898676,525.3480169354823,512.0644802697094,524.1011962890625,20575358,0.024946173720839626,0.024640097768409083,10783569741.875732
2021-01-20,524.1012469718398,531.917892363443,523.6696394073984,528.4651489257812,16097138,0.008326545841944366,0.008292071395620333,8506776430.448853
2021-01-21,532.3015035055736,538.0561143542824,527.2182756303331,530.0955810546875,18189277,0.003085221669244298,0.003080472139264508,9642055360.279663
2021-01-22,530.4792529130408,530.8629170997804,508.8994595350009,511.9685974121094,24515997,-0.034195689023689524,-0.034794041920114045,12551420598.249481
2021-01-25,514.6060859942947,520.1209216327012,509.47491451152393,516.0447387695312,23415249,0.007961701905206509,0.007930174785720981,12083316053.428528
2021-01-27,515.8049199354072,517.1476858282936,497.86970513776004,500.9867858886719,28049286,-0.029179549270793692,-0.029613739499485425,14052321639.612122
2021-01-28,493.55377502202055,508.1800778323068,491.0601336961666,506.6455383300781,29836591,0.011295212969277157,0.011231898373082824,15116575709.129364
2021-01-29,511.5369137595902,522.6625295921092,507.79645192038333,515.0376586914062,33172808,0.01656408618338734,0.016428398024568126,17085245364.53955
2021-02-01,529.4241906043663,584.5246004103781,528.4650888097932,579.1056518554688,69354326,0.12439477401874788,0.11724491224394591,40163482167.226685
2021-02-02,587.9294318485382,598.479552159034,574.21428715268,592.1015014648438,42362384,0.022441241192753036,0.02219314145743751,25082831172.030273
2021-02-03,597.9040763619406,601.8363702660362,588.8884961646952,596.89697265625,27155908,0.00809906946620198,0.00806644802029675,16209279274.93164
2021-02-04,593.4921707697523,605.8166637871558,584.0929850174863,602.6036376953125,29982222,0.009560552826507474,0.009515139959967969,18067396043.388428
2021-02-05,602.6036653782369,609.3173781581226,586.0112155014483,589.0324096679688,32015570,-0.022520985899201595,-0.022778456303667302,18858208343.99353
2021-02-08,596.8969758862472,608.0225917791083,596.8969758862472,603.8504638671875,18230551,0.025156602516271498,0.02484538386295026,11008526677.904419
2021-02-09,605.528939822248,616.8943320603111,602.8914096901439,607.4471435546875,27155615,0.005956242319441252,0.005938574031181952,16495600763.220825
2021-02-10,607.4470788991019,612.0987575785106,600.7813684695071,606.2962036132812,23967387,-0.0018947161964926185,-0.0018965134417638688,14531335748.63031
2021-02-11,601.1170843507472,607.68690860618,598.5754410332529,604.8576049804688,16072702,-0.0023727653649141534,-0.002375584833493871,9721696037.28479
2021-02-12,604.1382633655525,623.3202998776966,603.6587124527489,621.1143188476562,19049709,0.026876927285575558,0.0265220866529908,11832047029.781067
2021-02-15,628.2117265563467,649.1201356713515,625.3344209385314,646.38671875,27155194,0.040688805805074946,0.03988280719475041,17552756746.679688
2021-02-16,645.8592747917979,651.6138864761717,622.9846582230496,631.4247436523438,24966739,-0.02314709548270133,-0.023419196598553474,15764616772.909973
2021-02-17,628.019878168019,637.754785337775,622.7927613902524,630.465576171875,21684753,-0.0015190527297372913,-0.0015202076600833929,13671490294.289795
2021-02-18,623.416144146164,625.718011786274,611.5232589038053,618.2849731445312,27845347,-0.019320012840832956,-0.01950908348203073,17216359622.095154
2021-02-19,609.5093174341663,609.5093174341663,593.6841345267488,598.527587890625,24055811,-0.031955143844791034,-0.032476853775863436,14398066532.582764
2021-02-22,596.5613132872595,603.5627446453855,582.4625052686657,584.908203125,27092321,-0.022754815385575555,-0.02301770180709227,15846520794.595703
2021-02-23,589.6078253202118,597.5683584683153,584.1409334101892,591.0944213867188,23534585,0.01057639169474367,0.010520852920779325,13911161903.15155
2021-02-24,589.9434807051355,618.6206473058942,589.9434807051355,614.880126953125,17762047,0.04024011174154629,0.03945156317992712,10921529714.307373
2021-02-25,616.4147883093957,621.8816807183324,600.6854941045485,602.3159790039062,38571809,-0.020433491665240555,-0.020645143611942814,23232416899.786682
2021-02-26,589.8476694219534,589.8476694219534,566.7333370113986,573.3031616210938,57349273,-0.04816876588728913,-0.04936753499754836,32878519527.571228
2021-03-01,582.7023346970133,586.826461067641,575.652959304134,583.4696044921875,21527318,0.01773310100426917,0.01757770399315934,12560535719.237549
2021-03-02,585.0521263228783,591.2862883246794,574.5020060121378,585.5316772460938,24051433,0.0035341562577213548,0.0035279258027800355,14082875904.662048
2021-03-03,592.7249178907655,607.8307713807001,588.7446219683223,606.2482299804688,21036174,0.03538075485823455,0.034769238156492695,12753143253.061157
2021-03-04,593.4442840465557,605.0973952215884,590.6149218128098,595.3624877929688,25057198,-0.017955915826510016,-0.018119079401600808,14918115738.401001
2021-03-05,588.1212902883781,589.5599431224794,576.8997864746017,584.524658203125,26645968,-0.01820374950061099,-0.01837147637200719,15575225337.691406
2021-03-08,586.5866847221433,590.8067563977,576.5641169358287,583.181884765625,19632433,-0.002297205804161928,-0.0022998484292934955,11449279279.474854
2021-03-09,589.7036918543895,602.6515655734177,587.2579940819137,599.5344848632812,23056249,0.02804030873528962,0.02765437709624258,13823016367.094543
2021-03-10,603.035232047751,604.7136601289973,596.3694631030166,600.0140380859375,15838994,0.0007998759617064977,0.0007995562314144631,9503618749.158936
2021-03-12,605.6248512994015,611.9069564644086,583.4695643040568,587.7855224609375,21757862,-0.020380382539064157,-0.020590928113486447,12788956283.302979
2021-03-15,586.8744106064207,587.7855104787126,566.4454955824935,578.8179321289062,24347946,-0.015256568917325075,-0.015374147798026722,14093027755.306274
2021-03-16,582.0309530412403,582.1748417389566,569.3708550437967,570.61767578125,17925629,-0.01416724654244128,-0.014268560006609542,10228680756.896973
2021-03-17,573.1113224689603,578.9618791193528,562.9928092406502,565.3905639648438,20214082,-0.009160444967376224,-0.00920265984585818,11428851222.011597
2021-03-18,570.4258595556312,576.8039106568629,551.9631478339903,554.9363403320312,22776537,-0.018490269026602557,-0.018663350925163396,12639528088.217102
2021-03-19,551.6753769771448,564.8150835809497,546.688035819775,562.6571044921875,29162618,0.013912882611970767,0.013816986894266902,16408554203.291748
2021-03-22,562.8488774567164,562.8488774567164,546.208484360174,549.9969482421875,21755401,-0.022500660080398527,-0.0227576623969092,11965404157.785034
2021-03-23,552.4426755629775,565.1507753046606,550.8121906807863,562.4173583984375,29486417,0.02258268922390605,0.022331475321677192,16583672757.77478
2021-03-24,556.2791183404461,556.8066126931541,541.8925894178483,544.2903442382812,24434219,-0.032230538210583415,-0.03276137937844567,13299309470.703552
2021-03-25,544.8657086672648,555.3199416932971,534.3155888768913,548.1746215820312,27170186,0.007136406855032362,0.0071110632072522,14894006428.863403
2021-03-26,560.5949727834152,560.5949727834152,550.8121232272284,554.8883056640625,20724410,0.012247345677287136,0.012172953725941845,11499732750.787354
2021-03-30,558.197278995104,568.8432861583041,558.197278995104,567.2608032226562,28011943,0.022297275744146416,0.02205232594713923,15890077286.007263
2021-03-31,562.0336724082287,565.5344175034764,555.3199595978914,558.2931518554688,20119972,-0.01580869207997715,-0.015934982208824496,11232842583.12378
2021-04-01,563.5203266245278,571.7206364089392,556.4709508625982,570.0902099609375,15631940,0.021130579994151244,0.020910425220383718,8911615956.696777
2021-04-05,567.788264154814,567.788264154814,540.453862924388,547.8869018554688,23260127,-0.038947008241011716,-0.03972572922308492,12743918918.794739
2021-04-06,551.1958215188389,554.840396686435,541.3170845907209,542.7557373046875,23284697,-0.009365371819264334,-0.009409502664558358,12637902888.151245
2021-04-07,543.3791418524974,556.2790734532954,536.5215987427681,554.0252075195312,23984399,0.020763428998111788,0.020550807141894445,13287961633.206238
2021-04-08,558.1973030441482,561.8898219253443,549.8531048475571,553.1140747070312,19262565,-0.0016445692364419617,-0.0016459230248981793,10654395816.459045
2021-04-09,550.4765579362037,555.3200109177684,541.8925840561989,543.0435180664062,23239564,-0.018207015697366047,-0.018374803133732274,12620094592.889404
2021-04-12,528.8488484363747,529.376342810853,509.4270335893105,516.5243530273438,26601702,-0.04883432755718775,-0.0500670229417938,13740426914.976196
2021-04-13,518.8740531983577,540.7415616623333,515.8528592327415,537.6724243164062,25445897,0.04094302846538378,0.04012706043625777,13681557128.895569
2021-04-15,542.803722617619,553.1620112505448,531.486332101294,551.6754150390625,37614884,0.02604372121270604,0.02571035910840297,20751206742.34619
2021-04-16,551.0998497126947,554.1210436823097,541.0292811992126,543.7627563476562,24045008,-0.01434296050848305,-0.014446815016739925,13074779826.481445
2021-04-19,527.5059961111964,539.3029366800793,512.5440312734322,536.8572387695312,28526176,-0.012699504512791449,-0.012780832504017804,15314484080.013672
2021-04-20,542.0843204428539,549.2296401833288,529.9996032776343,536.2337646484375,24425842,-0.0011613406247864555,-0.001162015503369721,13097961210.36792
2021-04-22,529.4241988582675,556.8544871951352,524.5328030452572,555.5117797851562,34942633,0.03595076701176714,0.03531962051866234,19411044248.209534
2021-04-23,546.5921323019875,556.7585878374535,543.858657083305,546.6400756835938,33749097,-0.01597032578677926,-0.016099225663835606,18448608938.332947
2021-04-26,577.3793439923375,580.7362006434557,563.9519173878646,566.9251098632812,62584522,0.037108574877757095,0.03643662470949999,35480737010.59094
2021-04-27,568.9872075664226,577.3314058832747,566.9251150463095,574.2622680664062,24239685,0.012942023691443927,0.012858991339914744,13919936485.315247
2021-04-28,573.5429218567261,597.3286366741015,573.5429218567261,595.9379272460938,33292864,0.037745226153672595,0.037050307751244536,19840480364.246094
2021-04-29,597.0887408768427,602.7474642205282,584.0929247836123,596.0337524414062,34537860,0.00016079727590989634,0.00016078434941360468,20585730297.095947
2021-04-30,585.1480283788301,591.1424150756256,573.6388059209825,575.940673828125,23653258,-0.03371131002393446,-0.0342926385097562,13622873350.750488
2021-05-03,568.3157549080961,574.3580844874256,563.4723025682734,572.343994140625,18010557,-0.0062448787712696685,-0.006264459589158253,10308234130.077393
2021-05-04,572.248082465576,583.1338639108415,564.9109306636277,567.3566284179688,15115127,-0.008713930387519442,-0.008752118687560208,8575667492.829407
2021-05-05,570.9533422844827,580.0648102215338,560.7868856860832,578.1466064453125,17253943,0.01901798178939207,0.018839400590672215,9975308593.250854
2021-05-06,578.1466318253314,585.8673906557684,574.7418316808582,583.3258056640625,16949763,0.008958280064279789,0.00891839271115686,9887234157.789917
2021-05-07,586.9704363023571,589.6559102508542,579.0099012432999,582.2708129882812,10941083,-0.0018085822117542838,-0.001810219671180462,6370673293.382263
2021-05-10,586.0112711754421,591.7658826763466,586.0112711754421,588.1692504882812,12060808,0.01013005867446548,0.01007909352771639,7093796401.643066
2021-05-11,581.5993487811564,587.8335104151873,578.5781547275551,584.908203125,13818480,-0.005544403010823928,-0.005559830262890536,8082542306.71875
2021-05-12,578.5303267692632,581.8392403122004,568.9393069572361,570.4259033203125,14785569,-0.024759953317995298,-0.025071636561827967,8434071552.92981
2021-05-14,567.7883534128749,577.3314295065713,566.9251382438007,572.87158203125,12675754,0.0042874608195415664,0.004278295846372636,7261579247.418945
2021-05-17,578.5782461729214,598.9591624284947,576.6120989007593,598.095947265625,20453101,0.04403144792928315,0.04308961154439999,12232916817.114502
2021-05-18,602.3159425232369,609.5092061680208,600.3977388846279,607.3032836914062,19242627,0.01539441366870209,0.015277121909466077,11686110563.948914
2021-05-19,601.4526609260665,608.0704861626488,597.8560295016028,599.8701782226562,13911576,-0.012239527874061462,-0.01231504774639377,8345139574.478027
2021-05-20,602.3640017169868,607.0156815583039,591.4302739981532,593.3004760742188,13900762,-0.010951873233476572,-0.011012286494320915,8247328712.394409
2021-05-21,596.849003212648,617.6135793729188,596.849003212648,616.1749267578125,23975898,0.03855458002486456,0.037829919548902025,14773347194.102783
2021-05-24,616.9423391471125,626.7251909004509,611.9070538295496,620.8746337890625,20323003,0.00762722861181464,0.0075982883664239475,12618037045.119019
2021-05-25,623.512086380134,625.334403302262,616.2229357694837,623.7039184570312,14884778,0.004556933902585492,0.004546582514437375,9283694363.963013
2021-05-26,622.7928313039157,629.7943224092667,616.990276181715,625.8140258789062,14487031,0.003383187694403489,0.003377477590194129,9066187193.142517
2021-05-27,624.4712281415361,629.6504018541588,621.5939224209535,625.57421875,23349546,-0.00038319232070493925,-0.00038326575764317594,14606873997.117188
2021-05-28,631.1370173222818,633.0072778054033,613.1059126319759,616.75048828125,14191446,-0.014105009772271693,-0.014205430834349752,8752581249.916992
2021-05-31,617.4217802585183,637.8026933932655,617.4217802585183,635.6447143554688,21786138,0.030635121387374786,0.03017523491406799,13848243465.918823
2021-06-01,637.3710559136501,637.7067766493257,621.8335958641794,623.5120239257812,14123196,-0.019087219881926965,-0.01927173252531611,8805982522.260498
2021-06-02,621.9775068472156,622.7927199479441,614.8801302309209,621.8336181640625,16025108,-0.0026918578909691515,-0.0026954874553993956,9964950889.109863
2021-06-03,626.7251436244474,626.9169757108145,618.3809454484152,623.656005859375,11805702,0.002930667693221478,0.0029263816585776894,7362696955.686035
2021-06-04,626.2935946705397,628.1159118531508,613.2498311220736,616.4148559570312,15111572,-0.011610807615595298,-0.011678739382740142,9314997477.664307
2021-06-07,618.8125745920288,623.4162521307455,617.9014160542043,621.6898803710938,7556341,0.008557588064409316,0.008521179473364084,4697700732.333191
2021-06-08,621.4979607759825,621.4979607759825,611.3315052035515,616.1270141601562,11912935,-0.008947976131792545,-0.008988249694808971,7339881071.434021
2021-06-09,618.0452478485959,619.1961232230994,603.0832240518123,610.0846557617188,15823094,-0.009807001250665581,-0.00985540662178773,9653426856.075317
2021-06-10,609.4613568934159,616.1271272746478,605.1933414306891,614.2089233398438,10712418,0.006760156216313318,0.006737408820034979,6579662726.146362
2021-06-11,617.6616451801863,618.1891395358292,605.6728710113161,609.7011108398438,9015059,-0.007339216883219701,-0.0073662814385178155,5496491486.586731
2021-06-14,609.7010783118758,610.0846839414522,597.8561349416061,609.173583984375,10170497,-0.000865222067157001,-0.0008655965878143569,6195598108.392334
2021-06-15,610.3244735125692,619.7716623952482,609.9888112615682,618.908447265625,11039987,0.015980442253549443,0.015854099220567863,6832741212.002686
2021-06-16,618.5248173349036,622.6489436544905,611.5233268758913,613.9210815429688,8601339,-0.00805832549982266,-0.008090969292565703,5280543341.597717
2021-06-17,607.1593325384032,611.4752902812479,601.0690600279584,607.1113891601562,9720060,-0.011092129896725034,-0.011154106295879195,5901159129.320068
2021-06-18,606.7278362275837,610.5642438130606,595.3145587841507,604.6178588867188,13820690,-0.004107203913415125,-0.004115661641762056,8356235996.137085
2021-06-21,597.3766256794127,607.2074206593013,591.0465762298886,605.43310546875,13407446,0.0013483666915370396,0.0013474584614960366,8117311668.18457
2021-06-22,609.0296120898087,617.7574146112736,603.8024958373157,605.04931640625,15270093,-0.0006339082865362,-0.0006341092913443008,9239159331.109863
2021-06-23,607.8308000128968,609.0296773304765,597.9520626238266,599.1509399414062,10950633,-0.009748587933092412,-0.0097964165110115,6561082054.903381
2021-06-24,601.3569341396911,610.2765707373247,598.9112358282505,608.1185913085938,12815724,0.014967265791262063,0.01485636152173509,7793480025.479736
2021-06-25,610.0846551708498,623.4161941222675,610.0846551708498,622.4570922851562,14785922,0.023578461802504558,0.02330478346674615,9203602014.875122
2021-06-28,624.3753014567064,626.2935051478177,619.7236809213341,623.7039184570312,12093491,0.002003071677274537,0.0020010682041564517,7542757724.524841
2021-06-29,619.8675248251076,622.2173361066301,610.4203948523949,613.9210815429688,12225470,-0.015685065661065645,-0.015809377914136388,7505473764.771118
2021-06-30,612.1946692947736,614.5924238028518,604.0423039673072,605.0973510742188,14276494,-0.014372743881955197,-0.014477032244707243,8638668702.026978
2021-07-01,608.022566958705,611.3314797085528,604.282046712977,605.04931640625,10517081,-7.938337175572574e-05,-7.938652278234191e-05,6363352669.63916
2021-07-02,606.392126831865,615.1199299946561,606.392126831865,614.06494140625,10999396,0.01490064488222087,0.014790720886977717,6754343460.244141
2021-07-05,616.4627903868849,621.9776267069542,614.9761940431756,621.3541870117188,7358568,0.011870479999681827,0.011800578484560773,4572277037.210449
2021-07-06,618.8125224602701,628.2117088389289,618.8125224602701,623.7039184570312,9209891,0.003781629695959854,0.00377449731008748,5744245105.262146
2021-07-07,624.2793713771832,627.9718898108246,619.4838624821024,627.2525634765625,7741559,0.005689630791979372,0.005673505976623677,4855912728.055054
2021-07-08,623.895774748999,627.2526313387323,612.0028879869421,615.6475219726562,10782941,-0.01850138553373948,-0.01867467691586829,6638490906.227356
2021-07-09,613.3456066682451,614.9281480681834,607.8787146508283,612.4344482421875,7069698,-0.005219015127639004,-0.00523268175873171,4329726593.8688965
2021-07-12,619.579743600399,623.6559261240858,616.1270006429642,619.8195190429688,6992783,0.01205854899569725,0.01198642393058422,4334263395.831848
2021-07-13,628.3556348405984,639.0975293174877,626.2935423346427,637.7548217773438,19825411,0.02893633095335235,0.028525580256694015,12643751458.96759
2021-07-14,634.9254552486929,640.6800666255692,631.2808797511246,637.1793212890625,11648541,-0.0009023851621809964,-0.0009027925567744551,7422209448.387817
2021-07-15,637.8986024361379,642.2145606624689,634.0621951238438,640.1525268554688,8244429,0.0046661990856691204,0.004655346126997256,5277692056.830505
2021-07-16,640.1525233234613,640.4402421625099,630.8012805513392,633.294921875,9212875,-0.010712454755360201,-0.010770246194818242,5834466953.369141
2021-07-19,619.2440967476476,630.0339919307744,619.1481514448853,629.0748901367188,9121737,-0.006663612153697596,-0.00668591314246834,5738255701.1310425
2021-07-20,622.1214596814276,624.6151011610847,612.9619898697231,615.6475219726562,13169127,-0.021344625853917498,-0.021575716661482627,8107540404.093201
2021-07-22,625.8140114272848,633.2949947986282,621.7857715999655,629.1229248046875,13123569,0.02188817846428326,0.021652071376809016,8256338113.156128
2021-07-23,629.1228974956928,650.127193798135,624.1355559516423,648.976318359375,19298083,0.03155725657406472,0.031069560058517562,12523998856.733643
2021-07-26,652.189224406631,659.6222633612654,636.4599314612526,649.0721435546875,31054759,0.00014765591994914118,0.00014764501988675247,20156778991.704224
2021-07-27,652.3331168577857,657.5601748700745,645.7632343624089,649.7435302734375,12598869,0.001034379190998802,0.0010338445894654577,8186033621.512573
2021-07-28,650.1751716956785,658.9029751710174,642.646187001588,657.03271484375,18367497,0.011218556600701923,0.011156095310809246,12068046418.794434
2021-07-29,666.122783203125,666.122783203125,657.0808042502404,661.313232421875,11043138,0.006514923049368848,0.00649379266377006,7302973286.86084
2021-07-30,660.8323191213084,661.4575842465346,652.1751271677541,656.5037231445312,14536250,-0.007272664512896987,-0.007299239262004297,9543102245.559692
2021-08-02,657.9945831444882,661.8422234917526,651.886477577339,655.445556640625,9348206,-0.0016118210249255194,-0.0016131214059425386,6127240085.26123
2021-08-03,656.984624693034,665.5456484110892,650.8765187967865,664.102783203125,10162609,0.013208155085940643,0.013121687954227678,6749016921.505127
2021-08-04,667.565669350625,690.0743911961503,666.7961529435853,687.4291381835938,28730606,0.03512461560236235,0.03452182101782393,19750255722.072388
2021-08-05,688.2467021509624,689.208612286743,672.4232686753058,675.6937866210938,17774554,-0.01707136184757685,-0.01721875744940979,12010155697.761108
2021-08-06,678.1946985751973,679.1085249046,669.2008626997581,671.0765991210938,14701949,-0.006833254340089301,-0.006856707926471191,9866133935.371765
2021-08-09,670.8361281271473,679.3970928024713,667.9022553499315,676.0784912109375,8602980,0.007453533764095965,0.0074258934417222085,5816289738.317871
2021-08-10,677.2808852090524,681.3209194145638,670.7399082007802,674.2028198242188,10843554,-0.00277433968259988,-0.0027781952957753315,7310754683.716187
2021-08-11,679.3490838742131,680.214826544879,663.7180430063108,667.1328125,9748084,-0.01048646952568677,-0.010541839981147893,6503266695.40625
2021-08-12,667.0847097246713,676.1747726663036,666.8923159466341,674.6356811523438,8840339,0.011246439257316165,0.011183668254393547,5964008122.882629
2021-08-13,680.1185213478998,682.8600003465434,674.2989770116207,677.9542236328125,12787590,0.00491901417784546,0.0049069553564456804,8669400650.584717
2021-08-16,675.6457529169871,680.4553039522438,672.0385896405447,675.88623046875,7920846,-0.0030503433594397666,-0.003055005139177955,5353590745.063477
2021-08-17,673.144696378542,676.1266530039627,665.1608540517307,674.4913940429688,8669653,-0.0020637148130889793,-0.00206584720677725,5847606337.838806
2021-08-18,674.1546625137918,674.1546625137918,657.5617134755323,662.0827026367188,11069373,-0.01839710857075738,-0.018568439960960952,7328840392.333923
2021-08-20,657.8022597032034,658.3313572757779,649.6260230912382,654.7722778320312,13121808,-0.011041558366611914,-0.01110296883545121,8591796113.43457
2021-08-23,663.6699549141991,663.6699549141991,648.1831654520779,656.6961059570312,10917371,0.0029381636793937016,0.002933855712768091,7169395022.98822
2021-08-24,657.2251294157104,670.6918719138004,654.4837088913059,667.99853515625,9821388,0.017211049520001742,0.017064617188702533,6560672797.201172
2021-08-25,673.2890515483309,673.7700066449852,660.9766128160503,664.72802734375,9535359,-0.004895980515488674,-0.004908005092210011,6338420378.084473
2021-08-26,665.6899672336433,674.8281144777287,663.7180629914617,672.182861328125,10756731,0.011214863339168213,0.011152443016007051,7230490222.116943
2021-08-27,669.5856231666646,673.7699674905975,662.8041684399942,673.0966186523438,9135827,0.00135938801297808,0.0013584648815942878,6149294262.292786
2021-08-30,677.6657224812404,687.7657793812447,674.2028693139456,686.4672241210938,10797869,0.0198643182839342,0.01966959715780263,7412383158.85321
2021-08-31,686.803803779248,692.4790967904086,682.330898379746,691.6614379882812,19760246,0.007566586844459877,0.007538103815530676,13667400163.362183
2021-09-01,699.8858486962628,706.8116139838213,689.8820176900919,692.4791870117188,13729351,0.0011822966823420433,0.0011815983200129494,9507289818.678528
2021-09-02,694.7876348319437,700.3186177584294,690.1704782179872,697.5291137695312,8627956,0.007292532183681422,0.007266070242681473,6018250502.32251
2021-09-03,697.1443581116297,703.9258127023493,693.633362696337,696.7114868164062,8993813,-0.0011721760955702987,-0.0011728636312976228,6266092827.378723
2021-09-06,697.7695752407411,700.2705178919373,692.5752374755424,693.6814575195312,5329995,-0.004349044553177417,-0.004358529156738641,3697318700.171814
2021-09-07,693.4410242427098,694.9319731764313,684.5433556936505,689.5933837890625,6242711,-0.005893301148753305,-0.005910735177701899,4304932202.507202
2021-09-08,689.2085631658193,695.2205010859677,687.7656980649837,693.4890747070312,7118011,0.005649257967881516,0.005633360753629284,4936262862.14447
2021-09-09,693.344834746782,696.3267914825784,690.266710478682,692.8157958984375,6243422,-0.0009708571239974706,-0.0009713287110288722,4325541382.059814
2021-09-13,690.555379711491,690.555379711491,678.3391080110895,680.455322265625,6967906,-0.01784092352684241,-0.018001991411821665,4741348722.746582
2021-09-14,686.0823626044692,686.8037951624129,679.5894695829758,680.5032958984375,5241865,7.05022523048715e-05,7.049976713788737e-05,3567106409.154663
2021-09-15,680.1665938172648,688.727617010042,679.3970774956327,687.1404418945312,5936741,0.009753290007700866,0.009706033695939352,4079374834.1533813
2021-09-16,692.5752731243462,701.6172515631584,685.6975924140474,699.5010375976562,13557169,0.017988456143034348,0.01782857832241909,9483253782.38678
2021-09-17,704.983958665419,706.4268238622698,686.8038337009652,692.7196044921875,17075003,-0.009694671974695979,-0.009741971255979582,11828189324.862915
2021-09-20,682.9561767578125,692.9600653662858,679.589491379429,682.9561767578125,7943459,-0.014094343037299062,-0.01419461155098261,5425034388.872437
2021-09-21,684.0624276357428,687.2848031587205,667.9504326001814,684.7357177734375,10009615,0.0026056445145177243,0.0026022557082562266,6853940911.660767
2021-09-22,687.7657864853312,687.7657864853312,675.5014315515018,676.5595092773438,9740470,-0.01194067767149698,-0.012012540194154167,6590007603.330688
2021-09-23,683.918114315017,692.5753056354603,680.2147837342951,689.6895751953125,10412491,0.019407111625691975,0.019221195185218577,7181386494.515015
2021-09-24,695.0762600840396,697.0000804094428,689.2567153417624,695.4129638671875,11780868,0.008298499611588683,0.008264256378227069,8192568332.808105
2021-09-27,696.9038912420403,703.8777397051249,694.7876772077269,702.1943969726562,7712240,0.009751663339373495,0.009704422738437442,5415491716.108398
2021-09-28,706.1382542598163,707.3887844879531,679.6857237626651,689.8339233398438,13491800,-0.017602637796743648,-0.017759406646552366,9307101326.916504
2021-09-29,680.407150366184,684.8319724725902,674.5876054505937,682.4752807617188,11453404,-0.010667266901717487,-0.01072457006974748,7816665110.577393
2021-09-30,682.5713763733572,686.7076367285839,672.1827591435228,674.1546630859375,18487517,-0.012191822781470574,-0.012266752697152135,12463445794.430542
2021-10-01,666.6037196580726,668.3832299132855,661.6980014823853,665.9784545898438,10935810,-0.012128090101264366,-0.012202235490501227,7283013843.488159
2021-10-04,670.4994396083729,676.5594616422298,667.6137092388853,673.5294799804688,8976533,0.011338242759332928,0.011274446655808387,6045959603.517517
2021-10-05,666.6037382305285,672.3751991675894,665.4975180667906,670.5475463867188,7497208,-0.004427324537949695,-0.004437154162586804,5027234429.150879
2021-10-06,670.0665992525628,678.1466681443754,662.1308403700223,663.237060546875,13200810,-0.010902263201523432,-0.010962128381234013,8755266421.237793
2021-10-07,670.9804024964559,678.0985609750206,667.0365944296218,675.4533081054688,10041549,0.018419126863207458,0.01825154937221068,6782597490.553162
2021-10-08,679.1086090805106,682.9562499251595,671.7018887124938,676.607666015625,9383924,0.001709012149772482,0.001707553450228799,6349234915.708008
2021-10-11,675.2609803599936,691.9982418188649,673.6257212295892,686.1305541992188,9337637,0.014074460964463631,0.013976335376738012,6406838049.72113
2021-10-12,679.589509274226,685.8419251415755,677.5695214781396,681.6094970703125,7376091,-0.006589208280022962,-0.006611012949354025,5027613676.854858
2021-10-13,686.6596179254065,688.6315809333106,680.9843825985322,682.908203125,6357766,0.0019053520531471246,0.0019035391723427537,4341770554.949219
2021-10-14,683.196732558845,702.0020655848522,682.042428554798,699.5972900390625,8950350,0.024438258081676212,0.024144421465143676,6261640604.901123
2021-10-18,710.8515762086283,720.3745098476543,704.1662891558037,717.055908203125,15345601,0.024955239839604904,0.02464894318771107,11003653861.977783
2021-10-19,726.2422076981952,726.2422076981952,710.6111668040288,718.9797973632812,11349799,0.0026830392695282868,0.0026794463448711454,8160276185.133972
2021-10-20,718.3064164616612,728.5988669799453,713.6411756406886,717.440673828125,12762996,-0.002140704844281749,-0.0021429994281663184,9156692450.305664
2021-10-21,720.3745607964493,730.9074303505043,709.3125936725454,726.72314453125,12166996,0.012938311196653451,0.012855326271720393,8842037592.61914
2021-10-22,729.6087795934703,736.6787950414567,724.654919306561,730.3782958984375,13248928,0.005029633904869213,0.005017027548828268,9676729455.121094
2021-10-25,769.5281062285807,833.9760851252244,767.9890735002576,809.6397705078125,96124084,0.10852112535994185,0.10302680750196476,77825881310.03369
2021-10-26,797.1350007220361,809.6398334199239,791.0268356780178,797.808349609375,16925115,-0.014613191359185262,-0.014721015768439491,13502998065.098877
2021-10-27,797.1830686466423,816.6617499619902,792.8063890314344,803.1950073242188,22898400,0.006751819177476914,0.006729127728153397,18391880555.71289
2021-10-28,798.4815289897856,800.2610978529883,765.9208964671213,768.277587890625,18750423,-0.04347315298923282,-0.04444642252838075,14405529754.368896
2021-10-29,767.6043364830432,777.9448710910542,754.041426202253,771.5000610351562,15701200,0.004194412534379355,0.00418564050657273,12113476758.325195
2021-11-01,776.9347875975039,778.8586077680014,762.7946976022804,773.279541015625,11406421,0.002306519558898268,0.002303863625850809,8820351995.510986
2021-11-02,778.1852589755284,779.1471690607887,767.6042480376659,770.44189453125,9452457,-0.0036696257095435447,-0.0036763753033489974,7282568879.055176
2021-11-03,775.2995927236186,775.2995927236186,750.7227997583802,756.0133056640625,11839149,-0.01872767949095777,-0.018905263128643865,8950554171.73938
2021-11-04,758.4661852269164,758.9471403221777,749.3280384169536,752.3099365234375,3149310,-0.004898550214499253,-0.004910587437651483,2369257206.192627
2021-11-08,762.7947256676549,762.7947256676549,743.7008332570813,750.4342041015625,13967995,-0.002493297417475393,-0.00249641085971642,10482061210.719604
2021-11-09,754.1375340027245,758.5622970701373,749.5203771692645,756.5903930664062,10084357,0.008203502627141201,0.008170036799558371,7629727626.451965
2021-11-10,752.7426949634222,754.4260375443878,743.6526332841422,751.1555786132812,9507347,-0.007183298258781834,-0.007209222367390117,7141496736.862244
2021-11-11,747.115579737698,747.4041410230534,736.9192975425867,742.0655517578125,9221059,-0.012101390330149675,-0.01217520829189504,6842630234.626343
2021-11-12,743.2679340411507,750.1936983916725,741.8250689143892,747.0193481445312,15380106,0.0066756856924352626,0.0066535019756554376,11489236758.513794
2021-11-15,747.4041720012247,754.6665817502892,742.161750043705,743.8450927734375,10934583,-0.004249227786372711,-0.004258281411141306,8133635906.073853
2021-11-16,743.8450559693728,746.2017474164606,732.9754837658305,734.9473876953125,12785837,-0.011961771563148704,-0.012033889232964884,9396917502.648071
2021-11-17,731.9174562250028,742.5465516347117,727.4926343111837,732.3021850585938,11657214,-0.003599172785706095,-0.0036056653914315205,8536603283.89563
2021-11-18,735.7651289767874,738.2660719906005,727.5888923488785,733.84130859375,20644385,0.002101760129301189,0.002099554521379149,15149702503.513184
2021-11-22,739.0355692866476,741.1036996290563,712.0540008544922,723.3564453125,20403786,-0.014287643879494882,-0.01439069501292348,14759210111.876953
2021-11-23,712.7273722809729,729.0798456316193,703.3487478592787,723.212158203125,24913042,-0.0001994688929780608,-0.00019948878954356833,18017414872.225098
2021-11-24,721.6730019878577,742.8350227059288,718.2582331140529,731.2440185546875,23186419,0.011105814884968535,0.011044598147011173,16954930205.452759
2021-11-25,726.1460777101422,726.1941614810042,716.9117040012637,722.4426879882812,17749726,-0.012036106064569507,-0.0121091265018061,12823159762.495483
2021-11-26,710.8516072435933,713.7854214854136,691.2286165229643,694.6915283203125,18987552,-0.038412956666839304,-0.03917018936314235,13190491517.941406
2021-11-29,699.068180914518,700.0300910361755,683.4371414375852,691.0362548828125,15878074,-0.005261721625335003,-0.005275613233175299,10972324791.712158
2021-11-30,689.4490495697592,704.4067395658299,684.0142341357566,687.1404418945312,23965914,-0.005637639068505784,-0.005653590536302023,16467948736.366333
2021-12-01,689.1124221925735,704.8396289134694,687.7657245624437,699.9819946289062,15214913,0.01868839607077888,0.018515913629971445,10650165149.845276
2021-12-02,697.000066480196,699.4048418388916,687.958146357702,694.8839111328125,21924640,-0.007283163760228528,-0.007309815482158105,15235079593.378906
2021-12-03,693.056208369579,701.7133990362358,687.8618704854523,689.0161743164062,20130259,-0.008444197257122532,-0.00848005147350615,13870074044.178406
2021-12-06,691.6134396741168,699.1163275557735,680.5514722801636,682.5233764648438,20129080,-0.009423288006271013,-0.009467968095124768,13738567646.730957
2021-12-07,689.6896197285159,712.7273809719758,684.880068684384,706.6673583984375,30513303,0.03537458608179622,0.03476328016008782,21562755227.02112
2021-12-08,719.4126192151085,729.8974045444193,715.7573137045512,724.703125,33432411,0.02552228624573516,0.02520203037191254,24228572727.984375
2021-12-09,730.1379119955152,733.9374689569537,719.8936037821486,726.2421875,16007459,0.0021237144520385165,0.0021214625581910166,11625292040.476562
2021-12-10,727.6850034769103,730.8592951207969,722.4425815974355,729.1278686523438,7627774,0.0039734419206316485,0.0039655686493827785,5561622599.181763
2021-12-13,733.9374650302553,740.3822749580407,723.8374081720408,725.2802734375,16855546,-0.005276982790351048,-0.00529095524063251,12224995011.81836
2021-12-14,722.4425608874742,735.2359533341739,717.8734879629149,729.7531127929688,17488089,0.0061670495107628565,0.00614811108385546,12761987384.550476
2021-12-15,728.7430582731992,730.5707109222462,722.2983076599259,723.5968627929688,7358740,-0.0084360722716732,-0.008471857328367523,5324761178.109131
2021-12-16,729.0317339540828,729.0317339540828,710.803524674866,712.9197387695312,14123215,-0.014755625089674207,-0.014865572225199,10068718748.385925
2021-12-17,713.7373237235854,713.7373237235854,698.3948452518806,700.5591430664062,13227787,-0.017337990563227823,-0.017490053731383206,9266847125.384949
2021-12-20,690.7477365441507,692.7677833231478,671.6057575320013,682.908203125,16900016,-0.025195502929483693,-0.02551834391538717,11541159559.34375
2021-12-21,692.5752812141857,701.18438846579,688.8719507640491,692.9119262695312,14563335,0.014648708419014556,0.014542452507506607,10091108507.758484
2021-12-22,698.5872565163235,706.9558866841286,692.623401758213,704.8877563476562,9843359,0.017283336632117008,0.017135678689424984,6938463240.434509
2021-12-23,710.8996889619862,711.3325602742,700.2225097158387,703.4448852539062,9994049,-0.0020469515618006806,-0.00204904943046142,7030262652.0269165
2021-12-24,705.9459437820076,705.9459437820076,692.1905804760052,699.4049072265625,8800690,-0.005743133701065384,-0.005759688909700016,6155245772.979736
2021-12-27,696.4229593691618,710.6111343010613,688.8238455825182,707.9658813476562,7955163,0.01224036896601377,0.012166061403283693,5631983984.559265
2021-12-28,712.1983205883165,714.1702247147841,704.5992066839718,707.7734985351562,17833655,-0.00027174023151199656,-0.00027177715957875343,12622188391.018982
2021-12-29,709.8896274997181,716.5749141891056,704.0219995912378,707.67724609375,7143073,-0.00013599328260449628,-0.00013600253052939966,5054990229.286621
2021-12-30,705.368638455147,712.294402660625,701.2324369204533,707.67724609375,14326182,0.0,0.0,10138313024.797852
2021-12-31,708.4948521845454,717.8253916302137,708.4948521845454,711.957763671875,6973055,0.0060486861796853475,0.006030466311364492,4964520643.760986
2022-01-03,714.747314938884,736.8231643060474,714.6992311741425,735.5726928710938,9653095,0.03316900300015879,0.03263078082179721,7100553083.690491
2022-01-04,738.6989676132184,748.3661536138485,734.5146229162939,743.4122924804688,12114437,0.010657817623402233,0.010601423424016633,9006021382.280212
2022-01-05,743.5565284847644,765.5361514118554,741.8251019975007,758.0332641601562,19741360,0.019667379497994464,0.019476475583113693,14964607559.760742
2022-01-06,745.5284208489734,762.3137640518668,744.5184269730535,755.1475219726562,13018067,-0.0038068806791706766,-0.0038141452922944895,9830561035.924011
2022-01-07,762.0251624275373,771.740430564111,756.3017858198077,763.03515625,12250210,0.010445156804248068,0.0103909830628577,9347340901.445312
2022-01-10,769.7685355469653,781.8404952152263,768.5661479562953,779.8685913085938,10905080,0.02206115264901176,0.021821326242874823,8504529377.70752
2022-01-11,778.9067183468369,783.6681851748152,771.3557474017979,779.7724609375,9982061,-0.0001232648322616603,-0.00012327242999545855,7783736271.198242
2022-01-12,787.4196740926849,794.0087942546344,781.1191739618869,792.37353515625,13034848,0.016159937481762476,0.016030755548516244,10328468589.984375
2022-01-13,789.7282740343039,796.4616454328911,786.2654207991662,793.287353515625,9372244,0.0011532671383260862,0.0011526026366294915,7434882639.262695
2022-01-14,789.7282676138528,790.6901778058308,780.6862883251251,788.766357421875,7552844,-0.005699064876950599,-0.005715366512744307,5957429250.055664
2022-01-17,788.76630537499,797.3273290028282,783.5238834325648,788.0929565429688,6722700,-0.0008537393520525738,-0.0008541039950480173,5298112518.951416
2022-01-18,789.7281812472054,804.1568325489204,787.034844746285,791.7481689453125,10835146,0.004638047291245506,0.0046273246917405315,8578707005.755127
2022-01-19,784.9186342315298,789.7281846863799,772.6542805716622,777.8004760742188,16416144,-0.01761632475850683,-0.017773338948933706,12768484618.50293
2022-01-20,772.4137862693083,781.9848032086095,765.1032932208796,779.3876342773438,13567654,0.0020405724243521828,0.0020384932843860127,10574461753.75354
2022-01-21,772.413824277016,780.4457502732224,765.1994983964711,773.856689453125,12078277,-0.007096526273921544,-0.007121826382812279,9346855453.517822
2022-01-24,782.032951339666,785.5920306339557,753.4642081648951,768.0371704101562,29612316,-0.007520150852583951,-0.007548569752931997,22743359389.931396
2022-01-25,758.9470484536822,773.6642608451283,756.1094019930628,771.115234375,19513184,0.004007701818910636,0.0039996923744875955,15046913453.5625
2022-01-27,756.9270935755179,770.9709577814772,751.2998841721226,764.3818969726562,23984679,-0.008731947058212675,-0.008770293899514085,18333454432.300232
2022-01-28,773.1353263214464,775.1553142653355,748.8470936749562,751.3961791992188,14072314,-0.016988520822991182,-0.01713448120528163,10573882972.091675
2022-01-31,758.8990097108374,768.2776334895249,754.1375428195905,758.7546997070312,14824509,0.009793130057774047,0.009745488149357717,11248165874.599182
2022-02-01,771.5000321945082,781.8886501819028,759.2356776527822,779.435791015625,20031583,0.027256623671100932,0.02689177672467381,15613332740.900146
2022-02-02,783.956782234063,787.5158615764568,778.0410112520883,782.75439453125,11214375,0.0042576996769685405,0.004248661319690799,8778101313.171387
2022-02-03,783.0429251825383,787.227269450717,775.2995604216349,778.13720703125,9755335,-0.005898641428599083,-0.005916107130426719,7590989130.554199
2022-02-04,778.954815327262,781.0710293656399,765.4880734416475,774.3857421875,10314067,-0.004821084006588761,-0.0048327429195809905,7987066428.766602
2022-02-07,767.6523230970698,774.3376098559046,751.6846393469069,756.4461059570312,14659368,-0.02316627909469582,-0.023438834970179175,11089021839.391113
2022-02-08,759.9090064015675,765.3919059113421,744.8070055449376,762.3137817382812,14642455,0.007756898654169619,0.007726968592470796,11162145244.982605
2022-02-09,766.88290671573,773.616278113673,763.9490923486941,772.2214965820312,8855292,0.012996898496518972,0.012913163560496006,6838246840.910889
2022-02-10,775.2515358819836,777.9929564623666,765.9690789864078,774.8186645507812,13159771,0.003363242256587684,0.0033575992064394373,10196436192.0141
2022-02-11,766.4980724435595,767.0271699894278,757.8890236490712,760.6785278320312,13138408,-0.018249607767190312,-0.018418185999972893,9994104855.496582
2022-02-14,742.5946434018828,744.4703799556518,722.5388400532075,724.99169921875,16170656,-0.04691446821167722,-0.04805062931501605,11723591370.921875
2022-02-15,724.2702555751805,748.3660929705321,714.8916316594186,746.4903564453125,18880659,0.02965365982773238,0.029222493101530102,14094229866.832397
2022-02-16,746.153663654343,747.9331738250221,731.4364511160719,734.9473876953125,10549784,-0.01546298441813243,-0.015583783253365667,7753536191.549805
2022-02-17,737.3041601518302,738.0255927938574,717.8735625844956,721.769287109375,16683808,-0.017930672054311425,-0.01809337439694658,12041860206.429688
2022-02-18,718.4026098742941,727.973628112869,717.1521383555117,720.3745727539062,8945567,-0.0019323548125114165,-0.0019342242186976926,6444159005.666443
2022-02-21,717.8254596809992,733.8412873911825,711.8135211577078,725.713134765625,10967164,0.007410814059288784,0.007383488894875437,7959014965.928711
2022-02-22,710.2744993905211,730.8112582203097,709.6492342902711,722.68310546875,13156371,-0.004175243841843312,-0.004183984510512167,9507887050.979004
2022-02-23,725.8574446994633,727.5889301023119,714.4107480526432,716.2383422851562,11624282,-0.008917827378036591,-0.00895782919773903,8325756469.935181
2022-02-24,685.7458285467928,699.4049068862624,675.5495448514281,680.455322265625,28023104,-0.04995965435942129,-0.051250826193991024,19068470263.203125
2022-02-25,697.336774399035,711.1401615558102,692.8157849557639,702.2424926757812,16935750,0.0320185171564451,0.03151660987944909,11893003295.333862
2022-02-28,695.412979427951,716.382609702001,688.1505692791155,714.4107055664062,20547432,0.01732765108568124,0.017179239305030375,14679305392.697754
2022-03-02,689.6895903058222,697.3367878818245,680.7919212537596,687.6214599609375,25252492,-0.03749838208853473,-0.03821953187463365,17364155416.691895
2022-03-03,690.2666973388883,694.4510417005139,667.0366025373921,671.7018432617188,23190595,-0.023151715916665982,-0.023423926527563727,15577165407.835999
2022-03-04,664.6799932156546,679.637686096601,658.9085316247806,661.8423461914062,18697223,-0.014678383227944902,-0.014787176614907444,12374613937.583923
2022-03-07,638.2274407060379,641.594126527396,617.6906806798897,628.8488159179688,27799873,-0.049851041510564964,-0.051136508269204746,17481917218.71991
2022-03-08,618.7968248379074,643.9508002520391,618.5082635176809,639.6702880859375,26716975,0.017208384422529255,0.017061997180824098,17090055095.03479
2022-03-09,639.3816636938155,648.8083710567993,632.9368541962549,642.0269165039062,33728639,0.0036841298741894235,0.003677360089806351,21654694095.043396
2022-03-10,667.5175450881378,674.2989997486787,647.9907812312059,650.828369140625,35959638,0.013708853025424794,0.013615736746225396,23403552554.427246
2022-03-11,648.9527711915146,658.6199574253732,645.0569877254792,652.0789794921875,20546724,0.0019215670534058482,0.0019197232051097227,13398086817.827637
2022-03-14,652.271263506728,671.8461707138538,651.4536633454682,669.6337890625,24648981,0.026921293466603435,0.02656529068402607,16505790543.55957
2022-03-15,674.779975540424,681.1285590962989,661.7941884131315,670.7880249023438,27714580,0.0017236821956962967,0.001722198360402704,18590608379.197998
2022-03-16,679.9742710103129,684.3028664465384,674.5394554784743,681.0323486328125,14621688,0.015272073069521719,0.015156628859398658,9957842519.61621
2022-03-17,690.4591270799036,697.3848922345072,688.9200942501424,692.6715087890625,18329844,0.01709046593692043,0.016946066833893943,12696560699.348145
2022-03-21,693.5372528709495,695.3649057315828,678.6276447995212,683.6776733398438,12866839,-0.012984272248965256,-0.01306930477081761,8796770550.758362
2022-03-22,681.657642004896,693.5372087115915,672.8561407680419,690.8438720703125,11761758,0.010481838167189395,0.010427284584918246,8125538439.073975
2022-03-23,697.384873358634,699.1162999228361,687.0443390295231,690.9400634765625,7140403,0.00013923754720690518,0.00013922785455933897,4933590502.068237
2022-03-24,675.6937934757759,685.5533724675483,671.4132815860612,677.3771362304688,17727969,-0.019629672620009808,-0.019824893616482386,12008520872.402527
2022-03-25,678.1466448950605,679.2047225589896,670.1147187552602,672.6156616210938,15263007,-0.007029281554839728,-0.007054103342377381,10266137551.632385
2022-03-28,675.2609807864912,686.2267808816904,669.15287431622,683.2929077148438,13806166,0.015874215696994654,0.01574953804417081,9433655310.533813
2022-03-29,687.0924111352373,689.6414965270086,678.9642585933475,688.0543212890625,11489374,0.006968334546516131,0.006944167905879342,7905313429.606201
2022-03-30,693.5852698630619,703.8777197344883,691.7095334151772,703.0601196289062,20154520,0.02180903146096158,0.02157461665115116,14169839242.263184
2022-03-31,711.7174057001984,711.7174057001984,700.078256641294,702.4830322265625,16046383,-0.0008208222685825994,-0.0008211593276372404,11272311786.108765
2022-04-01,697.3848103910229,710.1782027568194,695.5571577486239,708.206298828125,12658848,0.008147195503672489,0.008114186273620054,8965075889.507812
2022-04-04,713.7372854184179,721.2401723640381,697.3848139196131,718.1620483398438,17192197,0.014057696928412744,0.013959803874107843,12346783412.982117
2022-04-05,718.3544725194936,726.6750186186015,709.8896751272518,713.544921875,12290391,-0.006429087245026444,-0.006449842833914602,8769746085.908203
2022-04-06,704.4067864684241,716.526889504884,704.2143926976227,713.3525390625,13518142,-0.0002696155583231663,-0.0002696519111321467,9643200919.107422
2022-04-07,709.0238985712276,728.9354490279135,709.0238985712276,720.0377807617188,15087175,0.009371581838069298,0.009327941008853724,10863336004.963684
2022-04-08,721.2882748754262,727.2040455555474,715.2763366681216,725.5687866210938,15480705,0.007681549506366014,0.007652196626194693,11232316342.8891
2022-04-11,723.6449987542765,736.2941407922153,723.0197923789597,730.6669311523438,13216391,0.0070264110381479394,0.007001840838517553,9656779852.879456
2022-04-12,728.1660046833707,739.6127592847214,721.6731109824291,734.7550659179688,14020000,0.005595072927657485,0.005579478647507435,10301266024.169922
2022-04-13,740.2859578314631,743.1236042472311,731.7249935336116,733.2159423828125,16119956,-0.002094743686092637,-0.002096940730347087,11819408729.709473
2022-04-18,722.3945086883281,733.8412627362319,720.6630821938585,728.9354858398438,17651530,-0.005837920720951684,-0.005855027993215483,12866826596.366577
2022-04-19,732.7830989067962,748.2698866683684,728.165942191112,737.1116943359375,31088359,0.011216642151360645,0.011154202098762243,22915592976.61389
2022-04-20,737.5926680458729,740.670792170988,725.0878364897393,726.7711791992188,15984202,-0.014028423665201073,-0.014127752041668927,11616857336.09851
2022-04-21,730.1379030043821,735.0917638654281,722.5869316518666,733.3121948242188,8953098,0.009000103212963184,0.008959843663798867,6565415944.856323
2022-04-22,728.1660170073909,729.9455273825204,717.488837335936,719.1721801757812,14411607,-0.019282393976588597,-0.019470724238214252,10364426826.02655
2022-04-25,719.1721486751737,733.1679296456452,715.6611531360037,723.548828125,35417460,0.006085674710260669,0.006067231779216379,25626261678.164062
2022-04-26,738.7469527363183,739.2759915463416,723.0197461719636,725.0397338867188,18727514,0.0020605461632523525,0.00205842614976449,13578191766.9198
2022-04-27,720.4707043268018,721.432614479441,704.6472705738188,708.6392211914062,21441480,-0.022620157115244344,-0.02287991755829798,15194273688.391113
2022-04-28,710.947738756268,723.2602351314856,706.6672857353999,718.691162109375,18649559,0.014184849804204758,0.014085186192079062,13403273230.537354
2022-04-29,721.5287701571733,731.0036202312174,711.909668788805,714.98779296875,19560317,-0.00515293541353079,-0.0051662575704011495,13985387881.599121
2022-05-02,704.1182599395875,715.4687884533765,703.2525172833952,712.7754516601562,10903446,-0.0030942364755736085,-0.0030990335232794464,7771708647.302124
2022-05-04,717.7773924713242,718.546908877988,693.6815540562385,696.6634521484375,12212165,-0.022604593738731582,-0.022863994114904793,8507769027.106323
2022-05-05,702.9639815852682,714.6992980873166,698.8277793545566,701.0401611328125,9121547,0.006282386381656346,0.006262734456709172,6394570778.660522
2022-05-06,688.968151359041,695.4610449320581,683.2447741711288,691.8538818359375,12455025,-0.013103784641996685,-0.013190396690439136,8617057394.613647
2022-05-09,678.4352728002569,692.5753649092218,677.617672589709,683.2929077148438,13055889,-0.012373962690468532,-0.012451157632709672,8920996357.612244
2022-05-10,678.146642950508,692.5752949281784,678.146642950508,684.2066650390625,12797419,0.001337284953351281,0.0013363915841987735,8756079375.097534
2022-05-11,690.6515238748556,692.3829504934768,680.2148216848378,686.9962768554688,13516852,0.004077147971434991,0.004068858926448079,9286026998.806396
2022-05-12,680.5995642223606,683.6296048986217,666.8923435913196,669.297119140625,16685166,-0.02576310572723428,-0.02610078697310543,11167333536.183105
2022-05-13,675.6457637644213,675.6457637644213,649.28940018393,651.5498657226562,15717043,-0.026516255502124664,-0.02687415230839665,10240437256.207214
2022-05-16,650.9245365882895,664.6317546746774,650.010710307131,656.9845581054688,9025623,0.008341176429811137,0.008306581061943099,5929694938.281555
2022-05-17,659.9665016898597,684.8799969740317,659.0527340554225,682.9561767578125,12765052,0.03953155113300921,0.038770180075618325,8717971110.034668
2022-05-18,685.2166551246631,689.6895606969994,679.2047168340687,680.4071044921875,11835013,-0.0037324097099848963,-0.0037393925316892337,8052626926.957397
2022-05-19,666.6998673015738,672.0865990916174,659.4855415464262,664.0065307617188,16661023,-0.02410406008724597,-0.024399317195098358,11063028081.171204
2022-05-20,668.3352008943386,684.7839006802468,667.2771231494877,682.5233764648438,11695528,0.027886541540311782,0.027504792790513082,7982471260.099121
2022-05-23,682.5233822341426,698.2987332656113,680.5033942640471,683.9662475585938,17438451,0.002114024432721129,0.0021117930273469813,11927311893.704407
2022-05-24,683.966200988479,690.0262231964891,679.1566502344494,681.1766967773438,13779981,-0.004078491871795209,-0.004086831603177487,9386601939.234558
2022-05-25,684.9281783257012,693.3929767410605,684.4953069733098,686.1786499023438,10457589,0.007343106639825292,0.007316277292710656,7175774301.253601
2022-05-26,695.4609596184368,705.0800600280971,688.1985505512092,700.75146484375,14028733,0.02123763970721071,0.021015264016958,9830655199.651855
2022-05-27,705.6091555108469,712.967791399704,703.3967739809054,711.62109375,8110620,0.01551138948910169,0.015392317621987135,5771688275.390625
2022-05-30,720.2302236308554,723.3083478478726,715.949711728311,719.98974609375,7628515,0.011759983532317886,0.011691372313310616,5492452577.922363
2022-05-31,712.7753397044143,727.8773390758449,712.2943846843708,724.1739501953125,20272212,0.005811477349870087,0.005794655855732919,14680607843.236816
2022-06-01,719.5087838235635,726.8192773943211,715.8535370381848,723.981689453125,10102092,-0.0002654897240306209,-0.0002655249726663089,7313729633.170898
2022-06-02,722.4426101312393,723.11595898177,714.8916388990363,721.192138671875,10949759,-0.003853068139550775,-0.0038605103295891894,7896880111.151611
2022-06-03,727.3483774414684,728.1659775781285,712.9678090748398,715.94970703125,8563791,-0.007269119225674414,-0.007295668008584265,6131243657.526855
2022-06-06,712.0058968143595,722.346430811289,711.4287155046086,718.306396484375,9107831,0.0032916969306366894,0.003286291155828315,6542213265.398682
2022-06-07,712.7754292259489,714.6511657817688,704.4548828500401,707.2444458007812,9938912,-0.015400044796669676,-0.015519857155366409,7029240309.302734
2022-06-08,708.5431016396892,712.7755304327396,698.7797473464735,701.7135620117188,9369224,-0.007820328348849936,-0.007851067481544086,6574511546.325684
2022-06-09,697.3848570007303,706.1382158596396,694.6434365642413,704.8396606445312,7444368,0.004454949714596257,0.004445055799828583,5247085814.833008
2022-06-10,697.1443292193943,700.5590982551531,690.651436191135,692.5752563476562,7990818,-0.01740027552601109,-0.017553439652687616,5534242824.777466
2022-06-13,675.501409220141,675.5494929860281,656.118896030366,661.794189453125,16622521,-0.044444364150196924,-0.04546229004789718,11000687811.862549
2022-06-14,656.4075063319644,668.1909056064163,654.7241635784713,659.389404296875,13348598,-0.003633735675795502,-0.003640353730314303,8801924083.418457
2022-06-15,661.3132314449573,669.8261128310595,659.966533744062,661.07275390625,9199591,0.002552891505998689,0.002549638413829322,6081598957.181152
2022-06-16,673.3370731047347,673.3851568678898,650.5397918875506,652.656005859375,13237239,-0.012731954232179099,-0.01281370015962215,8639363534.345947
2022-06-17,645.6821532032684,666.2670527820757,644.4316818180885,660.6879272460938,16335613,0.012306515705992505,0.012231406138446976,10792742293.264343
2022-06-20,659.8703493894483,661.6017758819308,651.7902808107496,659.822265625,10981042,-0.00131024283234904,-0.0013111019510069386,7245536011.363281
2022-06-21,664.2469821821254,681.0323245215084,662.3712458174364,669.5855712890625,13319648,0.014796872086173751,0.01468846644239177,8918644115.449219
2022-06-22,667.8061461675592,672.2790520134938,659.0046444876252,660.447509765625,6838249,-0.0136473393622345,-0.013741320337829217,4516304523.207275
2022-06-23,663.9103630737355,679.1085309188036,660.8322390102239,672.5194702148438,14960412,0.018278455548273342,0.018113412698045,10061168352.435791
2022-06-24,683.8219212330318,688.0062067307631,679.6375770249666,686.2747802734375,10856736,0.020453400485489937,0.020247038810644425,7450704112.886719
2022-06-27,701.0882122028712,701.0882122028712,688.8238573904828,690.0262451171875,8285225,0.005466418046508048,0.005451531409790077,5717022696.70105
2022-06-28,683.9662446708984,689.9781834973959,680.0705200533961,683.2448120117188,8339931,-0.009827790107196699,-0.009876401594271755,5698214588.285706
2022-06-29,678.0985749210753,679.7819176908649,674.250934304413,675.9823608398438,9570557,-0.010629354287362558,-0.010686249405048,6469527715.4122925
2022-06-30,675.9823664543122,684.7838679221638,674.4914174450397,680.2628784179688,11970404,0.0063322918260868555,0.006312327103509482,8143021480.865967
2022-07-01,676.6557517085529,679.830043672348,667.6618559824033,677.088623046875,9884899,-0.00466621871014905,-0.004677139494429722,6692952652.867432
2022-07-04,678.0023782972332,693.633418985248,678.0023782972332,692.6715087890625,8303732,0.023014543756569195,0.02275370363927198,5751758573.02002
2022-07-05,695.5091176817302,704.2625352158726,690.7476507282008,692.0462646484375,11460367,-0.0009026560681238971,-0.000903063707436418,7931104173.85022
2022-07-06,695.4609984979778,704.0220218253087,694.4990884032364,698.2986450195312,12163533,0.009034627727193989,0.008994059640070088,8493778612.550354
2022-07-07,707.9178207765542,715.6611861154397,705.0801739551308,713.7373657226562,10374018,0.02210905149714737,0.021868190097995323,7404324279.279419
2022-07-08,722.6831597906247,728.6470150885333,716.1902655967665,726.9155883789062,9797700,0.018463686068764362,0.01829530172289194,7122100860.26001
2022-07-11,726.2422427052876,742.161845687421,726.2422427052876,740.18994140625,12440573,0.018261202868061766,0.018096469565962413,9208386999.930176
2022-07-12,736.1979298984686,738.217976494768,728.8393522764621,730.95556640625,10219829,-0.012475682907087449,-0.012554157605832852,7470240895.27002
2022-07-13,735.6207307906395,735.6207307906395,721.3363896428781,724.5106811523438,8674121,-0.008817068437678932,-0.008856168788915056,6284493314.107849
2022-07-14,721.4325422829062,730.5706878184897,720.2782384731875,723.7411499023438,7044542,-0.0010621392755397752,-0.0010627037451924205,5098424927.615356
2022-07-15,724.5588181214936,730.0898014659325,715.8535430344874,722.5869140625,6358018,-0.0015948185894908429,-0.0015960916663887129,4594220606.173828
2022-07-18,730.3303106238806,743.7008857282622,728.9836128758354,742.5946655273438,8045363,0.027689058679954526,0.02731264917784939,5974443646.031067
2022-07-19,738.5546408544184,752.2137774556554,737.9294344497446,750.9152221679688,12825591,0.011204708338049096,0.011142400588351172,9630931515.2005
2022-07-20,759.4280377870839,759.4761215508933,750.5784529637742,753.2717895507812,8152179,0.003138260236633439,0.0031333461763594296,6140806464.068298
2022-07-21,755.0032627037406,758.8989868755986,750.3860472448966,756.0613403320312,8312338,0.0037032460526811306,0.003696405918948779,6284637409.572876
2022-07-22,759.0432444269062,773.2795610252372,759.0432444269062,769.576171875,12267898,0.017875310933149313,0.017717426277934288,9441081979.792969
2022-07-25,772.4137864917292,786.6500437908554,766.7384935925267,770.393798828125,21034148,0.001062437979508779,0.0010618739917113175,16204577182.833008
2022-07-26,771.0671058836498,772.2214097355484,761.4961474412256,765.968994140625,7374145,-0.00574356218109584,-0.00576011986485588,5648366428.297119
2022-07-27,764.718588281616,773.1833860702128,764.3819432048724,770.0090942382812,9536564,0.00527449561086879,0.0052606341789051695,7343241007.7854
2022-07-28,776.2133832557163,784.4377030415528,774.6262080732151,783.5719604492188,11124518,0.01761390392973783,0.017460576963342155,8716860378.312622
2022-07-29,789.391518265425,792.0367709439709,777.2233324599823,787.4195556640625,11095993,0.004910327843581808,0.004898311503873631,8737201877.711548
2022-08-01,789.4396960078215,793.5758980373424,786.169177913593,792.036865234375,7974903,0.005863849249233555,0.005846723799980999,6316417172.668213
2022-08-02,788.7662874861472,790.6901076995281,781.2634003960286,786.6019897460938,11106772,-0.006861897124792238,-0.00688554819711348,8736608954.856201
2022-08-03,786.6019685244181,796.4615468519941,780.6381142817692,793.3834228515625,11073975,0.008621174614187987,0.008584224505342604,8785908190.072632
2022-08-04,792.6139378476455,798.3373147962578,777.560021005119,789.0067749023438,11113742,-0.005516434832339101,-0.005531706548481553,8768817732.516724
2022-08-05,791.748193305573,808.8702403453466,791.748193305573,806.2730712890625,16056522,0.02188358444559091,0.021647575748896225,12945941307.1604
2022-08-08,809.5631921761261,815.0789944859878,804.2893695647675,809.9019165039062,12142951,0.004500764497866738,0.004490666345600504,9834599286.913025
2022-08-10,814.9338754953446,825.4332074397091,814.9338754953446,821.320556640625,23658553,0.014098793821861078,0.014000330227612996,19431255919.27173
2022-08-11,832.2553522738498,838.496916436078,830.368359518387,831.9166870117188,22787391,0.012901333450649588,0.01281882017795757,18957210826.360657
2022-08-12,836.0294282371593,848.8995955304174,830.7555460391717,846.1417236328125,10792853,0.017099112018284846,0.01695456759651525,9132283240.335571
2022-08-16,852.9637521815752,855.9151719966192,848.0769673648429,850.8348388671875,13804836,0.005546488375760106,0.005531163250081764,11745635413.64795
2022-08-17,853.3024149715411,856.8828520268717,850.0123299157488,854.70556640625,9058040,0.0045493289205411624,0.004539012001931303,7741957208.730469
2022-08-18,852.0928448500796,858.9634262899489,846.7705909046541,856.4957885742188,13137856,0.0020945483899164064,0.002092357881654628,11252518334.894531
2022-08-19,856.3990769975585,858.2376975110907,836.3680359264401,842.2709350585938,10787199,-0.01660820018660536,-0.01674766264655412,9085744188.393127
2022-08-22,837.577562692972,839.3678107269875,822.1430152518094,824.7073974609375,13848023,-0.02085259845329268,-0.021073084407516707,11420567008.309204
2022-08-23,818.0303989411165,839.9484317589669,815.5628203147241,835.98095703125,13254855,0.013669768944744476,0.013577180474336547,11080806368.21045
2022-08-24,829.3523071984492,847.0608858274338,829.3523071984492,845.0771484375,10494109,0.010880859581481994,0.010822088961114551,8868331709.112305
2022-08-25,845.0771471360761,852.9637834319626,838.6904660215745,844.1578369140625,9827829,-0.0010878433112730956,-0.0010884354422774902,8296238870.201294
2022-08-26,845.8996983939115,849.1414112105084,839.2710376950179,842.706298828125,5976725,-0.0017195102887912483,-0.0017209903434974145,5036623803.863525
2022-08-29,822.578553999964,833.1746899177208,819.6271339840993,828.1911010742188,7755134,-0.017224503690183912,-0.017374571175628347,6422732966.43811
2022-08-30,832.6908740918243,861.9632726290441,831.3360948319804,858.624755859375,12544701,0.036747140540005496,0.03608806204072417,10771190833.453857
2022-09-01,835.1100275385942,857.076432891248,835.1100275385942,846.0932006835938,15877583,-0.014594914821945415,-0.014702468363918808,13433915019.589417
2022-09-02,845.8512507951225,852.8185766172918,838.9807286606786,844.2062377929688,8401284,-0.002230206895765696,-0.002232697510911741,7092416358.270264
2022-09-05,843.3836943531853,857.2699740492576,843.3836943531853,853.9314575195312,8744999,0.01151995719906962,0.011454107731635858,7467629742.076843
2022-09-06,853.9798538402657,861.1891006795504,849.7220269779261,855.0927124023438,9879326,0.0013598923808073593,0.0013589685645959118,8447739666.046997
2022-09-07,850.1574531136752,854.1249868225065,844.3029857698646,847.8834228515625,8814960,-0.008431003382694091,-0.008466745327132616,7474058457.099609
2022-09-08,856.8828858383836,871.6884168302877,856.8828858383836,869.7530517578125,12163106,0.02579320259936102,0.025466169512551047,10578898562.35376
2022-09-09,880.7362997186498,882.4781165024692,868.688640114694,872.1239013671875,9936230,0.0027258882329683765,0.0027221797374066756,8665623672.48169
2022-09-12,875.8010507589318,879.5266638893588,873.623765094288,877.881591796875,6016978,0.006601917939253132,0.006580220722159075,5282194224.446777
2022-09-13,884.4134833949648,884.4134833949648,876.0430056649864,880.5911254882812,10400475,0.0030864455032715288,0.0030816922083615416,9158565985.862732
2022-09-14,869.2208463883155,892.445227477455,869.0272980667082,888.4293212890625,14712947,0.008901061541399358,0.008861680608666865,13071413517.371948
2022-09-15,890.2679573802188,906.3798956687386,886.1553064901472,887.9454956054688,16253099,-0.0005445854521006765,-0.0005447337926164992,14431866046.679749
2022-09-16,885.3328210897173,887.9455168204137,875.9462881979343,879.72021484375,11966860,-0.009263272129231503,-0.009306443043946233,10527488650.205078
2022-09-19,875.7043112274364,883.0103024654416,866.4145235666459,870.14013671875,11235656,-0.010889914728970496,-0.010949643876405618,9776595247.964844
2022-09-20,879.8169943329414,892.6871605533197,878.0267461614467,887.1229858398438,12090663,0.01951737243742735,0.019329351041607264,10725905061.343323
2022-09-21,882.5264186697624,887.3648310528203,876.3816585683393,885.67138671875,8917640,-0.0016362997512904265,-0.0016376399519079485,7898098585.058594
2022-09-22,876.7203576495209,882.2361597916347,866.3661429375974,874.2044067382812,11125669,-0.012947217390585242,-0.013031763157454251,9726108867.711487
2022-09-23,872.559352125053,875.6559480442714,850.351026172373,853.7379150390625,15927517,-0.02341156317843407,-0.023689967664724632,13597925155.329224
2022-09-26,841.8837928319115,849.528508368895,831.4328334230806,833.2230224609375,14208640,-0.02402949689447298,-0.024322915253688925,11838965965.859375
2022-09-27,836.9970288789647,846.577050634224,821.175383834994,824.9977416992188,12493809,-0.009871643653610596,-0.009920691382568233,10307364210.221375
2022-09-28,816.7240110221086,835.3518987142597,816.7240110221086,822.0462646484375,11411458,-0.0035775577333123643,-0.0035839724970082153,9380746423.09253
2022-09-29,830.2716195282985,833.7552530481105,813.9177609731337,816.6273193359375,13803629,-0.00659201987228486,-0.0066138431946705465,11272420547.377808
2022-09-30,816.6273637143701,839.0291803007915,810.4341714951942,834.1423950195312,13175031,0.021448064825747792,0.02122129191328533,10989851912.79657
2022-10-03,831.9166422617177,833.1262453651974,818.3690875027453,820.9334106445312,8232026,-0.01583540706463038,-0.01596212667456188,6757945180.694458
2022-10-04,837.0453589716858,844.4481536905425,832.3036911166118,839.6097412109375,8975095,0.022750116299619316,0.022495191540020814,7535577190.293579
2022-10-06,844.8352463345713,862.8825496852432,844.8352463345713,856.8345336914062,12116698,0.020515236585542773,0.020307633666389487,10382005280.709595
2022-10-07,848.851120372951,855.9151909732008,844.5932936497752,854.0281982421875,9705750,-0.003275236161559114,-0.0032806114877001994,8288984185.089111
2022-10-10,843.8191241228382,861.0438604862098,842.5611487090385,853.2540283203125,7357588,-0.000906492225278277,-0.0009069033378211815,6277891599.721191
2022-10-11,854.7056245622693,854.7056245622693,837.4808867374292,842.4644165039062,11130051,-0.01264525154091134,-0.012725883193691272,9376671921.373718
2022-10-12,839.9000717968735,843.5288813192437,833.6585076058656,840.287109375,14557532,-0.002584449961627766,-0.0025877954177823334,12232506483.914062
2022-10-13,834.4810161849339,837.480867501707,823.0140016911945,826.0137939453125,11563124,-0.016986236335701843,-0.017132157239912765,9551299925.100098
2022-10-14,855.2377570717927,855.2377570717927,840.4805993715371,842.1256713867188,8199540,0.01950557915558604,0.019317783460347595,6905043127.562256
2022-10-17,843.819169079309,858.8182483462003,840.480652526728,856.5925903320312,8936947,0.017179049917205313,0.01703315851928813,7655322580.390076
2022-10-18,867.0919241532964,871.5916715685945,862.3503151667695,867.9144897460938,8097552,0.013217367908440414,0.013130780637275038,7027982712.272461
2022-10-19,870.9626189074545,871.5432638427761,856.93122271231,863.26953125,5529462,-0.005351861906871314,-0.005366234422554931,4773416068.8046875
2022-10-20,860.9471461376742,864.4307795695652,851.6573585482091,859.9310913085938,8107159,-0.0038672046453118725,-0.003874701615650304,6971598086.282288
2022-10-21,859.3020476835169,880.5910623783788,857.0763897779481,877.8331909179688,17022807,0.020818062970758167,0.020604328368330264,14943184987.190735
2022-10-24,895.1062824173084,903.3315833908729,887.9454085329098,896.3642578125,4390050,0.021110009380202355,0.02089028007778239,3935083910.0097656
2022-10-25,911.6053273434834,912.7665582070067,893.1226144069194,895.1547241210938,15838120,-0.0013493774220293409,-0.0013502886515634985,14177567939.196777
2022-10-27,896.1224587213674,903.52525422655,890.5099114613905,894.5258178710938,16080842,-0.0007025670904183823,-0.0007028140063334227,14384728342.105835
2022-10-28,888.3325603625174,897.5255443749835,871.8819573928411,878.5105590820312,9854094,-0.01790362946390711,-0.01806583844066048,8656925629.18689
2022-10-31,883.1071176224569,887.4133170073659,875.3656568181832,879.3331909179688,9000840,0.000936393794511714,0.0009359556513375476,7914737358.14209
2022-11-01,891.2356151901904,891.2356151901904,870.4788129913081,879.236328125,9823761,-0.00011015482409759692,-0.00011016089158581238,8637407550.017578
2022-11-02,890.8485192322834,890.9936952377803,873.1883129460064,875.46240234375,7690974,-0.004292276900452974,-0.004301515165887672,6733158574.40332
2022-11-03,871.9303065516453,884.316630763821,868.0595765439247,879.2847290039062,9022366,0.00436606603541545,0.004356562421332515,7933228643.284058
2022-11-04,877.0107123672811,883.8812941379626,871.1078722413822,876.0430297851562,7099336,-0.003686745728454066,-0.00369355852534168,6219323818.902832
2022-11-07,880.8330562747467,890.3647059309873,874.2528266341956,887.8487548828125,11100219,0.013476193173469486,0.013386196918657011,9855315618.076538
2022-11-09,890.2679352862438,892.1065557341796,876.4784591146905,881.074951171875,11590409,-0.007629456789441047,-0.007658709980516344,10212019043.73706
2022-11-10,878.2202700516638,883.4457793492138,874.7366365617335,881.2684936523438,10009741,0.0002196663067215443,0.00021964218361101502,8821269372.920105
2022-11-11,895.9773177319772,898.0094275096842,874.3012044773703,877.2526245117188,17921457,-0.004556918997502768,-0.004567333403323914,15721645188.323914
2022-11-14,875.7527248604484,877.2526210297223,862.4470895379831,866.0275268554688,12641308,-0.012795741320805853,-0.012878311943241783,10947720703.458252
2022-11-15,871.446461544456,884.1231377026921,869.7530171733775,882.2361450195312,15176911,0.018716054237808866,0.018543064024216925,13389619453.944519
2022-11-16,883.0587131853342,888.4293396104207,878.7525139570553,884.0747680664062,13008311,0.0020840486498479027,0.0020818800329398396,11500319530.260681
2022-11-17,883.4941722971123,892.4936082418244,880.9297899025129,890.0744018554688,12584194,0.006786342067181206,0.006763418500856044,11200868947.383179
2022-11-18,890.074292820386,892.203205992116,881.1232302873848,890.6065063476562,10874061,0.0005978202396095256,0.0005976416162762993,9684509477.021301
2022-11-21,884.5102393874712,894.9128269925257,884.5102393874712,891.6227416992188,9245704,0.0011410598780936532,0.0011404093640742282,8243679949.419434
2022-11-22,893.8967609871374,896.5578880157866,890.6550480500273,893.848388671875,11256509,0.002496175645334775,0.0024930653736895915,10061612431.720459
2022-11-23,897.0417649067566,901.7350018639994,893.8484241581316,897.4772338867188,10959704,0.004059799470283343,0.004051580721219913,9836084830.137207
2022-11-24,897.5739271502308,910.2506038474994,897.5739271502308,908.5087280273438,10844395,0.012291670166217683,0.0122167409669787,9852227507.676086
2022-11-25,909.9118100012894,912.4278198478087,897.5254862621691,900.2349853515625,9815055,-0.009106949025956101,-0.009148670784699303,8835855894.14978
2022-11-28,894.1387421392984,913.2988462297513,894.0903698207622,907.105712890625,9381474,0.007632148995386334,0.007603171493257523,8509988660.734863
2022-11-29,903.3800210752162,919.201666001015,903.3800210752162,916.1534423828125,13096845,0.009974283441954723,0.00992486859034873,11998719631.104126
2022-11-30,917.4113797435194,927.2333807160768,910.5892299501535,922.1046752929688,20858573,0.0064958910100012535,0.006474883635328446,19233787683.239685
2022-12-01,925.1044966394636,926.0721791673291,905.9927667141189,909.8151245117188,15920653,-0.01332771767732921,-0.013417328805090036,14484850891.502869
2022-12-02,898.2512992926454,904.2993150433366,896.1707582493461,900.5253295898438,14228874,-0.010210640240632007,-0.0102631264116368,12813461448.542358
2022-12-05,906.718550059355,906.718550059355,898.3965037479066,903.4284057617188,10984608,0.003223758484613981,0.0032185733160625496,9923806893.357422
2022-12-06,895.1063668137049,899.7028589676131,890.4615023443921,892.8323364257812,18220912,-0.011728731649746527,-0.011798055812277363,16268219432.768555
2022-12-07,892.20333473078,903.0413913903666,890.8969868787426,892.3485107421875,15675663,-0.0005418998213377879,-0.0005420467021114778,13988154532.946411
2022-12-08,895.1062924696674,903.3799658469919,893.9450616831225,901.7833251953125,10136870,0.010573015295647137,0.010517511852489314,9141260335.672607
2022-12-09,901.8801321809183,904.5896314951109,895.1547266788406,899.8480224609375,9575331,-0.002146083965298251,-0.002148390103526238,8616342664.758911
2022-12-12,895.1546524104559,903.7186776630545,895.1546524104559,900.2349853515625,8493863,0.0004300313841516523,0.00042993894715556474,7646472633.383179
2022-12-13,899.4609218974406,905.6541137851639,897.8158497651402,902.7994384765625,10415140,0.002848648593676284,0.002844598883249501,9402782543.654785
2022-12-14,905.7508406860252,905.7992129995994,890.2679203324179,891.9613647460938,12319827,-0.012004962861693391,-0.012077604386251025,10988809704.355774
2022-12-15,886.3971351085869,890.1711203350919,875.7526280275886,879.4298095703125,8929748,-0.014049437196585801,-0.014149064781120909,7853086583.150879
2022-12-16,876.2365593751624,884.1715681914225,870.5756400158575,872.8496704101562,9157260,-0.007482278959103361,-0.007510411627144878,7992911372.860107
2022-12-19,878.6557799709749,881.1717310462694,872.0271779431731,877.1558837890625,7015083,0.004933510918189166,0.004921381032123815,6153321328.718628
2022-12-20,876.720404977683,882.9619693422077,866.7532863583488,880.3008422851562,6384331,0.003585404321189145,0.003578992081526426,5620131956.727234
2022-12-21,880.8330193559941,886.2520178769291,858.3344006248467,863.4147338867188,11341147,-0.019182201796607568,-0.01936856734637099,9792113418.975159
2022-12-22,871.3981659300966,874.6398789578551,857.7054337565484,861.8665161132812,9788367,-0.0017931333722649434,-0.0017947429603354934,8436265764.72821
2022-12-23,854.5120629604986,860.8988032205845,847.0125232068142,850.4962158203125,11059215,-0.013192646518215945,-0.013280442508547008,9405820507.443237
2022-12-26,852.6250513893447,868.0112272022727,846.9641322283046,864.3340454101562,6943159,0.016270301187051084,0.016139358248178266,6001208706.395935
2022-12-27,868.6885987163848,873.5753835662855,859.4956148959698,871.5432739257812,4994381,0.008340789714240682,0.00830619754527865,4352819167.972717
2022-12-28,867.0435790127059,874.7366672238433,866.8500306870021,869.8982543945312,8980300,-0.0018874788899926331,-0.001889262422879854,7811947293.939209
2022-12-29,868.8821594099194,893.5096323243187,860.6084266035422,878.7041015625,11994220,0.010122847268038138,0.010071954415176408,10539370309.042969
2022-12-30,879.139556373027,879.139556373027,859.8342785729984,862.0599365234375,9688527,-0.01894171770618358,-0.019123410076735993,8352090970.62561
2023-01-02,865.1081661717191,877.6880388341714,865.1081661717191,873.2850952148438,4315403,0.013021320462560437,0.012937271898529803,3768577119.7454224
2023-01-03,869.462831291876,876.6720786003729,867.7693867122869,872.220703125,5846855,-0.001218836890353514,-0.0012195802761415647,5099747979.169922
2023-01-04,869.9466513618287,878.5590500671148,865.8823726575065,870.0433959960938,12454582,-0.0024962800368133475,-0.0024994009386696426,10836026818.991821
2023-01-05,871.7852551795887,873.8173649614129,843.8192051454618,850.7381591796875,16547196,-0.02218882058670657,-0.02243869567192864,14077331064.625488
2023-01-06,850.5446171070525,850.5446171070525,832.6908616598616,841.9805908203125,14804613,-0.010294081986188752,-0.010347432493639718,12465196800.60608
2023-01-09,845.9964261568585,850.3509974095962,834.4326084620582,845.12548828125,16811853,0.003735118713215968,0.003728160478487878,14208125475.537598
2023-01-10,847.1092921682771,850.0123396958412,828.9168137454193,833.5133056640625,13470142,-0.01374018743749339,-0.01383545750525453,11227542586.184326
2023-01-11,835.0133204331208,842.7063496804153,827.2234284277454,838.3034057617188,15558460,0.005746878982141768,0.00573042866834143,13042710006.40747
2023-01-12,837.5292965904989,841.2548510034172,827.3202568963528,832.8360595703125,16659001,-0.006521918143036043,-0.006543278776690906,13874216749.217896
2023-01-13,836.7551286017936,846.6255026107519,830.561936539757,845.2223510742188,11223103,0.01487242460454552,0.014762914549312292,9486017504.008118
2023-01-16,848.8995444918602,849.0930928206624,833.2230748614112,837.287353515625,8319812,-0.009388059305943441,-0.009432404898976343,6966073371.227539
2023-01-17,838.9323684728654,839.9000509881896,830.3683427746539,837.1905517578125,12624859,-0.00011561354343414543,-0.00011562022719501861,10569412672.074585
2023-01-18,836.5131783943544,843.8191697140958,830.9006315092457,841.3999633789062,11313898,0.005028020935323951,0.005015422650042029,9519513362.87268
2023-01-19,839.9484532522791,842.416031941814,834.1423579533002,838.1582641601562,6694679,-0.0038527446634677442,-0.0038601856023625486,5611200529.749451
2023-01-20,845.2706967636465,848.1737443770304,837.5776087756478,842.2224731445312,8127162,0.004848975614942352,0.00483725719895967,6844878479.286255
2023-01-23,853.4959878330195,854.7539633041429,836.6582882575105,843.5288696289062,16882379,0.0015511299282924274,0.0015499281688280836,14240774074.516785
2023-01-24,850.5929389316187,853.2056935599804,839.9484311634187,842.6095581054688,11504090,-0.0010898400239008899,-0.0010904343313790277,9693456191.305542
2023-01-25,845.077098119616,848.4639868002098,820.5947431838545,827.6588134765625,14918485,-0.017743383617106923,-0.017902684620320894,12347415593.967896
2023-01-27,812.030804097546,815.7563581461058,786.8226273934423,790.7901611328125,39718683,-0.044545713455142244,-0.045568358890191146,31409143729.5531
2023-01-30,774.1459969831512,799.5476625091609,770.2752669982355,796.8865356445312,36301441,0.007709218970283649,0.0076796547890007946,28928129557.39435
2023-01-31,799.3057860504701,811.2082695992232,787.7903400840028,805.01513671875,27291226,0.010200449763709818,0.010148776274156958,21969850029.612305
2023-02-01,816.1918154738912,846.915734812617,796.5478725596145,820.54638671875,39237711,0.019293115485139234,0.019109363009839755,32196361984.16455
2023-02-02,801.6282311010465,832.7875613023073,799.402514032967,830.1748657226562,16798190,0.011734228752635412,0.011665916565004044,13945435127.633667
2023-02-03,836.7066597640203,844.4481194171882,824.5621976829931,835.8840942382812,14914366,0.006877139686293887,0.006853600023237482,12466681315.048218
2023-02-06,833.6585076979579,839.7548958836825,822.1914932310632,826.110595703125,8463833,-0.011692408795100473,-0.011761302556039141,6992062121.561768
2023-02-07,827.3686310861231,828.3363136955805,819.8207185448867,825.1913452148438,9337066,-0.0011127450647195891,-0.0011133646251603108,7704866052.89978
2023-02-08,824.9493177646199,832.8843259474374,824.3687318991716,831.3359985351562,8082983,0.007446337574847917,0.007418750467174995,6719674743.447693
2023-02-09,830.7554211776821,836.9486127649296,824.0783883433888,832.9810791015625,6299265,0.0019788395658373314,0.001976884241913644,5247168557.246704
2023-02-10,827.9007483266255,834.0455676189112,824.465487275508,826.2556762695312,8656405,-0.008073896275393344,-0.00810666668504509,7152403767.337952
2023-02-13,825.8202454510565,831.5295365997953,821.9010841882861,823.1591186523438,9394365,-0.003747699055053011,-0.0037547392744100186,7733057213.698425
2023-02-14,826.3041477973615,839.2710584470253,824.562271968352,837.335693359375,13402934,0.01722215594263332,0.01707553563281942,11222755033.939941
2023-02-15,838.4001304435947,845.0287318551302,832.7875247683261,842.6578979492188,12070288,0.006356118140015132,0.0063360032113574825,10171123513.72168
2023-02-16,847.641498757943,849.4316877601427,836.9001875567873,841.3515625,10715685,-0.0015502559845436137,-0.0015514588747049397,9015658318.007812
2023-02-17,839.5129712878102,839.5129712878102,827.5137432933884,834.7713623046875,9990618,-0.007820987668650692,-0.007851731998303154,8339881798.125732
2023-02-20,834.7713537474057,838.5452801570017,822.7720668133345,824.562255859375,9013430,-0.01222982352572155,-0.012305223197888926,7432134173.830566
2023-02-21,826.7880307529291,831.6748160330891,819.4819799285804,826.594482421875,11704445,0.002464612645144637,0.002461580468471413,9674829656.810303
2023-02-22,823.7397538390513,826.4976254250806,807.7729920906293,812.1275634765625,13880984,-0.01750183342976741,-0.017656801326739156,11273129714.577148
2023-02-23,809.514854112909,817.1595701542185,806.611806359904,812.6114501953125,11743574,0.0005958260013716465,0.0005956485675359881,9542962698.615967
2023-02-24,816.6757001552671,818.2723409257021,808.5471431075151,812.5630493164062,8246139,-5.956214239244417e-05,-5.9563916287285696e-05,6700507850.926941
2023-02-27,806.6117467803197,830.5618889735571,806.6117467803197,828.7233276367188,14422574,0.01988803002291073,0.019692846783177276,11952323518.366821
2023-02-28,827.2718200485879,830.2716122720615,822.5301520177766,827.223388671875,19600146,-0.0018099393546953113,-0.0018115792739975473,16213699192.583496
2023-03-01,836.0776930578087,836.0776930578087,824.3203268741219,828.6265258789062,11015843,0.0016962010821333084,0.0016947641577234839,9128019714.717468
2023-03-02,825.4331354145703,833.9971015297435,823.5945151221156,826.4008178710938,12327141,-0.0026860207081250698,-0.002689634534406021,10187159404.412292
2023-03-03,829.061949577673,844.7867895900887,822.3849169627256,840.4805908203125,12823098,0.01703746250577276,0.016893952676845576,10777564983.186768
2023-03-06,843.5772118992917,848.5123689804957,837.3840203291142,839.7064819335938,13904231,-0.0009210312470906423,-0.0009214556569862293,11675472897.002014
2023-03-08,838.6420711240055,845.4158486956811,833.6584825712115,843.9158935546875,16144568,0.005012955969329491,0.0050004329397148875,13624657529.774414
2023-03-09,839.1743316818115,841.6902827242536,826.5460860285978,828.2879028320312,10624440,-0.018518422086861053,-0.018692034761034676,8800095126.364746
2023-03-10,817.4015232085375,818.0304814756973,809.2245932341773,815.4177856445312,17273189,-0.015538217017893485,-0.01566020036428776,14084865525.399475
2023-03-13,814.2564801205943,827.6588595926465,797.3220357740603,801.6282348632812,16413159,-0.01691102527319821,-0.017055649475520077,13157251677.700378
2023-03-14,800.2734847719724,807.4827317254363,791.8062622910114,803.5151977539062,15456802,0.0023539127098570756,0.0023511465972755508,12419775315.672974
2023-03-15,809.4180845479008,816.6757037068646,795.6286081458696,799.2090454101562,12914488,-0.005359142373146275,-0.005373554089320954,10321375626.440918
2023-03-16,802.8862901186128,804.4345587019249,784.1132234669873,797.2737426757812,14987868,-0.002421522560948741,-0.0024244591884029767,11949433615.090576
2023-03-17,804.91834909519,811.3050894882914,792.1933587502203,809.2245483398438,11104490,0.014989588925823139,0.014878355225207262,8986025904.794312
2023-03-20,809.9502433416078,810.7243775203239,798.3380534729109,809.4180297851562,14838651,0.0002390948788064673,0.0002390663001811761,12010671657.089539
2023-03-21,815.7563608240233,826.8847097557864,811.9340030740609,824.8526000976562,18755854,0.019068725608443415,0.01888919613556012,15470814938.952026
2023-03-22,829.9329340902065,834.6745429845437,823.4978217289552,832.4005126953125,17431520,0.009150619876524102,0.009109006619883314,14510006185.058594
2023-03-23,829.3039121932823,839.4162062490099,825.2396338332466,827.8040161132812,17920621,-0.0055219771154967345,-0.00553727959040548,14834762035.044006
2023-03-24,824.9493447241754,832.2069635927165,821.7076319212885,824.8526000976562,17295696,-0.0035653559999413442,-0.003571727029477947,14266399816.098633
2023-03-27,827.3201714323708,828.7233228804927,816.7724084776924,821.2721557617188,17047675,-0.004340708067736676,-0.004350156292237229,14000780797.975159
2023-03-28,827.9007821657716,831.1425541001529,820.7883391486262,827.1266479492188,24469018,0.007128565295227984,0.007103277181170391,20238976836.949097
2023-03-29,829.3522700129644,834.2390547971538,820.5947552511751,823.497802734375,34881515,-0.004387290898970719,-0.004396943301966054,28724850958.546143
2023-03-31,834.0939446257819,852.5282844810888,830.7554281804934,848.8994750976562,25739021,0.030846071815779696,0.030379894000783638,21849841416.42755
2023-04-03,851.7541595478591,858.4311334483423,840.7709275903899,855.23779296875,26416933,0.00746651170960444,0.007438775288362036,22592759475.92334
2023-04-05,857.9473279969231,859.0601865581069,845.7545514523069,856.011962890625,21068934,0.0009052101394955159,0.0009048006838741495,18035259549.353027
2023-04-06,853.4960068359375,861.3342118450829,844.4965709573414,846.7222290039062,26042745,-0.010852341193163584,-0.01091165738458077,22050971095.780334
2023-04-10,851.6090049377871,854.2701319147354,836.4648086702014,840.3839111328125,30906205,-0.007485710961610437,-0.007513869508417978,25973077436.172485
2023-04-11,845.4642225461083,856.9796090013051,837.0453728791858,853.3992309570312,39504022,0.015487350069177896,0.015368645111062637,33712701994.509644
2023-04-12,854.8991446182802,863.1728184534817,851.8509210177381,861.3826293945312,22686032,0.009354822629201509,0.009311337264204536,19541353894.688477
2023-04-13,862.3018786282557,872.51097656716,857.8505626165031,869.9465942382812,34439635,0.009942114632343735,0.00989301696555438,29960643175.05951
2023-04-17,887.6551614909503,887.6551614909503,864.2856641308982,872.1722412109375,29957514,0.002558371959148875,0.0025551048966625275,26128112126.488037
2023-04-18,878.6074008266793,878.6074008266793,865.2049618009515,867.8660888671875,26699379,-0.004937272869142584,-0.00494950146805898,23171485627.91272
2023-04-19,866.9467798245536,867.9144623295201,858.5763025315322,863.0760498046875,24377956,-0.005519329679942175,-0.00553461745814139,21040029966.79248
2023-04-20,863.4147591759163,870.236909372004,860.4633391974846,865.4953002929688,16999919,0.002803055986582814,0.0027991347510702156,14713349999.861145
2023-04-21,865.6403538022766,871.5916247008615,853.8830470653443,857.0280151367188,29578071,-0.009783167110651969,-0.009831336715009856,25349235480.70294
2023-04-24,875.7527238646078,877.204247716317,866.0758981865458,875.5108032226562,30881665,0.021566142249141107,0.021336883300869313,27037231329.00299
2023-04-25,877.0106121332027,886.3971439195534,873.9140164117832,883.9295654296875,41383839,0.009615829040650059,0.00956989120869769,36580398823.08215
2023-04-26,881.9942756119498,887.316529658685,876.4784732418931,885.3811645507812,30371555,0.0016422113003857763,0.0016408643458625468,26890402735.118103
2023-04-27,880.1072975279017,890.1712198822554,879.1879872737524,888.6712646484375,25835108,0.003716026757047075,0.0037091393867790725,22958918098.688965
2023-04-28,885.5262587849612,890.7033957534178,880.8330221437257,887.993896484375,20381002,-0.0007622257982320413,-0.0007625164400149481,18098205380.23584
2023-05-02,894.1386692839658,895.880486047962,889.0099636211668,892.300048828125,17515017,0.00484930398823491,0.004837583987608384,15628650524.32544
2023-05-03,889.83253808471,893.9935615226354,882.0910771536264,893.02587890625,18715142,0.0008134372278454371,0.0008131065670859793,16713106133.405273
2023-05-04,890.2679527423538,894.0419383409981,882.3329439597278,891.9130249023438,20485002,-0.001246160979421207,-0.0012469380836796133,18270840098.95056
2023-05-05,895.1062934853671,911.992364564189,893.6063974547598,896.9932861328125,19002035,0.00569591550815729,0.005679755117858184,17044697817.860718
2023-05-08,897.0417142320913,911.2666593771053,897.0417142320913,907.5894775390625,18623913,0.011813010833038762,0.011743781888730596,16902867469.402954
2023-05-09,910.5893181947338,914.4600485590047,901.686626544379,904.20263671875,21507610,-0.003731688063964733,-0.00373866818236197,19447237671.518555
2023-05-10,904.3961038358807,910.5892958920904,898.2513431581647,905.7992553710938,25910923,0.0017657752670769966,0.001764218118709993,23470094759.377747
2023-05-11,909.6699186059626,916.3953237660901,903.670275317878,908.847412109375,20027372,0.0033651570369557238,0.0033595075667025545,18201825213.551758
2023-05-12,909.3796019336227,917.3629823177167,904.8798548193457,913.3955078125,13873480,0.00500424564401758,0.004991766023526335,12671974309.726562
2023-05-15,913.2503649686147,918.3306981247315,907.8797388732504,915.1857299804688,10453762,0.0019599638411362807,0.0019580456180300024,9567133807.012085
2023-05-16,919.2984223538758,921.4273357760685,912.5246445049526,915.766357421875,19612293,0.0006344367294917053,0.0006342355595917265,17960278121.300537
2023-05-17,916.6856415758675,917.7501277880057,905.5572925692524,908.9925537109375,19273344,-0.007396868924086197,-0.007424361415160262,17519326181.109375
2023-05-18,917.3145893518762,921.4756120700907,911.653611587576,915.9114379882812,21550141,0.007611596210659322,0.0075827741742963625,19738020632.160217
2023-05-19,920.7016009331666,925.1045448518862,911.1698920993472,923.45947265625,15427412,0.008241009288569856,0.008207237586598474,14246589749.970703
2023-05-22,920.3144134762877,923.4110092338516,915.5728047480459,919.6370239257812,15509525,-0.0041392706920573286,-0.004147861186772147,14263133413.502502
2023-05-23,921.2337828236806,927.8623846317511,914.4600050088006,922.5885620117188,16579935,0.003209459829420336,0.0032043205065861373,15296458389.897766
2023-05-24,916.1050779412483,923.0239727062751,908.1700692529853,910.2506103515625,18049620,-0.01337318948898858,-0.013463415900383958,16429677621.61377
2023-05-25,906.7185687283087,911.1698849283796,902.7994661295811,909.4764404296875,19328582,-0.0008505019530566926,-0.0008508638350448771,17578889955.91333
2023-05-26,909.4280664519105,921.6692745737228,905.3154155340302,919.975830078125,10957182,0.011544432798585635,0.01147830429170406,10080342605.76709
2023-05-29,923.0239830690742,926.6527926566437,916.2018328569751,917.5082397460938,12108079,-0.0026822338711025573,-0.0026858375056750677,11109262249.996643
2023-05-30,914.7986250754225,921.5240302432906,914.1212945775248,919.25,18483624,0.001898359250035897,0.0018965596432882754,16991071362.0
2023-05-31,918.8145563715582,921.23376268112,910.1054136571358,918.4758911132812,27254425,-0.0008421092050244772,-0.0008424639781668732,25032532288.65509
2023-06-01,923.4111190265776,923.4111190265776,902.6543154895292,905.84765625,21650700,-0.013749119585463099,-0.0138445141334407,19612235851.171875
2023-06-02,912.5246577080345,914.1213575634451,904.8315695129169,907.8314208984375,12494376,0.0021899539450704886,0.00218755949112174,11342787117.319336
2023-06-05,912.524632867169,921.0402273846815,912.524632867169,916.1534423828125,10751684,0.009166923828368034,0.009125162602766324,9850192308.012207
2023-06-06,915.911574594344,917.1695501531516,907.7830171852421,911.6537475585938,11894330,-0.00491150785016492,-0.004923608944184924,10843510519.198608
2023-06-07,913.8309715647682,915.2824953565665,903.6219327083176,909.8151245117188,16486469,-0.0020167997463936826,-0.0020188362255766906,14999638845.993591
2023-06-08,906.3314429874264,919.7822539132716,904.9767228695448,907.5894775390625,17608140,-0.0024462628864855285,-0.0024492598761544936,15980962583.034668
2023-06-09,910.9763299208923,913.4922807980292,905.9443691039659,907.7345581054688,12253128,0.0001598526316100024,0.00015983985653948704,11122587730.489746
2023-06-12,907.6862521075698,913.0085062510576,903.1381322087851,905.7025146484375,10520125,-0.0022385877444969227,-0.0022410971277243125,9528103666.915894
2023-06-13,905.6540879403527,915.6695783292494,903.9122121660633,913.0568237304688,13528776,0.008120005148584575,0.008087215289733826,12352541243.520996
2023-06-14,915.4761168686471,916.3470548384208,905.9928391498903,909.4281005859375,13489262,-0.003974257735356979,-0.003982176084299855,12267513918.966064
2023-06-15,910.2990230245307,912.476308849158,894.47737726131,896.6546630859375,19366819,-0.014045571597985806,-0.01414514410683159,17365348565.491333
2023-06-16,899.2673651712831,907.4442943791796,897.0417071602234,904.009033203125,11249387,0.008202009558369472,0.00816855587842152,10169547465.997803
2023-06-19,903.3316527921857,903.7671217485372,889.0099629857297,893.316162109375,19351375,-0.011828279033742062,-0.011898789690884344,17286896046.539307
2023-06-20,891.1872338117499,898.5415973816436,885.2359626539284,895.6385498046875,15212286,0.0025997376895416924,0.0025963642170120167,13624709772.25415
2023-06-21,898.0093192966337,898.3964159041491,890.2678596475248,894.8159790039062,9210553,-0.000918418262546461,-0.0009188402670031354,8241749999.862366
2023-06-22,894.5257445090998,905.3153691622226,890.9453073749864,895.8320922851562,27291569,0.0011355555835972364,0.0011349113280347259,24448663359.01471
2023-06-23,896.1224249124842,901.7834033389462,889.3002746615077,893.6548461914062,8767733,-0.0024304176111799025,-0.002433375870237595,7835327085.562317
2023-06-26,897.1385095411223,901.6866295468166,893.3645828609866,897.4772338867188,11749040,0.004277252802469267,0.00426813135726939,10544495920.024414
2023-06-27,899.9448160279981,909.5732696894314,892.3969035770691,905.84765625,13422726,0.009326612472420504,0.0092833881719978,12158944887.585938
2023-06-28,913.4923004032572,913.4923004032572,904.1057681310743,907.1539916992188,25708001,0.0014421138479583373,0.0014410750004207793,23321115725.757507
2023-06-30,910.1054076065767,911.7504796986727,900.5737584353333,904.3960571289062,13843218,-0.003040205516977923,-0.003044836329901066,12519751777.175903
2023-07-03,906.7185460429008,915.1857683245181,906.2347047696655,912.0891723632812,12350359,0.008506356450510788,0.008470381268330614,11264628718.699402
2023-07-04,916.6373175188082,920.5564201279725,911.5569840092028,914.1697387695312,14041699,0.0022810997754298956,0.002278502017084437,12836496306.710388
2023-07-05,911.6052479016165,933.5716515144874,910.5891931330735,927.039794921875,13817767,0.014078409737853237,0.013980229337047073,12809619885.958252
2023-07-06,923.846533565768,932.7492247541551,923.1691439746393,928.3946533203125,16334427,0.0014614889305282208,0.0014604219949976628,15164794691.850952
2023-07-07,922.2015007528141,924.1852382336124,913.2988091848515,915.8148193359375,8593807,-0.013550093098214755,-0.013642733418186474,7870335805.112915
2023-07-10,915.4276604061656,922.1046933935976,910.9279130803762,917.7501220703125,12069184,0.0021132031208868085,0.0021109734477873093,11076495089.289062
2023-07-11,917.750137644119,921.9111607222271,911.4602011815253,914.41162109375,16977595,-0.0036377014791687534,-0.003644334004845617,15524510166.223145
2023-07-12,917.7501246070915,920.4112515342325,910.8311709714633,913.87939453125,21511161,-0.0005820426493086117,-0.0005822121018870275,19658606790.34424
2023-07-13,917.0727487171628,928.2494701654196,911.7504947834543,924.814208984375,23222286,0.011965270820810892,0.011894252905679137,21476300057.898926
2023-07-14,928.7333276529091,933.8136610419978,920.6047706053051,929.0236206054688,12871569,0.00455162948427934,0.004541302144423699,11957991635.253113
2023-07-17,931.7815569904748,942.3292614154661,922.0563000505355,937.3941040039062,16290763,0.009009979092869713,0.008969631404695902,15270865185.924988
2023-07-18,946.3935430693452,956.0219963476638,939.7649411626849,943.9259643554688,29709508,0.006968104795691543,0.006943939744930368,28043575989.426514
2023-07-19,948.3288481005554,948.3288481005554,936.2811891871556,941.9905395507812,15994261,-0.0020503989484059737,-0.0020525038941409763,15066442549.106018
2023-07-20,944.5065612098798,965.8923814574687,940.6842032435259,963.4247436523438,26487838,0.02275416068592806,0.022499145954933804,25519038535.05481
2023-07-21,963.1344078710805,969.0856790406557,956.84447144192,964.7794799804688,16903003,0.0014061672559801952,0.0014051795286357785,16307670444.448303
2023-07-24,972.4726020590396,976.1014116649148,958.1024805821794,959.9411010742188,21687719,-0.005015010172426115,-0.0050276275377613535,20818932856.648254
2023-07-25,966.714856111477,966.714856111477,956.3122688209883,962.5538330078125,29325327,0.0027217627526001653,0.002718065463602331,28227205908.057495
2023-07-26,961.0054815566945,965.5052288743298,958.0056893867065,964.2472534179688,12780537,0.0017592994304169718,0.0017577536758718866,12323597699.456726
2023-07-27,970.1500410712508,973.9723986110673,955.2961388953374,958.24755859375,25932395,-0.006222153916385698,-0.0062415921899666915,24849654197.23877
2023-07-28,956.070362346762,966.4245774762064,945.4742265790718,964.00537109375,12584130,0.006008689976157777,0.005990709787513017,12131168910.541992
2023-07-31,963.8118175386905,967.1019618260334,956.6509430604292,966.0374755859375,14303116,0.002107980466832693,0.002105761793408147,13817346073.652832
2023-08-01,969.2792116429864,971.2629489797961,958.4411556974744,962.4086303710938,15508569,-0.003756422816457272,-0.003763495891174025,14925580650.305603
2023-08-02,953.4092491126727,961.9732162053438,945.9097092186121,955.0543212890625,15787996,-0.007641566014630952,-0.007670912377245758,15078393804.294434
2023-08-03,944.9903195293069,951.2318833741499,929.0235585164144,933.8135986328125,30994707,-0.022240329353811816,-0.022491374680838585,28943278882.239624
2023-08-04,937.3457361804816,944.458179377576,930.1848616052202,939.1359252929688,20582882,0.005699560027770723,0.005683378989600727,19330123932.26599
2023-08-07,939.5713262813622,949.7803647470605,936.910199431587,944.1194458007812,16686062,0.005306495442880532,0.005292465606892234,15753635608.037476
2023-08-08,944.2162106511983,954.7155422765243,940.8776941737979,948.2321166992188,23784778,0.004356091717768962,0.004346631413594017,22553490388.16101
2023-08-09,951.207903020587,951.5493559556502,940.1342639638341,949.0126953125,19317331,0.000823193603691097,0.0008228549656668785,18332392358.55371
2023-08-10,947.8906587198094,949.9395549383418,936.0853435299007,940.6220703125,24858441,-0.008841425453467777,-0.008880742774492224,23382398238.161133
2023-08-11,939.9391281743053,940.0366691362146,926.8654236423497,929.64599609375,17162177,-0.011668952457285497,-0.01173756899406553,15954749132.302246
2023-08-14,925.889849017894,939.4513785290441,922.9629053434434,936.1829223632812,19026691,0.007031629563294617,0.007007022938577718,17812463183.283142
2023-08-16,931.2070871701633,936.4267792630915,923.5482159431574,933.2071533203125,17930805,-0.0031786192333617125,-0.0031836817742501126,16733155490.791626
2023-08-17,933.6462023482969,934.4754791838435,923.4019001385633,928.4752807617188,27077611,-0.0050705489577077545,-0.005083447812397666,25140892475.581604
2023-08-18,924.8165413968668,931.743616717334,922.9627868215686,927.4995727539062,13257508,-0.0010508712811525545,-0.0010514238335188578,12296333005.781494
2023-08-21,927.5483666794157,935.938913861277,925.3043886702031,931.9387817382812,13358017,0.00478621135230739,0.004774793859282495,12448854089.41925
2023-08-22,933.1096469094867,933.6462413283504,926.1825113015468,928.8167724609375,16872719,-0.0033500154071498534,-0.003355639272299825,15671664404.220337
2023-08-23,930.7680032725475,944.4758429833078,926.7190410740053,943.3050537109375,14707331,0.015598643004273827,0.01547823469573493,13873499658.899536
2023-08-24,948.8174806335662,958.4764176235524,943.2075058123395,945.3539428710938,28389740,0.002172032421639214,0.0021696769693480772,26838352646.085205
2023-08-25,939.5000885244812,948.9150543418253,936.8170569956474,946.7686767578125,10275758,0.0014965123881771625,0.001495393729431887,9728765804.343506
2023-08-28,946.3296741533865,951.2566840430246,941.5489757166163,946.9150390625,10481574,0.0001545914100038459,0.0001545794619831808,9925160053.646484
2023-08-29,949.5979999303318,953.4518206829681,942.134329925956,944.1831665039062,13209913,-0.0028850239418506396,-0.002889193645150146,12472577485.581116
2023-08-30,946.8174880873403,952.134780892738,932.133999542189,935.5487670898438,13936165,-0.009144835155273645,-0.00918690584303794,13037961983.710632
2023-08-31,936.6219035202087,942.6709318902067,930.8167871042523,935.40234375,36675400,-0.00015651064380028945,-0.00015652289286919061,34306255117.96875
2023-09-01,933.597414127154,949.3540905448681,929.5972223729281,945.1100463867188,16268147,0.010378103819796758,0.010324621015485766,15375189165.79596
2023-09-04,945.1100680190779,945.4515209412026,937.1585143582263,943.7929077148438,9512956,-0.0013936352458748802,-0.0013946072586666358,8978260404.20337
2023-09-05,940.6220495025765,946.3783955216684,938.8171248357994,944.8173828125,16623486,0.0010854871755041628,0.001084898460290099,15706158535.740234
2023-09-06,939.1098099408862,945.8905742914185,927.6459479007374,934.1828002929688,30802100,-0.011255701591639466,-0.011319526381263099,28774792032.904053
2023-09-07,934.0852438880298,945.8905586551218,931.4509828721614,942.1343383789062,13462347,0.008511758173500805,0.008475737415556923,12683339383.872253
2023-09-08,943.9393249350013,951.2566840430246,937.8415256783153,946.9150390625,13086915,0.005074330155314888,0.005061499129654127,12392196628.432617
2023-09-11,951.2078643033275,958.086169598933,945.7442007229635,954.427490234375,7894110,0.007933606355341905,0.007902300768899476,7534355594.934082
2023-09-12,965.9888674492851,970.9159365012332,958.7203389445621,966.379150390625,20959591,0.01252233436121486,0.012444578383629544,20254911743.11499
2023-09-13,965.6962890625,970.6232990964716,956.671545898231,965.6962890625,21997553,-0.0007066184404422859,-0.0007068682129219637,21242955300.555664
2023-09-14,968.1353562233099,968.720780666579,958.3301071739512,963.6473999023438,11464188,-0.0021216703257141978,-0.002123924256829856,11047434958.19165
2023-09-15,966.2328420296343,973.2087481037405,964.5254582610313,968.28173828125,13307980,0.004809163994398569,0.004797636907563511,12885874007.41211
2023-09-18,965.9888863047581,971.989144239288,963.257084308504,966.0864868164062,16713222,-0.0022671618993252984,-0.002269735801902631,16146417925.36267
2023-09-20,957.6470545446385,971.7451766986743,956.7690072829341,963.1107177734375,25741856,-0.0030802304799593117,-0.003084984153981682,24792257408.98047
2023-09-21,956.0861166419703,958.574006734418,934.1340401518692,935.93896484375,19742813,-0.02821249149059868,-0.0286181110655742,18478067962.32373
2023-09-22,933.2071706835995,937.500045053057,924.3287990475906,927.1581420898438,12701888,-0.009381832666163437,-0.00942611926889754,11776658879.113281
2023-09-25,927.1580728250464,937.7926574396995,918.572384276358,933.0607299804688,8997098,0.006366322661331969,0.006346143229782339,8394838827.585815
2023-09-26,935.5974971770788,935.5974971770788,924.0360346784909,925.5971069335938,10521409,-0.007999075308882886,-0.008031239549395167,9738585731.265076
2023-09-27,923.2555689856038,923.4507104696879,911.6453950428523,920.1334838867188,15152973,-0.005902809122832475,-0.005920299563053284,13942757837.731384
2023-09-28,922.4749712145349,924.1823548206961,911.9867576338303,919.6455688476562,25991282,-0.0005302654969162601,-0.0005304061373849263,23902767319.96985
2023-09-29,923.6457967074638,932.7193094608657,920.718853267733,928.7191772460938,10447334,0.009866418874618255,0.009818063566254212,9702639436.895142
2023-10-03,928.4264812897243,928.4264812897243,916.1333420529505,917.4016723632812,11131636,-0.012186143196021848,-0.012261003029097283,10212181482.539307
2023-10-04,912.2307137467868,912.7185376578814,902.4742355248961,907.4012451171875,17334739,-0.010900816455165274,-0.010960665689281276,15729563752.38147
2023-10-05,912.425857939374,920.9627764089626,911.7916630335349,917.938232421875,10478856,0.011612268950905724,0.011545364003180538,9618942554.44336
2023-10-06,922.9628794283824,923.4994738438675,915.1576965156688,922.182373046875,6355755,0.0046235579640281355,0.004612902152455726,5861165228.404541
2023-10-09,917.3529458957726,919.1091002211714,913.4991247477328,915.7431030273438,6725306,-0.006982642704670194,-0.0070071354368317065,6158652585.248413
2023-10-10,917.4992699211415,934.1828244813858,917.4504398891626,928.0362548828125,11452715,0.013424236354965702,0.013334929655837147,10628534736.84021
2023-10-11,931.6461062538115,938.6219522811512,927.5971440720459,929.889892578125,12233117,0.0019973763800278377,0.001995384276039334,11375451853.025635
2023-10-12,929.6459711325131,936.7194175967019,925.3043861142355,931.0119018554688,7836818,0.0012066044445682156,0.0012058770824588322,7296170830.675171
2023-10-13,926.8166882827292,934.0852766849174,921.548166066008,928.1337890625,6650442,-0.0030913813101989263,-0.0030961695000281814,6172499932.400391
2023-10-16,925.401981705107,931.5973217061672,923.1092330870941,928.2313842773438,5763024,0.00010515209767580913,0.00010514656958151006,5349419745.143555
2023-10-17,932.133942908628,937.548776352585,928.3288926243248,930.6704711914062,7747527,0.002627671241649976,0.002624224949401446,7210394603.658142
2023-10-18,926.0848703534714,927.4995715223401,916.2307921986865,920.767578125,12000153,-0.010640600914015197,-0.01069761692502105,11049351814.939453
2023-10-19,913.2063753381311,921.9872058702285,911.2550796643318,912.9624633789062,8612676,-0.008476748021457925,-0.008512879982546994,7863049897.244385
2023-10-20,909.303786581178,917.108969298613,907.3524909018192,910.0355224609375,6586576,-0.003205981664499147,-0.003211131834228056,5994018131.388672
2023-10-23,919.060255373007,921.7920573857958,902.8645252231158,907.3037109375,11856890,-0.0030018735049485157,-0.0030063881644399547,10757800297.177734
2023-10-25,903.4986624227306,911.0599331166206,889.2054574209906,893.7909545898438,12593434,-0.0148933110101509,-0.015005329980274651,11255897396.424194
2023-10-26,892.034835673972,894.2788138653154,877.1074351720209,886.5224609375,21693345,-0.008132207665582425,-0.008165454435447705,19231637595.36621
2023-10-27,893.6934385485141,895.7911052641983,889.1078817029663,890.5225830078125,8645505,0.004512149715961256,0.0045020004868736516,7699017444.006958
2023-10-30,886.9613655158662,903.7425191004379,886.0833182505427,902.3766479492188,7687791,0.013311358035826837,0.013223540366017618,6937283072.714172
2023-10-31,906.6695030375992,908.3281162337183,891.8396443321832,893.0592041015625,17211107,-0.010325448767797174,-0.010379126028155591,15370537519.126831
2023-11-01,891.5470426138852,895.2544927386905,887.1566270466315,891.7909545898438,12927203,-0.0014201180682020809,-0.0014211273915512856,11528362703.546692
2023-11-02,897.6447821752898,902.279109409575,890.5713353440126,897.5472412109375,9747311,0.006454748830392987,0.006434006150506207,8748672097.275024
2023-11-03,905.9377853890679,911.7429019177837,904.2304016776113,911.0599365234375,7146961,0.015055135475954717,0.014942931684401944,6511309834.995483
2023-11-06,918.0846246991575,924.6702476712292,914.5723162669136,922.42626953125,10338367,0.012475944284396911,0.012398760984854183,9536381304.85498
2023-11-07,920.6212426036691,927.3044657799691,907.791509730304,925.0116577148438,15704942,0.002802812830674961,0.002798892274807423,14527254433.735474
2023-11-08,925.3532028172963,925.3532028172963,911.3526206284945,912.9624633789062,17606074,-0.013025991873122922,-0.013111574113363429,16073684689.471313
2023-11-09,911.2550412038593,919.4016764786073,910.2793934081378,914.5234375,9406117,0.0017097900337725846,0.0017083300067822814,8602114452.367188
2023-11-10,912.1332534052325,918.523735295646,909.6941336341723,915.7431030273438,9560455,0.001333662405282876,0.0013327738674958007,8754920728.053284
2023-11-13,917.9870319695434,917.9870319695434,909.3037427950005,911.694091796875,11470096,-0.0044215579861679455,-0.004431361983649551,10457218755.542969
2023-11-15,921.4018143138666,921.4018143138666,915.889380375436,918.18212890625,19492138,0.007116462822071901,0.007091260298430419,17897332765.774414
2023-11-16,916.1333033243815,923.1579795407855,911.2550642225477,913.2063598632812,19706373,-0.005419152569323016,-0.005433889441627208,17995985153.43805
2023-11-17,903.9864967116965,915.5479593765705,897.7423862479302,899.4009399414062,10956653,-0.015117524941396399,-0.015232959589924752,9854424006.811829
2023-11-20,899.5473366065142,904.1816639914177,895.1569211892373,899.0107421875,10562301,-0.0004338418346901962,-0.00043393597128687367,9495622061.217773
2023-11-21,901.8888706577264,905.4499494794524,899.5472920649286,903.5474243164062,8989572,0.005046304694722004,0.005033614772756522,8122504626.306885
2023-11-22,900.7668766589127,902.6694018743736,892.4738699417713,900.279052734375,12197979,-0.003617266226511595,-0.0036238243537596005,10981584979.393799
2023-11-23,900.52294921875,902.8156978051427,896.1325339733714,900.52294921875,5534614,0.00027091209512675185,0.00027087540507147914,4984046922.067383
2023-11-24,899.0594483982376,907.7427376445077,897.7911181670157,906.76708984375,7452002,0.006933905049745892,0.006909976080579526,6757230167.049805
2023-11-28,906.2793237215551,908.3769308976238,899.2546471984909,902.9620971679688,14231987,-0.004196218321550371,-0.00420504715277639,12850944828.387268
2023-11-29,908.2306003744137,918.1821607285481,903.4499021267856,916.7186889648438,11680078,0.015234960404230558,0.015120073787504322,10707345791.167114
2023-11-30,916.0845371003845,917.9382322384056,905.5963229827007,912.1819458007812,23950292,-0.004948893503180729,-0.004961179829207894,21847023959.056885
2023-12-01,913.157659153128,928.8167959567095,910.2794859533717,923.6458740234375,16986046,0.012567589476452978,0.012489272809010804,15689091303.872314
2023-12-04,940.2318186642837,970.6232126126973,937.987840581793,967.0621337890625,33131257,0.0470053090547593,0.04593400260597283,32039984089.533813
2023-12-05,978.0869688482517,991.0143028504854,970.8183804617602,988.7703247070312,31378461,0.02244756583831231,0.022199327266208678,31026091071.776917
2023-12-06,989.3069401885278,991.5021478960468,975.8917819759122,978.8187255859375,18786590,-0.01006462155308152,-0.010115612280002953,18388666081.905518
2023-12-07,972.0866896120442,977.7942651351568,964.0864250614673,974.6721801757812,11841945,-0.004236275115879096,-0.0042452735515322755,11542014350.671692
2023-12-08,970.2817634001109,988.1848771958599,969.0622036170539,986.2335815429688,16116363,0.01186183580729927,0.011792035662651875,15894498402.936584
2023-12-11,982.5748818013128,995.1607623207786,980.1845923151836,992.3313598632812,11714606,0.006182894635135439,0.006163858965499013,11624770902.242554
2023-12-12,992.3313863725926,996.1364367379356,984.0383797983786,990.9655151367188,12380856,-0.001376399841632181,-0.0013773479499781822,12269001343.873535
2023-12-13,990.0873978964831,995.8437438660465,984.6237939125858,989.2093505859375,15887040,-0.0017721752411726799,-0.0017737474014189354,15715608521.132812
2023-12-14,997.3560449426353,1014.6737948059092,996.3803970630142,1008.4784545898438,16317672,0.01947929828250472,0.019292005070940612,16456020641.063965
2023-12-15,1018.2348839122907,1018.2835948453201,1000.7219338654228,1012.1370849609375,14306067,0.0036278716262527766,0.0036213067728239137,14479700950.635864
2023-12-18,1004.8684475995219,1004.8684475995219,993.2095035223759,996.5755004882812,8592711,-0.015374977069688933,-0.01549439767027918,8563285265.37616
2023-12-19,1000.5268676099422,1000.5268676099422,987.9409865576811,990.7216186523438,10094256,-0.00587399733694971,-0.005891317116838601,10000597643.411133
2023-12-20,997.1120339024774,997.1120339024774,977.5990782488085,982.1358642578125,16490281,-0.008666162353669349,-0.00870393190835513,16195696381.789185
2023-12-21,972.2818634293963,986.2824459562565,965.1108754745596,979.9407348632812,18064916,-0.0022350567517357423,-0.0022375582190534795,17702547060.283447
2023-12-22,978.5259862915714,984.965238040039,967.4523478809576,970.0866088867188,20881976,-0.010055838711447551,-0.01010674018303164,20257325284.693848
2023-12-26,970.6720445389727,973.2087050634708,965.7938054158475,970.8671264648438,14339699,0.0008045854576024247,0.0008042619522366443,13921942362.500793
2023-12-27,973.6478046781592,980.4285692907043,967.8426879365178,977.8430786132812,12996468,0.007185280002051986,0.007159588869610996,12708506280.218994
2023-12-28,983.4530114256305,987.0629203019365,974.7697219298256,981.4041748046875,24915990,0.003641786979211803,0.0036351717290340497,24452656605.391846
2023-12-29,979.5992158632049,983.9896312060448,969.501284394201,972.3306274414062,12280140,-0.009245474592653902,-0.009288479263840077,11940356231.26831
2024-01-01,967.4035679755073,980.3796718566513,966.8669735931653,975.0624389648438,7683792,0.0028095500093687775,0.0028056106006600834,7492176968.018555
2024-01-02,972.7208835740646,973.3550784811775,956.3787824708895,958.330078125,16263825,-0.017160296788385487,-0.017309241092876754,15586112682.861328
2024-01-03,960.7204375897454,963.9400635440459,951.3541826195407,960.0862426757812,16826752,0.0018325257558620134,0.001830848729023081,16155133104.117188
2024-01-04,962.3789819476102,965.062013308977,957.9885669926463,963.1107177734375,22789140,0.0031502118905766263,0.0031452603692677474,21948464982.839355
2024-01-05,963.940077076155,973.9892380346953,959.8423441909663,969.5012817382812,14875499,0.006635336775835832,0.0066134198262462855,14421815346.996521
2024-01-08,969.7939557543597,973.8916886039306,956.4275683980821,958.086181640625,8393164,-0.011774198046638373,-0.011844062859373955,8041374448.643555
2024-01-09,962.2326408633471,970.7695590966088,951.6468860736289,955.8909301757812,14660414,-0.0022912880979919503,-0.0022939171152242814,14013756775.222046
2024-01-10,950.5736686217577,970.7208201257515,950.5736686217577,968.8670654296875,9409181,0.01357491199494909,0.013483598332273021,9116245583.566772
2024-01-11,971.0622694484135,974.1843544018284,962.8180334077583,967.0133666992188,6451345,-0.0019132642615389273,-0.0019150968895136483,6238536848.188171
2024-01-12,970.5744738257089,984.1360028238887,967.598759779006,979.0626220703125,12255743,0.012460277992043078,0.012383287616180344,11999139876.999878
2024-01-15,979.0626553379064,987.0142094424414,974.9161518150503,985.2579956054688,12388044,0.006327862381320992,0.006307925521099643,12205419400.912354
2024-01-16,981.5992440247355,991.0630397513057,980.135772300487,984.4774169921875,11505126,-0.0007922580854586858,-0.0007925720877538654,11326536726.649658
2024-01-17,963.8424818885138,983.2578373076938,952.9639851390663,957.8422241210938,41914771,-0.027055158819661473,-0.027427887837428708,40147737478.16632
2024-01-18,950.2322029973618,970.086612247944,946.5247532036159,962.3302001953125,17902484,0.0046855066118398625,0.004674563794184727,17228101011.71338
2024-01-19,967.1596680050709,986.2824009262613,963.500988695396,974.8673095703125,23271148,0.013027866497856477,0.012943733770569428,22686281441.37256
2024-01-23,1033.3085624484331,1033.6013044278507,996.331546511633,1003.9904174804688,50797448,0.029873919890690326,0.029436386875973084,51000151024.4624
2024-01-24,1004.3805964528723,1010.7223072563087,972.379419549497,974.8673095703125,34578943,-0.029007356447924293,-0.029436386875973043,33709881130.19519
2024-01-25,974.086809350288,990.380080339403,964.0864191743161,985.3555297851562,28315035,0.010758613107528125,0.010701151003823616,27900376313.31024
2024-01-29,995.1608069755424,1006.8685811752547,985.4043284757821,991.6484985351562,14078922,0.006386495594510988,0.006366188347093044,13961341862.29358
2024-01-30,990.2337663460511,998.9169962106156,983.4530020905246,992.1362915039062,16085742,0.0004919010813515534,0.0004917801376745609,15959248413.968628
2024-01-31,992.0387268414895,1013.6981211276084,978.8187103188384,1003.1123657226562,25627447,0.011063070984040024,0.011002322844257213,25707208987.60199
2024-02-01,1008.7709929318956,1008.7709929318956,992.6240933363141,1000.1853637695312,13058880,-0.002917920317946021,-0.002922185746912281,13061300643.222656
2024-02-02,1011.8443169459497,1024.4301974773407,996.770605964979,999.0633544921875,14774650,-0.0011218013360194679,-0.001122431026107053,14760811390.447998
2024-02-05,997.5999136860917,1001.4536750045531,987.453152358168,998.5755615234375,12948430,-0.00048825028618726396,-0.0004883695191701831,12929985758.096924
2024-02-06,998.6242753186784,1009.6979133732498,991.9411118317564,1001.4049072265625,12886927,0.0028333816810102164,0.002829375221237361,12905031936.870483
2024-02-07,1002.9659386635358,1006.4295359934986,988.3312216596904,997.2584228515625,16410895,-0.004140667121837693,-0.00414926342176177,16365903265.282593
2024-02-08,999.1609061655041,1003.2098684279933,961.2570122719966,965.2083740234375,20565502,-0.03213815806787679,-0.0326659271685138,19849994746.395752
2024-02-09,964.7693393163379,989.0629942650385,961.5009428835466,986.0872802734375,12799837,0.021631501354435034,0.021400860572496298,12621756455.273315
2024-02-12,985.794584956461,987.5507391294831,961.2570183691254,971.8427734375,8050066,-0.014445482789299913,-0.014550834578273768,7823398467.794922
2024-02-13,981.5017091699309,1002.0391434670632,975.9405046734194,994.9656372070312,18706292,0.023792803117466788,0.023514165438074816,18612117739.56079
2024-02-14,984.965311459288,1010.4784679503913,983.0140156871737,997.7951049804688,17878720,0.00284378441589217,0.002839748510675851,17839299299.316406
2024-02-15,997.9413639559355,1001.6488733670452,982.0870866412254,991.8923950195312,10069878,-0.0059157535765351765,-0.0059333209638772035,9988235406.974487
2024-02-16,998.2828945562029,1001.2097785647912,992.136324995411,998.3316650390625,7159395,0.006491903811203681,0.006470922161932695,7147450731.022339
2024-02-19,998.4292780844752,1020.5277273577844,998.4292780844752,1018.33251953125,9388255,0.020034278379224668,0.019836232985644037,9560365368.151855
2024-02-20,1015.698252475077,1027.0157438335884,1008.08815152665,1023.210693359375,11293528,0.00479035455959953,0.004778917322267112,11555658615.353516
2024-02-21,1031.064628645261,1038.0892450705965,1022.4788804830687,1026.3326416015625,15946325,0.0030511294129829114,0.003046484164074011,16366233861.087036
2024-02-22,1030.284129893754,1040.0406083965356,1014.9665062834417,1036.8209228515625,13432573,0.010219183162325729,0.010167320341251888,13927172734.130981
2024-02-23,1043.9431665127322,1043.9431665127322,1031.8939397655,1035.455078125,13142759,-0.0013173390857179612,-0.0013182075396339864,13608736547.123047
2024-02-26,1027.4547652461576,1036.4307972587308,1024.9181045612984,1028.5279541015625,7875941,-0.006689931963037132,-0.006712409864381928,8100625483.354614
2024-02-27,1025.1620110998556,1040.2357232242944,1021.015507605043,1034.3818359375,10580973,0.005691514569529543,0.005675379095057262,10944766277.745117
2024-02-28,1037.1135865360943,1038.9185111032964,1016.7713542133081,1020.72265625,7730332,-0.013205161974949142,-0.01329312536508945,7890525012.734375
2024-02-29,1017.6495772588014,1034.869667204587,1013.2103317291641,1026.57666015625,20944844,0.005735156235050942,0.005718772837580115,21501488001.01367
2024-03-01,1029.3084513108604,1063.40729502092,1028.3328034897127,1060.431640625,14909562,0.03297852151011993,0.03244639757876265,15810571292.660156
2024-03-04,1054.6753221282913,1068.3343919800916,1053.7972152468624,1065.7489013671875,11424581,0.005014241878951831,0.005001712434463732,12175734649.330444
2024-03-05,1059.7486671027018,1072.724831392527,1050.284930417513,1061.5537109375,9222544,-0.003936377906940125,-0.003944145834152284,9790225807.484375
2024-03-06,1053.9923671118995,1086.4326564967669,1053.9923671118995,1070.3831787109375,21796484,0.008317495085236715,0.008283095337849076,23330589828.64209
2024-03-07,1068.2854669356707,1068.3342969627106,1056.3337818783252,1061.4559326171875,9963926,-0.00834023391931582,-0.008375208268827585,10576268364.858643
2024-03-11,1061.456016908724,1061.456016908724,1050.5288087704587,1052.4312744140625,13310362,-0.008502150608243553,-0.008538500069765899,14008241242.57251
2024-03-12,1050.821543798178,1068.1392927948118,1029.9426563996108,1050.6263427734375,21785435,-0.0017150114069252043,-0.0017164837225877186,22888351899.778442
2024-03-13,1050.9191327033914,1063.1147311446932,1047.016541202175,1057.553466796875,24855870,0.006593327942978622,0.006571687027980994,26286411488.75244
2024-03-14,1053.6997275272504,1070.3832827269032,1048.870318081808,1057.2120361328125,14231421,-0.00032284955303174545,-0.00032290168016847564,15045629572.473267
2024-03-15,1045.894380788199,1059.797361129833,1043.9430853016538,1054.041015625,66192734,-0.0029994177132259825,-0.003003924981578583,69769856572.35547
2024-03-18,1048.870343968933,1058.3829111883333,1034.2356251698557,1054.8704833984375,8769440,0.0007869406988356697,0.0007866312233525203,9250623411.933594
2024-03-19,1052.1874034827022,1062.2366242373914,1049.0653779207853,1057.553466796875,16708715,0.0025434244683706364,0.002540195438394476,17670359473.970947
2024-03-20,1053.6996725881743,1063.4561510380647,1041.5040745258111,1058.090087890625,18725251,0.0005074174598238557,0.0005072887671166993,19813002476.364014
2024-03-21,1065.4074934332764,1073.2126765353519,1052.8704418950965,1055.4559326171875,19992607,-0.002489537803618269,-0.002492641855696302,21101315666.63391
2024-03-22,1054.821699696048,1067.0660087880365,1052.431290998509,1063.7489013671875,17214415,0.007857238273734524,0.007826530922194007,18311815043.928833
2024-03-26,1054.675246883473,1062.626800085145,1050.7238257477718,1057.3094482421875,13367635,-0.006053546205052385,-0.006071943198154293,14133726786.152954
2024-03-27,1057.309446339376,1065.8951944001406,1053.2606033504214,1057.3582763671875,26907245,4.6181489327556946e-05,4.6180422995408436e-05,28450598194.989624
2024-03-28,1058.5778569174774,1078.1396428341293,1058.5778569174774,1066.67578125,22070566,0.008812060293153401,0.008773460685486945,23542138230.679688
2024-04-01,1069.3589072693567,1076.0907823680045,1067.7977753821392,1072.8712158203125,10848191,0.00580817027930669,0.0057913678876845886,11638711867.620972
2024-04-02,1067.7978183376224,1067.7978183376224,1052.968017593616,1054.8704833984375,14380396,-0.01677809242753492,-0.016920439070021664,15169455279.980957
2024-04-03,1048.8213958942579,1057.2607732714453,1046.1383644163889,1050.9677734375,15477184,-0.0036997053404739244,-0.0037065661775550185,16266021607.5625
2024-04-04,1058.3338599926974,1059.3583377336058,1037.5525160016373,1052.5775146484375,21419689,0.0015316751394500727,0.001530503321494018,22545883012.162476
2024-04-05,1043.943141420944,1059.553506152472,1041.455191902804,1057.016845703125,15340637,0.004217581121491287,0.004208712054826917,16215311732.81665
2024-04-08,1052.0899098516538,1065.1636157884861,1050.089903075878,1060.6756591796875,8023461,0.0034614523802869446,0.003455475342845496,8510289785.077515
2024-04-09,1065.3585653553457,1088.091206687122,1061.7975461708568,1080.0909423828125,12298463,0.018304637270681434,0.018139124118808386,13283458491.530151
2024-04-10,1083.8958495870784,1089.3595724131958,1078.2371639423554,1082.3836669921875,10598000,0.0021227144117299535,0.0021204646366837997,11471102102.783203
2024-04-12,1076.6273862927333,1084.7740218982576,1069.1149455997045,1077.5054931640625,12216657,-0.004506880486917275,-0.004517067090839294,13163515025.601196
2024-04-15,1073.4076010818974,1079.2127766214483,1050.3823381264592,1052.0897216796875,10526597,-0.023587602704225996,-0.023870243600293554,11074924507.964233
2024-04-16,1044.4797084070326,1048.4310101922226,1036.8207785700372,1041.06494140625,11278092,-0.01047893544272649,-0.0105342260839687,11741226187.154297
2024-04-18,1047.8457510924395,1051.7971723738806,1024.8691974587614,1029.7474365234375,16564216,-0.010871084437369505,-0.010930606448073022,17056958964.020508
2024-04-19,1027.308320425271,1045.8944589628718,1022.5764523362437,1041.2601318359375,11284433,0.011180115535289303,0.01111807999172614,11750030193.273804
2024-04-22,1052.52893245238,1062.1877507445827,1044.2846367847953,1060.187744140625,10346714,0.018177602047736663,0.018014364648132067,10969459374.928223
2024-04-23,1073.2125166604562,1073.2125166604562,1056.3337630775648,1063.699951171875,9848215,0.003312816103242966,0.003307340817054408,10475545814.630127
2024-04-24,1065.651454420331,1071.6517130255645,1062.480598639268,1070.0418701171875,5461309,0.005962131462284637,0.005944428287418334,5843829295.647827
2024-04-25,1063.4560513994109,1098.2379176339718,1063.4072213726813,1086.627685546875,19905338,0.015500155547998329,0.015381255212094953,21629691360.96826
2024-04-26,1085.066791491599,1092.7256033742926,1075.8956777866083,1080.9202880859375,14190059,-0.005252394667328075,-0.005266236983679509,15338322662.23645
2024-04-29,1081.0178867752763,1135.1175158705944,1080.9203458035802,1131.89794921875,28578063,0.04716135102162089,0.0460830279630518,32347450902.34424
2024-04-30,1131.702618945696,1141.0689331118688,1118.8241156136564,1122.38525390625,29568491,-0.00840419873458187,-0.008439713132791056,33187238278.659668
2024-05-02,1115.1653793816274,1127.3609762690032,1105.6528138094745,1111.7017822265625,25118334,-0.009518542445658196,-0.009564133307156194,27924096674.36206
2024-05-03,1113.5069115913466,1129.2148177723732,1107.7992765304286,1114.2386474609375,19933604,0.002281965608883052,0.002279365879607007,22210791959.981934
2024-05-06,1113.7508047401204,1130.2391574450266,1110.3847483382629,1118.3851318359375,14970524,0.0037213611145590075,0.0037144539809419327,16742811457.393066
2024-05-07,1119.9948918245757,1124.6780491020515,1098.8722113377237,1104.3358154296875,15097728,-0.01256214519160026,-0.012641716026746618,16672961762.015625
2024-05-08,1099.1160631064367,1104.4332959114815,1088.8717613334063,1095.6524658203125,19913090,-0.007862961146466452,-0.007894037232690545,21817826160.601807
2024-05-09,1093.262260852585,1101.3600666593375,1082.9691282557828,1088.5302734375,12229853,-0.006500411950864482,-0.006521631636415376,13312565230.19043
2024-05-10,1090.7742298713763,1101.408814608253,1084.969173156462,1089.847412109375,8573656,0.001210015655068064,0.0012092841761331568,9343976803.916016
2024-05-13,1085.3106792591882,1103.1162523100456,1079.7494151217084,1100.53076171875,9707983,0.009802610430296399,0.009754876535689063,10683933925.742676
2024-05-14,1098.482021676504,1100.4333175249044,1091.3110332531621,1093.2623291015625,8944262,-0.006604479284010201,-0.006626385362751299,9778424706.2146
2024-05-15,1094.7743968933958,1100.335660935582,1086.3838494464303,1096.9696044921875,10743423,0.0033910208848699774,0.003385284338390354,11785208479.20227
2024-05-16,1105.4089352594046,1108.8725325190837,1085.7008977331961,1103.5064697265625,14265565,0.005959021296128908,0.005941336549800816,15742143271.80481
2024-05-17,1103.5065025670874,1116.1410940609796,1093.3109114992967,1102.9698486328125,8641784,-0.0004862872203033053,-0.00048640549627923844,9531627190.39746
2024-05-21,1094.8720256952615,1106.1896366129047,1089.0669683295614,1093.6524658203125,10452900,-0.008447540813603771,-0.00848342350976401,11431839859.973145
2024-05-22,1097.603764437141,1098.481871268217,1071.3588150501846,1084.042236328125,17527411,-0.008787279133485204,-0.008826114945567011,19000453817.482178
2024-05-23,1088.3840782598234,1109.3116783791043,1084.335115596606,1106.87255859375,13787687,0.02106036231849795,0.02084165821703833,15261212386.779785
2024-05-24,1102.4820558412257,1107.360295026364,1096.7745398141412,1104.384521484375,6312670,-0.0022478081058726618,-0.002250338218696212,6971615037.23877
2024-05-27,1104.3358239678098,1119.8486485845435,1094.2378925514201,1102.2869873046875,11599857,-0.0018992788642747671,-0.001901084781365961,12786371425.69519
2024-05-28,1104.9211184411913,1107.5553198262376,1097.6037600409186,1099.5062255859375,9311718,-0.0025227202632134293,-0.002525907683752033,10238291911.900635
2024-05-29,1087.896192626463,1096.1891994265106,1071.7491729237856,1075.1639404296875,19268547,-0.022139288154805814,-0.022388040516395903,20716846918.874634
2024-05-30,1070.2857077875317,1093.7012565449618,1070.1881668205704,1086.5789794921875,15255387,0.01061702186360347,0.010561057058189159,16576182838.218384
2024-05-31,1090.774348346767,1103.0674880238118,1084.188725045031,1093.7501220703125,26197718,0.006599743519312806,0.0065780605610764025,28653757260.463623
2024-06-03,1141.5079429889547,1144.4348864325161,1108.6286592786682,1131.75146484375,25699977,0.03474408094374093,0.034154131353698255,29085986616.200684
2024-06-04,1129.702743807571,1131.1662156790471,1027.8939077680864,1045.35791015625,43476837,-0.07633615451023734,-0.07940707711553871,45448855466.523926
2024-06-05,1058.5780022838428,1095.8965355440796,1025.4548027546655,1081.652099609375,42172104,0.03471939045996231,0.03413026962903293,45615544836.54492
2024-06-06,1090.7742746935958,1090.7742746935958,1069.8953872976438,1083.359375,18574162,0.0015783960399480268,0.0015771516821394397,20122492535.46875
2024-06-07,1083.3594059306379,1100.8235264178431,1076.724952853582,1094.3841552734375,17197635,0.01017647562558599,0.01012504393211357,18820819252.175903
2024-06-10,1088.8228833488845,1105.6039769227384,1087.9447765589168,1096.4329833984375,10851455,0.001872128827091979,0.0018703785780400414,11897893179.863892
2024-06-11,1092.4816621333332,1101.5552346286859,1083.9447435857408,1090.9693603515625,12250002,-0.004983088916150846,-0.00499554590380574,13364376846.245361
2024-06-12,1093.701262866966,1105.7993202810974,1084.9204320321733,1092.28662109375,16096514,0.0012074223072249257,0.0012066939591344685,17582006888.448242
2024-06-13,1094.872014336748,1095.8476622265855,1078.0909182705975,1080.3836669921875,12494254,-0.010897280870879489,-0.01095709114587293,13498587952.851807
2024-06-14,1086.8716106071388,1086.8716106071388,1072.6758879821507,1078.7249755859375,11377979,-0.0015352799722230248,-0.001536459722171839,12273710118.99231
2024-06-18,1086.8229354176456,1107.4092014776602,1074.383424637114,1095.5062255859375,18306176,0.015556560179655454,0.015436797365334548,20054529774.671875
2024-06-19,1100.4818894098034,1137.166342002539,1098.7257948267247,1116.580078125,34309514,0.019236634212453696,0.019053949275791116,38309319822.55078
2024-06-20,1125.9463631481642,1131.7514197743346,1107.84804927048,1128.62939453125,15475933,0.01079126937898045,0.010733459156828475,17466592891.59619
2024-06-21,1135.2151467086508,1141.410486972395,1122.629265145151,1130.4344482421875,69259425,0.0015993325352714471,0.0015980549649840167,78293239885.44617
2024-06-24,1126.5317578554238,1147.0203616875408,1124.5804622523651,1141.60546875,12210295,0.009882059526037379,0.009833551288202463,13939339547.050781
2024-06-25,1141.7519447999034,1176.631356914064,1139.2152841020384,1168.77734375,27309845,0.02380145833547198,0.02352261947427543,31919128097.32422
2024-06-26,1172.728745333667,1193.0709797006668,1164.7771913357117,1188.339111328125,25403461,0.016736949670295154,0.01659843038502646,30187926269.39868
2024-06-27,1198.4370480300415,1204.9251302431871,1179.6558263643078,1190.19287109375,20516632,0.0015599585572447783,0.0015587430857871656,24418749145.253906
2024-06-28,1197.119858680918,1197.119858680918,1167.2162295895332,1170.3870849609375,12507092,-0.01664082067187278,-0.016780834599298897,14638138947.218262
2024-07-01,1170.3870597440186,1185.7535123666644,1163.0209904215824,1182.3387451171875,8636894,0.010211715687762357,0.01015992837890598,10211734413.670166
2024-07-02,1187.3634506753801,1187.3634506753801,1156.6793729867939,1161.6063232421875,16153925,-0.017535094710057098,-0.017690655683362127,18764501425.180054
2024-07-03,1167.7039302437993,1186.2412366123526,1150.7276363814947,1172.3382568359375,22330897,0.009238873255954516,0.00919645592517046,26179364862.562866
2024-07-04,1199.0711636260962,1204.8762204814082,1184.729188396717,1202.9737548828125,15275791,0.02613196137568541,0.025796355803308205,18376375658.075073
2024-07-05,1195.1685483777583,1212.339925743088,1191.1195862106667,1203.364013671875,9535575,0.000324411723430007,0.0003243591133247733,11474767804.66919
2024-07-08,1198.9737405567168,1209.3155845843798,1187.2659656353676,1204.9739990234375,6617190,0.0013379038539218513,0.0013370096580372366,7973541896.5979
2024-07-09,1204.8762530735444,1219.7548826422453,1199.3639380524303,1217.8524169921875,13366874,0.010687714406441229,0.010631004495206528,16278879808.53003
2024-07-10,1222.2429000724055,1222.2429000724055,1206.2422507799674,1212.9254150390625,18226503,-0.004045647801310448,-0.004053853573630658,22107388715.985718
2024-07-11,1215.998657353838,1227.1698965417374,1195.2174298923792,1208.291015625,11307116,-0.0038208445108005584,-0.0038281625839489235,13662286675.429688
2024-07-12,1205.8031641621653,1222.389177096727,1200.144359168967,1202.876220703125,12208290,-0.004481366534927145,-0.0044914379583609314,14685061736.447754
2024-07-15,1203.0712390939052,1208.2909308340154,1194.2416982506682,1199.9979248046875,15612671,-0.0023928446243247636,-0.002395712052142282,18735172800.658325
2024-07-16,1200.0467517768816,1214.6814682619654,1199.0711040112092,1209.7056884765625,12320605,0.008089817049854453,0.008057269895757458,14904305953.972778
2024-07-18,1204.8275385430438,1225.8526779859858,1201.7053940039573,1219.8525390625,10999632,0.008387867133795135,0.008352884460152544,13417929023.953125
2024-07-19,1213.706011208785,1220.0477226821429,1210.0473315126171,1218.2427978515625,7958817,-0.0013196195108752251,-0.001320490975454109,9695771489.66858
2024-07-22,1209.8032741772045,1214.974255165563,1202.8761986042646,1210.92529296875,9958965,-0.006006606315027918,-0.006024718539830053,12059562610.290527
2024-07-23,1210.9253291470568,1218.2426878788428,1182.972994972106,1196.8759765625,19369832,-0.011602133086018984,-0.01166996299022425,23183286590.851562
2024-07-24,1195.1685807983697,1203.6079582700647,1172.777510944099,1193.21728515625,20122521,-0.0030568676102581405,-0.003061549373506191,24010539878.11963
2024-07-25,1176.1435378806723,1188.5830485467682,1161.6063604199805,1168.7286376953125,14154461,-0.020523208778131963,-0.020736736393964974,16542723921.84143
2024-07-26,1161.020907069825,1190.2903417018374,1157.0694857554495,1177.802001953125,19309265,0.007763448216435265,0.0077334677203767365,22742490973.24341
2024-07-29,1185.558499492736,1212.4863561230136,1174.8263732265093,1183.1680908203125,28458261,0.0045560194822975575,0.004545672241785563,33670906335.436157
2024-07-30,1183.4607897362628,1200.876079269409,1175.0702424166864,1179.9971923828125,23972277,-0.002680006722714734,-0.0026836043699818104,28287219555.02307
2024-07-31,1189.3147074879269,1194.8271415595514,1181.5095248300897,1185.3145751953125,22297629,0.004506267342689441,0.004496144519380388,26429704645.99768
2024-08-01,1182.97292613369,1192.875774860644,1177.5093224180825,1180.63134765625,8725046,-0.003951041889694862,-0.003958867876370907,10301062817.342773
2024-08-02,1167.8504929230744,1172.3872793090957,1161.118498843589,1167.4114990234375,10735395,-0.011197270561260408,-0.011260431927808129,12532623569.558716
2024-08-05,1153.215791605589,1159.9477857822058,1138.5810734380054,1144.044677734375,14306771,-0.020015925240250976,-0.02021895769471017,16367585218.114502
2024-08-06,1146.386123413575,1158.7768023850367,1133.2148785913764,1138.4345703125,13575619,-0.0049037485432693595,-0.004915811369692881,15454953982.99121
2024-08-07,1150.2400266838533,1151.069422664435,1133.312559694185,1143.8983154296875,15753644,0.0047993492640403534,0.004787869104239093,18020566833.479004
2024-08-08,1138.5322506611303,1145.8008988559393,1130.6783566530576,1136.239501953125,10806438,-0.0066953621429939325,-0.006717876631481459,12278701731.007324
2024-08-09,1147.8984979263976,1152.1912530849597,1140.5323091971482,1143.0689697265625,8687307,0.006010588226952107,0.005992596698652383,9930191062.188354
2024-08-12,1152.3189994398172,1159.4533399572713,1137.5582949209468,1154.09033203125,10860455,0.009641904903886944,0.009595718385486457,12533946116.96045
2024-08-13,1164.3243778306348,1170.2779103089574,1145.0370803987933,1149.7113037109375,13117927,-0.003794354912067588,-0.003801571737916713,15081828953.154907
2024-08-14,1148.3827912230433,1151.3841824712085,1134.6061339161688,1143.1181640625,13431801,-0.005734604528247034,-0.0057511105065487155,15354135699.172852
2024-08-16,1151.335003504027,1173.968084769491,1147.0544230284052,1168.309814453125,10961370,0.022037660832102457,0.021798341231822123,12806276150.85205
2024-08-19,1171.9999545311712,1176.67417769156,1154.58237101426,1157.140869140625,6686394,-0.009559917390344008,-0.009605906738211321,7737099764.57666
2024-08-20,1155.4679086606573,1170.8191375512558,1151.3349594196018,1160.6341552734375,10427061,0.003018894437119668,0.003014346725716648,12102003135.719604
2024-08-21,1158.223268928432,1159.846970432822,1146.513086110094,1156.1075439453125,17234142,-0.0039001190061123125,-0.003907744303077519,19924521579.624756
2024-08-22,1163.1435847596479,1173.5744592109102,1157.829706794536,1172.098388671875,8564142,0.013831623892006206,0.013736839992379192,10038017038.557129
2024-08-23,1173.968043848346,1185.7766075752363,1169.589082848793,1184.300537109375,7518309,0.010410515495483663,0.010356699259969019,8903937386.854248
2024-08-26,1186.3179712864373,1195.5679174745428,1181.889759553562,1193.9443359375,10920226,0.008143033398991362,0.008110057795862765,13038141979.857422
2024-08-27,1193.9442695051366,1212.8379237983015,1189.6144386937667,1206.7860107421875,16295325,0.01075567295572788,0.010698242143054718,19664970250.497437
2024-08-28,1203.1449974027116,1206.8351733730776,1197.8803703762394,1204.3258056640625,12291305,-0.0020386423576553847,-0.0020407232175536616,14802735796.78772
2024-08-29,1199.504093644897,1215.2980967161698,1197.5852499624118,1202.4071044921875,10806748,-0.0015931745071401382,-0.0015944449591924208,12994110571.656738
2024-08-30,1210.3778618547738,1215.8393709879244,1199.454963711402,1209.590576171875,21211148,0.005974242544684039,0.005956467517441725,25656804730.586914
2024-09-02,1219.2341641068904,1219.4309254466023,1202.997389524353,1210.3284912109375,12516759,0.000610053561592494,0.0006098675545641437,15149390035.320923
2024-09-03,1207.6224463883482,1230.9935629487222,1200.930998773239,1227.79541015625,19114907,0.014431552320012475,0.014328408633508179,23469195080.163574
2024-09-04,1220.070629288316,1223.859186152754,1213.1331701237295,1216.62646484375,13505843,-0.009096747894731583,-0.00913837595146265,16431566023.824707
2024-09-05,1218.2502546691317,1224.9909529744998,1211.65718744667,1216.23291015625,9142811,-0.0003234802947924553,-0.0003235326258286918,11119787629.538574
2024-09-06,1206.3923063523205,1214.21555165295,1185.7765708665058,1188.8763427734375,10170479,-0.022492868885859996,-0.02274969189179425,12091441877.774048
2024-09-09,1183.7102097098402,1218.545498987779,1181.2992223854972,1215.298095703125,13863250,0.022224138860438725,0.021980781689185803,16847981325.256348
2024-09-10,1217.216888818786,1221.5467196441462,1207.4256692162026,1217.5614013671875,15545130,0.0018623460960440763,0.0018606140796292871,18927150267.235107
2024-09-11,1211.8538609951502,1219.5294755207808,1206.83524540051,1216.62646484375,11993242,-0.0007678762831900832,-0.0007681712511921812,14591295616.475586
2024-09-12,1218.2501498155564,1236.9470422602217,1206.78597858148,1232.1744384765625,15376442,0.012779578680963022,0.012698608974797182,18946458787.11743
2024-09-13,1232.0267776590285,1235.9137150505585,1222.2355585854264,1230.403076171875,9877288,-0.0014375905305076264,-0.0014386248551834155,12153045539.435547
2024-09-16,1231.042802375231,1245.4098646133787,1224.8432581989914,1242.7037353515625,8973335,0.009997259774380707,0.009947617754815067,11151196923.060913
2024-09-17,1239.849987924078,1251.9538142521255,1238.3247871252927,1247.8699951171875,11513121,0.004157273868790279,0.00414865628130507,14366878246.053589
2024-09-18,1241.8672616672682,1274.6852037097235,1241.8672616672682,1267.796875,12466597,0.01596871465840577,0.015842556023137052,15805112718.484375
2024-09-19,1267.7968764476732,1279.2610475522447,1264.8447355687065,1271.388671875,13172268,0.002833101221360934,0.0028290955539530213,16747072318.101562
2024-09-20,1274.340862241716,1340.616403523679,1270.9459481482343,1317.09765625,73257767,0.0359520148213921,0.03532082502462266,96487633217.8086
2024-09-23,1309.7665713516617,1310.5538570094582,1287.6255136090529,1300.811767578125,11380409,-0.012364981893782767,-0.012442064357001934,14803769947.052002
2024-09-24,1299.9260678444703,1310.1601805182468,1294.4645590257803,1297.5643310546875,13886037,-0.002496469208211116,-0.0024995905834919326,18018026310.90564
2024-09-25,1289.8395992053097,1306.568398126912,1289.1999446337225,1302.7305908203125,8728019,0.003981505688759102,0.003973600471149594,11370257348.560913
2024-09-26,1298.9421044790677,1312.0791085565995,1295.891582652226,1307.8477783203125,11100869,0.003928047392191658,0.0039203527573787745,14518246859.07483
2024-09-27,1311.7346011418329,1311.7346011418329,1283.0496081575457,1285.7557373046875,17117379,-0.016891905450952538,-0.01703620094460215,22008768256.868774
2024-09-30,1271.4870452580378,1276.1121380156592,1250.62529788209,1252.6917724609375,12622212,-0.02571558802689966,-0.026052013885337056,15811741122.657715
2024-10-01,1249.542866059136,1259.826108644875,1247.3778906938255,1254.0694580078125,10972413,0.0010997801511607452,0.0010991758360055935,13760168023.947876
2024-10-03,1233.6012439093365,1245.5574384870451,1228.2382360313827,1236.307373046875,17648551,-0.014163557566543417,-0.014264818024023867,21819033724.8938
2024-10-04,1227.2048887996382,1244.2289485494368,1216.4787533567373,1219.97216796875,13488887,-0.013212899505619657,-0.013300966469144505,16456066716.875488
2024-10-07,1221.7435594913184,1242.8020684792546,1205.4575341441214,1214.215576171875,20667247,-0.0047186255129572086,-0.004729793371466857,25094493223.991455
2024-10-08,1221.202267135771,1227.8938344569156,1210.1317389284563,1216.8724365234375,12219259,0.00218812903054566,0.002185738562684806,14869279471.840942
2024-10-09,1223.2196963259646,1244.9178610443755,1212.9855832928288,1224.3021240234375,14765997,0.006105559857388476,0.006086996448485229,18078041490.423706
2024-10-10,1226.8605060278292,1234.6836310469773,1218.2500954180489,1223.662353515625,9118195,-0.0005225593383029192,-0.0005226959200173825,11157591953.514404
2024-10-11,1217.2660367252977,1221.005463060281,1202.505332965492,1203.4893798828125,8472512,-0.016485735280532987,-0.01662313722214377,10196578212.929688
2024-10-14,1201.5213486036762,1218.1517663968125,1197.9788035414683,1212.099853515625,11833929,0.00715459045733402,0.007129117800482685,14343903607.414307
2024-10-15,1219.185042634826,1238.2264491207852,1215.6917476865672,1235.4710693359375,11657338,0.019281592809804904,0.019098058371076636,14402303844.470459
2024-10-16,1228.5826203359522,1234.9296751311315,1221.7926723383464,1223.3179931640625,7869727,-0.009836795432536682,-0.009885496341832485,9627178640.389038
2024-10-17,1229.5173942444167,1236.897746253062,1204.8670906092916,1211.6077880859375,8459497,-0.009572494758976813,-0.009618605586645327,10249592448.489624
2024-10-18,1208.3604278039818,1248.6572232672752,1205.7035490362575,1244.327392578125,11018126,0.02700511239192105,0.026646908920322232,13710155996.677246
2024-10-21,1244.3274858742436,1252.0522311372122,1230.6000776735575,1238.9644775390625,7742775,-0.004309890685562312,-0.00431920503661375,9593023182.577515
2024-10-22,1246.3938747133964,1264.4019824079978,1239.653176958133,1247.279541015625,20090801,0.0067113009511610144,0.006688880428944081,25058845049.91626
2024-10-23,1240.8832443668052,1247.7223228428932,1223.2196490881518,1231.6331787109375,14055447,-0.01254439104480709,-0.012623736174041235,17311154866.81311
2024-10-24,1230.3047750515273,1240.3420065108755,1221.251590602818,1232.764892578125,12223031,0.0009188725074555926,0.0009184506025445488,15068123497.694092
2024-10-25,1227.3526156126327,1248.657257098042,1214.5107542672154,1235.4217529296875,13546055,0.002155204425075885,0.0021528853035418503,16735091013.381958
2024-10-28,1264.9924978474703,1286.9367953731105,1260.1706432204314,1272.2252197265625,24096412,0.029790204607939685,0.0293550966483083,30656063051.321777
2024-10-29,1280.5895925975442,1314.047191986757,1278.5231178363258,1310.60302734375,20656117,0.030165891244819054,0.029719848733851258,27071969473.3667
2024-10-30,1302.878217992093,1309.6681662645217,1284.771729306591,1291.21728515625,15055031,-0.014791467578699091,-0.014901952175103386,19439316255.763184
2024-10-31,1286.3954709717789,1297.9087730930953,1267.9938396886323,1271.634765625,23497314,-0.015165936636977628,-0.015282115592472988,29880001381.20703
2024-11-01,1269.371433475953,1275.5217274869858,1265.7305074705932,1271.1920166015625,1007022,-0.0003481731039493008,-0.00034823373027717053,1280118326.9421387
2024-11-04,1269.5190599185414,1271.1920119571882,1249.7889888769905,1256.8248291015625,14309121,-0.01130213792437873,-0.011366492440423518,17984058555.41858
2024-11-05,1252.6918064806564,1280.540384084737,1242.9497173467564,1276.013671875,16431920,0.01526771458450149,0.015152335927000353,20967354575.15625
2024-11-06,1279.507133687592,1294.0218271864514,1272.077530661039,1281.5736083984375,12037405,0.004357270338073649,0.0043478049212999454,15426820561.603394
2024-11-07,1276.4566433011378,1282.0165331075627,1254.905989077919,1258.3009033203125,9909035,-0.018159475917429724,-0.018326382917085323,12468547691.532593
2024-11-08,1249.739603368689,1254.6598380276207,1232.7155433996181,1238.7674560546875,11195808,-0.015523669429213238,-0.015645423273448412,13869002594.636719
2024-11-11,1241.8673121816607,1255.545589486218,1226.7622147783625,1249.0509033203125,8387780,0.008301354072035805,0.008267087341882957,10476764185.85205
2024-11-12,1255.7917095575829,1274.3409730558553,1244.3275370109104,1250.3302001953125,13486168,0.0010242151633685914,0.0010236910128828744,16862163135.307617
2024-11-13,1250.3301257761507,1255.8900154912558,1230.0587810883994,1233.69970703125,12260404,-0.013300880968455164,-0.013390129962685323,15125656822.884766
2024-11-14,1233.7489248013048,1247.4763323860159,1223.2196699628385,1236.8978271484375,9506892,0.0025923002971959264,0.0025889460822848633,11759054057.734863
2024-11-18,1239.8991689148563,1242.4576669848584,1229.468295169204,1233.45361328125,6195554,-0.0027845581030147004,-0.0027884421969283056,7641928467.579102
2024-11-19,1236.996341503432,1240.8832791422965,1221.054707873685,1229.173095703125,11537317,-0.0034703514846723404,-0.0034763871222876787,14181359652.998291
2024-11-21,1228.6320035382905,1236.8487724561849,1212.8872505946151,1230.60009765625,9593870,0.0011609446693174874,0.0011602712941720134,11806217358.901367
2024-11-22,1237.931065448711,1260.9577881469831,1235.962971544977,1257.6612548828125,11604338,0.02199021215592456,0.021751914588806674,14594326291.164307
2024-11-25,1275.3249381508517,1290.2824048083883,1269.420656029783,1280.1959228515625,22717581,0.01791791540151233,0.01775928167642772,29082954573.250122
2024-11-26,1289.691969633128,1293.2837651950626,1281.6719625867895,1284.132080078125,7646955,0.00307465221244807,0.003069935135774477,9819700230.413818
2024-11-27,1277.7849738450245,1289.9379297411074,1277.1453192983001,1279.9498291015625,21938082,-0.0032568697888990528,-0.0032621849329356064,28079644306.716064
2024-11-28,1280.2944206584275,1289.5936169281972,1261.8435390732282,1265.828857421875,22803745,-0.011032441552493832,-0.011093750276093809,28865638478.289795
2024-11-29,1262.6306978559342,1282.4592691846208,1262.6306978559342,1279.3594970703125,11397228,0.010689154042510474,0.010632428906548832,14581151882.075684
2024-12-02,1279.1628125421835,1289.6429378804962,1268.5843065212864,1283.8370361328125,9626400,0.0034998286820502322,0.0034937185338129386,12358728844.628906
2024-12-03,1283.1480184509742,1291.8569303693412,1275.4232736408442,1287.527099609375,11509276,0.002874246008416792,0.0028701232613286337,14818504746.88379
2024-12-04,1281.819549984778,1298.9419911656362,1280.9338836934899,1295.0550537109375,11570281,0.005846831576474365,0.005829805191433759,14984150881.90564
2024-12-05,1295.2517607717803,1321.4766352613722,1287.723777795703,1315.1787109375,19210697,0.0155388430545087,0.015419351483551749,25265499716.6709
2024-12-06,1321.0831368877882,1325.6097291981625,1305.5351457750585,1307.552490234375,8942672,-0.00579861933568615,-0.005815496603645719,11693013042.949219
2024-12-09,1301.0085628548916,1307.8477618319184,1299.1880998620604,1301.2054443359375,8000764,-0.004854142335272371,-0.004865961949082282,10410637675.646973
2024-12-10,1297.9580511909023,1310.750662764429,1294.267874775462,1309.225341796875,8218214,0.006163436754624385,0.006144520464756726,10759494033.109863
2024-12-11,1303.567008056277,1310.01256393174,1295.005847236935,1306.3223876953125,8138066,-0.002217306684255238,-0.002219768548533226,10630937808.342041
2024-12-12,1300.467319981326,1317.392879799611,1300.467319981326,1308.04443359375,9076896,0.0013182395974056238,0.0013173714824261497,11872983287.109375
2024-12-13,1304.206657466483,1325.658929951843,1292.5457246301107,1323.44482421875,13536684,0.011773598992114165,0.011704829426070264,17915054376.884766
2024-12-16,1323.4448020295467,1328.9061906725217,1318.672198220594,1324.6256103515625,9071006,0.0008922065440162275,0.0008918087643411378,12015686859.252686
2024-12-17,1320.5911666398197,1326.593829736323,1304.8956639379458,1312.4727783203125,9879257,-0.009174541044865148,-0.009216886344675754,12966255882.530396
2024-12-18,1304.108322781897,1313.6535308964567,1286.5922376487658,1293.1854248046875,8510595,-0.014695431276150916,-0.014804478778384124,11005777410.41565
2024-12-19,1265.4844508567164,1282.2132499737959,1263.9591299468714,1266.3701171875,11517304,-0.020735856670544783,-0.020953863518330663,14585169616.164062
2024-12-20,1263.4669884903512,1277.0468839667885,1252.1013186956227,1267.8460693359375,58491181,0.0011654982444748718,0.0011648195786672887,74157813921.66687
2024-12-23,1273.9964575675247,1286.149413849784,1266.5177244802055,1276.1121826171875,6827512,0.00651980826472065,0.00649864624654816,8712671240.16504
2024-12-24,1276.11215855336,1283.6892721720526,1269.6666028516604,1276.554931640625,7138516,0.000346951490212577,0.00034689131646214257,9112707804.395508
2024-12-26,1286.149520633962,1291.8077912870956,1268.6334347368281,1276.6534423828125,7338444,7.716921516331965e-05,7.716623777260948e-05,9368649794.333496
2024-12-27,1277.834251028224,1294.9565723430283,1277.834251028224,1286.690673828125,4756066,0.007862142623904722,0.00783139702629231,6119585766.311035
2024-12-30,1284.1320718868315,1305.3383325760412,1268.8793435378464,1273.9964599609375,14207425,-0.009865785246907954,-0.009914774584676723,18100209155.160522
2024-12-31,1266.3701041548643,1269.3713754212274,1259.6785365277274,1261.203857421875,8449607,-0.010041317178742237,-0.010092071248392976,10656676942.098877
2025-01-01,1261.2039030056599,1272.3728127979782,1246.8859706361397,1263.1719970703125,4705399,0.0015605246026291208,0.0015593082493797715,5943728251.842651
2025-01-02,1264.5988495821298,1272.7664882086394,1258.0057823459824,1270.0111083984375,7433222,0.005414236021687557,0.0053996317361554086,9440274511.19165
2025-01-03,1265.681273519557,1267.4526062669288,1242.1133946121358,1244.8687744140625,11194997,-0.019796940214232506,-0.019995524918246955,13936302194.959106
2025-01-06,1247.8208957681682,1257.3661039966464,1236.9471279387867,1243.933837890625,7504047,-0.0007510321912264084,-0.0007513143571885303,9334537984.42163
2025-01-07,1246.2954426001868,1268.3872482315367,1246.2954426001868,1258.842041015625,7539758,0.011984723520569451,0.0119134754159324,9491364349.483887
2025-01-08,1260.1215162688734,1264.5004776559408,1232.3713169811858,1243.5894775390625,7566309,-0.012116344211269614,-0.012190345467060191,9409382256.209106
2025-01-09,1237.9311554007072,1244.5734728084612,1228.1890658447487,1242.260986328125,8684920,-0.0010682715115654107,-0.0010688425202744023,10788937285.38086
2025-01-10,1238.9151869887507,1244.7702186556908,1223.2688154875007,1229.9111328125,7854524,-0.009941432316995402,-0.009991178327580163,9660366510.542969
2025-01-13,1215.1995795883888,1224.1051322436474,1205.3591102745675,1210.1317138671875,9669336,-0.016081990330538698,-0.016212708908124873,11701170145.637695
2025-01-14,1213.6743510380347,1224.9908916090162,1207.868449677033,1220.5135498046875,10342698,0.00857909582777805,0.008542504516472265,12623403050.537842
2025-01-15,1214.3140160082905,1224.5481289846475,1210.3778279499168,1218.4962158203125,5355382,-0.001652856688643789,-0.0016542241632945321,6525512701.272217
2025-01-16,1225.2369076646085,1235.4710205893364,1219.8738995113004,1229.173095703125,11895924,0.008762341437084098,0.008724174913386815,14622149729.329102
2025-01-17,1223.5148565707311,1229.0747463413768,1198.5692882656501,1205.900390625,9790533,-0.018933627134762765,-0.01911516333114866,11806407569.126953
2025-01-20,1204.3750868195866,1221.9403008625661,1195.8630566726263,1213.2806396484375,7676418,0.006120114962076206,0.006101463120757752,9313649341.24878
2025-01-21,1217.216791341657,1219.1848851844006,1173.6727150709557,1177.0677490234375,20520898,-0.02984708520156809,-0.030301575787142657,24154487216.79956
2025-01-22,1181.8404682448374,1188.2367738598177,1172.7872837312666,1181.2991943359375,10377123,0.0035949037903812986,0.00358845756816341,12258487039.424927
2025-01-23,1178.150279677383,1188.6304043313805,1167.0797508434964,1182.5784912109375,8770650,0.0010829575446542616,0.0010823715691520698,10371982043.939209
2025-01-24,1183.9070048715128,1198.569330226456,1182.824577120033,1189.90966796875,9216792,0.006199315151001583,0.006180178445751478,10967149908.457031
2025-01-27,1175.9360540216949,1214.9535379140266,1174.0663408735631,1208.3603515625,16164687,0.015505953174787201,0.015386964330116793,19532766866.217773
2025-01-28,1227.4510739082264,1243.835481450335,1216.2821638232706,1227.00830078125,18066499,0.015432440492305854,0.0153145715064421,22167744239.056152
2025-01-29,1232.0267654503327,1235.7661918610902,1223.2195934110168,1231.682373046875,7666777,0.003809324079265819,0.003802086977450389,9443034088.981201
2025-01-30,1230.0588185254048,1239.7516579907988,1219.7263244497915,1235.5694580078125,11921041,0.0031559150686892856,0.00315094562141949,14729274167.258911
2025-01-31,1234.4870409428568,1235.963111537846,1219.332692143045,1232.814208984375,10195417,-0.0022299426435159475,-0.0022324326680425916,12569054944.12085
2025-02-01,1231.1904328305643,1241.2276642201673,1214.117241339197,1235.520263671875,3011914,0.002195022305696348,0.0021926167637374536,3721280779.4370117
2025-02-03,1226.9589513144845,1239.8991931084147,1218.0533982313877,1233.0108642578125,6176831,-0.0020310467483590777,-0.002033112120858666,7616099729.684448
2025-02-04,1242.6546259748302,1260.0722101946521,1239.8992462672875,1247.9683837890625,14839077,0.012130890298564623,0.012057900741493177,18518698940.61145
2025-02-05,1249.9364358288246,1257.366038635732,1244.9670706142904,1247.476318359375,6840709,-0.0003942931856922849,-0.00039437093968967916,8533622478.287842
2025-02-06,1254.6599386329026,1258.5961266756726,1243.048135857561,1252.1014404296875,8396554,0.0037075830636972285,0.0037007269188688735,10513337358.045654
2025-02-07,1251.707841237699,1254.6599823726938,1229.616033126662,1236.8487548828125,7382039,-0.012181669195780676,-0.012256473845710575,9130465745.646362
2025-02-10,1237.143764104477,1244.8193782805915,1229.4190196551453,1242.4576416015625,5740361,0.004534820200616574,0.004524568883726237,7132155390.001587
2025-02-11,1235.815414286521,1241.7196963503554,1228.48431210643,1232.764892578125,6586627,-0.007801271205466032,-0.007831860314826073,8119762526.107178
2025-02-12,1237.1438358071441,1249.4936736609566,1224.7941180762562,1231.830078125,8809352,-0.0007583071668839647,-0.0007585948271960827,10851624762.390625
2025-02-13,1232.5681139223714,1245.8034979804984,1226.0241773689,1228.976318359375,7263785,-0.0023166829713793247,-0.0023193706331501346,8927019746.654053
2025-02-14,1232.1253041562384,1243.3434647044744,1224.597320096045,1239.9976806640625,10368438,0.008967920813478747,0.00892794781698267,12856839072.10913
2025-02-17,1231.1904296875,1238.0787586965241,1213.5759643398394,1231.1904296875,8386151,-0.007102635040289629,-0.007127978828968104,10324948853.114258
2025-02-18,1232.912442887429,1237.537415485285,1217.3153228151366,1223.2196044921875,8135042,-0.006474079884892903,-0.006495127632450728,9950942857.767334
2025-02-19,1215.1503215050736,1244.2780864651265,1210.6237296739364,1241.5228271484375,10683412,0.014963153459143896,0.014852309824121048,13263699869.831543
2025-02-20,1235.323399403501,1243.8354301295267,1226.8606190775215,1230.009521484375,8398849,-0.009273535220054363,-0.009316802147119097,10330664239.509521
2025-02-21,1221.3006463201161,1224.8431913175618,1205.0147413620368,1213.2806396484375,7786428,-0.013600611656850559,-0.013693947222270353,9447122344.416504
2025-02-24,1207.1304651110468,1212.2475818317712,1190.9429392289517,1198.9136962890625,11522480,-0.01184140164268832,-0.011912069463823257,13814459087.216797
2025-02-25,1207.0320830347105,1212.0015686679765,1201.5214435997075,1204.6212158203125,11059417,0.004760575802008171,0.004749280096214643,13322408352.803833
2025-02-27,1205.6052412387521,1215.1504493679895,1199.0120540726923,1202.9482421875,12008162,-0.0013887964206850123,-0.0013897616922480358,14445197369.802734
2025-02-28,1196.6011747582393,1205.4575979266801,1180.9548031360748,1184.8909912109375,20215075,-0.015010829513102175,-0.01512463230003271,23952660254.153442
2025-03-03,1191.188847446512,1197.5851526992194,1184.9401732626818,1186.9573974609375,8158881,0.0017439631707285574,0.0017424442326830565,9684244157.953491
2025-03-04,1187.8923015092375,1197.2407475483415,1187.0066352283177,1191.0904541015625,9574490,0.0034820598022020643,0.003476011468342555,11404083641.89087
2025-03-05,1197.5850951710681,1206.3922670083289,1191.976075806532,1196.3057861328125,9052846,0.004378619619770152,0.004369061356059773,10829972050.769287
2025-03-06,1208.3603766879573,1208.3603766879573,1189.7127354592471,1198.618408203125,11949475,0.0019331362408505637,0.0019312701375552984,14322860703.363037
2025-03-07,1191.7792822265046,1198.4215993904008,1187.0559287614878,1195.17431640625,6620284,-0.0028733847013396874,-0.0028775207961216935,7912393404.115234
2025-03-10,1188.7287844485525,1206.2448692222129,1188.7287844485525,1195.469482421875,7363437,0.0002469648247733769,0.00024693433398103806,8802764219.236084
2025-03-11,1197.7819082260587,1228.0906025562624,1197.7819082260587,1225.5321044921875,10927950,0.0251471263067371,0.02483614015002983,13392553561.2854
2025-03-12,1227.0573656262773,1231.9776006544478,1215.5933141089804,1224.105224609375,11548372,-0.0011642941686980102,-0.0011649724857117872,14136422500.932617
2025-03-13,1231.0920792520233,1235.5694211441137,1225.4338088556233,1230.1080322265625,8132940,0.00490383301738051,0.004891848392678776,10004394819.6167
2025-03-17,1236.996301895009,1253.6265997269006,1234.732945796164,1248.755615234375,11164812,0.015159305133598089,0.015045551048791364,13942121678.036133
2025-03-18,1248.755615234375,1248.755615234375,1248.755615234375,1248.755615234375,0,0.0,0.0,0.0
2025-03-19,1284.771747064059,1297.2692161145496,1281.3768329423835,1292.152099609375,11278014,0.034751783171645734,0.03416157493262817,14572909469.523926
2025-03-20,1298.9420363179743,1303.1242360561191,1290.1348637421092,1300.6148681640625,10886735,0.006549359442472591,0.006528005573319551,14159449406.762085
2025-03-21,1295.0058130409195,1327.4793630639822,1290.6759823465936,1321.6734619140625,60494318,0.01619126019966699,0.016061579667834527,79953734697.19019
2025-03-24,1334.3185449313019,1351.0965951268047,1323.592528220555,1336.4835205078125,9352280,0.011205535270642386,0.011143218357738864,12499168099.174805
2025-03-25,1337.3198832805363,1342.0433569660177,1308.8317704607064,1322.263916015625,16419207,-0.010639565901107817,-0.01069657078105461,21710524945.691162
2025-03-26,1322.608385783058,1336.3357930453642,1310.2585481884407,1314.58837890625,10859639,-0.005804845021033067,-0.0058217586195317235,14275955228.51709
2025-03-27,1311.8822515956433,1329.9394896015347,1311.8822515956433,1315.326416015625,15109614,0.0005614206859101412,0.0005612631482773568,19874074429.99951
2025-03-28,1314.6867654992452,1336.2865486646785,1306.027104024632,1326.8397216796875,8266544,0.008753192761792539,0.008715105664465017,10968378940.21289
2025-04-01,1318.6228853536172,1330.7758409067335,1294.4153549157386,1297.4166259765625,14288024,-0.022175320215675587,-0.02242488904124358,18537519889.95215
2025-04-02,1301.0577695360655,1316.605640115626,1301.0577695360655,1310.0125732421875,8042214,0.009708483006485302,0.009661658504666444,10535401456.704346
2025-04-03,1300.8608684683468,1311.7346357410256,1300.172083625529,1308.3397216796875,4591008,-0.0012769736693135636,-0.0012777896949591084,6006598128.949219
2025-04-04,1308.3397764539347,1317.196199721689,1301.0085540085365,1313.998046875,8648542,0.004324813426934915,0.0043154882979737465,11364167296.316406
2025-04-07,1274.5868794921314,1303.8622778051142,1244.8194576780902,1267.009765625,19185012,-0.03575978013190306,-0.036414824679905186,24307597557.632812
2025-04-08,1279.113469327377,1289.1508208042862,1266.8128818235116,1279.1627197265625,13085762,0.009591839330115759,0.00954612969975415,16738818909.614502
2025-04-09,1284.1320386492785,1284.2796697185806,1264.008326268558,1280.04833984375,13005622,0.0006923435959553803,0.0006921040366931204,16647824849.735352
2025-04-11,1284.2796640863085,1303.8622226242683,1284.2796640863085,1290.7252197265625,13064247,0.008340997406485195,0.00830640351951399,16862353079.637085
2025-04-15,1329.4474418665204,1332.6948448810174,1314.8834988213314,1328.66015625,15202603,0.029390404668372394,0.028966786907249274,20199092877.38672
2025-04-16,1335.35175670462,1338.0086355110902,1321.4767182608662,1334.7613525390625,14039073,0.0045919916092633795,0.004581480581212107,18738812065.874634
2025-04-17,1340.2720568748578,1386.4238866758244,1338.4023434904611,1384.2589111328125,17490424,0.03708345203402308,0.03641240048781821,24211275281.49121
2025-04-21,1413.0914304704045,1413.0914304704045,1382.290712662376,1387.3094482421875,16882426,0.0022037330479445227,0.0022013083898173077,23421149099.04956
2025-04-22,1390.2615402559697,1396.1658217913894,1376.5832640076646,1393.9024658203125,16135274,0.004752377046432388,0.0047411201532153125,22490998215.286377
2025-04-23,1406.2031056627204,1407.0887719511927,1388.7855225220842,1401.676513671875,13990764,0.00557718207850888,0.005561687183743411,19610525307.125977
2025-04-24,1393.7058899323015,1398.5276243961446,1376.4850664959145,1380.32275390625,15678099,-0.01523444215362224,-0.0153516784781829,21640836787.694824
2025-04-25,1387.5062786091423,1392.2297522876202,1366.2508873018426,1382.3892822265625,11705093,0.0014971341408842598,0.00149601455287601,16180995110.665161
2025-04-28,1383.1763860592027,1412.1073907727903,1381.4051736009749,1406.00634765625,10948561,0.017084236497875827,0.016939942051162973,15393746263.70166
2025-04-29,1406.0064314947365,1415.3548781931777,1399.9052678914709,1406.990478515625,10786910,0.0006999476645432878,0.0006997028154244555,15177079662.60498
2025-04-30,1410.1392669998522,1410.8280518096522,1377.665717934259,1404.2349853515625,14192027,-0.00195843056945888,-0.001960350802111052,19928940826.45398
2025-05-02,1404.136620262742,1423.5222971739024,1401.8732642232824,1407.2855224609375,8842434,0.0021723836403428898,0.0021700274267852935,12443829351.516357
2025-05-05,1417.0276759030696,1423.719243532893,1403.251017942901,1406.5968017578125,4565705,-0.000489396566746847,-0.0004895163603325928,6422106050.769653
2025-05-06,1406.2030986214052,1410.8280712604956,1397.740318833432,1408.7615966796875,6301690,0.0015390301749369506,0.0015378470817191535,8877578866.18042
2025-05-07,1402.2669857299177,1418.9957848579238,1398.3307976997987,1412.5010986328125,10480453,0.00265446045799278,0.0026509436000301152,14803651376.669556
2025-05-08,1415.6498866867869,1425.7856180950018,1403.3493000859999,1412.599365234375,15306490,6.956922133194432e-05,6.956680150589558e-05,21621938057.96631
2025-05-09,1392.6232842813388,1397.2483773146432,1364.8732065732167,1366.742919921875,13491197,-0.03246245640560064,-0.033001050082351775,18438997981.02124
2025-05-12,1386.9158758891217,1429.8203013758846,1381.601998025975,1425.39208984375,9925445,0.04291163251478736,0.042016448090675215,14147650791.1792
2025-05-13,1417.126034216079,1424.8016487219365,1404.6286855985884,1407.777587890625,12475424,-0.012357653784269229,-0.012434644528631566,17562622306.632812
2025-05-14,1407.088799803615,1417.7164351068907,1394.6898318883327,1403.44775390625,8026837,-0.0030756520217534167,-0.0030803915600414416,11265246358.621582
2025-05-15,1403.152601872172,1433.2644152009339,1392.9184893353395,1427.6553955078125,18209264,0.017248694534003794,0.017101624570260585,25996553997.82617
2025-05-16,1430.115536446277,1435.4292940858757,1423.915992369514,1430.8043212890625,6439208,0.002205662368634842,0.002203233466295927,9213246632.079102
2025-05-19,1423.4240376832488,1436.413410510274,1420.7671587350164,1425.8841552734375,6005334,-0.003438741372539522,-0.0034446674330129096,8562910597.7248535
2025-05-20,1427.0649116587983,1435.724573309837,1412.5994688048465,1415.25634765625,11352383,-0.0074534860198017805,-0.007481402047710997,16066532101.774902
2025-05-21,1419.8813754453126,1428.147393892195,1415.5515448185727,1421.652587890625,5510460,0.004519492348483478,0.0045093101104440505,7833959719.467773
2025-05-22,1418.11006923761,1422.2431385993382,1405.0223165661077,1419.0941162109375,7245933,-0.0017996462015263948,-0.0018012675102317655,10282660886.758667
2025-05-23,1419.1925334305297,1428.639480716087,1411.5170389146704,1426.67138671875,5203706,0.005339512313703443,0.005325307659345533,7423978455.09668
2025-05-26,1434.7404521515875,1448.1234666381572,1431.7883113035389,1437.2989501953125,5608725,0.007449202090612506,0.007421593806403455,8061414554.434204
2025-05-27,1429.3282240162364,1439.660717201896,1412.7961868700127,1423.3255615234375,14842959,-0.009721977929487924,-0.009769544904715297,21126362953.34436
2025-05-28,1424.5063806110309,1434.7404932016627,1419.487765050342,1430.6075439453125,8618343,0.005116174836402809,0.005103131682379908,12329466512.108276
2025-05-29,1433.3627849687755,1439.5623288964678,1421.9478642011566,1433.264404296875,15545514,0.0018571552784039103,0.001855432897695771,22280831862.69873
2025-05-30,1436.6102684488903,1437.5943154688398,1421.2591589622632,1422.7352294921875,11803975,-0.007346289193481237,-0.007373406063138461,16793931080.545044
2025-06-02,1418.995708309096,1436.7085534890987,1409.9425243773735,1427.360107421875,9458990,0.003250694741943061,0.003245422655995468,13501384982.502441
2025-06-03,1431.6899803606145,1431.7883610343827,1409.1552804132207,1414.961181640625,11167345,-0.008686613642050811,-0.008724562193092202,15801359676.988525
2025-06-04,1414.469066890968,1417.1259455259117,1403.6445507705212,1408.171142578125,8025388,-0.00479874582469253,-0.004810296773631621,11301119789.592773
2025-06-05,1408.0729266396995,1435.7246243032014,1404.5303813376977,1431.5916748046875,11385668,0.016631879122081417,0.016495084108817774,16299627520.890137
2025-06-06,1425.4904326139017,1438.0862820195339,1419.0941272375726,1436.413330078125,11580994,0.003368038078382485,0.0033623789413663873,16635094157.154785
2025-06-09,1441.6288150587184,1443.4001476588123,1410.5329547448348,1411.91064453125,11022031,-0.017058241547746045,-0.017205409367202884,15562122893.253418
2025-06-10,1416.0435714397854,1418.7004501751119,1393.902514902332,1400.200439453125,12905272,-0.008293871232915584,-0.008328456747558496,18069967525.66211
2025-06-11,1399.1179589629173,1411.615306798267,1395.9689367450383,1408.171142578125,7136877,0.005692544367514429,0.005676403064577464,10049944239.529541
2025-06-12,1407.679242298958,1413.5835243358638,1397.3467487343728,1402.4637451171875,7953247,-0.004053056683499534,-0.0040612925789727415,11154140573.462036
2025-06-13,1381.2083238229704,1398.822788875249,1381.2083238229704,1393.5089111328125,7573103,-0.006385073422077503,-0.006405545192410762,10553186515.426636
2025-06-16,1394.0008651920546,1406.2030712202284,1391.6391285216148,1404.1365966796875,5451137,0.007626564467560826,0.007597629249189091,7654140955.214722
2025-06-17,1404.136773734292,1406.9905342324632,1395.1819695141812,1400.4957275390625,6970098,-0.0025929593667983752,-0.0025963269084627112,9761592469.528564
2025-06-18,1394.3946503198795,1409.1553558631385,1387.7030824244302,1390.0648193359375,6751745,-0.007448011441958502,-0.007475886373968569,9385363193.62732
2025-06-19,1385.538241229197,1392.1313083904192,1382.2908379271437,1388.78564453125,8849883,-0.0009202267310804979,-0.0009206503996328216,12290590466.181152
2025-06-20,1388.7856250535913,1410.4346597691706,1387.7030772194692,1404.33349609375,12408178,0.01119528533703118,0.011133081955986206,17425219990.893555
2025-06-23,1394.394546798162,1400.495589920588,1389.3759313106286,1397.445068359375,5514384,-0.004905122432481757,-0.00491719203026599,7706048725.839844
2025-06-24,1404.9238929302046,1412.993150628414,1393.9026142728064,1401.38134765625,11188438,0.00281676853423396,0.0028128088756313205,15679268322.608398
2025-06-25,1399.314894478275,1406.1048430963208,1392.721827342493,1403.0543212890625,7527388,0.0011938032681899635,0.001193091251683809,10561334261.419434
2025-06-26,1402.070289060642,1424.4081091129294,1399.0196470982207,1416.14208984375,13617435,0.009328055483028619,0.00928481784754461,19284222859.211426
2025-06-27,1415.945311177015,1442.6129619608457,1414.1739784542212,1438.87353515625,22532899,0.0160516698681048,0.0159242040325535,32421992041.44873
2025-06-30,1438.4799818113797,1438.5783624887893,1419.291064922364,1422.7352294921875,6325073,-0.011215930566344068,-0.011279303418146609,8998904186.209839
2025-07-01,1422.6366689959384,1424.506382279972,1406.7935366641375,1409.1552734375,7761449,-0.009544963653943195,-0.00959080877945722,10937086787.86621
2025-07-02,1409.352049520214,1427.8521809615802,1399.905222450911,1405.0223388671875,13372280,-0.0029329163706924843,-0.0029372257981006727,18788352121.586914
2025-07-03,1409.2537536102052,1423.0304122841014,1400.9877343812811,1403.1527099609375,10177738,-0.001330675573284812,-0.0013315617082181202,14280920655.972412
2025-07-04,1404.2349694375814,1421.3574100481592,1398.4290685246438,1419.782958984375,5066503,0.01185205922732413,0.011782373644716234,7193334621.043213
2025-07-07,1414.075573829117,1417.9133812482285,1406.7936018251748,1412.7962646484375,5177477,-0.00492095942673898,-0.004933107216484843,7314720165.903198
2025-07-08,1409.1552578612602,1421.947868442403,1407.1871639257,1418.9957275390625,5315847,0.0043880798992399495,0.0043784803487901215,7543164181.251343
2025-07-09,1413.2882146760794,1415.748332108758,1403.8413877591775,1409.056884765625,8827347,-0.007004138617580091,-0.007028782737774695,12438234064.565186
2025-07-10,1413.8788169776346,1416.0436723886824,1399.4132536015054,1401.38134765625,7795964,-0.005447286899741943,-0.005462177467106295,10925118536.59961
2025-07-11,1399.3148113378843,1405.2190932422636,1392.032839631232,1399.2164306640625,7158015,-0.0015448450172454997,-0.0015460395206827809,10015612198.93982
2025-07-14,1402.1685413789849,1402.1685413789849,1393.5088800568021,1400.298828125,5846154,0.0007735740070060615,0.0007732749528509798,8186362595.238281
2025-07-15,1398.429159387504,1410.9266282871913,1396.3626847243358,1407.9744873046875,6041457,0.005481443692961774,0.00546647525467028,8506217322.148315
2025-07-16,1403.2510104989537,1406.3999128239755,1396.4610622300193,1403.6446533203125,5649093,-0.0030752219045273588,-0.003079960115936235,7929319185.559204
2025-07-17,1398.3307388837884,1400.4955941601263,1387.0141987731877,1396.0673828125,12927394,-0.005398282599437532,-0.005412905978112867,18047513108.166016
2025-07-18,1393.2138508637581,1406.203223775988,1386.030259404114,1403.0543212890625,11297246,0.00500472868471924,0.004992246658894465,15850649818.965576
2025-07-21,1424.9000530820128,1444.2857308931439,1414.07553610418,1442.4161376953125,13867136,0.028054378087147835,0.02766806260591157,20002180750.015625
2025-07-22,1450.5836983181339,1458.3576938551728,1446.25386737522,1450.0916748046875,8930165,0.005321305626571071,0.005307197506732602,12949557921.132202
2025-07-23,1459.2433968472208,1466.2301068890183,1449.1076641665336,1464.8524169921875,11974174,0.010179178629853292,0.010127719702848896,17540397725.38501
2025-07-24,1463.9666816111749,1464.9507286163912,1454.5198543856832,1459.7353515625,6700578,-0.003493229331726466,-0.0034993449035253163,9781070582.501953
2025-07-25,1476.0704664133914,1476.0704664133914,1450.0916021799312,1453.5357666015625,8696077,-0.004247060917104917,-0.0042561052974283324,12640058948.621216
2025-07-28,1453.535738893943,1469.9693951805034,1453.535738893943,1464.655517578125,7507479,0.0076501392205581276,0.007621025294958125,10995870540.451904
2025-07-29,1456.2911765714125,1466.0332658775797,1451.8629650797843,1462.4906005859375,9776027,-0.0014781066033652257,-0.001479200080580772,14297347598.57434
2025-07-30,1463.966597457218,1464.7538830653054,1453.7326052895944,1458.751220703125,7238625,-0.0025568573783067983,-0.0025601317206751127,10559353054.962158
2025-07-31,1446.450671708359,1470.658203254236,1440.6447705347616,1457.7672119140625,12406146,-0.0006745555891211064,-0.0006747832041075772,18085272865.0188
2025-08-01,1456.7831967694258,1461.408169601032,1446.3523226373668,1448.12353515625,4416771,-0.006615374991971623,-0.006637353569762005,6396030034.495605
2025-08-04,1453.240679444368,1455.2087734738848,1437.987950715613,1439.8575439453125,6140054,-0.0057080704858827325,-0.005724423780415674,8840803072.131592
2025-08-05,1429.820324317929,1438.1847240128375,1418.0117600427636,1421.3575439453125,14799343,-0.012848493295599672,-0.012931749095482805,21035157818.484253
2025-08-06,1419.291123395121,1430.8044259536912,1418.6022183790183,1420.5703125,7805252,-0.0005538588433754432,-0.0005540122798420141,11087909272.78125
2025-08-07,1418.110163604165,1424.8017315172433,1406.301599138448,1417.322998046875,7432535,-0.0022859230722696022,-0.0022885397829091507,10534302789.28833
2025-08-08,1422.8336344297813,1424.5064663430474,1409.1553565946745,1412.9931640625,5415511,-0.00305493807010937,-0.0030596139187958732,7652080022.905273
2025-08-11,1405.1207239838918,1415.4532174004985,1397.7403715434584,1413.681884765625,8492484,0.00048741969928922657,0.00048730094889355344,12005670787.461914
2025-08-12,1419.0368204237539,1421.8134608053708,1408.2279203629066,1410.112060546875,5913947,-0.0025251962674345263,-0.002528389953117413,8339327990.13501
2025-08-13,1412.6902784003407,1415.7643381003145,1403.368838463484,1408.922119140625,9009465,-0.0008438630088650756,-0.0008442192616870934,12693634520.123291
2025-08-14,1400.1956576735638,1419.1359571615956,1400.1956576735638,1415.3677978515625,7577793,0.004574900644521929,0.004564467594577939,10725364190.984985
2025-08-18,1437.8779693374279,1440.2579294966365,1419.0368097392131,1422.606689453125,6908844,0.005114495053901047,0.0051014604487976895,9828567690.788086
2025-08-19,1419.1358802007367,1426.474039895735,1414.3760811646432,1424.29248046875,6709554,0.0011850014681662469,0.0011842999081049079,9556367309.499023
2025-08-20,1420.6234166864958,1423.8958770531979,1411.1036970512757,1418.64013671875,5817858,-0.003968527410984968,-0.003976422911821375,8253446868.530273
2025-08-21,1428.0606770004104,1435.6963772945633,1424.3916575816534,1433.911376953125,6238645,0.010764703351546778,0.01070717640453909,8945664042.271729
2025-08-22,1432.2257038615987,1433.9114434457279,1417.450243616132,1424.3917236328125,6657207,-0.006638941201889681,-0.006661076998594644,9482470553.310425
2025-08-25,1423.8958843891958,1423.8958843891958,1412.0953443103494,1421.2183837890625,6738427,-0.0022278561375354,-0.002230341501061233,9576776330.220581
2025-08-26,1415.9627825871721,1415.9627825871721,1401.2864621426106,1404.7572021484375,8720155,-0.01158244350649218,-0.011650042486474319,12249700540.100708
2025-08-28,1396.2290622275916,1399.9973424915918,1384.6269231275805,1387.4034423828125,12990789,-0.012353565256034371,-0.012430504852170813,18023465377.868774
2025-08-29,1380.4619594997932,1393.254139151069,1380.4619594997932,1386.1143798828125,8519507,-0.0009291187124245148,-0.0009295506107593437,11809011162.21228
2025-09-01,1386.4117998354175,1400.5922996421114,1386.4117998354175,1399.2039794921875,4927348,0.009443376246108581,0.00939906630717,6894364929.942871
2025-09-02,1402.0798141390458,1402.0798141390458,1378.3795940317052,1382.54443359375,7163073,-0.011906445480868166,-0.011977894908322998,9903266703.575684
2025-09-03,1377.387925122752,1388.2959648465462,1372.6280048233573,1385.321044921875,9813382,0.002008334242761034,0.0020063202356278924,13594684606.45752
2025-09-04,1398.1132401473494,1403.2697196534332,1390.180120261188,1393.75,10564859,0.006084477752664519,0.0060660420611453846,14724772231.25
2025-09-05,1399.2040313658385,1399.699851362779,1376.098771088494,1391.0726318359375,6621077,-0.0019209816423766402,-0.0019228290939379707,9210399007.978394
2025-09-08,1390.4775686686341,1398.807368933041,1385.9160488487796,1390.973388671875,5880943,-7.134290603616478e-05,-7.134545106233271e-05,8180235213.296143
2025-09-09,1387.304306420236,1395.7332460946977,1383.5360261458507,1391.9649658203125,6470679,0.0007128656497046304,0.0007126116816769207,9006958473.069214
2025-09-10,1398.2123094765393,1401.8813288190768,1390.3783297737682,1392.163330078125,7452347,0.00014250664541370917,0.00014249649230629435,10374884216.417725
2025-09-11,1386.3126886500647,1396.2290884258164,1384.3294086949145,1389.882568359375,10192026,-0.001638286018223134,-0.0016396294762747465,14165719273.665527
2025-09-12,1393.3532613043915,1407.8311802789096,1388.39506158368,1405.847900390625,7770038,0.011486820825514554,0.011421348203671858,10923491608.255371
2025-09-15,1410.1120532176328,1414.8719735471493,1404.4597537449094,1407.5338134765625,5845637,0.0011992144281534056,0.0011984959448840286,8227931738.809692
2025-09-16,1402.1788926034542,1412.987792293879,1401.8813521978338,1409.71533203125,8213151,0.00154988713862525,0.001548687303133754,11578204888.987793
2025-09-17,1408.2279494348236,1414.1777894755733,1404.5589298296168,1407.33544921875,7484283,-0.0016882009852803304,-0.0016896276024007198,10532896777.885254
2025-09-18,1419.1358927633355,1420.821753289835,1403.4680543540285,1409.814453125,8130537,0.001761487574001075,0.0017599379742313517,11462548574.267578
2025-09-19,1404.26135906907,1406.145499251229,1388.494259091765,1390.4775390625,13457344,-0.013715928375991449,-0.013810860778461637,18712134567.4375
2025-09-22,1392.1634074537787,1398.1132473992611,1385.5193468847744,1389.783447265625,8847948,-0.0004991751232047426,-0.0004992997525828716,12296731672.666992
2025-09-23,1379.3712163938944,1391.568436605077,1379.3712163938944,1382.6436767578125,12827524,-0.0051373259063201004,-0.005150567334878289,17735894947.059082
2025-09-24,1374.8096433544556,1379.2720231049968,1364.9923836933056,1371.1405029296875,9735678,-0.008319695104019198,-0.008354496928802833,13348982429.281494
2025-09-25,1365.488259405882,1379.867039189023,1360.331779903573,1364.29833984375,21613389,-0.004990125425744507,-0.00500261767755713,29487110731.097168
2025-09-26,1356.563442311047,1361.2241016242142,1345.655402935739,1348.233642578125,18342280,-0.011775061800240016,-0.011844936904533893,24729678977.58789
2025-09-29,1348.233693764239,1355.076033842118,1334.9456938107846,1336.829833984375,20563163,-0.008458332616551045,-0.008494307312809755,27489449779.483643
2025-09-30,1342.3830124406416,1345.2587926353076,1331.3758327091439,1336.730712890625,20166871,-7.414638066127743e-05,-7.414912964004541e-05,26957675848.60327
2025-10-01,1336.7306701838102,1367.8681892333634,1335.8381700071102,1360.530029296875,20952632,0.01780412178514612,0.01764748486487285,28506685028.80664
2025-10-03,1360.4309257938526,1360.4309257938526,1349.9195661151996,1353.786865234375,12163695,-0.004956277272310516,-0.004968600349096083,16467050523.717041
2025-10-06,1359.5383926525742,1361.1249923873581,1347.73785285358,1352.001953125,14314283,-0.001318458728779226,-0.001319328660218845,19352938573.583984
2025-10-07,1352.2002408686599,1371.5372203120692,1352.2002408686599,1364.3974609375,16126464,0.009168261764599617,0.009126488384768374,22002906535.5
2025-10-08,1360.8276403806535,1370.0498198860423,1352.8945202642897,1358.8443603515625,8100832,-0.0040700021400815745,-0.004078307140698067,11007769877.355469
2025-10-09,1358.3484255020637,1367.173924045517,1353.687645197864,1364.69482421875,7909575,0.004305470175902881,0.004296228157179756,10794156064.27002
2025-10-10,1358.8443421746942,1373.4214017735967,1358.8443421746942,1368.7607421875,7673816,0.0029793605842078907,0.002974931085331183,10503618083.570312
2025-10-13,1361.6207839903618,1374.8096436760768,1361.6207839903618,1367.8681640625,8923018,-0.0006521067542991643,-0.0006523194683885556,12205512249.55664
2025-10-14,1377.3878684808556,1377.3878684808556,1363.6040491867466,1372.52880859375,10610855,0.0034072322565121826,0.003401440792201474,14563704171.311035
2025-10-15,1374.9088107982643,1388.692630514965,1373.9171708337506,1386.7093505859375,8988550,0.010331689873028127,0.010278682754661117,12464506333.209229
2025-10-16,1389.287635646356,1407.0380158006922,1387.7010358612888,1405.451416015625,12185032,0.013515496539897365,0.013424976916258642,17125470478.595703
2025-10-17,1400.1956466119625,1427.5648857493748,1399.1048668479334,1424.5899658203125,17037215,0.01361736847435413,0.013525485310454902,24271045534.523315
2025-10-20,1429.944862993793,1432.9197829584125,1377.5862231965677,1378.6771240234375,23330227,-0.032228811727195716,-0.032759595397946324,32164850263.17395
2025-10-21,1372.9255110082336,1375.999570643796,1364.3974316467445,1370.4464111328125,3415560,-0.0059700075871318425,-0.005987899327182814,4680841944.008789
2025-10-23,1373.4214191916344,1378.1813396780694,1348.7295586366392,1352.2994384765625,21124942,-0.0132416506831885,-0.01333010304420907,28567247204.44995
2025-10-24,1356.66265330236,1370.0497932383416,1356.66265330236,1366.182373046875,10570263,0.010266168997269176,0.01021382979493508,14440906989.06958
2025-10-27,1370.5456319928564,1375.206412664237,1362.5133721313011,1366.083251953125,11499836,-7.255333966060817e-05,-7.255597178146966e-05,15709733359.807617
2025-10-28,1361.521728041381,1364.298368477702,1344.8621275230646,1351.7044677734375,26477914,-0.0105255548365224,-0.010581340282637209,35790314651.12085
2025-10-29,1353.191921020162,1360.2325408166014,1347.043801434495,1358.9434814453125,16129382,0.0053554706997449575,0.0053411811619669325,21918918528.641357
2025-10-30,1351.0103759765625,1358.7450954369456,1349.9195961737937,1351.0103759765625,9324401,-0.005837700814689262,-0.005854806795643493,12597362500.766235
2025-10-31,1345.6554843440952,1350.6136843601014,1332.07006472016,1334.0533447265625,15926798,-0.01255137010901397,-0.012630803923524609,21247198142.684326
2025-11-03,1329.2933430972657,1340.3005222505137,1326.715103456384,1335.14404296875,11071450,0.0008175821802771654,0.0008172481420231621,14781980514.526367
2025-11-04,1331.375810196628,1338.5156906678078,1322.0543701938611,1325.7235107421875,15211183,-0.00705581714285719,-0.007080827134017838,20165822929.30188
2025-11-06,1318.88116976713,1330.979129069885,1306.386530263507,1309.3614501953125,24221853,-0.012341985651076581,-0.01241878047726421,31715160570.49768
2025-11-07,1309.3614221413634,1333.0616413002483,1307.576421800604,1331.7724609375,7719245,0.0171159848480682,0.01697115662862865,10280277910.229492
2025-11-10,1331.6733731274833,1338.3173126722259,1329.7892329275433,1336.730712890625,8542340,0.0037230473662404062,0.003716133979326222,11418808237.954102
2025-11-11,1337.7222802082897,1349.0269997439532,1334.9456399539874,1346.944580078125,8305184,0.0076409310334562,0.0076118869752008385,11186622575.351562
2025-11-12,1358.5467300041707,1358.5467300041707,1344.0688109600715,1347.53955078125,9736761,0.0004417187699663483,0.0004416212409496859,13120670544.004395
2025-11-13,1347.5395638924115,1378.7762225869417,1347.142883699029,1374.3138427734375,18296626,0.01986902126669654,0.019674208527996128,25145306387.84839
2025-11-14,1362.513368521827,1369.653128146561,1351.8036080349211,1361.521728515625,9694498,-0.009308000734386312,-0.009351590875457741,13199269674.05127
2025-11-17,1363.6041374139656,1370.9422976111398,1362.1166774165574,1367.4715576171875,7660717,0.004369984684746253,0.004360464028344948,10475812608.454468
2025-11-18,1368.6614140079962,1371.2397747243117,1357.6542347453071,1361.9183349609375,9529560,-0.004060941981072319,-0.004069209997507276,12978482488.110352
2025-11-19,1362.0175118520117,1372.4297316368286,1360.133371680989,1371.5372314453125,10393918,0.007062755700877554,0.007037931259273258,14255645517.5896
2025-11-20,1368.5623301618334,1376.6938507345087,1363.9016706145442,1371.4381103515625,10131863,-7.22700714770319e-05,-7.227268308447568e-05,13895223047.060913
2025-11-21,1361.5216431243439,1364.4965629563708,1353.1918433847088,1358.0509033203125,11483595,-0.009761437231621262,-0.00980939238939745,15595306563.114624
2025-11-24,1361.8192653055182,1365.488284898759,1350.1178648436169,1356.960205078125,15896003,-0.000803135022053203,-0.0008034577077700623,21570243490.80249
2025-11-25,1353.5886121834044,1365.3891524995797,1342.978112507823,1346.4488525390625,12235000,-0.007746249668727279,-0.0077764077027513406,16473801710.81543
2025-11-26,1348.6304048295453,1365.4882848899147,1348.5312650391513,1363.5050048828125,9659004,0.012667508544113248,0.01258794685217646,13170100296.183105
2025-11-27,1367.471557668799,1382.3461576434415,1364.1990972544559,1380.5611572265625,15158741,0.012509050045779624,0.012431458275430018,20927569017.05774
2025-11-28,1380.3628968845176,1386.8085569633604,1374.0163765969262,1377.189697265625,7683986,-0.002442093885728691,-0.002445080660649442,10582306353.1333
2025-12-01,1382.3461800316288,1388.2960201178482,1373.8181001180092,1378.478759765625,8867593,0.0009360093983852291,0.0009355716147467322,12223788600.746338
2025-12-02,1370.2482089901266,1370.2482089901266,1359.1417682907786,1361.521728515625,12126396,-0.012301264078151686,-0.012377550888811307,16510351642.58496
2025-12-03,1355.5718853340877,1382.544445020301,1355.5718853340877,1379.8670654296875,7955933,0.013474141858950128,0.01338417287841892,10978129921.46521
2025-12-04,1375.4045960658268,1379.9661155774988,1368.3639767054422,1375.1070556640625,7373909,-0.003449614738172402,-0.003455578377882781,10139914293.724731
2025-12-05,1369.4547830523452,1383.6352828825825,1369.4547830523452,1380.858642578125,4942638,0.004182646645853216,0.004173923694261524,6825084399.435059
2025-12-08,1375.404670384236,1383.2386505394277,1371.7356508298087,1377.98291015625,7826227,-0.0020825682899053843,-0.00208473985071939,10784407057.003418
2025-12-09,1368.3640275890855,1372.7272676950297,1361.9183677427457,1363.7032470703125,10492030,-0.010362728725219372,-0.010416795643425597,14308015379.35913
2025-12-10,1366.3806948465074,1367.8681547535796,1346.5478960855444,1352.2001953125,8725381,-0.008435157562706408,-0.008470934837624055,11798461892.375977
2025-12-11,1352.299390595187,1355.1751707435094,1341.490611666704,1348.63037109375,6734750,-0.0026400116130178564,-0.002643502589174979,9082688391.723633
2025-12-12,1356.5634801370334,1359.240859638436,1351.90282069391,1354.5802001953125,3890885,0.0044117567193278084,0.0044020534491631385,5270515782.236938
2025-12-15,1344.7629655399599,1358.5467856038574,1344.7629655399599,1353.786865234375,5342530,-0.0005856685051376376,-0.0005858400759289357,7232646941.120605
2025-12-16,1352.5969202535916,1357.257579696715,1344.1679805012782,1354.5802001953125,12359741,0.0005860117137421739,0.0005858400759290915,16742260438.142212
2025-12-17,1353.5885110391764,1353.5885110391764,1331.8715722565005,1341.0938720703125,9440391,-0.009956094237207558,-0.010005987581554689,12660450520.04773
2025-12-18,1335.0449336848067,1358.0509324595278,1334.2515732926577,1345.4571533203125,7314573,0.003253524112569517,0.0032482428550260714,9841444566.333618
2025-12-19,1342.6805232986085,1349.0270433350909,1339.5073238052678,1342.7796630859375,14318512,-0.0019900226683305933,-0.0019920053943239605,19226606719.251953
2025-12-22,1346.647106277973,1359.8359665635035,1343.4739067302291,1357.059326171875,9375294,0.010634405240484757,0.010578257666335786,12722830158.303223
2025-12-23,1349.7210845323889,1353.5885044694035,1345.6553850292898,1351.605224609375,9105467,-0.004019059047245532,-0.004027157170230497,12306996769.708252
2025-12-24,1352.3986889312134,1356.7618081188289,1346.2504482626368,1348.43212890625,8955140,-0.002347649776244465,-0.0023504098265809507,12075398494.853516
2025-12-26,1345.159575111433,1350.6135947672478,1337.2264556120658,1339.110595703125,2812144,-0.006912867917709731,-0.0069368724800111066,3765771827.0429688
2025-12-29,1340.7964277815033,1344.3663075928198,1330.2850679288142,1332.070068359375,6057201,-0.005257614543818345,-0.005271484435553557,8068616150.136475
2025-12-30,1332.0699716952038,1335.8381308143366,1326.9133714087848,1331.276611328125,18621277,-0.0005956571280272271,-0.0005958346022136541,24790070543.162354
2025-12-31,1331.574200056716,1338.7139594203709,1328.3017397359904,1331.67333984375,6150634,0.00029800607345542574,0.00029796167846528305,8190635320.936523
2026-01-01,1332.665031313395,1337.1274113505744,1324.8310510381634,1326.8143310546875,4179311,-0.0036487993291453025,-0.0036554724349121223,5545169728.734497
2026-01-02,1326.8142878641993,1345.5563076202234,1325.12854832495,1344.06884765625,8226205,0.013004469576272104,0.01292063747425784,11056585874.934082
2026-01-05,1342.878760280637,1364.0007394532674,1341.2921605842894,1360.0341796875,6920565,0.011878358805123668,0.011808364831651683,9412204942.749023
2026-01-06,1360.5299848190614,1401.7821817231495,1354.5801452353044,1399.4022216796875,17260416,0.02894636221659752,0.028535329367543282,24154264497.515625
2026-01-07,1396.2290239898057,1417.9459627064246,1392.4607438290054,1415.7642822265625,15813795,0.01169217848406423,0.011624353137318367,22388606127.453003
2026-01-08,1417.0535778936194,1430.1431776389843,1411.4012782421678,1423.00341796875,14861699,0.0051132351854523694,0.005100206990366363,21148248473.822754
2026-01-09,1415.1693772847862,1417.549337423264,1389.7834182572258,1392.56005859375,12555636,-0.02139373594650673,-0.021625899111944093,17484477203.841797
2026-01-12,1388.1967781468372,1412.3928169264516,1380.0652579976486,1401.286376953125,10923811,0.006266385643852956,0.006246833487722842,15307387538.710693
2026-01-13,1408.1288141663404,1429.746614803746,1399.3031938675902,1424.9866943359375,14295581,0.0169132575415063,0.016771820942584125,20371012712.801636
2026-01-14,1413.6818734015883,1431.8289327125644,1403.0713744699053,1406.5421142578125,13832255,-0.01294368582628791,-0.013028185275863927,19455649192.6532
2026-01-15,1406.5421142578125,1406.5421142578125,1406.5421142578125,1406.5421142578125,0,0.0,0.0,0.0
2026-01-16,1406.0463569783972,1417.0535365865687,1388.494256638521,1399.0057373046875,12530886,-0.005358088376260062,-0.005372494414042502,17530781407.510986
2026-01-19,1388.1968051292893,1388.2959449153948,1348.6303464892405,1369.05810546875,23302883,-0.02140636813515462,-0.021638807541659838,31903000851.93994
2026-01-20,1363.207439020359,1376.1980196642805,1360.0342394881388,1364.29833984375,15012785,-0.0034766717394878466,-0.0034827294071031597,20481917651.931152
2026-01-21,1356.0676290796277,1360.0341888721825,1328.3017105317451,1337.7222900390625,21766068,-0.019479646810778295,-0.019671875591550272,29116954330.105957
2026-01-22,1343.7713064680374,1346.6470866066866,1326.814287098488,1334.2515869140625,17179765,-0.002594487025329162,-0.0025978585396207606,22922128714.06067
2026-01-23,1329.2934092663852,1343.8704687287582,1324.5334888848981,1332.169189453125,14056524,-0.0015607232409247107,-0.0015619424381601915,18725668183.6084
2026-01-27,1328.7975572308817,1357.6542560921293,1317.492837384778,1350.0186767578125,25263634,0.0133988140890835,0.01330984382915093,34106377742.77368
2026-01-28,1351.2086513775284,1368.859891948821,1351.2086513775284,1356.2659912109375,13242696,0.004627576314816917,0.00461690200167341,17960618216.745117
2026-01-29,1347.6387612421634,1376.098780848474,1343.0772414479197,1372.0330810546875,23118234,0.011625366960408945,0.011558311577178688,31718981823.563232
2026-01-30,1356.7617179329986,1370.347257745332,1341.8871188281207,1343.672119140625,24013717,-0.020670756635300158,-0.020887387203531622,32266562009.833252
2026-02-02,1318.7820210502812,1343.0772003288644,1317.9886606539171,1341.4906005859375,12800245,-0.001623549766056609,-0.0016248691512297441,17171408352.697144
2026-02-03,1400.1956512153185,1405.15385111339,1361.918372212169,1378.08203125,24896698,0.027276695526662786,0.026911315814524474,34309692151.257812
2026-02-04,1375.4046132419246,1402.1788919423802,1375.3054734566974,1396.625732421875,11080683,0.013456166433760686,0.01336643627927057,15475567010.60962
2026-02-05,1402.1788945018798,1402.1788945018798,1381.5527350454402,1384.8251953125,8982761,-0.008449319553143098,-0.008485217404901158,12439553756.270508
2026-02-06,1385.0235305539115,1398.7082108846507,1383.0402505668367,1394.344970703125,10851190,0.006874351667523371,0.006850831043269012,15130302202.644043
2026-02-09,1401.6831123688528,1402.1789323590788,1377.1896532716103,1384.626953125,7889742,-0.006969593452346712,-0.006993994511863799,10924349426.402344
2026-02-10,1389.2875574724217,1397.716496971719,1383.8335377964056,1394.7415771484375,16497628,0.007304945206078495,0.007278393322141806,23009927695.928223
2026-02-11,1395.6341511146452,1401.1873108684945,1388.6926711598828,1394.344970703125,8551341,-0.0002843583727699661,-0.0002843988102780593,11923519316.117432
2026-02-12,1394.3449463736551,1421.0200859443291,1393.5517070225485,1418.045166015625,19646265,0.01699736852104028,0.01685452957147286,27859291113.511963
2026-02-13,1413.3845464564506,1422.4084462850303,1398.9065055547715,1402.77392578125,12228083,-0.010769219909464223,-0.010827627674072401,17153235994.688965
2026-02-16,1392.2625106722887,1402.1789103209517,1388.7917707952565,1399.7989501953125,5000042,-0.0021207804987397605,-0.002123032538319454,6999053542.532471
2026-02-17,1394.4440959690942,1401.782256054804,1381.9494563906167,1395.7332763671875,11756187,-0.0029044698365845445,-0.0029086959942490535,16408501399.095337
2026-02-18,1398.3115083316352,1400.4931889124357,1387.2051890014204,1396.4273681640625,4758071,0.0004972954422077791,0.0004971718318082532,6644300564.067749
2026-02-19,1396.7249570846573,1400.4932375506726,1373.2231372171063,1377.189697265625,14323091,-0.013776349086977557,-0.013872123616943498,19725613358.197998
2026-02-20,1376.8920792080073,1391.9649581225938,1372.4296994050287,1382.8419189453125,10337877,0.004104170755059977,0.004095771619415219,14295649668.50061
2026-02-23,1388.29600959884,1396.5266700756697,1383.6353499865377,1387.7010498046875,10728445,0.003513872983457844,0.003507713756063974,14887874389.27185
2026-02-24,1389.1884011120849,1389.1884011120849,1370.7439226377844,1373.2230224609375,18274784,-0.010433102537313554,-0.010487908885035967,25095354119.30078
2026-02-25,1380.164528913772,1395.634087902335,1376.5945282588896,1388.791748046875,16297015,0.011337361325356232,0.011273575103321259,22633159949.796143
2026-02-26,1393.3533088725535,1398.2123689746954,1380.4619891586024,1393.155029296875,27288792,0.0031417822406680784,0.003136857155843923,38017517818.23633
2026-02-27,1388.296016563106,1390.4775761692113,1365.1907558675261,1367.3724365234375,15096898,-0.018506621467999862,-0.018680011562447665,20643082202.20581
2026-03-02,1343.672146415433,1367.6697850385044,1343.672146415433,1362.5133056640625,16928683,-0.0035536264514219873,-0.003559955580589422,23065555834.86902
2026-03-04,1314.9145907457403,1364.4965888884906,1314.9145907457403,1353.9852294921875,20009132,-0.006259077350968423,-0.006278747496540745,27092069182.959473
2026-03-05,1357.45594601842,1359.3400861254038,1336.3339667529167,1346.2503662109375,17590491,-0.00571266444623697,-0.005729044124633221,23681204950.5802
2026-03-06,1327.8058801381828,1346.2503588188658,1299.4450020539286,1302.419921875,22778852,-0.032557424262248946,-0.03309920908230816,29667630642.242188
2026-03-09,1262.060104122135,1271.9765035292385,1240.6407056127512,1267.7125244140625,16116652,-0.02664839264050245,-0.0270098978797462,20431281592.02295
2026-03-10,1276.8355955325096,1304.006554800674,1274.8523156012538,1300.9324951171875,19136143,0.026204656074120036,0.025867196714927623,24894830259.9093
2026-03-11,1289.1319797351587,1295.5776396338345,1280.1080800869731,1283.777099609375,13224259,-0.013186998996644439,-0.013274719501527256,16977000863.503174
2026-03-12,1265.0350263567016,1269.7949465011072,1247.780588195275,1255.9119873046875,19676187,-0.021705568913144013,-0.021944599974027777,24711559117.748657
2026-03-13,1241.434156276259,1251.747236619689,1238.2608356053079,1244.3099365234375,17344394,-0.009237948915631566,-0.00928088338792195,21581801797.17749
2026-03-16,1244.5081652081492,1266.125965023717,1229.7327054112554,1262.258544921875,22740688,0.014424547993713954,0.014321503928637819,28704627745.402344
2026-03-17,1268.2083924442081,1283.578812107693,1262.3576923623407,1277.9263916015625,22303102,0.012412549507167192,0.012336145411261063,28501722660.38159
2026-03-18,1275.2490239961462,1286.2562036480494,1260.1761446052265,1278.521484375,12961135,0.0004656706187058379,0.0004655622277916122,16571089559.384766
2026-03-19,1257.0027465645267,1275.1498056385733,1233.3025281122907,1239.6490478515625,14422899,-0.030404210643703133,-0.03087600633710134,17879333012.609253
2026-03-20,1247.8797225177066,1263.34928134462,1231.3192629188682,1234.9884033203125,16421006,-0.0037596483773592038,-0.003766733619574542,20279751980.85327
2026-03-23,1216.3455695278035,1224.5762297429494,1207.9166297375125,1212.4781494140625,17049534,-0.018227097392761182,-0.018395257446500394,20672187432.69214
2026-03-24,1226.757768953439,1243.4173686829902,1213.46976929413,1240.7398681640625,20617782,0.023309054075455027,0.023041546990373724,25581304120.51538
2026-03-25,1248.3755838951454,1262.2585434912949,1243.9132040249544,1249.1688232421875,17290030,0.0067934909600329,0.006770519180684543,21598166428.92212
2026-03-27,1245.499833090769,1250.358893273775,1219.8163330232837,1223.4854736328125,23630905,-0.020560351116284292,-0.020774657703313704,28912068996.296997
2026-03-30,1206.3300855990337,1212.3790655174357,1190.3647054702,1195.8187255859375,23952775,-0.022613058056771163,-0.022872654227932113,28643176874.746704
2026-04-01,1217.8330476356737,1223.6837477872427,1199.884388024768,1202.561767578125,25472333,0.0056388496415988865,0.005623010842800156,30632053796.818604
2026-04-02,1186.001465486272,1211.883245832491,1177.67166509731,1205.635986328125,20851722,0.0025563915574924323,0.002553129546729968,25139586420.109863
2026-04-06,1202.8592693089724,1224.0803886246306,1190.4637698313447,1221.10546875,10058414,0.012830972695986542,0.012749353196088498,12282384342.351562
2026-04-07,1218.7254656803555,1239.9465842479708,1206.429106422035,1235.0875244140625,25600557,0.01145032597255935,0.011385267148937233,31618928568.7511
2026-04-08,1299.048365281531,1322.3519046587187,1281.595525957938,1298.2550048828125,25148651,0.05114413288136577,0.0498792212945894,32649362026.801147
2026-04-09,1289.032858674316,1297.065118454786,1265.2334987026684,1270.58837890625,22923062,-0.02131062531822081,-0.021540975172309122,29125776186.14746
2026-04-10,1278.2238983175278,1312.931296642674,1277.7280783414542,1310.848876953125,18174755,0.03168649951098401,0.031194841365398695,23824357180.648193
2026-04-13,1293.9909710757174,1345.655387306946,1285.8594510059597,1339.8046875,30572141,0.022089358320372066,0.02184892271506289,40960697818.71094
2026-04-15,1346.647094004827,1353.3902942945808,1326.8142943876721,1336.829833984375,23827473,-0.0022203635674509226,-0.002222832229531927,31853276774.857178
2026-04-16,1340.697246754227,1355.4727065977952,1328.995846624469,1334.2515869140625,24017236,-0.001928627716684117,-0.0019304899138274574,32045035246.28955
2026-04-17,1335.7390510601572,1341.5897511433582,1322.8477313394578,1335.540771484375,18151993,0.0009662229994376048,0.0009657565064619292,24242726735.198975
2026-04-20,1353.2910001768837,1364.893260297481,1341.6888611060856,1344.862060546875,21551520,0.006979411831912863,0.006955168474704193,28983821595.117188
2026-04-21,1356.5634890022861,1381.4536282235813,1348.6303691835594,1376.79296875,23312455,0.02374288720000073,0.023465408371019045,32096424128.30078
2026-04-22,1368.463107425001,1368.5622472083335,1353.588508431251,1356.166748046875,13613487,-0.01498135244099319,-0.015094706457260751,18462158394.36841
2026-04-23,1337.1273930984762,1342.680552858981,1332.268332914358,1336.730712890625,20111792,-0.014331596895618803,-0.01443528611073706,26884050057.66797
2026-04-24,1325.1285758443225,1337.5240758015216,1312.931355466517,1315.1129150390625,14056743,-0.01617214121220789,-0.016304337490023964,18486204262.684937
2026-04-27,1316.7986931874252,1324.7318126631535,1299.9408143015023,1303.114013671875,15385625,-0.009123856385237494,-0.009165733679135214,20049223546.60034
2026-04-28,1303.3124724850059,1306.6839515728986,1275.943112231791,1281.1988525390625,16774778,-0.016817531622625004,-0.016960552075848682,21491826325.19751
2026-04-29,1283.876190331697,1285.9587310592146,1265.5308513211887,1270.290771484375,11716030,-0.008513964114992723,-0.008550414948991114,14882764787.434082
2026-04-30,1250.4580524616338,1261.5643721523936,1248.474772441869,1252.8380126953125,17740110,-0.013739184115041936,-0.01383444020542305,22225484157.39624
2026-05-01,1252.8380126953125,1252.8380126953125,1252.8380126953125,1252.8380126953125,0,0.0,0.0,0.0
2026-05-04,1253.7304875272214,1271.4807465048432,1253.7304875272214,1260.1761474609375,14597051,0.0058572095444628935,0.005840122780677988,18394855493.470825
2026-05-05,1253.4328902069624,1256.11026963796,1235.0875512284588,1240.839111328125,24447935,-0.015344708889922787,-0.015463657323612707,30335953939.207764
2026-05-06,1251.449645209005,1272.0758050555082,1241.6323852719695,1268.8033447265625,22909586,0.0225365505835049,0.022286354587872623,29067759343.10083
2026-05-07,1273.9597944081108,1283.1820943562475,1262.5559349914981,1268.3074951171875,25028552,-0.00039080099483967956,-0.0003908773774493782,31743900093.530273
2026-05-08,1268.902517705381,1268.902517705381,1250.6563175253964,1254.226318359375,11137424,-0.011102336627374032,-0.011164427564048722,13968850299.527344
2026-05-11,1248.871386509416,1265.035045184508,1241.5332266149906,1255.8128662109375,18980488,0.0012649613776545277,0.0012641619880713333,23835941037.362305
2026-05-12,1245.4998520747622,1249.3672723222166,1225.9645923052954,1229.93115234375,21110708,-0.02060953073787042,-0.020824870961871328,25964717417.23242
2026-05-13,1227.9478864287817,1238.7566658178762,1216.940585355795,1225.2703857421875,19490295,-0.0037894532492172006,-0.0037966514176839476,23880881272.87903
2026-05-14,1228.7410341788377,1246.193873036946,1225.6669745529443,1235.5833740234375,16535600,0.00841690813820084,0.008381683483998367,20431112439.501953
2026-05-15,1236.178367000428,1247.4830869105315,1231.616847331383,1234.095947265625,11745614,-0.0012038254876876042,-0.0012045506676418378,14495214635.546387
2026-05-18,1225.171187688256,1243.218986792355,1221.7004477797907,1240.6407470703125,13918850,0.005303315207532133,0.005289302153365294,17268292462.35962
2026-05-19,1240.6406985843882,1245.7972988767476,1219.518840596794,1230.4268798828125,38929053,-0.008232735553478587,-0.008266811676174598,47899353219.58264
2026-05-20,1219.7171565954964,1229.3360158332805,1213.0732172518474,1226.9561767578125,14953103,-0.0028207309038392747,-0.00282471666218752,18346802087.545776
2026-05-21,1234.8892560806848,1237.8641758775068,1224.0803566089394,1232.41015625,14394386,0.0044451298224843505,0.00443527941302666,17739787499.382812
2026-05-22,1231.6168488886804,1260.1761285871792,1231.6168488886804,1253.73046875,11601085,0.01729968906201962,0.017151753167287478,14544633735.058594
2026-05-25,1260.3744497717253,1282.6863499447102,1260.2753099809177,1281.0006103515625,13853923,0.021751199545107625,0.02151801747194231,17746883818.76355
2026-05-26,1279.215515708668,1290.9169153575494,1265.5308361904704,1268.4066162109375,18400405,-0.00983137247465371,-0.009880019524467735,23339195442.960815
2026-05-27,1275.2490410953124,1282.587201311576,1256.1103406589523,1262.0601806640625,18366272,-0.005003470863179094,-0.005016030134331038,23179340558.445312
2026-05-28,1262.0601806640625,1262.0601806640625,1262.0601806640625,1262.0601806640625,0,0.0,0.0,0.0
2026-05-29,1264.4401034217194,1277.0340036893715,1237.4675446174365,1245.896484375,31007884,-0.01280738948641702,-0.012890111157263089,38632613663.50781
2026-06-01,1246.5906197801364,1251.3505402000205,1225.5679002002253,1229.3360595703125,9911975,-0.013291974905118242,-0.013381103884753569,12185148289.059448
2026-06-02,1222.692101166893,1227.3527606751832,1210.4948809348448,1216.3455810546875,17920892,-0.0105670686339141,-0.010623296564058115,21797997792.7583
2026-06-03,1209.7016025437176,1237.8642014111729,1203.5533622069204,1231.6168212890625,13934754,0.012555017646492583,0.01247685693856786,17162277426.925049
2026-06-04,1221.8987381131592,1251.7471984286103,1221.8987381131592,1241.2357177734375,19461560,0.00780997491923463,0.007779634932420292,24156383395.59082
2026-06-05,1246.4914883012805,1254.4246083541127,1239.5500082550523,1251.548828125,10166393,0.008308744426129167,0.008274416824264205,12723737245.408203
2026-06-08,1235.98013161075,1243.516571470306,1232.7076711606426,1239.748291015625,10714196,-0.009428746880817962,-0.009473478914753681,13282906180.606445
2026-06-09,1244.5081432866116,1269.2000023713417,1242.2273229706288,1264.3409423828125,22368579,0.019836810056854892,0.019642624356053625,28281510252.62439
2026-06-10,1260.6719575059049,1295.0818164605482,1260.6719575059049,1282.488037109375,25951584,0.014353007261128425,0.014250977978239874,33282596024.039062
2026-06-11,1275.7448484381675,1321.8561080202699,1275.7448484381675,1305.9898681640625,35919374,0.018325185401073085,0.018159302680630086,46910338514.795654
2026-06-12,1318.881182108178,1333.0616823357286,1307.6756018402702,1329.5909423828125,18339846,0.018071406826400516,0.017910059898595426,24384493126.295654
2026-06-15,1343.2755003149457,1351.3077599885314,1314.2205213660739,1316.501220703125,16172921,-0.009844923925420912,-0.00989370562108192,21291670238.835205
2026-06-16,1320.7653035280132,1326.1201835892518,1315.2121438922036,1323.145263671875,13069159,0.005046742733137322,0.005034050611700275,17292395831.02466
2026-06-17,1330.7808691866162,1334.7474291543856,1322.2527894658729,1325.6243896484375,8026424,0.001873661225739287,0.001871908112030746,10640023416.05957
2026-06-18,1322.4510288431072,1335.6398887549333,1320.2694693470728,1331.078369140625,13467985,0.004114272138304509,0.004105831663710065,17926943509.4104
2026-06-19,1329.293324489997,1340.994724069171,1320.8643850956182,1335.2431640625,9057322,0.0031288878389361674,0.003124003056021413,12093727285.21289
2026-06-22,1341.6888318212496,1351.307690769155,1337.1273123310036,1341.0938720703125,4814845,0.004381754698531193,0.004372182762476511,6457159124.468384
2026-06-23,1346.647075338441,1357.654254763427,1320.3686162099664,1327.11181640625,11884879,-0.010425859035861351,-0.01048058904141533,15772563357.458496
2026-06-24,1329.3925787519856,1366.0832592753275,1329.3925787519856,1362.11669921875,16440708,0.02637673960834097,0.02603487195059534,22394162913.779297
2026-06-25,1370.3473528540349,1392.2625728462838,1368.562352417643,1375.9005126953125,17173209,0.01011940715833548,0.010068548774397315,23628627067.723755
2026-06-26,1375.9005126953125,1375.9005126953125,1375.9005126953125,1375.9005126953125,0,0.0,0.0,0.0
2026-06-29,1378.379593988644,1390.2792739367474,1371.6363935981306,1375.9996337890625,13249405,7.204088728474112e-05,7.203829246464208e-05,18231176427.922974
2026-06-30,1390.2792468566804,1390.2792468566804,1354.6793474953972,1363.7032470703125,18398057,-0.008936329935560927,-0.008976498416851381,25089490070.684692
2026-07-01,1359.935092537661,1373.5205118412996,1356.2659519824388,1368.264892578125,11948034,0.0033450426385743803,0.0033394604284707665,16348075457.529785
2026-07-02,1370.347360452637,1393.2542205810548,1365.2900205878914,1388.2960205078125,15779429,0.014639802598416685,0.014533675223695482,21906518486.58557
2026-07-03,1402.1789477753737,1408.128787723501,1394.1466880553623,1399.6007080078125,12901785,0.00814285089995792,0.008109876770905081,18057347420.564575
2026-07-06,1400.1956098660596,1419.6317286825692,1399.7989296759679,1414.9710693359375,12306949,0.010981961669627172,0.010922097811533872,17413976786.792847
2026-07-07,1419.6317869331858,1421.0201071305735,1398.212387337131,1402.873046875,15664178,-0.008550014006021511,-0.008586775064128464,21974853117.652344
2026-07-08,1398.5098849300493,1406.4430046152802,1364.397446073597,1369.05810546875,10573142,-0.024104063786509533,-0.02439932098573158,14475245755.37207
2026-07-09,1371.3389070760331,1391.8658055614053,1365.7857475821456,1369.1572265625,13948838,7.240093999949515e-05,7.239831917793794e-05,19098152349.84961
2026-07-10,1378.081980498166,1396.4273194454097,1377.9828407138161,1389.48583984375,6409645,0.014847537512027387,0.014738391863440465,8906110965.925293
2026-07-13,1381.850313043882,1401.1872926666704,1374.710553603081,1397.716552734375,10091437,0.005923567304255917,0.005906091956425886,14104968535.776123
2026-07-14,1388.2959393084109,1399.9973392167874,1380.36281965522,1395.9315185546875,14133017,-0.0012771074193801413,-0.0012779236160483467,19728723882.569214
2026-07-15,1401.0881343697583,1416.061873669893,1397.4189938599209,1404.3604736328125,12961648,0.00603822964528522,0.0060200725909759925,18202826124.341797
2026-07-16,1408.2278901435363,1411.7977698077207,1394.4440704195183,1406.34375,10165264,0.0014122274191163964,0.0014112311638238035,14295855493.5
2026-07-17,1410.2112272612976,1442.935347434669,1407.8312670387277,1432.2257080078125,11112550,0.018403721001933215,0.01823642202690357,15915679791.522217
2026-07-20,1432.4239762420166,1467.6271961496604,1427.4657762550246,1447.99267578125,22236415,0.011008717191209216,0.010948562346571867,32198166055.632324
2026-07-21,1457.7107481698004,1461.5781682422519,1444.4227484323062,1450.868408203125,18269907,0.001986013099357198,0.0019840435825681036,26507230887.10913
2026-07-22,1454.1408592092237,1454.1408592092237,1426.374940373995,1428.6556396484375,8345136,-0.01530998154560248,-0.015428389415892058,11922325610.033203
2026-07-23,1420.5242697074934,1433.9114094220142,1414.673569622298,1422.606689453125,12409328,-0.004234015551011994,-0.0042430043763786104,17653593024.41797
2026-07-24,1416.0618385071728,1427.9615178223592,1403.5671994361867,1420.9208984375,10870914,-0.0011850014681662469,-0.0011857041375703938,15446708887.716797
2026-07-27,1423.6974916567503,1436.8863520032721,1416.8552725346733,1433.6138916015625,10608300,0.008932934393476977,0.008893271762492681,15208206246.276855
2026-07-28,1430.2423604987887,1433.8122401392648,1405.7487808950839,1418.8385009765625,19486209,-0.010306394707499389,-0.010359873358827185,27647783567.276
2026-07-29,1430.4406700852692,1436.3905099608405,1416.557710375603,1425.879150390625,10856166,0.004962262730547895,0.004949991284195239,15479580752.57959
2026-07-30,1419.13595728037,1430.143136895818,1410.7070174140658,1421.91259765625,14141173,-0.002781829535335012,-0.0027857060139209813,20107512034.336426
2026-07-31,1422.309244666781,1429.8456841613988,1419.4334645695478,1423.4000244140625,8752440,0.0010460746745364347,0.001045527919688461,12458223309.682617
2026-08-03,1442.0,1460.0,1433.0,1460.0,7706747,0.02571306376154081,0.02538804268527781,11251850620.0
2026-08-04,1452.0,1454.5999755859375,1430.800048828125,1454.5999755859375,11458963,-0.0036986468589469412,-0.003705503765980531,16668207300.040161
2026-08-05,1454.5999755859375,1454.5999755859375,1431.199951171875,1450.0999755859375,11723296,-0.003093634040649107,-0.0030984292186756247,16999951243.386719
2026-08-06,1460.0,1460.0,1448.300048828125,1457.5,14954726,0.005103113260223502,0.005090136506921355,21796513145.0
2026-08-07,1451.0,1455.0,1418.199951171875,1421.0,14395789,-0.025042881646655246,-0.025361790127546822,20456416169.0
2026-08-10,1428.0999755859375,1441.9000244140625,1415.5,1431.800048828125,12749354,0.007600315853712125,0.00757157896759896,18254525679.72705
2026-08-11,1432.0999755859375,1434.0,1412.199951171875,1429.5999755859375,10471914,-0.0015365785494896311,-0.0015377602970294251,14970647998.738037
2026-08-12,1429.4000244140625,1435.0,1418.5999755859375,1431.699951171875,8201733,0.0014689253090374166,0.0014678474936134528,11742420735.624756
2026-08-13,1429.0,1429.0,1406.4000244140625,1406.800048828125,11408206,-0.017391844096501408,-0.017544858952809585,16049064757.841309
2026-08-14,1403.0,1417.800048828125,1401.0,1417.0,6097934,0.007250462622866438,0.007224304382206365,8640772478.0
2026-08-17,1418.0,1423.5999755859375,1407.0,1415.300048828125,5605603,-0.0011996832546753433,-0.001200403450693475,7933610199.611084
2026-08-18,1410.0,1416.5999755859375,1406.300048828125,1412.0,8345198,-0.002331695551665902,-0.0023344181867995997,11783419576.0
2026-08-19,1412.0,1416.0,1391.5,1402.0,10304210,-0.007082152974504208,-0.007107350458651945,14446502420.0
2026-08-20,1407.800048828125,1413.0,1403.300048828125,1411.9000244140625,8425049,0.007061358355251457,0.00703654371258103,11895326888.789673
2026-08-21,1417.0,1420.0,1411.199951171875,1420.0,4565280,0.005736932818100282,0.005720539288190103,6482697600.0
2026-08-24,1420.5,1425.5,1408.699951171875,1415.0,5307113,-0.0035211267605633756,-0.0035273405179684107,7509564895.0
2026-08-25,1408.0,1424.9000244140625,1408.0,1422.699951171875,7983249,0.005441661605565473,0.005426909259037061,11357767962.49292
2026-08-26,1423.0999755859375,1446.0,1423.0999755859375,1430.0,4177066,0.005131123271714388,0.005118003917577958,5973204380.0
2026-08-27,1445.0,1453.800048828125,1433.0999755859375,1443.0,11539716,0.009090909090909038,0.009049835519917856,16651810188.0
2026-08-28,1435.0,1439.800048828125,1418.9000244140625,1422.800048828125,8625738,-0.013998580160689555,-0.01409748438123778,12272700447.578613
2026-08-31,1422.800048828125,1454.0,1419.0,1454.0,15331697,0.021928556438814084,0.021691583700831546,22292287438.0
2026-09-01,1442.9000244140625,1446.699951171875,1422.800048828125,1438.0,10627608,-0.011004126547455306,-0.011065119812472688,15282500304.0
2026-09-02,1425.0999755859375,1436.0,1420.699951171875,1426.5,8515824,-0.007997218358831715,-0.008029367627437315,12147822936.0
2026-09-03,1438.300048828125,1452.0,1430.0,1430.0,10503351,0.002453557658604888,0.0024505526003981877,15019791930.0
2026-09-04,1432.0999755859375,1438.300048828125,1421.4000244140625,1423.199951171875,6693889,-0.004755278900786752,-0.0047666212110163714,9526742497.949951
2026-09-07,1428.0,1434.4000244140625,1422.5999755859375,1427.5,8035111,0.00302139472713181,0.0030168394872286163,11470120952.5
2026-09-08,1424.0,1424.9000244140625,1396.300048828125,1399.4000244140625,12123411,-0.01968474647000873,-0.01988107177227608,16965501649.381714
2026-09-09,1395.9000244140625,1402.5,1385.5,1389.0999755859375,14229080,-0.007360332034035633,-0.0073875529299993305,19765614680.61035
2026-09-10,1385.9000244140625,1393.0,1373.9000244140625,1384.5,10580641,-0.00331147913525609,-0.0033169742168734084,14648897464.5
2026-09-11,1371.5999755859375,1389.0,1367.5999755859375,1379.300048828125,7064417,-0.003755833276904985,-0.003762904128886814,9743950713.042236
