Date,open,high,low,close,volume,returns,log_returns,dollar_vol
2018-01-02,105.11200936302829,106.56859914460368,104.96338175163058,106.36051177978516,10171537,0.013310301491557652,0.013222497700491748,1081849880.9070206
2018-01-03,106.71723730362243,107.1928609476124,105.0823007584237,105.26065826416016,12409998,-0.010340806914338696,-0.010394644529354208,1306284558.536911
2018-01-04,105.49847742524545,105.76601371626467,104.96340484320702,105.29039001464844,8712321,0.00028245833703288703,0.00028241845318698045,917323676.0228119
2018-01-05,105.40928960547943,105.97409202224452,104.93366594472573,105.5281982421875,12431070,0.002258593851784285,0.002256047062744439,1311828419.3225098
2018-01-08,105.58764072657155,106.1227132302535,105.17147685240046,105.61737060546875,7290126,0.0008450098150694085,0.0008446529952722989,769963939.5025635
2018-01-09,105.76600420292853,106.06327035046041,104.48777174322782,105.05257415771484,7868696,-0.005347571564375486,-0.005361921004494311,826626770.0645142
2018-01-10,104.75531447395595,105.11202951857338,103.09064789443441,103.41763305664062,9836607,-0.015563075100089363,-0.015685451111924178,1017278613.2483826
2018-01-11,103.44733627969568,103.98240870872858,102.85281498724014,103.15007019042969,6643371,-0.0025872074065396156,-0.0025905600114598157,685264184.9510651
2018-01-12,103.2689948969302,103.50680127375718,102.13940099940432,102.5555648803711,8369301,-0.005763498841649395,-0.005780171895379535,858318391.7088547
2018-01-15,102.85283473885721,104.2796948236225,102.13940469647457,102.82310485839844,5463837,0.0026087319429173306,0.002605335108080861,561808684.7801971
2018-01-16,103.20954459499632,103.80406597186993,101.42596957829753,103.00145721435547,10138000,0.0017345552461447422,0.0017330526425088646,1044228773.2391357
2018-01-17,102.97171136538529,103.9526774724305,101.57458144767969,103.59596252441406,7596332,0.005771814556190025,0.005755221452151628,786949325.1950073
2018-01-18,103.95268286447356,103.95268286447356,102.05021030042187,102.34746551513672,8280381,-0.012051599105352362,-0.012124808413218575,847476008.8496933
2018-01-19,102.28801403483594,103.12035256413127,101.18813928748959,102.70417785644531,3836697,0.003485307032403684,0.00347924742549391,394044811.06929016
2018-01-22,102.8528393046044,103.03119682311755,101.93132183026017,102.49612426757812,5422626,-0.002025755847614996,-0.0020278104662314446,555798148.3526001
2018-01-23,102.3177616044448,104.78503685779364,102.3177616044448,102.67447662353516,6478592,0.001740088781224669,0.0017385765807293328,665186042.8574219
2018-01-24,102.6447256614422,103.86349809765575,102.02047450624664,103.44733428955078,11677422,0.007527261802846796,0.007499073334003008,1207998177.2741547
2018-01-25,103.17982842554966,104.33915234044348,101.90159586505051,102.22859191894531,13565392,-0.011781283480869487,-0.011851232738583739,1386770922.9885254
2018-01-29,102.25830349485001,102.70419727591198,101.3665159327261,101.69351196289062,12918822,-0.0052341516791989395,-0.005247897838401404,1313760379.6034546
2018-01-30,101.69352107933545,102.55557883797596,100.95036108225112,101.24762725830078,9204885,-0.004384593431610018,-0.004394233951551125,931972765.435524
2018-01-31,101.0692907201438,101.63408242003163,100.3261305687186,101.2179183959961,7820538,-0.0002934277385967521,-0.00029347079693885507,791578577.0967865
2018-02-01,100.62336420020569,100.95034933555623,99.52348927427629,100.50445556640625,11024756,-0.0070487799086971226,-0.0070737399186996,1108037099.5324707
2018-02-02,99.58293832872307,100.20718960666508,97.97772075687219,98.21553802490234,4803742,-0.02277428924523206,-0.023037629307372052,471802105.06282043
2018-02-05,96.31305532582473,99.52349050335224,96.31305532582473,98.83979034423828,7129994,0.006355942571710571,0.006335828751922387,704727112.1156769
2018-02-06,96.31306864605192,98.69116547775494,95.8671748097276,98.2750015258789,4853142,-0.005714184706304359,-0.005730573120503192,476942537.455307
2018-02-07,99.44168134568747,100.4995789912775,96.02621074686888,100.0159683227539,11374195,0.017715255862057022,0.017560169633073604,1137601126.8168259
2018-02-08,100.01597070838324,100.19732332979463,98.53492061056167,98.95808410644531,7486767,-0.01057715316912966,-0.010633488853285817,740876118.4713593
2018-02-09,98.20243975830303,99.16965000289004,97.02364777597806,98.68605041503906,4518222,-0.0027489789627862526,-0.0027527643443362106,445885484.0783386
2018-02-12,99.0185464235639,99.92530966920094,97.99087772221284,99.68350982666016,10466476,0.01010740025997725,0.010056662090868237,1043335063.1965027
2018-02-14,99.74394661995409,100.16709906750094,98.02109663288215,98.50470733642578,4921964,-0.01182545129364121,-0.011895928107219329,484836623.3404236
2018-02-15,98.80696916698584,99.35102713927678,98.32336945976353,98.65584564208984,2581964,0.001534325716515017,0.0015331498414427498,254725841.83743286
2018-02-16,98.8371844341012,99.01853706609039,97.96065040244893,98.41403198242188,7340724,-0.00245108293476326,-0.002454091756125828,722430246.5101318
2018-02-19,98.74650862467223,98.92786125759174,97.59794563914411,98.47447967529297,2634882,0.0006142182334516466,0.0006140296786377469,259468633.9557953
2018-02-20,98.1419964241772,99.80438805951835,97.99086186177492,99.26033020019531,6225978,0.007980245516336693,0.00794857175509247,617992632.0991516
2018-02-21,99.7439597759141,99.7439597759141,97.62817512134129,98.11178588867188,9316350,-0.011571030533617743,-0.01163849584112306,914043736.4639282
2018-02-22,97.8699819531391,98.11178179226488,96.81208413557873,97.17478942871094,5934736,-0.009550294610110921,-0.009596191124256968,576706721.1149902
2018-02-23,97.35612200069312,99.13943003680437,97.23522764050189,98.86740112304688,4571212,0.01741821828775514,0.017268259957188375,451943850.42248535
2018-02-26,98.89763065597425,98.92785978397264,97.62816224444757,98.50470733642578,3486711,-0.003668487110020213,-0.0036752325108555424,343457446.6216965
2018-02-27,99.13942731053315,100.34843729250734,98.26288234438465,100.07640838623047,3844933,0.015955593314305405,0.015829640833285676,384787085.1256943
2018-02-28,99.1394319467025,99.86484239736403,98.26288693956313,98.68605041503906,5257828,-0.013892964322075985,-0.01399037481693459,518874279.081604
2018-03-01,98.95806790659047,98.98828595928849,97.93039953053105,98.53490447998047,2576112,-0.0015315835867676375,-0.0015327576598564434,253836949.84973145
2018-03-05,97.62816229430757,99.80439385803618,96.75162827076781,98.71627807617188,3945470,0.001840704034256735,0.001839012014605954,389482113.66119385
2018-03-06,99.3207850739543,99.71370835750834,98.05131677871945,98.74649810791016,6137704,0.0003061301775879599,0.0003060833293060163,606076776.4229126
2018-03-07,98.5349154191912,99.56258390934096,97.86996322163988,98.83717346191406,3130801,0.0009182639966109907,0.0009178426501457191,309439521.511734
2018-03-08,99.13945044895395,100.34846071310227,98.08155263171527,99.92530822753906,5446693,0.011009367503253209,0.010949205577261954,544262476.8457794
2018-03-09,99.80437030444298,99.92527571907878,98.2628733105915,99.38121795654297,4485285,-0.005444969654305742,-0.00545984753254761,445753086.1822128
2018-03-12,99.62304311404765,104.4288879082784,99.19989065827245,103.46167755126953,3493401,0.04105865955990651,0.04023813728629749,361433127.81928253
2018-03-13,102.40379333496094,103.21988020639658,101.13432486828327,102.40379333496094,3752316,-0.01022488946000677,-0.010277522729199373,384251392.1914673
2018-03-14,102.3432950937445,102.85713474686743,101.64811394225629,102.5851058959961,4448883,0.0017705648895454118,0.001768999287259249,456389133.6738968
2018-03-15,102.16197393033436,102.85716636440186,101.1343164459587,102.7060317993164,4383296,0.0011787861626122442,0.001178091939710337,450190938.3618164
2018-03-16,101.43656402011169,102.43400345229924,98.92785641060188,99.65326690673828,14854449,-0.029723326265229555,-0.03017401750083566,1480294370.9495316
2018-03-19,99.7439360569412,101.49701498635817,98.92784930738439,100.95295715332031,6026004,0.013042123825186325,0.012957807645014219,608342923.6177368
2018-03-20,100.59027862548828,101.13433660290579,99.53238073458454,100.59027862548828,3780434,-0.0035925498178445148,-0.0035990185223506097,380274909.38526917
2018-03-21,101.2552079909423,103.28031591418217,100.13687422626454,102.97805786132812,6866022,0.02373767394292514,0.02346031600806866,707049610.7931519
2018-03-22,102.16198238907089,103.49190911373182,101.85973537164608,103.34077453613281,4472313,0.003522271465763449,0.003516082795484496,462172289.38801575
2018-03-23,102.1015485280118,103.85462794725177,101.73884320464408,102.7967300415039,10827793,-0.005264567612067617,-0.0052784742780005904,1113061713.9662857
2018-03-26,102.73626658500497,103.37100080044631,102.01085605307202,102.67581939697266,6600055,-0.0011762109989532643,-0.001176903278007694,677666055.1900864
2018-03-27,102.91759636667594,103.67323585928976,101.82948081037628,103.40120697021484,4195293,0.007064833546033267,0.007039994529908948,433798359.79369354
2018-03-28,103.18961076386053,103.37096333110809,100.6204457048927,102.5851058959961,10138818,-0.007892568163675562,-0.007923879338992109,1040091718.1902313
2018-04-02,102.70601986689759,103.28030679595302,101.6179042553511,103.0082778930664,3367125,0.00412508222684238,0.004116597400886243,346841747.7006912
2018-04-03,103.25009205285295,103.91505537548352,101.92017647647772,102.3735580444336,4460793,-0.006161833413929285,-0.0061808958561774385,456667251.10970306
2018-04-04,102.25265413388519,102.37355957677846,100.04620451606411,100.68093872070312,3998232,-0.016533754966256198,-0.01667196300917587,402545750.9831543
2018-04-05,100.95295246789367,102.6153439457645,100.83204704320173,102.13174438476562,3916746,0.014409933821605936,0.01430709745808612,400024101.2920532
2018-04-06,101.79927153902625,102.76649293470786,101.04364296795212,102.43400573730469,3134724,0.00295952403789701,0.002955153268106942,321102336.2008667
2018-04-09,102.16196677777472,103.03851177346762,101.82949068185822,102.55490112304688,3930802,0.0011802270629952538,0.0011795311425440871,403123010.4442749
2018-04-10,102.7060337621825,103.00829182924436,101.64814713079483,101.79927062988281,2607237,-0.0073680583267048405,-0.007395336542711801,265414824.95924377
2018-04-11,102.34331789724519,103.12918657634182,101.37610767937788,101.8597183227539,6787894,0.0005937929859129998,0.0005936167606153863,691412970.8447113
2018-04-12,101.6179174565504,102.67581515113072,101.1645358928405,102.4642333984375,6867020,0.005934780555431285,0.005917239114164316,703623940.0317383
2018-04-13,102.52468766508994,103.79415613115663,102.25265870807566,103.34077453613281,3483164,0.008554605920749303,0.00851822262875335,359952865.5963745
2018-04-16,102.52469022045402,105.72859059477307,102.52469022045402,105.24497985839844,3694548,0.01842646652120683,0.018258756259196367,388832629.84588623
2018-04-17,105.45654351266978,107.48165136261592,105.24496177644109,106.96781158447266,6699236,0.016369728308107456,0.016237188773694747,716602614.2079163
2018-04-18,106.69580053321751,108.81158504312953,106.60512421234823,107.93505096435547,4948994,0.009042340546707273,0.009001703371835102,534169919.6122894
2018-04-19,108.207096428797,108.5698017675875,106.99807494319916,107.33055114746094,3141238,-0.005600588608552726,-0.0056163307091342185,337150805.8253479
2018-04-20,107.57235773824497,107.57235773824497,104.73116234292024,105.39612579345703,3495886,-0.018023063641462223,-0.018187457300081936,368452840.6155853
2018-04-23,105.21474743251436,106.09128139544083,104.6706895792044,104.94271850585938,3569025,-0.0043019350491705355,-0.004311214995802391,374543185.91537476
2018-04-24,104.91250949425921,105.57747290986755,104.03597536327946,104.4893569946289,2003576,-0.004320085449331601,-0.004329443981307304,209352367.9298706
2018-04-25,104.45912901461551,104.48935814666793,102.46424981468363,103.88484191894531,5424140,-0.005785422487714853,-0.005802222873954279,563485926.446228
2018-04-26,104.36844405217526,105.09385461031376,102.49447046661307,103.97550964355469,5347538,0.0008727714547624998,0.0008723908112168225,556012988.8882751
2018-04-27,104.33821302795528,104.42888934607599,102.40379228730407,103.21987915039062,9327048,-0.007267389174186234,-0.007293925290578621,962736767.3898926
2018-04-30,103.49189384903414,104.67068582222831,102.64557797352282,104.06616973876953,2290147,0.008198910862372344,0.008165482386472822,238326826.42873383
2018-05-02,104.42886958517951,104.42886958517951,102.64557268921759,103.0082778930664,2610385,-0.01016556916007072,-0.010217591415762225,268891263.48789215
2018-05-03,103.21988781685373,106.51445360593145,102.79672425083669,105.36589050292969,3549040,0.022887603385727262,0.02262961132021152,373947760.0305176
2018-05-04,105.30542570771928,105.30542570771928,103.12919425384369,103.310546875,3371295,-0.019506726684690556,-0.01969949383300253,348290330.1269531
2018-05-07,103.46166757351308,104.1568489128624,102.76648623416378,103.06873321533203,5823535,-0.002340648336326634,-0.00234339193568076,600224375.2851486
2018-05-08,103.40122229182009,103.97549820792752,102.91761161662157,103.61279296875,3453937,0.005278611043771253,0.0052647280104869834,357872059.30810547
2018-05-09,103.09895419402861,104.21729892885729,102.70601986689759,103.0082778930664,10928712,-0.005834367150646336,-0.005851453562015157,1125747802.7092896
2018-05-10,103.6127861508331,103.79413875848853,101.46678398320559,101.8597183227539,9844190,-0.011150167673949718,-0.011212796778712411,1002726420.5156708
2018-05-11,101.55748226654491,102.917627118329,100.8925188715992,101.22500610351562,15561708,-0.006231238704461406,-0.00625073390069895,1575233987.281128
2018-05-14,101.25522745688198,104.51957520727697,100.28801699824596,103.76394653320312,7046984,0.025082146471703926,0.02477275227832427,731222870.9963379
2018-05-15,102.91761112381332,105.15428973173614,102.34332414157032,102.82693481445312,5782708,-0.009030224370370932,-0.009071243977360692,594618138.5670166
2018-05-16,103.09897088536984,103.79415228233259,101.85973159455291,102.76649475097656,3899072,-0.0005877843542222427,-0.000587957167166925,400693962.2216797
2018-05-17,102.82694649824762,103.43145160637445,100.71116201647372,101.01342010498047,6783446,-0.017058815231989155,-0.01720599300749041,685219080.5574493
2018-05-18,100.65071918906915,101.6179296177735,100.19733757110038,100.71116638183594,5496430,-0.0029922135378686043,-0.002996699158988952,553551876.2361145
2018-05-21,100.34842806697881,101.07383841702656,98.35354960434748,99.38121795654297,3879174,-0.013205570673768263,-0.013293539533149525,385517036.7853546
2018-05-22,99.29055975308536,101.52723838361767,99.13943625891922,99.8346176147461,4612272,0.0045622268223899365,0.004551851410287781,460464411.4552002
2018-05-23,99.6230410003807,101.52724361429775,99.47191749842868,100.68093872070312,3475720,0.008477230906246636,0.008441500969602604,349938752.33032227
2018-05-24,100.74138020359818,101.43656155587871,99.29055924657067,99.774169921875,2379879,-0.009006360194391605,-0.009047162628739796,237450451.73950195
2018-05-25,99.98575542008035,101.617929238679,99.68350838848683,99.92530822753906,7705690,0.001514803939560716,0.0015136577813970025,769993448.3558655
2018-05-28,100.37868204270366,102.67581907627864,100.07642396571356,101.3761215209961,11540245,0.014518977416145606,0.014414586285359163,1169905279.5020676
2018-05-29,102.07130541493673,102.40379262841124,99.56259762820224,100.3182373046875,7141778,-0.010435240571809556,-0.010490069463377038,716450580.1813965
2018-05-30,99.44169748054748,101.76906382336287,99.38125028800619,99.92530822753906,5414080,-0.0039168259700879116,-0.003924516821982205,541003612.7685547
2018-05-31,100.04621439271473,103.03853308141728,99.19989834668493,101.28545379638672,29432894,0.01361162245054559,0.013519816465115499,2981124025.330948
2018-06-01,101.25520804350897,101.25520804350897,98.95808226105889,99.35100555419922,2975864,-0.019098973936339414,-0.019283715369330715,295655080.7925415
2018-06-04,99.62304704133719,99.98575232312469,97.83974976217759,97.96065521240234,5021538,-0.013994325815236852,-0.01409316964477907,491913152.65397644
2018-06-05,97.62816519085818,98.26289941577777,96.72140201240165,97.50727081298828,2369418,-0.004628229552272933,-0.0046389729681470485,231035482.59516907
2018-06-06,97.5677179211344,98.56515741661067,96.8725365078555,98.23268127441406,3647491,0.007439552511084635,0.007412015531170238,358302820.8542938
2018-06-07,97.93042319221668,98.83718636992239,97.80951774556044,98.23268127441406,4624826,0.0,0.0,454309058.4076233
2018-06-08,98.08156114586549,98.23269574366888,97.20502696793572,97.59796142578125,2199740,-0.0064613918748661625,-0.006482357025511105,214690139.66674805
2018-06-11,97.62815468620029,98.29311796848141,97.47703119568037,97.77928924560547,4838494,0.0018579058125318682,0.001856182040268517,473104504.3391266
2018-06-12,97.93042327330585,98.26289941577777,97.26545991947557,97.50727081298828,3082809,-0.0027819636930875857,-0.0027858405459276893,300596292.0277176
2018-06-13,97.62814123475533,97.71881753035073,96.72137827880131,96.87251281738281,6527995,-0.006509852960841167,-0.006531134463541291,632383279.3093109
2018-06-14,96.84230431643398,96.84230431643398,95.51238872081828,95.75418853759766,6200254,-0.011544288955251392,-0.01161144157879647,593700290.496994
2018-06-15,95.81464210133326,95.93554755221263,93.42683969589524,94.33360290527344,10800649,-0.01483575448781993,-0.014946904997862888,1018864133.8852386
2018-06-18,94.51494413428091,95.39147810787432,94.24291520431548,94.90786743164062,2289944,0.006087592423919652,0.006069137891070966,217333701.57788086
2018-06-19,95.11944579345234,95.11944579345234,93.18501422623231,94.39403533935547,5222522,-0.005414009461915836,-0.005428718324444857,492974926.2285614
2018-06-20,94.78697921867004,95.33103711392602,94.24292132341407,94.93810272216797,7262452,0.005763789850243395,0.005747242765690307,689483413.9908142
2018-06-21,95.3310255891603,95.3310255891603,93.63839385150999,93.8499755859375,9600354,-0.011461437558056398,-0.011527626063137562,900992988.5163574
2018-06-22,93.69886297821176,95.63328366168635,92.91299419846943,95.08922576904297,5141889,0.013204587165509762,0.013118166538914311,488938244.0003586
2018-06-25,94.93810285536787,95.33103724767722,92.70141854914081,93.4872817993164,8198617,-0.016846745325463486,-0.0169902659263353,766466417.8436661
2018-06-26,93.36637674236755,94.48472166734233,92.82232437853423,94.06156921386719,6173371,0.006142946970942642,0.006124155987609348,580676963.5993805
2018-06-27,94.57540197036,94.57540197036,91.64353612865324,92.97345733642578,7083915,-0.011568081274163866,-0.011635512060654241,658616069.0273666
2018-06-28,92.4898473925909,95.45193685475081,90.37406841469904,94.54517364501953,15010362,0.016905000132526826,0.016763700837507518,1419157281.7646027
2018-06-29,93.91044647588443,97.26547060474572,92.85255967443126,96.50984191894531,6659236,0.020780206944273516,0.020567243671456414,642681813.6609497
2018-07-02,96.11688192440208,96.20755822810433,91.5226140253398,92.82231140136719,15954402,-0.03820885460236412,-0.038957956463302745,1480924470.6665955
2018-07-03,93.0943440377235,93.97088910662137,91.64352856862327,93.69886016845703,7506727,0.009443298209841133,0.009398989000931434,703371763.495781
2018-07-04,93.66863478853084,94.21269268662492,92.187590132978,92.42938995361328,11418056,-0.013548406165896032,-0.013641023315256252,1055363950.5361938
2018-07-05,92.3991711935077,92.79210007342846,91.7039842203155,91.97601318359375,4155312,-0.004905114815180189,-0.004917184375416477,382189031.2939453
2018-07-06,92.1271353768302,92.15735897013161,90.58563803292654,90.7669906616211,10642270,-0.013144976392478802,-0.013232136246746837,965966821.7084503
2018-07-09,90.85765675659495,91.82487251232426,90.82743316669298,91.43193817138672,5759994,0.007325873700545493,0.00729916982796247,526647415.2755585
2018-07-10,91.88532138531701,93.24547150704763,91.46216898112236,93.03388977050781,3890373,0.0175207004375022,0.017368982537989866,361936532.8481598
2018-07-11,92.3689320244326,92.94321344971422,91.7341978838004,92.30847930908203,4037034,-0.007797271115022597,-0.007827828781359939,372652469.45906067
2018-07-12,93.09434362683726,93.5175071302602,92.15735691099881,93.12457275390625,3424965,0.008840936942441147,0.008802084685083785,318948402.3220825
2018-07-13,93.21525172751537,94.00110943377364,91.82488341037586,92.4596176147461,3615536,-0.007140490629872542,-0.0071661059431952934,334291076.03234863
2018-07-16,92.48984270699536,94.90787412081747,91.91556121474017,94.06156921386719,4117044,0.01732595959671812,0.01717757662500048,387255619.1625366
2018-07-17,93.69885064006947,94.30335564044407,92.52005316012156,93.88020324707031,2670880,-0.001928162248542753,-0.0019300235463453807,250742757.24853516
2018-07-18,94.27312798590764,94.36380429082159,92.36893111715715,93.8499755859375,2892637,-0.0003219812067647432,-0.00032203305384298655,271473911.8289795
2018-07-19,93.69887070459296,94.21269951149762,92.7618783448143,93.42684173583984,3163729,-0.0045086197141329665,-0.004518814193557439,295577208.57808685
2018-07-20,93.09434974452525,94.30337101122102,93.09434974452525,94.09178924560547,3659896,0.0071173069474588235,0.007092098458726995,344366163.0928345
2018-07-23,93.88022299127184,96.47960721533931,93.88022299127184,95.60307312011719,6286406,0.016061803974912747,0.01593417799014836,600999732.4807434
2018-07-24,95.51238832222784,96.08666426829306,94.54516692137453,95.17990112304688,4224482,-0.0044263430375154345,-0.004436168297893408,402085779.0560913
2018-07-25,94.30335676578028,94.99853807795103,90.58562827789855,91.28081512451172,15232765,-0.04096543443026368,-0.041828161401282905,1390459205.8001328
2018-07-26,91.5528379975358,93.00365324068723,90.67629859959239,92.70140075683594,17803995,0.01556280616454253,0.015442947653683516,1650455275.5677032
2018-07-27,92.4898328901145,93.84997749143972,91.94577504958441,93.66862487792969,5766367,0.010433759503061468,0.010379703514048762,540127667.4314728
2018-07-30,94.9078644992605,95.14967536434884,93.1245674808811,94.24291229248047,9747265,0.006131054184890683,0.0061123357424088766,918610640.4865646
2018-07-31,94.21268988249204,95.99598702798275,93.24547955985257,93.60818481445312,9065227,-0.006735015531539212,-0.006757798100233336,848579444.4009705
2018-08-01,93.57795478432155,94.30336528652559,92.33870999824201,93.91043090820312,4903117,0.0032288425883815197,0.003223641069733711,460453830.2633362
2018-08-02,93.51752132933917,94.15225561196164,93.18503408775481,93.940673828125,3895179,0.00032204005060343377,0.0003219882068365517,365915739.9411621
2018-08-03,94.21268082762268,94.96832039171058,93.94065191281723,94.57538604736328,3276529,0.006756521891673417,0.006733798892509253,309878995.07038116
2018-08-06,94.84743596857246,95.51239937499844,94.30337801846592,94.75675964355469,2395237,0.001917767442160656,0.0019159308738785831,226964896.698349
2018-08-07,94.9078621858752,96.66094110505101,94.5149389102332,96.02620697021484,4450873,0.013396905206925824,0.01330796018380917,427400451.89614105
2018-08-08,96.41914514867916,96.57026864002101,95.270571194048,95.66350555419922,4151246,-0.0037771086400207876,-0.003784259928000582,397122744.7778473
2018-08-09,95.75419544519751,97.53749274397342,94.78698503942044,97.14456939697266,4915016,0.015482015155030338,0.015363391546691928,477467112.89923096
2018-08-10,97.32590104321943,97.59792994886612,95.66349848575042,96.44935607910156,4518788,-0.007156481542783588,-0.007182211989957873,435834192.8579712
2018-08-13,96.1168798667085,96.14710899025701,94.63582991498326,95.51237487792969,2702390,-0.009714748125466244,-0.009762244149302105,258111686.7463684
2018-08-14,95.39147759577968,95.96576457891888,94.6056199363935,94.84741973876953,2030044,-0.006961978905979493,-0.006986326552128597,192544435.35617065
2018-08-16,94.84742443766814,96.11689283358339,94.39404286769842,95.84486389160156,2153881,0.010516302452709958,0.010461390787028194,206438431.28370667
2018-08-17,96.1168798667085,96.87251940434538,95.30079315085909,95.51237487792969,4672155,-0.003469033187296411,-0.003475064234899517,446248619.8477936
2018-08-20,95.69374039124031,96.78185615916766,95.51238776325242,95.84486389160156,3448567,0.0034811092708857405,0.003475064234899539,330527434.7360687
2018-08-21,96.47960505682987,97.74907354441973,95.2705837599725,97.23524475097656,5279408,0.014506576595982201,0.014402362861027185,513344529.0202637
2018-08-23,97.44680306488947,99.74393991622493,96.78185084470489,99.35100555419922,7704134,0.02175919656130043,0.021525844215773006,765413459.824295
2018-08-24,99.50214578021011,101.34589012255833,98.9278587674584,99.32079315185547,5436786,-0.000304097599971076,-0.00030414384702221256,539985897.7169037
2018-08-27,99.68349650325756,100.86228856503183,99.13943862859252,100.43912506103516,2630486,0.01125979640003294,0.011196876760237909,264203712.32530212
2018-08-28,100.74137594185623,105.51699103375003,100.56002332989969,101.73881530761719,8727238,0.012940079334544441,0.01285707182357509,887898855.0276184
2018-08-29,102.43402677371361,102.43402677371361,100.04622405955135,100.37870025634766,3769664,-0.01336869362157489,-0.013458859104316361,378393972.72314453
2018-08-30,100.07638800315003,103.21983988136255,100.07638800315003,102.5851058959961,13384598,0.021980814993755704,0.02174271958355063,1373060403.2053375
2018-08-31,102.43400558445838,104.39866643164595,102.16197664274495,103.67325592041016,8445506,0.010607290550708859,0.01055142793109533,875573104.9153595
2018-09-03,104.2777596532771,104.45911227876105,101.19476502004977,102.4642333984375,4592967,-0.011661855424901724,-0.011730388194757174,470614842.6793213
2018-09-04,102.46423588429434,103.06874096094465,101.19476747510839,101.617919921875,3016566,-0.008259598969247772,-0.008293898454046328,306537162.2270508
2018-09-05,101.37612106449967,103.00829474890128,100.65071053809896,101.5272445678711,2837060,-0.0008923165724472604,-0.0008927149238680047,288038884.47372437
2018-09-06,101.79707588207681,104.67928609627813,101.5824509710611,103.5754623413086,7658860,0.02017407034097407,0.019973269932930186,793269965.5073547
2018-09-07,104.55662617056875,104.58729168176346,101.73574722957818,103.97406005859375,3585828,0.0038483798022708182,0.003840993732256666,372833095.8317871
2018-09-10,104.18867564787395,105.0778743350492,103.11551759598103,103.75941467285156,5871138,-0.002064412850870889,-0.0020665466883337414,609185842.3435364
2018-09-11,103.66743395231794,105.32316936593081,103.48346335080538,104.09669494628906,9709410,0.0032505992299680653,0.003245327453490209,1010717490.8784485
2018-09-12,104.49530566064074,105.2311880948706,102.31832386893566,104.25001525878906,7109565,0.00147286436499372,0.001471780764142448,741172259.7333527
2018-09-14,104.49530545643812,107.37751539443101,104.49530545643812,107.28553009033203,7340733,0.029117644002330856,0.028701778793422377,787554431.1565933
2018-09-17,107.31618871340415,107.56149035337347,104.92457071009241,105.62979888916016,2792490,-0.01543294048859889,-0.01555326792417013,294970157.09999084
2018-09-18,106.21232507769,106.97887276414689,103.69806842857243,104.06600952148438,3646318,-0.01480443382569252,-0.014915113177968594,379457763.70635986
2018-09-19,104.8632566632153,105.44583405423623,103.0235504059659,103.72876739501953,5092003,-0.0032406558876961755,-0.003245918184925938,528187194.76174164
2018-09-21,103.759411376569,106.58028997606681,102.31831218367451,103.17683410644531,9597428,-0.005320927862493052,-0.005335134416259669,990232236.6045532
2018-09-24,103.1462127727726,104.74061755498836,101.98105786037206,102.96224212646484,6216532,-0.0020798465260049026,-0.002082012410450013,640068072.9709167
2018-09-25,103.72875771542634,104.55662545393494,100.81589348949142,104.25001525878906,6496965,0.012507236689178747,0.012429667320352021,677308700.3858185
2018-09-26,105.23117677349602,105.23117677349602,101.79705537366088,102.90087890625,3591889,-0.012941354005464478,-0.013025822879680845,369608535.0336914
2018-09-27,103.11552495941862,104.25001410923808,102.10368662350996,102.99287414550781,6718629,0.0008940180126315589,0.0008936186165552354,691970911.027359
2018-09-28,102.99287262287751,104.06604196421335,101.79706369811866,102.31832122802734,5444684,-0.006549510566405403,-0.006571052722639261,557090926.4971008
2018-10-01,102.71692068935631,104.43398721042497,101.88905294020088,104.00471496582031,4950123,0.01648183548706461,0.016347484263112094,514836131.66075134
2018-10-03,103.51410698578512,103.54476126044301,101.85837192206583,102.62490844726562,5780126,-0.013266768905699555,-0.013355558660804281,593184901.5636597
2018-10-04,102.04237589985384,103.3914900580756,101.03053747401857,102.28766632080078,6563494,-0.0032861625074007694,-0.0032915737975847065,671364484.170578
2018-10-05,102.1650168011145,102.96223032955872,98.4549500114408,99.89604949951172,13292940,-0.02338128248804039,-0.023658961541970145,1327912192.2340393
2018-10-08,98.97618578579471,101.12251326010065,97.78037684972098,100.23331451416016,4637569,0.0033761596813703942,0.0033704732495467927,464838912.1581192
2018-10-09,101.06118209508,101.18383290816325,98.66956422634159,99.16015625,5756458,-0.010706602583800073,-0.010764330670783856,570811274.7265625
2018-10-10,99.16015499792161,102.19566994683758,98.8841990934747,100.78522491455078,3411681,0.01638832295154624,0.01625548376303475,343847036.9216995
2018-10-11,99.34411483962418,101.61308162084796,98.91485388876382,100.04933166503906,3668989,-0.007301598524343533,-0.007328385667140413,367079897.33638
2018-10-12,100.5092667059404,101.39846541900087,99.98802041904837,100.6932373046875,4147903,0.006435881468995763,0.006415259616428527,417665781.0958252
2018-10-15,100.72390211780694,101.52110429730917,100.38662643199335,100.96919250488281,2191491,0.002740553462992734,0.00273680499337677,221273076.65171814
2018-10-16,100.96917791471007,101.3984500659052,99.4054280621326,100.5399169921875,3857880,-0.0042515494285502164,-0.004260612963321637,387870934.9658203
2018-10-17,100.90788793827289,101.6131049254266,99.46678845020196,99.89604949951172,5369029,-0.006404098112850143,-0.006424692321140848,536344786.7483139
2018-10-19,99.71209115850695,101.33716147201086,98.30164578176111,99.00687408447266,6202959,-0.008901006791498856,-0.008940857402397516,614135580.6641464
2018-10-22,99.98802661982528,102.96222189357343,99.40544927810608,101.09185028076172,6407974,0.021058903389982397,0.020840229379320525,647793948.2110138
2018-10-23,100.6625991496266,101.79707720452157,99.68141498001208,101.18384552001953,7316558,0.000910016376219458,0.0009096025623495338,740317474.4102631
2018-10-24,101.79704681974806,102.256973253013,97.93366478032262,99.98800659179688,12856915,-0.01181847677439829,-0.011888870149048734,1285537301.770172
2018-10-25,99.65075751390934,101.15317677728859,96.461925907453,99.52810668945312,94631476,-0.004599550666324448,-0.004610161147622831,9418491639.508423
2018-10-26,97.47377935862222,98.27099299748654,94.92885576668432,97.68841552734375,9339921,-0.018484137027237613,-0.018657103427032067,912402083.640564
2018-10-29,97.84169609184316,98.08699771698,96.46191655797821,97.4737548828125,6963919,-0.0021974012309695645,-0.0021998190596636837,678799333.6297607
2018-10-30,97.56574709485788,98.76155610889693,96.18596746327437,97.74971771240234,3257071,0.002831150086724632,0.0028271499295694485,318377770.819252
2018-10-31,98.1176629349763,98.6695748100393,95.20479844836902,97.90303802490234,6069514,0.001568498775117666,0.001567269965670159,594223859.9346771
2018-11-01,97.96433966917155,98.27096106360952,96.12463375989134,96.27793884277344,2992327,-0.016599067964730096,-0.01673837623652479,288095075.9035797
2018-11-02,96.82985092951007,97.71904960766108,95.69537310089144,96.89118194580078,11487762,0.006369508013967851,0.006349308426712148,1113062838.0920563
2018-11-05,96.58456553276267,96.58456553276267,93.02779870836441,94.13162231445312,18263054,-0.028481019386173867,-0.028894472924897205,1719130901.4364624
2018-11-06,94.40758807405973,94.86751459727101,93.42640961976319,94.53022766113281,6223800,0.0042345530320100355,0.004225612542750475,588337230.9173584
2018-11-07,95.05148084485485,95.08213512587902,94.74485943389254,94.9594955444336,212175,0.004541064735817724,0.004530785209598236,20148030.967140198
2018-11-09,95.3887578735651,95.41942338369337,94.13162354541213,94.71419525146484,8098182,-0.0025832097312897817,-0.002586551974598739,767012791.1298981
2018-11-12,94.62220175424724,95.32742982539389,93.518383843666,93.70235443115234,3916333,-0.010683095787554109,-0.010740569755127325,366969622.83641815
2018-11-13,93.51840499213294,96.76855090127474,93.42641967758802,96.15531921386719,7903864,0.02617826198291695,0.02584147627945496,759998565.9429932
2018-11-14,96.27793288403666,98.48557983853945,95.90999172495286,96.49256896972656,3853852,0.0035073437290480403,0.003501207343121791,371868079.90911865
2018-11-15,96.86052824705331,97.59641070287138,94.070309140189,94.31560516357422,4538966,-0.02256094774339923,-0.022819339699131195,428095325.1068878
2018-11-16,93.94765827323499,95.35809777471842,93.82501306877397,94.46891021728516,5166086,0.0016254473842907124,0.0016241277744685255,488034514.5087738
2018-11-19,94.4382411805508,94.74486260176525,93.15045254593214,93.79434967041016,6879644,-0.007140556033974121,-0.007166171817675132,645271734.9439392
2018-11-20,93.45705924999679,93.88632582928359,91.06544159202443,91.46404266357422,4600113,-0.024844854887576373,-0.02515869745081282,420744931.6892624
2018-11-21,91.46404943108925,91.89331604213791,90.23758061795525,90.6668472290039,7625524,-0.008715943570333784,-0.008754149569381635,691382219.5491028
2018-11-22,90.6055199605972,91.00412105344516,89.28706587322543,89.53235626220703,3684871,-0.012512743097059631,-0.012591686692208334,329915183.1522751
2018-11-26,89.77765909596644,90.1149404243985,86.89545469862102,88.73516082763672,6534517,-0.008903992565945873,-0.008943869996462229,579841416.9259262
2018-11-27,88.61250330319429,90.02294830492082,87.84596101222962,89.3790512084961,4866687,0.00725631615307587,0.0072301157602281405,434979866.5887222
2018-11-28,90.1149245951708,90.48286575634287,87.07941001550125,87.96859741210938,17823474,-0.01578058591264886,-0.015906424990540766,1567906008.7911987
2018-11-29,88.21390548655437,89.37905452813885,86.37419942844062,87.23272705078125,30727317,-0.008365148279911416,-0.008400332484234909,2680427656.8638306
2018-11-30,87.07942248901325,87.4473637028903,84.35052328131272,86.03691864013672,29840662,-0.013708254356743943,-0.013803080069420829,2567398608.6618195
2018-12-03,86.06757694837351,89.31772219418986,85.85294084868194,88.85779571533203,12013041,0.032786821283013134,0.03226080028589891,1067452343.097908
2018-12-04,88.76581286551166,88.76581286551166,87.07941760134314,87.81529998779297,6785000,-0.011732180830580585,-0.011801545933829568,595826810.4171753
2018-12-05,87.66199042918534,88.85779932276289,85.36235794153619,86.49684143066406,8833965,-0.015013995935926672,-0.015127846983004765,764110069.8090363
2018-12-06,86.28220503319999,87.20205796532365,84.74911494154829,85.73029327392578,5460772,-0.00886215200531626,-0.00890165443191495,468153585.06204224
2018-12-07,85.8529543642439,86.5275170489876,83.73729222843583,84.53450012207031,13240540,-0.013948315189295624,-0.014046507081198248,1119282430.2462769
2018-12-10,83.338681073966,85.39301755128989,82.6027986803769,83.52265167236328,34436070,-0.011969650831860301,-0.012041863924532712,2876191879.575119
2018-12-11,82.20421305161554,84.65715108209663,82.20421305161554,84.22789001464844,13406569,0.008443677591219334,0.008408229149285771,1129207019.2057953
2018-12-12,84.5958085300948,86.83411542489839,83.95191148774914,86.2822036743164,12274362,0.024389945649958555,0.024097260427787183,1059059002.0562897
2018-12-13,86.68081202967599,87.07941873709326,85.69963924450377,86.49684143066406,10636545,0.0024876248775220766,0.002484535860572807,920027546.2351227
2018-12-14,86.46619994338404,88.39789164424688,85.60767217000222,87.9992904663086,13732576,0.017369987282702004,0.017220853544147322,1208456944.2746582
2018-12-17,91.9853069454248,92.81317470793363,88.76582120233493,89.59368896484375,21749589,0.018118310841899188,0.017956130277106797,1948625911.979187
2018-12-18,89.53236336250836,91.00412827046378,89.0724368287723,90.57486724853516,13037010,0.01095142185825626,0.01089188928772984,1180825450.0678253
2018-12-19,90.97347008233328,92.16927909251562,90.29891302495837,91.86266326904297,8182075,0.014218028241478109,0.014117900045559961,751627200.5670547
2018-12-20,91.12677689125617,91.95464463201488,89.93096793238249,91.55603790283203,13909968,-0.003337867151890772,-0.003343450257691488,1273541557.4351807
2018-12-21,91.67868892640836,92.84383237685739,90.91214097737156,92.32258605957031,18956932,0.008372447894171797,0.008337593362337161,1750152985.9954224
2018-12-24,91.98531166451876,92.32259301206795,89.04178169125416,89.77766418457031,8506178,-0.027565539307552678,-0.027952598364686554,763664791.9781799
2018-12-26,89.65500777231469,90.9734618699994,88.45919887008012,89.25640106201172,10358386,-0.005806155988720696,-0.005823077242485577,924552255.1711273
2018-12-27,89.96161647060204,91.8319822217559,88.42852638391103,90.94279479980469,32905857,0.018893812855184766,0.01871754160277366,2992550600.8627167
2018-12-28,90.42156082779557,92.96648964013913,89.83898906216858,91.89332580566406,11010662,0.010451966073308006,0.010397721920549047,1011806350.5020447
2018-12-31,91.86265170420297,92.01595678947048,90.82014792983178,91.40272521972656,5010889,-0.005338805420700754,-0.005353107770046639,458008910.3735504
2019-01-01,91.34140580242403,91.74000691031075,89.77765565273499,91.18809509277344,4011082,-0.0023481808276193394,-0.0023509421277538947,365762926.84091187
2019-01-02,90.72816341642852,91.18808990487668,89.62433984415293,90.14559173583984,5201079,-0.011432450210446476,-0.011498303056716546,468854344.11985016
2019-01-03,90.14559741798305,90.39089343206281,87.60066881670986,87.93795013427734,7035283,-0.02448973442907465,-0.024794595580261355,618668365.6345291
2019-01-04,88.27522761462515,89.71632689706524,87.2327238108556,89.3790512084961,7988112,0.016387703739036974,0.0162548745345697,713969871.5072021
2019-01-07,89.68567266121428,91.80133468296602,89.62434725290609,91.12677764892578,14121843,0.019554094799605126,0.019365369751860227,1286878047.054039
2019-01-08,90.75884931589336,91.67870249945194,89.53237466158973,90.11495208740234,6656692,-0.011103493261021335,-0.011165597183885592,599867480.6405945
2019-01-09,90.14558477801945,91.03477779183319,89.16440647361588,89.86962890625,4636543,-0.0027223360326974477,-0.002726048328376451,416684398.8178711
2019-01-10,90.11493538227559,91.70934540009937,89.99228457097874,90.82015228271484,15340801,0.010576691903962487,0.010521149988053698,1393253882.9588242
2019-01-11,90.75885009765625,92.16928978648234,90.26825798597372,90.75885009765625,13579929,-0.0006749843896733942,-0.0006752122941969802,1232498740.447815
2019-01-14,90.75883137437738,90.9734618699994,89.0417705663897,89.25640106201172,5010679,-0.016554297834623255,-0.016692851456568805,447235174.4169998
2019-01-15,89.53236658314057,89.80832251330882,88.39788296389482,89.40972137451172,14730974,0.0017177514517248138,0.0017162778040321564,1317092280.9151764
2019-01-16,89.71631325504072,91.06543264718518,89.34837211303189,89.74697875976562,5679378,0.0037720438009334334,0.0037649474831981237,509707016.7346802
2019-01-17,90.08426445417393,90.54419093303176,88.45919463843421,88.85779571533203,7529166,-0.009907665491601159,-0.009957073022413625,669025094.3348236
2019-01-18,89.10311311738722,89.77767024367367,88.3059051577118,88.48987579345703,3100312,-0.00414054747715864,-0.004149143279621292,274346223.80096436
2019-01-21,89.83898161113639,89.99228670739103,87.47802361683866,87.93795013427734,13187677,-0.0062371616439820254,-0.0062566939966508086,1159697282.4129562
2019-01-22,88.24456433272145,88.24456433272145,87.07942091933835,87.57000732421875,7074433,-0.00418411856879497,-0.004192896486683188,619508149.6246948
2019-01-23,87.63134133470385,88.06060237574675,86.03692553719706,86.31288146972656,5323552,-0.014355666887611584,-0.014459706378056157,459491112.7739258
2019-01-24,86.31287459326991,87.14074232490306,85.30103625460717,85.88361358642578,4250377,-0.004973393032317475,-0.004985801510031938,365037735.86463165
2019-01-25,86.15958281655276,87.01811057729991,84.65715221732243,84.81046295166016,5463236,-0.012495406165993428,-0.012574130233876438,463339574.374176
2019-01-28,84.93309750369683,85.54633474969243,83.7986139322256,84.99442291259766,7303346,0.0021690715335718203,0.0021667224941227248,620743678.6010284
2019-01-29,84.99441561359536,85.4850019996596,84.25853322733046,84.93309020996094,9728281,-0.0007216085542435247,-0.0007218690390158684,826252967.760849
2019-01-30,85.48501667133769,86.09825396991988,84.68781435895266,85.05575561523438,13777792,0.001444259298351236,0.001443217358990556,1171880509.2695312
2019-01-31,86.15956017591337,86.58882113631847,85.23970724027849,85.6689682006836,44034840,0.007209536627047264,0.007183672157352017,3772419307.68219
2019-02-01,85.85296097173052,86.15958243906259,85.11707843307472,85.9449462890625,7099405,0.00322144755767817,0.003216269812404585,610157981.4093018
2019-02-04,85.91426259859011,86.09823318231301,83.85992628513006,84.16654205322266,6716304,-0.02069236543424502,-0.020909452344027264,565288083.0582275
2019-02-05,84.01323034513453,84.87176346834102,83.52264399925697,84.6571273803711,8526399,0.0058287451899616816,0.0058118237766151305,721820446.2388687
2019-02-06,85.49445715721818,86.72210218816848,84.99080983502077,86.3128890991211,12810810,0.019558444397841823,0.01936963591976719,1105738022.7999115
2019-02-07,86.24992200926027,86.87948541907348,85.05375902356504,85.58888244628906,5193513,-0.008388163811786975,-0.00842354243791028,444506973.64027405
2019-02-08,85.24263330106392,86.50175444301166,82.81881948310178,83.13359832763672,5597162,-0.028686951488041013,-0.029106464594327353,465312217.4827118
2019-02-11,83.07065497262465,83.92056313192234,80.96161977182838,82.0633544921875,13126864,-0.012873782164839032,-0.01295736744585612,1077234493.8027344
2019-02-12,81.874481155355,84.32977124767245,81.84300499851778,83.88907623291016,14900754,0.022247710345504768,0.02200384044157336,1250010488.233841
2019-02-14,82.47255155715347,83.92054679664118,80.6468251953125,82.62994384765625,37913966,-0.015009491602435143,-0.015123274001080317,3132828881.6219482
2019-02-15,83.10212857256417,86.50176110507815,83.10212857256417,85.77776336669922,25855830,0.038095384947211874,0.03738767353452085,2217855267.3896027
2019-02-18,85.4944495410712,88.39043435429011,84.95932611009721,86.5332260131836,13001166,0.00880720849825356,0.008768651259868449,1125032835.912918
2019-02-19,86.31288193908284,86.81652921950047,83.38542095427808,84.17237091064453,9029095,-0.027282642879619234,-0.027661724997027126,760000333.327446
2019-02-20,84.48716220663721,87.44609958001185,83.29099333646917,86.37584686279297,14955330,0.026178138126673467,0.025841355582831824,1291779293.8625336
2019-02-21,86.75359472580413,87.19428402523276,85.30559913108469,85.9036865234375,4719134,-0.005466346860893756,-0.005481342005636044,405391007.7980957
2019-02-22,86.09253501028712,88.29599828690871,84.99080049007256,87.94973754882812,11678731,0.023817965307372457,0.023538742560147968,1027141326.353363
2019-02-25,87.88679186329333,88.76817608757437,85.77775688675911,88.35896301269531,27557787,0.004652946958937587,0.0046421554631270465,2434977482.2447357
2019-02-26,86.37584175720261,88.89408397402072,85.80923639384736,88.48487091064453,15501729,0.0014249589815933383,0.001423944690977744,1371668489.4567947
2019-02-27,87.69791478286119,89.9958122294658,86.97391717034417,87.35165405273438,18258775,-0.012806899600435906,-0.012889614915846424,1594934197.226715
2019-02-28,88.2645204507968,89.83842029102469,87.06835173062535,88.9255599975586,50183582,0.01801804398430784,0.01785764290671558,4462603132.0334015
2019-03-01,89.20887937716365,90.4994767963366,89.1773974550707,90.02730560302734,6789074,0.012389526762597747,0.01231340467542297,611202039.7595673
2019-03-05,90.0272993740046,93.30102134237484,90.0272993740046,92.54554748535156,12988303,0.0279719787841739,0.027587908669418813,1202009612.0406342
2019-03-06,92.98624333905849,94.11945413494217,92.60850640709727,93.773193359375,10313295,0.013265315375845077,0.0131781015128089,967110606.2072754
2019-03-07,93.86762721054919,94.81196953661104,91.60120562800071,92.04190063476562,8337421,-0.018462554836694012,-0.018635115037358672,767392075.2322083
2019-03-08,92.86032422441257,97.45612533797666,91.5067688493211,95.81926727294922,34663172,0.041039641860207476,0.0402198694651417,3321399742.3962097
2019-03-11,96.32289773238868,100.91869227838951,94.1194346728514,95.31559753417969,30007645,-0.005256455753672062,-0.00527031952141269,2860196613.7685394
2019-03-12,94.93786586221384,98.43193771486946,94.56012898774374,95.2211685180664,23315044,-0.0009906984644293404,-0.0009911895305121184,2220085733.730133
2019-03-13,95.06378417435434,95.09526032667893,91.28641534310592,93.30101013183594,20943115,-0.020165247036074252,-0.020371340959938474,1954013784.8072052
2019-03-14,93.74170540565942,97.5190684860853,93.23805238389002,96.73212432861328,14675396,0.036774673628175325,0.03611461887555785,1419582230.443634
2019-03-15,97.33020249607385,100.25766342411103,96.10256335457552,99.50218963623047,20356743,0.028636456883825545,0.028234096938657728,2025540502.3620071
2019-03-18,99.37629620665467,101.23349896832327,98.05421692908328,99.94290161132812,19289406,0.004429168611352674,0.004419388711309329,1927839205.9989624
2019-03-19,101.19571617591396,103.7265580912739,98.51378180164053,101.91341400146484,25950621,0.01971638163758671,0.019524531413051646,2644716381.5681076
2019-03-20,102.59335274365415,102.74444521049928,96.77620631299473,97.6449966430664,28098992,-0.04188278255831057,-0.04278515208526231,2743725979.51355
2019-03-22,98.96707342418574,102.89553510191266,97.98495512285001,101.72454833984375,53779933,0.041779423800789584,0.040930235510745754,5470739394.172058
2019-03-25,101.12019179641553,103.87766707499567,101.04463979113216,102.25340270996094,31535535,0.005198886392204782,0.0051854188396955325,3224615760.029068
2019-03-26,102.74444314036708,107.27728622008917,102.74444314036708,106.37071990966797,23510777,0.040265820897771976,0.039476277511017135,2500858275.1256638
2019-03-27,106.44623590177468,106.44623590177468,102.895511944627,103.49989318847656,20849776,-0.02698888118487275,-0.02735976950774718,2157949589.003662
2019-03-28,103.87765171339059,105.27528291112618,102.06451913089411,102.55557250976562,41232946,-0.009123880707695986,-0.009165758225551985,4228668383.2942505
2019-04-01,103.04662087006881,103.8776466543497,100.89352747416599,102.06451416015625,26716877,-0.004788217135276773,-0.004799717372050216,2726845070.881653
2019-04-02,102.78219764061207,103.27325092716167,101.23347427344338,102.10226440429688,14343829,0.0003698664952382913,0.00036979811148752723,1464537421.1280212
2019-04-03,102.70665027732713,103.8776368528273,101.23347882384623,101.83786010742188,12596804,-0.002589602673531588,-0.002592961494462497,1282831563.5526123
2019-04-04,101.83789553291571,103.34884350364854,101.5734750269902,102.48004150390625,12939086,0.006305919977177332,0.006286120854660212,1325998070.3026123
2019-04-05,102.40446539934639,103.08438713861014,101.53566370182696,101.83786010742188,7742848,-0.006266404531656056,-0.00628612085466018,788515071.4570312
2019-04-08,101.91340748150186,103.3488145683884,101.64899857722286,102.40447235107422,13409083,0.005563866356330216,0.00554844522620968,1373150069.3267593
2019-04-09,102.36670697689355,103.08440483098691,102.02674604891418,102.66889190673828,7506763,0.002582109448868053,0.002578781531731626,770711039.0165024
2019-04-10,102.93331777696459,103.49992319592035,101.46014599320293,101.6867904663086,9502300,-0.009565715789762286,-0.009611761122028306,966258389.0480042
2019-04-11,101.95117606136357,103.04661064826004,101.53566321044032,102.70664978027344,8703097,0.010029417875104807,0.009979457038011303,893865935.5827484
2019-04-12,102.74442577174175,103.12216263119669,102.14004449109103,102.70664978027344,7212573,0.0,0.0,740779209.1256561
2019-04-15,102.9332982818213,104.4820217725019,102.29114098424668,103.31103515625,11013801,0.005884578820062325,0.005867332311999968,1137847182.3149414
2019-04-16,103.8021077910372,104.36871320807914,103.12218590163356,103.91543579101562,7469500,0.005850300830414934,0.005833254273191331,776196347.6409912
2019-04-18,103.87766707499567,104.14208756586994,102.02675822172834,102.25340270996094,6634192,-0.015994092392560444,-0.01612337828180845,678368706.2312012
2019-04-22,102.06452393226381,103.0466307362076,101.49791853262715,102.74444580078125,5541225,0.004802217606519665,0.004790723742219676,569330091.6824341
2019-04-23,102.74444626862365,102.81999826663244,100.66689312716251,100.96907806396484,8790522,-0.01727945216872162,-0.017430484265574083,887570902.0410004
2019-04-24,100.96907240420462,101.57345377154746,99.94918965395337,101.19571685791016,9255095,0.002244635667582706,0.002242120236390409,936575973.11306
2019-04-25,101.23348393877471,102.25337812681573,99.94918085104455,100.40245819091797,29354749,-0.007838856145522488,-0.007869741488073925,2947288959.177391
2019-04-26,100.81797139224015,102.06451001807324,100.74243093248998,101.30903625488281,4789673,0.009029440915091502,0.008988919256092102,485237155.6060333
2019-04-30,101.42236321472001,101.83787613304095,99.30703415313562,101.27127075195312,7527996,-0.00037277526591683596,-0.0003728447638882288,762369721.1356201
2019-05-02,100.70468135393462,101.15795881417598,99.79811490583408,100.5535888671875,6401386,-0.007086727355514966,-0.007111957477814305,643682336.0241699
2019-05-03,100.5535470440544,103.23546926927564,100.47799506829618,102.32890319824219,9226969,0.01765540495426321,0.017501358814028922,944185617.6141815
2019-05-06,101.98896789550781,102.44225680831198,101.00684960284269,101.98896789550781,6080575,-0.003321987162080875,-0.0033275172119997124,620151568.4612274
2019-05-07,102.32891891862101,102.89552424101383,100.93129937328759,101.30903625488281,9137799,-0.0066667175347986385,-0.006689039360326751,925741610.1808319
2019-05-08,101.12017648473575,101.23349294788483,98.36269009607837,98.81597900390625,8742473,-0.024608439119925052,-0.0249162877017074,863896028.4102173
2019-05-09,98.7782041605712,98.815980157934,95.49189412328703,96.47400665283203,14395488,-0.02370034051862846,-0.023985711535400987,1388790405.0827637
2019-05-10,97.04060990472809,97.2672543563242,95.37856980571597,95.94517517089844,9724014,-0.005481595512422666,-0.005496674587275363,932972226.5942688
2019-05-13,95.86963482327036,95.94518105716791,92.92328559080042,93.33879852294922,11507204,-0.02716527061737828,-0.027541067973041386,1074068595.7184753
2019-05-14,93.45211077255306,95.56743980902702,92.46999824861065,94.88751220703125,6908544,0.016592389323516477,0.016456239600434942,655534553.1328125
2019-05-15,95.41635178141247,95.86963494920138,92.92328571286122,93.64098358154297,9384447,-0.013136909130555874,-0.01322396156175631,878768847.4488602
2019-05-16,94.3209115970578,95.45412240302278,93.11215455679012,95.00083923339844,6519422,0.01452201375769735,0.014417579168760686,619350561.3166809
2019-05-17,94.24536815202569,95.64299370131809,93.67876273227402,94.81197357177734,10003051,-0.0019880420335770532,-0.0019900208121723167,948409007.0491409
2019-05-20,96.85174678260915,98.28715403667854,94.88751589458182,97.6449966430664,12330905,0.02988043560916198,0.029442713570662943,1204051177.3309708
2019-05-21,97.98496027722238,98.02273627687939,96.51178851153249,97.15394592285156,8095621,-0.005028938881628919,-0.00504162654964547,786521524.8459015
2019-05-22,97.15393477336148,98.55155437934505,96.24736275990755,97.90940856933594,9540723,0.007775933744207153,0.007745856987372753,934126546.2538605
2019-05-23,98.66488723529942,100.81798074353173,97.72054494371966,98.09828186035156,11017547,0.0019290617089355866,0.0019272034587994923,1080802431.0156708
2019-05-24,98.58932934458447,98.96706623862504,97.11615776334935,97.5694351196289,9371443,-0.00539098881951372,-0.005405572637487817,914366399.7658005
2019-05-27,100.02472328819559,103.1977223681185,98.32490729292901,100.62910461425781,19948676,0.03135889319106422,0.030877246489558932,2007417404.119934
2019-05-28,101.19570970452433,101.80009102914428,99.49589371331413,100.17582702636719,15628186,-0.004504438250028886,-0.004514613800259218,1565566457.4718933
2019-05-29,99.72254344558627,100.66688571306342,98.36268827489607,98.89151763916016,5397986,-0.0128205518769412,-0.012903444399563393,533815027.7349396
2019-05-30,99.00484298954144,102.44225105708117,99.00484298954144,102.06451416015625,30257040,0.032085628744963346,0.031581637207333826,3088170087.524414
2019-05-31,102.17780976715947,102.78219098442865,99.94916483561647,100.66686248779297,11325445,-0.013693806156468202,-0.013788431164049106,1140097014.4280624
2019-06-03,101.53569579485269,101.83789229596475,100.25139236607544,100.5535888671875,7302092,-0.0011252324529256175,-0.0011258660022669539,734251556.8383789
2019-06-04,100.5913413847275,103.00886699575403,100.5913413847275,102.02674865722656,10439893,0.014650494394434999,0.0145442126968547,1065148339.119339
2019-06-06,102.10228756520094,103.49991881720977,100.32693091081856,103.15995788574219,12191883,0.01110698168303692,0.011045752128501516,1257714136.827896
2019-06-07,103.49989533926674,103.87763218357063,101.61121111774727,102.10226440429688,9310029,-0.010252946037616617,-0.010305869547552658,950575042.5696716
2019-06-10,102.14006035723723,103.5754675627065,101.4979145129832,101.98896789550781,7295669,-0.0011096375721937335,-0.0011102536757745028,744077751.4172516
2019-06-11,102.29113188225938,103.23547398430244,101.04460491860794,102.21559143066406,4554162,0.0022220396953955834,0.002219574616185485,465506362.3010559
2019-06-12,101.98897160752486,102.51780100663319,100.70466834465707,101.53568267822266,3660802,-0.00665171274680354,-0.006673933982369768,371702030.21980286
2019-06-13,101.61122908363785,102.63112335463143,100.70466280254116,101.91341400146484,5113806,0.0037201830260920055,0.0037132802596244272,521165428.0011749
2019-06-14,101.95120198075378,102.36671493731426,100.02474120224032,100.2891616821289,4761596,-0.015937571469370915,-0.016065940313657427,477536471.1089783
2019-06-17,100.81798140039767,101.12017785224162,99.2692577265932,99.91141510009766,3655275,-0.0037665743306194432,-0.0037736857344171076,365203697.83000946
2019-06-18,100.17583849122997,100.74244388647988,99.6469975669037,100.02473449707031,5172138,0.001134198698508282,0.0011335559810980278,517341730.23220825
2019-06-19,100.10028418858481,102.17783725664978,100.10028418858481,101.72454833984375,5278372,0.016993935063364107,0.016851153492460007,536940007.6696777
2019-06-20,101.68677807071083,102.17783142956648,100.9313042708619,101.64900207519531,6963441,-0.000742655198586406,-0.0007429311035683699,707826828.6595001
2019-06-21,101.87564652067306,102.14005543405096,101.27126517527084,101.64900207519531,9456244,0.0,0.0,961217765.9795532
2019-06-24,101.76231218935828,102.74443037345097,101.04461442977255,102.44224548339844,5918107,0.007803750081248451,0.00777345831444137,606264170.0910187
2019-06-25,102.7066675488289,105.53969448486289,102.10228616361843,104.59535217285156,18761799,0.021017761562070136,0.020799935272224606,1962396973.8012543
2019-06-26,105.38859477178659,107.20172727509377,105.23750231778021,105.80410766601562,24643824,0.0115564933627883,0.011490227141470822,2607417807.79834
2019-06-27,106.55957194559399,107.27726968372988,105.04862448525977,105.879638671875,38789825,0.0007138759309590625,0.0007136212427399795,4107052655.1452637
2019-06-28,105.84188969374827,107.16396891498115,105.38860077827917,106.7862319946289,10648757,0.008562489767871995,0.008526039574174697,1137140635.4564285
2019-07-01,107.42837435310079,110.18586069867139,104.74644000019289,107.69279479980469,31289422,0.008489510194735317,0.008453676964613936,3369645302.8504944
2019-07-02,108.03274059065338,109.09039917420158,107.6927797264853,107.99496459960938,8847109,0.002805849735503685,0.002801920686965197,955443223.2638855
2019-07-03,108.67490752999643,109.09040888562721,107.76832977469107,108.22161865234375,6947927,0.002098746488548686,0.0020965471967701052,751915906.2183228
2019-07-04,109.12818495987112,109.12818495987112,107.54169694215611,108.37271118164062,5792826,0.001396139987355438,0.0013951662900963818,627784259.0234985
2019-07-05,107.88167250909903,108.63714639007645,102.29115887329615,103.12218475341797,21459265,-0.04844878725440749,-0.04966177052504393,2212926290.002556
2019-07-08,103.19772514115715,103.19772514115715,97.1161587780397,97.90940856933594,20404790,-0.05054951266351304,-0.05187189612790343,1997820920.8815002
2019-07-09,97.04060206147054,99.7225362120914,96.39845051892688,97.87162780761719,19374808,-0.0003858746801845836,-0.0003859491489766844,1896243997.420044
2019-07-10,97.45611286230164,98.96706034853888,97.19169244116434,97.49388885498047,9141198,-0.0038595347916274836,-0.00386700201556406,891210941.8133698
2019-07-11,98.40046081958218,98.89151417039967,97.1539336812823,97.41834259033203,6669919,-0.0007748820519489774,-0.0007751824282270089,649772454.1917648
2019-07-12,98.09827649651301,100.06250143902908,95.52965868729399,96.54955291748047,21467991,-0.008918132353216479,-0.008958136917154469,2072724933.0864944
2019-07-15,96.70064831072261,97.41834612938064,96.17181894579646,96.66287231445312,5852788,0.0011736915764852807,0.0011730033389933173,565747299.1275635
2019-07-16,97.30503423362246,99.26925932802374,96.70065284780048,98.9292984008789,11313969,0.02344670742922772,0.0231760558131353,1119283015.2992935
2019-07-17,99.42034628971093,99.83584761414899,97.2294655823512,97.53166198730469,10958942,-0.014127628884122334,-0.014228373816666104,1068843826.8824768
2019-07-18,98.28715350427689,98.92929936679435,95.49189677231828,95.98295593261719,18049102,-0.015879008140854745,-0.016006430282298808,1732406161.8893127
2019-07-19,96.66287567842771,98.96707319966838,95.2274799911583,98.13604736328125,33840376,0.02243201836975728,0.022184121022598636,3320960741.927246
2019-07-22,98.58933169305732,100.21359576507683,96.43623249849922,98.85375213623047,15870663,0.00731336539663574,0.007286752414792736,1568874586.4396439
2019-07-23,99.30703767582901,100.81798541232733,98.58933980651558,100.51580047607422,9840729,0.01681320439464229,0.016673427034831677,989148752.7031174
2019-07-24,100.89351780363751,100.89351780363751,98.74041308649205,99.60921478271484,10421947,-0.009019335159900277,-0.009060255599197025,1038121957.1770706
2019-07-25,99.72253629651372,100.36469360340838,97.00282615010836,98.02272033691406,29337351,-0.015927185544645894,-0.016055386237394498,2875726952.498886
2019-07-26,98.51377430024188,98.51377430024188,96.889510317275,97.30502319335938,11411885,-0.007321742766247308,-0.007348678281960979,1110433734.60495
2019-07-29,96.70065097372768,97.30503234783666,95.75630867906237,96.17182159423828,22168687,-0.011645869472424408,-0.011714213747495943,2132003011.1425095
2019-07-30,95.68076055704019,97.1917024348317,95.26524765007723,96.09626770019531,16228044,-0.0007856136318363793,-0.0007859223879449059,1559454460.4745483
2019-07-31,95.34079652431882,96.20959259510197,94.81196714061151,95.60521697998047,14557889,-0.005109987432049268,-0.005123088066267855,1391810136.615471
2019-08-01,95.49188724797479,96.51177570145171,94.54754501997624,95.83184814453125,11138203,0.002370489516259733,0.0023676843382085463,1067394578.4989624
2019-08-02,95.3408083799426,95.86964359321853,92.50778112106386,92.99884033203125,21851409,-0.029562278797204522,-0.03000805029946404,2032155696.6209106
2019-08-05,92.47001054511388,93.26325471641992,90.99683291758775,91.41234588623047,8713907,-0.017059292784045055,-0.01720647884751757,796558680.7044449
2019-08-06,90.65684727188992,94.3586696882535,90.46797884007347,93.18768310546875,13232442,0.01942119745452997,0.01923501275757176,1233100611.807495
2019-08-07,92.92327594598599,94.39644752741151,92.2433483838636,92.96105194091797,13132981,-0.0024319862561051897,-0.0024349483381499114,1220855728.8800888
2019-08-08,93.03659676884352,94.54754432249487,92.31889322257463,94.16980743408203,8227791,0.013002816426090913,0.01291900554510081,774809494.0778732
2019-08-09,94.13202448963945,95.68074792330772,93.03658989964477,93.60319519042969,10566552,-0.006016920487481814,-0.006035095093670652,989063029.3458252
2019-08-13,94.83685671554407,94.83685671554407,88.47584803340392,90.32632446289062,25954194,-0.03500810758513617,-0.03563557932107328,2344346948.416809
2019-08-14,90.40341903275754,91.7527237944405,89.86369948108513,90.67327880859375,8641527,0.0038411210437956367,0.0038337627750073956,783555587.0029907
2019-08-16,90.519085659543,91.98404646566686,89.90225819933211,90.82749938964844,10992249,0.0017008382522512022,0.0016993934648721484,998398489.3383636
2019-08-19,91.25156666084716,92.8707314535771,90.67329310040769,91.6756362915039,9653434,0.00933788673644953,0.009294558194588043,884984704.3480377
2019-08-20,91.75273872308189,92.71652799538316,90.48053570714362,90.94315338134766,7758935,-0.007989940836921505,-0.008022031463315218,705622015.7809067
2019-08-21,90.98169637740952,92.21534532128074,90.5576267955309,90.90459442138672,12842739,-0.0004239896960605005,-0.00042407960510625406,1167463980.0547256
2019-08-22,90.98168932015079,91.29010300282114,87.78190839213667,88.47583770751953,16991585,-0.026717645343740548,-0.027081049112714112,1503344716.8535233
2019-08-23,88.66860820271295,91.7141797836312,87.97467878810424,91.36721801757812,9284204,0.032679886226303134,0.03215725462581466,848271890.9876709
2019-08-26,91.75273161551107,92.98638061199225,90.7503884969625,92.56231689453125,11965007,0.013080171454089795,0.012995364735222042,1107508769.5792847
2019-08-27,92.63943118268715,96.68734635149679,92.63943118268715,94.99107360839844,22238086,0.026239152123153975,0.025900811324886166,2112419664.1358948
2019-08-28,95.45368643740338,96.14760996787922,92.09969525509156,92.44666290283203,11905383,-0.026785787431519714,-0.0271510642249464,1100612928.930107
2019-08-29,91.55997793425371,95.72354863365926,90.90460242659327,94.9139633178711,38336134,0.026688907285191688,0.026338971022857083,3638634416.224991
2019-08-30,94.75974860434712,95.33802208336165,89.13121772227161,93.79595947265625,18833819,-0.011779129288602141,-0.011849052866978998,1766536123.6393433
2019-09-03,94.02726898062437,94.02726898062437,90.32632210093014,90.71183776855469,7635093,-0.03288117869299756,-0.03343391485516772,692593317.5638275
2019-09-04,90.98170018299051,92.44666093870863,89.94080902688897,92.09969329833984,7299231,0.015299607679938987,0.015183748916946977,672256936.4137344
2019-09-05,92.40809599374509,99.96419886614983,92.40809599374509,95.18380737304688,19432303,0.03348669212954514,0.03293822354932785,1849640585.566681
2019-09-06,95.1838186898784,98.53780979957838,95.06816869230452,97.92098236083984,11891983,0.028756729356973043,0.02835101428249735,1164474657.5784073
2019-09-09,98.1522907275727,98.65345638640575,96.53312022748922,97.41980743408203,5303272,-0.005118156647070604,-0.005131299273997097,516643737.0105591
2019-09-11,97.5354787374596,98.3450641155544,95.49224421191337,95.99341583251953,5473674,-0.014641700072417496,-0.014749947681663857,525436664.4136505
2019-09-12,95.60787246173633,96.18614588388392,93.75739633436372,94.2585678100586,8444053,-0.01807257307613408,-0.018237876694842683,795924342.2922287
2019-09-13,94.33566676175265,95.83918114110703,93.48753361269443,95.64642333984375,7509999,0.014723919130426921,0.014616574638086067,718304543.6358032
2019-09-16,95.1067116352617,95.72353904095334,93.95016466146646,95.02960968017578,5593727,-0.006448894147106254,-0.006469778098981358,531569693.46746063
2019-09-17,94.72119826337956,94.95251001672206,92.94782972359542,93.21768951416016,5663425,-0.019066901064980546,-0.019251018546543267,527931393.2367325
2019-09-18,93.71886986747518,94.7212071670053,92.25390901777428,94.45134735107422,8627190,0.013234160204396161,0.013147353741268077,814849719.353714
2019-09-19,94.7982922609977,94.7982922609977,92.60085431875143,93.83450317382812,6031946,-0.0065308139539110854,-0.0065522330262764925,566004656.0813599
2019-09-20,93.3333450705639,96.68733018750747,91.36721282140616,92.4081039428711,34008081,-0.015201223246364193,-0.015317946239354617,3142622283.9455795
2019-09-23,93.37190018164343,93.75741587676376,87.93613240994837,89.47819519042969,33355557,-0.031706188390714596,-0.03221971337001116,2984595039.9315033
2019-09-24,89.67094315903722,90.0564588116857,88.16742858420695,88.78425598144531,20864605,-0.007755400156513215,-0.0077856296683782664,1852448431.2717438
2019-09-25,89.13121713728334,91.44431103816008,88.7071534516238,90.13356018066406,18851203,0.015197561598091713,0.015083235522023633,1699126040.078415
2019-09-26,90.40342810191012,91.52142123503081,89.40108496824827,89.86370849609375,21458595,-0.0029939090836911264,-0.0029983997949190808,1928348925.8157349
2019-09-27,90.90459727225813,91.82983253855242,89.67094828969827,90.24922180175781,9325734,0.004289977701964265,0.004280801980688824,841640236.2301941
2019-09-30,90.28777005983804,91.13590336975919,89.24687891209379,90.59618377685547,12045142,0.0038444871675435976,0.003837116012918946,1091243898.2503204
2019-10-01,90.98169923069894,91.67562862167084,89.6323943692267,90.24922180175781,9718865,-0.003829763690181953,-0.0038371160129189305,877120003.046341
2019-10-03,90.63472591340741,90.63472591340741,88.36018019332201,90.01789855957031,10477900,-0.0025631605189418982,-0.0025664510388212366,943198539.3173218
2019-10-04,90.44199440348426,92.90929277138272,89.82516687025799,90.51909637451172,20289650,0.005567757334500989,0.005552314667796638,1836600783.7551117
2019-10-07,90.55764740981292,90.94316316018676,88.43731078275681,89.4011001586914,14111765,-0.012350943177721785,-0.012427849980204787,1261607316.1809158
2019-10-09,89.43962282615938,90.98168528867936,88.97700526390368,90.40341186523438,8413122,0.011211402373838997,0.011149020428605085,760574933.2384644
2019-10-10,90.36485795067078,90.59616967304937,89.70948258060008,90.40341186523438,6885340,0.0,0.0,622458227.8521729
2019-10-11,90.36485520351944,91.25154226901286,89.36251816285403,89.97933959960938,9176578,-0.004690887842343505,-0.004701924584992093,825702428.2243042
2019-10-14,89.86371272485684,91.09736179799137,89.59384702674693,90.78894805908203,12146203,0.008997715065205636,0.008957476815097724,1102740993.2820663
2019-10-15,90.21065812344884,92.3695480212842,90.21065812344884,92.0611343383789,7630007,0.014012567680253163,0.013915299254169797,702427099.4297714
2019-10-16,91.59854161640604,92.36957309168723,90.13358063687113,90.51909637451172,10206387,-0.016750151678549652,-0.016892021932675652,923872928.4885635
2019-10-17,90.75037682213257,91.90692371051574,90.17210337794099,91.52140808105469,10163035,0.011072930980177143,0.011012074904581165,930135273.5770416
2019-10-18,91.59852303833412,93.68030524636357,91.29010933427365,93.33334350585938,16961782,0.019797940862098296,0.019604510478317634,1583099825.8775024
2019-10-22,93.79596301501412,93.79596301501412,92.48520621691044,93.21768951416016,12091476,-0.0012391497760064762,-0.0012399181569151087,1127139455.5359192
2019-10-23,92.71651609773843,93.83450915714273,92.71651609773843,93.33334350585938,6580501,0.0012406871732393299,0.0012399181569151489,614180160.2736511
2019-10-24,94.06582974364599,94.06582974364599,91.9069394948891,92.67797088623047,8009018,-0.007021848730703217,-0.007046617928981401,742259537.0312958
2019-10-25,93.17914057391566,93.17914057391566,91.13590625187437,91.36721801757812,8505881,-0.014143089842368228,-0.01424405645463578,777158683.7585754
2019-10-27,91.75272227450483,91.82982422596623,91.4057605516776,91.59851837158203,312098,0.002531546423569564,0.0025283474576719123,28587714.38673401
2019-10-29,91.52142172469333,92.79362466806995,90.67328838994308,92.44666290283203,8581053,0.00925936954361406,0.009216764377489766,793289714.0423355
2019-10-30,93.29479476581258,93.87306828708829,91.94548988283596,93.25624084472656,12119474,0.008757243544263549,0.008719121289264888,1130216586.2554016
2019-10-31,93.68029253242477,95.76207445792257,93.14057303544425,94.37422180175781,16511583,0.011988269598950607,0.011916979492709326,1558267796.3401337
2019-11-01,94.836860185788,94.99106410951181,93.37189938040132,93.68031311035156,4170369,-0.007352735505081753,-0.00737990010276342,390681473.70570374
2019-11-04,93.79596349596291,94.52844091446622,92.44665865371827,92.94783020019531,7894331,-0.007818963086656416,-0.007849691459344464,733760937.3321381
2019-11-05,92.67796780796847,93.68031093642088,92.17680212624475,92.98638153076172,6156847,0.0004147631040269939,0.00041467711358704907,572502924.1685257
2019-11-06,92.60086326898484,93.87306616351236,92.48520739084555,93.02493286132812,5317553,0.0004145911469159991,0.0004145052277531777,494665010.81155396
2019-11-07,93.41043715410748,93.44898518712307,91.82982073792819,92.17678833007812,6794239,-0.009117389340278503,-0.009159207107780284,626271130.1669617
2019-11-08,91.8298475294884,92.0226053983087,90.21068260789858,90.51909637451172,9771715,-0.017983832867232707,-0.01814750728786958,884526811.8292618
2019-11-11,91.7141809817689,93.87307121486543,90.7889456718719,91.1744613647461,22943443,0.0072400743763822994,0.007213990859959985,2091856057.3777542
2019-11-13,90.90460657687353,91.94549782862148,90.63474675345785,91.21302032470703,12220298,0.00042291404175864855,0.0004228246388209072,1114650289.8479767
2019-11-14,91.3672230536292,91.86839465194295,90.63474555936499,91.40577697753906,5208393,0.0021132580869029916,0.0021110282978925713,476077208.9693756
2019-11-15,91.4057709555098,91.63707683622131,90.17211606170507,90.48052978515625,4650424,-0.01012241482953724,-0.010173994841925913,420772827.24560547
2019-11-18,90.24923220636484,90.8660538275054,90.05647434678909,90.5576400756836,4727251,0.0008522307584895028,0.0008518678160491478,428088694.60541534
2019-11-19,90.78894350860743,91.21301311366561,90.05646606260055,90.48052978515625,7577320,-0.0008515050796696899,-0.0008518678160492394,685599927.9516602
2019-11-20,90.44197963911098,90.67328551443337,89.4781904523451,90.24922180175781,10033434,-0.0025564393129402507,-0.0025597125837227694,905509610.4992981
2019-11-21,90.5190745035158,90.5190745035158,88.51439432865128,88.89990997314453,15099980,-0.014950952503249182,-0.015063844636803804,1342386862.596283
2019-11-22,90.1721180072359,91.90693862126354,90.1721180072359,90.82749938964844,13934099,0.02168269255937605,0.021450966625793634,1265599368.417801
2019-11-25,90.98169016350096,91.29010384903013,90.28776084168577,91.05879211425781,10863475,0.0025465054764650663,0.0025432686253357892,989214911.6634369
2019-11-26,91.05879657482633,91.67562397610033,89.59383590867714,89.94080352783203,14426269,-0.012277656670681147,-0.012353649749231881,1297510225.7686539
2019-11-27,90.05646485553203,90.44198053405313,89.01556781752309,89.24687957763672,5455521,-0.007715340790574343,-0.007745258012720813,486888225.72026825
2019-11-28,89.55528421679584,89.63238616818208,88.70715098654351,89.09266662597656,10014250,-0.0017279366224339787,-0.001729431226888883,892196236.7591858
2019-11-29,89.4396357509957,90.67328472278484,89.0541200796552,89.7094955444336,7014266,0.006923453319076955,0.006899596268299776,629246264.474472
2019-12-02,89.2468717001877,89.67094126213102,88.74570018584609,88.89990997314453,6609154,-0.009024524844062576,-0.009065492530587768,587553195.5986481
2019-12-03,88.74571137696017,89.28543687681295,88.20599175961004,88.32164764404297,6614178,-0.006504644709721896,-0.00652589209905179,584175098.7709808
2019-12-04,88.70717743284756,88.89993531003105,87.89759199567544,88.51441955566406,4444594,0.0021826122673571646,0.0021802338293788934,393410658.07058716
2019-12-05,88.47584960597621,88.86136529053384,87.78192019727197,87.97467803955078,2537275,-0.0060977806646955734,-0.006116448054332137,223215951.2228012
2019-12-06,88.43729254480007,88.43729254480007,86.50971419044521,86.85668182373047,3836996,-0.01270815921960744,-0.012789598573506766,333268740.7309265
2019-12-09,87.28074883977735,87.28074883977735,85.96999786214477,86.89523315429688,7866941,0.0004438499117964678,0.0004437514395612181,683599672.4060974
2019-12-10,86.74102436412464,87.2421959036178,84.58213429361666,84.81344604492188,18958648,-0.023957437408314908,-0.02424908430710654,1607948269.232666
2019-12-11,85.19896279394099,87.7433685606976,84.89054908243985,87.12654113769531,8746687,0.027272740357092706,0.026907465656917158,762068584.7240448
2019-12-12,87.55061383115707,88.63005303593815,87.2807481474593,88.24453735351562,3850652,0.012831867318747525,0.01275023648499849,339799004.24938965
2019-12-13,88.70716687223353,89.55530025436968,88.28309723991401,89.16978454589844,4293299,0.010485036469466635,0.010430449705848612,382832546.8211212
2019-12-16,89.59383983939044,89.67094767980916,88.36019086522114,88.63005065917969,3659151,-0.006052878668120321,-0.006071271595870935,324310738.499588
2019-12-17,88.63004315265545,89.40107443152154,87.5891521026866,89.09266662597656,6241009,0.005219628820656297,0.005206053775451737,556028134.2467194
2019-12-18,88.66862021048307,89.63240956059701,87.74338478737502,88.01324462890625,8626400,-0.01211572217949064,-0.012189715806290429,759237453.4667969
2019-12-19,87.89757278897076,88.20598650157287,87.01088557117805,87.93612670898438,5995825,-0.000876208123527622,-0.0008765922182464886,527249626.92489624
2019-12-20,87.93613591809427,88.9770271599442,87.74337806284417,88.43730163574219,5813877,0.005699306366044432,0.005683126765409365,514163593.9221039
2019-12-23,88.05178523213634,88.97702645955543,87.74337737216617,88.36019897460938,13980109,-0.000871834166202734,-0.0008722144346461593,1235285212.9267273
2019-12-24,88.28308773128424,89.28543081835213,88.28308773128424,88.82280731201172,7929835,0.005235483201382118,0.0052218257075196004,704350206.2210464
2019-12-26,88.78425017699395,91.21299980639532,87.89756305737102,89.74803924560547,12763347,0.01041660314049353,0.010362724164280471,1145485367.4612808
2019-12-27,89.67094515225938,90.36486863644967,89.24687557191893,90.09500885009766,4474934,0.003866041056815428,0.003858587125382276,403169218.3336029
2019-12-30,90.09501437751398,90.71184182630626,89.70949869264442,89.86370849609375,4193724,-0.002567293759732525,-0.002570594909581606,376863591.04907227
2019-12-31,89.86368938069741,92.29243297274226,89.70947961005089,91.79126739501953,12438719,0.021449803610203544,0.021222994185809686,1141765781.78051
2020-01-01,91.79128603516072,94.0658262009533,91.17445859231744,93.71886444091797,9953746,0.020999786805460552,0.020782330372967575,932853772.0533295
2020-01-02,93.68029713914676,94.18146862956021,92.9863678356898,93.60319519042969,8731299,-0.0012342152370102832,-0.0012349775079047037,817277484.5630035
2020-01-03,93.2947858089808,93.56464558316756,91.82982518589311,92.0225830078125,7392962,-0.01688630585100792,-0.01703050514774259,680319459.3186035
2020-01-06,91.75273825639528,91.86839414498374,89.82515972159705,91.6756362915039,6596841,-0.003770234489930968,-0.0037773597388631943,604769596.1888809
2020-01-07,91.94548710724125,93.71886153862081,91.94548710724125,92.94783020019531,8959942,0.013877121121321334,0.01378171549970701,832807167.6195984
2020-01-08,92.29244876957914,93.10203402716408,90.63473609952793,92.4852066040039,6372683,-0.004977239330869687,-0.004989667040822046,589378903.8768234
2020-01-09,92.90927016514203,93.44898971351554,91.67562128135837,92.0225830078125,8309627,-0.005002136159702131,-0.005014688720021859,764673340.37146
2020-01-10,92.48520786947422,93.91162056973687,91.79128436205195,92.75507354736328,5588344,0.00795989979425582,0.007928386907711072,518347258.7279663
2020-01-13,92.83215595062754,94.06580467145791,92.60084424187761,93.873046875,3534313,0.012052961470251589,0.011980902964553659,331776729.9199219
2020-01-14,93.87306906819826,95.60788964646066,93.56465534445113,95.22237396240234,8631692,0.014373956447787384,0.014271630522455489,821930203.5522766
2020-01-15,94.83685021628733,96.37891282143022,94.3356786931155,95.49222564697266,6537916,0.0028339104912136204,0.002829902537213912,624320149.9329529
2020-01-16,95.14526879707284,95.14526879707284,93.25623847931861,93.64175415039062,8806007,-0.01937824240711572,-0.019568461970277815,824609942.5406189
2020-01-17,93.6417629806659,93.83452083437868,92.98638745454303,93.44900512695312,6811534,-0.0020583662190687413,-0.0020604875663208667,636531075.6884155
2020-01-20,93.29479767555415,93.87307121486543,90.82749959416039,91.1744613647461,10655638,-0.024339946253221223,-0.024641058828841256,971522055.1477203
2020-01-21,91.29011365715428,92.17680089237733,90.172114662307,90.32632446289062,5150830,-0.009302351658130092,-0.009345888739824745,465255541.8331909
2020-01-22,88.63005280449345,89.24688024775973,85.96999695572536,86.4711685180664,19388739,-0.042680314600956226,-0.04361789378252294,1676566917.4218063
2020-01-23,86.81812508184554,88.24453184120604,86.58681921634232,87.51205444335938,22793170,0.012037375499042824,0.011965502494599921,1994677133.9767456
2020-01-24,87.89756425845077,89.67093852192897,87.55060254201021,88.47583770751953,9898052,0.011013148648954862,0.01095294554125489,875738442.3725891
2020-01-27,88.66860965058048,88.89992142006132,86.81813314224175,87.24220275878906,5597365,-0.013943184723591795,-0.014041304055397575,488326452.24494934
2020-01-28,87.70481681010564,87.70481681010564,85.5073786203749,86.3940658569336,12128081,-0.009721635573558762,-0.009769199187793027,1047794228.632225
2020-01-29,86.43261315152981,88.59150328435666,86.16275335555204,87.28074645996094,18501507,0.010263211879571355,0.01021090272272736,1614825341.5941925
2020-01-30,87.47351387746976,88.51441101988587,86.39407457533942,87.62772369384766,18545239,0.003975415517852854,0.003967534433734202,1625077078.9283676
2020-01-31,87.70480885104428,88.86135578094816,85.96998845618845,87.01087951660156,64518347,-0.007039372372620534,-0.007064265645118458,5613798117.427292
2020-02-03,84.38938286519755,86.08565544431117,82.65456224627616,85.00621032714844,14889516,-0.02303929348364575,-0.0233088462575013,1265701328.765442
2020-02-04,85.08331157336215,86.58682629327814,85.0062096118927,86.35551452636719,9743806,0.015873007325299282,0.015748348553980614,841431380.5751038
2020-02-05,85.81579345056764,86.81813069758759,85.19896600432268,85.73868560791016,10671590,-0.007142901317190309,-0.007168533970747655,914968099.946518
2020-02-06,85.19896745681763,86.74103021621704,85.19896745681763,86.35551452636719,11852617,0.0071942894165399895,0.007168533970747684,1023538839.5189667
2020-02-07,86.66392012593012,89.6323894828399,86.58681817169261,89.13121795654297,18446803,0.03214274670702433,0.0316369779465222,1644186018.7944107
2020-02-10,89.28542882472786,89.3625307798956,86.39406138717193,87.51205444335938,31637511,-0.018166065159942457,-0.01833309405240902,2768663585.084381
2020-02-11,88.28308641887446,90.63473430530385,87.9746727133998,90.09500885009766,20937033,0.029515412741339064,0.029088218467705547,1886322173.4297867
2020-02-12,90.21066906783562,91.675629827489,89.74805142860363,90.05646514892578,13679292,-0.0004278117252421998,-0.00042790326278648125,1231908683.2599792
2020-02-13,90.0564588116857,90.28776467377358,88.43728836456047,88.78425598144531,20903696,-0.014126794399231923,-0.014227527373899589,1855919096.6223145
2020-02-14,88.51440373931688,89.05412334598851,86.27841158702964,86.89523315429688,23827224,-0.021276551864592097,-0.021506160386960866,2070472184.8996582
2020-02-17,87.20363812067677,87.70480963796552,84.19661489944613,85.04475402832031,22137354,-0.02129551942959551,-0.021525540477257778,1882665825.7678528
2020-02-18,84.5050277709961,85.50737079581934,80.03304984159686,84.5050277709961,34458578,-0.00634637919164871,-0.006366603067065323,2911923090.839035
2020-02-19,86.58682369607668,87.70481681010564,85.12186294208873,86.3940658569336,17935374,0.022354150229459524,0.022107958398328992,1549509882.5247345
2020-02-20,86.124214702214,86.66394027234855,85.54594108725061,85.85435485839844,19663654,-0.00624708413919195,-0.00626667881834488,1688210328.3287659
2020-02-24,85.39171564223437,85.39171564223437,83.92675501002071,84.5821304321289,11370193,-0.014818402961245702,-0.014929292326828233,961715147.3644791
2020-02-25,85.50737612632211,86.70247116464965,84.54358695871817,84.89054870605469,10775289,0.003646376277708807,0.0036397443644742605,914720195.6763153
2020-02-26,84.8134515108614,86.00855249878819,83.46414660046132,84.11952209472656,14998071,-0.009082596626838968,-0.009124094873249305,1261630564.8627777
2020-02-27,84.19662840012536,85.04476766499614,82.23050181588648,84.08097839355469,22610691,-0.0004582016185074034,-0.00045830662494631005,1901129021.4343414
2020-02-28,82.2304909320605,84.96764857116908,81.2281478694279,82.15338897705078,25696761,-0.02292539232216717,-0.02319226580393406,2111076001.8833084
2020-03-02,84.31227142771004,84.81344294890854,79.18491210929837,80.11015319824219,15614944,-0.024870985899064557,-0.025185494583288413,1250915556.0219727
2020-03-03,80.6884261416164,84.77488847274701,80.41856636505621,83.9653091430664,17194661,0.04812318777226876,0.04700112457513548,1443755026.4752274
2020-03-04,83.77254399192857,85.58446619891892,82.8858569043584,83.23281860351562,17095867,-0.00872372825189871,-0.008762002729211705,1422937196.8808289
2020-03-05,83.34848904163935,84.54359000553873,82.5389096411774,83.15573120117188,11579256,-0.0009261659479653517,-0.000926595104647602,962881499.4455566
2020-03-06,80.7655303887523,82.65455476083444,79.33912362998598,81.07394409179688,13533444,-0.02503480011905257,-0.025353501051077313,1097209682.2254639
2020-03-09,80.18725989001958,80.49567360455858,76.75617275734179,79.33912658691406,47383195,-0.02139796607056077,-0.021630221721917087,3759341306.1974335
2020-03-11,79.41622665927295,80.80408540049413,78.25967966908937,79.45478057861328,28434577,0.001457716976157153,0.001456655538158117,2259263076.380684
2020-03-12,76.33210807492381,77.10313946962,71.89867755542066,72.74681091308594,47225243,-0.0844249976738708,-0.08820299323566048,3435485822.8455353
2020-03-13,69.39282004355874,77.68140688209493,62.6462958726572,75.59962463378906,49533058,0.039215653372235426,0.03846624916711644,3744680591.7637024
2020-03-16,74.01899584735767,74.01899584735767,68.04350399509703,70.00963592529297,34649740,-0.0739420167173378,-0.07681842936039586,2425815682.306061
2020-03-17,70.16384839483511,73.94190294644201,66.57855166848874,67.9278564453125,21241388,-0.029735613568994013,-0.030186681292410956,1442881954.7631836
2020-03-18,68.62178729570888,69.66267839841302,57.750246889405986,62.10657501220703,88654467,-0.0856979998742059,-0.08959434621074298,5506025304.902733
2020-03-19,60.56451482250892,65.49911075055988,57.865905100761275,60.41030502319336,33846928,-0.027312244938322072,-0.02769215779328098,2044703244.578064
2020-03-20,60.525946490948016,63.494415301583494,58.868228308644795,62.64628219604492,58499591,0.037013174689204176,0.03634463378501341,3664781886.1392097
2020-03-23,57.75024101310344,61.682499157920574,56.439484376496715,58.90678787231445,37653540,-0.05969219868512099,-0.06154800911023323,2218049093.421707
2020-03-24,60.21753208146071,61.374078814968286,57.865890586162514,59.7934684753418,13742927,0.015052265367945461,0.014940104141378294,821737272.3334236
2020-03-25,60.14044011939764,62.06801832835269,58.05865800672692,61.45119094848633,16472741,0.02772413969977605,0.027346784426034606,1012269552.6359596
2020-03-26,63.6237114680861,63.77888888429901,59.27867869809582,61.800350189208984,39959613,0.005681895425189598,0.005665814342642598,2469518076.825268
2020-03-27,64.01165537087314,65.48586437546336,62.26588295166751,64.39960479736328,39345541,0.04205889772786686,0.041198465464927496,2533837290.9384537
2020-03-30,61.994321535997926,64.78755631286435,61.45118876961587,63.42973327636719,17043895,-0.015060209205442265,-0.015174765775219867,1081089713.8404083
2020-03-31,64.20563737975775,65.79623257696088,62.9642002578534,65.3306884765625,28293281,0.02996946545420176,0.02952915661202169,1848419526.9908447
2020-04-01,65.40827352162322,65.44706491121259,62.53744430828697,62.84780502319336,14355207,-0.038004856695485145,-0.03874587686917983,902193250.6035805
2020-04-03,63.66249860830457,63.701289996339206,61.179618908204404,61.72275161743164,18310156,-0.01790123625393969,-0.018063401605413663,1130153210.8644257
2020-04-07,63.313342780973585,63.662500803151204,62.14949454632467,63.27455139160156,47686619,0.025141454868834234,0.02483060781867418,3017349424.6072235
2020-04-08,63.27457835438989,67.34804891146287,62.304704412229654,66.10660552978516,38072700,0.044758185967312736,0.043785457651217226,2516856960.3538513
2020-04-09,68.55066120694943,68.55066120694943,66.18417330098286,67.5807876586914,9322342,0.022300072997123443,0.02205506218562526,630011215.1837006
2020-04-13,67.58077896446571,69.17137374683517,65.75741811224255,68.7834243774414,33266662,0.0177955416090112,0.01763905474347986,2288194929.9669037
2020-04-15,69.01621121122726,73.08968081538899,68.82223646817194,69.7533187866211,24127975,0.014100699666499628,0.014002209573944232,1683006331.850624
2020-04-16,67.69718136386781,74.71906901932232,67.50320663216618,73.7879867553711,20876392,0.057841949873270515,0.05623093652389223,1540426936.395935
2020-04-17,78.36578672718628,78.36578672718628,73.71039345626431,74.09834289550781,16969641,0.0042060524183380466,0.0041972317048043,1257422277.631668
2020-04-20,75.2621878032906,77.04675751081162,72.46895315121986,76.73639678955078,17639066,0.03560206329800253,0.03498296126290398,1353558367.5730743
2020-04-21,74.87425068448918,76.34845991298212,74.13714903006239,75.4949722290039,15085097,-0.01617778019929028,-0.016310069187081045,1138848979.0868301
2020-04-22,75.49497129018887,76.54243370384734,73.63281259944087,75.72773742675781,10342633,0.003083188070430065,0.0030784447932008766,783224196.1253204
2020-04-23,75.61135814557029,75.80533290317271,73.36125569309398,73.86558532714844,14078729,-0.024590092915563577,-0.024897478812475674,1039933558.2472992
2020-04-24,73.5164260289778,74.75786317377148,71.34390658585944,72.46896362304688,10148964,-0.0189076103291671,-0.019088644778120303,735484902.9276123
2020-04-27,73.24486156187491,73.24486156187491,71.3051142001708,71.65426635742188,22675928,-0.011242016235566865,-0.011305685329147818,1624826984.8137207
2020-04-28,71.4990909046802,72.08101512921156,68.78344452353389,70.10247039794922,19815445,-0.021656714084993478,-0.02189466244319499,1389111646.5346909
2020-04-29,70.95596542171889,71.65427574737042,69.63693941076374,69.98609161376953,21550996,-0.0016601238660925999,-0.0016615033987260942,1508269980.4239807
2020-04-30,70.87836186190304,75.26219173996263,70.14126029003725,73.74919128417969,15151435,0.05376925019870349,0.05237349844578736,1117406078.044815
2020-05-04,70.6456082619367,72.66294453352342,70.21886143233732,70.95596313476562,10305663,-0.037874695312262396,-0.03861058244563466,731248243.9073181
2020-05-05,71.53789053669986,73.67161293895072,70.8783775235685,71.84825134277344,10628539,0.012575239184803966,0.012496827543662365,763641941.4784698
2020-05-06,72.11979991964166,74.05954715706763,71.53787574841388,73.47762298583984,10232281,0.022677958233012552,0.02242463607289378,751843685.6031723
2020-05-07,73.01208590302001,73.24485794277868,69.9472875908177,70.1800537109375,8449705,-0.044878551331714034,-0.04591677520659715,593000750.7415771
2020-05-08,70.606815908147,71.73186720036581,66.53334575960007,67.50321960449219,28174665,-0.038142377568857966,-0.038888840900582165,1901880598.7779999
2020-05-11,68.43428347020098,69.40415713570633,66.61092216297877,67.23164367675781,12243824,-0.004023155181716698,-0.004031269842196168,823172412.4089355
2020-05-12,67.11526395831628,72.35258224408085,66.45575098774052,71.11114501953125,18124894,0.05770350285388881,0.05610005111143193,1288881965.6976318
2020-05-13,73.67161407572293,76.42605813262273,71.88704977263356,72.1974105834961,19037031,0.015275602209280814,0.01516010490657752,1374424343.3977432
2020-05-14,72.39136497944968,72.54654238139408,67.89114928740088,69.3265609741211,39115884,-0.03976388607531667,-0.04057607275661252,2711769717.1826477
2020-05-15,69.83091212373375,71.22753273406433,69.21019053700022,70.49042510986328,16925981,0.016788141794263245,0.016648778545660204,1193119596.0914688
2020-05-18,70.21885411302026,70.21885411302026,68.16272073683271,68.9774169921875,11368562,-0.021464023167936275,-0.0216977254922566,784174041.6755371
2020-05-19,69.52054237417366,71.30511226640017,68.43428269715052,70.64559936523438,12262118,0.024184471466013546,0.023896658308657604,866264675.597229
2020-05-20,69.7533122138065,72.4689583606872,69.287774058269,72.08100891113281,10126022,0.020318456617197667,0.020114790937841506,729893882.0163269
2020-05-21,71.49908862803247,71.88703809870043,69.6757272998209,70.0248794555664,20143324,-0.028525259102593403,-0.02894001060825397,1410533834.9344177
2020-05-22,69.75331806226305,70.76198316389254,68.55067229995326,70.56800842285156,9392095,0.0077562285220325045,0.00772630361824852,662781439.068222
2020-05-26,69.94729650203922,72.46896826891512,69.94729650203922,72.15860748291016,12350762,0.022539945445640752,0.022289674622250257,891213787.2728424
2020-05-27,72.1585972322457,73.86557243332503,70.72318546047825,73.47762298583984,11684730,0.01827939242372545,0.018114332755830777,858566185.6313324
2020-05-28,73.90438022527842,74.87425398151566,73.32245597153606,74.25353240966797,12156645,0.010559805724494664,0.010504440399673073,902673833.5003281
2020-05-29,73.4776244030938,76.69760606325642,73.16726957483047,75.92170715332031,19891080,0.02246593110814943,0.022217289170088753,1510164750.7232666
2020-06-01,76.34845207007139,77.31832568397057,75.3785784561722,75.96050262451172,10106253,0.0005109931355080644,0.000510862622974576,767676057.5304794
2020-06-02,76.62001991764828,76.77519733696762,74.52509515864163,75.06822204589844,18170659,-0.011746638684370092,-0.01181617553044863,1364039064.5323029
2020-06-03,75.84411698335502,75.88291429595905,73.244856869132,73.47762298583984,23102350,-0.021188713635525658,-0.021416416662287868,1697505763.386917
2020-06-04,73.05087576991373,74.09833800277929,71.96461622783015,73.82677459716797,12827335,0.004751808743124641,0.0047405545377647304,947000769.7273636
2020-06-05,73.71039861192529,76.1932728288924,73.05088570300956,75.99929809570312,11744302,0.02942731157346934,0.029002639430578313,892558708.6239624
2020-06-08,76.7752062540796,77.74508003656996,75.8441297907448,76.46485137939453,14168383,0.006125757676145316,0.006107071495107876,1083383300.38134
2020-06-09,76.81398477359694,77.35711159100946,75.4173645007671,76.0380859375,14232434,-0.005581197559347273,-0.005596830637110336,1082207039.5917969
2020-06-10,76.15449523925781,77.70629338608063,75.4561848892595,76.15449523925781,12104423,0.0015309341407343524,0.0015297634557381627,921806223.7274628
2020-06-11,76.15449301802505,77.3571329949507,75.1070304833995,76.076904296875,10258905,-0.001018862276468968,-0.0010193816694614285,780465733.8757324
2020-06-12,73.32243493894163,75.99928337044463,73.16725755031226,75.1845932006836,10925477,-0.011729066849373138,-0.011798394990086324,821427543.768425
2020-06-15,75.02942813711687,75.22340287989084,71.84824353955159,72.31378173828125,10980359,-0.03818350728771702,-0.03893160252901137,794031284.1339722
2020-06-16,73.67159581430981,73.78798182948898,71.57667121963924,72.00341796875,8757035,-0.004291903452851131,-0.0043011401085057245,630536451.2719727
2020-06-17,72.11979428918579,72.23618029827274,70.49040792088337,70.99474334716797,17081311,-0.014008704725931298,-0.014107752740917039,1212683290.478157
2020-06-18,71.2275302941567,73.16727778670301,69.75332101589358,71.92583465576172,16520026,0.013114933087942315,0.013029676962882654,1188216658.5848846
2020-06-19,72.19740480102564,72.97330380621823,71.69306926372253,72.15860748291016,13836691,0.0032362895510700262,0.0032310640371895176,998436354.7313156
2020-06-22,73.01209392779988,74.3699171631402,72.43016968408261,73.94317626953125,18868376,0.02473119768897636,0.024430332040738804,1395187652.487793
2020-06-23,73.78799120924394,78.48218236762219,73.71040249580781,78.17182159423828,20331626,0.05718776955554539,0.05561233496706593,1589360240.3927765
2020-06-24,79.14170029600949,80.53832090438321,75.06823042783253,75.3010025024414,24055051,-0.03672447479474461,-0.03741579678179837,1811369455.5473557
2020-06-25,75.301003815218,76.46485236927306,73.20607286613499,74.56389617919922,69278017,-0.009788798272882038,-0.009837023528296332,5165638867.0887985
2020-06-26,74.7966612080399,75.57256017094562,74.13714827349789,75.26219940185547,15572219,0.00936516542775645,0.009321584151951447,1171999451.5073624
2020-06-29,75.76653464034982,76.07689540832855,73.28365441615918,73.6328125,18130595,-0.021649472308874596,-0.02188726038972238,1335006702.1484375
2020-06-30,75.26220746887438,75.84413175342753,73.86558681809083,74.33113098144531,18496305,0.009483794761273145,0.009439105904190033,1374851269.6277618
2020-07-01,73.47763322731315,73.47763322731315,71.61548035554432,72.6241455078125,21639137,-0.022964610535240126,-0.02323240501117988,1571523834.1514893
2020-07-02,73.32245129011507,73.32245129011507,72.27498888418413,72.46896362304688,14333457,-0.0021367808692348556,-0.0021390670427582185,1038730773.9255066
2020-07-03,72.62414606774618,73.98196933366957,71.9646330939399,73.32245635986328,15274841,0.01177735535526514,0.011708542071054972,1119988862.6263504
2020-07-06,74.40871820021913,74.79666771542398,73.59402185043301,73.86558532714844,11830916,0.007407402782845907,0.007380102707065177,873897535.2963257
2020-07-07,74.02075900576747,74.05955040043156,71.57667619564685,71.8094482421875,18786009,-0.027836198357521602,-0.0282309685113221,1349012940.9627686
2020-07-08,72.04221575631271,72.04221575631271,70.49041786853155,70.60680389404297,26256635,-0.016747717432508913,-0.016889546221103818,1853897078.362465
2020-07-09,70.83956513828264,71.38269194829479,70.45161572552016,70.76197052001953,11910945,0.0021976157738199387,0.0021952045482606266,842841938.955574
2020-07-10,70.76198917077434,70.83958380948907,69.63693794508845,70.14127349853516,12213053,-0.008771618666396086,-0.008810315770426763,856639090.7251053
2020-07-13,70.64560378860345,72.04221838681813,69.44295801380471,69.7533187866211,17508551,-0.005531047449860771,-0.005546400330652582,1221279539.3948135
2020-07-14,69.67572161345329,69.75331031732689,67.81356312229354,68.00753784179688,14240946,-0.02502792663048259,-0.025346451092430642,968491673.9979858
2020-07-15,68.51187633944701,69.636927394681,68.08512956972989,68.31790161132812,11582839,0.004563667196028076,0.004553285241430397,791315255.1818542
2020-07-16,68.43429349751348,68.58947685851598,66.6109319231238,67.30924224853516,10152592,-0.01476420292489955,-0.014874278565254941,683363274.37854
2020-07-17,67.65839292946494,68.78345007277538,67.50321549159307,68.51188659667969,12238969,0.017867447440632844,0.017709700849479083,838514856.1882782
2020-07-20,68.97742162571492,68.97742162571492,67.50321235585456,67.61959838867188,12349129,-0.013023845238135046,-0.013109399149650328,835043143.4299011
2020-07-21,68.2791109764753,68.78344650284308,67.34803455828825,68.55067443847656,20118152,0.013769322385692728,0.013675386572318938,1379112888.0557861
2020-07-22,68.8610332362102,71.84824307154328,68.82223592005238,70.10247039794922,31321718,0.022637209220536247,0.022384789878888943,2195729808.907913
2020-07-23,70.52922339014152,71.07235034620582,70.02488783400192,70.25765991210938,11161294,0.0022137524295391398,0.0022113056899479375,784166398.0310669
2020-07-24,70.06367428102521,70.21885169592306,68.70585118193277,69.36536407470703,11352904,-0.012700335287548437,-0.012781673965265234,787498319.2651978
2020-07-27,69.48174689394995,69.52053828606742,67.69717710666382,68.00753784179688,10071266,-0.0195749889159057,-0.01976911655189479,684922003.6098022
2020-07-28,68.20151323423505,68.89982341526492,67.42561434856603,68.70584869384766,13888285,0.010268139006520682,0.010215779783355175,954206407.827034
2020-07-29,68.66706365771084,69.55934871967685,68.20152542701024,68.39550018310547,10732504,-0.00451706101652416,-0.004527293762891454,734054979.2971802
2020-07-30,68.70586251823256,69.05501471918146,66.80490631406666,67.19285583496094,10668042,-0.017583676483465482,-0.01774010576991804,716816208.1473083
2020-07-31,67.42563088082885,67.96875786611238,66.96009261920867,67.50321960449219,7906179,0.00461899953015199,0.004608364687470078,533692537.26942444
2020-08-03,67.65838350000989,67.65838350000989,65.95140824275879,66.41694641113281,14158505,-0.01609216863616214,-0.016223053630113265,940364667.846756
2020-08-04,67.11525662351335,67.50320608376488,66.22297168100705,66.41694641113281,19621505,0.0,0.0,1303200446.0907745
2020-08-05,66.64971923828125,67.19284612115959,66.26176977347127,66.64971923828125,9478990,0.0035047204023432865,0.003498593181750628,631772022.1624756
2020-08-06,67.11526770672626,67.85236943507131,66.41695737902886,66.84370422363281,12208873,0.0029105146663566117,0.0029062873190628955,816086295.7158966
2020-08-07,66.88248312162345,67.27043257341857,66.22297023749952,66.57212829589844,10339288,-0.004062849761075293,-0.004071125558318802,688308407.2242432
2020-08-10,67.34802667465753,68.82222984427972,66.8436912073263,68.43428039550781,12215464,0.027971947829766197,0.027587878557306024,835956488.5372314
2020-08-11,69.05500771844017,69.52054591238942,68.12393133054164,68.47308349609375,11180265,0.0005670126194310399,0.0005668519285153916,765547218.8534546
2020-08-12,68.27911577464678,69.17140085790253,67.54201405175371,68.8222427368164,14803880,0.005099218888580781,0.005086261900290526,1018836222.8067017
2020-08-13,69.90194502397291,69.98192314432139,69.18212973695772,69.78197479248047,13723113,0.013945085447653716,0.013848747339221998,957625925.440361
2020-08-14,69.86196603276666,71.86144992667494,69.3420989999624,70.70175170898438,25402282,0.013180723521212467,0.013094613620155428,1795985834.805603
2020-08-17,71.50154602462652,77.18007912314322,71.50154602462652,76.22032928466797,115111358,0.07805432598613149,0.0751578663803991,8773825611.165298
2020-08-18,76.94014352025195,78.21981818909839,75.220592125129,76.0203857421875,52023697,-0.002623231155742145,-0.002626677855570131,3954861513.6746826
2020-08-19,76.78020565107188,77.18010255550455,75.38056648555755,75.70048522949219,21840924,-0.004208088522205222,-0.004216967444325303,1653368544.6604614
2020-08-20,75.66046537708833,81.49896048342022,75.38053886693604,80.85912322998047,112338263,0.06814537561878842,0.06592385076783307,9083573451.358955
2020-08-21,82.13880688253825,86.25774547405673,81.2590350721997,84.7381362915039,107862545,0.04797248481770833,0.046857330609248515,9140071038.958473
2020-08-24,85.65789499653965,86.37771047085162,82.97858760510051,84.29824829101562,49154455,-0.005191145566088906,-0.005204666374855767,4143634452.1995544
2020-08-25,84.77813662554684,85.89784908438585,82.5387117078688,83.01859283447266,50940674,-0.015180095464443433,-0.015296492561927328,4229023073.5196075
2020-08-26,83.65839750333603,83.65839750333603,81.25901704280858,82.2187728881836,30828711,-0.009634226731399687,-0.009680936141895703,2534698788.1444473
2020-08-27,82.53868990031549,83.09854903278558,81.57894010456732,82.0588150024414,19363725,-0.001945515362528294,-0.0019474103357397616,1588964327.5331497
2020-08-28,82.4987161651809,83.37848795923057,80.9791070107635,81.21904754638672,21358972,-0.010233726334333504,-0.010286450932870487,1734755362.4099426
2020-08-31,82.05881511072637,82.13879324348753,76.38028225751881,77.10009765625,40298594,-0.05071408757636886,-0.05204524816696346,3107025532.8095703
2020-09-01,77.97988431453103,80.89913248618127,77.1800906292538,79.81941223144531,44304572,0.03526992387635297,0.034662188731762925,3536364896.2057495
2020-09-02,79.81940156676147,80.37925463087684,78.61971119913645,79.13957214355469,20904846,-0.008517227437347619,-0.008553706299153554,1654400568.1669006
2020-09-03,79.17957338486025,79.73942651347157,77.50000789708484,78.13983917236328,19004282,-0.012632529392223035,-0.01271299819288899,1484991539.0662384
2020-09-04,76.82018192812951,77.9398881479018,75.18060251755526,75.7404556274414,27339411,-0.03070627698156947,-0.031187593292812135,2070699445.7258835
2020-09-07,75.82042258095699,76.7801722938542,73.62099056212261,73.90091705322266,28474893,-0.024287397784708675,-0.02458720087570791,2104320705.6923904
2020-09-08,74.58075145873768,74.58075145873768,72.2213628345995,72.50128936767578,31186005,-0.018939246512176267,-0.01912089117348675,2261025572.7267838
2020-09-09,72.06139768984067,72.9811614934337,70.78172922924803,72.30133819580078,28307198,-0.002757898150762328,-0.002761708158555261,2046648295.9734955
2020-09-10,72.78120742431481,73.18110416840446,71.38156882000106,72.42130279541016,27263673,0.0016592306947971203,0.0016578556923019555,1974470717.6480484
2020-09-11,72.14139478166624,72.7012540753782,71.5415494610805,72.06141662597656,18190992,-0.0049693412786327995,-0.004981729512954731,1310868653.3518066
2020-09-14,72.30132739141183,73.54100354844591,71.7814604408119,72.6612319946289,22533738,0.008323668847166621,0.008289218154382173,1637329164.5241852
2020-09-15,72.7012421401733,74.18085913432417,72.42131559024334,72.86119842529297,26866105,0.002752037436949184,0.00274825751532443,1957496607.3197556
2020-09-16,73.26110286744373,73.26110286744373,71.42158098928549,71.70150756835938,20778500,-0.015916439504116364,-0.016044466332181272,1489849775.0091553
2020-09-17,71.22160620918888,71.54151869436792,70.62176114656889,70.90168762207031,21804215,-0.011154855363766591,-0.011217537337667647,1545955640.7744598
2020-09-18,71.22161256314124,72.86118555274473,70.94167996072643,72.42130279541016,44757908,0.02143270808220965,0.02120625751309704,3241426007.7571106
2020-09-21,72.90119891000387,73.06115521347203,69.86198032857394,70.62178802490234,17714694,-0.024847865214347675,-0.025161784478997896,1251043364.5940094
2020-09-22,70.62176480661559,71.62150662946156,68.22238443178526,70.14188385009766,25113194,-0.006795412410621315,-0.006818606360224096,1761486736.6529694
2020-09-23,70.10190737219945,70.50180415572376,67.34261590471732,68.06243133544922,24107408,-0.029646373899687384,-0.030094710931635908,1640808801.6756592
2020-09-24,67.26262619349846,68.50230844986912,65.70303144691309,66.1029281616211,17724521,-0.028789791010706223,-0.029212347005118745,1171642738.3621445
2020-09-25,66.66279021482514,68.10242102492805,65.86299667631027,67.82249450683594,15999517,0.026013467073811247,0.025680872465370132,1085127153.8445282
2020-09-28,68.46232467246907,70.58177873883928,68.0624279090762,69.98193359375,22735756,0.03183957037581986,0.03134319991279035,1591092166.5957031
2020-09-29,70.78172396716681,71.1016425840166,67.70252024661029,68.1024169921875,21328822,-0.026857168772632445,-0.027224412885586302,1452544329.7961426
2020-09-30,68.46232811897352,68.66227651073568,66.70278471224283,68.06243133544922,18475452,-0.0005871400532357907,-0.000587312487455509,1257484183.141388
2020-10-01,68.6222888633388,68.6222888633388,67.58255481009952,67.90247344970703,18244405,-0.0023501641449426014,-0.0023529301152025745,1238840226.1182022
2020-10-05,67.98244561628255,68.34235024053393,67.0226958836522,67.54255676269531,15677842,-0.005300494499339448,-0.00531459195804281,1058921533.2015686
2020-10-06,67.54256962073487,67.70253200791852,66.90273837782367,67.3026351928711,13094249,-0.0035521540984473354,-0.0035584779778543825,881277463.5716171
2020-10-07,67.34261410236738,67.38260622042573,65.78301912913966,66.22290802001953,19056844,-0.01604286622295481,-0.01617294611349907,1261999627.363861
2020-10-08,66.46284693424505,66.6627953342289,65.86300173429349,66.06295013427734,11961568,-0.0024154464146127763,-0.002418368311375385,790216470.3117676
2020-10-09,66.26290246913717,66.5028430041425,65.30315253299841,66.30289459228516,18016087,0.0036320578708657347,0.0036254778764776524,1194518717.326439
2020-10-12,66.9027301326494,67.62254553141207,65.90298821824022,66.18291473388672,11714109,-0.0018095719521180609,-0.0018112112053059015,775273877.130455
2020-10-13,66.22289839642141,66.7027732336831,65.90297980426709,66.1029281616211,11503196,-0.0012085682926966657,-0.001209299200316253,760394938.8170471
2020-10-14,66.22291981134579,66.42286823335837,62.46388581634418,63.26367950439453,47114322,-0.042951934750675824,-0.043901663869487996,2980625367.0748444
2020-10-15,63.26366725035676,64.3833794171297,62.78379235086562,63.18368911743164,20107413,-0.0012643966900049985,-0.0012651967139360233,1270460531.9478035
2020-10-16,63.18367771386484,64.38336779703948,62.74378890925841,64.2234115600586,16578267,0.016455551379637612,0.016321626007370166,1064712864.4935379
2020-10-19,64.7432796368562,66.50282895053151,64.3833750123458,65.30313873291016,21839955,0.01681204947890147,0.01667229121520255,1426217611.2855148
2020-10-20,65.30315055682011,65.54308498262336,64.22343038585275,64.50335693359375,14238188,-0.01224721835481013,-0.012322833551661366,918410922.6516113
2020-10-21,65.14318388905495,67.02270366164622,64.50335269369555,65.82301330566406,38563701,0.020458723930118827,0.020252255541502374,2538379004.0386505
2020-10-22,65.8230161552099,68.70227191382489,65.10320069007092,67.70252990722656,34256481,0.02855409540177889,0.028154025131989984,2319250429.4188385
2020-10-23,68.78224460767663,69.26211951245837,67.58255429475204,68.98219299316406,46258872,0.018901259490465616,0.018724850124991563,3191038435.9500732
2020-10-26,69.66201227587379,70.38182764260667,67.42259414840947,68.74224853515625,34724632,-0.003478353580779747,-0.003484417117429086,2387049283.23584
2020-10-27,71.02166589618827,72.02140778041422,69.62202725827193,71.5415267944336,95412168,0.04072136595656639,0.03991409382141904,6825932173.4869995
2020-10-28,71.54152727277173,72.50128314920987,69.98193236372762,70.46180725097656,44763206,-0.015092207167446747,-0.015207253529372274,3154096393.1077576
2020-10-29,69.58204095212022,70.78173131336366,68.78224737795792,69.18214416503906,41912944,-0.0181610880541212,-0.018328024872143665,2899627334.189209
2020-10-30,69.50207463902865,70.98169178255841,69.02219963328139,70.06192779541016,40735912,0.012716917652513038,0.012636736709322123,2854036525.224182
2020-11-02,70.62178148050256,71.66150956057952,70.34184882246139,71.34159088134766,31922062,0.01826474272409806,0.01809994593319845,2277370687.2930145
2020-11-03,73.14111276281918,73.58100162636151,66.42285227848609,68.74224853515625,118128168,-0.03643516095000632,-0.03711549806242387,8120395883.658691
2020-11-04,68.90221702162653,69.66201846954645,67.58255641560818,68.06243133544922,47519427,-0.009889365189434507,-0.0099385897634238,3234287737.2873917
2020-11-05,68.6622734773587,69.58203725921922,68.46232509442991,69.42208099365234,41267817,0.019976507326075588,0.019779594997679135,2864897734.205223
2020-11-06,69.74199147563407,70.98167385414452,69.50205708433349,69.82197570800781,46143960,0.0057603389099216695,0.005743811595989294,3221862454.191284
2020-11-09,70.90169564969311,71.86144541777395,70.14188815651725,71.5415267944336,42703600,0.02462764865916811,0.02432927699117451,3055080743.6187744
2020-11-10,71.82146003368295,73.38105494598221,71.62151165508355,73.18110656738281,43483223,0.022917875063812376,0.0226592052169981,3182150376.2562714
2020-11-11,73.58101156243346,74.7807019683427,73.34107104047523,74.30082702636719,51801855,0.015300676793584378,0.015184801919503478,3848920667.999954
2020-11-12,73.90092237732016,74.06087864034693,72.30133533929133,72.62125396728516,33374610,-0.022605038548036638,-0.02286444921158667,2423706028.869095
2020-11-13,71.98143016154629,73.86094406204282,71.3415927860004,73.14112854003906,24025139,0.0071587110433000145,0.007133209106401114,1757225779.7913055
2020-11-14,72.42132159580234,73.90093871265087,72.22137317185141,72.70124816894531,12521960,-0.006014131581972393,-0.006032289309895884,910362121.5216064
2020-11-17,73.38105352050552,73.90092051515326,70.58177627449169,70.94168090820312,55324429,-0.02420271047689926,-0.024500409301428838,3924807988.5465393
2020-11-18,70.94170063183867,71.621530176433,70.46182561949233,70.62178802490234,37574681,-0.00450923743567222,-0.004519434712974423,2653591156.6853256
2020-11-19,70.70174481734665,73.50102199595926,70.3818262051172,71.82145690917969,55196018,0.016987234645692073,0.016844565016842,3964258428.3453064
2020-11-20,72.18136857038616,73.66098543149624,71.90144204562596,73.42105102539062,47670803,0.022271813815106345,0.02202741905681069,3500040459.4843445
2020-11-23,74.30082013587679,75.50051043052946,73.58100473869712,74.90066528320312,54262598,0.020152452697807632,0.01995207955685739,4064304690.1950073
2020-11-24,75.3805457654673,75.82043468020657,74.98064897095554,75.30056762695312,35713773,0.005339102693386666,0.005324900214502065,2689267379.0001526
2020-11-25,75.54050655963557,75.90041735738245,74.26083796106501,75.14060974121094,32464332,-0.0021242586979508538,-0.0021265181357794714,2439389701.321106
2020-11-26,75.14060408393715,75.82043350562817,74.70072127795318,75.26057434082031,30825401,0.0015965348168258675,0.0015952617099746806,2319937383.546097
2020-11-27,76.58024139421188,77.6199755719333,73.42105894196345,75.7404556274414,216981706,0.006376263944624316,0.006356021575238518,16434293275.259537
2020-12-01,75.7404533534944,76.94014378318191,74.74071132875481,74.98065185546875,35330973,-0.010031676805722478,-0.010082333138866166,2649139386.2279663
2020-12-02,75.70047954638986,76.14036244707671,75.02065608027958,75.82044982910156,27650080,0.011200195688503722,0.011137937931504962,2096441503.4106445
2020-12-03,76.66021755781557,79.2995389549621,76.22033472625189,78.81966400146484,43841111,0.039556797395999155,0.038794465972856934,3455541638.4709244
2020-12-04,79.33952497495457,79.81940603039291,77.97987825638884,78.81966400146484,34813873,0.0,0.0,2744017772.449669
2020-12-07,79.17955854602327,80.89911583584517,78.93961804904707,79.77940368652344,27049393,0.01217639909046997,0.012102863077153934,2157984443.6224213
2020-12-08,80.41923821937442,80.65917260628176,78.21980611205323,78.53971862792969,30386160,-0.015538911063622818,-0.015660905364711323,2386520456.583252
2020-12-09,79.37951430406652,79.89938136120676,78.29979417120039,78.61971282958984,24061383,0.0010185190761775598,0.001018000737551953,1891699021.742775
2020-12-10,78.69968546633652,79.45948688769094,77.18007652168723,77.69994354248047,25985382,-0.011698965234113734,-0.011767936584573814,2019062714.3297882
2020-12-11,78.29980088918018,82.2987692073003,78.09985247327417,81.89887237548828,63463638,0.05404030738725263,0.052630691690848594,5197600389.046188
2020-12-14,82.73863771517861,84.25824663296942,82.37873306972779,83.65840148925781,45802433,0.021484167763659467,0.021256636147753326,3831758329.098831
2020-12-15,84.05830453071943,85.09803863159509,82.2587689651629,84.65814971923828,52215593,0.011950362571879092,0.011879520820323307,4420475489.87281
2020-12-16,85.53791908962936,85.7778595992146,83.61841942070993,83.89834594726562,25184934,-0.008974963125138902,-0.009015480718145579,2112974305.3910522
2020-12-17,84.4981928456574,84.4981928456574,83.17853221985804,83.53843688964844,16840984,-0.00428982304184411,-0.004299050732271007,1406869479.043579
2020-12-18,83.6184215971381,83.81836999301653,82.25876884400026,82.97858428955078,33596568,-0.006701736601047559,-0.0067242940771115025,2787795649.6276245
2020-12-21,82.9385913874739,83.1385397814668,75.7804413233048,77.97987365722656,34210970,-0.06024097271750739,-0.06213179053717435,2667767118.291168
2020-12-22,77.8598889741894,79.81938653341905,77.18006578096262,79.09957122802734,29181188,0.014358802063755505,0.014256690768593299,2308219458.724457
2020-12-23,79.21956081303607,79.49948736074771,78.21981878410801,78.81966400146484,17602151,-0.0035386693279990666,-0.003544945228236902,1387395627.5230484
2020-12-24,79.41950065483371,81.17904399523505,79.17956015298788,79.93936157226562,23052394,0.014205815071477224,0.014105858015940465,1842793659.0723267
2020-12-28,80.65917491358913,81.21903403626827,79.97935164499474,80.3392562866211,15454893,0.005002475707714504,0.004990004898765632,1241634609.6093063
2020-12-29,80.3792432027394,80.81913204910249,78.33976742696858,78.85963439941406,23647197,-0.018417171823551404,-0.018588879446226513,1864809309.990921
2020-12-30,79.17957385481131,79.69944096414534,78.53973647379381,79.25955200195312,30281285,0.005071258643091436,0.005058443119939637,2400081083.143463
2020-12-31,78.45973844485398,80.17929563140171,78.37976031797874,79.45948028564453,50363279,0.0025224503374241536,0.0025192742993827423,4001839974.820915
2021-01-01,79.93936037732263,80.13930875855849,79.01960270518993,79.21955108642578,13493039,-0.003019516341615125,-0.0030240842787084142,1068912492.3716354
2021-01-04,79.77940411311008,79.97935249434593,78.77966220693075,79.21955108642578,22325584,0.0,0.0,1768622742.22229
2021-01-05,78.69968990825501,78.69968990825501,77.57997766995004,78.05985260009766,23510160,-0.014639043902974547,-0.014747252047128567,1835199624.204712
2021-01-06,78.37977403425002,79.1795676468444,77.77992882480423,78.25980377197266,21952878,0.0025615110100112304,0.0025582359322569776,1718027924.5100555
2021-01-07,78.45975067956702,78.77966933889488,77.46000868288054,77.5799789428711,24999580,-0.00868676889457054,-0.008724718806060435,1939466889.9806213
2021-01-08,78.05983617714377,80.3792383038108,77.8598878231542,80.09931182861328,43240591,0.032474008372667784,0.03195787204725156,3463541582.162529
2021-01-11,80.57920421253552,80.97910100763494,78.93962491185151,79.1795654296875,22036573,-0.011482575541894025,-0.011549009356254695,1744846273.699585
2021-01-12,79.17954817987332,80.77913501178995,78.6196952294783,80.09931182861328,24262426,0.011615956641521707,0.011549009356254738,1943403625.8926544
2021-01-13,80.17930923516047,83.45846180892848,80.0993310947156,82.01883697509766,49236964,0.023964315081651977,0.023681677457016867,4038358523.464752
2021-01-14,82.93859730997673,83.05856757532749,81.33901004380984,81.73890686035156,29301114,-0.00341299785598137,-0.0034188354193426178,2395041028.150543
2021-01-15,81.9788354361196,82.85860708382648,79.8993735137378,80.3392562866211,24067229,-0.017123431514954435,-0.017271732858381086,1933543278.7397995
2021-01-18,80.33927917921069,80.69919002533354,77.42003689388571,78.01988220214844,23613664,-0.028869748012079866,-0.02929467757797679,1842335283.6411133
2021-01-19,78.37977173066285,80.65918223917662,78.01986705634941,79.69943237304688,22934496,0.0215272072129864,0.021298769490582892,1827866312.961914
2021-01-20,79.65944084192947,79.73941898104161,78.37977231031253,78.61971282958984,25599184,-0.01354739314080955,-0.013639996377317627,2012600494.751831
2021-01-21,78.93961505265582,79.29952578445862,76.46025645308802,76.86015319824219,22667011,-0.02238064180114141,-0.022634889002615163,1742189938.0062408
2021-01-22,77.02011642822605,77.18007268732008,74.30081731004643,75.2205810546875,26029669,-0.021331887529885685,-0.021562700597332684,1957966826.8411865
2021-01-25,76.02038695163156,76.22033535907727,74.14086704008908,74.54076385498047,18599824,-0.009037648874485327,-0.009078736165427278,1386445088.5281982
2021-01-27,74.38080295656158,74.46078109419123,72.62125952094611,73.02115631103516,22812859,-0.020386262031091062,-0.020596929942733207,1665821342.9406052
2021-01-28,72.62126191557253,74.10087886730298,72.26135113146016,73.26109313964844,32227832,0.00328585359003708,0.0032804669696680443,2361046201.8409424
2021-01-29,73.58101267929078,74.06088762855012,70.50180847777388,71.14163970947266,36962884,-0.02893013657516319,-0.029356863305002093,2629600176.1510315
2021-02-01,71.46155471667399,73.90092756156936,70.70175326108533,73.58100891113281,29033297,0.03428890888124059,0.033714146034873736,2136299285.2765656
2021-02-02,74.30082564067372,76.26031749300502,74.30082564067372,75.30056762695312,29279584,0.02336959959188789,0.023100711643644557,2204769295.0810547
2021-02-03,76.0603687442703,78.45974950025322,75.42053753717268,77.53998565673828,31420256,0.02973972309052786,0.029306074279909555,2436326199.571045
2021-02-04,77.81991241777473,80.13930875855849,77.57997191951556,79.21955108642578,39264443,0.021660636321533033,0.02142937824411335,3110511548.118553
2021-02-05,80.29928327519353,81.57895188834799,78.4997475717741,79.5794677734375,54911202,0.004543281072358685,0.00453299152467464,4369804229.959717
2021-02-08,76.94014072408507,80.7391602670486,76.860162585674,80.21929931640625,53737961,0.008040158609634585,0.008008008746100014,4310821578.112366
2021-02-09,80.29927232503438,80.93910349338921,79.57945692143731,79.93936157226562,28074809,-0.003489655812580428,-0.003495758863927958,2244282307.723297
2021-02-10,79.97935287910126,80.37924964349676,78.89963283562147,79.85938262939453,19070866,-0.0010004951415428787,-0.0010009959708864203,1522987584.9679108
2021-02-11,80.72520061434206,80.72520061434206,79.36466228835096,80.23046112060547,18452535,0.004646648634049733,0.004635886288632919,1480455391.8941116
2021-02-12,80.64273453784566,80.72519006086307,78.16903110160442,79.11727905273438,21660998,-0.013874805807207236,-0.013971960641773836,1713759223.3267212
2021-02-15,79.52956538739596,79.7357073467111,78.33394453974954,78.49885559082031,12574055,-0.007816541080765238,-0.007847250369618997,987048927.6360321
2021-02-16,79.03483306639293,81.75590969097614,78.74623555553204,80.80765533447266,32865663,0.029411890482672565,0.02898765905641246,2655797168.0429306
2021-02-17,80.68394771263992,82.58045592787529,79.98306642994937,81.9207992553711,28774857,0.01377522855094604,0.01368121250127384,2357259283.8990097
2021-02-18,82.20941755003255,85.9612040313307,82.08573739713906,85.26032257080078,50705280,0.04076526774378042,0.03995627692892475,4323148528.842773
2021-02-19,85.4664591073955,88.02261819008791,83.61118144062549,85.91996765136719,61069583,0.007736835384579255,0.007707059555541345,5247096595.8424835
2021-02-22,86.00243351578058,87.65156929716886,83.6111853745768,84.14715576171875,30636415,-0.02063329326242158,-0.020849133820834642,2577967184.9856567
2021-02-23,84.22961269032919,85.87874849908373,82.91030530151632,85.26032257080078,31233104,0.013228810873111563,0.013142074265293475,2662944521.927368
2021-02-24,86.16732319875683,86.33223421959845,84.18835949389637,85.09538269042969,16153025,-0.001934544409377792,-0.0019364180572403456,1374547843.983078
2021-02-25,85.4252296016364,90.86737625536517,84.9304901405617,89.05332946777344,68361756,0.046511886452669904,0.04546262113150028,6087841980.063538
2021-02-26,88.31121028962649,91.48579506746852,86.41470812059443,88.47612762451172,67331805,-0.006481530187712914,-0.006502626511547554,5957257372.368736
2021-03-01,90.29016076109069,90.53753358092659,88.35242797554994,89.42436218261719,27205189,0.010717405740560126,0.01066038142101433,2432806674.382553
2021-03-02,89.4243815023863,93.75336274810812,88.97087295597802,92.80511474609375,53649872,0.037805721852089746,0.03710860138021318,4978982527.073242
2021-03-03,94.37178086106995,94.57792280815917,92.35159229597664,92.92878723144531,31702057,0.0013326041963304114,0.0013317170673987377,2946033709.7521515
2021-03-04,91.93930889117772,93.1761605802967,91.11474109843172,91.36211395263672,28057179,-0.016858858546240252,-0.017002586788156165,2563363184.987526
2021-03-05,91.5270322721292,92.64019762265359,89.38315709872049,89.63052368164062,24778407,-0.01895304515276186,-0.019134956293894976,2220901595.40683
2021-03-08,91.23843850219541,93.42354467404738,90.29018416826489,91.1559829711914,28163362,0.017019417346807897,0.016876209653880904,2567258946.883499
2021-03-09,91.85684874777833,92.22790171946112,88.59980235575725,90.29016876220703,20611697,-0.009498161072521216,-0.009543556280410037,1861033600.6054764
2021-03-10,90.99106678049127,91.19720875611131,89.83667045882832,90.41387176513672,13207045,0.0013700606015643046,0.0013691229248898602,1194100073.02639
2021-03-12,91.52701466543077,92.43403787689773,89.54805092798775,89.96033477783203,21763020,-0.0050162323374760565,-0.005028855863628622,1957808564.976654
2021-03-15,90.66123126649478,91.52703001272624,88.80595363110169,91.11474609375,20350674,0.012832447975754224,0.012750809785325019,1854246494.3466797
2021-03-16,91.15597344542905,91.89807943786913,90.12526368820328,90.33140563964844,15360040,-0.008597296131359067,-0.008634466075758575,1387494003.8812256
2021-03-17,90.45508777540597,90.62000511477608,87.5278757748107,87.85770416259766,18850429,-0.027384733576702125,-0.027766684628034232,1656155414.4200516
2021-03-18,88.55859994572923,89.25948145182522,85.09541074762164,85.59015655517578,20023557,-0.025809320070842467,-0.02614822455223719,1713819378.421486
2021-03-19,84.39450624224264,90.33139769637566,84.10590879378779,89.4655990600586,72249183,0.045279067837485476,0.04428390032730706,6463816438.694801
2021-03-22,89.71297350822113,91.15596706737297,88.10506262488033,90.57876586914062,31980425,0.01244240043969036,0.012365629925720842,2896747428.4706116
2021-03-23,90.70245972659312,90.86737077335111,89.13577961857952,89.58929443359375,14060206,-0.010923878527737574,-0.010983982199718802,1259643935.1309814
2021-03-24,89.05331017836085,90.20770619812262,87.07434647176238,87.4041748046875,15196366,-0.024390410067643975,-0.02469278290972108,1328225830.2600098
2021-03-25,87.40419213748672,87.81647606266354,84.6418910969927,84.93048858642578,22543755,-0.028301694098587293,-0.028709907576142814,1914652126.7226791
2021-03-26,87.19805033819013,87.19805033819013,85.5076837254183,85.91996765136719,17402475,0.011650457702648387,0.011583113674781874,1495220089.0537262
2021-03-30,87.28049723314443,89.63051412044564,86.24978752020944,88.80594635009766,36129962,0.033589150201275064,0.03303735689481584,3208555467.003067
2021-03-31,88.80595212742443,89.87789281499374,87.48664486722986,87.85770416259766,23063667,-0.01067768799807356,-0.010735103584805573,2026320832.1906662
2021-04-01,88.64103497720268,89.67174468623992,88.18752018884516,88.97086334228516,13753303,0.01267002353746216,0.012590430382263743,1223643241.7180405
2021-04-05,88.55858122622895,88.88840959789454,85.54890755757896,87.65155792236328,15666099,-0.01482851093448756,-0.014939552389669996,1373157983.9159775
2021-04-06,88.84717432917805,89.13577178110549,87.23926974633035,87.4454116821289,17393454,-0.0023518833563342945,-0.0023546533780260948,1520977745.6041718
2021-04-07,88.14630310352746,88.51735611409094,86.78576491320577,86.95067596435547,15692013,-0.005657652108401523,-0.005673717244714413,1364431137.5914536
2021-04-08,87.40418817429315,87.77524117374615,86.33224750105735,86.57962036132812,11394998,-0.004267426318565359,-0.004276557770048014,986574600.8580933
2021-04-09,87.36294724494812,87.36294724494812,84.43573561930516,84.76556396484375,19751417,-0.02095246420478236,-0.02117508217052984,1674240001.1098022
2021-04-12,83.69362751856666,83.69362751856666,80.84887126707528,81.6734390258789,20221362,-0.03647855089181373,-0.03716052971677311,1651548176.3272247
2021-04-13,82.12693988618692,83.4050223099351,81.83834245561698,82.95150756835938,19192856,0.01564852120498439,0.015527345608084196,1592076339.7424316
2021-04-15,83.44625224126355,84.93047668021137,81.87957857798287,83.56993865966797,13865351,0.007455332753282917,0.007427679119691914,1158726532.564766
2021-04-16,84.0234659402367,84.84803379776415,82.86906968150758,84.47697448730469,14654851,0.010853613658023065,0.010795135942485035,1237997474.0422516
2021-04-19,82.45677588036123,82.78660424207322,81.3436106641669,81.6734390258789,11652043,-0.03318697761657052,-0.03375016067026122,951662423.4874191
2021-04-20,81.79711915693724,83.19888812147504,80.9313267847651,81.6734390258789,16528675,0.0,0.0,1349953729.791069
2021-04-22,80.84887454949501,82.25063727999084,80.0243067572144,81.59098052978516,18614270,-0.0010096121465832386,-0.0010101221482246338,1518756541.146164
2021-04-23,80.80764686267848,84.93048598832534,80.80764686267848,84.55943298339844,29484794,0.03638211520855106,0.03573591290750976,2493217462.2723083
2021-04-26,85.71382931865253,85.71382931865253,83.15767012769844,84.43575286865234,24369413,-0.0014626412498576213,-0.0014637119537349724,2057649733.6221237
2021-04-27,84.14715576171875,85.38400759775998,83.8585519672128,84.14715576171875,17763436,-0.003417949116679697,-0.0034238036488972727,1494742615.9553223
2021-04-28,84.80679844346763,85.71382178101666,84.22960348983275,85.42522430419922,15160578,0.01518849366815922,0.015074303299593288,1295095776.231308
2021-04-29,86.24978645881778,86.57961482108867,84.64188184280724,84.97171020507812,11588556,-0.005308901472779626,-0.005323043765770469,984699422.1273193
2021-04-30,84.31206343218061,87.1155954059646,84.14715237705651,84.47697448730469,15321193,-0.00582235801279507,-0.005839374020214309,1294288030.1760712
2021-05-03,83.61117982510277,86.24979438381136,83.32258234070548,85.96119689941406,12186212,0.017569549822507247,0.017416989632523572,1047541369.1900024
2021-05-04,86.00242686955572,87.44542056675664,85.34277009159686,85.54891204833984,12992684,-0.004796173924342284,-0.004807712475213409,1111509980.7878723
2021-05-05,86.37348119794856,87.11559351177793,84.76557642711273,85.67259979248047,14956169,0.00144581317493242,0.001444768993403787,1281333881.1657028
2021-05-06,86.57961482108867,86.6620703389182,84.64188184280724,84.97171020507812,13547274,-0.008181023910796004,-0.008214672130499657,1151135040.3967896
2021-05-07,85.75505845909912,86.99191026379766,85.21908808553903,86.62085723876953,13229291,0.01940818926335841,0.01922225230664195,1145932527.0811386
2021-05-10,87.4041836568872,89.05331919758318,87.07435529055743,88.80594635009766,23980945,0.025225900331428797,0.02491297887518572,2129650515.0946426
2021-05-11,89.05332114254891,93.50598845786695,87.9813805013037,92.92878723144531,45613487,0.046425279508809814,0.04537985998098123,4238806028.3072968
2021-05-12,94.16564422663494,96.26829472195404,92.14545554756627,93.42353820800781,62158914,0.005323979697811954,0.005309857420204562,5807105677.047272
2021-05-14,93.95949368265323,93.95949368265323,90.82613997099118,91.85684967041016,16227312,-0.016769740984433956,-0.01691194515062417,1490589758.9388428
2021-05-17,91.69192605634714,92.55772466086984,90.66121642760694,91.98052978515625,12832920,0.00134644411592455,0.001345538472886574,1180378780.2905273
2021-05-18,92.84632776091637,94.16563490797068,92.14544642882058,92.43404388427734,14892142,0.004930544542202542,0.0049184292145831535,1376540907.1588898
2021-05-19,93.29983349328617,93.29983349328617,91.48578083743158,92.31034851074219,12610425,-0.0013382014714190538,-0.0013390976626202545,1164072726.618576
2021-05-20,92.35159636290548,92.97002223140709,91.44457301396045,92.14545440673828,10303689,-0.001786301391600964,-0.0017878987304342671,949438104.9707108
2021-05-21,92.59897405235063,93.29985548165389,91.73317527494723,93.05248260498047,12171685,0.00984343941957766,0.009795308362136929,1132605506.7358017
2021-05-24,92.64019701753914,93.95950432402283,92.39283043623477,93.09371185302734,11341268,0.00044307520758901653,0.00044297707875379255,1055800735.2399597
2021-05-25,93.91827765074368,94.70161457749602,93.21739624928843,93.42353820800781,15289982,0.003542949877229029,0.00353668841531829,1428444217.5767517
2021-05-26,94.00072970249687,94.00072970249687,91.4445707670231,91.60948181152344,17466748,-0.019417551842720537,-0.019608549010163644,1600119733.2124634
2021-05-27,92.02176344630837,92.06299435189408,90.12526131747201,90.9498291015625,34169451,-0.0072007034306569295,-0.00722675362407857,3107705728.944214
2021-05-28,90.949833892402,91.52702885528828,89.34192285415605,89.83666229248047,13383166,-0.012239350200856092,-0.012314867871622098,1202298964.3462067
2021-05-31,89.8366634285423,91.81562749781894,88.88841544765963,91.11474609375,14754293,0.014226750734666505,0.014126500223665723,1344333660.487793
2021-06-01,91.48578878477967,91.89807265724998,90.29016807099684,90.86736297607422,10271211,-0.00271507223892431,-0.0027187647326614873,933317858.1408463
2021-06-02,90.78491236422872,91.81562210108633,90.7436877493262,91.65071105957031,6492771,0.008620785921809482,0.008583839135232215,595067078.8969574
2021-06-03,92.02175108675647,92.51649043257115,91.07349700422296,92.1866683959961,12140851,0.005847825185747002,0.005830793024521943,1119224605.1821976
2021-06-04,91.93931245057108,93.17616418757429,91.56825944585142,92.14545440673828,8930671,-0.00044707103505226,-0.00044717100110317886,822920737.4520798
2021-06-07,92.4752774976542,96.26828801566988,92.3515910728482,95.97969055175781,28407410,0.04161069224418679,0.04076825763087367,2726534421.1769104
2021-06-08,96.88672190514784,97.7112897511491,95.64987013614595,95.81478118896484,43191813,-0.001718169352755261,-0.0017196470986386748,4138414111.749687
2021-06-09,96.06215479169587,99.77271012699744,95.4849598114748,97.38146209716797,49807823,0.01635114007214966,0.016218899754038913,4850358627.616951
2021-06-10,98.41216985374112,98.86568467939402,96.7218095664827,97.71128845214844,22144392,0.003386952176291702,0.0033812293720384217,2163757074.3094482
2021-06-11,98.04112710376594,98.57709751081818,96.92796166816763,97.95867156982422,13871562,0.002531776231739391,0.0025285766855144753,1358839786.118454
2021-06-14,97.9586510162239,98.04110653286487,95.85600074163914,97.46390533447266,14179055,-0.00505076505655655,-0.005063563282460047,1381946074.2522812
2021-06-15,97.46392399739585,98.0823499270518,96.96918451186187,97.13410186767578,8148417,-0.003383852367346396,-0.0033895905441874517,791489166.9383011
2021-06-16,97.13409039554081,99.44287648566882,96.35074720258862,98.7832260131836,21585917,0.016977808141515505,0.016835295925212265,2132326517.712822
2021-06-17,97.46391071439893,99.44287467778305,96.43320097211065,96.80426025390625,14466025,-0.020033419024128918,-0.020236808944002812,1400372848.9395142
2021-06-18,96.80425372334828,97.42267952700132,93.09369890142996,93.62966918945312,43927941,-0.03279391894660988,-0.033343692425274594,4112958584.0038147
2021-06-21,93.38229177765928,97.67004128992144,93.21738075447699,97.29898834228516,34597018,0.03918970540638589,0.038441280057273375,3366254851.0598297
2021-06-22,97.7112825005427,98.04111087265916,96.43319991769872,97.54637145996094,16712010,0.0025425045202476237,0.002539277823732967,1630195935.3025818
2021-06-23,97.99987197022831,97.99987197022831,96.43319204873117,96.6805648803711,12590251,-0.008875846088700734,-0.00891547105491587,1217232578.665657
2021-06-24,96.63933166765146,97.71127219119315,95.4024801209275,97.29898834228516,14046692,0.006396564425117601,0.006376193231182836,1366728921.1556702
2021-06-25,98.206029230723,98.206029230723,95.40249729526694,95.69110107421875,12768348,-0.016525220821516307,-0.01666328542847071,1221817279.0187988
2021-06-28,96.39197011686136,97.17530695390836,95.64985789226533,95.77354431152344,10709748,0.0008615559480369406,0.0008611850217450212,1025710524.6432495
2021-06-29,95.85601191431178,97.75252047286877,95.15513050474189,96.96917724609375,33488455,0.012483958311924503,0.012406676230501623,3247347928.5928345
2021-06-30,97.17531131265906,97.67005072093018,95.77354860739878,95.97969055175781,16739618,-0.010204136225934635,-0.010256555323289528,1606663355.594635
2021-07-01,96.30951489241639,97.1340826353619,95.40248534241422,96.76302337646484,12479506,0.00816144353252124,0.008128319059219584,1207554730.8047333
2021-07-02,96.92794965733873,98.16480138606214,96.47443484042553,96.88671875,17215972,0.0012783330782659696,0.0012775167061926946,1667999037.171875
2021-07-05,97.21654437819745,98.20602321672725,96.68057405276338,97.79373931884766,16409169,0.00936166050981746,0.009318111747568683,1604713995.624916
2021-07-06,97.38144418424665,98.08232547157755,96.51565187317401,97.01039123535156,14979094,-0.008010206879829562,-0.008042460943574947,1453127769.2911072
2021-07-07,96.51565979799368,97.46390769879703,96.3507424697584,96.8454818725586,14545289,-0.0016999144183729165,-0.0017013609123976083,1408645522.180626
2021-07-08,96.76302635391735,97.87619158295598,96.63933993047911,96.8454818725586,12037089,0.0,0.0,1165737684.5478745
2021-07-09,96.47444502632788,97.62884135320976,95.85601909667194,97.13410186767578,9585144,0.002980211255461551,0.002975779229297395,931044353.7123413
2021-07-12,97.29900228752363,97.9174281495206,96.5981209021177,97.1753158569336,7651672,0.0004242998953545296,0.0004242099056081242,743553643.4336548
2021-07-13,97.42269080044163,100.59727570168953,97.38145989237928,98.86568450927734,30663035,0.017395041502436648,0.017245479699385374,3031521944.406929
2021-07-14,98.90690210146548,99.73146987652046,98.78322196796952,99.56655883789062,9539611,0.007089156688613318,0.007064146747365172,949826239.9220886
2021-07-15,99.56654854952086,99.93760149357297,98.28846611387075,99.19549560546875,11278872,-0.0037267857476728228,-0.0037337475157384757,1118813297.9106445
2021-07-16,99.07182288025373,99.60779321088997,97.54637370148374,98.20602416992188,17198632,-0.009974963374166812,-0.010025046652232363,1689009269.8815918
2021-07-19,98.20602299084037,100.47358442396241,97.71128357271344,100.10253143310547,14364285,0.01931151657155117,0.019127415638704695,1437901290.7265854
2021-07-20,100.5972697265746,100.5972697265746,97.46390962854602,97.67005157470703,11360716,-0.024299883565122138,-0.024599997533528473,1109601717.6455994
2021-07-22,97.91742205888433,98.70075891897429,97.75251102232417,98.2884750366211,9520328,0.00633176139403413,0.006311800009033007,935738520.9684448
2021-07-23,98.45340076187442,99.03059573002054,97.54637740152194,97.71128845214844,10442400,-0.005872372974121354,-0.005889683157464303,1020340358.5327148
2021-07-26,97.46391613630911,98.94814076415275,97.34023599311661,98.41217041015625,5370055,0.007172988598457053,0.007147385078670048,528478767.7719116
2021-07-27,98.3709448579937,98.61831143298151,97.46391521017847,97.99988555908203,5280342,-0.004189368544113226,-0.00419816853471458,517472911.71281433
2021-07-28,98.57708605628963,98.57708605628963,95.48495671062125,96.30952453613281,11010096,-0.017248602009133363,-0.01739909215167862,1060377110.8571777
2021-07-29,97.05163221944491,97.5051470476759,95.03144352849597,96.26829528808594,11897018,-0.0004280910766142343,-0.0004281827337585098,1145305641.8716736
2021-07-30,96.43319564907868,98.90689889402421,95.85600074163914,97.46390533447266,14546264,0.012419561838181714,0.012343071744536064,1417735697.4662476
2021-08-02,97.79375409372417,97.91744053996545,96.4744466793765,97.0928726196289,11742555,-0.0038068730528543204,-0.0038141376368347408,1140118396.8439865
2021-08-03,97.71127252268245,97.71127252268245,96.06213712145575,97.01039123535156,21122697,-0.0008495101859893328,-0.0008498712242523188,2049121099.9157867
2021-08-04,97.34023319470471,97.99988367292956,96.10338147071076,97.1753158569336,9432176,0.001700071708626627,0.001698628222507763,916574682.0181885
2021-08-05,96.51565619046168,97.1340819935848,95.60862664645238,96.06214141845703,11045322,-0.011455321021188514,-0.011521438628294396,1061037283.9763947
2021-08-06,96.06213712145575,97.8761835464242,96.02090622004415,97.01039123535156,8434733,0.00987121255983503,0.009822810405786413,818256748.2957306
2021-08-09,97.71127519939394,98.20601457512443,96.10337065553173,96.22705078125,7816050,-0.008074809761370205,-0.008107587606869866,752115440.2587891
2021-08-10,96.39197219937095,96.6393387522788,93.71212698500965,94.28932189941406,9774255,-0.02013704946897854,-0.020342563493855447,921607876.0219574
2021-08-11,94.57791207875886,96.72179311803647,94.4542319572986,96.43318939208984,8056886,0.02273711857810179,0.022482482859862776,776951213.5484772
2021-08-12,96.43320050574263,98.45339536542947,96.06214751669454,98.24725341796875,8640167,0.018811614935839716,0.018636864662654067,848872676.8225708
2021-08-13,98.49462105413154,98.49462105413154,96.63934350675896,97.50514221191406,9744939,-0.007553505876622957,-0.00758217807714536,950181663.0414276
2021-08-16,97.50514611815309,98.45340038298964,97.38145968518253,97.99988555908203,8768804,0.005074023132982219,0.005061193657341931,859341788.4900208
2021-08-17,98.41216493549476,98.53585136275996,95.81477512673769,96.80426025390625,8758578,-0.012200272463124051,-0.012275306703879068,847867664.1661377
2021-08-18,96.80425197311482,98.04110355805848,95.73231141644932,96.1033706665039,9357721,-0.00724027626019752,-0.007266614266991787,899308529.8567276
2021-08-20,95.89725005276888,96.47444507100015,93.547226486225,94.12442779541016,11684504,-0.02059181543133426,-0.020806783031800523,1099797253.0731812
2021-08-23,95.23758018348896,95.44372213193807,92.5165039475795,93.50598907470703,6271685,-0.006570438038118742,-0.006592118384554196,586440109.090004
2021-08-24,94.16562984226903,95.89722706376267,93.71212137693452,93.95948791503906,11791078,0.00484994431714636,0.0048382212261524,1107883650.846283
2021-08-25,94.57792738527714,95.03144220720257,93.8358213726039,94.000732421875,9491958,0.0004389605323651402,0.0004388642173752751,892251004.1176758
2021-08-26,94.08319715722288,94.41302557900846,92.31037489471011,92.97003173828125,11668986,-0.010964815454500565,-0.011025372112050125,1084865998.7735596
2021-08-27,92.92878784447771,94.08318401398334,92.43404842639045,93.50598907470703,8095717,0.005764839770460162,0.005748286668522517,756998025.35392
2021-08-30,93.38229499892678,95.23757238301141,93.38229499892678,94.7840576171875,9915170,0.013668306759039295,0.013575738005788549,939800044.564209
2021-08-31,95.03142483207107,95.93844801913251,94.57791009306428,95.6086196899414,11386659,0.008699375121543396,0.008661753589557626,1088662749.8700485
2021-09-01,95.64986024787333,96.2270551640225,94.61915054692643,95.15512084960938,7508413,-0.004743284044919083,-0.004754569116358689,714463946.4037781
2021-09-02,94.90774532777003,96.2270524495755,94.8252898122108,96.06214141845703,5700524,0.00953202056546365,0.00948687750046341,547604542.6473083
2021-09-03,96.47443389892578,97.21654618710815,96.06214999337482,96.47443389892578,9364904,0.00429193514094961,0.004282751056275764,903473811.9177856
2021-09-06,97.01041266306467,97.01041266306467,95.56741886826204,96.02092742919922,7005043,-0.004700794307864964,-0.004711877789178681,672630725.54142
2021-09-07,96.22705012499316,96.39196744308025,95.03142945088577,95.52616882324219,7723357,-0.005152612239887389,-0.005165932722892005,737782704.6641693
2021-09-08,96.50092911813759,97.13664012216589,95.27189043039759,96.67045593261719,10508654,0.011978781557672846,0.011907603805222312,1015876373.4181213
2021-09-09,96.58568720377707,97.26378151346137,96.20426319632126,97.0942611694336,5757417,0.0043840202544591644,0.004374438432058522,559012149.8593369
2021-09-13,97.179028890536,97.8995001088018,96.75522153075764,97.47569274902344,6322443,0.0039284667805878914,0.003920770504755913,616284511.291214
2021-09-14,97.68759741219367,98.4504519608307,97.30617337126873,98.2385482788086,7369292,0.007826110369375083,0.0077956452135008545,723948547.9226379
2021-09-15,98.32330475402205,105.82469352163962,98.32330475402205,105.27374267578125,48721413,0.07161337906792187,0.06916534374281723,5129085494.962463
2021-09-16,105.52804017836047,106.54517532830434,104.25661800753686,105.10423278808594,17684303,-0.0016101820205762785,-0.0016114797568941807,1858695099.2070465
2021-09-17,105.2313658976523,105.69755010080496,103.02756897940141,104.89231872558594,15763396,-0.002016227671127857,-0.0020182629943823033,1653459157.4296265
2021-09-20,103.83280660249187,105.06184540005134,103.239478865764,104.00232696533203,7431359,-0.008484813483647491,-0.008521014431212278,772878628.5147629
2021-09-21,103.66329260176792,106.29089718777803,103.49376576173609,105.18899536132812,8629222,0.01141001774308048,0.011345414442733933,907699192.9298706
2021-09-22,105.61280345541306,107.64708028165222,105.10423586555021,105.44328308105469,11698183,0.0024174365279663323,0.0024145192289272027,1233494821.6029816
2021-09-23,105.78231586030182,107.64706559090992,105.65517236349062,106.9689712524414,11053966,0.014469277954992421,0.01436559688285123,1182431371.2794647
2021-09-24,107.22326475945516,107.39278512097654,105.06184458272752,105.31613159179688,8598140,-0.015451580409649002,-0.015572200202391995,905522843.6846924
2021-09-27,106.20612901766245,108.3251658578649,105.52803464208276,107.51992797851562,8490460,0.020925534895837483,0.020709603022102528,912893647.7044678
2021-09-28,108.070875313314,113.28370059617365,107.94373181370564,111.84275817871094,35900138,0.04020492090600247,0.03941773307627627,4015170452.9163513
2021-09-29,111.37655973397978,122.26841314987635,110.69847836146289,119.21699523925781,75859390,0.06593396998278389,0.06385138197037754,9043728536.483002
2021-09-30,120.14940997379382,121.37844897058466,117.90323570150633,120.23417663574219,34614825,0.00853218447959514,0.008495991120162054,4161884983.2653046
2021-10-01,119.47129690591667,122.35319482764325,116.71654895734588,118.581298828125,22452069,-0.01374715454345976,-0.013842521699178026,2662395503.3986816
2021-10-04,121.59034216179268,126.59127731138521,119.08988105378423,123.3703384399414,58612212,0.04038612883434323,0.03959192197209177,7231008431.153595
2021-10-05,123.3703216565079,125.3198380450813,122.22603664285698,123.24317169189453,24390676,-0.0010307724665016282,-0.0010313040777853901,3005984269.9493713
2021-10-06,124.13319267392414,124.85367047262977,121.03940363293789,121.46321105957031,14421296,-0.01444267141042166,-0.014547981996484211,1751656919.800537
2021-10-07,122.22603064859416,123.45506931147173,120.57318465827099,121.03937530517578,10035682,-0.0034894166776693325,-0.0034955188916248135,1214712680.041397
2021-10-08,121.67511107713328,121.97176850661957,118.92036288769505,119.59845733642578,10686586,-0.011904539040432316,-0.011975965497299134,1278099199.793045
2021-10-11,120.36129523933168,124.38746532656285,119.89510453725312,122.734619140625,17449923,0.026222426894498385,0.02588451359846152,2141709653.4382324
2021-10-12,123.75177460610315,123.96367832974374,121.88702442478136,122.52273559570312,16030831,-0.0017263551751368622,-0.0017278470434758813,1964141267.9924011
2021-10-13,123.32793847147707,124.8112641919244,122.64984412684352,124.04841613769531,19100941,0.012452223945003782,0.012375332658095355,2369441477.789566
2021-10-14,125.02317364849918,127.65078450538896,124.47222924313897,126.63363647460938,29263867,0.020840413907779576,0.02062622325160817,3705789895.5193176
2021-10-18,128.20173816275613,128.5831622350377,126.04031784172682,126.76079559326172,25346029,0.0010041496255841498,0.0010036458045951,3212882801.1698837
2021-10-19,127.94742928454829,128.92219389564917,125.53173528362497,126.84552764892578,20234486,0.0006684405479431277,0.0006682172410661001,2566654053.3748016
2021-10-20,127.69315318202234,127.69315318202234,123.15842216220231,123.96365356445312,16129487,-0.022719556123798945,-0.02298162219650393,1999470138.6403503
2021-10-21,125.19270039490819,125.91317813119797,123.66699120449024,125.36222076416016,20818539,0.011282074700870837,0.011218906762342806,2609858282.105278
2021-10-22,125.31982463003916,125.5317282814707,122.05650322456452,122.81935119628906,11379569,-0.020284177740077736,-0.020492726654855718,1397631281.473404
2021-10-25,122.64983501692377,123.96364028702219,121.33602974682537,121.97174072265625,14079380,-0.006901277896169344,-0.006925201848568343,1717286486.895752
2021-10-26,123.15842168769298,123.45507908023488,120.74271455667355,121.37842559814453,16224116,-0.004864365475121146,-0.004876235008334436,1969257656.8016663
2021-10-27,122.0565322464209,122.52272297713276,119.38655077696066,119.76797485351562,15072448,-0.013268014778513693,-0.013356821285353057,1805196573.0449219
2021-10-28,119.76796704101469,120.23415774131678,115.52989328113146,116.41989135742188,19999659,-0.027954747503985855,-0.028352919539539802,2328358127.9654846
2021-10-29,111.03752189892273,116.03844328429979,108.96086854172627,112.43608093261719,29217522,-0.03421932780004022,-0.03481851796083477,3285103668.242523
2021-11-01,112.9022744267665,114.68227045401215,110.95275804777691,113.83465576171875,10043407,0.012438843630095286,0.012362116821329663,1143287778.5198364
2021-11-02,114.42800921981522,119.34417812856708,114.42800921981522,115.82656860351562,21525811,0.017498298988722683,0.017346966577660515,2493260824.5378113
2021-11-03,116.92845102121042,117.7760657628409,114.89418081472708,115.91131591796875,9808728,0.0007316742218550498,0.0007314066787665529,1136942569.9614258
2021-11-04,117.22511561746533,117.22511561746533,116.08083059883322,116.25035095214844,1026849,0.002924951990189051,0.0029206826411844584,119371556.62486267
2021-11-08,117.5641679230166,119.17464377233613,115.74180131132827,118.92035675048828,12765483,0.02296772247542611,0.02270793463929185,1518075792.4522934
2021-11-09,119.30177892416393,119.85272335144943,117.01322163098376,117.39464569091797,9556650,-0.012829687879018614,-0.012912699094209137,1121899540.7421112
2021-11-10,117.14036709577982,117.18275042405887,115.91132817714322,116.46227264404297,5479056,-0.007942211004493327,-0.007973918358229944,638103313.7039795
2021-11-11,116.54704642758958,116.75895014836702,113.87706471922458,115.82656860351562,11418813,-0.005458454708936689,-0.005473406506803885,1322601927.315216
2021-11-12,117.14036944146918,117.14036944146918,114.13133414346557,115.65704345703125,9306659,-0.0014636119202035003,-0.0014646840463754369,1076380664.402771
2021-11-15,116.37750091731529,116.67415830222346,115.27559922040545,116.25035095214844,3991733,0.0051298864071136485,0.00511677336632637,464040362.15727234
2021-11-16,116.7165405420868,116.80130718474567,113.58036876731597,113.83465576171875,5762128,-0.020780110947140717,-0.020999055897611522,655929857.3349609
2021-11-17,113.58038966553337,116.97084905853437,113.58038966553337,115.65704345703125,15264066,0.016009076349535967,0.01588228253128504,1765396744.6929932
2021-11-18,115.78418328691367,116.63179806080447,114.21609078178567,114.68228149414062,9942974,-0.008428038048999276,-0.008463754784597547,1140282943.1569214
2021-11-22,114.42799146727069,116.03845432189868,109.93563069702586,110.31705474853516,15990636,-0.03806365454831395,-0.0388069994748347,1764039867.0758972
2021-11-23,110.23230209994244,113.36847412452268,108.62182629615947,113.15657043457031,11510010,0.0257395893364607,0.025413902970068014,1302433257.2676086
2021-11-24,114.00418506232823,116.37750897376081,113.19895362815686,114.72466278076172,7570759,0.013857722447483622,0.013762582156015817,868552773.2694168
2021-11-25,114.85178300985716,115.86891798485348,112.13941876534264,114.59749603271484,13919886,-0.001108451704842972,-0.0011090664917837014,1595184080.660843
2021-11-26,112.90228053539543,113.62275823625612,108.49468648370963,109.21516418457031,13323593,-0.04696727271081036,-0.04810603458580151,1455138397.0233917
2021-11-29,108.32516066294454,109.63896602757916,105.9942202505061,107.22325897216797,16077669,-0.018238357532806337,-0.018406726702362,1723900066.8557968
2021-11-30,108.32515365172411,109.72371263523752,105.69754309252394,107.85896301269531,22883512,0.0059287886473620155,0.005911282539214593,2468191874.4085693
2021-12-01,110.18991875560928,112.690379709887,106.67231620966889,108.24040222167969,17010938,0.0035364627874225896,0.0035302242069112596,1841270771.2880554
2021-12-02,108.2404055390705,110.44420915515558,107.30803056822782,109.08802032470703,12916313,0.007830884638541757,0.00780038239763338,1409015015.0642776
2021-12-03,109.08800657624819,110.4018119151198,107.1384966950552,107.64706420898438,12827354,-0.013209114176181425,-0.01329713046219218,1380826999.6693726
2021-12-06,107.64705898954665,108.15562647881713,105.10421507640775,105.40087890625,8158812,-0.02086620122192706,-0.021086976966595904,859945955.6308594
2021-12-07,106.03660095711616,107.13850268792068,105.1042260516285,106.24850463867188,8701301,0.008041922811438784,0.008009758875046109,924500219.6609802
2021-12-08,105.82468658196694,108.19801016228112,105.82468658196694,107.85896301269531,12093435,0.015157468610972558,0.01504374194919737,1304385358.361435
2021-12-09,107.85897007050032,108.19801724227186,106.50278785020112,106.84183502197266,11518172,-0.009430166601944179,-0.009474912150514504,1230622632.5787048
2021-12-10,106.88420664637778,107.39277414575513,105.44326432034421,106.92658996582031,8389566,0.000793274879921535,0.0007929604037037109,897067683.6731873
2021-12-13,108.15563112218045,109.00325226307018,106.3756415999216,106.62992858886719,13223189,-0.0027744397071668425,-0.0027782955986214767,1409987698.787094
2021-12-14,105.95182902282097,108.0284822849537,105.95182902282097,107.09610748291016,11649242,0.004371932910509635,0.004362403775553205,1247588473.3264313
2021-12-15,106.92660749170182,108.87611763664856,106.71470379333014,107.39279174804688,11916145,0.0027702618900884435,0.0027664317865812257,1279708078.42453
2021-12-16,108.11325036243771,108.66419470726973,107.01134873920064,107.9861068725586,10758513,0.005524720187027876,0.005509514898058827,1161769934.607811
2021-12-17,107.98611571057317,108.24039624435623,105.18898457145009,106.41802978515625,13041775,-0.01452110028610376,-0.014627563360436104,1387880000.4013062
2021-12-20,105.5280305835011,106.33326196509415,100.95090989134125,103.19709014892578,14185935,-0.030266860256040418,-0.030734359001436534,1463947213.0418015
2021-12-21,104.72279912137128,105.6975508561963,102.43423554365788,103.5785140991211,10168470,0.003696072724966193,0.003689259032280175,1053235013.2614899
2021-12-22,104.29899811204871,105.01946935990647,103.11233616257203,103.87519073486328,7885198,0.0028642681189485764,0.002860173919080859,819076446.2321625
2021-12-23,104.34137404846452,106.29089055302015,104.08709350447073,105.57041931152344,9836979,0.016319860061553504,0.016188122505190902,1038493997.7886505
2021-12-24,105.7823197581066,105.95184011557667,102.47662105314319,102.77328491210938,8509575,-0.026495437051927473,-0.026852767023114385,874556975.9559631
2021-12-27,102.77329277346371,103.5361473740057,102.22234186936184,103.2818603515625,5097217,0.004948517894393101,0.004936314223215712,526450054.37561035
2021-12-28,103.40900557511402,105.61280276122612,103.36662224840914,105.18899536132812,6511374,0.018465343316569793,0.01829692892519651,684924889.4818726
2021-12-29,105.61279735499757,105.73994086181615,103.57852064626246,104.38375854492188,8960770,-0.007655143141544696,-0.007684594147187485,935358852.0565796
2021-12-30,104.46850683371893,108.36753297594056,103.62089217381046,107.56230163574219,32394253,0.030450552223145078,0.029996135940079445,3484400412.4505463
2021-12-31,107.47755990729387,107.47755990729387,105.10423586555021,105.44328308105469,9155163,-0.01970038314969791,-0.019897022563964688,965350443.8621979
2022-01-03,106.29088620139778,107.26564441376831,105.69755202279582,106.79945373535156,9034081,0.012861612562408364,0.012779604446102577,964834915.8009186
2022-01-04,107.6470585668862,112.98703335022584,107.43515490828996,112.64797973632812,33986738,0.0547617595073957,0.0533149210546336,3828537373.527893
2022-01-05,112.39372111858701,112.60562480626642,110.7832453320787,111.88514709472656,16122852,-0.006771827097006966,-0.006794859960059399,1803907667.6065063
2022-01-06,112.18181816186564,112.18181816186564,109.59659056861703,110.95276641845703,8037648,-0.008333373110553599,-0.008368289782000035,891799281.0977783
2022-01-07,111.29181467557848,112.054662745713,109.72372227926688,111.33419799804688,8820039,0.003437783409124595,0.0034318877398992658,981971968.3764954
2022-01-10,111.84275694461763,112.13942726269264,110.82562189254803,111.75800323486328,7324926,0.00380660429982016,0.003799377515538661,818619103.6031342
2022-01-11,112.01229246164203,113.58038504048193,111.03754059927711,112.13944244384766,11971883,0.003413081819140684,0.0034072704746972013,1342520284.6229782
2022-01-12,113.02943966688746,113.7499044925647,112.1818248600374,113.4532470703125,10439580,0.01171581200898797,0.011647713255530667,1184404249.050293
2022-01-13,113.91939897508472,115.82653185703528,113.15655099573354,114.38558959960938,15114699,0.008217856724004102,0.008184273999334675,1728903756.7356262
2022-01-14,113.91941841301553,115.40274424096404,112.98704993844993,114.72466278076172,9344382,0.002964299806813342,0.00295991493339011,1072031073.8446198
2022-01-17,114.13131306245349,116.419883076872,113.96179271083051,115.78417205810547,9803141,0.009235235490458349,0.009192851454367088,1135048564.253868
2022-01-18,115.78416713812838,116.75891881872107,113.91940454879294,114.427978515625,6473378,-0.011713116899949583,-0.011782255872583395,740735558.7075195
2022-01-19,113.66514090137417,114.6822759945514,112.69037619799957,114.25846862792969,21136414,-0.0014813674932845355,-0.0014824658029104056,2415014295.925934
2022-01-20,114.00418284826067,115.57227529506805,113.70751251500266,114.34322357177734,8466412,0.000741782599271934,0.0007415076145371675,968076840.1667786
2022-01-21,113.6227472956928,115.36035992831125,112.35132531088514,113.66513061523438,12437749,-0.0059303291910194345,-0.005947983424724107,1413738364.6445007
2022-01-24,112.73274796048918,114.63988091470797,111.03751866785024,112.39370727539062,14284658,-0.011185693738809177,-0.011248724077155168,1605505669.781067
2022-01-25,111.20705574775832,114.97893890485737,111.0799187051047,114.68228149414062,10007486,0.020362120569103137,0.020157584457219574,1147681326.5006714
2022-01-27,113.74988420437332,115.27559317129631,112.85988622920381,114.427978515625,18760325,-0.002217456569597598,-0.002219918766967181,2146706066.0461426
2022-01-28,118.66607583994112,122.05653514965373,116.97084618508482,118.793212890625,34009553,0.03814831330262414,0.037438658258008115,4040104069.843994
2022-01-31,120.36127268932472,121.54792795086095,117.43700491844643,120.40365600585938,27928927,0.013556692979733942,0.013465623164631287,3362744919.120758
2022-02-01,122.0565229245073,122.18365996245718,119.04748800180627,119.64081573486328,17413984,-0.006335690263084448,-0.006355845927102889,2083423250.9538574
2022-02-02,120.36129343944471,120.99700449634318,119.30177501128058,119.64081573486328,10783943,0.0,0.0,1290199737.3582687
2022-02-03,119.94614911807211,120.90572363533083,118.89934902428965,119.20465850830078,9571728,-0.0036455554392831324,-0.003652216670700348,1140994567.5743408
2022-02-04,119.50995522307112,119.90250350872763,116.8057100360463,117.06741333007812,7213085,-0.017929208513892347,-0.018091884136242062,844417203.0799866
2022-02-07,117.06741738867217,118.9429466352707,117.06741738867217,117.89613342285156,10562489,0.0070789989220725325,0.007054060433059609,1245276612.421402
2022-02-08,118.15783760883949,118.33230204195199,115.84615392083717,117.76528930664062,8721631,-0.0011098253387297197,-0.0011104416509124125,1027105397.9407654
2022-02-09,118.02699806373064,118.28870138087979,116.76211422675743,117.80891418457031,5144026,0.00037043918616874727,0.00037037059051324564,606012117.5971985
2022-02-10,117.8961581329371,119.37913939109086,117.15468081464596,119.03019714355469,6081460,0.010366643028990152,0.010313277879916961,723877382.7206421
2022-02-11,117.28550492540586,120.12059529104052,117.28550492540586,119.64080810546875,8426925,0.005129882807617614,0.005116769785201094,1008204116.8441772
2022-02-14,117.5035851397947,119.03017221220311,114.97381760125963,115.5844497680664,7705072,-0.03390447123883078,-0.03449255860190631,890586507.543335
2022-02-15,115.23553468871621,118.46317365145173,113.97063745736048,118.07062530517578,12674466,0.02150960221810272,0.02128153534697584,1496482126.02919
2022-02-16,117.67806672993494,119.24827346694475,115.88978940442487,116.19509887695312,12946623,-0.015884784410813535,-0.016012299770866236,1504334139.6076355
2022-02-17,117.32912311446195,117.67805198528461,115.54083270223359,115.80253601074219,5811964,-0.003378480417893126,-0.0033842003696571967,673040170.4031372
2022-02-18,115.8025574755381,116.98021592672224,115.06106684912056,115.45362854003906,6760078,-0.0030129518983138537,-0.0030174999756074497,780475534.3136902
2022-02-21,115.49722363558493,117.0238108763691,114.40680417788197,115.10467529296875,12212740,-0.003022453702694161,-0.0030270305403998937,1405743472.1374512
2022-02-22,114.31957965296674,115.58446357331022,111.57172126335298,115.23553466796875,13578566,0.0011368728044012233,0.001136227053892318,1564733313.0343018
2022-02-23,115.14828578282805,116.41316959328579,113.27276978567868,113.57807922363281,9263264,-0.014383197414856497,-0.014487638270739631,1052103732.4614258
2022-02-24,110.78661822614494,112.53128937931258,107.86429537566761,108.51854705810547,18045779,-0.044546731201231426,-0.04556942408676367,1958301717.6116714
2022-02-25,109.04194563071883,114.27595902099333,109.04194563071883,113.70894622802734,10424521,0.047829604345354104,0.046720981405939305,1185361297.8419418
2022-02-28,112.48766536454231,116.8493430701142,112.35682035768875,116.45679473876953,13262687,0.024165631657792064,0.023878263203061856,1544530017.643547
2022-03-02,115.84617178547519,117.76530746722857,113.79617777562052,114.23234558105469,12587947,-0.019101068020158207,-0.019285850229014252,1437950711.8600006
2022-03-03,115.23553466796875,116.41317970658459,113.62170853149928,115.23553466796875,15628119,0.00878200549775321,0.00874366797751659,1800914648.819641
2022-03-04,115.14828578282805,116.32594402992032,113.18553091152985,113.57807922363281,15883138,-0.014383197414856497,-0.014487638270739631,1803976306.0838928
2022-03-07,112.5312877326496,113.83979107837808,110.69938437970816,113.4472427368164,14985637,-0.0011519519233882392,-0.0011526159299899078,1700079198.3048172
2022-03-08,113.83979041554105,118.46317153901872,113.83979041554105,116.67488098144531,28572640,0.028450565802790262,0.028053364592878303,3333709371.3256836
2022-03-09,116.84933940264638,116.84933940264638,114.36319117497179,114.71212005615234,14286413,-0.016822480629786196,-0.016965585749430367,1638824723.2277756
2022-03-10,115.93340081966979,117.76531098147356,115.10468462677207,115.97702026367188,13101323,0.011026735508857799,0.010966384306740764,1519452403.0519104
2022-03-11,115.93339141866612,116.36955920174731,114.71212695035256,115.10467529296875,8669803,-0.007521705323346506,-0.007550136003351323,997934859.1690063
2022-03-14,115.10467982915827,115.93339598751473,114.05787977066669,115.27914428710938,5670284,0.0015157420295619506,0.001514594452086446,653665487.3848877
2022-03-15,114.53764868457283,115.97699687082321,113.97062264848724,114.31956481933594,6895190,-0.008323964180229737,-0.00835880182966498,788255120.146637
2022-03-16,115.49721326568495,116.02061988270215,114.75573608749099,115.80253601074219,5561866,0.012972155673876662,0.012888737893586032,644078187.7519226
2022-03-17,116.4567867399854,117.15465778710075,115.06104464575473,115.93338012695312,13995384,0.0011298899032643472,0.0011292520580856041,1622532173.2946777
2022-03-21,115.93338012695312,116.36954786755233,114.88658021167168,115.93338012695312,9172207,0.0,0.0,1063364960.7341003
2022-03-22,116.2823417660728,117.02381906270985,114.93021888177718,115.8897933959961,10343712,-0.0003759636000373323,-0.0003760342920705849,1198730646.6276855
2022-03-23,115.93339027143597,116.67488081965026,115.32275804332176,116.41317749023438,11892811,0.004516222515384749,0.004506054983544573,1384479917.8008118
2022-03-24,116.45679508617384,118.37593062019369,116.32595007892996,118.11422729492188,11276181,0.014612175712068298,0.014506446583146766,1331877405.6526794
2022-03-25,118.63763778771451,118.768482799196,117.06743109601435,117.5472183227539,7266868,-0.0048005137497296735,-0.004812073224977561,854200119.318634
2022-03-28,118.20146012911334,118.20146012911334,116.71849244278668,117.59082794189453,7778682,0.00037099660683481694,0.0003709278046100774,914701656.676712
2022-03-29,117.76528542168431,118.02698871811124,116.80571110504644,117.19827270507812,5116935,-0.0033383151023511637,-0.0033438997084595003,599695943.5441589
2022-03-30,117.76531232981178,118.59402853219777,116.41318941497903,118.02701568603516,24047012,0.0070712900610958584,0.007046405730211588,2838197062.5262756
2022-03-31,117.1546571353554,118.28869591676113,117.1546571353554,117.76528930664062,11615450,-0.002217512472659222,-0.002219974794268479,1367896829.6768188
2022-04-01,120.38229015481987,125.13651561834287,119.33549029389096,124.70034790039062,32589741,0.05888881719376826,0.0572200726220102,4063952040.6836243
2022-04-04,123.74080932660011,127.36099671719269,123.43548654440251,125.8780288696289,15437496,0.009444087278561497,0.009399770687642675,1943241567.1627808
2022-04-05,126.83754949117106,131.37370377831348,126.27053686066854,130.06520080566406,23958626,0.0332637234125408,0.03272245611442847,3116183501.717804
2022-04-06,131.1556621862612,135.47372072441442,129.3673715522586,133.46734619140625,52737388,0.02615723010204296,0.025820980721145085,7038719221.426514
2022-04-07,133.4237162158779,137.82901329015675,132.76946457051324,133.90350341796875,37738903,0.0032678946499542505,0.003262566686559195,5053371326.850891
2022-04-08,135.12475894220273,135.12475894220273,131.89712036623078,132.63861083984375,17585569,-0.009446299356162036,-0.009491198620228283,2332525442.98822
2022-04-11,132.9875393892106,134.86306863124244,132.46414609505837,133.5545654296875,15583159,0.006905640703292137,0.00688190597289372,2081202028.2667236
2022-04-12,133.20563377031047,133.99074373968338,131.5918210141478,133.118408203125,11306524,-0.003265760516379501,-0.0032711047507531206,1505106477.1904297
2022-04-13,133.51095437946188,136.25880595099622,133.24925106055773,134.29605102539062,19454061,0.00884658131179461,0.008807679574582197,2612603568.707062
2022-04-18,135.1247848883692,142.8449606024978,134.77585595777654,142.36517333984375,82098517,0.06008458367050218,0.05834870085601915,11687969603.649109
2022-04-19,143.84815871987897,145.11305619606523,139.13755103122443,140.14073181152344,38522118,-0.015624899518158708,-0.015748254891353224,5398517807.44986
2022-04-20,141.4492055253413,142.36516052417494,138.70135383962472,140.00985717773438,20047692,-0.000933880051126601,-0.0009343163887807195,2806874493.663208
2022-04-21,140.9694396715206,142.5396331183441,139.87902016079033,141.9290008544922,21966151,0.013707204017225472,0.013614110037002495,3117633864.0489044
2022-04-22,140.66408804697102,142.19067504903117,139.44282376963582,139.96621704101562,9922564,-0.013829335806350374,-0.013925851939905833,1388823746.4273682
2022-04-25,138.35239295814458,140.3587536308173,135.56090916684457,136.1715545654297,12008027,-0.027111274104621663,-0.027485565211203364,1635151703.853653
2022-04-26,137.48007163104072,138.22154877376357,136.08432959295382,136.9566650390625,11735823,0.0057655982274591455,0.0057490407779157,1607299179.5687256
2022-04-27,136.78220070820797,139.22474262118683,135.3864586691393,135.7790069580078,17873048,-0.008598764293207606,-0.008635946970383845,2426784708.7528076
2022-04-28,137.8290285616446,139.66093869595525,135.43010559617295,139.31199645996094,29123808,0.026020145389969995,0.02568738143882769,4057295836.996582
2022-04-29,139.92259514069926,140.44600171363433,135.8226213553148,136.2587890625,28941216,-0.021916327918955925,-0.022160058331781793,3943495046.15625
2022-05-02,134.86308494515953,138.1343433447596,133.46734270368304,137.39285278320312,13368198,0.008322866572540555,0.00828842250218237,1836694859.7907104
2022-05-04,137.82904423327395,141.2311482286413,137.21841188933453,138.39605712890625,24511385,0.007301721489735069,0.0072751929789713786,3392279038.7686157
2022-05-05,139.2247459489718,140.22792641236762,136.9566684089687,138.1779327392578,33396072,-0.0015760881789086412,-0.0015773315124564219,4614600190.571411
2022-05-06,136.47688161115653,139.8789979304222,136.12795274749064,138.7013397216797,22604305,0.003787920198585981,0.0037807640943455676,3135247386.977463
2022-05-09,138.65772028602572,139.3992107597944,136.0407138761827,138.7013397216797,22958742,0.0,0.0,3184408273.7243958
2022-05-10,138.65774312925882,140.66411770283614,134.7758523106244,135.6045684814453,20322427,-0.022326902151402428,-0.022579920601764124,2755813943.830673
2022-05-11,134.38328657655262,136.91305420486339,130.89394457293312,133.0747833251953,13794764,-0.018655604192244768,-0.01883181496309408,1835735230.3222046
2022-05-12,131.80990754377666,133.46733977218952,129.10566200185653,129.58544921875,11818556,-0.02622085130823326,-0.026570747773558903,1531512888.3769531
2022-05-13,130.85034593999754,130.85034593999754,125.18016428259764,125.74717712402344,22913410,-0.029619622556906644,-0.030067142658257287,2881296625.78537
2022-05-16,125.09291297132951,129.89075851265474,123.56632575363513,129.32374572753906,16286682,0.028442535930552904,0.028045556824715115,2106254721.7132874
2022-05-17,128.66947744375844,131.5045676247226,127.62267757755892,131.28648376464844,13925542,0.01517693464620562,0.01506291715028979,1828235443.69693
2022-05-18,131.2864953757135,131.6354242583787,128.407785505983,129.5418243408203,17611218,-0.01328894927946811,-0.013378037505506287,2281389308.583893
2022-05-19,128.66949931995288,129.58545435015017,127.14291203988564,129.1056671142578,11701170,-0.0033669220638345987,-0.0033726029008009375,1510687358.86734
2022-05-20,131.6790488164667,131.6790488164667,128.80033883480368,130.50140380859375,17841739,0.010810808894242463,0.010752789880191512,2328371985.8865356
2022-05-23,134.68859654779732,135.51732592555948,129.45458352167904,130.98117065429688,26055890,0.0036763347496766574,0.003669593547971757,3412830974.6395874
2022-05-24,130.98114700618984,132.46412774447072,127.62266390726099,128.14605712890625,16581141,-0.021645199162812823,-0.021882892694700062,2124807841.8484497
2022-05-25,129.45459169469956,133.59818560197928,128.58225613527225,133.16201782226562,19926619,0.039142528500222706,0.038395881246244386,2653468794.415497
2022-05-26,133.5981844675115,135.29924944257735,131.37373945848847,134.47052001953125,22698086,0.009826392079850477,0.00977842704870469,3052223427.868042
2022-05-27,135.21201907810138,135.21201907810138,130.41417323984615,131.24288940429688,10245727,-0.024002514564274602,-0.024295268970185822,1344678815.5276184
2022-05-30,130.89392939084377,133.03114845801286,129.80351014118793,131.63540649414062,12513990,0.002990768426581969,0.002986304975908334,1647284160.5136108
2022-05-31,131.80991156492382,137.82902174729568,131.15565987941451,136.0843505859375,124665699,0.03379747296176672,0.033238889359873604,16965050688.756958
2022-06-01,136.47691899885137,139.74817790731277,136.30245451922409,136.78224182128906,16084988,0.0051283724568376154,0.005115267141671545,2200140718.3085327
2022-06-02,135.64817089766672,138.96304847565065,134.5577515174604,138.74496459960938,17646975,0.01434925142464527,0.014247275279662911,2448428921.6651917
2022-06-03,138.7013633481918,139.0939117143787,134.9503175263038,135.21202087402344,14063328,-0.025463581584970085,-0.025793389347457868,1901530999.0942383
2022-06-06,135.90988126334665,138.39602959275157,134.8630812661875,135.386474609375,18485464,0.001290223563140902,0.001289391939962483,2502681802.4785156
2022-06-07,135.38646845395022,137.56730722837202,133.90350074950007,137.1747589111328,14911957,0.013208736743588911,0.013122262029237232,2045544106.3681793
2022-06-08,136.17160420539486,139.355624095148,136.17160420539486,137.0003204345703,16416591,-0.0012716514171204896,-0.0012724606518996076,2249078227.443283
2022-06-09,135.4737080450722,137.82901127173628,134.9503014121319,135.3428497314453,13821409,-0.012098298003007879,-0.012172078089795627,1870628881.3638458
2022-06-10,134.42693403525197,136.60777324211338,134.33969514266303,135.43011474609375,7908849,0.0006447700400988854,0.0006445622652031356,1071096327.5795288
2022-06-13,134.33966332284996,135.1247599270469,128.88756659708494,129.8907470703125,19208167,-0.04090203782346735,-0.041762058975196734,2494963161.4813232
2022-06-14,129.8907554079874,132.98754920916144,129.8907554079874,132.07159423828125,17034328,0.01678985776244879,0.016650466180150664,2249750855.737793
2022-06-15,133.07478006818914,134.07796054536354,128.71310267041687,129.2364959716797,15172295,-0.0214663742264406,-0.021700128123722743,1960814241.6486359
2022-06-16,130.9375542535772,130.9811603767465,123.87163189843784,124.70034790039062,18494040,-0.035099590384152,-0.03573038543951636,2306213222.08374
2022-06-17,123.08656503604752,126.00888146512757,121.73444212191883,122.51953887939453,21387729,-0.01748839564375637,-0.017643124258858812,2620414694.757454
2022-06-20,122.5195212363866,123.34823731900462,117.76529531009862,119.7280502319336,16578770,-0.022784028351664154,-0.023047595433780287,1984943807.3436737
2022-06-21,120.55676400309622,123.21738995272773,120.16421568841236,122.0833511352539,51398446,0.01967208936216447,0.0194810945925939,6274894530.824387
2022-06-22,122.08334721862198,122.08334721862198,119.11741192418101,120.07697296142578,8317317,-0.016434494590546578,-0.016571038989244304,998718248.520607
2022-06-23,120.29507125133219,121.38549072718105,118.33231619480425,119.07380676269531,11257409,-0.008354359491163477,-0.00838945274353225,1340462543.914627
2022-06-24,120.29506682428683,120.29506682428683,117.7216796181451,119.16104125976562,21879039,0.0007326086184862302,0.0007323403917877559,2607129069.0030212
2022-06-27,119.72806193768334,121.29826869082635,119.29189413463166,120.8184814453125,12872030,0.013909245572415907,0.013813399755627556,1555179117.7185059
2022-06-28,120.81845418895577,121.51632517855741,119.64079606207915,120.90569305419922,14272044,0.0007218399688808663,0.000721579567714974,1725571371.1200256
2022-06-29,120.2078342692823,124.83121507017457,119.33549877140766,123.65355682373047,53487394,0.02272733152689055,0.02247291334501659,6613906513.33226
2022-06-30,124.13334496496753,125.57269322322364,123.13015114822176,124.65673828125,19270932,0.008112839479009759,0.008080107311512026,2402251526.7597656
2022-07-01,123.87162785086592,124.91842767759009,121.90887318421487,122.6939697265625,9592229,-0.015745386745633527,-0.01587066209346397,1176908654.536255
2022-07-04,121.55995893284454,124.04610715580614,121.55995893284454,123.34823608398438,17526429,0.0053325062256930345,0.005318338757460156,2161854102.00119
2022-07-05,123.34824314877825,125.8344048249188,122.30144313648172,122.86846923828125,11370649,-0.0038895314674500803,-0.003897115366565018,1397094236.8757935
2022-07-06,123.43547972722402,123.87164750011175,118.72487310435031,121.21102142333984,15929985,-0.01348961068056509,-0.013581422080310641,1930889753.1084824
2022-07-07,122.12699050065667,124.52591352834816,121.69082267744005,122.51953887939453,18144208,0.010795366961594777,0.010737512985183563,2223019997.4918213
2022-07-08,122.99929599322455,125.79076671531146,122.99929599322455,125.35459899902344,15375888,0.023139657115585965,0.02287599487139844,1927438274.4938965
2022-07-11,125.61632260451506,128.23332932544247,125.26739369937188,126.31419372558594,16779135,0.007655042050511263,0.007625890890500386,2119442908.9377594
2022-07-12,125.65993071868078,129.19289213563732,125.65993071868078,128.320556640625,19138561,0.015883907072215653,0.015759077934881682,2455870800.8205566
2022-07-13,128.88756834879578,130.28331045387435,128.6694844768012,129.62905883789062,13644449,0.010197136230714943,0.010145496194020406,1768717082.231598
2022-07-14,129.9780028560584,130.23970619510672,128.23333167678243,129.36737060546875,9775869,-0.0020187466820161815,-0.0020207870976165364,1264678467.9135132
2022-07-15,129.4981939272927,130.98116151910767,129.23649063208242,130.63223266601562,11518139,0.009777288157184039,0.00972979976290934,1504640213.7275085
2022-07-18,132.07160174700408,132.20246007073177,130.23970501187796,130.67587280273438,8286352,0.00033406867377316907,0.0003340128852582218,1082826279.9506836
2022-07-19,130.67586156749977,131.89712595258212,130.1960743766519,131.50457763671875,6798359,0.006341682027525941,0.006321658174076439,894015328.9177856
2022-07-20,132.68223129324124,132.8130762903964,130.981166465526,131.33010864257812,7271345,-0.001326714227565473,-0.0013275950920761362,954946528.8276672
2022-07-21,131.7226571311293,131.9407410005517,130.8503216534397,131.59181213378906,7521568,0.0019927151048293457,0.00199073228178217,989776763.2075195
2022-07-22,131.72267788014386,132.07160680186993,129.236516052794,129.93438720703125,6800124,-0.012595197982931627,-0.012675189874620236,883569944.8718262
2022-07-25,130.15245111571,131.2428704670661,128.53863846217277,130.93756103515625,7996687,0.0077206184574265535,0.007690967003329799,1047066692.1415405
2022-07-26,130.85032653808594,131.67904261067042,130.1088360300567,130.85032653808594,5774871,-0.0006662297386682559,-0.0006664517683212476,755643756.0653229
2022-07-27,130.45779328832697,131.33012889933445,130.02162548282323,130.58863830566406,5403197,-0.0019999050773916727,-0.0020019075578436053,705596138.7272491
2022-07-28,130.89396680912947,131.6790635690023,130.02163116003268,131.15567016601562,6030744,0.00434212246722665,0.0043327226537376185,790966270.9196777
2022-07-29,131.67903513325115,134.73220924576475,131.24286740289207,133.4237060546875,11771461,0.01729270176272979,0.01714488466692213,1570591952.2982178
2022-08-01,133.3801393641052,137.56735389352517,131.72270665762903,136.5205535888672,14221965,0.02321062445162747,0.02294535478178055,1941590534.9214935
2022-08-02,137.0439327137109,139.66093960211438,136.5641454553465,139.18115234375,18278835,0.019488631454683603,0.01930115987131077,2544069318.8012695
2022-08-03,139.617313804409,140.40241051088566,137.1311520492584,139.26837158203125,10147608,0.000626659837287713,0.0006264635680036495,1413240841.612793
2022-08-04,139.31196396696,140.00983496539254,133.5109387459778,134.95028686523438,15754128,-0.031005494411582624,-0.03149633729483816,2126024092.911621
2022-08-05,134.68859932224257,137.08752200862875,133.4673349153049,135.73541259765625,33864055,0.005817888577042574,0.005801030019165907,4596551477.654724
2022-08-08,135.6481595927722,139.5736690343637,135.16837244331012,139.05026245117188,16964235,0.02442140772313728,0.024127972941293513,2358881329.0333557
2022-08-10,139.49483540797692,139.7171025221172,137.80561076695426,138.472412109375,14055597,-0.0041556940030932354,-0.004164352896885001,1946312420.227295
2022-08-11,138.87248919957025,139.45039183182985,135.8941180312462,136.60536193847656,15810624,-0.013483192373537234,-0.013574916030076956,2159816013.993164
2022-08-12,136.64979725705066,141.36186203821222,135.67183025053788,140.91732788085938,17998843,0.031565129517572066,0.031077192124904375,2536348860.5071106
2022-08-16,141.3618850347564,142.0731425154485,139.5392919798917,141.13961791992188,8309725,0.0015774500013967518,0.0015762071340123984,1172831411.5196228
2022-08-17,141.36185503025436,145.49601706224425,141.36185503025436,143.54006958007812,19674110,0.017007638928980162,0.016864628276148954,2824023118.326111
2022-08-18,143.540093023342,144.60697240912253,142.1620342655762,142.9622039794922,9585888,-0.0040258138530687715,-0.004033939256565042,1370419675.5805664
2022-08-19,143.1844467864462,143.7178796057644,139.7170724134048,140.25051879882812,9599472,-0.018967846781748343,-0.019150043992373512,1346330928.1948242
2022-08-22,139.8504787094403,141.31743631792216,138.69468693839855,139.13922119140625,11400211,-0.007923661295085038,-0.007955220318465538,1586216479.9577026
2022-08-23,139.09477211551706,141.53971063120278,138.3835145613684,141.05072021484375,14362373,0.013738031642479553,0.013644520353112885,2025823055.644226
2022-08-24,141.2729658497412,144.91815178110775,140.47280970193265,142.9622039794922,20602844,0.01355174763898348,0.013460743957726142,2945427986.4856567
2022-08-25,143.45117743400547,143.98461028104504,140.8728711919439,141.27294921875,12889454,-0.011816093440924491,-0.011886458314235312,1820931180.399414
2022-08-26,141.36184790852795,146.4295340825939,141.27293565950217,145.27374267578125,30724938,0.02831960031383174,0.027926013961978403,4463526736.741333
2022-08-29,143.8512640732928,145.27376531667034,142.87328344600914,143.09555053710938,10928330,-0.014993708419374308,-0.015107250438949303,1563795397.8012085
2022-08-30,143.8512877079519,147.0963823447393,143.62902058033336,145.80723571777344,24663153,0.01895017120019271,0.01877285333955359,3596066163.014511
2022-09-01,143.58454845805045,146.02948658968907,142.51766907746597,142.873291015625,14554158,-0.020122078905791874,-0.020327285389077705,2079400451.4213867
2022-09-02,144.91813659822375,147.9409634689222,143.3622670335189,143.85125732421875,25106698,0.0068449904222251945,0.006821669834269761,3611630074.5594482
2022-09-05,144.56251511043985,146.78518592353944,144.20687964068028,146.25173950195312,15226001,0.016687251973919626,0.016549549589425387,2226829131.908478
2022-09-06,147.40753929604426,150.11920055315952,146.51847092099706,149.76356506347656,27866331,0.024012196870154323,0.023728437552390656,4173361075.798874
2022-09-07,149.80799856040213,151.27495573113924,148.16321688863832,148.74111938476562,19415892,-0.006827065570171098,-0.006850476595566152,2887941509.933716
2022-09-08,149.36347962590355,150.4303589100102,147.54088683391385,148.29660034179688,11595205,-0.0029885417348437526,-0.0029930163429533847,1719529481.7662048
2022-09-09,149.05228521446202,150.5637120774236,147.54087191760522,148.1187744140625,16415150,-0.0011991234278097007,-0.001199842951563303,2431391899.822998
2022-09-12,148.87448819890412,149.45239074939414,147.14080767964612,147.9409637451172,15469466,-0.0012004600338391125,-0.0012011811631679322,2288567708.662323
2022-09-13,148.42993909737575,150.20807556710437,147.2741476788312,148.83001708984375,15644741,0.006009514350996614,0.005991529238189024,2328407070.396179
2022-09-14,146.69628370811137,153.85328692951637,146.69628370811137,153.23094177246094,38751148,0.029570141619754686,0.02914137689845904,5937874902.804016
2022-09-15,155.0534989098948,156.60936836281104,153.4976294569786,155.6758575439453,29483891,0.015955757650533364,0.015829802588598358,4589930015.157211
2022-09-16,154.65341976776094,155.32022095695746,152.2973943257085,153.63099670410156,26126152,-0.013135375466080346,-0.01322240748267685,4013786771.8028564
2022-09-19,154.2533562643486,154.78680269228164,151.63060738690803,152.0306854248047,13304030,-0.010416591141299003,-0.010471223546926783,2022620799.8121643
2022-09-20,152.83082580566406,153.94216111130766,151.9417575611492,152.83082580566406,15395199,0.00526301896635939,0.00524921768513043,2352860976.6125336
2022-09-21,152.03070093589045,152.96422549696393,149.49685049384925,149.89694213867188,7370283,-0.019196936557307143,-0.019383590392860705,1104782884.396637
2022-09-22,148.4743881238936,150.83041340720237,148.34103332148138,149.94134521484375,7447846,0.000296224029245451,0.00029618016357019737,1116740048.1929932
2022-09-23,148.60775685790708,149.80800445655302,144.60694961722763,145.7627410888672,12264388,-0.02786825821783334,-0.028263946893053282,1787690812.6574097
2022-09-26,144.4291769922047,145.67388104807563,139.22813433915385,141.0062713623047,21951865,-0.03263158809330169,-0.03317587169334631,3095350633.0986786
2022-09-27,141.7174840824204,143.71788779255178,140.02825970919628,141.3618621826172,8367800,0.002521808547073956,0.002518634123638637,1182887790.371704
2022-09-28,140.29497465472735,141.76193186265468,137.80558080439468,140.42832946777344,14261815,-0.00660385128230534,-0.0066257531860469945,2002762855.6284332
2022-09-29,141.1396183715243,143.76236762174202,140.47281702488718,141.8508758544922,17623352,0.01013005276150647,0.010079087674055291,2499887916.6920166
2022-09-30,142.25092236109913,143.6289808846933,139.93933944628924,141.9397430419922,12015533,0.0006264831779478897,0.0006262870192842234,1705481666.5325775
2022-10-03,142.11758434535346,145.89612491717313,141.3174146728335,142.56211853027344,10528629,0.004384786635108329,0.004375201467253549,1500983655.4592743
2022-10-04,143.98461995725538,145.8072128308625,143.45118707436748,144.51806640625,9013773,0.01371996920459062,0.013626702536041592,1302653044.9848633
2022-10-06,146.0295020595151,146.78521571579475,144.38471989754584,144.82925415039062,6456408,0.002153279184250012,0.0021509642012348773,935076755.1306152
2022-10-07,145.00706470121867,146.56293443592656,143.45119496651077,146.07394409179688,8825983,0.008594188713516138,0.008557468908330947,1289246147.2971497
2022-10-10,144.65140574423398,147.22971188344616,143.8957058495466,145.7627410888672,10484521,-0.0021304484168245263,-0.0021327210504457454,1528252519.963791
2022-10-11,146.1628188204507,146.1628188204507,142.5176470366816,143.1844482421875,13805741,-0.017688284587813685,-0.017846591860994635,1976767407.659546
2022-10-12,143.94015656641093,146.9629970147571,143.27335532184858,146.69627380371094,12496248,0.024526585146896762,0.024230637747055167,1833153018.1270752
2022-10-13,146.56291127781495,148.2965917093326,146.0294648837609,146.4739990234375,9447511,-0.0015152039960527608,-0.001516353078503816,1383814716.987915
2022-10-14,147.80760992104064,148.9189453339808,146.5629196849901,146.78518676757812,9588164,0.002124525487221973,0.002122271874289986,1407400443.498169
2022-10-17,146.78519414673258,150.2970115149476,145.80721350773797,149.76356506347656,13426449,0.02029072797798359,0.02008761411297459,2010792868.3829498
2022-10-18,150.20809890419204,150.65263309068928,147.94097183983482,148.42996215820312,20635735,-0.008904721950951155,-0.008944605934522924,3062961365.156708
2022-10-19,148.02986862559564,149.45238330009155,145.67384310994873,145.85165405273438,6947654,-0.017370536702830064,-0.017523174660320977,1013326827.6860962
2022-10-20,145.80721317109084,149.2745743993265,143.58454223860468,148.42996215820312,12020720,0.01767760621032477,0.01752317466032106,1784235014.7143555
2022-10-21,148.91893723391303,149.7635493885858,146.2517323879325,146.74072265625,7414335,-0.011380717729703838,-0.011445973676492473,1087984875.9155273
2022-10-24,148.42996215820312,149.31903053119757,147.80761701032836,148.42996215820312,685185,0.011511729473421495,0.011445973676492409,101701983.62136841
2022-10-25,148.87449789595883,150.87490175604037,147.0963611314419,150.56373596191406,8131380,0.01437562721626695,0.0142732776143322,1224290951.3259888
2022-10-27,151.05269646571927,152.47521115071035,148.96339413188883,151.71949768066406,16225577,0.007676229016011948,0.007646916679963033,2461736392.018936
2022-10-28,151.7195146936357,155.32024437132424,151.05271340391957,154.7423553466797,16185760,0.019923989416166243,0.01972810433918396,2504622625.476074
2022-10-31,151.0526910685852,154.69787633981596,150.29699119164565,153.89772033691406,24233760,-0.005458331094116642,-0.005473282213542382,3729520419.1918945
2022-11-01,154.69789352336596,162.6550525747086,154.25335934657468,161.63262939453125,41101936,0.050260062596664046,0.04903781216562505,6643413988.885742
2022-11-02,161.72151952659024,162.4327768850144,160.0322951706754,160.8769073486328,22146420,-0.004675553746352645,-0.0046865183381453335,3562847558.4439087
2022-11-03,159.45442038140985,161.6770913453765,157.58737134523508,158.3875274658203,16719953,-0.015473817366577158,-0.015594786402939185,2648232015.0147247
2022-11-04,159.187681790571,159.58775981225523,156.78720009435986,157.3206329345703,14881752,-0.006735975668792693,-0.006758764748340892,2341206643.8153076
2022-11-07,158.12080323330707,159.58776050791244,155.4535983223113,156.34266662597656,12799401,-0.006216389359433139,-0.006235791557303915,2001092483.555191
2022-11-09,158.03189665610753,158.03189665610753,153.1420208102083,154.16444396972656,14929008,-0.013932362184028935,-0.014030328541609894,2301522217.3395996
2022-11-10,154.25338800962447,154.8757332595539,151.63063859242325,153.00869750976562,10668583,-0.00749684188001154,-0.007525084440979054,1632385989.104828
2022-11-11,153.8088295747644,154.34227602863405,150.83044507852128,152.43077087402344,16963169,-0.003777083558961114,-0.003784234751848161,2585708927.1363373
2022-11-14,153.23094055482795,154.1644514999396,152.11960508102186,152.43077087402344,10224241,0.0,0.0,1558488937.2317963
2022-11-15,153.18650850030133,154.83127712039274,152.38633869372723,153.00869750976562,13899999,0.0037914040087076994,0.0037842347518480778,2126820742.3770447
2022-11-16,153.008673119101,153.76437309994103,150.3859105538777,151.09716796875,9781274,-0.012492946950898864,-0.012571639904162742,1477922800.5263672
2022-11-17,151.09714516257523,151.85285859545684,148.9189306807641,149.63018798828125,12778124,-0.009708851596557766,-0.009756289792875695,1911993096.2575684
2022-11-18,149.85247775587882,150.29701194467341,146.7851945664175,147.45199584960938,11134908,-0.01455717036753612,-0.014664165606886905,1641864408.2017822
2022-11-21,146.69625764262096,147.76313680316457,145.94054422226262,146.16281127929688,12788632,-0.008743079826653344,-0.00878152479808208,1869222405.536377
2022-11-22,146.91856442428696,148.91896847847542,146.56294246331896,148.51889038085938,15198091,0.01611955244251817,0.015991011960638842,2257203611.2273254
2022-11-23,149.23011752247132,149.58573941112243,147.8076028356559,149.40792846679688,12004998,0.005986026987258475,0.005968181906391674,1793641882.4280396
2022-11-24,149.98582513955117,151.14161668625553,149.00785811242145,150.69708251953125,10986350,0.008628417955884204,0.008591405908896163,1655610892.5384521
2022-11-25,151.36387618546632,152.25294447436775,149.89691893522118,150.91934204101562,12358833,0.0014748760743630296,0.0014737895128768197,1865186944.7547913
2022-11-28,151.14161625326153,152.830840655532,150.60816982827814,151.4972381591797,5471921,0.003829171995773706,0.0038218593782559486,828980918.9252167
2022-11-29,152.0306768481609,152.56412324600015,150.29699640434157,151.27496337890625,7693168,-0.0014671870126100606,-0.0014682643854089102,1163783707.4677734
2022-11-30,151.2305293319234,153.67546725514546,150.91934998797996,153.09756469726562,9133076,0.012048268118196148,0.011976265496835305,1398251693.795044
2022-12-01,154.2533562469191,154.3867110708342,151.89733058371124,153.09756469726562,9214914,0.0,0.0,1410780892.2947388
2022-12-02,153.27536765827614,153.67545924137005,152.16403229658297,153.0531005859375,6376672,-0.0002904299060279003,-0.0002904720889607125,975969421.0195312
2022-12-05,153.85327111720312,156.16484054385214,152.38630029122618,155.72030639648438,9861212,0.017426669569815534,0.017276566518647556,1535590954.0806885
2022-12-06,156.1204212772246,156.47604322174007,154.56455152928118,155.76478576660156,7008295,0.00028563628692035437,0.00028559550064266066,1091645569.264145
2022-12-07,154.78681133802687,155.58696745851358,152.29741714546924,152.78640747070312,7718718,-0.019120998890989727,-0.019306169420596576,1179315193.4994507
2022-12-08,152.78639174761685,153.319824584344,151.14160997730394,151.45278930664062,4225180,-0.008728644034111666,-0.008766961785069175,639915296.3226318
2022-12-09,152.20849597317257,152.69748626979052,149.3634800193584,150.69708251953125,6174919,-0.0049897185160407975,-0.005002208727223165,930542278.0944214
2022-12-12,151.14161584167718,151.14161584167718,148.96340115012129,150.16363525390625,7153044,-0.0035398645860039712,-0.00354614473160444,1074127090.1711426
2022-12-13,150.91934918197288,151.1416162647151,149.40793573254695,150.43035888671875,5166993,0.001776219870819551,0.0017746442577856853,777272611.3551636
2022-12-14,151.09714667654308,154.43115262071262,150.6526125506538,152.56411743164062,8562333,0.014184361193532169,0.01408470441522114,1306304777.3008118
2022-12-15,152.91978523144329,154.74237840817938,152.65306196258524,153.00869750976562,10644546,0.0029140540096146417,0.0029098163846784093,1628708119.0427856
2022-12-16,152.83084151811087,153.89773437409917,150.29700490040418,150.96380615234375,9433166,-0.0133645432625904,-0.013454652517490825,1424066643.42688
2022-12-19,150.9638066813057,153.14202139871935,150.69708346637404,152.741943359375,7706855,0.011778566348789932,0.011709738967579356,1177160009.888916
2022-12-20,152.16403221903542,152.43075541892694,149.852462807555,150.91934204101562,7387632,-0.011932552894597603,-0.012004317263292551,1114936560.6811523
2022-12-21,151.1416236423925,152.0751481486992,148.11879659598733,149.31903076171875,8454254,-0.01060375202843089,-0.010660372421746115,1262381013.0933838
2022-12-22,149.80799701299304,149.94135182128088,146.29618021166607,147.4964141845703,6979001,-0.01220619078392593,-0.012281298139558316,1029377622.0905304
2022-12-23,146.0739281293836,147.8965209040968,144.3402476133807,144.9181365966797,5313321,-0.017480273009649494,-0.017634857078608453,769996578.4600067
2022-12-26,144.0290608783794,149.14120347128483,143.94014862423458,147.27415466308594,8321609,0.016257579083860607,0.016126839745171116,1225557930.911728
2022-12-27,148.47441016974295,149.54128944576541,146.29619548825835,146.87408447265625,9244387,-0.0027164996556585663,-0.0027201960365106238,1357760877.1359253
2022-12-28,146.69628230221585,149.00786551039045,146.51847133991936,147.45199584960938,9652984,0.003934740284700977,0.00392701944053105,1423351756.7043457
2022-12-29,146.69628183344852,148.83004050640142,145.80721345870035,148.2521514892578,19571340,0.0054265500784711485,0.005411879405755971,2901493262.527771
2022-12-30,148.25215108135725,149.1856755854957,147.58534980213076,147.9854278564453,8626291,-0.0017991214976184056,-0.001800741860478099,1276565364.4492035
2023-01-02,148.51886741299364,149.85246990954954,147.94096485815578,149.3634796142578,7322962,0.009312077396899543,0.009268987303140824,1093783085.4029846
2023-01-03,149.36344959328412,150.4303286628726,148.2965705236956,149.00782775878906,9629995,-0.0023811165646866472,-0.002383955930870689,1434944636.2779999
2023-01-04,149.23010971559026,149.8079986459428,146.42953661607746,148.1187744140625,11995082,-0.005966487520143837,-0.005984358125426084,1776696844.8361816
2023-01-05,149.36350963297537,151.45282605726112,148.60779597326973,151.052734375,18887530,0.01980815715322959,0.01961452838436461,2853013052.0898438
2023-01-06,151.54170997660142,153.05312358237495,149.85248539946178,150.2525634765625,13216749,-0.0052972950257955675,-0.0053113754405110245,1985850418.076294
2023-01-09,151.3638833359869,152.03068458416305,150.65262595804444,151.4972381591797,6012344,0.008283883175220108,0.008249760133001886,910853510.862915
2023-01-10,151.49724556569657,151.76396879122802,148.60777334900376,149.31903076171875,7557693,-0.014377868692050155,-0.014482231800002132,1128507393.5546265
2023-01-11,149.763549714755,150.07472904057258,147.14080099038316,147.62979125976562,8463293,-0.01131295517614761,-0.011377433407689166,1249434178.9602356
2023-01-12,148.38547510221227,148.6521982717458,147.1852411884673,147.54086303710938,7628932,-0.0006023731517696973,-0.0006025546513673335,1125579211.331421
2023-01-13,147.76315418650208,149.4968347221043,147.14080906681232,149.1856689453125,5090393,0.0111481380435563,0.011086455559165225,759413684.8995361
2023-01-16,149.94134443070323,149.94134443070323,146.3850716798667,147.54086303710938,10321015,-0.011025227287790429,-0.011086455559165227,1522771460.5189514
2023-01-17,148.11878895972475,149.54129014571086,147.40753158367863,149.0967559814453,13015434,0.010545505240433739,0.010490289247841863,1940558987.0906067
2023-01-18,148.91893796304842,150.87488547978975,148.56331607495198,150.65261840820312,5536057,0.01043525337970097,0.010381181963794867,834021482.7070618
2023-01-19,151.49722262046112,151.49722262046112,148.74111921701714,149.98580932617188,6812613,-0.004426136691660365,-0.004435961034641471,1021795274.4309998
2023-01-20,151.05268850060517,151.05268850060517,149.05228496125346,149.98580932617188,8545359,0.0,0.0,1281682585.5976868
2023-01-23,150.60816247455395,150.69707472974522,147.5853357235263,148.34104919433594,7787735,-0.010966104988366587,-0.011026675943022812,1155240780.7474518
2023-01-24,148.65221435984273,148.96339368566032,147.051888735548,147.62979125976562,7033092,-0.004794747903114294,-0.00480627958260492,1038293903.8707275
2023-01-25,147.58532643416527,148.11877279952577,146.16281183727364,147.4964141845703,9257370,-0.0009034563691865394,-0.0009038647318691555,1365428879.7798157
2023-01-27,147.80760991030346,148.51886728775472,145.8072061671565,147.85206604003906,13756671,0.002411257639278519,0.0024083552222908156,2033952229.1830902
2023-01-30,149.0078510373242,153.14201316512185,148.56331689170702,150.1191864013672,30768122,0.015333707685316833,0.015217334503397299,4618885441.738007
2023-01-31,151.00826920442097,153.49764980622103,148.78559826273744,152.16404724121094,24990701,0.013621582216522876,0.013529642434771517,3802686207.5549774
2023-02-01,153.1420514948228,154.52011040436955,148.65225278712288,151.1416473388672,13878016,-0.006719063542802828,-0.006741738075072383,2097546200.0351562
2023-02-02,151.14161528138982,151.89732878423916,147.1408078180589,148.385498046875,19898080,-0.01823553825513602,-0.018403855054601095,2952586510.9765625
2023-02-03,150.07328684264738,151.8522683098561,148.29430537543863,151.0312042236328,11730514,0.017829951117743548,0.017672862051217524,1771673655.5821838
2023-02-06,150.07326819179815,152.2171775913438,149.66273619970673,151.48733520507812,7588936,0.0030201108690752765,0.0030155594957100443,1149627691.6818848
2023-02-07,151.89786643808802,152.99262305172286,149.8908103263265,150.7574920654297,8699758,-0.004817849219278969,-0.00482949246682265,1311553697.6561584
2023-02-08,151.07677016651476,151.21360949375116,149.7083212118202,150.98553466796875,8839686,0.0015126452384872646,0.0015115023430635557,1334664717.006958
2023-02-09,151.3960936683432,152.03470051072043,150.2101015778797,151.44171142578125,5507650,0.003021327565025933,0.0030167725274324662,834087941.9342041
2023-02-10,150.62063919638538,151.25924600366588,149.70833978010342,150.52940368652344,9468345,-0.006024151012747336,-0.006042369414243271,1425264326.7482758
2023-02-13,150.62064729551616,153.4487672857125,150.3469546717978,153.1294708251953,9829152,0.017272818964237047,0.017125339660098,1505132844.4204102
2023-02-14,153.72246620254097,153.72246620254097,150.39257858597242,151.48733520507812,12916373,-0.010723837882204657,-0.010781752649528013,1956666926.2848206
2023-02-15,151.4417192034986,151.89786896013564,149.79957729548806,151.25926208496094,11855678,-0.0015055589948059778,-0.0015066934875895878,1793281105.7969055
2023-02-16,151.4417193538513,152.99262574383985,151.07680511641374,152.71893310546875,7923121,0.009650126546881577,0.009603861480062797,1210010585.9855347
2023-02-17,152.35400299183036,154.7715908842454,151.85223552720146,153.31192016601562,10182025,0.0038828653951985537,0.0038753465302355954,1561025803.9283752
2023-02-20,152.9926374717868,155.0909292993662,152.5821054430529,153.1750946044922,6679716,-0.0008924652523775167,-0.0008928637365973885,1023166130.2311401
2023-02-21,154.2242079399228,158.9681617769844,154.2242079399228,158.0558624267578,26883881,0.031863977854024395,0.03136685396739195,4249154996.8333282
2023-02-22,157.78218900087316,158.01026386613043,153.72245918341048,155.54705810546875,12225021,-0.015872896346705412,-0.016000219892294328,1901566051.8275757
2023-02-23,155.95759387482002,156.5962007289671,154.17861266662985,154.7259979248047,11184381,-0.005278532366117417,-0.0052925130380761425,1730514511.396225
2023-02-24,155.3189797652395,156.1856614497098,154.5435196724802,156.00320434570312,8338893,0.008254633597639893,0.00822075044403341,1300894028.6959534
2023-02-27,156.14005166638813,158.28396102954702,155.547062567941,157.28042602539062,17669762,0.008187150289920897,0.008153817385729007,2779107695.1272583
2023-02-28,157.6453496499528,157.82780675804162,154.95406902403383,155.54705810546875,19044910,-0.011020875030196331,-0.01108205479168606,2962379722.383423
2023-03-01,155.95759309865858,157.87342757215055,155.04529361996435,157.14358520507812,9318790,0.010263949180747911,0.010211632533432968,1464388070.37323
2023-03-02,157.09796871714673,157.09796871714673,155.3189875034272,155.8207550048828,7725981,-0.008417971363380627,-0.008453602586970421,1203868192.5733795
2023-03-03,156.91550538681204,159.65240373658204,156.4593556618504,157.462890625,12962719,0.010538619326197818,0.010483475168059387,2041147204.0996094
2023-03-06,157.73656431127964,161.93314721581046,157.55410721120967,161.29454040527344,12402804,0.024333668492080296,0.024042321677138788,2000504570.916687
2023-03-08,160.29099775559305,163.4384278221422,160.0629229113419,163.1647491455078,22099710,0.011594990974494346,0.011528284214318535,3605893638.3384705
2023-03-09,162.75422568256556,166.22096657628492,162.38931144978906,163.71214294433594,18874546,0.003354853310502559,0.0033492383448877274,3089992372.761444
2023-03-10,162.38929370758774,165.12619191614257,162.20683661113424,164.8981170654297,12399692,0.007244264840495118,0.007218151194226425,2044685862.991272
2023-03-13,165.39990082109975,165.6279756942892,163.7121411912637,163.94021606445312,13669178,-0.0058090475381018525,-0.005825985682930593,2240927994.743469
2023-03-14,162.9823050902574,165.12621454904573,161.65947355892644,162.29808044433594,9217542,-0.010016673513908114,-0.010067177928568911,1495989373.0150452
2023-03-15,163.7121364176565,163.80337193250617,162.16123010930755,162.57176208496094,8548173,0.0016862900650194135,0.0016848698742725982,1389691547.2170868
2023-03-16,162.57174106602233,164.21388267690807,161.431366880766,163.84896850585938,9405016,0.007856262394639879,0.007825562650567785,1541002170.3811035
2023-03-17,165.7648191830206,165.7648191830206,160.47347920897826,161.431396484375,47276890,-0.014754880934132464,-0.014864816925011896,7631974374.138184
2023-03-20,161.9787641449789,161.9787641449789,159.60678009441207,160.564697265625,5627841,-0.00536883925695264,-0.005383303267630302,903632586.4240723
2023-03-21,161.34016244339946,161.97876927088905,159.9260955192966,161.5682373046875,12894327,0.006250066522420772,0.006230615859871923,2083313684.6202393
2023-03-22,162.20684810332284,162.20684810332284,158.55765023337446,159.05941772460938,7893205,-0.015527925673577525,-0.0156497466415506,1255488591.2809753
2023-03-23,158.7857081482713,160.42784979854994,158.46639780050637,159.2874755859375,5759884,0.00143379036960245,0.0014327634736423026,917477382.027832
2023-03-24,159.83487170460958,159.83487170460958,157.2348264479835,157.5541229248047,4977283,-0.010881914317222297,-0.010941555414350825,784191457.6135406
2023-03-27,157.50847571669485,158.6944676445729,155.72949478516938,156.23126220703125,12077986,-0.00839623040778692,-0.008431677303304115,1886958997.6988525
2023-03-28,156.32249258318103,157.82778087882107,155.5470326002254,156.9154815673828,8750986,0.004379529107592095,0.004369966878531474,1373165182.379425
2023-03-29,157.50848727644654,160.0173106492984,156.64180562266912,158.74009704589844,20272070,0.011628014395329789,0.011560928584959565,3217990359.1212463
2023-03-31,159.46994446957606,161.7050753074807,159.287487366181,159.74363708496094,8125121,0.006321906422750434,0.00630200699651291,1297936380.295395
2023-04-03,160.19977702968134,162.48052548442863,160.0629237700462,162.2068328857422,9098662,0.015419680218443865,0.01530200508298662,1475865146.5178528
2023-04-05,162.6629919610462,162.6629919610462,159.78924038992184,160.4734649658203,10829323,-0.010686158462528184,-0.010743665507056436,1737818985.0440521
2023-04-06,160.92961063576445,161.11208165454934,159.51555768427158,159.83485412597656,7159274,-0.003979541664285602,-0.003987481110786733,1144301515.4378967
2023-04-10,160.42785955021915,162.38929774690584,159.8348565712646,162.02438354492188,10968456,0.013698698140141463,0.01360571913996998,1777157321.8395996
2023-04-11,162.4805145263672,163.98580283674673,161.06644779567503,162.4805145263672,9208605,0.0028151996104885946,0.0028112443575439698,1496218878.4700775
2023-04-12,162.3893039535973,162.66299657583835,159.92609819459796,160.3822479248047,7591360,-0.01291395837635656,-0.012998068450857566,1217519381.6064453
2023-04-13,160.5647090359276,160.65594455247762,157.18920373235756,157.87342834472656,9944382,-0.015642751068399963,-0.015766389962123064,1569953679.1095886
2023-04-17,157.23482150369955,158.6944923245235,154.40668753743844,154.7259979248047,17401126,-0.01993641648833555,-0.02013782828785773,2692406585.365265
2023-04-18,155.09089340072197,155.77511793043104,154.17859402777657,155.18212890625,16199789,0.0029479918537478333,0.002943655046919832,2513917744.852051
2023-04-19,153.95052465668638,155.0452811590171,152.17154360032598,152.4452362060547,16314641,-0.017636648752568318,-0.017794027611431427,2487089300.8619843
2023-04-20,152.4452447315488,155.27336469401695,152.17155211051383,154.8172149658203,15498083,0.015559546620135256,0.01543973805441658,2399370047.3691254
2023-04-21,154.77159720888366,155.04528982991863,153.63122288839207,154.8172149658203,6672391,0.0,0.0,1033000991.7830048
2023-04-24,153.72244980733043,156.23127317213851,153.44875720159817,155.95758056640625,8088991,0.007365883702517895,0.007338888064591615,1261539465.583435
2023-04-25,156.27687846913454,157.32601713346273,155.41019688722216,156.09442138671875,9175412,0.0008774233340600457,0.0008770386232261976,1432230627.1247559
2023-04-26,156.0944453860809,156.6418167174861,154.63476066116326,154.95407104492188,9032416,-0.007305516312922533,-0.00733233228003329,1399609630.571289
2023-04-27,155.09089891540756,156.32250868091066,153.9961424130627,155.95758056640625,9054900,0.006476173970243471,0.006455293656807202,1412180296.270752
2023-04-28,156.8242460680059,157.37163122310196,154.72596878816407,156.9154815673828,21552892,0.006142061177774494,0.006123275602212088,3381982427.3497925
2023-05-02,157.50848890636428,160.5646975240617,157.41726731693987,160.1997833251953,8893428,0.020930387014758356,0.020714355677634015,1424725238.618225
2023-05-03,160.19979333825668,162.98229559984412,159.7436436008705,160.88401794433594,11194149,0.0042711332371259125,0.004262037836808636,1800959668.5875702
2023-05-04,160.97523953946202,161.88753901423436,159.46995097432176,160.88401794433594,4671155,0.0,0.0,751514184.8407745
2023-05-05,160.8840044708268,160.92960830427802,157.82779591805283,158.96817016601562,5958697,-0.011908254174651245,-0.01197972539839168,947243158.6637268
2023-05-08,159.46995491521534,161.97877853283845,159.19626228190296,161.5226287841797,6287186,0.01606899428669495,0.015941254613157454,1015522810.3750916
2023-05-09,161.65945378104647,162.98228515053844,159.83485494848256,160.564697265625,7918748,-0.005930633532683749,-0.005948289582048729,1271471375.3427734
2023-05-10,160.5647115278792,161.79632141749207,159.6067942715787,161.5226287841797,6231734,0.0059660157859604546,0.005948289582048697,1006566057.5637512
2023-05-11,162.0243789402152,164.2138919310624,161.4313759781137,163.80335998535156,12125975,0.014120196150468223,0.014021434781621961,1986275448.0983734
2023-05-12,163.3928163366561,163.52965566856392,159.19623383076376,159.6067657470703,8920297,-0.025619707914761536,-0.02595360792353581,1423739753.673294
2023-05-15,158.74009247546127,161.2489157760792,158.60325313638836,160.51907348632812,7980565,0.005715971594234093,0.005699697414317772,1281032899.6974182
2023-05-16,161.38574479487784,162.38927961918463,160.10853130992643,161.88751220703125,7874923,0.008525084844946296,0.008488951523659917,1274851693.2919312
2023-05-17,161.88752863511698,162.25245675398037,159.69801560427402,160.564697265625,6639494,-0.008171198157116422,-0.008204765378112492,1066068344.1069336
2023-05-18,161.47700044809076,162.1156072702657,159.33309120159126,159.74363708496094,6921939,-0.005113578480491099,-0.005126697565687304,1105735711.5402374
2023-05-19,159.65237696798093,159.97168729014993,157.78216062509665,158.10147094726562,6657753,-0.010280009693418468,-0.010333213933893309,1052600542.5035706
2023-05-22,158.10150223835902,161.52262527905955,157.96464896437982,158.8313446044922,13339834,0.004616488719893175,0.004605865418197262,2118783771.0207214
2023-05-23,159.60679551264622,160.245402381617,157.64535714639612,158.876953125,8359389,0.0002871506289983117,0.0002871094091471266,1328114254.3066406
2023-05-24,158.7400841636269,159.92607608229935,158.23831674565972,159.6067657470703,8507023,0.0045935713627143215,0.004583053112371056,1357778427.1659393
2023-05-25,159.6067752268227,160.15416042813177,158.1927083905941,159.1962432861328,7986243,-0.002572086834890519,-0.00257540033319003,1271379883.5701752
2023-05-26,159.65239298036244,161.70506660439565,158.8313290989827,159.1962432861328,6926193,0.0,0.0,1102623905.87471
2023-05-29,159.60679949391698,162.20685871458008,159.4699601330762,160.83840942382812,9943211,0.010315357346365017,0.010262517114366895,1599250241.8055115
2023-05-30,161.47699750534338,162.38929692627752,160.19978388426935,161.29454040527344,9727639,0.002835958046832898,0.00283194430455698,1569015061.7334137
2023-05-31,161.4770093020243,161.4770093020243,156.86989410561782,158.603271484375,41785992,-0.016685430976995708,-0.016826200847938743,6627395033.419922
2023-06-01,158.37518259731587,159.37870359249985,156.77865863532915,159.10501098632812,11602551,0.003163487721642433,0.0031584944224156337,1846024004.3244324
2023-06-02,160.47347831090556,160.47347831090556,158.1927295349087,159.24188232421875,7262018,0.0008602578702086028,0.0008598880604795975,1156417415.7923584
2023-06-05,160.38225093215937,160.74716515493333,158.32957710773906,158.8313446044922,12239684,-0.0025780762807783297,-0.002581405242208328,1944045467.2540894
2023-06-06,159.19623960440586,160.33661381360648,158.32955798953012,160.01730346679688,4889564,0.007466780976121967,0.007439042559262274,782414846.4083252
2023-06-07,160.5190828629856,162.38929948953825,160.01731538943474,161.7963104248047,6270083,0.011117591157114859,0.011056245002755472,1014476295.4572906
2023-06-08,163.07351567942177,168.1823978227869,162.48052664518474,166.0841064453125,27382635,0.02650119776680926,0.026156124321576445,4547820466.09314
2023-06-09,167.8630976125922,168.09117247347888,164.71566731647306,166.76834106445312,10235269,0.0041198079321691505,0.004111344759936837,1706918831.478424
2023-06-12,166.76833868454776,170.09822603773938,166.63148541761788,169.41400146484375,17450400,0.015864284452935307,0.01573976193956021,2956342091.1621094
2023-06-13,169.68771569966754,170.28070483683507,168.77541615289513,169.0947265625,8332566,-0.0018845839162237032,-0.0018863619787822712,1408992969.3339844
2023-06-14,169.09470980244205,171.87721200783724,169.09470980244205,170.78245544433594,15061573,0.009980966977181982,0.009931486098559268,2572252419.794113
2023-06-15,170.59998654741983,170.87367914952713,169.09469811670562,170.3262939453125,9840499,-0.002671009137540592,-0.002674582647116538,1676095725.2425537
2023-06-16,170.50878620239695,172.15092823310147,169.73333991052735,171.6947784423828,8562558,0.008034487602423201,0.008002382955187903,1470146498.7100525
2023-06-19,171.6947528888929,171.6947528888929,168.9578545519161,169.5508575439453,5363723,-0.012486814787771472,-0.012565430182349652,909423834.278183
2023-06-20,169.68770312499998,171.51230208333334,168.3648716643254,171.05615234375,6035600,0.008878131444510995,0.008838952555003651,1032426513.0859375
2023-06-21,171.05615234375,172.15090893463292,170.14385286458332,171.05615234375,5906854,0.0,0.0,1010403717.6962891
2023-06-22,171.05614266744473,171.4666746257297,167.27010561130578,168.31924438476562,6683123,-0.016000055662916846,-0.016129438497890152,1124898213.490448
2023-06-23,168.36485581794744,171.05613624407067,167.63501351918927,170.3262939453125,15255365,0.011924064701472226,0.01185353317004821,2598389783.233032
2023-06-26,170.96490689054724,170.96490689054724,168.27362636754887,168.6841583251953,7231775,-0.009641116366005287,-0.009687892822706051,1219885879.0721893
2023-06-27,168.6841390534272,170.55435544746484,168.5929174735857,169.73329162597656,6787438,0.006219512912165159,0.006200251564609836,1152054193.447235
2023-06-28,169.73333741524118,173.88430323387402,169.04911273922212,172.51585388183594,32476741,0.01639373295128821,0.01626080651736178,5602752704.91423
2023-06-30,171.60354379232902,174.84219592377923,171.51230827288572,172.5614471435547,9579059,0.00026428447410964395,0.00026424955711989295,1652976283.3134918
2023-07-03,173.3368901271446,175.7088741918551,172.15089809478937,174.47726440429688,7352149,0.011102232233532572,0.011041054840533809,1282782845.0127869
2023-07-04,174.34044224717013,177.71594765620873,172.42460770444202,177.03172302246094,13258826,0.014640638864241273,0.014534499423059455,2347232812.0350037
2023-07-05,176.98609067444954,177.67031525179922,175.48080217251413,176.43870544433594,6558910,-0.003349781429002774,-0.003355404507715235,1157245589.5259094
2023-07-06,176.52996058385284,179.85984832895718,175.84573593042705,179.49493408203125,16276609,0.017321758454295066,0.017173447023216555,2921568859.5339966
2023-07-07,179.49491466803735,180.407214107265,175.29833167935635,175.70887756347656,12652336,-0.021092832162184716,-0.02131846440238881,2223127757.115967
2023-07-10,175.7544823398829,176.39310308722892,173.15443727651547,174.75096130371094,10238356,-0.00545172374355174,-0.005466638622003452,1789162553.1696167
2023-07-11,175.7544878320222,176.02818045792526,174.0667421600262,175.5264129638672,11236383,0.004437467206881651,0.004427650678909428,1972282002.6781769
2023-07-12,176.75800710541336,177.67030649692515,173.56495923512202,174.0667266845703,9191559,-0.008316049161201544,-0.008350820405131383,1599944588.2581024
2023-07-13,174.9790581749039,174.9790581749039,170.55439974616192,171.42108154296875,10612659,-0.015199028510461843,-0.015315717628283449,1819233483.8267212
2023-07-14,171.46667828797558,171.83160641914446,168.5473228415488,171.01052856445312,12369394,-0.002394997014487532,-0.002397869607321314,2115296605.961975
2023-07-17,171.92284113671582,172.3789908950624,169.50525298571318,170.14385986328125,9058800,-0.005067925983546884,-0.005080811474011461,1541299197.7294922
2023-07-18,170.60000114023507,172.56143943537802,169.9613942944154,170.9193115234375,7177677,0.0045576235356326045,0.004547269018892345,1226803611.1776123
2023-07-19,174.24921718966155,179.3581003299491,173.51937475239382,175.6632843017578,31761232,0.02775562770547313,0.0273774225341774,5579282326.590088
2023-07-20,175.80011734028818,177.21418440148287,175.02467108908127,175.98257446289062,8936996,0.0018176260474802586,0.0018159761642007049,1572755564.0445557
2023-07-21,175.89134763320843,179.13001366532492,175.2527407627905,177.98963928222656,11031250,0.01140490656794646,0.011340360915520343,1963448208.3320618
2023-07-24,178.3545377022958,179.72298684067658,176.02817138293156,178.71945190429688,9981788,0.004100309574273098,0.00409192621340731,1783939680.3848877
2023-07-25,179.2668347072708,183.69149242985702,178.71944949107595,183.05287170410156,18028061,0.02424705175419417,0.02395775899715093,3300088337.306717
2023-07-26,183.82835066270525,184.42133977402804,182.45990140218882,183.91958618164062,13857423,0.004734776731282642,0.004723602932349174,2548651503.703949
2023-07-27,184.0564192317413,185.19679357642372,183.0072804028676,184.23887634277344,16013422,0.0017360313154330953,0.001734526154821203,2950294875.6826477
2023-07-28,184.1476360781096,191.99340242174608,182.00372695922852,191.58287048339844,39630520,0.03986126210931529,0.039087302436501284,7592528780.349731
2023-07-31,193.58991236905203,199.7479327615303,191.26354632555478,199.2005615234375,43494779,0.03976185877588234,0.03899170498664572,8664184400.137817
2023-08-01,200.29533701022885,206.77265442879795,199.6567302112973,205.40420532226562,63510580,0.031142702366821373,0.03066760706382443,13045340214.456177
2023-08-02,205.3129902453066,205.4042118362845,197.83213767647194,199.8848114013672,22647784,-0.02687089055571612,-0.027238513467110557,4526948033.498901
2023-08-03,199.88481966960097,203.99016728920913,198.8356669255722,200.797119140625,29868065,0.0045641673965206575,0.00455378316942081,5997421406.304932
2023-08-04,202.256770266544,202.71291995768217,198.5163511515614,198.8356475830078,12879897,-0.009768424796191888,-0.00981644885991592,2560982660.7974396
2023-08-07,200.43217150199138,201.93747383509762,198.56195498420814,198.8356475830078,12929354,0.0,0.0,2570816475.4199524
2023-08-08,200.9795569469255,201.07077853291509,195.23206804739476,198.47073364257812,15314866,-0.0018352541149712076,-0.0018369402571198313,3039552690.657776
2023-08-09,199.29179210370748,200.43216630196696,197.46719338649234,199.51986694335938,12554174,0.005286085668784857,0.005272163359397526,2504807126.0637817
2023-08-10,199.9760345994962,201.48133702886784,197.51282889394273,198.33389282226562,10970619,-0.005944140497198824,-0.005961877221638878,2175845572.939911
2023-08-11,198.7964359755877,200.27654542161827,196.71504000700276,197.038818359375,7970536,-0.006529768787683632,-0.006551180989945263,1570504995.1308594
2023-08-14,197.31634064492695,197.96388323430165,195.928743332537,197.038818359375,9283695,0.0,0.0,1829248292.808838
2023-08-16,196.9925280013299,201.6178515708158,196.1599754049694,201.1553192138672,9687712,0.020891826741389563,0.020676585226207255,1948734799.8120117
2023-08-17,203.00547013502796,203.3292484653192,199.02768862104585,199.58273315429688,11865239,-0.007817770197259155,-0.007848489170008363,2368096829.1489563
2023-08-18,199.62899531743736,200.41529196230388,197.31633321717828,199.02769470214844,14101163,-0.0027809943444322416,-0.002784868493528993,2806521964.5092316
2023-08-21,200.92408067151237,203.09798869432802,199.53648340980945,202.40419006347656,13336739,0.01696495237198614,0.016822654694810788,2699411855.3829803
2023-08-22,202.82046229451308,205.64191282567475,202.45044201173113,205.0868682861328,16930149,0.01325406466049417,0.013166998026247798,3472151238.027603
2023-08-23,206.19694324984766,206.19694324984766,204.48558179776987,205.0868682861328,13507905,0.0,0.0,2770293933.556595
2023-08-24,205.36440184373978,205.73442214685986,203.19049374564236,204.3005828857422,11182959,-0.0038339139261398536,-0.0038412822130843133,2284685042.0873566
2023-08-25,205.2256577335632,205.2256577335632,200.92409739503066,201.57164001464844,7413549,-0.013357489403835632,-0.013447503135729542,1494361230.258957
2023-08-28,201.57162133638735,202.86672057098536,200.9240787767729,202.31167602539062,4851793,0.0036713300079733724,0.0036646071255486143,981574373.558258
2023-08-29,202.7742285266627,205.13314690604076,201.89541967189808,204.5318603515625,8799235,0.01097407905361436,0.010914300791367171,1799723904.220581
2023-08-30,205.36438667766444,205.36438667766444,203.28299086674215,203.88427734375,5490930,-0.0031661717968994862,-0.003171194723925277,1119514294.9951172
2023-08-31,205.04062292937317,205.04062292937317,202.35794045068909,203.7917938232422,18532999,-0.0004536079079402455,-0.0004537108191293813,3776873111.1343536
2023-09-01,201.5253853482542,214.2912691208613,199.9527637943401,213.41246032714844,29859815,0.04720831159791783,0.04612787255485711,6372456584.063492
2023-09-04,216.1876227197767,218.77780676458738,213.2274184322934,218.13026428222656,21895573,0.022106506564077977,0.021865700210801815,4776087125.100784
2023-09-05,219.14785574291196,219.14785574291196,214.337521380578,217.0202178955078,13952922,-0.005088915058950816,-0.0051019076848461955,3028066172.7190247
2023-09-06,217.85277640221298,218.17655475214335,211.28481019362047,214.5225372314453,14623019,-0.01150897685147978,-0.011575717698972487,3136967137.863632
2023-09-07,215.54010128289846,220.16542534476324,212.16362036388472,216.55767822265625,30334731,0.009486840019122367,0.009442122548213243,6569218914.868835
2023-09-08,218.3153006308533,225.34579900918098,217.3902357976717,222.246826171875,28856420,0.026270820761983726,0.025931669775515517,6413247759.682617
2023-09-11,225.34580268781323,225.62331085000253,220.304187972377,224.88327026367188,22493483,0.01186268500301546,0.011792874903079571,5058408016.660309
2023-09-12,225.90080775545326,226.5946063137411,216.55766230639745,217.48272705078125,21174310,-0.032908375995304606,-0.03346203723696414,4605046682.218628
2023-09-13,218.40779789780927,220.58169163863244,215.67884553333175,219.3791046142578,9151928,0.008719669783401995,0.008681873020778958,2007741770.1341553
2023-09-14,220.11917114257812,221.2755021678232,218.269041502186,220.11917114257812,7568464,0.003373459517129529,0.003367782167196474,1665964022.5024414
2023-09-15,217.94528997934432,221.36802719036555,217.94528997934432,218.5003204345703,14098284,-0.007354428510723543,-0.007381605650288807,3080479571.5775757
2023-09-18,219.2403712896138,224.0044496609407,218.3615624978137,223.12564086914062,11163399,0.021168483530692894,0.020947543718083644,2490840556.1529236
2023-09-20,223.4031179875844,227.5659090059866,222.33929926236164,223.63438415527344,18936709,0.0022800754057270556,0.002277479978230724,4234899255.142624
2023-09-21,222.06181217447977,224.6982384340712,219.33287378702803,221.0442352294922,10134737,-0.01158206925811045,-0.01164966385265866,2240225189.417038
2023-09-22,220.72047174492693,221.36801429599038,218.3152975662696,220.11917114257812,7209300,-0.004184972686365862,-0.004193754193366833,1586905140.5181885
2023-09-25,221.22922483651462,222.2468016870561,219.37909537397928,221.69175720214844,8027642,0.007144248505968065,0.007118849263197156,1779662061.1697693
2023-09-26,221.78428518766057,224.9757559157753,221.13674265252214,222.2005615234375,10681642,0.002295098057367717,0.0022924683426880066,2373466850.392334
2023-09-27,221.9230571874787,222.4781017569287,220.02668549182562,221.36802673339844,9679279,-0.0037467717648015375,-0.0037538084963139044,2142682892.432022
2023-09-28,221.6455392367573,223.12563449769013,217.9915218606435,219.28662109375,32887087,-0.009402467331721565,-0.009446949575823586,7211698185.846191
2023-09-29,221.59928444202794,232.65380641689399,221.5530283771217,227.14967346191406,35038887,0.035857419522198786,0.03522950842214853,7959071740.518906
2023-10-03,226.03960364031292,228.2134975868321,222.52435435774308,223.12564086914062,14885044,-0.017715335141998967,-0.01787412988810153,3321234981.8653564
2023-10-04,222.9406110264302,222.9406110264302,214.15249565401902,217.5289764404297,25424437,-0.025083017832062127,-0.02540295810388111,5530551757.184189
2023-10-05,219.47163078964508,219.61038486791662,214.6612964995212,216.326416015625,22472389,-0.005528276942607713,-0.005543614418244999,4861371371.678955
2023-10-06,216.69644544067972,219.70290626322918,216.14140087344578,217.89903259277344,8825123,0.007269646518966333,0.0072433500060384804,1922985764.2122345
2023-10-09,216.32642002441318,218.59282607551827,213.22744714214318,217.1127166748047,10659145,-0.0036086250985716273,-0.0036151518926889697,2314235928.380661
2023-10-10,217.29772872439514,219.10161648336828,216.23390978763052,218.22279357910156,11665907,0.005112905965612091,0.0050998794452871915,2545766815.173996
2023-10-11,218.5465519003713,221.73802253362055,218.31528570788413,220.81295776367188,14313043,0.011869356734411918,0.011799468395952029,3160505359.4286194
2023-10-12,221.04423625789238,224.55948540240445,220.72047203961287,223.49566650390625,13170027,0.012149236020404075,0.012076026416493817,2943443962.239441
2023-10-13,222.52432914013778,225.53078958715696,221.64552044792885,223.91192626953125,11880728,0.0018624959138424657,0.0018607636189225557,2660236691.9643555
2023-10-16,224.65200081824042,226.64088456727498,222.94062522740109,225.20703125,6936948,0.005783992849535791,0.005767329784717973,1562249465.015625
2023-10-17,226.5021362216781,228.67603016966075,225.06828286810767,227.5196990966797,10084205,0.010269074787955468,0.010216706053288139,2294355287.229233
2023-10-18,227.47342387766747,228.30599064933432,223.495656613832,223.8656768798828,6987265,-0.016060245470191914,-0.01619060887554806,1564208808.7641144
2023-10-19,222.20056684263196,223.68067620012476,220.62795947240141,221.5530242919922,11485237,-0.010330536686655623,-0.010384267043381919,2544588992.0602875
2023-10-20,221.04422716397977,224.0044316477007,219.7491421134045,222.94061279296875,9040953,0.006263008620220001,0.006243477488409159,2015595602.0524292
2023-10-23,222.75559129079633,222.8480892951919,217.3902129979853,218.82406616210938,7058625,-0.01846476772126826,-0.018637369548462287,1544597024.0135193
2023-10-25,218.3152729462298,218.59279518406547,211.23853351594178,214.66127014160156,23949207,-0.019023483538706976,-0.01920675807099441,5140967193.504135
2023-10-26,213.55123440850173,215.81764055431563,210.68352761804664,214.29127502441406,17410264,-0.0017236230687698306,-0.0017251102161114158,3730867671.0716553
2023-10-27,214.61502721107652,220.5816921703798,214.61502721107652,218.87033081054688,10519462,0.021368372490252474,0.02114326989027826,2302398127.888977
2023-10-30,219.65664422982704,220.53545300793346,213.36620047198912,217.0202178955078,8812268,-0.008453009177568749,-0.00848893847671634,1912440321.5136108
2023-10-31,216.92767732048938,219.42534924694817,216.04886865761634,218.13026428222656,6583581,0.005114944577436553,0.005101907684846117,1436078263.4534454
2023-11-01,218.96283160909798,218.96283160909798,214.70754207076521,215.17007446289062,6718059,-0.013570743285333031,-0.013663667479937297,1445525255.2760925
2023-11-02,216.65020001341966,218.03779738427681,216.2339236252366,217.62152099609375,6057787,0.011393064483165016,0.01132865229711054,1318304820.8103638
2023-11-03,217.90168473542147,219.72297755450745,217.90168473542147,218.88238525390625,6825146,0.00579383992925564,0.005777120188608361,1493904236.1861572
2023-11-06,219.81640255818172,221.5442900521574,219.06920141812472,220.2834014892578,5338605,0.006400771965849872,0.0063803740204319125,1176006068.6075592
2023-11-07,220.70369994368107,223.73919302685235,219.67629658409095,223.36558532714844,7002346,0.013991902326971006,0.013894919266266913,1564083112.9532166
2023-11-08,224.01938751212916,225.00007384229568,220.37678738695348,221.07728576660156,9777991,-0.010244637987518845,-0.010297475468282259,2161691710.530258
2023-11-09,221.54428311944696,223.87927770175918,220.4234885702723,222.24478149414062,13987058,0.005280939303604626,0.005267044042193652,3108550648.9558716
2023-11-10,222.15141268359568,227.1949957897685,220.23671408251397,226.72799682617188,9589671,0.020172421156037013,0.01997165335952569,2174246896.0520325
2023-11-13,228.78279316908916,234.05989009531413,227.2417022646079,229.48329162597656,18792969,0.012152424219215918,0.0120791763411068,4312672385.544937
2023-11-15,232.5187364571752,232.5187364571752,229.71674321386317,230.97764587402344,10965645,0.006511821568615295,0.006490711253389549,2532818867.5902557
2023-11-16,232.37867119072206,237.468956694306,231.3045650971461,235.69436645507812,22145147,0.020420679945916564,0.020214973589286662,5219486392.219574
2023-11-17,236.30145726283774,236.3948627489876,234.43346155325008,234.99386596679688,5618928,-0.0029720714110269553,-0.002976496785791421,1320413613.309082
2023-11-20,234.43344557553775,238.54303015587308,233.7796499720765,234.4801483154297,6283832,-0.0021860896209084935,-0.0021884826029753986,1473433859.3492432
2023-11-21,235.9278506713733,236.11464738158512,230.97765946654604,233.49945068359375,6851869,-0.00418243351892067,-0.004191204358168207,1599907647.6559448
2023-11-22,234.2466686980665,237.23545903239122,232.89237463660268,236.90855407714844,5275418,0.014600048880518468,0.014494494327583738,1249791650.5325623
2023-11-23,237.23545998894969,238.8232535243672,235.08726202847822,236.06796264648438,8200025,-0.0035481683383636886,-0.0035544780172657733,1935763195.400238
2023-11-24,236.58163869592974,239.89733363963964,236.30143651376025,237.14202880859375,7149443,0.004549817561300351,0.00453949842965195,1695433417.871399
2023-11-28,238.02934003826144,241.25161527866717,236.90853130042885,240.55111694335938,6151585,0.014375723071498259,0.014273372111108549,1479770642.7220154
2023-11-29,242.41912353395304,242.41912353395304,239.1968481469377,241.34503173828125,8637363,0.003300399536738885,0.0032949651719550313,2084584647.3700562
2023-11-30,240.92474948506083,244.38052432299864,239.10344233158511,244.05361938476562,21687673,0.011222885455631104,0.011160376131839877,5292955091.683258
2023-12-01,245.03432413975418,257.2697008011713,244.4739197691262,251.19871520996094,29121320,0.02927674600035579,0.02885636724266662,7315238169.21814
2023-12-04,257.7834371279004,260.5854310097254,255.2149427362275,256.6626281738281,20464526,0.021751357124976778,0.021518171697214636,5252479027.491638
2023-12-05,257.0362322637108,267.6370855758094,254.79461451164667,266.6097106933594,18883076,0.0387554767529088,0.038023339619261846,5034411429.360718
2023-12-06,268.99139373917404,269.22489321290595,260.53872419142,262.54681396484375,13415314,-0.015239117577335981,-0.015356426242536964,3522147949.037964
2023-12-07,263.24729432987186,269.2248747467353,262.73357842088524,265.0685729980469,25133786,0.009604988135718973,0.009559153497557855,6662176789.058289
2023-12-08,267.54364248261277,272.6339126537517,262.45334380812716,266.23602294921875,20815064,0.004404331822394081,0.004394661137864844,5541719856.793457
2023-12-11,267.17005768863254,269.4583636862686,265.628967028532,268.3375549316406,8071675,0.00789349224474667,0.007862501610897892,2165933533.7028503
2023-12-12,268.47771603791404,269.5518079553751,262.3133240070939,264.69500732421875,8640883,-0.013574498017431158,-0.013667473874788798,2287198588.9727173
2023-12-13,265.95592018207805,275.4359938136214,265.7224206911368,274.64208984375,23629670,0.03757941118756092,0.03689051109728398,6489701951.118164
2023-12-14,278.09785470925806,278.7983530838406,274.22176940390517,275.9029541015625,24900443,0.0045909360015787826,0.0045804297981598616,6870105782.137573
2023-12-15,278.33134787367703,286.7373281785867,275.5293544387071,284.9627380371094,28843558,0.03283685006218495,0.03230923967965258,8219339262.41217
2023-12-18,285.80335407495204,286.3170415126342,281.8338630461333,283.18817138671875,13307504,-0.006227363839266364,-0.0062468347464976785,3768527723.4814453
2023-12-19,284.86934849478314,291.87433247416305,282.5343538349898,289.2124328613281,15650536,0.021272998250985165,0.021049886645717802,4526329592.143799
2023-12-20,291.8742973600474,292.6682011495366,275.66943066994776,278.0044250488281,23497233,-0.03875354770060668,-0.039524448884939736,6532334750.403351
2023-12-21,276.2765209610372,283.141410072334,273.84814963206605,282.0206298828125,17868637,0.0144465500262414,0.014343192869398797,5039324261.887329
2023-12-22,283.93532288868846,288.5586232646962,279.82573838965374,282.81451416015625,15207726,0.002814986540784714,0.0028110318859673536,4300965640.170776
2023-12-26,286.22362322366797,290.19311367968,284.49572167743986,289.16571044921875,9917180,0.022457108709299956,0.022208660582432645,2867708400.352783
2023-12-27,291.0337418999541,291.6408348145901,283.51504194683764,285.85003662109375,12630732,-0.011466345103553599,-0.011532590520636054,3610495204.7512207
2023-12-28,288.698737067715,294.6763175228165,287.4378342873115,293.1819152832031,37591916,0.02564938857023158,0.02532596180702316,11021269932.045288
2023-12-29,293.6022076153281,293.6022076153281,287.8114099824917,290.6134033203125,12682889,-0.008760813095888054,-0.00879941463824053,3685817536.223755
2024-01-01,291.4072809473366,292.6214665499447,287.4844792255526,289.3057861328125,8024960,-0.004499507498829103,-0.004509660750564051,2321667361.484375
2024-01-02,290.2865230464224,290.2865230464224,282.11404178381645,285.8033447265625,13506040,-0.012106364871119824,-0.012180243781818895,3860071406.010742
2024-01-03,286.9241406387938,287.67132749067576,283.2815263516529,285.9901428222656,14259987,0.0006535896068040614,0.00065337611013807,4078215718.773651
2024-01-04,290.3799473498021,300.5138304727876,288.23176353719697,296.1707458496094,40057506,0.03559774098113122,0.034978787530497886,11863861428.895203
2024-01-05,301.58786253781443,304.1563563057173,292.06110275523855,294.16259765625,27456415,-0.006780373218829294,-0.006803464386336032,8076650358.728027
2024-01-08,295.5635986328125,297.3381886526034,291.9677016038406,295.5635986328125,10136462,0.004762675430952212,0.004751369774891168,2995969186.124756
2024-01-09,296.87119243503423,300.23359005718817,295.1899793722825,298.6457824707031,12229517,0.010428157770942859,0.010374159610162265,3652293673.703766
2024-01-10,298.5523875601216,298.6457930396939,287.67131901868873,292.668212890625,14455000,-0.020015583446802987,-0.020218608920278842,4230519017.3339844
2024-01-11,294.16260680290935,296.35747874286716,291.7342069188958,292.2478942871094,10316319,-0.0014361607615812622,-0.001437193028900736,3014922504.544098
2024-01-12,294.39614653765057,294.48952352403376,289.2591581390157,292.0144348144531,12341629,-0.000798840563849823,-0.0007991598070006242,3603933817.1246643
2024-01-15,294.1158939485269,297.01129275466695,289.16571713728916,296.35748291015625,9706124,0.014872717160241411,0.014763202817715917,2876482477.4538574
2024-01-16,296.3107948364454,296.3107948364454,289.67940491721345,290.9403076171875,10162832,-0.018279191872509704,-0.018448320493736996,2956777468.341797
2024-01-17,289.3058084435324,293.36870443227133,286.8307200606661,288.885498046875,13502940,-0.007062650023097472,-0.007087708592077985,3900803546.9970703
2024-01-18,288.55866536808657,290.7535376514102,276.977068494558,279.5455627441406,32481018,-0.03233092476389676,-0.032865114580037394,9079924455.312561
2024-01-19,283.748561598938,289.0256727408306,281.78718873572143,288.0916748046875,28651237,0.030571445944820308,0.030113450284051844,8254182852.55603
2024-01-23,292.76162864939937,294.4895018170768,280.47953448984475,282.62774658203125,21652362,-0.01896593584788775,-0.01914809611330228,6119558280.238403
2024-01-24,282.9546888216054,290.19317289490806,278.5648870790346,288.46527099609375,23922028,0.02065446328132614,0.02044405220719809,6900674289.796143
2024-01-25,289.53928007409155,296.2640747545706,288.7920933333037,293.97576904296875,32525422,0.019102812715883655,0.018922644848587914,9561685945.897095
2024-01-29,296.8245121699274,304.24980664990795,295.2834213825785,303.1289978027344,24694773,0.031135997329180487,0.030661104511437214,7485701790.456024
2024-01-30,300.6071881858156,302.56858920485996,293.74229887083516,294.6296081542969,20918448,-0.028038853788473928,-0.028439448354050358,6163194137.436035
2024-01-31,297.5249978452452,298.8793061023622,291.96772784941544,296.5443115234375,20931224,0.006498679413570407,0.006477654038796121,6207035410.422852
2024-02-01,298.92600720338754,305.3706153157798,296.1707305860307,300.747314453125,24020951,0.014173271131371346,0.014073769398649905,7224236503.860107
2024-02-02,302.6152791647086,311.67506898548595,301.7746868676989,310.55426025390625,32346639,0.03260858976783898,0.03208821201087617,10045386546.345154
2024-02-05,315.69130793833835,318.539990292061,311.0680066722187,313.9167175292969,19651482,0.010827277889028153,0.010769082603299297,6168928724.026062
2024-02-06,316.8874496784149,316.8874496784149,310.2856278101146,315.1898498535156,12024661,0.004055637221996422,0.004047435293909436,3790051095.129425
2024-02-07,318.67940596223247,318.67940596223247,310.8986863804681,311.88897705078125,8080437,-0.010472649434201231,-0.010527873527379135,2520199230.0532837
2024-02-08,314.9540705350812,316.1801116552342,309.34251043375633,312.0775451660156,17754869,0.0006046001273192214,0.0006044174302976302,5540895932.264191
2024-02-09,314.0109977752463,315.94437722770573,301.42037280700356,306.41888427734375,18304439,-0.018132226993972433,-0.018298630400584333,5608825775.702698
2024-02-12,307.5978020554142,308.1165340087502,296.61048767988507,298.1666259765625,11714289,-0.02693129805052097,-0.027300590913165217,3492810026.8443604
2024-02-13,300.43004711183835,305.5229042811698,297.9307916678723,303.2593994140625,15426888,0.01708029334544081,0.0169360651254009,4678348789.708008
2024-02-14,302.64641937920993,310.61577427733926,300.2414811128302,309.3425598144531,14085723,0.020059264155188883,0.019860727721247605,4357313609.657318
2024-02-15,312.171916739591,321.508774958249,311.3702610460115,319.95263671875,21973316,0.034298794548868194,0.03372370392561368,7030420391.654297
2024-02-16,322.4518960828719,323.44218681467015,317.641990650084,318.5379638671875,20307449,-0.004421507089519827,-0.004431310860960801,6468693455.796753
2024-02-19,321.03718668053347,322.45186291042563,318.3021517257409,319.4810485839844,8496898,0.0029606666199137877,0.0029562924779539725,2714597882.7511597
2024-02-20,321.2258310065245,326.79021858247665,318.58508469847675,326.0357360839844,19340526,0.020516670798008008,0.020309039046148662,6305702630.661438
2024-02-21,327.2617869716911,328.2520488778162,315.66145272138294,316.9818115234375,17751633,-0.027769730610802235,-0.028162599914919224,5626944785.839233
2024-02-22,319.7168315571632,320.89572842868665,311.7946503368579,320.23553466796875,16083122,0.010264699822660539,0.010212375548794811,5150387172.800171
2024-02-23,320.6599784303294,320.6599784303294,315.8029286310264,318.5379638671875,9665454,-0.005301006968328359,-0.005315107157978156,3078814037.011963
2024-02-26,318.7736950775129,319.2452537980418,315.5199283931997,318.3964538574219,7711995,-0.00044424849097302044,-0.00044434719856876917,2455471860.166168
2024-02-27,316.9818115234375,318.77372909634465,315.0955764400272,316.9818115234375,8882923,-0.004443021638104838,-0.004452921192247903,2815725024.163208
2024-02-28,316.60456957361873,317.3590520926745,312.926388143648,314.341064453125,12977628,-0.008330910400255687,-0.008365806379641634,4079401399.5966797
2024-02-29,314.34106628342363,316.88749516797446,311.7946661805361,316.51025390625,13149469,0.006900751121711846,0.006877049913641797,4161941771.9223633
2024-03-01,316.51025362125716,324.76253213382597,315.9443773383484,323.96087646484375,13027254,0.02353990894968172,0.02326711798205488,4220320623.7701416
2024-03-04,328.20486423537403,337.91896221013644,326.08285002695567,333.72210693359375,38075510,0.030130892888262872,0.029685874641546612,12706639419.771118
2024-03-05,334.71240719296793,339.475168010554,333.43919276523053,337.8718566894531,15918221,0.012434746364241134,0.012358069886375892,5378318884.463043
2024-03-06,339.0036185177219,339.0036185177219,325.37555826052153,331.93023681640625,13120921,-0.017585424045862386,-0.017741884612461057,4355230414.779358
2024-03-07,331.97741110087696,333.7693288703723,329.80825202964576,332.1660461425781,9172926,0.0007104183349897486,0.0007101661073354345,3046934560.9784546
2024-03-11,332.2131390952483,333.0619390882012,326.9788484873209,328.1577453613281,10664917,-0.012067159867175214,-0.012140559118777258,3499775117.1856995
2024-03-12,328.2049024995468,329.5724344392935,323.06490041612716,325.1397705078125,9637912,-0.009196719858592939,-0.009239270773495482,3133668495.854492
2024-03-13,324.2909600055148,324.9039806277253,301.3260429914607,304.1553955078125,23722232,-0.0645395516126065,-0.06671641274284372,7215244856.288086
2024-03-14,302.78790804950364,308.3523251736276,298.49673428259416,303.54241943359375,20859127,-0.0020153384857609646,-0.0020173720129901974,6331629876.8526
2024-03-15,304.2968772583911,307.5034712300919,288.35819613126245,298.3080749511719,43285007,-0.017244194377145305,-0.01739460716990907,12912267112.418
2024-03-18,299.06256633081534,304.53263634237635,297.0348694531675,299.1097106933594,13690352,0.0026872746985435736,0.00268367043155059,4094917226.010254
2024-03-19,296.42183563560354,299.81706458548945,292.46075917878966,295.6202087402344,13388060,-0.01166629443436007,-0.011734879592211978,3957781091.826782
2024-03-20,298.0251393237172,299.39267125416524,290.7631228338602,295.8088073730469,10026655,0.0006379761167756293,0.0006377726965264168,2965972857.4909973
2024-03-21,299.2040528517503,307.78642860320036,298.96827345628003,306.5132141113281,23370426,0.036186910164516695,0.03554754278113828,7163344388.41095
2024-03-22,306.0416559068123,308.6352292619548,302.88220624512405,306.2774353027344,14709219,-0.000769228854545001,-0.0007695248628688306,4505101870.626251
2024-03-26,301.8919168827667,311.5116980938996,301.8919168827667,310.3799743652344,11208959,0.013394845945620792,0.01330592814346377,3479036407.080963
2024-03-27,313.1150342416239,315.09558690129234,307.7392525627617,312.73779296875,45209520,0.007596555184778531,0.007567846658376327,14138725505.976562
2024-03-28,313.0206999576888,320.6599576461804,311.5117061653743,316.6988525390625,19868037,0.012665752778744821,0.012586213048261859,6292184520.103638
2024-04-01,319.71680213939493,324.8096303994428,317.0289117633071,322.8762512207031,8580656,0.019505592243592718,0.019317796297949334,2770490042.2944336
2024-04-02,323.48935044465566,325.94146206441775,321.3673357551499,325.18695068359375,9745257,0.0071566101692353,0.007131123162812649,3169030407.457947
2024-04-03,324.76254450171075,333.95794090876007,322.54621243188393,331.2700500488281,21679943,0.01870646824064348,0.018533654098627415,7181915802.665741
2024-04-04,334.8066898766054,342.0687056485648,332.59035814503386,334.4765930175781,28962927,0.009679543829203219,0.009632997170738055,9687421146.776825
2024-04-05,336.1270668094873,337.8246955560894,331.55294123849666,334.3822937011719,11208130,-0.00028193098822104634,-0.0002819707382334551,3747800217.5009155
2024-04-08,335.37255931279253,345.18097469534473,333.1562276260397,342.82318115234375,11447140,0.02524322492600417,0.02492987705166874,3924344949.89624
2024-04-09,344.2378766627308,346.0297940999854,339.85238618212685,342.25732421875,10010148,-0.0016505795544271562,-0.001651943261671354,3426046469.513672
2024-04-10,343.38905955145583,347.3973086001493,340.7954866375954,341.88006591796875,12886638,-0.00110226509145539,-0.0011028730324037603,4405684648.901001
2024-04-12,341.88009814385634,353.19750828930813,340.4654218756749,341.1727600097656,30924494,-0.002068871451466392,-0.0020710145223433404,10550594969.885437
2024-04-15,335.27829458661336,345.18102902588043,332.73186564670766,340.6069030761719,18126999,-0.0016585642229395292,-0.001659941163286951,6174180991.4548645
2024-04-16,340.46545826401575,341.36143150895566,334.42951129766266,338.81500244140625,15328939,-0.005260905221186607,-0.005274792510950042,5193674504.7091675
2024-04-18,339.097870589973,340.70118178160953,329.33662792273503,331.1756896972656,22966560,-0.02254715018252995,-0.02280522376683349,7605966347.973633
2024-04-19,323.58365442782804,332.3546365981842,323.48933691146254,330.60986328125,12867942,-0.0017085384997095332,-0.001709999716212314,4254268545.3310547
2024-04-22,334.80671666185924,334.80671666185924,322.4518715019483,323.3949890136719,37382916,-0.02182292505121186,-0.02206456710653807,12089447709.119019
2024-04-23,326.3186798261619,328.8179356349716,324.43244468265806,327.40325927734375,14651106,0.012394348706195935,0.012318167597191182,4796819856.417847
2024-04-24,329.9024742662656,333.0619234970386,327.54468062862315,331.6472473144531,11132307,0.012962571131627909,0.012879276046546234,3691998972.8094177
2024-04-25,331.034247144457,340.0881810278174,329.2423296256486,338.767822265625,19865014,0.021470327309608184,0.021243086698575803,6729627532.056152
2024-04-26,340.18248048417394,340.8426454394083,334.8066994313443,335.74981689453125,10986589,-0.008908772240851626,-0.008948692623528836,3688745245.045471
2024-04-29,339.23937780128347,342.96467467418233,336.6458046645203,342.3516540527344,13652173,0.019662965773938,0.019472146981750305,4673844007.964081
2024-04-30,344.19073880736045,344.6622975514277,338.86210197407104,342.540283203125,14566548,0.00055098068946835,0.0005508289553407576,4989629477.211914
2024-05-02,342.540250840607,351.4055486351636,342.540250840607,348.0574645996094,27892188,0.016106664433428675,0.015978328324355986,9708084237.41565
2024-05-03,351.12265642850053,358.76191442851706,339.852418844163,344.1907653808594,26844664,-0.011109370181725864,-0.011171540109285314,9239685448.552002
2024-05-06,346.87865810220814,347.86894889784094,334.2408874234155,336.5043640136719,15319437,-0.022331805906187552,-0.022584936355080788,5155057404.732513
2024-05-07,337.8718652835294,338.0605003078675,327.1203308745244,329.28948974609375,10028071,-0.021440655870023084,-0.02167384592168687,3302138382.7276
2024-05-08,325.56415574210763,338.1076063333009,325.56415574210763,335.2311096191406,9595776,0.01804375802467395,0.017882901511677478,3216802636.1367188
2024-05-09,336.22140404498805,337.6360803593428,325.23409042649854,326.3658142089844,9043486,-0.026445324302473594,-0.026801291702312328,2951484671.6775513
2024-05-10,327.87481125408806,336.0799454705955,327.7804937425388,335.2782897949219,11699095,0.02730823878578925,0.02694202105196894,3922452563.7483215
2024-05-13,335.27825696009955,335.74981569000124,326.7901998218692,330.9399108886719,10691781,-0.012939635634933722,-0.013024081981060509,3538337051.381195
2024-05-14,330.609851043294,336.92875024423495,330.3740716519404,335.56121826171875,10891985,0.013964188727304983,0.013867587708359915,3654927755.8883667
2024-05-15,337.16452390509795,342.82322920140734,336.3628682317881,340.7955322265625,8538183,0.015598685664447887,0.015478276700687828,2909774619.732788
2024-05-16,343.1533077843476,343.1533077843476,332.9676215256498,340.88983154296875,13114162,0.0002767034995738715,0.0002766652242209866,4470484475.007202
2024-05-17,341.83297032475053,345.6525849210351,339.85241769711035,344.6623229980469,8509179,0.011066600132960014,0.011005813371071987,2932793400.9461975
2024-05-21,346.1241039153068,352.82024356209854,344.5679658801941,350.8396911621094,10939593,0.01792295749163597,0.017764235000816465,3838043429.5591736
2024-05-22,353.66905199269536,355.8853838081818,349.5193408723133,352.58447265625,14001806,0.00497315879044713,0.004960833483185987,4936819384.745117
2024-05-23,353.7162541356875,354.234986099012,348.4819628238015,351.1226806640625,15370357,-0.004145934110980187,-0.004154552324417911,5396880952.603638
2024-05-24,351.7828574479573,356.639907230115,347.7274633653785,353.6219482421875,13317821,0.0071179326080510474,0.007092719697577292,4709473808.360718
2024-05-27,358.3375102113439,358.8562133302996,347.0672444298298,348.6233825683594,21891930,-0.014135337748902188,-0.014236193180657792,7632038687.549744
2024-05-28,351.40556949343096,352.018590082856,343.38907112583746,344.6151123046875,10200096,-0.01149742233048845,-0.011564028717291737,3515107228.5585938
2024-05-29,340.93698664282624,345.5111124135923,339.5223103497025,343.86065673828125,18146672,-0.002189270114594466,-0.0021916700698184155,6239926551.53418
2024-05-30,343.2948045458209,344.04928710907984,336.83444326438115,339.2394104003906,14425073,-0.013439299458466225,-0.013530424199526412,4893553259.502594
2024-05-31,342.7760776344811,345.7940364601038,335.27828176174324,338.5791931152344,30515612,-0.0019461691799812497,-0.001948065427898732,10331951288.377563
2024-06-03,363.1002102114405,370.8337846428936,352.20721541776123,369.5133972167969,39261174,0.0913647522664931,0.08742897935923989,14507529783.459778
2024-06-04,369.60775722457834,369.60775722457834,296.09176243855705,312.4076843261719,84042244,-0.15454301067498388,-0.16787798204385665,26255442833.615112
2024-06-05,320.65994038959406,322.78195470099575,297.3649273250973,321.6030578613281,46418629,0.02943389038265698,0.029009030156851082,14928373028.130524
2024-06-06,328.01625603614235,339.286521709843,325.37553854036366,329.8553466796875,33171039,0.02565985806614335,0.02533616943020726,10941644569.070435
2024-06-07,331.9773790783302,341.40855462032823,327.92198510793656,340.08819580078125,23930193,0.031022232090815782,0.030550768420969394,8138376162.534485
2024-06-10,344.2379027155794,349.04780793451334,341.21991506951724,344.1435852050781,16072588,0.01192452268079447,0.011853985752642678,5531278057.844116
2024-06-11,347.7745570777151,350.79254440773155,344.1435491661309,346.5013427734375,11235777,0.006851086783890903,0.0068277247317637116,3893211817.6029053
2024-06-12,348.529079199092,352.72596381057303,344.61514712169776,350.1795349121094,12134524,0.010615231990823482,0.010559285987322288,4249261970.699829
2024-06-13,354.98940129939444,354.98940129939444,347.02007614113006,348.90631103515625,11243702,-0.0036359174366734637,-0.0036425434504451485,3922998587.1986084
2024-06-14,348.95348937372086,349.7551450380742,345.2753367285467,347.4916687011719,10298434,-0.0040545048605952205,-0.004062746650555853,3578620015.6688843
2024-06-18,350.6510794629077,351.0754938559896,347.7274382009211,348.6233825683594,10228382,0.003256808634916508,0.0032515167203965994,3565853131.041321
2024-06-19,348.76481159482535,349.8022465167015,340.984092853244,341.88006591796875,8337334,-0.019342697557208077,-0.01953221536913286,2850368297.500122
2024-06-20,341.8800948847965,344.1435711359772,336.7400929800706,337.30596923828125,14338604,-0.013379243587676837,-0.01346955207791156,4836496719.7438965
2024-06-21,339.4751698554742,342.3045224739724,336.45718221641084,339.33367919921875,17931844,0.006011485552765539,0.005993488662836202,6084878599.346436
2024-06-24,337.2588559297048,343.90782342632934,335.3254476012669,342.11590576171875,9335598,0.008199087603286692,0.008165657690073085,3193856565.59729
2024-06-25,343.5305069216166,343.95492125683245,337.40024392919247,340.32391357421875,14983828,-0.005237968060883169,-0.005251734308070515,5099354985.282959
2024-06-26,342.3516548043389,346.0298073227638,339.1922054017405,344.2850341796875,15918394,0.011639266144619409,0.01157205094076293,5480464822.375732
2024-06-27,344.28504926072765,359.42210316967356,343.3891048594484,355.69677734375,55378829,0.033146207447711795,0.03260871685756497,19698071008.370605
2024-06-28,356.4512804744375,367.3442763873802,355.2723835669042,356.8285217285156,25141039,0.0031817673278267122,0.0031767162176313674,8971039781.088959
2024-07-01,360.03512294684174,360.2709023331854,346.8786216761975,348.71771240234375,23389211,-0.022730271915715305,-0.022992587166418946,8156232154.815735
2024-07-02,351.405589023142,351.405589023142,344.3793520801558,349.3307189941406,13702830,0.0017578877412731675,0.0017563444649573573,4786819456.15448
2024-07-03,349.4722061239806,352.961752666347,347.68028848668337,351.4527587890625,9207317,0.006074586858642261,0.006056210935767384,3235936960.6954346
2024-07-04,352.6316316223521,359.1863098367604,350.6039347299438,351.7356872558594,14916930,0.0008050255965317277,0.0008047017372245582,5246816625.297546
2024-07-05,353.0560713863232,359.5635769238248,349.89662174095474,358.196044921875,15946104,0.018367080452988738,0.018200442967382238,5711831384.712891
2024-07-08,359.186299499473,359.56354073670053,354.7536358124806,355.9797058105469,8898299,-0.006187503024528196,-0.006206724952880319,3167613860.2342834
2024-07-09,357.6301731922982,358.62043507036003,353.71621247980977,355.6024475097656,8355819,-0.001059774741715258,-0.0010603367000347524,2971349687.3486023
2024-07-10,357.2529057766154,361.96849338603045,348.9534830967101,359.70501708984375,17715196,0.011536955408512739,0.011470912211369066,6372244879.929932
2024-07-11,360.648108154593,361.4969081056872,353.29180353622894,355.64959716796875,19873143,-0.01127429346047204,-0.011338330073644376,7067875302.411438
2024-07-12,357.3944061985366,357.81879182598567,350.8397277296321,355.69677734375,16151583,0.00013265915709426146,0.00013265035864640215,5745066022.100098
2024-07-15,357.0642899970516,366.8255618439583,355.4609787400413,363.7132568359375,22951140,0.022537397026907158,0.022287182375447977,8347633877.497559
2024-07-16,364.6563625348744,366.63691497014497,358.384637141235,358.8090515136719,11893034,-0.013483713420096244,-0.013575444198165509,4267328249.159851
2024-07-18,361.11968362763827,361.11968362763827,352.91457867767343,356.26263427734375,15709153,-0.007096858971605724,-0.007122161458425088,5596584230.045837
2024-07-19,356.2626519696329,356.49843135545,342.2573506957647,343.9078063964844,13330099,-0.034678988735151406,-0.03529457879981419,4584325106.13797
2024-07-22,344.00214601488636,355.7911160633746,341.7386695219096,352.2544250488281,18715538,0.024269930769530434,0.023980096146935286,6592631077.669495
2024-07-23,355.2724167366179,363.713302113635,340.9841618579729,360.6953430175781,49882257,0.023962560491837648,0.02367996392921931,17992297799.105988
2024-07-24,362.25144541100974,372.5314206289964,359.9879691179509,370.2679443359375,36868466,0.026539298340463535,0.026193240563297828,13651211116.639404
2024-07-25,368.711843025749,373.7574992396927,364.27917872343835,369.84356689453125,25973101,-0.001146136056058955,-0.0011467933722856725,9605984317.151917
2024-07-26,372.4842607147642,376.77543374158455,367.53289393843556,373.7574462890625,20381410,0.010582526627122224,0.010526923628355023,7617703753.370361
2024-07-29,381.0195121138672,385.0749062994428,370.3151215493847,371.4940185546875,27751449,-0.006055873285864877,-0.006074284454594975,10309497309.725464
2024-07-30,374.41763591251794,389.22459171693686,374.41763591251794,383.8016662597656,34447139,0.0331301369345367,0.032593161810226694,13220869346.081757
2024-07-31,386.20661973953247,393.65724230051944,385.3106465937722,392.3368835449219,29727771,0.022238614460259765,0.02199494247523854,11663301028.877106
2024-08-01,396.0150441694004,400.2119286808022,391.95965031249983,399.3631286621094,28803487,0.01790870400382083,0.017750232381557755,11503050684.698395
2024-08-02,392.57267947891074,402.05099932663705,389.83764434518014,395.8264465332031,24233263,-0.008855805343759071,-0.008895251042870752,9592166381.19455
2024-08-05,384.4618527615906,392.0067929508299,381.6325001906259,389.7433166503906,42489503,-0.015368174451431571,-0.015487488852607534,16559999822.046722
2024-08-06,389.74331266104457,400.77779908752495,389.74331266104457,391.3937683105469,18230579,0.004234714463716482,0.004225773293735376,7135335013.293121
2024-08-07,400.18646248111804,400.18646248111804,394.48309246951067,395.71881103515625,15556736,0.01105036174509988,0.01098975259104134,6156093073.5078125
2024-08-08,395.766359031384,396.38421831812144,385.7379159587989,387.54400634765625,16447385,-0.02065811495318004,-0.02087447877604023,6374085476.842346
2024-08-09,393.3424079941819,395.7663576613858,388.01928584178745,390.34814453125,10954753,0.007235663918585322,0.007209612095090157,4276167507.3481445
2024-08-12,389.73031856057224,389.73031856057224,380.3197630117318,381.0326843261719,26254763,-0.0238644920837644,-0.02415386212832594,10003922822.237457
2024-08-13,383.07635664187103,384.5021991603892,375.47186320977437,376.612548828125,11355664,-0.01160041035813908,-0.011668220041927557,4276685562.6757812
2024-08-14,379.17901691505983,380.2246404781423,374.1885685087842,376.7550964355469,9424614,0.00037849935660783096,0.00037842774379605364,3550771356.437805
2024-08-16,378.37103271484375,381.12768455782236,373.85586512154566,378.37103271484375,13844122,0.004289089370217214,0.0042799174431950165,5238214738.170288
2024-08-19,382.41098094755455,387.35391365789167,381.603026666017,383.17144775390625,10677045,0.01268705747535459,0.012607251058531173,4091138790.383606
2024-08-20,384.54971348285216,388.01928679884855,383.1714164613233,386.1656799316406,10126083,0.007814340539427311,0.00778396671206713,3910345726.7392273
2024-08-21,387.3538822208826,389.4451295075744,385.16760197384684,388.7322082519531,9726854,0.006646184406565725,0.006624195895679067,3781141434.7643433
2024-08-22,389.5401320133127,389.77777241327414,382.3634035380113,383.4090270996094,10445288,-0.013693697201682786,-0.013788320696549177,4004817709.8552246
2024-08-23,383.4090581336238,385.8329788058934,379.7969063565307,382.0782775878906,11513586,-0.003470835107314829,-0.003476872429233199,4399091107.740051
2024-08-26,382.5535266090836,395.38610817840873,382.0782458102197,394.3404846191406,13772637,0.03209344197388786,0.031589207508801745,5431108349.063507
2024-08-27,394.9584055423767,395.62381036824735,388.8748161685225,389.3976135253906,8441188,-0.012534526092404352,-0.01261374594963336,3286978462.519165
2024-08-28,389.7778016614085,393.9127507327839,387.21130255454244,388.8272399902344,15884745,-0.0014647586819868108,-0.0014658324896925717,6176421556.298676
2024-08-29,388.82724016604055,392.2017515055384,383.7892749100759,389.6352233886719,19014705,0.002078001012629116,0.00207584495486836,7408798830.344696
2024-08-30,392.29681344649856,398.4754643114834,391.15612783711913,395.623779296875,22633988,0.015369647169268807,0.015252730597927611,8954543873.120117
2024-09-02,397.14462398680877,398.3803714693433,387.54397505538583,389.7302551269531,11107165,-0.014896789521590903,-0.015008861087737814,4328798249.187164
2024-09-03,390.2055667172164,391.2036448702043,385.54782032187273,386.3082580566406,7538160,-0.008780424473839754,-0.008819199542041807,2912053458.552246
2024-09-04,380.22466993970386,388.06680375721027,380.12960797045093,385.0725402832031,11052003,-0.0031987868435789935,-0.003203913898704805,4255822870.427582
2024-09-05,385.3101806801669,388.2093821847575,381.98321481838235,383.3139953613281,14246871,-0.00456678869020799,-0.004577248326459434,5461025044.40744
2024-09-06,383.3140272220206,384.64480787557966,373.2856123229109,375.2817687988281,17956121,-0.020954691609755827,-0.02117735724648457,6738604849.645782
2024-09-09,371.8597411215917,373.33310012325234,366.25140399796385,370.57647705078125,12293356,-0.012538023797711295,-0.012617288059807334,4555628557.611084
2024-09-10,370.8141155809618,379.6543275635485,370.48141319261924,376.70758056640625,15852309,0.016544772524201168,0.016409398885290333,5971684969.781067
2024-09-11,379.2741100423236,379.5592669425787,368.3426507303268,370.3863525390625,11492592,-0.01678019863003377,-0.01692258121589792,4256699232.0996094
2024-09-12,371.6696149026185,386.1656804454956,371.3369125146205,384.83489990234375,24028069,0.039009394553103593,0.03826775399450272,9246839528.461609
2024-09-13,384.8349613805975,387.16382045094366,379.6068713332131,381.5555114746094,12017217,-0.008521546326922369,-0.008558062299177776,4585235378.936371
2024-09-16,382.55355675726526,391.6314091274356,382.1257924010415,390.7759094238281,11479712,0.024165285710549433,0.0238779254185372,4485994896.723633
2024-09-17,391.48882901518476,397.00207508953594,389.8253460951326,395.71881103515625,14432501,0.012648941483153653,0.012569611879427026,5711212135.983704
2024-09-18,397.81005892991215,398.9982610175164,392.5819697444533,393.67510986328125,10303840,-0.005164528738294982,-0.0051779110121492125,4056365344.013672
2024-09-19,403.0381475834211,410.50006248549533,399.75869822242566,402.9906311035156,59601773,0.023662967271335766,0.023387338916903713,24018956116.158478
2024-09-20,406.88791073864184,408.5989391478377,395.95645154711036,402.9906311035156,36084164,0.0,0.0,14541580023.202759
2024-09-23,406.36508202770085,409.21676681386015,403.98867803923474,407.1730651855469,14139629,0.010378489620412434,0.010325002853275563,5757276080.516449
2024-09-24,410.1198734639143,410.1198734639143,405.88986212627464,406.93548583984375,12539885,-0.0005834849257400077,-0.0005836552193150018,5102924194.850769
2024-09-25,406.9354541970759,415.3954472056752,404.60656651652874,414.5399475097656,19443168,0.01868714313333375,0.018514683677592986,8059969842.143555
2024-09-26,416.2984618498771,416.2984618498771,409.2642828446041,413.11407470703125,20041825,-0.0034396511392928986,-0.0034455803394306196,8279559990.315247
2024-09-27,414.4448848270497,420.62353563295756,412.0684806709313,415.3003845214844,53885913,0.005292266587633376,0.005278311758281461,22378840389.191254
2024-09-30,415.3004146343217,426.27942003696455,412.1635725243334,421.2889709472656,20903229,0.014419891358110393,0.014316913497244215,8806299834.88504
2024-10-01,423.95050161231416,425.61398452222795,417.10644603656147,418.3421936035156,15984996,-0.006994670041145845,-0.007019247419794425,6687198291.383423
2024-10-03,410.64263898991896,420.62353646536843,410.64263898991896,413.8270263671875,13563784,-0.010792999858406316,-0.010851666791380856,5613060399.006836
2024-10-04,411.4981396838071,417.62927403712814,405.224426882259,409.1692810058594,18347292,-0.011255295243079,-0.011319115406982265,7507148276.044556
2024-10-07,409.31189331079815,411.5932356976541,388.8272702951361,394.910888671875,23431004,-0.034847172052928865,-0.03546881925289551,9253158612.114258
2024-10-08,393.53253132410543,406.55523780479183,390.966003211934,400.1389465332031,18706355,0.013238576122604817,0.013151711972325916,7485141183.176117
2024-10-09,403.46591274904824,403.75106964673415,396.38421669850067,397.7625427246094,13916492,-0.005938946531405809,-0.005956652211219079,5535459243.726685
2024-10-10,399.9013058607012,408.6464558125779,399.71118192331346,401.80242919921875,15866037,0.010156528181202829,0.01010529724248743,6375012208.364685
2024-10-11,402.990661331804,405.5571606248507,398.8557119604685,401.6123352050781,8639087,-0.0004731031480309511,-0.00047321509663550675,3469563904.109833
2024-10-14,403.6084286533296,404.939208984375,399.23583984375,403.51336669921875,8483177,0.0047334987685820895,0.004722330991193264,3423075311.5753784
2024-10-15,405.5571295169343,406.07995583920837,402.6103825467895,405.5096130371094,9365964,0.004947162851679732,0.004934965852027745,3797988437.359497
2024-10-16,404.27386550064836,408.17117413836075,400.4241023516051,403.2757873535156,6219440,-0.005508687369611964,-0.0055239161406552325,2508149562.897949
2024-10-17,402.7054454997017,404.5590523588446,396.00399733296655,397.0971374511719,11968387,-0.01532115266054268,-0.015439734283919935,4752612217.607819
2024-10-18,397.04962053042465,404.8917542954398,393.9602951078429,403.9411926269531,8828971,0.017235216601436232,0.017088375084733577,3566385075.408783
2024-10-21,404.9868172359335,407.55334553438075,398.38043055619164,403.9887390136719,9139781,0.00011770620968243328,0.00011769928285008317,3692368601.051117
2024-10-22,401.94500806480335,405.22442842184404,393.0097341662697,395.1960144042969,14242323,-0.021764776490657223,-0.02200512303064713,5628509285.458649
2024-10-23,393.5325629220458,394.2454842316872,381.84066504746403,388.1143493652344,22522821,-0.017919373629658453,-0.0180818697512567,8741430018.284637
2024-10-24,389.017363809471,394.72073383477783,386.688476112268,391.5363464355469,9400171,0.008816981582642436,0.008778338975189268,3680508609.209381
2024-10-25,382.60113605109876,387.35394519459066,372.2400179200554,379.1791076660156,19642277,-0.03156089819509378,-0.03206967699185384,7447941065.388702
2024-10-28,379.179076018814,386.40335111573523,378.1334522927471,383.931884765625,11716022,0.01253438547515029,0.012456480385008099,4498154408.415527
2024-10-29,388.7797233551699,393.8176886068476,384.4546793565885,391.77398681640625,20284308,0.02042576394916651,0.020219955838946025,7946864214.971924
2024-10-30,393.67511100921155,394.29297029479625,385.737915239143,388.304443359375,12264297,-0.008855982208581747,-0.0088954294879844,4762281019.779053
2024-10-31,391.1737068199442,392.7517856187659,385.91342469889355,390.3607482910156,12204072,0.005295599797547235,0.005281627415328427,4763990678.117432
2024-11-01,394.0429590454627,397.342602294981,392.46488021687617,393.4212951660156,2145479,0.007840303843045016,0.007809728370882541,844077126.931488
2024-11-04,395.8123256490677,396.2426948562084,376.5405705968591,383.4745788574219,13866505,-0.025282607806973,-0.02560770416112432,5317452165.099335
2024-11-05,382.56596123442426,386.48726817457043,379.8401729231357,385.5308532714844,6665326,0.005362218325369206,0.005347892820854804,2569688820.11261
2024-11-06,388.9739686048246,392.89524651723633,385.5786780480831,391.07806396484375,9700643,0.014388500028694517,0.01428596791406184,3793708683.654114
2024-11-07,392.9908688773398,392.9908688773398,384.4787822715085,386.2003173828125,7589295,-0.012472565023411097,-0.012551000338006239,2930988137.711792
2024-11-08,385.57867199119596,386.5829251770488,378.30991270833965,380.3183898925781,7536509,-0.015230250275543034,-0.015347421760303204,2866272968.290924
2024-11-11,380.7965723881851,383.4267132650421,374.72333216231317,375.4406433105469,12243693,-0.012825429197386384,-0.012908385074233125,4596779976.41684
2024-11-12,376.0145162971804,377.5925950623125,362.5290602190692,363.7245788574219,10549517,-0.03120616976845003,-0.03170345522807711,3837118627.9742126
2024-11-13,367.26331439859086,370.7064138085708,362.8159910382886,364.72882080078125,20602407,0.0027609955491982863,0.002757191002269487,7514291610.767761
2024-11-14,363.48544670313396,368.41100645791363,355.1646551434126,356.2645263671875,15086601,-0.023207089626232302,-0.023480614224094958,5374820759.755737
2024-11-18,363.4376523486218,363.4376523486218,346.84384843679027,350.71734619140625,16383636,-0.01557039717747255,-0.015692888972520743,5746025338.885986
2024-11-19,351.9606738534021,362.0030300367193,349.139238298341,350.71734619140625,17055094,0.0,0.0,5981517306.724976
2024-11-21,347.8481168816721,348.4697807400389,339.33600077299775,340.6271667480469,21276150,-0.028770118025050806,-0.029192091054114022,7247234693.8064575
2024-11-22,341.4879119448087,351.0998987399622,340.1967752418841,349.5218200683594,15949254,0.026112577588069064,0.025777465473964988,5574612286.812561
2024-11-25,357.69919127588247,360.7597307906633,351.48249410130165,352.34326171875,18388844,0.008072290450532593,0.008039883794454293,6479185274.197266
2024-11-26,353.8735216188755,354.25608175069976,344.54847611675643,345.887451171875,11222231,-0.01832250321854656,-0.01849243925042085,3881628877.052002
2024-11-27,347.9437280729496,355.4037817867321,345.60052908630234,353.2040100097656,14225274,0.021153004577361578,0.02093238552342943,5024423820.287659
2024-11-28,353.5866172182708,355.64290351471845,343.92682042598375,346.27001953125,16837860,-0.019631686736297005,-0.019826948062950107,5830446111.064453
2024-11-29,347.4177023397705,349.47398847758507,344.5006486544366,347.8002624511719,14280017,0.004419218625953736,0.004409482552674129,4966593660.407196
2024-12-02,347.80027329354465,348.03937701905755,341.4401200323953,342.58782958984375,12510350,-0.01498685718231707,-0.015100294936950049,4285893653.9093018
2024-12-03,343.3529443959696,353.8735081518349,342.5878241614385,351.4346618652344,14205760,0.025823545121209657,0.025495748645090847,4992396462.138672
2024-12-04,352.86929708143595,358.79905208425583,351.9606912307176,356.503662109375,22035954,0.01442373446386025,0.014320701966400682,7855898299.07373
2024-12-05,356.5036462781575,357.6513558083652,348.5175761980818,353.060546875,18758283,-0.009658008038410104,-0.009704949080532106,6622809654.416016
2024-12-06,353.3474851209766,355.0212111421716,352.00848095404825,353.3952941894531,9736086,0.0009481300513920488,0.0009476808600003552,3440686976.223816
2024-12-09,354.73426543105546,357.0296552555859,351.7215644621427,353.73004150390625,10878679,0.0009472319523124995,0.0009467836112264229,3848115574.1776733
2024-12-10,352.9170904805905,355.02121489014945,350.4304059567842,353.060546875,7913822,-0.0018926711060780477,-0.0018944644712267996,2794058323.1914062
2024-12-11,353.1562586000289,354.5908811806654,348.8045817804198,349.5697021484375,9998662,-0.009887382652807197,-0.009936587426944667,3495229297.2229004
2024-12-12,350.0478755226114,351.0042904830557,337.61448103683557,340.1011657714844,22538216,-0.027086261534566614,-0.02745985595189821,7665273536.0095215
2024-12-13,340.2445821791867,342.68342836662356,332.88017617453175,341.58355712890625,14269143,0.004358677671860489,0.004349206148574747,4874104623.121033
2024-12-16,341.583561990009,343.2572879978436,336.3711185066604,337.518798828125,12168143,-0.011899748146387834,-0.011971116894487755,4106977009.3288574
2024-12-17,336.6580752898099,338.4274488525484,332.1151041033707,333.8366394042969,15646176,-0.010909494335167969,-0.010969439246286537,5223266815.368164
2024-12-18,334.31482202899264,335.70163533141687,325.1810712612015,326.85479736328125,14672392,-0.020913947772401853,-0.021135742227002936,4795741713.994629
2024-12-19,322.3118063503156,325.7549056681087,320.4467857068336,322.6943664550781,14513129,-0.012728682405046765,-0.012810386144016236,4683304967.935822
2024-12-20,323.07692615688404,328.91106260649786,316.57331682163704,318.7252502441406,20375797,-0.012299924087735947,-0.012376194210445692,6494280997.74881
2024-12-23,321.25978280506445,323.50736382359423,316.0951478010285,319.10784912109375,8884187,0.0012004034090806748,0.0011996835009709134,2835013804.7595825
2024-12-24,320.4946171137976,322.16834307540165,317.29062157837683,320.6858825683594,7755462,0.004945141436075495,0.0049329543854432665,2487067176.1953735
2024-12-26,320.68590334762325,322.694380469183,317.7688495862276,320.0642395019531,9030212,-0.0019384796780810287,-0.0019403609614250283,2890247936.321411
2024-12-27,321.9770655408446,325.1810612465019,319.63386658257735,320.39898681640625,9090597,0.0010458753998072723,0.0010453288531778993,2912618068.356262
2024-12-30,320.3990325356618,322.12056790116384,313.13027252720946,316.9559326171875,36657549,-0.010746145714847999,-0.010804302555225015,11618827630.755249
2024-12-31,315.71257432810154,320.01644151443213,311.9825619374418,318.8209228515625,8580998,0.005884067917502955,0.005866824398169818,2735801701.347412
2025-01-01,318.4861852276626,320.0642640917474,314.46923067592985,319.10784912109375,7843971,0.0008999606015971384,0.0008995558798591353,2503072714.378235
2025-01-02,319.10783868790577,323.84210431284254,315.6169299966485,323.26824951171875,16543382,0.013037599676986478,0.01295334173170649,5347950140.143677
2025-01-03,323.3160637429851,329.48495187543693,322.35964878833937,325.0376281738281,8689629,0.00547340688354625,0.0054584822264695096,2824456399.870514
2025-01-06,326.80699486096626,326.80699486096626,312.2216671068363,313.22589111328125,10538077,-0.03633959897784522,-0.037016327534503804,3300798558.9453735
2025-01-07,312.7476843650352,315.9516802411307,310.93050182242604,314.2779541015625,13891401,0.0033587995696715556,0.0033531714014684087,4365761085.884399
2025-01-08,316.0951291262153,316.0951291262153,307.8221459563206,311.2174072265625,8993608,-0.009738344147457889,-0.009786071933335598,2798967363.3720703
2025-01-09,309.92626061553796,311.74347241591255,305.8614969764862,306.3875427246094,12403467,-0.015519262065045836,-0.01564094642198435,3800267775.3957825
2025-01-10,306.3874742902864,307.00913804697007,294.19318609683194,294.8148498535156,15941143,-0.03777142101856157,-0.03850324845194836,4699685680.038422
2025-01-13,287.97650852113605,296.4407855268462,283.9117455307492,285.2029113769531,29630336,-0.03260330502801456,-0.03314663500183416,8450658092.277344
2025-01-14,287.35487436210485,299.0709571310088,287.11577063212724,296.8711853027344,22732888,0.040912183783282874,0.040097428517648165,6748739405.914307
2025-01-15,298.92746449618426,310.1653395402132,298.92746449618426,307.34393310546875,21894626,0.03527707747067055,0.03466909859115076,6729180468.713257
2025-01-16,310.54792907295,313.03458445791597,307.6308461214071,311.31304931640625,14865186,0.012914249423545465,0.012831571558690585,4627726382.315552
2025-01-17,311.12176437417355,314.6605112824279,309.2567727772292,311.9347229003906,7129232,0.0019969403317641188,0.0019949490968972747,2223855008.4125977
2025-01-20,311.9825649552023,322.3118346273223,310.40445695497573,321.4032287597656,17991880,0.030354125925245334,0.02990255472979536,5782648323.458252
2025-01-21,323.0769455482693,323.5073439335889,309.68713678235576,310.16534423828125,12774630,-0.03496506418074652,-0.035590975376954874,3962247511.466675
2025-01-22,312.7476587176767,312.7476587176767,303.51826117099364,308.34814453125,11068145,-0.005858809634242124,-0.005876039791174191,3412841974.152832
2025-01-23,307.00920732274795,310.93051456218336,305.6223939324396,309.543701171875,6477347,0.0038772947456600093,0.003869797411721193,2005021964.154541
2025-01-24,310.6435725568771,315.5212947723958,308.06126963393336,309.543701171875,7492600,0.0,0.0,2319287135.4003906
2025-01-27,309.543705609439,310.8826807576572,301.27072178521195,308.15692138671875,13803855,-0.004480077546098249,-0.00449014316793604,4253753460.0686646
2025-01-28,308.44379146363167,309.7349573584143,294.7192324245786,304.3790283203125,22008929,-0.012259640476045663,-0.012335409774759103,6699056423.390747
2025-01-29,306.0528027723735,308.82640046000427,299.64481053933906,307.2483215332031,16056888,0.009426711257751741,0.009382557084055181,4933451887.046631
2025-01-30,308.2047163783212,312.55639270805517,307.15265410012586,308.9220275878906,10375720,0.005447405038164321,0.005432621590656079,3205288460.0842285
2025-01-31,310.801598331615,314.46431265936957,306.07858588906396,312.29559326171875,13195557,0.010920443906734079,0.010861246444284482,4120914301.7338257
2025-02-01,314.27150975849037,318.84991714153466,305.3074818061641,306.2231750488281,10097627,-0.01944445693091046,-0.019635987250931988,3092127400.398773
2025-02-03,298.8977139222155,302.7050034216489,293.0180691516064,300.00616455078125,15881217,-0.02030222074817023,-0.02051114339757822,4764463000.568665
2025-02-04,303.47613146376784,308.87383880225735,299.090481382122,307.5726013183594,12141064,0.025220937639424346,0.024908138279553044,3734258637.2526855
2025-02-05,309.4039543752667,311.37988686612516,306.89787284932413,308.0545349121094,12226722,0.0015668937729962362,0.0015656674757661805,3766497159.209656
2025-02-06,310.94617872687024,311.042572140228,300.15076356387993,301.50018310546875,13384442,-0.021276595744680882,-0.02150620522096362,4035411713.7645264
2025-02-07,302.17489325347316,307.7171759845975,300.8254737758793,305.5002746582031,8937447,0.01326729394169246,0.013180054174057267,2730392513.2431335
2025-02-10,305.06651564151196,305.403877860952,297.83745128981735,299.28326416015625,6806132,-0.020350261566875916,-0.020560180965729553,2036961401.2648926
2025-02-11,301.06642993195703,301.06642993195703,293.1626413860039,294.5602722167969,13241830,-0.015781009194125728,-0.015906855058838373,3900517049.4485474
2025-02-12,295.1386160988041,296.3916421695631,289.1625777264031,295.1867980957031,7616083,0.0021269870311808603,0.0021247281967061234,2248167154.801117
2025-02-13,295.09039540868093,297.4519014852526,292.1505877269499,295.62054443359375,9086906,0.0014693961270924039,0.0014683176209757869,2686276098.9368896
2025-02-14,295.76512812759324,297.1145476026962,287.57218845322853,289.49993896484375,7446248,-0.02070426289376137,-0.02092160126574217,2155688341.51709
2025-02-17,286.7529027530418,292.24700374831565,282.22267706113945,291.4277038574219,6464173,0.006658947492255596,0.006636874635218169,1883839094.7271423
2025-02-18,290.2710137796279,301.1146098985217,286.7528751440808,299.9579772949219,15793327,0.02927063324656798,0.028850428342401844,4737334421.677277
2025-02-19,299.958020274916,304.92197243758386,299.37968918268047,303.4279479980469,13079903,0.011568189432459297,0.011501789522940032,3968808127.3034973
2025-02-20,301.2592178844723,315.3318033640376,300.24716056995555,313.404052734375,22888146,0.032878002181896404,0.032349082661535765,7173237715.976074
2025-02-21,311.62085073319656,317.837857745525,309.93406907723096,314.46429443359375,10809296,0.003382986563091217,0.0033772771370323687,3399137639.963867
2025-02-24,310.4642189752304,313.64499548363744,307.90995548634135,308.5364685058594,6034113,-0.018850553250922997,-0.01903048978702676,1861743915.5852966
2025-02-25,308.5364923035202,309.88591185313413,304.34362882621184,307.18707275390625,10686112,-0.00437353729524359,-0.004383129186693427,3282635464.4003906
2025-02-27,303.95807843946125,307.7653681840605,303.1387785603244,304.2954406738281,7302366,-0.009413260962301884,-0.009457845715808719,2222076679.9315796
2025-02-28,302.65684486370907,304.2472332291687,295.4759620969059,300.198974609375,21127180,-0.013462134218580335,-0.013553570291166106,6342357772.387695
2025-03-03,300.0543393815916,306.3195282105659,296.5844121776538,303.0423583984375,9779703,0.009471663894796256,0.009427088931329116,2963664261.5562744
2025-03-04,300.0543568823976,303.5243137038591,296.8735802882221,302.4158630371094,8734999,-0.0020673524474899008,-0.0020694923703861974,2641602261.2132874
2025-03-05,302.22306216506746,315.47634638306437,302.17488017032963,314.4161071777344,10493615,0.03968126546044459,0.038914190661258535,3299361578.521881
2025-03-06,317.1149371129251,326.56090219704276,311.5244727839797,325.69342041015625,26294903,0.03586747935291679,0.03523921997286991,8564076897.423279
2025-03-07,323.71754346210963,326.51277610514757,316.825840565354,317.6451110839844,8992315,-0.02471130462517901,-0.025021753992268823,2856364897.077179
2025-03-10,317.54869969083074,322.8500133456684,314.5124692473141,317.50048828125,11383132,-0.0004552968003846969,-0.0004554004794439408,3614149968.169922
2025-03-11,315.1872346342649,321.211455479721,312.0064577939204,318.3680114746094,10299324,0.0027323523124502813,0.002728626223652302,3278975301.4127197
2025-03-12,319.04268846788625,322.70540243046605,314.60885670282795,318.223388671875,6984859,-0.00045426298347162053,-0.0004543661921578041,2222745500.375244
2025-03-13,320.0065801747548,322.46445027449965,316.58483483351966,319.9101867675781,8965150,0.005300672910131032,0.005286673791523063,2868042810.899353
2025-03-17,320.9223060788183,322.416301089109,318.56079973079386,319.66925048828125,4353561,-0.0007531372530875657,-0.0007534210034261387,1391699581.8250122
2025-03-18,319.66925048828125,319.66925048828125,319.66925048828125,319.66925048828125,0,0.0,0.0,0.0
2025-03-19,326.7537405717848,331.4767238592632,324.19947680137574,328.97064208984375,30582397,0.029096923108353545,0.028681643969474358,10060710777.736511
2025-03-20,332.2478015879448,332.2478015879448,328.00672706884234,329.40435791015625,15002119,0.0013184028141759452,0.0013175344843076341,4941763376.486755
2025-03-21,329.6453169284912,341.06724388053203,329.40434812956687,338.6093444824219,36406837,0.027944337563306387,0.0275610192278113,12327695211.248383
2025-03-24,344.10346036640385,354.70608799674125,340.874472432319,353.69403076171875,24588471,0.04454893677655125,0.04358515278537605,8696795418.25763
2025-03-25,355.66996323586284,358.0314693377659,350.9951624430956,353.69403076171875,23189083,0.0,0.0,8201840235.938049
2025-03-26,353.69403150382516,355.669963982115,340.5371109300999,341.8383483886719,18668095,-0.03351959982902275,-0.03409425972098342,6381470762.3628235
2025-03-27,341.1154843795667,351.28438708734166,338.3202517156566,347.62164306640625,37930538,0.0169182150130176,0.016776695949759706,13185475941.952759
2025-03-28,348.92286929746507,351.1397707893761,343.57337298451324,344.68182373046875,11327077,-0.008456951385434563,-0.008492914300090389,3904237557.895447
2025-04-01,339.62143671073017,349.79030842766747,338.17562389324314,339.42864990234375,18736320,-0.015240646493250631,-0.015357978819542022,6359643801.738281
2025-04-02,339.4286655573083,340.6817210393388,334.51289586810225,339.0431213378906,13593404,-0.001135816215172336,-0.0011364617432567978,4608750121.766968
2025-04-03,339.043112435892,348.29632053465394,339.043112435892,345.934814453125,10317410,0.020326892603038882,0.02012305889664629,3569151313.9868164
2025-04-04,345.886639967418,345.886639967418,335.958707225485,337.74188232421875,10872963,-0.02368345649702286,-0.023968417792185892,3672254990.0615845
2025-04-07,316.1511040680858,338.7057806094273,312.2956027989628,337.16357421875,18025165,-0.0017122783277248033,-0.0017137459518204927,6077429057.282715
2025-04-08,343.95890636745287,345.30832590316726,337.3563546855786,340.1997985839844,17506712,0.009005196875936816,0.008964891879453622,5955779896.267822
2025-04-09,341.2118728795044,341.98296139114177,335.6214076322809,336.7298583984375,7462119,-0.010199712639424874,-0.01025208614253543,2512718274.22229
2025-04-11,338.3202208316663,348.4409111984255,338.3202208316663,347.09149169921875,11246077,0.030771352888227632,0.030307408265370817,3903417641.694275
2025-04-15,353.74219297211744,355.1398237567266,348.48906144666773,349.4047546386719,17497327,0.006664706553676458,0.006642595584663436,6113649247.267609
2025-04-16,349.40481696162465,349.8867546401924,344.97098443577295,346.3204040527344,11541484,-0.008827443087107145,-0.00886663578082304,3997051402.248169
2025-04-17,346.27217856606285,352.2482167958886,344.3444280938788,350.8505859375,12288196,0.013080898011645248,0.012996081911725334,4311320766.714844
2025-04-21,352.58558145868125,354.8989057664617,348.7300801659012,351.3807373046875,7375594,0.0015110459792191389,0.0015099054979786591,2591641657.7800293
2025-04-22,353.79042439345767,353.79042439345767,346.7059643245008,347.236083984375,12077119,-0.011795334462852525,-0.011865451333760099,4193611507.373291
2025-04-23,349.83853596092564,351.09156202777655,344.97094826862974,350.6578063964844,9719205,0.009854167150045834,0.009805931467727964,3408115105.217743
2025-04-24,350.6096484697771,353.21212360591824,348.53732240995976,350.07952880859375,7491123,-0.0016491222420891294,-0.0016504835410118856,2622488810.087219
2025-04-25,350.0794914715451,352.5855435100142,338.41659543313096,343.5733337402344,9785640,-0.018584905808407437,-0.01875977518009659,3362084957.581787
2025-04-28,340.92270245913153,349.79033749417647,340.92270245913153,348.44091796875,5315840,0.014167526261499308,0.014068104798421542,1852256169.375
2025-04-29,350.8506069060777,351.1879691418999,341.3082473814952,344.0552978515625,9472828,-0.012586409606408,-0.012666289434400053,3259176659.036621
2025-04-30,344.1034493859214,347.9589502193771,339.2840733441018,341.741943359375,16739088,-0.006723786864010317,-0.006746493358562178,5720448463.183594
2025-05-02,341.74194852398716,345.0673298091527,335.04303337370203,336.1033020019531,8221620,-0.016499705309781953,-0.016637341518886132,2763313629.805298
2025-05-05,338.3202222723164,339.2840975494455,333.06709024590714,336.0069274902344,9492646,-0.00028674074650469894,-0.0002867818644928749,3189594816.2124634
2025-05-06,336.3924586579658,336.8743962778196,327.717581500597,329.4525451660156,8904223,-0.0195066880709156,-0.01969945445101466,2933518930.075775
2025-05-07,325.7898290319651,331.2839296308078,324.82595379814273,329.6935119628906,8465490,0.0007314157999707138,0.0007311484457912617,2791017128.586731
2025-05-08,328.7296475949423,330.7056095386746,326.1753840239116,327.71759033203125,14286109,-0.0059932075068610535,-0.0060112388548076625,4681809216.700745
2025-05-09,322.1271069630302,326.5127274026792,318.65715032384145,322.6572265625,11322011,-0.015441233302137647,-0.015561690761785103,3653128668.370117
2025-05-12,328.1031024359485,336.5852215926886,325.8862013079557,335.95867919921875,7978210,0.04122471632955116,0.04039763216765651,2680348893.973999
2025-05-13,336.0069111307284,337.16354375788575,328.19951588308135,329.16339111328125,14738980,-0.02022655911773008,-0.02043391681756999,4851532638.35083
2025-05-14,330.07908320594566,331.4285026405291,325.5488578736256,326.3199462890625,22485535,-0.008638399351160508,-0.008675926596016764,7337478573.480835
2025-05-15,327.2356617365541,331.3321317288379,320.633110101257,329.59716796875,43307763,0.010042970762150327,0.00999287525720182,14274116035.861816
2025-05-16,330.60920351790907,335.04303545394646,329.6453282889939,330.7055969238281,6920351,0.0033629808226482982,0.0033573386487845075,2288598808.377411
2025-05-19,330.7056165020665,335.139448700593,330.0308920358262,332.6815490722656,6218209,0.005974958291657284,0.005957179013510261,2068683402.5751038
2025-05-20,334.36831509882245,337.0671834217282,329.21157667831176,330.2236633300781,9986143,-0.007388103575451388,-0.007415530786222396,3297660723.9980164
2025-05-21,330.1754896316336,334.85029096577495,327.57304383370695,333.64544677734375,5930972,0.010362017708722915,0.01030870000624484,1978841802.763916
2025-05-22,333.6454242078947,334.4647240836346,326.03081533512795,329.0670166015625,8717514,-0.013722441651771278,-0.01381746465403225,2868646324.1623535
2025-05-23,329.64534660520286,332.4887904545491,327.862171449603,332.15142822265625,4045937,0.00937320200896452,0.00932954613586947,1343863753.0488892
2025-05-26,338.32022054747205,338.5130073679706,330.17546273119956,331.0911560058594,16655082,-0.0031921350525885295,-0.0031972407840369934,5514350352.75238
2025-05-27,331.5730780415313,332.05501565496377,324.6331646420489,326.3199462890625,24937330,-0.014410562258305837,-0.014515402837319493,8137548186.192627
2025-05-28,326.3681760793114,328.3923200527474,324.9223631575913,327.7657775878906,10985957,0.004430716893865094,0.004420930165268953,3600820738.65213
2025-05-29,328.68145269604605,329.88629673085563,325.8380090078405,327.091064453125,15884093,-0.002058522215867109,-0.002060643884892294,5195544887.242432
2025-05-30,325.3078777212993,328.44047209935627,320.825863955722,321.8379211425781,19143010,-0.01606018592812919,-0.016190548361618574,6160946542.811584
2025-06-02,321.83791951624323,322.7054013027558,318.3679629550567,320.53668212890625,29479727,-0.004043150070856316,-0.004051345700336442,9449333882.645935
2025-06-03,320.9704668868705,322.65724861975946,315.1872152312512,316.3920593261719,14081719,-0.012930260509365299,-0.013014583999594969,4455344073.262482
2025-06-04,317.1149577008293,318.0306509556864,313.1148812906702,317.3559265136719,15654279,0.003046432927402698,0.003041801953529133,4967978215.948517
2025-06-05,317.307767483912,319.62106237160947,315.7655610870669,316.7776184082031,16270360,-0.0018222697518895936,-0.0018239321052250248,5154085891.444092
2025-06-06,317.74148451257656,321.45241027433366,317.1631534536428,320.8258972167969,11402511,0.012779560718134686,0.012698591238629438,3658220822.0993958
2025-06-09,321.8379203864691,325.3560589505327,320.72946979986494,324.9223327636719,19416373,0.012768406735279347,0.012687577939478122,6308813208.969574
2025-06-10,326.5609290462194,328.5850729921332,324.63317851013755,326.9465026855469,12061248,0.006229703894645056,0.006210379504629266,3943382851.623047
2025-06-11,328.6814628326865,330.22366912783235,325.2597174343547,325.88623046875,10807496,-0.0032429532296194274,-0.0032482229986046814,3522014132.2460938
2025-06-12,325.93443011611674,329.30799370031605,320.63311591237493,321.64520263671875,11881618,-0.01301382947641272,-0.013099251274390383,3821665429.262085
2025-06-13,314.99442341652326,320.87406838955627,314.8016660134751,319.9584045410156,11711773,-0.005244281841841336,-0.005258081354693125,3747280203.426544
2025-06-16,320.0066028440516,322.5608665319174,318.6571832933999,321.64520263671875,8065112,0.005271929325072255,0.005258081354693097,2594104583.527832
2025-06-17,321.93431091547814,324.7295430613578,321.0668291343619,323.0909729003906,6796992,0.004494922516549371,0.0044848505229432975,2196046758.076172
2025-06-18,323.0909886526616,323.76568366414176,318.8017321158864,320.3921203613281,17835507,-0.008353227930928742,-0.008388311650844598,5714355905.44931
2025-06-19,320.39209614342155,321.11500251080975,316.68117090780174,318.1269836425781,11610604,-0.00706988897291061,-0.007094999058290176,3693646428.788452
2025-06-20,318.07881018595145,323.8620612802415,317.7896593972915,323.0909729003906,16592862,0.01560379820967861,0.015483310709134867,5361003926.781921
2025-06-23,321.6451991321458,323.57294973068394,318.41621099656646,320.5849304199219,8277787,-0.007756460844362101,-0.00778669864715223,2653733769.425934
2025-06-24,319.0427274750314,319.71745195780204,309.74133662049434,318.0306701660156,100814893,-0.007967499440976633,-0.00799940957364268,32062227983.505157
2025-06-25,319.52467593118274,321.64521345002527,317.50053182958595,318.8981628417969,17963666,0.002727701310469177,0.002723987884461541,5728580085.30365
2025-06-26,320.3921127882183,325.5970330207888,319.3318441779395,324.97052001953125,13754087,0.019041681280386857,0.018862657506478264,4469672804.7838745
2025-06-27,326.7055525018375,328.9706359788093,322.368113548272,326.0790100097656,50845169,0.0034110478395632526,0.003405243411590502,16579542371.299225
2025-06-30,323.6211187020816,325.0669315927834,321.59697477207146,322.80181884765625,11858890,-0.010050297815891951,-0.01010114301880194,3828071261.514282
2025-07-01,323.139194079957,323.139194079957,320.1511747691949,320.5849304199219,8903292,-0.00686764540437923,-0.006891336210085618,2854261246.328247
2025-07-02,320.6330907344818,323.524716436729,319.33185328544306,321.693359375,11326880,0.003457520456829455,0.003451556974928593,3643782078.4375
2025-07-03,322.5126647949219,324.19944648379163,319.0427080090765,322.5126647949219,15786429,0.0025468521374318875,0.002543614405711057,5091323284.385834
2025-07-04,323.5729748291448,323.8621256752981,320.247593022672,323.38018798828125,5899185,0.0026898887642474723,0.0026862774879702275,1907679554.277649
2025-07-07,323.38016648697067,326.75373007178257,321.6933846945647,325.2597351074219,9454556,0.0058121900751963995,0.005795364462753063,3075186380.118286
2025-07-08,325.9826256392108,331.4766969879898,324.82596355781595,330.802001953125,12092302,0.017039511035304544,0.01689596688727953,4000157709.8217773
2025-07-09,330.8501831542614,333.1152958993795,330.41642752099716,331.5730895996094,9079872,0.002330964268449698,0.002328251785555346,3010641212.2089844
2025-07-10,331.57310463457827,332.5369799387486,328.87426554895745,329.115234375,6426072,-0.007412710203887007,-0.007440320871376244,2114918192.390625
2025-07-11,328.1995309892771,331.5730944502535,327.2356557147124,330.320068359375,17234194,0.003660827146646728,0.0036541426278925535,5692800140.19873
2025-07-14,330.6573935770453,332.536962085322,327.6694038266501,329.7417297363281,11516965,-0.0017508431319942508,-0.0017523776492248896,3797623960.4127502
2025-07-15,330.75380594540684,331.6694992537534,328.63329791760736,329.6453552246094,8450777,-0.00029227271839638025,-0.0002923154383914685,2785759386.0889587
2025-07-16,329.6453459202335,331.3803096590212,328.4886838176156,330.0791015625,6001484,0.0013157969042065787,0.0013149320020672587,1980964446.7617188
2025-07-17,331.7658748818231,332.0550256925682,329.6453375525641,330.2718505859375,7562006,0.0005839479764853106,0.0005837775452111274,2497517715.761963
2025-07-18,330.60921158047955,331.476693424631,328.34409885426203,329.7417297363281,6370338,-0.0016051045484769544,-0.0016063941088869792,2100566271.125061
2025-07-21,329.7417579700267,330.41645305540845,327.0428893830773,329.21160888671875,4463318,-0.0016076850510649,-0.0016089787634505765,1469376099.7530518
2025-07-22,329.211590800268,330.2236774954491,327.76577787727143,328.5368957519531,4728372,-0.0020494815995318882,-0.002051584660893636,1553444658.840454
2025-07-23,329.4525351374317,331.5730723662942,328.63326474072926,330.6573791503906,5058422,0.00645432347433661,0.006433583522318745,1672604561.1566772
2025-07-24,331.18754358088205,331.18754358088205,324.3440233857043,326.6573181152344,9098453,-0.01209729855548436,-0.012171066403090427,2972076255.9775085
2025-07-25,326.6573407290538,327.6212160510133,320.5367265515827,321.16326904296875,7790739,-0.01681899889451577,-0.016962044446830485,2502099205.5005493
2025-07-28,321.4042093467202,324.44041045838185,318.416190230824,320.9222717285156,4605823,-0.0007503887825381916,-0.0007506704651237881,1478111180.339447
2025-07-29,320.0065832598592,323.38014663759867,316.6330198821197,322.5126647949219,7551356,0.004955695526646542,0.004943456486220629,2435407946.375122
2025-07-30,322.8981990124483,329.9344763592019,320.48851096011657,326.5609130859375,12537358,0.012552214945077633,0.012474088984980173,4094211076.165283
2025-07-31,323.91025660237716,327.8139689007444,320.97044894119296,322.17529296875,8935384,-0.013429715380644414,-0.013520709610992793,2878759957.9882812
2025-08-01,320.9704942326019,322.65727610919964,318.2716549961021,318.94635009765625,7107542,-0.010022316861544533,-0.01007287839197097,2266924579.065796
2025-08-04,318.9462926932358,321.2595872531914,315.3799721593856,320.0065612792969,8193399,0.0033241050769698965,0.003318592452672086,2621941439.1792297
2025-08-05,320.44037733663066,322.27173464982457,319.3318971331196,321.548828125,9855535,0.004819485074110785,0.004807908536321483,3169035729.794922
2025-08-06,321.54880979339475,323.28377358800617,319.6210591704309,320.1029968261719,13872826,-0.004496459549422016,-0.00450659902958645,4440733177.048035
2025-08-07,320.10300353750125,320.4403657866211,316.7776218771121,317.837890625,8731389,-0.007076179303631802,-0.007101334197668483,2775166261.986328
2025-08-08,318.07881931478715,325.3078833901232,317.74145710824405,322.6572265625,11247218,0.015162874155825845,0.015049066768871818,3628996166.423828
2025-08-11,322.8982022000437,326.8500965279076,321.8861449741285,324.00665283203125,11993280,0.004182228564683532,0.004173507354407303,3885902509.2773438
2025-08-12,324.1030997459979,329.5008078106698,323.62116205120833,327.81402587890625,7221182,0.011750910092728217,0.011682404296762431,2367204743.024292
2025-08-13,328.0067664306317,330.609241614646,326.8983156726779,327.66943359375,5417151,-0.0004410802276338943,-0.00044117753213127763,1775034799.8618164
2025-08-14,327.6693954728611,328.1513330867849,324.1512273591071,327.091064453125,5689423,-0.0017650994610076687,-0.001766659084591998,1860959425.1940918
2025-08-18,329.1152284004567,329.45256121868067,323.3319766804204,323.9102783203125,6511340,-0.009724466604217885,-0.009772058014974895,2109089951.6381836
2025-08-19,326.6573369625966,328.3441187565767,322.0789292360793,322.9464111328125,10316115,-0.002975722760321986,-0.002980159026212571,3331552316.083374
2025-08-20,325.5970671663213,330.9947747723254,324.34404103240075,329.6453552246094,10824544,0.02074320649143835,0.0205309957865723,3568260652.024414
2025-08-21,329.98268776933094,331.9104382111963,324.7295560491929,326.5609130859375,11135121,-0.009356849989802685,-0.009400900307477986,3636295281.0823975
2025-08-22,326.27177112251076,326.65731533829853,323.38014538139544,324.8259582519531,8534844,-0.00531280617018548,-0.005326969311174138,2772338880.8309326
2025-08-25,324.8741458119554,329.0670090914061,324.8741458119554,325.645263671875,7142387,0.0025222904731228013,0.0025191148373038185,2325884497.8615723
2025-08-26,324.00668359366506,325.2115277461145,319.76563806007124,321.16326904296875,13113388,-0.013763426430247083,-0.013859020532206723,4211538558.308838
2025-08-28,319.28367017065307,320.8740584182869,316.82580009841325,318.84991455078125,10486948,-0.0072030481539219204,-0.007229115356245282,3343762473.6984863
2025-08-29,319.04269693970775,319.524634548378,315.18719607034575,315.7173156738281,11813425,-0.009824681563319726,-0.009873262201985797,3729702829.914093
2025-09-01,316.1510955044204,319.62105243566754,316.1510955044204,318.7535705566406,6897558,0.009617004617983316,0.009571055588865902,2198621240.621521
2025-09-02,319.139111306881,326.0308136805144,319.139111306881,324.1512451171875,9224639,0.01693369128735056,0.016791914633367214,2990178217.6065674
2025-09-03,324.34401221835265,325.7898250514211,321.4523865522158,322.17529296875,10778333,-0.006095772199558147,-0.006114427268917822,3472512591.989746
2025-09-04,324.7067646668845,326.0698455924642,320.6174921772097,321.34771728515625,7934237,-0.002568712442123977,-0.0025720172445336253,2549648948.3494263
2025-09-05,321.3477065754627,323.05156510388605,317.3558332220759,320.0333251953125,5678244,-0.004090248721690393,-0.004098636669334369,1817227308.590332
2025-09-08,320.08199625494126,322.2240017272205,317.74528192068607,318.0860595703125,5239184,-0.006084571423340401,-0.006103157860063823,1666511393.9238281
2025-09-09,318.96231290195976,319.49779939538104,315.11644902506,315.5545959472656,9735495,-0.007958423662031922,-0.007990260944515918,3072080191.0716248
2025-09-10,316.9176816311353,319.4004349937631,316.5769039878698,317.063720703125,6509477,0.004782452150091876,0.004771052556699714,2063918997.451416
2025-09-11,317.8426598818364,324.70676399720276,317.4045129327979,322.32135009765625,10309925,0.016582248460567772,0.016446264202591262,3323108945.4055786
2025-09-12,323.246301779367,324.7067519380087,319.74121545604,322.9542236328125,5257048,0.001963486238080403,0.0019615611185287733,1697785855.4404297
2025-09-15,322.2726868602519,324.99884876120643,321.9319091943985,322.37005615234375,6566824,-0.0018088244021013944,-0.0018104623003717933,2116947421.6225586
2025-09-16,322.4674162687391,326.9461064481625,322.4674162687391,326.21588134765625,8784889,0.011929846218394102,0.011859246543815653,2865770307.6763306
2025-09-17,326.6540093104016,328.5526063465595,325.72904568500496,327.5302734375,7936518,0.0040292093824916275,0.0040211138567938605,2599449910.6816406
2025-09-18,328.1144962068359,328.69868226136424,325.2909649417087,328.0658264160156,6497322,0.0016351251226180974,0.0016337897609921752,2131549311.4209595
2025-09-19,328.0658186662319,330.54857219815693,327.579001917781,329.7209777832031,10646331,0.005045180673858507,0.005032496394939712,3510318667.1236267
2025-09-22,330.20780074061804,331.3761728440439,327.9684555408116,330.2565002441406,6966213,0.0016241686062499205,0.0016228510708260193,2300637125.3352356
2025-09-23,330.499911702105,335.0273016474207,329.1855005017392,333.956298828125,10738268,0.01120280321885958,0.011140516577162893,3586112237.104492
2025-09-24,334.2483558414516,341.1611593688305,333.2260525908467,338.43499755859375,14653575,0.013411032360176378,0.013321900481741632,4959282619.34967
2025-09-25,340.09014866507107,341.5505988248918,331.03536955935664,331.5221862792969,13228081,-0.020425816860444646,-0.020637308743493246,4385402333.399628
2025-09-26,331.5222062123097,331.76561458691486,327.5790024288797,328.9907531738281,6337702,-0.007635787920800219,-0.00766508980667933,2085045354.3712769
2025-09-29,330.1590993749751,334.68648884512965,329.08809666808384,331.9603271484375,16922231,0.009026314405378821,0.008985820719587903,5617509338.841431
2025-09-30,332.10636652454434,334.00493387161475,330.2077694645398,331.4735107421875,8308029,-0.0014664897171050573,-0.0014675660655815931,2753891539.9779053
2025-10-01,331.3274478630151,334.00493982395403,329.1367726222469,331.2787780761719,6022078,-0.000587475800342574,-0.000587648431865107,1994986641.319397
2025-10-03,331.2787769830715,334.44308565374007,329.8183268273783,332.9826354980469,8506827,0.005143273685594307,0.005130092231390697,2832625674.1859436
2025-10-06,331.61956887075905,332.78791121772986,326.8000712648142,330.15911865234375,8436245,-0.008479471734254118,-0.008515626984729529,2785303213.9352417
2025-10-07,330.159137596503,332.3984828413899,327.9684621431815,329.088134765625,16130172,-0.0032438416091318256,-0.003249114268860728,5308248216.928711
2025-10-08,330.3051546275822,330.3051546275822,323.5383901273404,324.99884033203125,13223442,-0.012426137564960027,-0.01250398760147423,4297603315.197876
2025-10-09,324.99881520760243,327.53026797595663,322.4673921521814,326.9947814941406,6824759,0.006141379335600883,0.006122597922159783,2231660577.9551697
2025-10-10,327.140830577588,332.9339613375731,327.09216079154476,330.7432861328125,8970962,0.01146349988077433,0.011398291834464417,2967085451.652588
2025-10-13,329.03942642997407,333.07999918352846,327.33556794364944,332.6905517578125,6663149,0.005887543924982586,0.005870280066257758,2216766717.2545166
2025-10-14,332.9826573309678,333.9562908319356,326.36196140956173,327.7737121582031,7545848,-0.014779017839943509,-0.014889315601540496,2473330610.3415527
2025-10-15,328.06583054248426,332.7392596116203,327.8710919508797,330.30517578125,8121744,0.007723205153880697,0.007693533878599495,2682654079.5703125
2025-10-16,331.23010750751433,333.5668218162314,330.6945912888298,332.4958190917969,6788416,0.0066321797875721344,0.006610283642666383,2257119938.2558594
2025-10-17,332.49581940502713,335.12464157539443,331.1814083198435,332.0090026855469,7032129,-0.0014641279026597065,-0.0014652007852701632,2334730136.046112
2025-10-20,332.3984437520054,335.36804351171804,331.3274410470751,332.9339599609375,6896835,0.0027859403447161313,0.0027820668055455774,2296190587.7471924
2025-10-21,333.90759914849303,334.44308565374007,332.0576718476007,332.9826354980469,346988,0.0001462017786202363,0.00014619109218177198,115540978.72619629
2025-10-23,334.735181602865,336.09829225769107,332.05768950835625,333.6155090332031,8710859,0.0019006202356757207,0.0018988163423513769,2906077659.4014587
2025-10-24,333.4207964133735,334.1996913105691,329.23415463037406,330.64593505859375,7584711,-0.008901186827959595,-0.008941039055772532,2507853860.7442017
2025-10-27,331.7169240706307,333.85889980555856,331.47351571123426,332.7392272949219,6752390,0.006330917801717906,0.006310961724182849,2246785030.9939575
2025-10-28,333.3721030511047,333.8589197990511,328.4065662794642,330.2077941894531,13186584,-0.007607858941215295,-0.007636946322424842,4354312815.533936
2025-10-29,330.3051401920456,340.77169953490335,330.2077709067345,338.3376159667969,15423201,0.024620320659903383,0.024322125099969078,5218249056.916718
2025-10-30,339.7980550625007,339.7980550625007,334.39440160212416,336.049560546875,6721032,-0.006762639777382673,-0.006785610044094431,2258599850.0214844
2025-10-31,335.9035643660486,335.9035643660486,326.75141522156105,328.0658264160156,18651312,-0.023757609198675755,-0.024044372172241483,6118858085.022949
2025-11-03,327.9684276976862,328.60128348625807,324.6093804702085,326.3619384765625,10242245,-0.005193737970417112,-0.005207272310352291,3342678932.55188
2025-11-04,326.55663768143194,327.14082366627986,321.00694510771046,321.8832092285156,11887651,-0.013723197223773465,-0.013818230738878456,3826435254.068573
2025-11-06,323.29496808757773,324.17126194368166,316.0414168721309,318.037353515625,11587302,-0.01194798486727,-0.012019935724592692,3685194862.4663086
2025-11-07,318.5283289460286,321.1794707235281,315.04259620636043,320.19757080078125,8578167,0.006792338262398889,0.006769374260396288,2746708235.3234253
2025-11-10,320.19755509731823,322.3086338346486,318.1355593676349,319.559326171875,5246998,-0.001993283794471279,-0.0019952730284587324,1676727145.3051758
2025-11-11,320.0502674312487,321.52311720320074,317.00637190950687,320.7375793457031,6103758,0.0036871187204670086,0.0036803379607703588,1957704565.8319702
2025-11-12,321.5722171004597,322.30864202511725,319.6575003102673,321.2285461425781,6850550,0.0015307429764748193,0.0015295725836729467,2200592216.7770386
2025-11-13,321.22855805298707,323.9778958527718,319.6575121624255,321.0321960449219,7276001,-0.0006112473502560833,-0.0006114342380780187,2335830579.4550476
2025-11-14,321.0812685537484,323.92877228182584,320.2957606167639,322.5050354003906,9169855,0.004587824441329991,0.00457733245280657,2957324411.391449
2025-11-17,323.0450662911643,325.4507330262238,322.60319935118787,324.2233581542969,6283156,0.005328049379982325,0.005313905542019298,2037145938.1273193
2025-11-18,323.0941513705254,323.78149328929214,321.2285475462821,322.5050354003906,6776200,-0.005299811721426018,-0.005313905542019358,2185358620.880127
2025-11-19,322.99597779312717,322.99597779312717,319.16654428563004,320.6885070800781,6935056,-0.0056325580096983074,-0.005648480682967474,2223992755.1567383
2025-11-20,322.063160920233,324.0269606819417,320.29575312077765,320.6885070800781,5155775,0.0,0.0,1653397787.5907898
2025-11-21,320.93397130137885,322.4559040796471,319.117450589597,320.7375793457031,6142545,0.0001530215911751398,0.00015300988456568436,1970145014.322052
2025-11-24,320.7867253718314,321.1794793584478,316.2208666361393,317.5955505371094,13719726,-0.009796260279208324,-0.009844559329173361,4357323932.188293
2025-11-25,317.59552844775567,319.70660719854686,316.66271157486347,317.84100341796875,8074651,0.0007728473539514447,0.0007725488612181684,2566455176.089905
2025-11-26,318.4301329607124,321.86678269032626,318.1355749699714,320.19757080078125,7101095,0.00741429632259738,0.007386945535643568,2273753369.0255737
2025-11-27,321.2285347987564,322.7995805755875,319.11745608232985,321.4249267578125,6755179,0.003833120763414133,0.0038257930753270884,2171282915.310913
2025-11-28,322.06316208278236,322.21044107240084,318.3810375162871,320.5412292480469,8930988,-0.002749312315878605,-0.002753098616391125,2862749871.9195557
2025-12-01,321.179443359375,322.3086221812875,319.55931461791755,321.179443359375,6936186,0.0019910515499841352,0.0019890720339569216,2227760358.51709
2025-12-02,321.52313434011546,323.97788409087156,320.835792423821,322.6523132324219,5806943,0.004585816133316101,0.004575333314480909,1873623591.7588196
2025-12-03,323.0450661313389,323.0450661313389,315.484424937927,317.1045837402344,8546132,-0.017194141385842854,-0.01734367720701452,2710017630.4490967
2025-12-04,317.0554707662575,318.43012462909417,315.2880629376399,317.1045837402344,5965357,0.0,0.0,1891642048.3468933
2025-12-05,316.41722880651815,318.2828325411183,315.14077097895114,317.4482116699219,6574010,0.0010836422660134293,0.0010830555495553314,2086907718.000183
2025-12-08,317.3500520266732,317.3500520266732,312.09688169508877,313.7170104980469,7906928,-0.011753731899282638,-0.011823353082932838,2480537814.383301
2025-12-09,311.70411532889455,315.58260170700606,309.83848166590883,314.0606689453125,7152584,0.0010954409093726358,0.0010948413517929921,2246345315.727539
2025-12-10,314.0606669946609,317.84098733772913,313.7169960607083,315.77899169921875,5484712,0.005471308329300761,0.005456395093760576,1731956825.1206055
2025-12-11,315.82807794013553,317.5955156334812,313.37332833704846,316.7608947753906,6317942,0.003109462953466924,0.003104638571774386,2001276961.059021
2025-12-12,317.0554557382619,320.050268261456,317.0554557382619,319.1665344238281,4261023,0.007594496947431972,0.007565803936576445,1359975944.0102234
2025-12-15,317.2027224952664,319.4119970737621,315.7298727762693,318.0864562988281,10219819,-0.003384058190655237,-0.003389797066358082,3250786009.7254333
2025-12-16,316.2208633208038,317.93918821379265,313.2751635042515,315.18988037109375,5241263,-0.009106253568410883,-0.009147968935695033,1651993057.96344
2025-12-17,314.2079584143969,316.56451210946364,313.7660914867942,315.4353332519531,5043027,0.0007787460706871752,0.0007784430052963182,1590748902.3435974
2025-12-18,316.1717569539835,316.3190359408899,311.26225762239994,312.735107421875,5554193,-0.008560315048540601,-0.008597164994208912,1736991144.4968262
2025-12-19,313.17698480349634,314.79711364396724,311.753217963721,314.1097717285156,10833662,0.004395618764944764,0.0043859862497090335,3402959097.803894
2025-12-22,314.1588997474406,317.7919115689627,313.71703278560295,314.89532470703125,8925871,0.002500886789331025,0.002497764776082269,2810715046.8380737
2025-12-23,315.23894766047425,318.8719892391196,314.4534397346514,317.3991394042969,6024641,0.007951260310374852,0.007919815613447716,1912215868.6198425
2025-12-24,318.03736281353645,320.737587463793,316.4172340164237,316.7117919921875,5678004,-0.0021655616754330254,-0.0021679098948732657,1798290821.7788086
2025-12-26,316.71180181921807,319.85389349582005,316.46632684339625,318.2337646484375,4174183,0.0048055446457375695,0.004794034875148599,1328365970.4215088
2025-12-29,318.23377503863554,319.9029869495987,317.2027621273976,319.6084289550781,14043845,0.004319668304710644,0.004310365318500698,4488531236.938629
2025-12-30,319.1174830972158,319.65751608252776,317.4973541760716,319.019287109375,8035909,-0.0018433238686140774,-0.0018450248807219392,2563609960.4558105
2025-12-31,318.8719757222494,324.66517883393897,318.82289271591856,323.5850830078125,8497983,0.014311974488464552,0.014210524997547044,2749820534.4539795
2026-01-01,323.83057185522665,330.8020670698365,323.6342098562783,330.2129211425781,10357315,0.02048252061917699,0.020275574869408355,3420119241.3438416
2026-01-02,330.70387284694124,346.61066314150077,329.86928190785943,345.7269592285156,23128940,0.0469819231550872,0.045911666366941994,7996298096.378784
2026-01-05,344.0086448916721,348.3780815810187,342.09392805086566,344.2541198730469,18248271,-0.004260122955859091,-0.004269223134107015,6282042472.309845
2026-01-06,343.5667660613468,347.690757591952,339.8846414680231,344.4504699707031,8641743,0.0005703638281182588,0.0005702012324928838,2976652437.716034
2026-01-07,343.2231090921107,344.9905469480506,340.0319343145277,342.5357971191406,7165806,-0.005558630393871611,-0.005574137070419415,2454545070.2111206
2026-01-08,340.47379156724156,343.46857428708546,336.00615899202387,338.16632080078125,8805975,-0.01275626184214429,-0.012838321547212038,2977884166.8136597
2026-01-09,338.16631862243713,338.16631862243713,328.34731964986224,329.9183654785156,10161744,-0.024390232897038344,-0.024692601309835867,3352545970.8911133
2026-01-12,330.65479065367214,334.4841942628559,327.6600079508352,331.3421325683594,9406174,0.004315513286987649,0.004306228163320823,3116661752.469055
2026-01-13,331.3421290941072,333.10953690590406,328.9855453914359,331.7839660644531,5583379,0.001333466084342927,0.0013325778080137667,1852475628.6609802
2026-01-14,332.7658593577418,344.15590382251236,331.3421225278992,342.78125,20389924,0.033145917405214664,0.03260843612039946,6989283636.125
2026-01-15,342.78125,342.78125,342.78125,342.78125,0,0.0,0.0,0.0
2026-01-16,346.2669813321414,347.641635149834,339.14820731227024,340.0810241699219,14275582,-0.007877402366897601,-0.007908593009732883,4854854547.181702
2026-01-19,337.2826244547877,341.6520911099357,335.8588575765374,337.1353454589844,9974363,-0.008661696776900096,-0.008699427304011114,3362710315.738312
2026-01-20,336.79166588589715,341.9957233726868,331.58760839910747,332.61859130859375,7718407,-0.013397450641793096,-0.013488006202250687,2567285663.486389
2026-01-21,332.66765453744244,335.4169920746112,330.7038548531241,332.5694885253906,6948955,-0.00014762489074937601,-0.00014763578837608088,2311010410.135956
2026-01-22,332.56949297428673,336.9880423231114,330.99844721277464,336.2516174316406,5885972,0.011071758033415868,0.011010914802865748,1979167605.1573486
2026-01-23,337.7244872641264,339.19733713450603,330.0165669494317,330.605712890625,10084314,-0.016790713407240143,-0.016933275501566127,3333931818.98291
2026-01-27,334.3369154228415,340.2283148135524,330.94934878710006,338.4609069824219,12203590,0.02376000711879911,0.023482131100785418,4130438139.841614
2026-01-28,338.4609034869478,346.8561355459258,338.4609034869478,341.750244140625,13566973,0.009718514281396695,0.009671593278168975,4636516334.999268
2026-01-29,343.6649716054019,353.97492075356394,341.01382983836294,351.6674499511719,20624409,0.02901886971722578,0.02860579460138995,7252933319.779999
2026-01-30,352.5020656800002,352.845736639582,344.74506242827283,349.5563659667969,22641103,-0.00600306904909198,-0.0060211599048688,7914341686.159943
2026-02-02,338.7063529524824,346.3651595184747,331.63666230294774,344.00860595703125,12622760,-0.01587085960921275,-0.015998150306589902,4342338070.930176
2026-02-03,359.3262947032176,359.3262947032176,347.3961864708703,352.0602111816406,11559806,0.02340524360490881,0.023135541085820867,4069747741.5787964
2026-02-04,352.9439152761472,361.8791799948705,351.12739454924434,360.60272216796875,15515053,0.024264346594738306,0.023974644273511595,5594770346.38031
2026-02-05,363.0574940569719,363.9903109635528,358.39346945448204,360.3572692871094,18789794,-0.0006806739543830931,-0.0006809057180754878,6771038856.307312
2026-02-06,357.9334447872593,362.03911804484557,357.1420064340637,361.1487121582031,7328789,0.0021962728063165127,0.0021938645247142788,2646782709.0292053
2026-02-09,362.6326786968706,364.6607885211468,357.1420034625941,358.0323791503906,7983235,-0.008628946754896338,-0.008666391678391155,2858256620.3666687
2026-02-10,358.03237774559113,364.21558415246943,357.38933031756335,362.97894287109375,8319282,0.013815967517913696,0.013721397097707406,3019724185.8065186
2026-02-11,365.05650021493585,365.05650021493585,362.08856118879817,364.51239013671875,5782448,0.0042246176968165905,0.004215719052916752,2107773941.321289
2026-02-12,366.0458119192337,368.024437929608,362.92948199118166,364.31451416015625,6763353,-0.0005428511675235059,-0.0005429985645640643,2463987662.2886353
2026-02-13,363.6219982726669,364.0672012202996,358.5270421199639,359.1206359863281,7111972,-0.01425657768755495,-0.014359179021256451,2554055907.756958
2026-02-16,358.72489167178406,365.699536086429,358.62595433574904,365.1554260253906,6292850,0.01680435328503993,0.01666472224216406,2297868322.6638794
2026-02-17,364.8091562013766,365.551140925854,362.1379991166838,364.462890625,4442793,-0.0018965496636011991,-0.0018983503910540152,1619233179.2285156
2026-02-18,364.51237438815997,366.7383285615921,363.4735776590302,364.462890625,4871319,0.0,0.0,1775415003.8964844
2026-02-19,363.07785864076794,366.9361731711429,358.3291684789889,359.3184814453125,5375352,-0.014115042469387218,-0.014215607119109132,1931463317.8740234
2026-02-20,358.92274335746885,369.656795416868,358.82383621088445,368.96429443359375,16736731,0.026844744944602317,0.026490746144283088,6175256144.539856
2026-02-23,370.00307557353455,372.47635816426674,368.1728404181052,371.4375915527344,16135451,0.0067033508565848,0.006680983302965468,5993313058.057159
2026-02-24,370.94291667388126,380.88550011991754,369.5578543384779,378.6595458984375,20774629,0.019443251060058175,0.01925664598144315,7866511583.348511
2026-02-25,378.659543189351,384.39754639820626,378.6100896169131,380.78656005859375,12750016,0.005617220490532038,0.005601502740088738,4855034733.332031
2026-02-26,380.8855104150926,381.72643251533543,374.356038483975,377.8186340332031,10721570,-0.007794198474163405,-0.007824731998805233,4050808932.0913696
2026-02-27,376.9282583588319,381.0833850944805,376.08733625858906,377.8186340332031,11548959,0.0,0.0,4363411913.885468
2026-03-02,361.09924028970323,374.9001685362541,361.09924028970323,373.5151062011719,14732253,-0.011390459454292179,-0.011455827593728563,5502719043.877533
2026-03-04,366.78779749842613,369.8546738596943,360.2088720374161,361.89068603515625,11433169,-0.031121686842177754,-0.03161625479366509,4137557372.9658813
2026-03-05,363.0284155353574,375.84000070375265,362.6821499488739,374.009765625,16158714,0.03348823293193681,0.03293971442604144,6043516835.941406
2026-03-06,372.9709989198574,381.4296129461071,370.64610734453646,376.53253173828125,14940896,0.006745187813653741,0.006722540816129021,5625733397.318359
2026-03-09,369.01373676287375,374.9496145660299,367.4308299770783,372.22900390625,11286578,-0.011429365245451129,-0.011495182420010961,4201191686.4501953
2026-03-10,380.885514106757,381.3307170439763,370.8439929549573,373.2677917480469,10875834,0.002790722460892736,0.002786835624674061,4059598540.5983276
2026-03-11,373.4656512161283,379.79724827130656,372.42688466018114,375.8399963378906,9963701,0.006891043499354321,0.006867408775582213,3744757347.351837
2026-03-12,374.9496368130693,388.20642532173457,371.63543213804354,386.3761901855469,23847146,0.028033721664322053,0.02764796967037153,9213969418.278503
2026-03-13,387.6623104086712,390.2839838563644,379.10475887951236,380.3414001464844,27107369,-0.015618949076972033,-0.01574221001760647,10310054679.747406
2026-03-16,380.3908568408736,384.1007806722215,371.4375860711289,378.31329345703125,16793109,-0.005332332185431388,-0.0053465998111146,6353056373.172913
2026-03-17,378.80794038547214,381.7758793754728,374.257094562517,379.2531433105469,9720902,0.0024843162261818375,0.00248123541404544,3686682639.3137817
2026-03-18,380.88552134827546,382.22109999388823,373.5646108723365,374.4549865722656,10681498,-0.012651593857331167,-0.0127323067580686,3999740190.161682
2026-03-19,369.5084106709135,376.68093002128603,369.1126915036632,370.0525207519531,10568326,-0.011756996109498652,-0.01182665612157036,3910835676.428406
2026-03-20,371.83331215454035,379.2036761883169,371.48704655222275,376.8788146972656,20930288,0.018446824605981238,0.018278745803822206,7888182132.712402
2026-03-23,373.06994932918553,375.44429456084805,365.35328958698534,368.420166015625,13148432,-0.02244394843057229,-0.022699647007586705,4844147500.285156
2026-03-24,373.9603280410193,374.10871895830354,367.0351367810004,371.5364990234375,9339144,0.0084586385200216,0.008423064700500155,3469832865.635742
2026-03-25,371.9817033244563,376.87881495277634,371.58598414644126,374.3560485839844,9266292,0.007588889834398316,0.007560239070301297,3468892458.1453857
2026-03-27,375.8400174268992,375.8400174268992,370.64612397285276,371.63543701171875,20263654,-0.007267443874772295,-0.0072939803916068045,7530691909.744263
2026-03-30,370.0030780228232,373.91087661862343,365.69956024817384,366.6888732910156,17974103,-0.01331025846318079,-0.013399633912882949,6590903577.486664
2026-04-01,377.2250466508289,377.81864050772765,357.58720713825926,360.75299072265625,15449629,-0.016187790251406042,-0.016320243894298522,5573499867.305481
2026-04-02,356.1032390273179,357.438787471427,348.23818832243774,355.8064270019531,16551512,-0.013711774671068544,-0.013806649318197972,5889134346.199951
2026-04-06,354.9654968921836,362.83054741998933,351.89865070585967,362.1875,11534034,0.017934113927660533,0.01777519494115933,4177482939.375
2026-04-07,360.9508595127945,365.8479408215277,358.3786396358509,364.9081115722656,12603971,0.007511610898403687,0.0074835392372116704,4599291255.9216
2026-04-08,369.5084113183961,371.53649092375616,364.3145179866114,370.1514587402344,19491331,0.014368952077762565,0.014266697053553344,7214744602.438751
2026-04-09,372.92154904467407,380.0940683257955,372.47634611616763,374.6033630371094,18503665,0.01202725044506514,0.011955497819998146,6931535137.512054
2026-04-10,377.12613810217323,380.34140544105884,368.07389974877594,376.08734130859375,14953758,0.003961465426933097,0.003953639484094733,5623919088.792114
2026-04-13,370.34934272243123,383.853459685983,370.34934272243123,382.1221618652344,15240045,0.01604632725909494,0.015918945812706396,5823558942.323456
2026-04-15,386.07940524459264,389.739875487484,382.9630752764215,388.404296875,7722460,0.01644012213031809,0.0163064464292729,2999436646.4453125
2026-04-16,392.75725725678825,393.004585504431,383.65556566695807,386.6235046386719,9896906,-0.004584893243086974,-0.004595436103715176,3826376482.7994995
2026-04-17,388.80002186472785,392.01528922111555,384.2986596423602,389.39361572265625,15320653,0.0071648801760597625,0.007139334371265865,5965764466.902161
2026-04-20,388.8000169303549,396.5661301770477,386.4751252946467,393.74658203125,9895187,0.011178833275207412,0.011116811908152108,3896196059.8100586
2026-04-21,394.3401654598922,398.3963547737153,391.4711638154834,391.9658203125,9493644,-0.004522608703200537,-0.004532866638043226,3721183958.2148438
2026-04-22,393.7465643823424,402.8977094088164,388.99787417490865,401.0674743652344,16411131,0.023220529906097243,0.022955035492953028,6581970861.647003
2026-04-23,399.68246970167803,401.5621584466409,396.1209367056527,397.951171875,9144699,-0.007770020481382867,-0.007800364374503467,3639143683.4941406
2026-04-24,400.42445221194913,400.91910873104973,394.93377692650745,397.5554504394531,6266676,-0.0009943969600149094,-0.0009948917006782202,2491351199.9381104
2026-04-27,399.58350279715404,409.97128898871665,398.2974080119159,405.8161926269531,13001752,0.020778842746008497,0.02056590724352872,5276321494.119873
2026-04-28,409.5755963191683,409.7734710026609,401.6116384673152,402.50201416015625,7726655,-0.008166698438875297,-0.008200228599158645,3109994200.220642
2026-04-29,405.12367011265115,405.6183266085152,395.3789311058422,397.01129150390625,11920835,-0.013641478708390387,-0.013735378612656455,4732706099.154968
2026-04-30,395.72519943082784,396.0219812538263,388.9483993522876,394.88427734375,7706357,-0.005357565907254114,-0.005371969130658984,3043119214.897949
2026-05-01,394.88427734375,394.88427734375,394.88427734375,394.88427734375,0,0.0,0.0,0.0
2026-05-04,395.7252046291212,400.47389500809584,393.004593847296,395.774658203125,6333200,0.0022547893407260933,0.0022522511179629313,2506520065.3320312
2026-05-05,394.0433523347002,396.219852992005,390.33342861754664,394.3896179199219,6791514,-0.003499567884137411,-0.0035057056958015423,2678502611.5578003
2026-05-06,395.7252049995189,398.69314403701526,387.4644353068665,390.6302490234375,11120409,-0.00953211931975273,-0.009577840749171694,4343968136.912476
2026-05-07,392.50993927051593,399.18780213145095,388.9484063730631,396.07147216796875,9700378,0.01392934407443902,0.013833222341238053,3842042995.0457764
2026-05-08,393.74659079983223,400.77071943781533,392.9056686756656,397.85223388671875,4740939,0.004496061554251085,0.0044859844630263995,1886193171.8706665
2026-05-11,397.60488241237664,400.6717587024605,386.8213769201532,388.75054931640625,10088836,-0.02287704779585087,-0.023142788179646077,3922040536.963135
2026-05-12,388.0085783534943,395.5768169149478,387.068718908324,388.50323486328125,10247516,-0.000636177758616352,-0.0006363802055526766,3981193115.3132324
2026-05-13,387.81070582712596,389.83878545194284,381.67695299512195,386.27728271484375,12322076,-0.005729558852247019,-0.005746035741581338,4759738034.685791
2026-05-14,389.49253814973764,394.2906820216197,387.0192556626081,392.0647277832031,7363948,0.014982618257237235,0.014871487477401388,2887144268.029663
2026-05-15,391.76795522266366,393.74658125914175,388.30535965882694,391.0259704589844,7107857,-0.0026494536504011457,-0.0026529696644412223,2779356681.3086853
2026-05-18,388.80002136151944,389.64094347654304,380.78657976845244,384.1502380371094,7632596,-0.017583825477894166,-0.017740257431119524,2932063570.241089
2026-05-19,382.56733745219174,388.552668842187,381.9242598687504,385.23846435546875,6693518,0.0028328143799152272,0.00282880952282144,2578600595.4556885
2026-05-20,381.9737464504646,389.14626553357334,379.8961831605183,388.2558898925781,5386249,0.007832617498768624,0.007802101791991644,2091242898.678009
2026-05-21,389.29468082050215,391.32276047374154,383.705068188813,384.6448974609375,10596954,-0.009300547720318408,-0.009344067865239718,4076064284.7282715
2026-05-22,385.78261549025615,387.31603855995974,383.309332996259,384.4964904785156,11755213,-0.00038582854836111125,-0.0003859029993463027,4519838143.327423
2026-05-25,387.761249649884,388.6021415623989,382.3200280485236,385.88153076171875,10489850,0.0036022182711716866,0.003595745821728569,4047839375.4608154
2026-05-26,386.57404486718156,388.0580143292437,384.84274716144245,385.5352783203125,9062218,-0.0008973024459677514,-0.0008977052627912288,3493804738.8293457
2026-05-27,386.17832929835413,398.7920698429061,386.17832929835413,393.89495849609375,14418621,0.02168330797690543,0.021451568982424035,5679422120.365906
2026-05-28,393.89495849609375,393.89495849609375,393.89495849609375,393.89495849609375,0,0.0,0.0,0.0
2026-05-29,395.72520423075076,397.3575646599152,380.9844464114427,382.76519775390625,17003143,-0.028255656748391367,-0.028662530463960365,6508211392.832947
2026-06-01,382.76521141012705,384.84277484474876,372.4763617713314,374.6528625488281,18408900,-0.021194025090791713,-0.0214218431114423,6896947081.375122
2026-06-02,371.9322468421442,373.4656699667571,359.17008456297765,363.4736022949219,17496468,-0.02983898261940887,-0.030293223961157294,6359504251.397827
2026-06-03,364.11664616198163,367.5297881690634,359.813158663623,362.8800048828125,10825715,-0.0016331238592334207,-0.0016344588596819245,3928435512.0599365
2026-06-04,362.88000261584017,364.8586286501499,360.45620383867305,362.4842834472656,14363519,-0.0010905021776403956,-0.0010910972077672152,5206549892.496185
2026-06-05,362.0390981204508,364.56183414993416,354.8170952313841,357.7850341796875,10277061,-0.012964008323030574,-0.013048774482035444,3676978621.1517334
2026-06-08,355.11392671139623,361.4455241099741,351.3545190558946,358.52703857421875,14933986,0.002073883264101628,0.0020717357368397276,5354237774.688843
2026-06-09,358.9227333059097,359.8131391317271,351.20610421935453,351.8491516113281,14246656,-0.01862589496582201,-0.018801541415040923,5012673826.8984375
2026-06-10,355.16336324978846,355.16336324978846,347.34779667060127,347.89190673828125,14939921,-0.01124699279485053,-0.01131071848376127,5197477603.20929
2026-06-11,348.2381736255446,349.57375220472534,345.0723599705559,348.08978271484375,15079402,0.0005687858002150215,0.0005686241028829506,5248985765.64978
2026-06-12,353.1847351744197,353.1847351744197,345.96276247011673,350.11785888671875,8740239,0.005826301927214006,0.005809394669546124,3060113764.838196
2026-06-15,353.58045087674077,354.17404469944046,343.24214841308515,344.3798522949219,17190759,-0.016388785793567395,-0.016524567519211525,5920151045.257599
2026-06-16,346.01221048640843,352.39329120526247,344.77556927666427,351.7502136230469,14555184,0.021401836602836788,0.021176033352794353,5119789081.322754
2026-06-17,351.7502136230469,352.2448701069445,348.2876182357633,351.7502136230469,9299676,0.0,0.0,3271163019.625122
2026-06-18,353.1847367765176,359.6647247724534,350.266251384843,358.08184814453125,12260776,0.018000371503028134,0.017840283062476724,4390361329.766113
2026-06-19,358.0818551097652,364.06718672804,356.1032290949389,361.89068603515625,17465450,0.0106367801394045,0.010580607572609544,6320583682.41272
2026-06-22,361.89067810377395,364.56183524182177,360.1593803787449,363.1273193359375,11946682,0.0034171459739118504,0.003411320797155859,4338166609.6188965
2026-06-23,363.91878894188164,365.30382108781356,358.03236458237546,360.7035217285156,11696171,-0.006674787267050952,-0.006697163285270935,4218850070.4389343
2026-06-24,358.9722253658766,360.15938284201127,351.70076883273526,353.23419189453125,12770898,-0.020707670937591183,-0.020925081368463803,4511117834.797485
2026-06-25,352.64062950948494,355.1633655727726,347.6940645293628,348.2876281738281,19767157,-0.014003637909945188,-0.014102613950147025,6884656227.269684
2026-06-26,348.2876281738281,348.2876281738281,348.2876281738281,348.2876281738281,0,0.0,0.0,0.0
2026-06-29,348.2381831371744,354.0751239185157,347.79298020147525,352.29437255859375,49895302,0.011504124926211556,0.01143845564622741,17577834111.711548
2026-06-30,350.9587818236566,354.52031461195133,349.1285467610599,352.8384704589844,10291360,0.0015444410776108697,0.0015432496550533028,3631187721.3427734
2026-07-01,354.1740410944479,356.9935890799953,350.46411747963174,354.0751037597656,6915166,0.0035048142544451544,0.0034986867060715116,2448488118.9660034
2026-07-02,356.1032309165304,356.1032309165304,348.5349622179558,354.42138671875,6513560,0.0009779929605537863,0.0009775150370168607,2308544967.6757812
2026-07-03,354.4213762934975,356.30106492361955,351.65131201662666,352.640625,6588714,-0.005024419477719366,-0.005037084313371402,2323448222.90625
2026-07-06,352.1954207785088,355.55907887125227,350.8598422176064,352.4427490234375,6204261,-0.0005611264344898004,-0.0005612839248449654,2186646802.4989014
2026-07-07,351.9975494811349,353.33312805484354,348.78228226623173,350.4146728515625,8149003,-0.005754342166194304,-0.005770962181916683,2855530220.3114014
2026-07-08,348.1887169060533,349.227483463009,343.8357156219206,344.97344970703125,9572223,-0.01552795463800738,-0.015649776062832358,3302162789.674988
2026-07-09,345.27023274513823,347.24885872075504,339.4332921553558,340.0268859863281,17821421,-0.014338969346493147,-0.01444276578485761,6059762286.481354
2026-07-10,340.81834427584806,345.0723782961847,339.53224939289186,340.8677978515625,13016441,0.0024730746299519435,0.00247002161341179,4436885579.53479
2026-07-13,341.36243560757714,351.2061119486274,340.0268872223302,347.9908447265625,8226337,0.020896801985683222,0.02068145864378209,2862689961.635376
2026-07-14,344.7755868837612,350.1673549101683,343.7862738654434,344.4293212890625,8579646,-0.010234532004135044,-0.010287264933257127,2955081648.68042
2026-07-15,343.78628243971525,344.7261419071329,339.3838273218257,340.6699523925781,11352533,-0.010914776019691153,-0.010974779201118704,3867466876.645172
2026-07-16,340.52155045475615,342.3517553719133,338.4439870934176,338.7902526855469,10347549,-0.0055176562941047225,-0.005532934786492242,3505648740.386078
2026-07-17,338.8397026855022,340.2247348479731,336.61374843428354,338.1966552734375,7612446,-0.0017521088856718992,-0.0017536456237294627,2574503775.649658
2026-07-20,339.3343601652493,345.5670200100771,337.45467149708196,343.5389404296875,14463484,0.015796386726328437,0.015672922306746197,4968769968.281738
2026-07-21,343.4894942942517,345.4186365777892,340.4720714536867,344.8250427246094,8575793,0.0037436870862828098,0.0037366969303220298,2957148187.622406
2026-07-22,343.6873350439277,347.1004770189875,341.95603726933393,346.75421142578125,7035952,0.005594630499944797,0.005579038681340212,2439745987.3896484
2026-07-23,344.825027954766,346.9520750201726,343.3905422450819,344.87451171875,6863144,-0.005420841752151517,-0.005435587829714319,2366923435.8554688
2026-07-24,344.2314867382846,346.25956640781226,341.4119385163905,343.489501953125,6300466,-0.004015981809506686,-0.004024067519757757,2164143928.4125977
2026-07-27,349.227495590697,349.227495590697,344.0830558170353,347.0509948730469,12350753,0.01036856410362108,0.010315179241979788,4286341116.0812683
2026-07-28,346.21010785960067,346.2595614346591,338.44399451485003,340.07635498046875,12409670,-0.020096873357557943,-0.0203015625683938,4220235340.1104736
2026-07-29,340.02688468314346,341.6592450684839,337.5041184590389,339.8290100097656,8471125,-0.0007273218707526397,-0.0007275864976248652,2878734022.418976
2026-07-30,339.8290027606085,343.9346455184102,338.19664241008917,341.1645812988281,9943764,0.003930127357355762,0.003922424582162278,3392460081.5943604
2026-07-31,340.42261050727365,344.5282534330847,339.87847024054304,343.5389404296875,8519119,0.006959571013556154,0.0069354649796863664,2926649114.654419
2026-08-03,343.5389463747265,347.1499328613281,341.60977390814224,347.1499328613281,5460220,0.010511159017734917,0.010456300866111125,1895515006.408081
2026-08-04,344.2809347144051,345.2207941702293,337.9493373556461,339.9774169921875,7201524,-0.02066114721677259,-0.020877575006614194,2448355527.927246
2026-08-05,339.7795632536122,346.1606140136719,339.08703207433274,346.1606140136719,18554536,0.018187081589676524,0.018023674907749216,6422849574.498779
2026-08-06,343.7862708050272,345.5175685716712,339.43329960146673,341.31298828125,10079779,-0.01400397831577227,-0.014102959190655948,3440359491.70459
2026-08-07,341.312973579351,343.2915995131444,338.8396911621094,338.8396911621094,7012048,-0.007246419573996854,-0.007272802403617681,2375960178.7338867
2026-08-10,338.8396945158717,340.02688216447257,333.5468640523001,336.8116149902344,8818488,-0.005985355980343887,-0.006003340019943005,2970169185.052002
2026-08-11,335.97071176120113,336.76215011035725,332.45863238215605,334.8330078125,10043994,-0.00587452180885073,-0.005891844687828559,3363060721.470703
2026-08-12,334.83301361086006,337.70201541553126,331.7661371197543,335.82232666015625,10152704,0.002954663442889194,0.0029503070039564997,3409504679.171875
2026-08-13,334.4372614728004,340.5710144042969,334.3878078973198,340.5710144042969,9672695,0.014140476576907757,0.014041432631713823,3294239548.1733704
2026-08-14,339.97741102121824,339.97741102121824,333.8931420270134,336.3664245605469,7507624,-0.012345706668855483,-0.012422548000773722,2525312641.824951
2026-08-17,336.3664069020076,336.6631887138763,332.1123732442329,333.3984680175781,7839848,-0.00882358144647255,-0.008862739755771556,2613793312.690674
2026-08-18,333.3984686712306,335.67387641051346,330.33159244635357,333.4974060058594,9943991,0.0002967559775230999,0.00029671195417724737,3316295203.8456116
2026-08-19,332.7059493382513,335.2287155994345,330.0348223570086,332.9532775878906,7502595,-0.0016315821597701063,-0.0016329146395061586,2498013595.6645203
2026-08-20,333.4974082916147,335.92120695373524,330.82625119550914,333.89312744140625,4185077,0.002822767988122754,0.0028187914600185577,1397368448.1130981
2026-08-21,333.3984855203068,339.1859726870624,333.3984855203068,336.3664245605469,6534716,0.0074074514144488735,0.007380150981081884,2198059056.4385986
2026-08-24,337.0589528190787,338.39450122243744,333.8436855534105,335.87176513671875,5401943,-0.001470596907745425,-0.0014716792966799888,1814360130.577942
2026-08-25,335.37709551862594,337.1578467810886,332.06289104379783,336.218017578125,5260835,0.0010309066654212717,0.0010303756460677918,1768787514.5056152
2026-08-26,337.8998467135045,340.76887859756096,331.0241394042969,331.0241394042969,5903358,-0.015447947172019916,-0.015568509951254503,1954154001.5454712
2026-08-27,331.41986746941393,332.3597269313501,324.8903953854603,327.3636779785156,12911842,-0.011057989403336355,-0.011119583460020704,4226868086.597473
2026-08-28,325.9786255355717,329.5401582868424,325.2860943759172,326.5227355957031,7332490,-0.0025688322785391016,-0.002572137389574009,2394224693.528137
2026-08-31,326.57221912108184,326.91848470065645,320.04274744708897,323.90106201171875,18400774,-0.008029069030067504,-0.008061475584348303,5960030240.437622
2026-09-01,323.90106266400284,324.7419847328244,321.57617112953244,324.0,7377499,0.0003054574371159635,0.0003054107944910015,2390309676.0
2026-09-02,324.0,331.1000061035156,321.0,330.0,11993091,0.0185185185185186,0.018349138668196617,3957720030.0
2026-09-03,330.45001220703125,332.70001220703125,329.1000061035156,330.8999938964844,8100926,0.0027272542317708925,0.0027235420218436356,2680596363.9558716
2026-09-04,332.75,334.04998779296875,329.79998779296875,332.5,7032282,0.004835316207398188,0.004823663613539356,2338233765.0
2026-09-07,332.5,333.79998779296875,330.3500061035156,332.0,5245813,-0.0015037593984962294,-0.0015048911794202768,1741609916.0
2026-09-08,330.0,333.20001220703125,328.6499938964844,330.79998779296875,7351373,-0.003614494599491702,-0.003621042668498455,2431834098.66156
2026-09-09,331.1000061035156,337.5,330.8999938964844,334.5,11795145,0.011185043360240066,0.011122953320293038,3945476002.5
2026-09-10,335.6499938964844,335.70001220703125,333.1000061035156,335.0,6905905,0.001494768310911887,0.001493652256783372,2313478175.0
2026-09-11,333.0,336.25,331.6000061035156,333.3999938964844,4968535,-0.004776137622434673,-0.004787579815258443,1656509538.674469
