Date,open,high,low,close,volume,returns,log_returns,dollar_vol
2018-01-02,686.7574552249962,687.3956383735818,667.7108342129814,672.6197509765625,342012,-0.020586242155168466,-0.020801092595069,230044026.2709961
2018-01-03,672.5706556064767,682.3394116865044,667.8581076255318,677.92138671875,125483,0.007882069675310799,0.007851168435070407,85067609.3696289
2018-01-04,681.9467300233226,689.4083198649295,677.4305503238186,688.8192138671875,411800,0.016075355287409776,0.015947514995906523,283655752.2705078
2018-01-05,687.248352259492,692.0591146946288,686.2665688991212,689.162841796875,195946,0.0004988651924475729,0.0004987408005755858,135038702.19873047
2018-01-08,679.3941224919158,694.0227193299218,679.3941224919158,691.3228149414062,310252,0.0031341984992974137,0.003129297137737238,214484285.98120117
2018-01-09,687.3956113296255,706.8349089639534,687.3956113296255,704.18408203125,605429,0.01860385164770495,0.018432916776459495,426333464.60009766
2018-01-10,701.827758572602,701.9750500349348,693.2371548134332,698.636962890625,297500,-0.007877370821311458,-0.007908561213676914,207844496.45996094
2018-01-11,694.1207834423534,701.6805267318304,686.2665171516337,690.9790649414062,113144,-0.010961197812285883,-0.011021714369984914,78180135.32373047
2018-01-12,690.9791968709895,696.0844829193757,687.2484316552369,688.966552734375,93456,-0.002912551637439087,-0.0029168013696750945,64388058.15234375
2018-01-15,688.7210407662899,711.4002128649681,688.7210407662899,703.6932373046875,764541,0.021375035568657275,0.02114979354702197,538002331.3421631
2018-01-16,702.9568661657519,702.9568661657519,683.3211995130773,688.0828247070312,338329,-0.02218354784458043,-0.02243330329350134,232798374.00030518
2018-01-17,683.3212139423076,701.7787290009168,679.0504803244884,692.4027099609375,232397,0.006278147192157579,0.006258521724293869,160912312.586792
2018-01-18,693.7282198470716,699.0298748900001,687.3466268881039,694.9063720703125,323715,0.00361590454999261,0.003609382883556109,224951616.2347412
2018-01-19,692.2063645678543,700.9442606757716,688.6719683462824,698.5388793945312,293534,0.0052273334512626946,0.005213718370192131,205044911.42419434
2018-01-22,691.2737280874585,703.9387590181971,689.0647152453512,701.631591796875,464739,0.004427401957961763,0.004417629846672805,326075564.3400879
2018-01-23,697.0661255320036,708.8475248367699,697.0661255320036,703.8404541015625,399677,0.00314817965797487,0.003143234516473051,281308841.1739502
2018-01-24,698.244398982661,701.2879036968225,685.2848455070357,689.801025390625,200051,-0.019946890845963905,-0.020148515771585253,137995384.93041992
2018-01-25,689.7029118973768,694.1209376675379,649.1061879564422,669.6254272460938,424803,-0.029248431651875406,-0.029684694767107535,284458890.37042236
2018-01-29,669.5763075989377,676.8906062281912,667.6127407144833,669.4290161132812,143914,-0.000293314926256949,-0.00029335795149343325,96340207.42492676
2018-01-30,669.2817531798896,669.2817531798896,651.2169147203349,655.733154296875,339031,-0.020459020279588014,-0.020671205085858416,222313867.03442383
2018-01-31,657.794761499581,669.085268599947,641.8407840751509,648.6151123046875,324432,-0.010855089369119941,-0.010914435715752624,210431498.11523438
2018-02-01,652.8859698462047,708.8476244044508,648.4679444863432,695.7899169921875,1539000,0.07273158425167803,0.07020827788283746,1070820682.2509766
2018-02-02,695.495406837689,719.8927011409232,678.510505534247,705.2150268554688,1772440,0.013545913260750941,0.013454987571790632,1249951322.199707
2018-02-05,703.3988017445598,703.3988017445598,677.4306161411537,682.3886108398438,352909,-0.03236802272550443,-0.03290345276164908,240821082.26287842
2018-02-06,657.7948693773036,692.1572879268642,652.8859524416521,682.5848999023438,399206,0.0002876499686277345,0.00028760860530742383,272491987.55041504
2018-02-07,687.2974247568956,701.9750978790263,687.2974247568956,700.6987915039062,315230,0.026537199407947742,0.026191195892757695,220881280.04577637
2018-02-08,704.0368799434154,706.8840758850525,698.0971021237647,701.9751586914062,159852,0.0018215632779392532,0.0018199062435083724,112212133.06713867
2018-02-09,687.2483987192162,704.5769001705297,686.2666152924744,696.9680786132812,159318,-0.007132845110158881,-0.00715840546774587,111039560.34851074
2018-02-12,696.0844555522458,704.920506468988,669.0854110844224,673.3070678710938,689547,-0.03394848554508334,-0.03453811859840317,464276868.7293091
2018-02-14,676.448754176066,682.3394545027081,667.1218119922161,669.8217163085938,312807,-0.0051764666209731525,-0.005189910940428852,209524921.6133423
2018-02-15,672.5216681952287,682.3395027674219,660.9366353847022,669.9690551757812,282049,0.0002199672892055915,0.00021994309994859644,188964102.04327393
2018-02-16,675.4669846073631,681.8976539441823,673.1598175682146,676.6942138671875,226925,0.010038013904450693,0.009987967674053156,153558834.48181152
2018-02-19,687.2483953164904,692.1573124258938,666.2382061189215,672.76708984375,423633,-0.0058033953046453535,-0.0058203004396930064,285006340.57177734
2018-02-20,674.4851689958606,677.430519078812,657.7948518591363,662.3601684570312,172882,-0.01546883244413122,-0.01558972314518748,114510150.64318848
2018-02-21,667.6126046678387,670.5088772168652,650.3823207526142,663.194580078125,428939,0.0012597551314679212,0.0012589623057466187,284470019.98413086
2018-02-22,662.7037685039726,663.0965058175916,651.9041515357598,654.0640869140625,235890,-0.01376744237413241,-0.013863092528895359,154287177.4621582
2018-02-23,657.7948749077404,667.3672630127412,654.0150328048306,663.3910522460938,288608,0.014260017509961198,0.014159299821689687,191459964.80664062
2018-02-26,667.6126477510173,677.1850349798003,661.9673937442992,669.7725830078125,271771,0.009619561102176988,0.009573587718322226,182024764.6566162
2018-02-27,669.0853741018129,678.2159475597745,663.6855655067139,676.8905639648438,219932,0.010627459435657682,0.010571384925155152,148869895.51391602
2018-02-28,676.8414398162076,685.9720126406227,669.6743736941021,681.8485107421875,360647,0.007324591361272503,0.007297896813814131,245906619.8536377
2018-03-01,683.223087987239,683.3212423573369,673.5034084154212,677.4305419921875,272512,-0.0064793992806276846,-0.0065004817051199084,184607951.859375
2018-03-05,676.4488120083575,676.4488120083575,653.867792159022,660.2984619140625,301455,-0.02528979580363022,-0.025615078630092103,199050272.8363037
2018-03-06,665.6491911036355,669.6744793519009,639.1410374756146,643.1172485351562,245988,-0.026020374678901503,-0.02636489411989863,158199125.73266602
2018-03-07,645.0316627133168,647.9279355883943,638.2082564275037,640.7117919921875,192215,-0.0037403079274389572,-0.0037473203703933915,123154417.09777832
2018-03-08,641.693631933837,647.4371010075166,635.2138852040147,641.3991088867188,113706,0.0010727395735830036,0.001072164599648096,72930927.07507324
2018-03-09,645.5226006731806,662.1147644925051,638.6991938981339,658.0894165039062,483527,0.026021719372446572,0.02568891550351088,318204001.2938843
2018-03-12,657.991159543662,677.3323019474682,656.6166389963334,666.1890258789062,163349,0.012307764221508144,0.012232639475115612,108821311.18829346
2018-03-13,664.667372452289,672.5216397781653,659.7584553736162,665.1582641601562,73256,-0.0015472511234931874,-0.0015484493526465271,48726833.799316406
2018-03-14,660.7401878848818,671.0489129558941,655.3403795143516,661.8692626953125,305570,-0.0049446900716125786,-0.004956955500766496,202247390.60180664
2018-03-15,660.2493378815827,664.4219173403139,658.8257399639432,662.7037963867188,140732,0.0012608739194319707,0.0012600796854607842,93263630.6730957
2018-03-16,662.7038016743237,665.0109687182387,653.8677509853327,656.2731323242188,150189,-0.009703677717801118,-0.009751065202865674,98565005.47064209
2018-03-19,654.3095830960985,669.379934873735,654.3095830960985,661.8201904296875,138766,0.008452362030765492,0.008416840837122531,91838140.54516602
2018-03-20,656.8131041400611,675.9578807181347,656.2240580608267,674.0924682617188,167488,0.018543220665515614,0.018373391391148564,112902399.32421875
2018-03-21,673.6014586343484,678.412220491376,658.3347411998452,660.6419677734375,395902,-0.019953494693340845,-0.020155254048893453,261549476.32543945
2018-03-22,662.7038307017565,666.6309645133224,649.9897230021504,652.787841796875,147381,-0.011888627062300094,-0.011959861941882128,96208524.91186523
2018-03-23,648.0260717498799,661.623806756542,646.0134279180775,652.39501953125,225060,-0.0006017610017731156,-0.0006019421325933641,146828023.09570312
2018-03-26,648.1242341388371,657.2548063465233,646.9951594360576,651.0204467773438,186540,-0.0021069638987953887,-0.0021091866699787082,121441354.1418457
2018-03-27,654.8495387966184,668.3981379594737,653.9168325662952,660.691162109375,369173,0.014854702920473306,0.014745452414789535,243909338.3894043
2018-03-28,656.7639584346227,698.0479347124954,651.9041190563951,665.89453125,446572,0.007875645141085741,0.007844794123140103,297369852.609375
2018-04-02,668.594454734477,682.3394214984751,668.594454734477,671.441650390625,263227,0.008330326921610398,0.008295821244905159,176741571.30737305
2018-04-03,675.4787784352022,675.4787784352022,664.6474860696231,669.57080078125,783770,-0.002786317483114975,-0.002790206491360972,524789506.5283203
2018-04-04,670.604711685589,680.3528992443131,666.7152808879542,669.5216064453125,520436,-7.347144750058376e-05,-7.34741466595909e-05,348443146.77197266
2018-04-05,670.063168447989,677.1035329055455,663.8105824660923,664.6475219726562,514819,-0.007279950976540106,-0.00730657913280621,342173172.6144409
2018-04-06,669.2261962890625,674.4941190184156,663.6628265962221,669.2261962890625,667025,0.006888875930533667,0.0068652560390296815,446390603.5797119
2018-04-09,665.1891198331191,674.4941977932918,664.6475671685722,668.2908325195312,886583,-0.0013976795509769158,-0.0013986572161217624,592495291.1676636
2018-04-10,667.6014829867026,689.21484685247,667.6014829867026,685.030029296875,955511,0.025047772560690573,0.024739218880564972,654553728.3234863
2018-04-11,680.4020938369263,708.9573191933241,680.4020938369263,707.97265625,715637,0.033491417853132255,0.032942796141136446,506651427.80078125
2018-04-12,702.6062651708817,713.5852815595717,701.0800495547247,708.0219116210938,665026,6.957242014782317e-05,6.957000009924566e-05,470852979.7977295
2018-04-13,703.0493464911626,708.9573241927691,695.5166508819916,700.7354125976562,681889,-0.010291346784387256,-0.010344668846406587,477823769.7608032
2018-04-16,691.2332686275175,701.5722277736555,691.2332686275175,698.0274658203125,389870,-0.0038644354611754306,-0.0038719216848014386,272139968.09936523
2018-04-17,699.110634719916,711.9112519753511,697.3382535812815,710.3358154296875,307669,0.017633044847182866,0.01747938639328097,218548309.99743652
2018-04-18,704.9201953238975,713.3882722383822,702.1138699947902,710.2865600585938,241773,-6.934096525024191e-05,-6.934336944611299e-05,171728112.4850464
2018-04-19,705.0678889855421,713.831413226195,702.9508997155137,711.8128662109375,228583,0.0021488596830803175,0.002146554186313475,162708320.39709473
2018-04-20,706.9879842180469,710.877414813988,699.2091230261647,705.1663818359375,114992,-0.009337404099451052,-0.00938127093892405,81088492.58007812
2018-04-23,701.1783896575897,713.8805644298234,701.1783896575897,705.9540405273438,523622,0.0011169827599488702,0.0011163593988517426,369653066.6090088
2018-04-24,706.0033669152144,743.4205606987265,703.9848197967053,734.55859375,1182526,0.04051900206037318,0.03971962911667784,868634635.6328125
2018-04-25,738.3987886532855,757.0088828128105,734.6078001418399,754.3502807617188,1763048,0.026943646402229238,0.026587057388537918,1329955753.7963867
2018-04-26,755.2363648074868,759.2242371129319,731.2598497557599,751.1007690429688,1352072,-0.004307696042041287,-0.004317000895905869,1015542319.0014648
2018-04-27,738.4971830607549,762.7198666255258,733.5738685070165,747.21142578125,700854,-0.005178191025785317,-0.005191644319514519,523686116.6044922
2018-04-30,744.4051788303033,751.1500958951617,720.773268391246,731.7030029296875,448784,-0.02075506652664949,-0.020973480334339177,328376600.4667969
2018-05-02,725.2042472391923,746.0298922280459,725.2042472391923,735.10009765625,514382,0.004642723499781676,0.004631979301095436,378122258.4326172
2018-05-03,735.1000878001854,740.5157338373027,705.2648134700588,720.7732543945312,259083,-0.019489649514940366,-0.019682077067889645,186740097.06829834
2018-05-04,713.8806542280474,717.7700849846877,689.3625222018333,691.3318481445312,405214,-0.04084697381665692,-0.041704648336902066,280137343.5140381
2018-05-07,693.2027881859667,703.640192491187,685.6208706703701,692.8088989257812,291749,0.0021365293458044388,0.0021342502126942206,202126303.45269775
2018-05-08,698.0276018332708,698.0276018332708,681.6329393816511,691.676513671875,256284,-0.0016344842793764025,-0.0016358215061222055,177265623.6298828
2018-05-09,694.0889988382403,698.126093250416,680.4021585839739,689.2149047851562,1771037,-0.0035589019405196654,-0.0035652498976774145,1220625097.3259888
2018-05-10,692.1195328338133,707.9725804851686,682.3713466985005,702.8031005859375,589720,0.019715470031828497,0.01952363743293903,414457044.47753906
2018-05-11,700.1446019575102,704.920253483917,685.3746572142996,687.5901489257812,402458,-0.02164610777538256,-0.02188382140991757,276726156.1563721
2018-05-14,691.2333733846635,693.7442518237283,677.4480924339722,680.5498046875,226655,-0.010239158093350187,-0.01029193886882647,154250015.9814453
2018-05-15,679.4174051150138,688.2793712686879,661.8904174086692,668.4876708984375,579274,-0.01772410146322989,-0.017883054348252388,387237527.0720215
2018-05-16,663.6628027371979,672.5247689458548,654.8500576543337,657.4102172851562,632333,-0.016570916855345064,-0.016709750367314244,415702174.9265747
2018-05-17,659.8226010826737,669.2754012089239,655.2931756736127,659.4287719726562,203078,0.0030704644290984184,0.003065760180219249,133915476.15466309
2018-05-18,658.7395099038531,663.3674377630488,652.8807533639701,654.997802734375,224549,-0.006719405380244736,-0.006742082224937928,147079101.60620117
2018-05-21,652.8315431581985,695.8613265747118,637.0769357818317,645.1511840820312,297261,-0.015033056006047207,-0.015147197770179574,191778286.1314087
2018-05-22,645.9388168696563,659.7240964979721,645.8403746262168,649.8282470703125,403662,0.007249561193840348,0.007223409441510973,262310969.86889648
2018-05-23,654.6039286914607,673.5094696848831,649.1882823708952,668.6353759765625,355517,0.028941691887110377,0.02853079041366011,237711242.96105957
2018-05-24,663.3182646568974,676.3157683866712,661.2996573951868,667.8969116210938,75038,-0.0011044350658088176,-0.0011050454036431667,50117648.45422363
2018-05-25,664.6474517854825,677.4480693754251,662.7273471271805,673.3616943359375,91418,0.008182075137284084,0.008148783434037198,61557379.372802734
2018-05-28,671.293861021693,687.6392393919898,669.4722588891227,674.838623046875,824327,0.0021933660963504575,0.002190964180480162,556287697.6203613
2018-05-29,669.9646073910582,691.7256316936883,669.5707182230719,684.6360473632812,1042346,0.014518173651903998,0.014413794023629323,713627645.4249268
2018-05-30,683.8484949247108,688.0825340613794,674.5926381244053,683.6515502929688,209019,-0.001437986027910787,-0.0014390209220468701,142896163.39068604
2018-05-31,679.7620726454451,687.5409343236755,660.2657574191292,679.2205200195312,205322,-0.006481416258821704,-0.006502511839411969,139458915.6114502
2018-06-01,678.3343169581718,682.0268029480753,663.3182072658973,665.6321411132812,250207,-0.02000584273552164,-0.020208669310314172,166545821.13153076
2018-06-04,665.8290257136748,669.5707324930908,648.4004813922063,649.9266967773438,635824,-0.023594780609106247,-0.02387759493184541,413238992.0517578
2018-06-05,649.9266882269006,662.4811392959796,649.8774671052631,654.80078125,189718,0.007499437239344653,0.007471456267174922,124227494.6171875
2018-06-06,658.7395065721579,675.872665760294,651.8468659951698,672.6232299804688,174179,0.027218123803160577,0.02685429768727781,117156841.57476807
2018-06-07,679.3682935573484,686.3101561441587,670.6539893747022,681.3868408203125,339268,0.013029004127761423,0.012944856769554739,231172750.71142578
2018-06-08,674.9864669622025,686.2116488769084,671.0970362049719,681.7313842773438,231427,0.0005056502949432051,0.0005055224969117437,157771049.06915283
2018-06-11,677.9404167094983,703.0493210320724,677.6450298549261,701.5723266601562,872476,0.02910375382504138,0.028688281530878757,612105017.2751465
2018-06-12,697.3382580599015,718.7054544048602,697.3382580599015,708.8588256835938,678290,0.01038595558368871,0.010332392099750112,480811852.8729248
2018-06-13,704.7232196504173,718.7054442570022,689.264000756497,691.4794921875,584484,-0.02451734092375002,-0.024822895523668075,404158699.51171875
2018-06-14,691.1842079446915,691.1842079446915,675.4788210050108,679.3190307617188,463811,-0.017586149066129986,-0.01774262261101368,315075638.97662354
2018-06-15,674.8386289404418,678.5311144568572,657.8531955649314,661.4964599609375,4172714,-0.026235936274002003,-0.026586239050643654,2760235539.4294434
2018-06-18,666.3214891914731,673.5587384741649,659.7242348234264,661.5458374023438,159457,7.464505767607044e-05,7.464227187238282e-05,105488114.59466553
2018-06-19,656.770188797065,669.5708071694215,656.770188797065,663.1212768554688,382091,0.0023814516909534955,0.0023786205288349746,253372671.7949829
2018-06-20,663.1212176518695,675.47872457286,663.1212176518695,665.8290405273438,294569,0.00408336116843544,0.0040750468750430134,196132594.63909912
2018-06-21,665.8290122532154,675.2325301834634,664.647404847011,665.0905151367188,192773,-0.0011091817053219266,-0.0011097973025978951,128211493.87445068
2018-06-22,668.389173355945,681.8790672844888,668.389173355945,674.6910400390625,159149,0.014434914773021834,0.014331723245942165,107376404.33117676
2018-06-25,675.4787179104181,688.1808927678876,667.3060282412248,679.1712036132812,173207,0.006640318765696707,0.006618368964579303,117637206.6642456
2018-06-26,679.171204835924,683.7006299333027,667.9953054614267,674.1986694335938,141038,-0.00732147380989201,-0.007348407341888601,95087631.9395752
2018-06-27,671.0969926737048,678.2850198795746,664.1551311947419,667.3552856445312,216975,-0.010150396462235256,-0.010202263012267239,144799413.10272217
2018-06-28,670.653878913018,670.653878913018,647.957411028177,656.1793823242188,255422,-0.01674655698503802,-0.016888366008449666,167602650.1920166
2018-06-29,655.78553457241,674.4941309040553,655.78553457241,664.0074462890625,162407,0.011929762159116342,0.011859163475526317,107839457.32946777
2018-07-02,664.9429599472351,673.361817186001,650.7145665488885,659.1334838867188,125314,-0.007340222507417393,-0.007367294498290272,82598653.39978027
2018-07-03,660.2164415916549,664.0566507501528,655.440850803953,659.9702758789062,84524,0.00126953342933378,0.0012687282531630125,55783327.59838867
2018-07-04,657.7548481382232,661.693499923482,651.2560967321689,653.8654174804688,133985,-0.009250202049338463,-0.009293250847357552,87608157.9611206
2018-07-05,659.7241643983049,660.2164958642738,652.8315238747406,654.8992919921875,134614,0.0015811732568800085,0.0015799245185869708,88158613.29223633
2018-07-06,659.5271761300958,659.7241207232564,654.0623092394374,657.8040161132812,166887,0.004435375265497088,0.00442556797726666,109778938.83709717
2018-07-09,654.8007996399857,659.7241139229932,650.6159824994295,654.653076171875,134065,-0.004790089242726059,-0.004801598488454128,87766064.65698242
2018-07-10,659.4288202177838,659.4288202177838,649.8775771400052,651.2068481445312,330679,-0.005264205046580983,-0.0052781097937279345,215340429.33758545
2018-07-11,649.8283232255567,653.8654172644908,649.8283232255567,651.9453125,294280,0.0011339935345779928,0.0011333510495797777,191854466.5625
2018-07-12,654.0622608167067,657.1146914380314,651.2559958938454,654.50537109375,138269,0.003926799602152142,0.003919109848767742,90497803.15576172
2018-07-13,651.8468186976526,654.8008073020226,648.8928300932826,650.911376953125,98347,-0.005491160652538296,-0.005506292494868485,64015181.189208984
2018-07-16,650.9606153450192,651.4037256672397,644.9541957297529,646.1358032226562,55711,-0.007336749516997143,-0.007363795832963455,35996871.7333374
2018-07-17,645.1512130269405,655.7855614632898,644.4619369034882,654.3577880859375,56942,0.01272485570722659,0.012644575053349583,37260441.16918945
2018-07-18,656.7702142990175,657.7548772889711,630.1843135702717,639.2432250976562,273188,-0.023098316033637878,-0.023369262538911476,174633578.17797852
2018-07-19,640.0309244791666,646.8743440761016,621.3223282251603,624.0301513671875,190097,-0.02379856857793783,-0.024086329209675156,118626259.68444824
2018-07-20,622.306936314699,628.214913558193,618.3682848190364,623.3408203125,295830,-0.0011046438271888892,-0.0011052543958633896,184402914.87304688
2018-07-23,623.7839476557264,647.120470424457,620.3376275029323,642.7387084960938,128365,0.031119232932425245,0.030644846197228952,82505154.31610107
2018-07-24,642.4926306100084,648.056000799743,637.4708731690034,644.6096801757812,98615,0.0029109366760642352,0.0029067081039810556,63568183.61053467
2018-07-25,645.6434749348591,654.6038832767031,641.1139895397409,649.63134765625,309730,0.0077902452211071616,0.007760057937011226,201210317.3095703
2018-07-26,652.8314876666284,671.5400823358078,648.1543389993336,662.8750610351562,349706,0.020386506018662987,0.02018148299057474,231811386.09436035
2018-07-27,674.2970813946283,686.9992557044671,662.3334642925718,683.4052124023438,378854,0.03097137390434823,0.030501439280151504,258910798.33947754
2018-07-30,683.4053942865484,692.7596934867652,674.0018739524592,678.7774658203125,111734,-0.006771599774259118,-0.00679463108745184,75842521.3659668
2018-07-31,672.7216548370931,700.7845453820178,672.0815999604837,675.4786987304688,300404,-0.004859865354924775,-0.004871712901130915,202916503.01342773
2018-08-01,680.5004855361447,697.3874777992128,676.4141706843627,684.685302734375,141857,0.01362974734985678,0.01353769780828625,97127402.98999023
2018-08-02,680.5990677834857,694.1874049672889,675.035697874266,684.5377197265625,156616,-0.00021554867210249462,-0.00021557190605627576,107209559.51269531
2018-08-03,693.2027465289905,693.2027465289905,675.4788126688742,679.2205200195312,86846,-0.0077675773793082215,-0.007797902143853985,58987585.28161621
2018-08-06,680.4020598165887,686.7039263783898,669.66921023138,676.0695190429688,137689,-0.004639142787488115,-0.004649937007278831,93087336.00750732
2018-08-07,685.1285137725017,685.1285137725017,672.524839201136,675.5772705078125,186264,-0.0007281034291459765,-0.0007283686251823194,125835724.71386719
2018-08-08,675.5772461964101,678.4820140057515,663.4166824391891,666.8137817382812,86449,-0.012971852594957811,-0.013056721814416371,57645384.617492676
2018-08-09,673.903313393927,673.903313393927,658.7394806809326,663.072021484375,136388,-0.00561140209812705,-0.00562720516083435,90435066.86621094
2018-08-10,664.6475118900687,665.5829537414295,634.1229594921545,639.9324951171875,357324,-0.0348974555062459,-0.0355209195646432,228663238.8852539
2018-08-13,642.9847962987878,651.4036510605323,641.0154707358513,643.674072265625,227848,0.00584683099699812,0.00582980461532592,146659850.01757812
2018-08-14,644.9541891231152,651.8468293122171,643.7233605179183,648.7451171875,40999,0.007878280546590455,0.007847408931893424,26597901.059570312
2018-08-16,650.862215261415,653.1761491731752,636.239994374212,638.6031494140625,310896,-0.015633208643489938,-0.015756695942326666,198539164.74023438
2018-08-17,643.7234826270903,648.5975768480566,642.0495433866793,644.9050903320312,151040,0.009868321075069852,0.009819947180388259,97406464.84375
2018-08-20,650.8621414950223,663.6627584987067,649.9266997710969,662.2349853515625,171665,0.026872008423144633,0.026517296522760754,113682568.76037598
2018-08-21,662.2842892597382,673.5094711518931,653.4223225340554,659.8226318359375,118889,-0.003642745504217615,-0.003649396458356686,78445652.87634277
2018-08-23,664.7459736781956,664.7459736781956,656.8194484714807,659.7734375,77770,-7.455690902968826e-05,-7.455968853418532e-05,51310580.234375
2018-08-24,656.3763509900916,663.2689921920238,649.9760413025831,650.7145385742188,136148,-0.013730317728623653,-0.013825450345518091,88593482.99780273
2018-08-27,654.800725859922,659.724039588192,646.9234238946898,650.2713012695312,105281,-0.0006811547589803402,-0.0006813868502825622,68461212.86895752
2018-08-28,649.8775791931732,653.2254574286408,643.969601200508,648.1544189453125,164292,-0.003255383284001545,-0.0032606935719781092,106486585.79736328
2018-08-29,649.8774983446277,663.1704471744042,648.1543383111382,659.0348510742188,215118,0.01678679001619865,0.016647449085856733,141770259.0933838
2018-08-30,662.5304207451114,664.4505254562062,640.5724496799859,654.0131225585938,325212,-0.007619822392457176,-0.00764900156032746,212692915.6135254
2018-08-31,653.9639328746705,667.6014909134414,649.0898391734113,662.08740234375,121399,0.01234574583697734,0.012270158601509297,80376748.5571289
2018-09-03,658.3455438399011,664.6474099890468,654.8007816929127,656.7208862304688,88542,-0.008105449664627562,-0.008138477412665355,58147380.708618164
2018-09-04,661.1026659618558,664.6474282060005,652.8806950498026,654.653076171875,82766,-0.003148689347254985,-0.0031536568998183244,54183016.502441406
2018-09-05,649.9268481117582,662.1366942340012,649.9268481117582,659.1334838867188,169872,0.006843942047967122,0.006820628586794872,111968323.17480469
2018-09-06,659.1334144008232,671.4417014930177,656.2286466272536,668.6353759765625,139910,0.01441573265829832,0.014312813904588358,93548775.45288086
2018-09-07,670.0630703708927,674.4940532021476,660.8072155282063,665.7305297851562,1353205,-0.0043444398782575,-0.004353904379102527,900869881.5579224
2018-09-10,660.9057710660159,676.3157098711132,660.9057710660159,665.6321411132812,125634,-0.00014779053606983616,-0.00014780145816724706,83626028.41662598
2018-09-11,663.7119611866036,671.5400426181648,661.1026407754492,666.2228393554688,391766,0.0008874244581993374,0.0008870309299153724,261003456.88293457
2018-09-12,663.0719520462351,665.4843278214909,652.8314349099887,662.9734497070312,232965,-0.004877331512052496,-0.004889264509994502,154449609.71099854
2018-09-14,660.9550451312199,667.6015204453886,656.0809512143508,659.7734375,717060,-0.004826757705674867,-0.004838444120810629,473097141.09375
2018-09-17,654.4561609289378,658.3455309505232,623.291558942208,632.7935791015625,1979234,-0.040892610803898166,-0.04175222997585366,1252446566.739502
2018-09-18,632.1536659497893,632.1536659497893,610.3926370026691,613.445068359375,350633,-0.03057633860580322,-0.03105354758093528,215094084.65405273
2018-09-19,613.789675733585,625.2610240731342,600.6444483222234,603.056884765625,208275,-0.016934170848471597,-0.01707919347645917,125601672.67456055
2018-09-21,606.5524353063141,620.0423310334262,580.4588646316107,603.9430541992188,1139496,0.0014694624271442969,0.001468383823747389,688190694.487793
2018-09-24,600.6443072161668,600.6443072161668,573.073748852146,577.8986206054688,287803,-0.043123988946744074,-0.044081455950753946,166320956.70611572
2018-09-25,566.1811529514847,573.0737930743724,546.48789545752,557.368408203125,367015,-0.0355256297044525,-0.03617202003706682,204562566.33666992
2018-09-26,566.1320155885583,580.951182025498,562.5871926557455,568.396728515625,141456,0.019786410837409507,0.019593204228905294,80403127.62890625
2018-09-27,572.6306963132138,572.6306963132138,537.6259423090559,543.3369750976562,615329,-0.0440884898887659,-0.04508993286007439,334330997.5498657
2018-09-28,551.4112846677386,551.4112846677386,500.2088082343058,503.75360107421875,527415,-0.07285234732335866,-0.07564244597418762,265687205.51055908
2018-10-01,504.14742938196383,524.8253512902085,477.5615297856493,513.35400390625,568704,0.01905773539198341,0.01887841150892344,291946475.4375
2018-10-03,516.9480208585863,545.9955763163546,513.3539772453765,533.7365112304688,1232831,0.03970458430074131,0.038936619245448785,658006916.87677
2018-10-04,533.982704441782,575.0431613748303,526.7946769444079,556.7284545898438,1801469,0.04307732912325912,0.04217531432809782,1002929052.3615112
2018-10-05,558.8945959129405,571.7937149910075,531.7671470805781,549.7372436523438,874787,-0.012557667710105802,-0.012637181593190884,480902994.16290283
2018-10-08,556.334568181139,557.8115626099386,524.9237959557139,541.0230712890625,237685,-0.01585152263904488,-0.015978501685893213,128593068.69934082
2018-10-09,545.3555373217227,555.743779266386,531.7672009678107,532.0133666992188,205413,-0.016653087581601445,-0.01679330917267852,109282461.69378662
2018-10-10,531.7179865675874,585.8744481624344,527.7301136881418,552.4451293945312,152186,0.03840460404609325,0.03768550074646989,84074414.46203613
2018-10-11,551.411251143457,551.411251143457,523.8406885862842,532.554931640625,223216,-0.036003933595550985,-0.036668064873226824,118874781.62109375
2018-10-12,541.5645271404836,546.2908964484458,532.2102307626026,544.0261840820312,213930,0.021540036078657954,0.021311327927622935,116383521.56066895
2018-10-15,547.472520754162,547.472520754162,526.7946018048142,530.4378662109375,266017,-0.024977323277228236,-0.025294550077555277,141105489.85583496
2018-10-16,533.8842549884291,541.1215035157918,530.4379347184362,538.2167358398438,505786,0.014664996834545141,0.014558505634717809,272222489.9534912
2018-10-17,542.5492545906623,558.3038608945653,540.5799288026743,551.3619995117188,379784,0.024423736380777772,0.024130246082967686,209398465.6225586
2018-10-19,549.4419789000019,572.926168474651,546.7341555272868,555.4976806640625,1287121,0.0075008454627019105,0.007472854007283792,714992730.2340088
2018-10-22,565.1966453584286,569.1352979393236,544.5679404461773,549.2943115234375,1008814,-0.011167227796899604,-0.011230049418656999,554135791.5852051
2018-10-23,538.807548842353,577.0616783216565,536.7397207008166,570.5629272460938,719595,0.03871989073338278,0.03798908071050514,410574229.63165283
2018-10-24,577.0124478156181,590.6007835430013,549.6880528891959,555.1036987304688,226896,-0.027094695041336214,-0.027468524288039902,125950808.82714844
2018-10-25,554.906818663212,560.2732440043308,548.3095645786742,554.7591552734375,112717,-0.0006206830504268401,-0.0006208757538940266,62530787.704956055
2018-10-26,554.414425137415,569.1351472815495,543.5339122827255,561.6517333984375,587007,0.012424451330780961,0.01234790124504816,329693499.0670166
2018-10-29,559.3377340528637,576.0277818018033,557.3684083031138,570.0213623046875,398793,0.014901812651066049,0.014791871510124167,227320529.13757324
2018-10-30,571.1044883825717,571.1044883825717,547.6203019947378,550.328125,158937,-0.03454824434134296,-0.035159146607846185,87467501.203125
2018-10-31,549.934231191229,558.3038658646853,538.6598289348208,551.8051147460938,96124,0.002683834750574876,0.0026802396970072506,53041714.849853516
2018-11-01,549.4418606564537,560.273151816348,548.949529240095,555.1528930664062,109226,0.006066957755280988,0.006048627867486993,60637129.89807129
2018-11-02,552.5928155055648,563.177941374189,551.6573737578294,554.6605834960938,151367,-0.000886799972514285,-0.0008871934122286599,83957308.54205322
2018-11-05,549.4419853418465,571.1045725775466,549.4419853418465,569.0368041992188,140781,0.025918951392777778,0.02558874888444738,80109570.33197021
2018-11-06,564.8026289283827,581.8373455856369,564.8026289283827,570.7598876953125,259120,0.0030280703873251102,0.0030234950162266955,147895302.09960938
2018-11-07,579.966496638022,579.966496638022,566.9197121211225,568.8890380859375,34093,-0.0032778225129473926,-0.003283206341202104,19395133.975463867
2018-11-09,571.1044852692756,579.7695068190676,562.3409613694874,566.033447265625,531454,-0.00501959192239021,-0.005032232391663763,300820739.68310547
2018-11-12,563.2271977884055,573.8123243202681,561.7009822617622,566.2304077148438,359942,0.0003479660966507758,0.0003479055704888611,203810105.4136963
2018-11-13,562.5378784414241,566.8211979307628,552.2481395612605,563.3748779296875,110885,-0.005043052697717876,-0.0050558118026088625,62469823.3392334
2018-11-14,567.1658313679245,576.0277974830483,563.276400886476,574.0584716796875,431328,0.01896356079855832,0.018785993835302318,247607492.47265625
2018-11-15,575.0431609897804,575.0431609897804,567.7074100155617,570.1690673828125,156975,-0.006775275496753275,-0.0067983318770132965,89502289.35241699
2018-11-16,572.9754085912475,572.9754085912475,558.3039062395101,568.4459228515625,64388,-0.0030221641787050446,-0.0030267401387272055,36601096.080566406
2018-11-19,574.9447059270707,574.9447059270707,557.4176577834376,560.0270385742188,438124,-0.014810352117772485,-0.01492112042166669,245361286.24829102
2018-11-20,563.2271864438168,563.2271864438168,553.3805573101837,556.8760986328125,282576,-0.005626406806050421,-0.005642294655184993,157359820.44726562
2018-11-21,557.3684697454181,561.5040662955964,549.5403870074125,551.6082153320312,215124,-0.009459704436434624,-0.009504731628049674,118664165.71508789
2018-11-22,551.4112122869192,570.612138429053,551.4112122869192,563.9164428710938,588100,0.02231335066620388,0.02206805013623436,331639260.05249023
2018-11-26,557.6637503659838,566.1318864693573,551.5096078921866,559.4854125976562,53829,-0.00785760076595321,-0.007888634384270747,30116540.27471924
2018-11-27,558.3038629637174,565.1965032472201,554.6113770975552,561.7501831054688,52652,0.004047952738029936,0.00403978182024907,29577270.64086914
2018-11-28,559.2884962652107,575.0431017938082,557.319170574136,560.2239379882812,120739,-0.0027169463635065005,-0.002720643961245993,67640878.04876709
2018-11-29,563.7195077810879,565.6888335724628,556.3345360634318,562.882568359375,150064,0.004745656497008532,0.004734431368940138,84468409.73828125
2018-11-30,562.8825182410661,568.8397162097438,560.3715800013906,562.6363525390625,40722,-0.0004374195154597249,-0.000437515211283142,22911677.548095703
2018-12-03,556.5314828776263,563.2271785751424,553.3805495790734,560.6177978515625,63727,-0.003587671998779851,-0.0035941231282782767,35726490.40368652
2018-12-04,560.2732289735832,569.1351956884554,556.4823005851779,561.1101684570312,288155,0.000878264313683319,0.0008778788652482013,161686700.59173584
2018-12-05,556.3345942435365,566.1812242301478,556.3345942435365,564.0149536132812,85850,0.00517685352991859,0.005163499691101024,48420683.767700195
2018-12-06,564.2119347489233,569.1352500608685,554.3653041250328,559.0916748046875,76272,-0.008728986309766151,-0.008767307074692967,42643040.220703125
2018-12-07,559.2885441278602,563.1287535937125,550.7711857454457,553.922119140625,103784,-0.009246347060825832,-0.009289359874055533,57488253.212890625
2018-12-10,549.4419074351334,561.2578624337384,546.4879186854821,553.8236694335938,114905,-0.00017773203782511793,-0.00017774783403544215,63637108.73626709
2018-12-11,547.6203207421731,557.2700055805566,547.6203207421731,554.0206298828125,104981,0.00035563747107492105,0.0003555742470589467,58161639.74572754
2018-12-12,559.0423710282463,563.2271884247589,554.168277570144,561.5040283203125,72595,0.013507436427201203,0.013417024255669444,40762384.935913086
2018-12-13,566.1319844473134,566.1812055758128,553.6267527565229,562.2425537109375,151320,0.0013152628536508004,0.0013143986531479197,85078543.22753906
2018-12-14,562.2424843870564,565.9841911775278,542.0568960684317,558.3038330078125,98357,-0.007005376375602501,-0.0070300292271529225,54913090.103149414
2018-12-17,558.30384890932,584.8897464764304,558.30384890932,580.754150390625,230206,0.04021164830960133,0.03942420043834061,133693089.94482422
2018-12-18,588.828470844909,597.8381612862568,567.510492969512,578.5879516601562,413782,-0.0037299754620983006,-0.0037369491671389414,239409279.81384277
2018-12-19,581.8865884776914,581.8865884776914,568.7905831239691,574.1077270507812,155299,-0.007743376951628189,-0.007773512563337986,89158355.90325928
2018-12-20,571.6952942152607,586.8591279364637,566.8212606111422,583.3635864257812,134271,0.01612216477654438,0.015993582849725584,78328812.11297607
2018-12-21,584.0528607544915,596.2626454406765,568.4459167258573,588.3361206054688,2025095,0.008523902237631553,0.00848777891226345,1191436536.1575317
2018-12-24,575.9293520504126,580.5572195834977,567.7073808073762,570.5629272460938,144403,-0.030209250693437384,-0.030674953120493065,82390998.38311768
2018-12-26,567.1658336467289,575.0431368918223,561.4055796883761,566.033447265625,81515,-0.007938615995138232,-0.007970294574533864,46140216.45385742
2018-12-27,535.6567166060896,595.7211646078755,532.0626723171764,581.5419921875,926443,0.027398636947680632,0.027030012349430713,538765507.8681641
2018-12-28,590.7978797519738,595.7211954165737,578.2434248072444,589.6162719726562,519520,0.013884259251484954,0.013788755904197144,306317445.6152344
2018-12-31,585.8743382200255,596.5086839359749,585.8743382200255,588.6806030273438,169943,-0.0015869116742353029,-0.0015881721522542339,100042147.72027588
2019-01-01,586.1205818943332,592.57011176685,583.1173721169532,589.6653442382812,40902,0.0016727937116891578,0.0016713961506253957,24118491.91003418
2019-01-02,584.2990498203583,594.7364536089711,584.2990498203583,592.4717407226562,115282,0.004759303750503152,0.0047480140709138105,68301327.21398926
2019-01-03,589.2223270724407,593.7517525547951,580.9511343405127,590.8469848632812,415471,-0.002742334777677713,-0.0027461018663491885,245479787.64813232
2019-01-04,593.7517884308887,605.567744419563,590.7977994337201,593.6040649414062,119061,0.004666318266417058,0.004655464754199979,70675093.57598877
2019-01-07,593.6040341979146,599.5120118862703,588.5330560748434,593.210205078125,316222,-0.0006635060076957133,-0.0006637262252226602,187586117.47021484
2019-01-08,590.7977917729592,617.2852501437372,590.7977917729592,603.1060791015625,214725,0.016681901185658488,0.01654428661171882,129501952.83508301
2019-01-09,605.5677090566791,639.7847462757353,605.5677090566791,633.0890502929688,304725,0.049714257956197994,0.04851799185409604,192918060.8505249
2019-01-10,632.2520187222004,638.4554430191655,621.3222846639302,625.0147705078125,165683,-0.01275378208076694,-0.01283580974777774,103554322.2220459
2019-01-11,625.2609551653044,633.1382585374657,620.3376405577036,628.707275390625,171998,0.005907868192958743,0.005890485170469077,108136393.95263672
2019-01-14,623.2915914595268,626.8856349443721,608.7678142493719,610.5894165039062,366016,-0.02881763834442963,-0.02924102023435795,223485495.87109375
2019-01-15,614.4296800482255,621.4700441717342,610.4910282530445,614.3312377929688,68669,0.006128211835847663,0.006109510709779118,42185511.76800537
2019-01-16,612.9527341961285,620.6330937855207,608.5217505754337,611.86962890625,440003,-0.004006973331784791,-0.004015022759181618,269224472.3276367
2019-01-17,611.9680094401567,623.8331856966994,608.5216891939128,613.7896118164062,377003,0.0031378954264951187,0.003132982507442476,231400525.0236206
2019-01-18,617.3836227779419,619.8452799660517,605.5676682750149,610.6879272460938,107504,-0.0050533350688904966,-0.005066146344553004,65651394.93066406
2019-01-21,615.4143112489473,634.8121823593249,603.1060250239684,608.1770629882812,427431,-0.004111534133539041,-0.004120009729784209,259953730.21014404
2019-01-22,610.4910814239869,620.1407671428117,602.3183902569943,610.3926391601562,95583,0.003642978840715738,0.0036363592650769973,58343159.628845215
2019-01-23,613.4450166763797,619.254552109888,602.8106688565364,610.4910278320312,159259,0.0001611891519701647,0.00016117616239464197,97226190.60150146
2019-01-24,610.4910435042206,619.7468994937467,605.6661708949671,608.7678833007812,129335,-0.002822555046171904,-0.002826545966162861,78734994.18670654
2019-01-25,617.8268085428174,623.2916761479999,606.2077972157947,610.09716796875,222746,0.0021835656979163343,0.0021811851830483486,135896703.7763672
2019-01-28,611.4757472719806,614.8728467766374,586.1206740155337,590.059326171875,285382,-0.032843689249679286,-0.03339515155546786,168392310.62158203
2019-01-29,590.8961609961011,608.4724291883228,586.5636804513709,596.8041381835938,302014,0.011430735372792045,0.011365898140899867,180243204.98937988
2019-01-30,597.6904585251395,606.9463150361586,586.8591652075505,590.7485961914062,260752,-0.01014661528758476,-0.010198443070919529,154038877.95410156
2019-01-31,591.2900968663832,598.4289031982422,584.5944008783821,585.8744506835938,780410,-0.008250794905373282,-0.008285021105914671,457222280.0579834
2019-02-01,590.7977226073822,594.7363740914315,579.0802104027149,581.8865356445312,546770,-0.006806774103921831,-0.006830045854592752,318158101.09436035
2019-02-04,584.8897734573708,589.8130880487628,562.3409685891733,580.7049560546875,146249,-0.0020306013586222083,-0.0020326658247729707,84927519.11804199
2019-02-05,580.7050253463118,584.8898432483412,573.0738868190817,575.043212890625,53619,-0.009749775862993193,-0.009797616136277205,30833242.031982422
2019-02-06,576.0278829734675,580.951198212557,566.1812524952886,570.5137939453125,690808,-0.00787665838632201,-0.007907843122270976,394115492.96777344
2019-02-07,571.1045518216761,575.4370931509823,566.2304578509719,568.396728515625,570245,-0.003710804983429461,-0.00371770710047282,324125392.4523926
2019-02-08,568.3966907700321,574.9939445883005,566.1811991212967,568.6920776367188,130409,0.0005196179117095134,0.0005194829570703035,74162565.15252686
2019-02-11,567.1658793165268,570.2183105301692,552.4451556720934,558.1561889648438,339881,-0.01852652619262496,-0.01870029180773256,189706683.66156006
2019-02-12,561.1102124277913,576.6679366256434,553.4790738253126,565.8858642578125,288095,0.013848588344606894,0.013753572860312415,163028888.0633545
2019-02-14,561.159409095514,565.6888343825411,556.2360946100263,559.830078125,24238,-0.010701426763425115,-0.010759098848910787,13569161.43359375
2019-02-15,559.8299794137027,566.9687841589194,553.3804505947294,560.1253662109375,72417,0.0005274602017213414,0.0005273211434854495,40562598.64489746
2019-02-18,560.7655563277198,563.3256559868712,554.6606339492922,558.7470092773438,33962,-0.002460800772009053,-0.0024638335185738196,18976165.92907715
2019-02-19,564.8519061187694,564.8519061187694,552.2974539327516,553.8236694335938,91484,-0.008811393639703957,-0.0088504435271602,50666004.57446289
2019-02-20,555.9406832161488,562.3409924566067,547.4726057991661,552.9866943359375,1156061,-0.0015112663900989087,-0.00151240950499574,639286350.8406982
2019-02-21,553.3806077880379,557.0238729196217,551.4112817816747,553.2821655273438,97421,0.0005343188080881855,0.0005341761106222111,53901301.847839355
2019-02-22,556.5807539796318,561.257903172738,548.211118581442,551.2635498046875,207746,-0.0036484380817376483,-0.0036551098646237317,114522797.41772461
2019-02-25,554.3651997775318,556.1868020604479,546.8325047285002,552.3958740234375,256241,0.0020540524022514273,0.002051945720945104,141546471.15563965
2019-02-26,552.3959323354293,555.3499212783995,546.4879544494889,550.8204956054688,205333,-0.0028519011311476383,-0.002855975549581426,113101624.82415771
2019-02-27,554.3651966544543,557.2699641451894,552.4943131589835,554.6605834960938,91914,0.006971577712270749,0.006947388623374319,50981072.87145996
2019-02-28,556.3345863888276,573.0738571297303,556.3345863888276,569.6767578125,232357,0.02707272657046844,0.026712743016079742,132368382.41503906
2019-03-01,573.0245849243391,612.5587641791379,507.64294452444494,598.5765991210938,11513018,0.05073024467342879,0.049485393559015614,6891423160.059937
2019-03-05,589.8130934294336,607.5370261201344,586.9575469007541,598.4288940429688,967319,-0.0002467605287975738,-0.00024679097918626575,578871639.3567505
2019-03-06,598.6750145798674,612.2633499304555,592.7670374623029,598.6257934570312,594253,0.00032902725122818666,0.00032897313363261163,355735173.6392212
2019-03-07,600.6444749935213,603.0076904101708,580.9512135183238,583.0189819335938,326651,-0.026071064250855258,-0.02641693924458081,190443733.46759033
2019-03-08,577.9972349926704,587.2530920969152,576.4217980851275,578.1449584960938,195823,-0.008359973840534662,-0.008395114408380191,113214080.20758057
2019-03-11,580.7050109278863,616.7929343325077,578.391076890901,612.9035034179688,693313,0.0601208129744677,0.05838287613359025,424933966.66522217
2019-03-12,613.4450609146318,625.1625748818391,602.613767704261,613.3466186523438,398863,0.000722977160195537,0.0007227159381059419,244641272.3555298
2019-03-13,608.5216732094189,611.9679933651356,600.8413145964894,605.9122924804688,253418,-0.012120921426468145,-0.01219497883231092,153549081.33581543
2019-03-14,609.5063321118362,611.4264367772334,601.6290289504554,605.46923828125,233675,-0.00073121837057466,-0.0007314858411215928,141483024.2553711
2019-03-15,603.6967777201131,610.2448098036128,601.6290097458773,605.6168823242188,505837,0.00024385060979792428,0.00024382088307046377,306343426.90423584
2019-03-18,606.6015479290951,611.3771988992514,596.7549192471877,601.4320678710938,91435,-0.0069100029660081885,-0.00693398758957556,54991941.12579346
2019-03-19,603.5983639506571,613.1988273250763,592.767071938492,602.5152587890625,1038136,0.0018010195595372647,0.0017993996684890243,625492780.6982422
2019-03-20,604.4352854395568,610.4909861971008,598.2811424335376,603.4506225585938,816543,0.0015524316702137941,0.0015512278938611,492743381.6958618
2019-03-22,600.6444122537571,609.5063789919272,595.7210973992181,606.06005859375,741217,0.0043241914708653795,0.00431486901997344,449222018.4506836
2019-03-25,592.8163171397314,607.4878191371271,592.8163171397314,601.6782836914062,93192,-0.007229935119814401,-0.007256197762094725,56071602.61376953
2019-03-26,602.6137033142612,608.4232385459651,597.4934441421068,600.25048828125,167512,-0.002373021345221993,-0.002375841422660439,100549159.79296875
2019-03-27,598.1334800704669,611.2787055138917,598.1334800704669,609.2109375,302382,0.014927849945457261,0.01481752616959873,184214421.703125
2019-03-28,610.4910358454256,615.2174060386109,604.18916885514,606.7493286132812,89907,-0.004040651168904397,-0.004048836657081032,54551011.88763428
2019-04-01,575.9293256890899,590.6992684566434,574.4523314123345,589.0253295898438,953998,-0.029211402778055784,-0.029646550952747413,561928986.3780518
2019-04-02,590.7976674753245,594.6378763535328,581.9849235823416,591.9300537109375,687704,0.004931407827769352,0.004919288264196777,407072665.65722656
2019-04-03,592.769836070494,607.5890819722563,587.8300874365732,594.6963500976562,999883,0.004673350118609809,0.004662463921442252,594626770.6246948
2019-04-04,596.6229645528639,596.6229645528639,582.8904369191358,587.5338134765625,1064749,-0.01204402317235942,-0.012117140093761018,625576040.3653564
2019-04-05,590.7939321021003,606.5023567577915,588.916803515689,604.7239990234375,855081,0.029258206340767146,0.02883835476289982,517088001.80895996
2019-04-08,603.6373522952637,620.4324995768012,603.1927628072883,612.331298828125,1180323,0.012579788162818906,0.012501320017525864,722748715.626709
2019-04-09,621.914431615302,621.914431615302,607.5891587663394,610.7506103515625,391977,-0.002581426883759841,-0.0025847645112695183,239400191.9937744
2019-04-10,613.516851538644,618.950575666603,609.5650521728556,613.8626098632812,471405,0.005095368647977994,0.005082431185963999,289377903.6026001
2019-04-11,617.369865057342,622.1120121212673,614.0601969890122,617.4192504882812,1717441,0.005793870758461939,0.005777150840223635,1060381134.9778442
2019-04-12,619.7408690955796,619.7902545233835,612.8252208123201,617.6661987304688,201752,0.00039996848493495385,0.00039988851886237867,124615390.92626953
2019-04-15,619.3457711046332,619.938516881384,610.7012101122632,615.8385009765625,137884,-0.0029590380008859274,-0.002963424609395981,84914275.86865234
2019-04-16,618.4565629194191,618.4565629194191,607.6878861864177,610.256591796875,382679,-0.009063917197180804,-0.009105244408480833,233532382.29223633
2019-04-18,613.5168261084744,613.9120301485412,604.3782904538796,607.4903564453125,322285,-0.004532905320067782,-0.004543210087536531,195785029.52697754
2019-04-22,610.4047843126286,617.1722768940874,597.9566404528109,608.8734741210938,427291,0.0022767730567354594,0.002274185136286848,260166155.63067627
2019-04-23,610.5529622337606,611.4421411529977,590.7939666922149,592.9674682617188,1108991,-0.026123663676324904,-0.026470948160396565,657595585.5950317
2019-04-24,594.7457686174482,607.5891157802835,593.0168564993742,602.9457397460938,222954,0.016827687889229725,0.016687670940570033,134429164.4593506
2019-04-25,602.254198706396,612.2325282762018,600.7228885134094,606.9469604492188,225934,0.006636120697709691,0.006614198580518045,137129954.5621338
2019-04-26,617.468659201525,637.0300542650947,617.468659201525,629.571044921875,2193690,0.03727522493219437,0.0365972989828057,1381083705.534668
2019-04-30,627.4468869392621,636.9806265239712,627.4468869392621,632.1396484375,798810,0.004079926382166699,0.00407162605135797,504959472.5683594
2019-05-02,632.2385181032128,650.0710008226845,632.2385181032128,642.661376953125,1022283,0.016644626771366466,0.01650762313068545,656981800.4157715
2019-05-03,642.1673972382684,657.9745947087489,641.1300619642027,656.1469116210938,809596,0.02098388848557242,0.020766758926358254,531213915.060791
2019-05-06,652.0468139648438,659.7528097063134,644.3408182233742,652.0468139648438,510425,-0.0062487494547832645,-0.006268354604106202,332820995.0180054
2019-05-07,650.0709510441059,657.2335869028745,650.0709510441059,654.1215209960938,400330,0.0031818375411336586,0.0031767862082420183,261864468.5003662
2019-05-08,647.1564672036404,653.4299842525708,642.1179476333398,642.710693359375,290783,-0.01744450728259539,-0.01759845569641264,186889343.54711914
2019-05-09,643.2047069659288,648.5890454503941,633.2758235090672,644.3902587890625,347971,0.0026132526610200824,0.002609844053362201,224229122.74108887
2019-05-10,642.2660935963759,659.9504178348714,631.4974777486304,634.3131103515625,758566,-0.015638269356270218,-0.01576183703996785,481168358.86694336
2019-05-13,632.0902634055084,638.0673475734048,601.1674470470798,612.5288696289062,324189,-0.034343040317395546,-0.034946622037800405,198575121.7161255
2019-05-14,611.0469633620497,631.2505492308021,587.4843842867933,608.181884765625,1232277,-0.007096783643707805,-0.007122085592117541,749448548.4133301
2019-05-15,616.4806843158908,641.7721754500076,609.318048159977,621.272216796875,552190,0.021523712493170644,0.0212953484110767,343060305.3930664
2019-05-16,625.1252213667058,640.8830323690322,618.4565603722763,623.346923828125,363954,0.0033394492384459795,0.003333885660587667,226869606.3149414
2019-05-17,627.1998967355373,638.1661755261841,615.8384742107879,622.161376953125,387017,-0.0019019053911732975,-0.001903716309726579,240787029.62426758
2019-05-20,636.0914461675816,649.7745868957737,628.3360644603833,637.919189453125,523465,0.025327532507996242,0.025012105457329875,333928368.5070801
2019-05-21,642.167423399585,655.99872174973,638.2650093051448,651.7505493164062,396784,0.021681993725786164,0.021450282622987305,258604189.95996094
2019-05-22,651.7504962699968,659.5058780938136,644.9830039482529,651.7011108398438,361789,-7.585490585981791e-05,-7.585778298868656e-05,235778293.18963623
2019-05-23,656.9866065381614,675.6588815806927,656.9866065381614,663.3095092773438,528882,0.017812457650318025,0.017655674879884675,350812459.8856201
2019-05-24,667.8046376973325,681.6853194612108,657.1347925830904,677.7335205078125,541134,0.02174552155325382,0.021512460338627443,366744650.8864746
2019-05-27,673.7817138713194,695.5166078671685,673.2877390077774,690.4780883789062,1669747,0.018804688694672445,0.018630066286379834,1152923716.6364136
2019-05-28,691.564832219924,695.4178604050164,676.8443566713755,690.3298950195312,373366,-0.00021462427536678153,-0.00021464731045255455,257745711.5838623
2019-05-29,679.8576619560995,694.5286919986501,669.8793330463033,671.8058471679688,1286226,-0.026833616775409075,-0.02720021118418178,864094147.5794678
2019-05-30,671.8058021010312,678.3262460603812,665.8781038471986,671.70703125,550276,-0.00014708999391011002,-0.00014710081270416817,369624258.328125
2019-05-31,676.646848674103,687.6130674401332,668.1998295627956,685.8841552734375,650980,0.021106112283884926,0.02088646354115231,446496867.39990234
2019-06-03,678.7214905880732,692.5527873395041,678.2275157040935,687.2178344726562,167500,0.0019444671362718324,0.0019425791071273858,115108987.27416992
2019-06-04,681.9323162613765,691.5648263425767,679.2154544436021,689.984130859375,410079,0.004025355932215424,0.004017275863202681,282948002.39868164
2019-06-06,688.6009927427457,691.9106003670506,681.191369434897,687.9588012695312,1320152,-0.0029353277840190595,-0.002939644307629452,908210187.4135742
2019-06-07,690.4781588184136,693.5407791649426,685.6865659734394,690.0335693359375,680274,0.0030158318529796,0.0030112933547057344,469411896.34643555
2019-06-10,688.6009887852807,691.5648380913866,686.7733058330494,690.6756591796875,449355,0.0009305197200302207,0.0009300870549370032,310358560.8306885
2019-06-11,687.1191927356149,696.504717294908,685.6866532429448,692.5529174804688,402010,0.0027180026917568156,0.002714315601942915,278413198.35632324
2019-06-12,691.4661174975962,693.5407880428124,686.8721266193238,691.5155029296875,387860,-0.0014979570868828285,-0.0014990801462698572,268211202.9663086
2019-06-13,691.5649210387367,700.4564700235204,685.6372217155475,690.9227294921875,437375,-0.0008572091803996651,-0.0008575767942854915,302192328.8116455
2019-06-14,691.5155043498563,692.5528396245948,687.6130904118659,691.1203002929688,375865,0.00028595209326298665,0.0002859112167554622,259767931.6696167
2019-06-17,692.9480342517048,698.4805291748047,689.8853536016867,691.5648803710938,486849,0.0006432745181070842,0.0006430677057409253,336687670.4437866
2019-06-18,692.5034805655598,699.4685151608279,690.7251828411877,695.5661010742188,1561472,0.005785748838168292,0.005769075673608734,1086106990.9765625
2019-06-19,697.4924869253892,700.456336019973,677.9804803860459,687.9093627929688,358961,-0.011007923286406651,-0.011068958803454439,246932632.77752686
2019-06-20,688.0082842487378,696.5046286485535,681.7347666619582,690.0335693359375,1024232,0.0030879163126147358,0.0030831584910249047,706754462.7880859
2019-06-21,696.5046375643628,702.4323366074639,686.526368295012,691.5155029296875,3605899,0.002147625361438754,0.002145322510610031,2493535060.498657
2019-06-24,696.6528311616731,704.8034170768611,690.527530292749,702.037109375,376039,0.015215286426315089,0.015100694856208867,263993332.57226562
2019-06-25,666.8661294921053,676.696242275664,661.4324054740215,666.2239379882812,3513192,-0.05101321697737893,-0.05236040773724394,2340572609.148926
2019-06-26,687.1189970293588,735.0345561320531,684.4021354307524,708.8045043945312,6255032,0.0639132939816387,0.06195389698015115,4433594856.731934
2019-06-27,697.4925047116587,729.1068958600625,697.4925047116587,718.1900634765625,4196283,0.013241393111699473,0.013154492151885966,3013728754.13562
2019-06-28,716.2636318101701,725.9949135845495,708.3600331143338,714.9793090820312,1184510,-0.004470619349686955,-0.0044806424525126514,846900141.4007568
2019-07-01,716.0660686670392,730.0949691738881,707.4215071240467,727.0323486328125,610864,0.016857885812466833,0.016717368671261373,444117888.6152344
2019-07-02,731.0828742333058,743.6298491348119,731.0828742333058,740.7647705078125,1257045,0.018888323058559697,0.018712153591436895,931174650.9429932
2019-07-03,740.9622975473851,751.7309737249402,732.2683519827623,747.7791748046875,554389,0.009469138620167517,0.00942458734770111,414560548.9407959
2019-07-04,750.8418386876491,753.0647257100796,743.4816007090006,748.273193359375,271994,0.0006606476501789249,0.0006604295185868766,203525818.95458984
2019-07-05,750.4466275564467,767.1430029313561,736.615330658779,744.4695434570312,1195407,-0.0050832368927546945,-0.0050962004914307385,889944103.5353394
2019-07-08,739.7768114477333,759.0418328932454,730.6876610647881,750.051513671875,787426,0.007497916152383155,0.007469946501458419,590610063.2045898
2019-07-09,745.9021434356729,753.8057423065145,738.5912903602749,749.8539428710938,594218,-0.00026340964211113427,-0.000263444340524311,445576710.2249756
2019-07-10,742.7406812655365,749.1623552567783,731.0828851567553,733.0093994140625,459594,-0.0224637659335839,-0.02271991971098581,336886721.91430664
2019-07-11,735.0346101155678,752.8177055215896,735.0346101155678,745.0128784179688,292405,0.01637561402828025,0.01624297968124251,217845490.71380615
2019-07-12,746.890047360685,779.7887635773525,744.2719562758621,771.2924194335938,1817841,0.03527394193698963,0.03466606989622701,1402086983.0355835
2019-07-15,771.0949190753503,785.321422163428,756.7696451143092,774.108154296875,585738,0.0036506709936927617,0.003644023468047694,453424562.08154297
2019-07-16,773.5646583266242,778.8996111246059,760.9189135199156,766.5007934570312,440957,-0.009827258371607694,-0.00987586458117351,337993890.3804321
2019-07-17,763.6851752006085,783.5429415355045,747.8779788187071,756.028564453125,880172,-0.013662385079439954,-0.013756574346420594,665435173.6318359
2019-07-18,756.7695066586281,765.6610543869931,728.1189639783406,731.9225463867188,424234,-0.03188506254898371,-0.032404461718070106,310506429.54382324
2019-07-19,736.3683645519538,741.950305081557,723.0310421570124,735.8743896484375,577254,0.005399264281757521,0.005384740509367788,424786434.92211914
2019-07-22,740.1719207853291,754.7935641567042,726.6369979545235,752.9658813476562,409528,0.02322609937191067,0.02296047855287334,308360611.45654297
2019-07-23,754.7936580701974,770.6008550978454,754.7936580701974,766.5996704101562,708849,0.018106781994023713,0.017944806531106257,543403409.7705688
2019-07-24,773.0706593535093,798.7573521882586,746.0996439369558,763.191162109375,8522595,-0.004446268935854869,-0.004456182987520924,6504369182.237549
2019-07-25,760.6225201591641,790.3597828697729,759.7827267100653,787.7911376953125,892300,0.032233045673571326,0.031724461017131604,702946032.1655273
2019-07-26,789.4705977110227,797.2754246246119,773.5646313272257,785.518798828125,848649,-0.002884443297794914,-0.0028886113212450736,666629743.1066895
2019-07-29,783.4441419797115,795.7441282737526,772.8730677266093,787.74169921875,655785,0.0028298500226109358,0.0028258535349009323,516589190.22216797
2019-07-30,788.3838834125984,795.299531512709,772.4779169022107,787.7911376953125,629929,6.275975565528391e-05,6.275778634421419e-05,496252483.5772705
2019-07-31,773.5646139655449,790.3597588409144,765.6610163771359,787.9392700195312,490133,0.000188035022394617,0.00018801734602560976,386195038.2324829
2019-08-01,780.8261301397722,793.9164654898578,743.481638333047,767.6370239257812,789834,-0.02576625745946992,-0.026104022056227645,606305821.1553955
2019-08-02,748.174362242034,793.32367960449,748.174362242034,782.1104736328125,941917,0.018854548772299307,0.01867900486916151,736683150.9927979
2019-08-05,780.4803452748798,785.4200942956069,764.8213649990432,780.8755493164062,538695,-0.0015789640441332686,-0.0015802119216016897,420653754.03900146
2019-08-06,778.6032299874242,790.4092424109954,770.6996314176256,777.714111328125,700080,-0.0040485810972681335,-0.004056798789212885,544462095.0585938
2019-08-07,780.7273257165161,791.9405317730258,772.8237273543116,777.0718994140625,487084,-0.0008257686271961884,-0.0008261097619208502,378499289.0541992
2019-08-08,785.4201649818741,817.034561559761,773.8611391731491,803.1044921875,1081958,0.033500880411538425,0.03295195201309028,868925330.1582031
2019-08-09,800.7826992964647,804.9814859515319,785.5188628081099,792.0393676757812,714830,-0.013777938760595743,-0.013873735497674502,566173501.1956787
2019-08-13,787.6429941532871,792.039382913105,752.5213901051633,761.956298828125,432634,-0.037981784839728694,-0.03872189381765261,329648201.38720703
2019-08-14,770.6009123821814,806.9574561884825,766.6491128315035,802.363525390625,1042108,0.05303089773605851,0.0516725753007062,836149448.7177734
2019-08-16,791.4464754350932,828.7910220934706,791.4464754350932,825.2837524414062,1340618,0.028565888559830332,0.028165490829803935,1106390253.6304932
2019-08-19,827.1115946636442,848.4512864829062,823.011578823989,839.6585693359375,999684,0.017418029680102975,0.01726807457848544,839393237.2280273
2019-08-20,839.7573304736602,852.057317550532,821.5296445934449,843.5609130859375,1032233,0.004647536382658801,0.004636769930874746,870751411.9974365
2019-08-21,842.2271863952349,846.6729603996672,814.2682197161831,819.4549560546875,469687,-0.028576427211480127,-0.02899268254536784,384887339.944458
2019-08-22,816.2440951950261,827.5561318880954,795.8429087455299,805.3766479492188,451114,-0.0171800878150149,-0.017329377871874566,363316681.16296387
2019-08-23,805.129748755943,820.0477674903708,802.4622720796768,811.3538208007812,545349,0.00742158698887363,0.007394182518403969,442470994.81988525
2019-08-26,827.9018546393582,829.3343937747412,808.2910770711678,817.1331787109375,606859,0.007123104325129415,0.007097854849710081,495884623.6993408
2019-08-27,817.0345073056357,836.7935038547441,817.0345073056357,824.1971435546875,851189,0.008644814612587037,0.00860766216653987,701547542.4251709
2019-08-28,829.8779112708198,831.6562090207506,811.6502236597577,818.4671020507812,538964,-0.006952270520124704,-0.0069765501506292545,441124303.18969727
2019-08-29,817.8248436548818,829.6802414183243,812.3911196799705,825.036865234375,338992,0.008026911731860986,0.007994867439475185,279680897.01953125
2019-08-30,829.877828534077,836.7934771051943,800.23933465786,828.593505859375,6692265,0.004310886912901379,0.004301621658013696,5545167318.48999
2019-09-03,822.7644939807944,838.4235328271941,786.753715536154,801.4248046875,592127,-0.03278893809781558,-0.03333854270995859,474545265.3251953
2019-09-04,806.1670699979571,819.9983677675299,802.215270635222,816.4417724609375,423307,0.018737837518384648,0.018564446869408908,345605517.3751221
2019-09-05,821.5295881919171,824.9380268297698,810.8103577116602,821.2332153320312,332593,0.005868689026838014,0.005851535351727949,273136418.78692627
2019-09-06,824.4441100799429,826.9139845858743,811.4031606286903,825.4814453125,308380,0.00517298850211656,0.00515965456154076,254561968.10546875
2019-09-09,822.9622405107465,824.9381402478672,791.4466155838024,797.0779418945312,640219,-0.034408409273470886,-0.035014318094930344,510304442.8817749
2019-09-11,802.2151933226404,804.0428762318953,785.4200476496295,790.0140380859375,579309,-0.008862249771714903,-0.00890175307248615,457662242.38952637
2019-09-12,779.4430522428316,789.322550819204,774.7502904190547,783.2960205078125,3737190,-0.008503668611258508,-0.0085400310909153,2927326054.881592
2019-09-13,787.5441917835898,798.0164353388591,782.7032137384228,788.6802978515625,3681750,0.006873872971114192,0.006850355615007105,2903723686.61499
2019-09-16,776.4297421672603,789.1248724905907,775.5405632614883,786.8526000976562,2172276,-0.0023174127195583205,-0.002320102076117482,1709261018.7297363
2019-09-17,786.2103784755956,792.3356788257025,784.382695605652,788.5814819335938,1013597,0.002197211823056655,0.002194801483198073,799303824.3434448
2019-09-18,792.4344375245236,797.2754152188285,788.4826386882468,793.2742309570312,715018,0.005950873981888316,0.005933237465184991,567205354.0704346
2019-09-19,794.3116161281704,795.2995658994741,789.3718672716519,792.1875,456281,-0.0013699309956408667,-0.0013708702089769115,361460104.6875
2019-09-20,794.3115723669854,815.5524912797841,790.7055317805278,806.315185546875,1918256,0.017833764792899442,0.01767660891286868,1546718942.5664062
2019-09-23,812.0947172789469,812.0947172789469,779.4923746144636,782.1598510742188,1590491,-0.02995768268493315,-0.030415582338292023,1244018203.6948853
2019-09-24,782.4562323866201,793.9658715409628,777.5164834447853,785.5682983398438,976843,0.004357737438125842,0.004348269994792585,767376893.255188
2019-09-25,783.7405183187635,790.2610227961804,767.7357204374072,786.9513549804688,1031592,0.0017605810259246901,0.0017590330198107413,811812722.1870117
2019-09-26,788.6309425355965,813.7742774737405,788.6309425355965,806.562255859375,1672809,0.024920092906369096,0.024614651411350046,1349224600.6618652
2019-09-27,809.476714356982,837.4357443492031,809.476714356982,832.3477783203125,1994366,0.031969661701394037,0.031469269051085214,1660006109.2575684
2019-09-30,832.6440283519155,841.3379739991776,826.1729696184251,836.20068359375,961777,0.0046289608428013995,0.004618280151211687,804238584.8647461
2019-10-01,835.8054895577637,838.7693388115147,794.3116000052506,817.6766357421875,759109,-0.022152634188184916,-0.02240168880422759,620705693.2816162
2019-10-03,817.9237018874661,826.0742881195988,810.1682594140572,820.6405639648438,455628,0.003624817064713959,0.0036182632481535724,373906818.8781738
2019-10-04,820.9862881383644,834.6199833904753,812.1441253217054,814.317626953125,569471,-0.007704879930831243,-0.0077347158719085155,463730273.33862305
2019-10-07,814.0705560192723,825.9259524661549,811.1560923328141,817.923583984375,341633,0.0044281947386330955,0.0044184191325454545,279429687.767334
2019-10-09,816.0465749454128,833.7309013552615,816.0465749454128,827.1610107421875,506576,0.011293752789000022,0.011230454500598739,419019916.1777344
2019-10-10,825.1355921392445,837.7813360958529,795.9910763198723,817.2319946289062,5286384,-0.012003728396690505,-0.012076354922250425,4320202140.694336
2019-10-11,821.9742713110186,832.6441175806019,820.9863214656929,829.482666015625,384745,0.01499044514560599,0.014879198799792706,319139308.33618164
2019-10-14,835.9043414514715,837.3862662220151,812.094774257939,818.7140502929688,366115,-0.01298232761678153,-0.013067334558780069,299743494.52301025
2019-10-15,819.0104209492207,833.8296686141643,819.0104209492207,827.9513549804688,394890,0.01128269959968864,0.011219524689467556,326949710.5682373
2019-10-16,826.4199276260144,881.7451110654129,821.9741539567771,866.7776489257812,3634345,0.04689441440219455,0.045828080959939704,3150169014.4851685
2019-10-17,869.395822948434,917.3113881904784,869.395822948434,892.0198974609375,3687636,0.02912194213410979,0.028705955306018764,3289444686.5932617
2019-10-18,894.8849019968062,918.7932988217799,888.1668555277206,914.7921142578125,1819540,0.025528821567427196,0.02520840302802741,1664500843.5766602
2019-10-22,918.002986915166,985.4799477164158,918.002986915166,977.2305908203125,2040975,0.06825427940331275,0.06602580152818135,1994503205.0994873
2019-10-23,982.0220754181445,1000.1015442235548,958.4594974266209,974.069091796875,1357514,-0.0032351617449711823,-0.0032404061948797646,1322312429.081543
2019-10-24,979.4535473649705,981.9728075304488,943.1463888222456,957.9656372070312,982596,-0.016532148207410557,-0.01667032923929183,941293203.2570801
2019-10-25,962.2630657116475,987.9497594575437,953.618505316394,970.3148803710938,975234,0.012891112879650946,0.012808729735555888,946284062.0438232
2019-10-27,978.0702427166015,986.9617903776615,965.3751126759547,981.97265625,150914,0.012014425538282802,0.011942825248148776,148193421.4453125
2019-10-29,986.4679113081266,1007.7088327834643,969.1787891770377,1002.1268920898438,880342,0.020524233247807055,0.020316449431490857,882214392.4361572
2019-10-30,1003.7570580981072,1017.5883561427661,964.3378345509595,987.7522583007812,7610404,-0.014344125382251272,-0.01444799684207053,7517193737.581299
2019-10-31,993.8774565496171,1001.0894777230952,975.1064111475865,979.5521850585938,849468,-0.008301750943393471,-0.008336402389471996,832098235.5373535
2019-11-01,981.3305182392025,996.8413420636552,981.3305182392025,985.4799194335938,655253,0.006051473791205408,0.006033237159034524,645738673.6486206
2019-11-04,990.9136383412493,991.0124092002789,977.7739182078247,986.6654663085938,875743,0.0012030147460349028,0.0012022917036243381,864065375.4614868
2019-11-05,987.9498046566589,990.9136540706289,954.4582821589299,958.1137084960938,1230007,-0.028937627582447556,-0.02936457751430891,1178486568.2461548
2019-11-06,962.70771080749,968.1908202294675,930.204137722775,957.2739868164062,1420970,-0.0008764321731765667,-0.0008768164644068619,1360257617.0465088
2019-11-07,961.6703170545829,979.0582086483496,956.5329662610759,974.5630493164062,1351432,0.018060725286705104,0.01789956790789694,1317055690.8637695
2019-11-08,993.8775123482471,1009.6847093637263,964.7329928509575,970.3643188476562,5656687,-0.004308321018014372,-0.004317628575929851,5489047227.689392
2019-11-11,970.166684653039,970.166684653039,956.7799771844101,958.2619018554688,2078020,-0.012472034221703066,-0.012550462832366823,1991287397.2937012
2019-11-13,972.6366346816061,988.8884218969623,954.5571643497954,976.24267578125,4039409,0.018763945317000763,0.018590074133971308,3943443450.7348633
2019-11-14,986.9618342580881,1000.7931312346778,973.0317664229618,987.8510131835938,3441700,0.011890831747397357,0.011820691279086573,3399886832.0739746
2019-11-15,996.0510095527973,1013.6365040941058,983.4546494873003,990.7654418945312,2687762,0.0029502715207478936,0.0029459280106505312,2662941705.637329
2019-11-18,992.790738024,1000.7931069607788,983.9979610394231,987.9991455078125,2144563,-0.0027920800118230726,-0.00279598513786267,2118826411.487671
2019-11-19,943.4427053490651,958.3113382799693,918.7933449488365,925.264404296875,60449782,-0.06349675654698372,-0.06560229372650464,55932031532.10596
2019-11-20,928.672715622746,937.2678900506766,924.8196876827434,928.3763427734375,2976893,0.00336329643949429,0.0033576532077251742,2763677036.1678467
2019-11-21,931.093323743164,934.0571732153372,904.962038836902,918.3981323242188,2642185,-0.01074802317711998,-0.010806200413944927,2426577769.255066
2019-11-22,919.7811941018279,934.3534525475873,919.7811941018279,931.2908325195312,3125980,0.014038247402229143,0.013940623789222246,2911196516.6394043
2019-11-25,932.1306264300705,942.8993032559138,932.1306264300705,940.1329956054688,3604001,0.009494523920111853,0.00944973420934768,3388240256.295105
2019-11-26,945.8631600889078,966.1655163642189,926.5486933112619,947.3944702148438,43473998,0.00772388017793002,0.007694203729030435,41187025303.33118
2019-11-27,952.383705274224,953.5692572162434,931.8343593780351,936.7741088867188,1542111,-0.01121007316595013,-0.011273379593900325,1444609657.8294067
2019-11-28,942.3558693722006,960.9787588227736,936.7739893196486,959.4474487304688,1885171,0.024203636318146593,0.02391537043851305,1808722506.3706665
2019-11-29,958.3113138220457,958.3113138220457,943.5414521315552,948.481201171875,1071258,-0.011429753211709692,-0.011495574871820728,1016068074.6049805
2019-12-02,947.5920593276188,947.5920593276188,926.9932701539354,932.4763793945312,643539,-0.016874158135732564,-0.017018148855385516,600084916.7191772
2019-12-03,934.6993131982563,954.3595390014892,934.6993131982563,951.7908935546875,1612054,0.02071314039364447,0.020501540248282754,1534338317.1184082
2019-12-04,951.1980421474459,963.2510415997043,948.4811802352416,960.5341796875,1122303,0.009186141821717397,0.009144205845177188,1078010391.4658203
2019-12-05,957.3233450372115,962.7570688738521,943.4920479984903,954.7546997070312,814043,-0.00601694359522853,-0.006035118341296755,777211380.0136108
2019-12-06,959.2991616433359,962.2630107524295,933.8100713650628,952.5811157226562,1235405,-0.0022765889343534518,-0.00227918430274765,1176823473.2693481
2019-12-09,953.1739242955599,953.1739242955599,927.0920865949868,930.648681640625,861577,-0.023024216751759363,-0.02329341409584644,801825499.1818848
2019-12-10,938.5522693178185,956.3353649469983,935.5884200462887,938.404052734375,1610114,0.008333296169375393,0.008298765957876621,1510937502.9643555
2019-12-11,938.5523354922391,960.2378462511783,913.3596149079737,954.9028930664062,1616587,0.017581808479999683,0.017429036557134438,1543683603.1935425
2019-12-12,959.2992085766467,959.2992085766467,944.1342040130414,948.8269653320312,862822,-0.0063628749881192714,-0.006383204358552877,818668779.8817139
2019-12-13,953.2728451385514,970.8583406069952,951.6427037477927,963.15234375,1119572,0.015097988296481235,0.014985148027623635,1078318395.796875
2019-12-16,962.0655470955687,967.993246166151,952.2848798089119,957.8667602539062,526157,-0.005487795913483917,-0.005502909183198164,503988300.97491455
2019-12-17,963.2510554773836,966.6594943490069,956.3354068739562,960.83056640625,822269,0.003094173715306736,0.003089396611406025,790061189.0083008
2019-12-18,963.2509965543211,964.8316920185435,947.4438007134296,953.12451171875,628845,-0.00802020143501736,-0.008052536254436332,599367583.5717773
2019-12-19,956.9281646499901,963.3004530030954,953.8161589191743,958.0643310546875,906299,0.0051827639255963565,0.005169379629820907,868292745.1705322
2019-12-20,960.2872716845568,995.9028523655975,960.2872716845568,980.7872314453125,10219499,0.023717510039863887,0.02344061945674031,10023154130.96814
2019-12-23,989.9257423550986,999.5088678889298,975.6498550685859,984.7883911132812,1347986,0.004079538904755653,0.004071240148328112,1327480964.1832275
2019-12-24,985.9738983668163,987.8510271028136,973.1305509933007,982.7630615234375,716972,-0.0020566139976062603,-0.002058731732247147,704613597.746582
2019-12-26,986.2208634115733,987.6534026460092,976.1931490701907,979.0582275390625,335933,-0.003769814036998831,-0.0037769376948147545,328897967.5518799
2019-12-27,976.094441785001,979.5522662245227,965.7703538984942,976.7366333007812,438117,-0.0023712524679116997,-0.002374068339353795,427924923.5718384
2019-12-30,976.9835962510035,979.5028562195195,961.0775680484368,964.5847778320312,390678,-0.012441281563981166,-0.012519322267276518,376842051.8338623
2019-12-31,964.2390135763873,968.1908128123561,946.6041336057449,950.0125122070312,403539,-0.01510729379096376,-0.015222571449663845,383367099.1635132
2020-01-01,953.371564381524,968.1908114962628,950.0125109156482,964.6342163085938,349251,0.015391064763551343,0.015273823771690013,336899464.6799927
2020-01-02,963.9426459188787,963.9426459188787,954.3595206597728,957.6691284179688,335765,-0.007220444571496287,-0.007246638143718921,321551774.9032593
2020-01-03,958.3112727949194,970.9570177368157,957.3233230291515,963.3497924804688,451217,0.005931760661309182,0.005914237032206854,434679803.31365967
2020-01-06,954.4582714775421,991.0124138407593,946.4559022692463,971.25341796875,895840,0.008204315348354196,0.008170842907534894,870087661.953125
2020-01-07,978.0703192654811,990.9136668921996,968.1908210910823,973.0317993164062,570304,0.0018310168229580537,0.001829342555085297,554923927.2773438
2020-01-08,966.2148411547314,980.3425103100462,963.4485939557351,975.8473510742188,368547,0.002893586581436125,0.0028894082181473496,359645613.6963501
2020-01-09,984.7884117474438,985.9739636434227,967.9438786369172,976.5884399414062,614382,0.000759431140917366,0.0007591429190023691,599998358.908081
2020-01-10,977.0823364257812,984.985934698184,971.4510105967605,977.0823364257812,351231,0.0005057365663725388,0.0005056087247362331,343181606.1051636
2020-01-13,981.0340627790547,985.9244259072216,968.1907165392483,977.9219970703125,332236,0.0008593550545625828,0.0008589860204134557,324900892.61865234
2020-01-14,981.0341405137074,982.0220903027443,972.1425924123747,975.8967895507812,369532,-0.0020709295072597333,-0.0020730768469433606,360625092.4362793
2020-01-15,976.0943561972863,989.925652742592,969.1787079246335,986.1220703125,533340,0.01047783010581016,0.010423318091729725,525938344.98046875
2020-01-16,987.9497840421302,990.9136333942565,980.0461857697932,987.8510131835938,465355,0.0017532746940203126,0.0017517395020908108,459701408.24005127
2020-01-17,987.7521888383889,997.6316867469538,973.3775314413608,984.34375,372188,-0.0035503969088321874,-0.0035567145257349203,366360931.625
2020-01-20,987.9496764359399,988.9376261123758,963.7449093632594,969.672607421875,341082,-0.014904491015587773,-0.01501667907474677,330737872.28466797
2020-01-21,968.190773027901,975.1064214066716,958.5088773575557,961.0281372070312,355550,-0.008914833881744189,-0.008954808770317088,341693554.18395996
2020-01-22,968.1907736257251,980.6389165953314,960.2871754736784,969.8703002929688,1299987,0.009200732781492693,0.009158663885862197,1260818782.0669556
2020-01-23,973.5257314810743,991.9015731587697,968.3883805960155,974.069091796875,1151390,0.00432922990077933,0.00431988574397406,1121533411.604004
2020-01-24,974.1185622881237,1007.7088575394383,965.2270135451287,987.7522583007812,1388247,0.014047429098345443,0.013949678333833208,1371244109.3292847
2020-01-27,987.752176599259,1002.4726524204888,975.4521897955694,980.1943969726562,740311,-0.00765157585276155,-0.0076809993460992855,725648694.2172241
2020-01-28,981.0341938373057,994.8654916356162,963.9920590501017,975.9462280273438,578382,-0.004334006558732617,-0.004343425589771582,564469731.2589111
2020-01-29,980.0461674820939,999.9533793789412,976.0943684196661,995.65576171875,538017,0.0201953070009242,0.019994086418598643,535679725.9526367
2020-01-30,1001.7810955549164,1004.7449449500493,977.3787234750549,986.2208862304688,561770,-0.009476041671264257,-0.009521225020223002,554029307.2576904
2020-01-31,992.8894645986876,993.8774143147061,971.3027874235474,982.1207885742188,445170,-0.004157382705533008,-0.0041660486477784016,437210711.44958496
2020-02-03,884.2150667785382,910.7414946620264,846.3272162492924,901.6524047851562,4046967,-0.08193328633831432,-0.08548521816810879,3648957527.6361694
2020-02-04,901.0102553259469,911.7789327167073,885.2030578640881,900.6150512695312,2004591,-0.001150502688308297,-0.0011511650245880486,1805364826.239441
2020-02-05,902.5908714094342,904.7643729288297,887.6728542393577,899.57763671875,1337410,-0.0011518956398950397,-0.001152559581587644,1203104127.1240234
2020-02-06,905.0608681364511,913.8536462581567,901.0596831506073,908.419921875,1185756,0.009829374136625546,0.009781380083399963,1077164372.8828125
2020-02-07,908.9138093766314,943.9366415913498,904.5174207387345,935.8848266601562,1642253,0.030233710340112463,0.029785679745724616,1536959664.2371216
2020-02-10,940.5281947129129,944.7269812964527,926.6968977318406,941.3185424804688,734151,0.005805966359881509,0.005789176692678508,691069949.2805786
2020-02-11,948.8764155957452,948.8764155957452,924.5234284406766,928.4258422851562,584552,-0.013696426462968536,-0.013791087854230473,542713182.9594727
2020-02-12,933.3655745058138,937.3667591399771,913.8535659358325,921.6089477539062,925589,-0.007342422217019973,-0.0073695104761003025,853031104.3425903
2020-02-13,925.7090018351674,925.7090018351674,904.9620551558306,916.3728637695312,551572,-0.005681459579072068,-0.0056976604627980995,505445613.2150879
2020-02-14,921.1644682723511,921.1644682723511,896.0705178531754,903.233154296875,402685,-0.01433882428447919,-0.014442618612555195,363718442.7380371
2020-02-17,904.468007239581,908.3704208599694,893.1065849749658,903.3812866210938,355839,0.00016400231049318315,0.00016398886358445558,321458293.6499634
2020-02-18,903.97407833115,910.3463666809596,896.1692506934498,905.0114135742188,901858,0.0018044727926811444,0.0018028466875325076,816191783.4232178
2020-02-19,907.0366440020932,931.0932566645968,907.0366440020932,926.8944702148438,786366,0.024179868134702076,0.023892163667521275,728878296.9649658
2020-02-20,928.3764116593196,933.6125333845054,910.5933157853291,917.558349609375,784552,-0.01007247416559165,-0.010123544761078474,719872238.3027344
2020-02-24,912.4704585293255,930.1547849872424,899.034364671684,905.5548095703125,493211,-0.013082045457024849,-0.01316836910009733,446629593.1829834
2020-02-25,912.371599526754,923.4366488521988,881.0041947785413,890.34033203125,760359,-0.016801277380749324,-0.016944019938590175,676978284.5229492
2020-02-26,883.0296202062337,903.7765683798627,870.8778483359009,880.609130859375,807168,-0.010929754411634907,-0.010989922997624552,710799510.9375
2020-02-27,880.0656504036093,902.8873264609454,864.4560559672208,894.4403076171875,821122,0.015706374455048966,0.015584305866681865,734444614.2712402
2020-02-28,875.3234682225788,884.2150158681806,864.4560211001765,879.6704711914062,1002851,-0.016512936972986503,-0.016650795253759246,882178411.704773
2020-03-02,884.3632549393063,898.0463350442608,867.4198923749846,883.3753051757812,629219,0.004211615719414974,0.004202771689006988,555836526.1473999
2020-03-03,892.1681044277176,902.9861673990523,881.3006560235714,889.0066528320312,615494,0.0063748076533896025,0.006354574509821176,547178260.7781982
2020-03-04,892.0198804958867,901.0101993741604,866.4319570736169,874.434326171875,769392,-0.016391695848095633,-0.016527526065018013,672782775.0820312
2020-03-05,880.6090539528901,890.5873833828587,865.9874085769387,873.792236328125,1014502,-0.0007342916723785953,-0.0007345613965542175,886463971.3393555
2020-03-06,854.576562042902,870.8777334575931,838.0777886117352,843.6597290039062,1436479,-0.03448475057508227,-0.035093382909019206,1211899483.8598022
2020-03-09,826.1236577069548,851.5139803303051,793.3237113783274,815.35498046875,1424660,-0.03354995807204775,-0.03412567134590928,1161603626.4746094
2020-03-11,809.1309100904139,837.6826842733021,774.7008826637003,799.2020263671875,1305970,-0.01981094675140893,-0.020009814444391788,1043733870.3747559
2020-03-12,751.8297663994528,766.3526399128318,691.564831116448,742.641845703125,2111588,-0.07077081738788826,-0.07339987241017881,1568153609.6845703
2020-03-13,656.9866252145082,785.4201008203519,617.5674035817692,752.7683715820312,2077130,0.013635813733763547,0.013543682602802802,1563597767.6641846
2020-03-16,692.5528836619259,763.5370602426391,653.6276332706145,722.7347412109375,1588572,-0.0398975720884428,-0.04071530447063547,1148116173.3149414
2020-03-17,723.1791714997271,759.2393351059293,666.8660392927811,678.721435546875,1398542,-0.06089828418974086,-0.06283148209384401,949220433.9125977
2020-03-18,686.6745620144801,688.5516909336332,581.0627544872791,589.0651245117188,2202064,-0.13209588844489095,-0.14167404098273859,1297159104.3427734
2020-03-19,558.1916088061365,612.4300742064581,513.1411243214727,600.3770751953125,2916821,0.019203225947165503,0.01902117100654302,1751192460.8482666
2020-03-20,619.4445371078334,672.546839930076,598.6975908889108,625.8662109375,2004915,0.04245521155832854,0.041578711233925945,1254808554.3017578
2020-03-23,563.0819693120067,609.564992761697,515.9073689807732,532.7025146484375,1652165,-0.14885560949122079,-0.16117349322817273,880112450.1141357
2020-03-24,544.7555067473337,582.8409568841521,528.5531070106908,539.6675415039062,1108727,0.013074890138383033,0.012990151594523302,598343974.2890015
2020-03-25,523.6133665388409,622.40834135749,523.6133665388409,580.7662353515625,1610706,0.076155578549574,0.0733950410175925,935443659.8781738
2020-03-26,596.2276836855497,656.9865942848228,588.1758689740714,610.701171875,1629666,0.051543865158270696,0.05025943203635714,995238935.9648438
2020-03-27,628.5337365339557,649.0830823317061,577.9506897474096,595.5855712890625,1299441,-0.024751222499752146,-0.025062684120639927,773928310.3414307
2020-03-30,591.6831450338484,626.854132943598,568.0711212648839,614.5047607421875,1301701,0.031765694746729745,0.03127160130779524,799901461.5628662
2020-03-31,630.3119077399815,645.8227300687508,616.6288285335169,633.2757568359375,1087481,0.03054654299354609,0.030089285775848938,688675353.3197021
2020-04-01,634.1649446646022,651.05886063091,620.4324195390159,627.4468383789062,971706,-0.009204392232152636,-0.009247014392657309,609693857.5338135
2020-04-03,640.1915573497628,656.9867062308523,619.7409816522652,642.315673828125,1279329,0.02369736293139102,0.023420938923264183,821733068.6828613
2020-04-07,656.9865412207281,739.2827380084444,645.1311449881736,726.4393920898438,1916861,0.1309694309035796,0.12307516838991231,1392483339.56073
2020-04-08,732.9599414660372,785.4200489152249,712.31176763255,733.8490600585938,1443627,0.010199980961155708,0.01014831220520609,1059404317.0252075
2020-04-09,745.902097035703,764.6237577563345,726.1924865176733,730.5394897460938,683512,-0.004509878792017141,-0.004520078974654833,499332507.71533203
2020-04-13,736.0225637335526,740.9129270558768,691.564824984546,699.221435546875,760239,-0.04286976219465377,-0.043815807127781756,531575404.9387207
2020-04-15,711.3237949323319,716.2141580824247,686.7238229043893,692.4539794921875,1232607,-0.009678559195477998,-0.009725700871804318,853523622.2999268
2020-04-16,681.6853149369528,689.5889127912943,672.8925382041314,676.9925537109375,1363923,-0.02232845248804649,-0.022581506344357117,923365714.835083
2020-04-17,695.0720722265349,712.3118083583885,678.7215150377433,693.9853515625,1777451,0.025100420615288055,0.024790579123482336,1233524957.1201172
2020-04-20,694.5287298583984,703.5684949145466,688.601030883789,691.5648803710938,1360101,-0.003487784268005889,-0.0034938807671997256,940598085.357605
2020-04-21,679.7095297492522,682.8215960474805,658.9625818935338,663.2107543945312,677346,-0.04099995066456774,-0.041864152654036695,449223151.64611816
2020-04-22,677.6347917996046,700.4564080550126,666.8661148619655,696.3070068359375,954059,0.049903069608123296,0.04869784524924143,664317966.6348877
2020-04-23,703.420256782246,723.6732276587012,700.4564073856916,709.002197265625,1219237,0.018232173890329273,0.018067960779176502,864441711.9875488
2020-04-24,692.5528043278476,698.3322864923133,667.8540595230029,670.9661254882812,1016019,-0.05364732566984365,-0.055139973559260334,681714331.852478
2020-04-27,686.3781294087239,718.2395107306834,679.8576847929354,705.4949340820312,3275845,0.051461329092616026,0.050180938587151516,2311092052.3379517
2020-04-28,715.2756136964981,719.227412667197,698.0358786268908,711.1755981445312,1002540,0.008052026723468275,0.008019782130194419,712981984.1638184
2020-04-29,714.2876451355061,714.2876451355061,699.8636033923315,704.75390625,634432,-0.009029685370653295,-0.009070700066149365,447118430.25
2020-04-30,726.3407258400164,732.0708227843318,708.2118103105606,718.09130859375,1925414,0.01892490729809282,0.01874805898157969,1382623058.8447266
2020-05-04,701.4442995305179,717.2514950128958,667.3600342716406,679.3636474609375,1418017,-0.053931388208351305,-0.055440184239328574,963349201.2816162
2020-05-05,696.5045797110772,725.846699597137,689.7865334135139,704.9515380859375,4310285,0.03766449782915604,0.03697251267914441,3038542040.338745
2020-05-06,708.3106390011178,739.9744188282954,697.4925763588471,722.3395385742188,3664820,0.024665525995577697,0.024366243235811793,2647244387.7575684
2020-05-07,728.119065002709,733.5527893684009,714.7817415596472,726.2913818359375,1345672,0.005470894296495388,0.005455983313844839,977349976.3779297
2020-05-08,733.058753475864,759.5851815538758,729.6009291670157,750.8912353515625,2349883,0.033870501744686754,0.03330952815086303,1764506548.8016357
2020-05-11,761.6599462859128,761.6599462859128,735.8744191101973,741.4563598632812,1498957,-0.012564902936793354,-0.012644508859764541,1111411200.8115845
2020-05-12,737.9984227256042,746.4947659891927,726.241797226308,735.6273193359375,1115902,-0.007861609722274898,-0.007892675099015237,820887996.9016113
2020-05-13,756.0285769330287,770.600836338141,743.8768065737843,751.3358154296875,1752331,0.0213538780858904,0.021129078627263202,1316589040.7877197
2020-05-14,747.6804094802817,761.2153340337426,732.1695852927293,737.7515258789062,987397,-0.01808018368326081,-0.01824562740677098,728453643.3982544
2020-05-15,745.3587294499166,745.3587294499166,733.256344549622,742.8888549804688,1032406,0.006963495054032265,0.0069393618916809025,766962911.2149658
2020-05-18,740.9623112374019,740.9623112374019,686.0817147783517,692.3057861328125,1705933,-0.06808968597191589,-0.07051869851051004,1181027286.6549072
2020-05-19,700.456454744423,711.3239032665508,689.5890062222951,694.4793701171875,1496613,0.003139629955307033,0.0031347116090148864,1039366853.5491943
2020-05-20,692.5527340604061,709.0515059759862,691.5647843684511,707.1743774414062,1289104,0.01827989119687823,0.018114822575259842,911621318.6572266
2020-05-21,709.1503678805581,733.9973299434517,707.4214556976439,721.5985717773438,1400397,0.020396941399552615,0.02019170982860885,1010524475.1212769
2020-05-22,723.1792155876738,735.0346125645209,714.7816427290737,721.1539306640625,1507444,-0.0006161890151556992,-0.0006163789376296675,1087099165.855957
2020-05-26,726.1431283087676,746.8900748318753,722.5865330246753,745.3587646484375,1110985,0.03356403252504836,0.03301305518709739,828082407.1429443
2020-05-27,742.9382869244359,745.3093906834259,728.3166412097939,732.2190551757812,682804,-0.017628704586111432,-0.017785940853791732,499962099.75024414
2020-05-28,736.0226456672871,745.6551568018589,731.0828963675066,739.0852661132812,1134155,0.009377263387186252,0.009333569791384456,838237249.9887085
2020-05-29,738.9371208461546,773.5647518946586,736.4178607255897,759.3876953125,7090367,0.02746967113278509,0.02709914980690516,5384337455.049805
2020-06-01,766.6490528088816,771.5394164299034,756.6707838445107,765.4635009765625,1712847,0.008000927196433194,0.007969089486485167,1311121861.2572021
2020-06-02,774.3549832858914,781.4682333740078,764.9694608875943,770.1068115234375,1388838,0.0060660116921984475,0.006047687509074397,1069553603.9025879
2020-06-03,779.4924001359395,804.9814931755076,775.0466259906775,797.374267578125,2163284,0.035407369012548484,0.034794942528667334,1724946995.0634766
2020-06-04,799.9923344166024,810.6127945524202,779.2947744640747,785.2224731445312,1404467,-0.015239762464999695,-0.015357081110014322,1102819051.1898804
2020-06-05,789.2731109718903,795.5465680155102,773.4659143394803,787.099609375,1199773,0.002390578841880986,0.002387725954078889,944340859.6386719
2020-06-08,792.335775287865,798.2634743548565,766.6490793309018,769.9093017578125,1371772,-0.021840066253923762,-0.022082090879421944,1056140022.690918
2020-06-09,772.6755784423672,779.4924567467143,743.432286060713,749.3599853515625,1521206,-0.026690567784196095,-0.02705322863208863,1139930905.876709
2020-06-10,749.8538474242908,750.8417971573928,730.7864296353588,732.7623291015625,2283056,-0.022149109339235973,-0.02239808410811736,1672937432.0292969
2020-06-11,731.0828059793856,748.4706972449746,726.1430572903357,731.9719848632812,1314357,-0.0010785819724797863,-0.0010791640606062805,962072502.1089478
2020-06-12,721.2033957814863,751.7310704899146,719.9684584599427,741.406982421875,4340501,0.012889834247353127,0.012807467375674744,3218077748.609131
2020-06-15,738.8876753718749,745.7044927736197,731.7250393622786,736.3189697265625,3316220,-0.006862644695754039,-0.006886300933556678,2441795693.786621
2020-06-16,741.950217165665,761.4128381179594,733.4538739518091,754.892333984375,1883900,0.02522461734852466,0.024911727459564544,1422141667.993164
2020-06-17,756.8189441728656,770.1068812524868,754.9912611338925,762.7466430664062,1936475,0.0104045421160599,0.010350787408311659,1477039805.632019
2020-06-18,760.1286824680582,776.9238308849015,758.350324395945,762.3021240234375,951540,-0.0005827872820018953,-0.0005829571685182675,725360963.0932617
2020-06-19,769.6128593057986,771.4405422330633,757.9550642542963,766.5007934570312,2912093,0.005507881063525177,0.005492768154626999,2232121595.1206665
2020-06-22,771.6875672239745,780.8755486342368,752.3237751995088,768.5755615234375,1164278,0.0027068048514975462,0.0027031480525865235,894835617.6193848
2020-06-23,767.6369347228392,795.5958998220519,767.6369347228392,787.0501708984375,1506742,0.02403746658087913,0.023753114405864518,1185881548.5998535
2020-06-24,791.0019591825247,800.2392648482528,766.2043852895268,771.3417358398438,1699063,-0.019958619716278325,-0.02016048342965252,1310558203.7212524
2020-06-25,768.6249270295111,783.3947882656547,765.7598485543921,776.7755126953125,735190,0.007044577783091643,0.007019880664367811,571077589.1784668
2020-06-26,781.5670373993077,792.3357139911243,772.5767186297496,774.8983764648438,986158,-0.002416574930323545,-0.002419499560195376,764172233.1378174
2020-06-29,770.6008619548114,780.3321435916797,764.9695359036689,777.3189086914062,597371,0.003123676987949242,0.0031188084448560073,464347773.80389404
2020-06-30,779.4923808796525,801.2272761640028,779.4923808796525,796.7321166992188,2052551,0.024974573229530783,0.024667805677346756,1635333302.8630981
2020-07-01,805.129694864339,809.9706126642187,792.3357330009605,795.5465698242188,1320983,-0.0014880119053209961,-0.0014891200945050774,1050903494.446106
2020-07-02,792.4839127203019,809.4766001084776,792.4839127203019,804.240478515625,1075581,0.010928220950443102,0.0108689394470737,865025778.1223145
2020-07-03,811.106797171,835.8055425172546,809.4766558582787,833.8790283203125,2085479,0.036852845133324985,0.036190014774271015,1739037202.102417
2020-07-06,842.7211924665017,864.456088403504,841.1404968818609,853.0946655273438,1836436,0.023043674867009756,0.022782178987800553,1566653755.182373
2020-07-07,856.552475898966,864.258472272725,843.3633701996285,858.1826171875,1104353,0.005964111447128939,0.005946396535361101,947736547.8388672
2020-07-08,859.5163246354319,861.39345337232,835.9043003330502,840.498291015625,1688004,-0.020606716819587145,-0.02082199783380932,1418764477.227539
2020-07-09,840.7452772118371,843.6103557428853,824.9874658904121,830.1248168945312,1180400,-0.012342052603770193,-0.01241884826661529,979879333.8623047
2020-07-10,839.757311819328,861.3934360907759,839.757311819328,849.8344116210938,2062795,0.023742929166116866,0.02346544936384625,1753034175.119934
2020-07-13,857.3922486257608,857.3922486257608,837.9296849243932,852.5513305664062,668624,0.0031969980365114115,0.003191898504194519,570036280.8486328
2020-07-14,851.5140088981028,875.8175513469123,845.7838514673741,849.389892578125,1535913,-0.0037082083798765098,-0.0037151008289381953,1304588978.0793457
2020-07-15,852.6006693221614,860.0102927519599,842.0789799319793,845.5368041992188,772942,-0.004536301188151737,-0.0045466214246810055,653550908.5113525
2020-07-16,845.7344052282244,859.0223419567242,840.992258298633,854.774169921875,630372,0.01092485350936867,0.01086560840277877,538825703.0419922
2020-07-17,857.6885918733176,871.2234550869301,852.1560371432447,864.6536254882812,1228812,0.011557971583663118,0.011491688473392894,1062496750.8435059
2020-07-20,868.4572893504424,877.3982232864852,840.745308572016,844.1537475585938,1497333,-0.023708774618403927,-0.023994350416019453,1263979263.2931519
2020-07-21,853.5886485255718,885.153657484108,833.8296520319242,877.6452026367188,4650668,0.039674591476951626,0.038907771381489056,4081636459.2561035
2020-07-22,881.7451500955486,881.9921375325501,845.7837551482554,848.846435546875,1757409,-0.03281367801398938,-0.03336412164878596,1491770365.447998
2020-07-23,851.4150938285544,869.3957915779409,848.8464485642141,867.2222900390625,937539,0.021648031637605536,0.021417040721030997,813054718.5809326
2020-07-24,863.3693666627504,866.431986966595,852.6006895691808,856.9476928710938,784937,-0.011847708812357638,-0.011918452234573247,672649951.1991577
2020-07-27,864.357308418871,871.56932993464,845.8826350074779,856.9970703125,1342666,5.7620134597424766e-05,5.761847462123431e-05,1150660828.4082031
2020-07-28,854.5765295962649,878.1885526263637,852.9463883968214,872.7053833007812,1005499,0.01832948271638002,0.018163522655056004,877504390.2035522
2020-07-29,864.0114848205604,879.2753212779603,864.0114848205604,870.4825439453125,934883,-0.002547067312752671,-0.0025503166073212106,813799332.1312256
2020-07-30,877.1512419746417,904.9620541111359,871.0260012018374,902.5415649414062,2422578,0.036829022269408984,0.03616703838209483,2186477339.312622
2020-07-31,910.6426915371311,910.6426915371311,892.7113792682009,901.8499145507812,1271226,-0.0007663363300834947,-0.0007666301158709681,1146455059.4747314
2020-08-03,900.0222935604875,900.0222935604875,862.0849960347758,864.5548706054688,1291032,-0.04135393632973783,-0.042233340343871634,1116168003.7075195
2020-08-04,870.482582066007,871.8657359653113,857.5404632497339,865.2464599609375,707018,0.0007999369143387725,0.0007996171353293044,611744821.6286621
2020-08-05,866.2343665066239,870.0380093897577,848.1055119235992,850.5260009765625,1364739,-0.0170130242255363,-0.01715940838921168,1160746004.046753
2020-08-06,858.2319212024747,867.4198414034208,849.0933864268692,864.8511962890625,907553,0.016842748247616113,0.016702481952343674,784898297.7457275
2020-08-07,869.2970597758965,873.19941327595,851.7609506920296,858.1331787109375,827168,-0.007767830589760383,-0.0077981573365676045,709820305.1679688
2020-08-10,869.3957889654923,871.3716884858685,851.415091270136,855.3175048828125,1090543,-0.0032811618265997655,-0.003286556642140173,932760517.727417
2020-08-11,857.5403441259512,867.4198411780934,847.1668722212017,850.2294921875,971871,-0.005948682993468735,-0.005966446891044623,826313386.8017578
2020-08-12,850.2295235191077,858.0343505977798,840.7452301194135,846.5741577148438,1068002,-0.004299232743916748,-0.0043085010188630805,904142893.5877686
2020-08-13,850.5260286388083,857.5404482778947,844.7958714128821,851.1187744140625,666359,0.0053682440667526254,0.00535388640527215,567150655.3997803
2020-08-14,856.4537307530371,856.4537307530371,818.714035230896,829.186279296875,1897736,-0.025769018116521436,-0.02610685573036802,1573576652.9277344
2020-08-17,834.81755389549,836.9416700163932,828.0995075335429,832.199462890625,1435984,0.0036339043095419132,0.0036273176313591365,1195025113.5195312
2020-08-18,835.7562087472749,854.3296543358084,834.4224402363299,850.0814819335938,1170823,0.021487659918520086,0.02126005484869996,995294950.921936
2020-08-19,850.2790703446087,865.0488724982464,850.0814683128561,853.242919921875,1332665,0.00371898230401424,0.0037120839871809053,1137086975.8776855
2020-08-20,850.6248133734733,854.32962527841,838.7694152776758,842.572998046875,660128,-0.012505139657035702,-0.01258398693639022,556206028.0546875
2020-08-21,870.4330966758364,879.0776568045897,848.6488172113117,850.8717041015625,3651529,0.009849242823974036,0.009801055181390584,3106982702.8062744
2020-08-24,856.3548758788494,859.4175564432966,841.3380268361401,850.4765625,951781,-0.0004643962182051542,-0.0004645040835250196,809467433.1328125
2020-08-25,851.9584428359926,855.5150981159741,827.7536739597608,837.6826171875,1877987,-0.01504326618348173,-0.015157563834154156,1573157065.2041016
2020-08-26,844.697119950881,844.697119950881,823.6044148181757,829.0875244140625,2151196,-0.01026056002247644,-0.010313562436474275,1783529766.1694336
2020-08-27,833.7802083337599,835.60789126183,825.0368168165301,831.1127319335938,945124,0.0024426944802511397,0.00243971595152694,785504589.6560059
2020-08-28,835.8055865929796,848.3525619504687,832.8911224284948,841.2886962890625,1640185,0.012243783501901362,0.012169434643704896,1379869100.322876
2020-08-31,845.1910587680624,853.5886321164301,808.6863013878711,817.7754516601562,2086032,-0.02794907946894276,-0.028347088516237816,1705905760.977539
2020-09-01,815.0585934562195,829.8778406099689,808.1923302150481,825.8272705078125,1148605,0.009846002140698085,0.009797846099937297,948549332.041626
2020-09-02,832.8416288771017,854.5765231063974,831.1621022630865,840.0536499023438,2006869,0.017226822003326703,0.017080122683902018,1685877628.3258667
2020-09-03,843.6104190595162,853.3417011700661,840.7453403134313,842.0296630859375,888422,0.0023522464116707553,0.002349484210816828,748077677.3381348
2020-09-04,831.853707091363,835.6079041608202,822.9621591533319,824.4934692382812,1069706,-0.020826099858986202,-0.02104602184706224,881965611.0050049
2020-09-07,825.4320327010704,831.8537062050285,816.0465098875933,828.3464965820312,808757,0.004673205413391113,0.004662319889325644,669931027.5361938
2020-09-08,830.816442102811,840.5971094813925,820.1959811682003,834.817626953125,1438741,0.00781210568016566,0.007781749178886967,1201086347.420166
2020-09-09,827.6548840581904,833.335594990252,812.0946758529783,820.4922485351562,1685144,-0.017159889723762478,-0.017308826921026164,1382647589.6655273
2020-09-10,823.851376876853,837.781445182783,823.0609687831698,835.0151977539062,659109,0.0177002881437065,0.017545462347974137,550366031.9763794
2020-09-11,835.805525361999,856.453700167524,833.5826383264618,853.9838256835938,1559667,0.02271650621534893,0.022462328540543378,1331930391.4524536
2020-09-14,860.5043165408198,865.4440657746936,839.7573697585498,846.7717895507812,1346301,-0.008445167128357967,-0.008481029604749075,1140009707.0440063
2020-09-15,850.9211589299089,860.5042841427531,842.7705730008873,854.2802124023438,724917,0.008867115017548999,0.008828033013023392,619282248.7340698
2020-09-16,854.5765501058064,862.9741231415283,850.9211239009115,857.1946411132812,823952,0.0034115605964251117,0.0034057544252293795,706287238.9345703
2020-09-17,848.0560778248142,855.9596757158203,842.2765356872161,845.8331909179688,612356,-0.013254224478768117,-0.013342845653075742,517951029.4577637
2020-09-18,846.6235797595899,851.4151120938249,834.8669532059444,837.8801879882812,1245818,-0.009402566623161523,-0.009447049809714406,1043846220.0391846
2020-09-21,838.7693394122927,841.5355866578413,825.5307886161893,829.9765625,875668,-0.009432882650271979,-0.009477654059221801,726783916.53125
2020-09-22,829.8778651158593,829.8778651158593,791.9405671621223,821.8260498046875,1265561,-0.009820172115176495,-0.009868708020730366,1040070997.4168701
2020-09-23,823.3079775634702,831.359792903978,817.182736776465,822.9622192382812,628723,0.0013824938183253366,0.0013815390536160502,517415275.3661499
2020-09-24,820.5910218014237,822.1223921229987,772.9224473182763,794.706787109375,14778790,-0.03433381444297523,-0.034937068096044854,11744804718.26416
2020-09-25,786.408038308377,803.6971597535988,770.6008415584598,787.4453735351562,2252162,-0.009137223554653406,-0.0091792240226722,1773454547.3516846
2020-09-28,793.323688051944,806.4140228797003,790.3598386569803,803.2031860351562,1108315,0.02001130875816437,0.01981371425252739,890202139.1305542
2020-09-29,809.1309476087359,821.3815501783597,792.4345706017016,799.3502197265625,1666687,-0.004797000778362315,-0.0048085433144262986,1332266619.6654053
2020-09-30,799.6465899756687,804.7344952514601,792.7309413952504,801.671875,701139,0.002904428141937254,0.0029002184397366156,562083416.765625
2020-10-01,807.1549757774883,815.0091886421113,797.9176693912123,809.0321044921875,941061,0.009181099801196746,0.009139209707292381,761348561.2855225
2020-10-05,812.0947522788025,824.9380999425791,805.1791035367688,815.0092163085938,803756,0.007387978527944705,0.007360821091589995,655068547.6633301
2020-10-06,816.0464840756734,825.9259814615775,812.3416725559595,820.0476684570312,1211894,0.006182079966233989,0.006163049302329824,993810849.1170654
2020-10-07,822.4682432158977,825.9260676618504,815.1080048352924,817.9730834960938,637342,-0.002529834594665603,-0.0025330400334984166,521328600.9815674
2020-10-08,825.1850884914998,825.9260508576999,808.1429540688977,811.1561889648438,1313341,-0.00833388612509589,-0.008368807107743464,1065324680.3712769
2020-10-09,816.1947029661985,817.3308089889928,793.817617203931,796.188720703125,1188895,-0.018452017583468705,-0.01862437963779086,946584789.1003418
2020-10-12,803.1044066235913,803.1044066235913,777.7140850171625,782.1104736328125,1097157,-0.017682047866591,-0.017840242856573364,858097980.9195557
2020-10-13,780.4803382676972,785.420087244075,771.5887901102171,777.0718994140625,1142687,-0.006442279433168108,-0.006463120472735401,887949957.5257568
2020-10-14,778.5045100208043,803.8454487117833,767.2913029366948,800.8321533203125,2146398,0.03057664795775783,0.03011849796883774,1718904532.222412
2020-10-15,800.8320945929985,811.8971445626096,792.0887628645954,795.0526123046875,1920570,-0.007216919290343848,-0.007243087229647231,1526954195.6140137
2020-10-16,792.3358335953596,801.2273828501704,787.0503256582043,789.9153442382812,682969,-0.006461544792003671,-0.006482510937143753,539487692.7390747
2020-10-19,790.8537994289776,798.8067831034639,785.4200756352744,788.6802978515625,661678,-0.0015635174018675535,-0.001564740970747661,521852402.1218262
2020-10-20,799.4984036724604,799.4984036724604,780.4803693558773,791.100830078125,1616359,0.003069091789355216,0.0030643917412799464,1278702946.604248
2020-10-21,791.3477910534201,794.3116404581147,771.3911930018767,775.8863525390625,1763644,-0.019232033339618648,-0.019419374753229655,1368387310.3374023
2020-10-22,778.8007976486584,778.8007976486584,762.0056514288867,771.3911743164062,1861965,-0.005793603931743219,-0.005810451960387299,1436303367.8860474
2020-10-23,773.7128895774621,780.2333339655689,757.7574766085361,761.4129028320312,2252423,-0.01293542344870302,-0.013019814585270705,1715023934.8356323
2020-10-26,765.6610781182629,775.44180504248,755.8803511940459,769.4646606445312,2638341,0.010574758823434616,0.010519237137309954,2030110162.2295532
2020-10-27,781.4682316528654,782.2585793721008,761.8080080261824,765.11767578125,2566397,-0.005649362583643569,-0.005665380588609882,1963595707.7719727
2020-10-28,767.6369267920112,768.8224785072215,756.7694799519699,761.709228515625,1156097,-0.004454801363913963,-0.004464753559210629,880609753.9592285
2020-10-29,755.2381942750824,763.6851525309833,746.1490445653624,752.32373046875,1126591,-0.012321628379329153,-0.012398169029115183,847561143.8325195
2020-10-30,752.3237519158048,766.3526507481672,748.1743508105048,759.881591796875,1156735,0.010046022771893703,0.009995896915904133,878981633.0871582
2020-11-02,761.7093949683383,769.1190194330109,753.0154476563915,756.8190307617188,891886,-0.004030313496493965,-0.004038457098143795,674996298.0699463
2020-11-03,764.2284903745874,788.1862709757601,759.8815478061325,779.3935546875,1542962,0.029828166322747762,0.02939195951120384,1202574637.9277344
2020-11-04,787.1490343289188,787.1490343289188,774.3550718522167,781.4683227539062,923658,0.0026620287708667423,0.0026584918478150905,721809468.0582275
2020-11-05,787.395962429639,797.0778580633195,783.444163371021,795.299560546875,1373458,0.017699038323431004,0.017544234264364945,1092310543.8295898
2020-11-06,795.7441275167391,799.1525661684236,785.4200407078783,791.5947265625,1722728,-0.004658413217061841,-0.004669297439203203,1363702400.1015625
2020-11-09,798.263465534,807.9947472749107,792.0393936423699,798.4116821289062,1255422,0.008611673799304942,0.008574804854169872,1002343590.8016357
2020-11-10,806.3646293465556,822.8634028726578,801.5730366930462,819.4055786132812,1490688,0.026294575786261376,0.025954816442918815,1221478063.171875
2020-11-11,822.9622290849263,836.7935270527402,821.5790751682754,829.4332885742188,1822930,0.01223778580798518,0.012163509478460498,1511998824.7406006
2020-11-12,829.8778553743285,834.2248587366344,815.1573788198436,827.6549682617188,1003690,-0.0021440184967218556,-0.0021463201948897733,830709015.0946045
2020-11-13,827.6549779771561,828.840529844399,814.1694385491543,821.8260498046875,824124,-0.007042691315287342,-0.007067608122273354,677286571.4692383
2020-11-14,834.5211741745205,834.5211741745205,826.0742157880475,830.3223876953125,187698,0.0103383652692004,0.01028528986615397,155849851.52563477
2020-11-17,830.8657889880036,856.4537131492386,826.2224128278987,852.7489013671875,2140176,0.02700940502655036,0.026651088671334616,1825032732.7324219
2020-11-18,853.3416077959668,858.2319711827774,836.5958472530906,847.6115112304688,968393,-0.006024505136837055,-0.006042725684622639,820821054.1950073
2020-11-19,844.4995543832206,852.4031535076301,827.9020082818959,836.5465698242188,1466056,-0.013054260424315345,-0.013140216160465148,1226424117.9702148
2020-11-20,838.5718148862509,839.7573667580792,824.9381191094072,835.26220703125,971981,-0.0015353153539779951,-0.001536495158331863,811858995.2524414
2020-11-23,836.9909694326434,844.1042190906442,819.9982231106587,821.5789184570312,1668966,-0.016382027654349263,-0.016517696800472336,1371187281.2215576
2020-11-24,821.9248058575772,829.8777892782268,821.9248058575772,828.8404541015625,874577,0.008838512626600403,0.00879968161174995,724884797.8267822
2020-11-25,835.8549371469248,854.2308400665751,833.8296520661772,838.8187866210938,2407145,0.012038906245650738,0.011967015033056817,2019158448.1210327
2020-11-26,843.0175553991454,848.3031230285037,838.0778063808689,841.2392578125,1791878,0.0028855710315649485,0.0028814157631048332,1507398118.8105469
2020-11-27,844.6970205565948,847.2656657390056,830.8657243135629,835.8548583984375,2310173,-0.006400556517136113,-0.006421127904867144,1930969325.7908936
2020-12-01,839.6585245067901,844.6970441591,830.0753997821274,841.0910034179688,1027637,0.0062644189561380514,0.006244879045375515,864336235.4794312
2020-12-02,842.7211348949122,868.6548157753242,840.0536585158507,864.9993896484375,2097626,0.02842544520546708,0.028028938621463415,1814445209.7106934
2020-12-03,869.3958220275634,870.383771825322,841.1404819315358,847.8091430664062,3804064,-0.019873131458529536,-0.020073258001065734,3225120240.0097656
2020-12-04,854.6753173587479,860.5042450905952,846.1295880735274,852.6006469726562,1654173,0.005651630376289463,0.0056357198321954965,1410348970.0046997
2020-12-07,853.0946157067481,855.5644901008035,837.7813944636043,841.4862060546875,2151322,-0.013035928318179235,-0.013121641749383055,1810307787.7819824
2020-12-08,844.4994854544451,849.1428616209746,837.979040828882,843.5115356445312,2473148,0.002406848235028791,0.0024039564150007027,2086128867.3562012
2020-12-09,847.660888671875,853.588587194056,844.4994374001117,847.660888671875,1813714,0.004919142005773702,0.004907082558656316,1537414421.036621
2020-12-10,850.6247383430907,852.5018669958868,844.6970398180517,845.734375,2302834,-0.002272741018986335,-0.0022753276147073173,1947585873.71875
2020-12-11,850.5260489009901,852.4031174337939,835.2128262455046,839.4609985351562,1939950,-0.007417667591959609,-0.007445315294036316,1628512364.1082764
2020-12-14,844.69698041096,847.9572023105083,837.8307180424237,839.954833984375,1186967,0.0005882768229619195,0.0005881038559833544,996998669.4299316
2020-12-15,840.9428804028553,848.1055164407854,831.9031156282201,845.8826293945312,2044843,0.007057278761094077,0.007032492715701098,1729697173.5390015
2020-12-16,850.8224186743662,851.1187915679665,840.2513432716837,847.1669921875,1618300,0.001518369982237422,0.0015172184240494929,1370970343.4570312
2020-12-17,847.1669280745191,855.4657302653206,841.3380003095908,846.03076171875,1650113,-0.0013412119207053541,-0.001342112150436069,1396046358.3120117
2020-12-18,848.6489111083483,853.5886602998986,842.5236100508913,846.8212280273438,1469894,0.000934323365485934,0.0009338871570956038,1244737442.1500244
2020-12-21,847.6609540342871,853.5886530135479,822.5176188039883,830.7175903320312,2239781,-0.0190165729936006,-0.019199713538684347,1860625475.1914673
2020-12-22,830.7175506706226,845.2898099655738,815.2561727510353,843.6597290039062,2263176,0.015579468669613794,0.015459354682652473,1909350450.8481445
2020-12-23,845.1910043411741,848.6488284384203,837.4356229857887,844.6476440429688,1535665,0.0011709875499557043,0.0011703024787890117,1297095824.2892456
2020-12-24,847.562127490888,869.0994203073831,840.992237433945,863.3693237304688,2659479,0.02216507654942035,0.021923001780556253,2296112585.7053833
2020-12-28,872.2609141480111,893.6006059921339,866.9259610371448,890.7849731445312,4187861,0.03175425470944959,0.031260513421503384,3730483648.41803
2020-12-29,896.0210970428219,897.9969966734143,879.5717084982716,888.4632568359375,1834129,-0.0026063712103246983,-0.002609773709170278,1629556224.7972412
2020-12-30,891.1307105419498,900.0222586515702,880.0656608344883,892.0692749023438,1969826,0.004058713783221979,0.004050499423423793,1757221251.5037842
2020-12-31,891.130750568064,896.3668726300925,883.4741393519859,893.3536376953125,1123846,0.0014397567869484096,0.0014387213308963938,1003991912.3093262
2021-01-01,892.1186850189301,896.1198697190475,883.2271366632598,884.6102905273438,798399,-0.009787106470540596,-0.009835315002990572,706271971.3467407
2021-01-04,889.1548285209495,905.9499752819008,883.7211045688771,900.41748046875,1028233,0.01786910022489452,0.017711324619768584,925838967.1948242
2021-01-05,895.5271184030545,908.815055423345,888.1668802498374,894.637939453125,1209912,-0.006418734799124803,-0.006439423454848845,1082433178.5996094
2021-01-06,895.6259375201844,903.9741259343766,890.1428278326484,899.3307495117188,1214878,0.005245485186401,0.005231775550543466,1092577142.3052979
2021-01-07,905.1595622472352,905.4559351087777,893.3535508151797,903.13427734375,1109459,0.004229286982677216,0.004220368685004155,1001990452.2075195
2021-01-08,908.9138286678246,942.9980972428681,906.9379290402859,924.22705078125,4436263,0.023355080154345398,0.023086523670355904,4100114268.9799805
2021-01-11,928.67282939753,941.0222021288802,915.6812651642811,924.968017578125,2146652,0.000801715115618773,0.000801393913718948,1985584444.8701172
2021-01-12,923.5354110819585,924.7209628378379,910.445076939222,913.853515625,1573331,-0.012016093250690418,-0.012088870082205503,1437794065.5917969
2021-01-13,916.32345207813,937.5643730696985,911.3837030103234,915.3848876953125,1996557,0.0016757303486052422,0.0016743278790598817,1827618105.22229
2021-01-14,918.892011866168,920.6209238788285,907.4318192163987,914.001708984375,719918,-0.0015110351170641856,-0.0015121778819436672,658006282.3286133
2021-01-15,914.0017252321984,918.5956553391328,892.5138184071504,899.28125,733660,-0.016105504879998733,-0.0162366080849051,659766681.875
2021-01-18,888.1667889329299,896.2679886116059,872.5571955811384,882.1403198242188,936905,-0.019060700059943758,-0.019244697029363697,826481676.3449097
2021-01-19,879.7692444976242,906.9378623793588,879.7692444976242,893.5017700195312,1420092,0.012879413784846028,0.012797179468977264,1268854715.5905762
2021-01-20,894.1933263117037,899.9234833046193,884.2150576027583,885.9439697265625,1147187,-0.008458629346423718,-0.008494606573977322,1016343404.798706
2021-01-21,896.860891158931,896.860891158931,864.456147077008,867.7163696289062,1913821,-0.020574213178833456,-0.020788810857784376,1660653810.239563
2021-01-22,874.8295263047694,875.0271283198256,827.901911963181,852.1560668945312,3421388,-0.017932475724791952,-0.01809521100062161,2915556541.4001465
2021-01-25,855.4658099684843,872.1127410299857,842.7212326237076,852.4525146484375,2534590,0.00034787964954197115,0.00034781915344652206,2160617619.102783
2021-01-27,854.8728494287839,874.3354702617752,848.7475493285992,871.1246337890625,2745728,0.021903999131641427,0.021667553055946368,2391871298.484375
2021-01-28,872.3596709368776,873.6933790432437,858.3801571864808,862.0355834960938,1855486,-0.010433696787375712,-0.010488509400516134,1599494956.678833
2021-01-29,865.9873095060549,872.4089826452698,847.7102398021352,854.0331420898438,2286478,-0.009283191505616406,-0.009326548866283218,1952727990.6593018
2021-02-01,864.4560720662923,886.1909675925306,841.7826121733053,863.9620971679688,3099408,0.011625959917467066,0.01155889771993836,2677771035.6591797
2021-02-02,877.2993884705303,879.2752879941125,847.6115101886402,854.9223022460938,2781083,-0.010463184613661913,-0.010518308581782905,2377609881.097473
2021-02-03,859.516289970222,869.3464021280909,848.0066511628225,855.7127075195312,1883217,0.0009245346288906386,0.0009241075099878346,1611492717.916809
2021-02-04,855.7126940507378,860.2078533216195,848.6488292681616,853.4898071289062,2094974,-0.0025977181022220908,-0.002601098026554025,1788038955.2000732
2021-02-05,856.3054536733495,859.5162903903248,843.3633359494083,853.7861938476562,1766235,0.00034726450893063365,0.0003472042265665988,1507987058.0905151
2021-02-08,854.5764859123238,861.1957609267221,846.6728883547532,848.74755859375,1899676,-0.005901518776263215,-0.0059190015554302245,1612345367.1191406
2021-02-09,858.5284040800632,884.2150997142193,852.6007050875656,877.9910278320312,4311868,0.034454849315541436,0.033874572316765106,3785781417.196045
2021-02-10,887.1789961904847,904.2211316963709,883.2271966528879,900.3681030273438,4993209,0.025486678662954843,0.025167308356169933,4495726115.34906
2021-02-11,898.836748924275,910.7909781222243,894.6379621203808,896.416259765625,2184819,-0.0043891417837119695,-0.0043988023445885194,1958507276.244873
2021-02-12,897.0583886337203,902.492112353418,882.6837315806357,886.042724609375,984794,-0.011572230025102659,-0.01163970937517536,872569558.9389648
2021-02-15,887.178850784367,890.2909165300359,864.4560071673955,866.6788940429688,1715171,-0.021854285384424466,-0.02209662759612862,1486502505.3745728
2021-02-16,866.6789851232406,877.595818643941,858.5283990562509,861.4922485351562,1634864,-0.005984506538075807,-0.00600248546321163,1408422663.4091797
2021-02-17,859.5162743944045,872.5078376042555,859.5162743944045,866.5801391601562,1496973,0.00590590412583647,0.005888532636741256,1297247070.6589966
2021-02-18,869.4946027370759,888.0186616548893,868.1115091843483,882.733154296875,2387930,0.01863995539105412,0.01846836049039124,2107904981.1401367
2021-02-19,887.5741844866097,888.3151468867378,863.7151710826162,870.8778076171875,1120800,-0.0134302723557842,-0.013521274168131491,976079846.7773438
2021-02-22,869.3958457562037,874.3355948798185,834.9163727535037,838.8187866210938,1810985,-0.03681230675037017,-0.03750698145103577,1519088240.2890015
2021-02-23,842.7211966455578,863.8633469180817,838.7693973646876,859.219970703125,1480977,0.024321324709727588,0.024030271056225242,1272485014.552002
2021-02-24,859.6150681997032,865.3452250883903,842.4247784326469,861.047607421875,683427,0.0021270882673436464,0.0021248292179928295,588463183.1975098
2021-02-25,862.6777378805604,872.2608625612681,859.2199137390439,861.8873901367188,1885254,0.0009753034647621561,0.0009748281653536366,1624876649.8048096
2021-02-26,849.6367968266508,868.3584569096832,847.7102827274008,856.4536743164062,2636891,-0.006304438239258303,-0.00632439513222982,2258374985.721863
2021-03-01,849.636832473265,868.407878772093,841.9308360526278,865.8392333984375,2648545,0.010958630178710571,0.01089901949656092,2293214172.4212646
2021-03-02,866.1849876673095,875.3235233227673,860.0103014136218,868.5560913085938,1583910,0.0031378318345456346,0.0031329191144116777,1375714678.5845947
2021-03-03,877.2994139157191,899.034309305523,872.8536398587138,895.527099609375,2127137,0.031052696044242767,0.03058031531377484,1904908828.081787
2021-03-04,888.858361894327,913.6558753768211,881.6463411057648,904.8631591796875,3140379,0.010425211670741064,0.010371243911035999,2841613262.961548
2021-03-05,899.0343367426242,903.9740858456056,884.1657040025843,892.6620483398438,1268992,-0.013483929272692263,-0.013575663001060678,1132780998.046875
2021-03-08,892.7113638903799,919.4354526853117,890.8342955579849,912.7173461914062,1396479,0.022466842730528347,0.022218180761627196,1274590606.8920288
2021-03-09,938.5523828124043,971.8956911491607,927.6849341693132,959.595703125,11031435,0.051361308217936275,0.050085808476812675,10585717625.302734
2021-03-10,961.9668410436772,962.2632139572399,924.7211173141443,929.4138793945312,2362998,-0.03145264576756568,-0.03195790292414842,2196203138.1815186
2021-03-12,894.1439510644703,925.0173821982614,894.0945656345904,903.1837158203125,28967831,-0.028222263682253668,-0.028628167009598804,26163273241.83484
2021-03-15,909.9017681619395,915.5824795266856,891.1307219132133,908.913818359375,4581531,0.00634433774512666,0.0063242971526102304,4164216835.1418457
2021-03-16,907.3824644673016,912.7668026915557,900.0222267332052,903.0354614257812,1422174,-0.006467452485434122,-0.006488457069337695,1284273554.317749
2021-03-17,912.7668966584575,912.7668966584575,874.5332251470201,878.238037109375,3809803,-0.027460078120580267,-0.02784415355634279,3345913908.493408
2021-03-18,884.2150078417957,887.1788570300922,871.6680342180739,879.7198486328125,2657918,0.0016872550047077883,0.0016858331890680337,2338223220.6384277
2021-03-19,877.2500498644378,898.9849457839141,871.6681092925219,895.7741088867188,2849173,0.018249287291694616,0.01808476761163921,2552215405.139099
2021-03-22,894.0946253060487,898.2934122204693,884.5608850157886,889.3524780273438,1660688,-0.007168806059103305,-0.007194625419250117,1476936988.0302734
2021-03-23,893.896982978897,899.8740673159398,884.215086825546,888.068115234375,1642691,-0.0014441549607165927,-0.0014451987575491566,1458821500.2824707
2021-03-24,882.2392347312834,884.2151344731228,864.50552248834,870.0874633789062,1900721,-0.020246928751319282,-0.020454707180409006,1653793513.481018
2021-03-25,864.5548254734268,873.6439754790334,850.624757741774,853.6873779296875,2711471,-0.01884877801310969,-0.01902868044369667,2314748568.3223877
2021-03-26,859.5162875763934,866.3331650115216,857.6391589204401,863.418701171875,1194885,0.011399164956365393,0.011334684031968535,1031686054.7497559
2021-03-30,865.4440245033593,870.3837735016662,857.5404261060684,861.6404418945312,1276847,-0.002059556128365281,-0.0020616799306492637,1100183013.3117065
2021-03-31,865.4440023819545,880.1644781405105,860.4548680811247,870.2355346679688,1929013,0.009975266196348809,0.009925841638803591,1678695659.4364624
2021-04-01,870.9765169495822,879.3247047944946,865.9379971045522,872.8042602539062,1193426,0.0029517590165029084,0.0029474111296985905,1041627297.0977783
2021-04-05,876.816826467021,878.7983334194888,856.8035941529371,864.48193359375,1091002,-0.009535158155317913,-0.009580908834756461,943151518.5146484
2021-04-06,864.7295849350811,894.6503507302967,857.9429481017999,889.250732421875,1351799,0.028651609554358526,0.028248827661866063,1202088250.8371582
2021-04-07,892.6688341401359,912.4839026005163,889.9442622268336,910.0070190429688,2860132,0.02334132080449791,0.023073078246949433,2602740195.3894043
2021-04-08,912.8802306853321,912.8802306853321,896.6318503145209,900.0994873046875,1342782,-0.010887313538197496,-0.010947014050472798,1208637389.761963
2021-04-09,896.2355483973811,907.4806363588829,891.8762694915109,901.6846923828125,1344813,0.0017611442962508495,0.0017595953000386422,1212597296.2174072
2021-04-12,892.3220703634794,897.0281489948368,860.4693244913451,864.3828125,1485108,-0.041369095203599104,-0.04224915326408182,1283701829.90625
2021-04-13,873.299558847951,892.4210865488453,866.6614992601748,889.4983520507812,1174856,0.02905603765783038,0.02864191373434808,1045032475.8969727
2021-04-15,886.7243341529341,903.56714273461,881.7705669230295,900.2976684570312,1464475,0.012140906592296163,0.01206779693601311,1318463428.0136108
2021-04-16,908.52086254652,911.0472716077535,897.2262496635151,905.7467651367188,1310422,0.006052550029399084,0.006034306923003916,1186910487.4639893
2021-04-19,888.9039333764849,901.4865132373449,880.2843669854526,897.8702392578125,1580387,-0.008696167827568546,-0.008734200145823079,1418982453.8099365
2021-04-20,908.520904888699,922.4905042106668,887.0710687147333,890.6378173828125,3593124,-0.008055085867394784,-0.008087703347378673,3200172116.945801
2021-04-22,891.6780729338059,912.1371551288806,886.773831438512,905.9449462890625,1988641,0.017186704412833986,0.01704068371048093,1801599263.9332275
2021-04-23,888.0618660272344,933.190735845626,888.0618660272344,914.3168334960938,3601606,0.009241055145044141,0.00919861783826053,3293008993.420532
2021-04-26,910.6510866468718,938.1444957566198,907.5301889920424,933.78515625,3751088,0.021292753278384646,0.02106922999110123,3502710294.1875
2021-04-27,937.2526656344634,938.0452562173756,916.4468453613939,920.1621704101562,1926977,-0.014588993783701265,-0.014696459646748268,1773131338.6504517
2021-04-28,925.3636238875221,925.3636238875221,905.6971941848648,921.7969360351562,1904945,0.0017766059913888466,0.0017750296936617066,1755972464.3154907
2021-04-29,921.7969179447301,926.3543590522888,912.7810264030343,919.6172485351562,830577,-0.002364607013530917,-0.0023674071116538075,763812935.4365845
2021-04-30,919.4191924313516,931.8036104328514,911.2950021282094,920.1127319335938,1326833,0.0005387930676885588,0.0005386479708194496,1220835936.449646
2021-05-03,913.4251294241569,970.9383534718792,907.5796600465715,949.7362060546875,5424609,0.032195483328266494,0.031688070951037005,5151947570.990112
2021-05-04,988.7718753186354,995.7071489932149,933.8345881879866,973.8115234375,10515809,0.025349478338647424,0.0250335089553317,10240415982.467773
2021-05-05,980.7964050235889,1010.370371773141,956.077093971312,964.1021728515625,5475550,-0.009970461790864915,-0.010020499723719264,5278989652.557373
2021-05-06,968.2632556665752,974.3564130757316,952.312150610085,960.4363403320312,1800692,-0.003802327826612717,-0.003809575051780024,1729450034.545166
2021-05-07,1020.4760125886497,1035.040039343138,965.390147165384,991.0010986328125,11010394,0.031823825294047925,0.031327940562059724,10911312550.380127
2021-05-10,999.9674420839259,1008.0916324444672,985.7996798842701,995.7072143554688,2370879,0.004748850156825135,0.004737609939278131,2360701324.6638794
2021-05-11,988.7719673052303,1005.6147763675439,981.3413162483273,991.6947021484375,1297672,-0.0040298113232297705,-0.004037952892901005,1286894447.5263672
2021-05-12,986.3445820255133,991.6451492492168,961.0308435498785,963.904052734375,3513520,-0.028023392031696792,-0.02842354068751709,3386696167.3632812
2021-05-14,963.9534706021668,972.9197762011056,956.0769694847932,969.3530883789062,1331063,0.005653089256211219,0.005637170512351035,1290270029.876892
2021-05-17,969.3531760192567,979.6569753654026,952.3122050008425,954.7395629882812,2181641,-0.015075544263302265,-0.015190335434791397,2082898974.937317
2021-05-18,956.968769052291,966.9753545783614,955.2844761151173,959.4951782226562,1342840,0.004981060195609954,0.004968695756951458,1288448505.1245117
2021-05-19,959.4951392351855,970.8392777228223,954.0955211284112,969.00634765625,1101773,0.009912680802848906,0.009863872465104713,1067625030.6762695
2021-05-20,972.3749141129433,975.3471742444389,956.869599571993,960.1886596679688,1463348,-0.00909972159584782,-0.009141376956426524,1405090154.7478027
2021-05-21,959.1483901066742,966.6781526040463,956.3247669644045,960.2877807617188,1245988,0.00010323085234542617,0.00010322552440765675,1196507051.3757324
2021-05-24,958.4052885494835,962.9627905254433,951.7672890682112,953.6001586914062,1841255,-0.006964185324744743,-0.0069885484420961425,1755821060.1913452
2021-05-25,958.0585604921762,963.6067554752731,954.2441840001459,956.374267578125,1235079,0.0029090902108548367,0.0029048669964194117,1181197774.026123
2021-05-26,960.0400764969771,970.9383642590686,960.0400764969771,962.7646484375,1719675,0.006681882894609581,0.006659658062652629,1655642296.8017578
2021-05-27,967.470665183162,976.8828221921124,956.6219036944776,973.0188598632812,2428883,0.010650797619566887,0.010594477424991611,2363348967.401306
2021-05-28,976.882800125713,977.8735534726965,963.0122532679443,967.8173828125,1137566,-0.005345710412552607,-0.005360049848270871,1100956148.8964844
2021-05-31,967.9660940065874,973.7124517642598,961.674833960572,966.6286010742188,785669,-0.0012283120342668763,-0.00122906702780206,759450126.3773804
2021-06-01,969.3531425555265,972.9198305770661,951.222307112134,957.364990234375,1420625,-0.009583423074331798,-0.009629639585185123,1360056639.251709
2021-06-02,956.0770283617542,984.2639746081314,954.4918471144438,975.2976684570312,2488600,0.018731286819111848,0.018558016637711578,2427125777.722168
2021-06-03,977.378236081776,981.6879892142467,972.4244690463894,977.7249755859375,1724751,0.0024887859444453486,0.002485694045693595,1686332129.3668213
2021-06-04,985.7500806140863,985.7500806140863,974.9013190849892,980.0037231445312,996919,0.0023306631368684716,0.0023279513542235845,976984331.673523
2021-06-07,985.7996383458602,988.7223729858675,977.8736111028784,979.3597412109375,693875,-0.0006571219255447902,-0.0006573379247877152,679553240.4327393
2021-06-08,978.8643986101289,978.8643986101289,954.095562612909,970.7897338867188,3262160,-0.008750622435860334,-0.00878913396352648,3166871438.2958984
2021-06-09,969.1054741095983,997.6886858567004,969.1054741095983,989.3663330078125,3809219,0.019135553738005795,0.018954771632838298,3768713033.6536865
2021-06-10,995.7071747865666,995.7071747865666,982.8769060620745,988.3260498046875,1041345,-0.0010514641224574905,-0.0010520172986551773,1029188390.3338623
2021-06-11,989.6636253614562,993.230313520946,974.9013750669434,978.9634399414062,823207,-0.009473199522699538,-0.009518355685803288,805889556.5038452
2021-06-14,978.9634149029757,983.5704424227097,962.3682953758235,977.031494140625,514960,-0.001973460623715284,-0.001975410462841439,503132138.22265625
2021-06-15,982.6291845609554,994.4686994782915,971.7804230179439,986.6417236328125,1137725,0.009836151188391762,0.009788091146871873,1122526955.0201416
2021-06-16,990.7038142988936,994.5677160419224,979.2110392739106,982.629150390625,833286,-0.00406690001656651,-0.004075192344788222,818811114.2124023
2021-06-17,973.9106107755201,983.5209310329767,967.9660902621396,974.2078247070312,869613,-0.008570197291873582,-0.008607132612748172,847183789.0669556
2021-06-18,991.4469818823301,991.4469818823301,947.9033559956365,973.4647827148438,1888723,-0.0007627140465751303,-0.0007630050609167782,1838605324.8035278
2021-06-21,964.0030694487497,981.2422029982249,959.3960418966758,972.4739990234375,887943,-0.0010177909966533338,-0.0010183092976209847,863501480.1148682
2021-06-22,972.9198250188136,1001.6516732118336,970.987843822022,997.6886596679688,2289172,0.025928364840450246,0.025597924467443307,2283880944.4294434
2021-06-23,1001.1563486415034,1005.6642646881852,989.76268410971,991.29833984375,1802617,-0.00640512424622075,-0.006425725068859038,1786931239.474121
2021-06-24,990.8524520733548,996.1530190507585,985.7996339169703,992.883544921875,932721,0.0015991200775891112,0.0015978428465270973,926083332.9030762
2021-06-25,987.7811698048123,1008.1411406991085,982.232974784596,997.8373413085938,980203,0.004989302534073703,0.004976897209685915,978083155.4627075
2021-06-28,1001.1563373448068,1010.2712809615499,988.7719195152075,992.833984375,1107325,-0.005014200938834534,-0.005026814225730745,1099389891.7480469
2021-06-29,990.852475602513,1007.8934465971832,986.0473456822543,990.1589965820312,2486963,-0.002694295154141657,-0.0026979313000325086,2462488788.616638
2021-06-30,993.1312319173161,1002.3947520149804,989.2177438948568,998.8280639648438,777901,0.00875522760762415,0.00871712285141806,776989349.7863159
2021-07-01,999.6701575130098,1007.9925100691238,993.3293117111338,997.589599609375,834379,-0.0012399174594200923,-0.00124068679307909,832367812.5324707
2021-07-02,1001.5527017694415,1001.5527017694415,986.8399765344684,997.8869018554688,581097,0.0002980205950524617,0.0002979761957359788,579869085.0075073
2021-07-05,1004.6239800326157,1005.5652078871594,996.499789796182,1000.5123291015625,431929,0.002630986779375455,0.002627531792348833,432150289.7965088
2021-07-06,1001.6022485047918,1023.3492996109821,996.7970578164679,1013.689453125,1693798,0.013170376456300481,0.013084401110672555,1716985168.3242188
2021-07-07,1014.0360953385484,1017.5037322058516,1003.1873336166848,1005.020263671875,888200,-0.008552115666587645,-0.008588894851130695,892658998.1933594
2021-07-08,1001.4040359259055,1016.5130258322821,992.8339945120052,1012.1536865234375,868890,0.007097790073903987,0.007072719323316573,879450216.6833496
2021-07-09,1004.7230362722872,1018.4945332348885,1003.187380539097,1010.1721801757812,930387,-0.00195771291854141,-0.0019596317432246943,939851064.1972046
2021-07-12,1010.2712443210523,1026.4205124909904,1009.5281792782258,1023.89404296875,1297301,0.013583687080534146,0.013492255854766932,1328298765.8374023
2021-07-13,1030.383450250942,1046.7308799905002,1026.4700230232504,1042.91650390625,2525938,0.018578544399325603,0.018408071432783096,2634342428.0439453
2021-07-14,1040.2909910742756,1051.0406404603962,1037.3187310997778,1042.6688232421875,1596046,-0.00023748848842142234,-0.0002375166932781296,1664147404.6604004
2021-07-15,1043.7588299984025,1055.102909389665,1039.6471787151688,1043.2138671875,796945,0.0005227392755617899,0.0005226026949819651,831384075.3857422
2021-07-16,1044.254021317469,1048.0683974916526,1037.4177990768871,1040.5386962890625,699003,-0.002564355193676371,-0.0025676487842850523,727339670.3221436
2021-07-19,1035.2384008913018,1040.538908156099,1017.8011627291829,1028.2535400390625,643558,-0.011806534724574269,-0.011876785347436037,661740791.720459
2021-07-20,1027.6589557114833,1031.5723832327176,1003.4350231862378,1005.3670043945312,695099,-0.02225767746314966,-0.022509117551363676,698829599.3876343
2021-07-22,1007.5962197822437,1029.1946925357217,1007.5962197822437,1016.5130004882812,915518,0.01108649482729196,0.011025490115016025,930635949.1810303
2021-07-23,1016.0176876747618,1044.204575635862,1014.0857063061362,1040.7369384765625,1290998,0.023830426149636263,0.02355091344096515,1343589306.0993652
2021-07-26,1038.3095922558,1094.6834864816688,1030.4826159884565,1066.6947021484375,2151393,0.02494171457954808,0.02463574714873178,2294879515.3392334
2021-07-27,1087.847362573286,1103.4517304790504,1053.1709894493654,1094.9312744140625,6096747,0.026471090752352655,0.026126794150266166,6675518962.490112
2021-07-28,1104.6901553106131,1128.2701370472423,1082.893578255157,1122.9200439453125,4409570,0.0255621244778379,0.025240876391022692,4951594538.179932
2021-07-29,1122.523515715911,1137.3848155709318,1113.656321845709,1118.411865234375,1555904,-0.004014692528862773,-0.004022773041346565,1740141494.765625
2021-07-30,1112.616057302157,1112.616057302157,1081.902702202988,1088.441650390625,1238229,-0.02679711810592189,-0.027162706821422293,1347740016.3215332
2021-08-02,1100.7767781875725,1118.065379228333,1091.7608241449939,1096.9622802734375,1582968,0.007828283564630834,0.007797801530836099,1736456186.8798828
2021-08-03,1095.0300969346404,1124.405956792813,1084.6767732117717,1121.2354736328125,1033719,0.02212764631553643,0.02188638252983012,1159042412.5682373
2021-08-04,1119.5514972229903,1134.0660607337134,1114.597729536163,1126.338134765625,1840302,0.004550927305465802,0.004540603146942296,2072802322.0854492
2021-08-05,1159.379606743404,1164.8287505676735,1114.5976004187664,1124.2574462890625,6687775,-0.0018473035870311127,-0.0018490119565447295,7518780842.855835
2021-08-06,1129.458923078196,1143.5771596166735,1117.02491901329,1140.0599365234375,1654283,0.01405593557466367,0.013958066936176114,1885981771.9718018
2021-08-09,1140.604725392538,1145.3108035211935,1118.4118275027765,1125.9415283203125,1491795,-0.012383917503651976,-0.012461237220506743,1679673942.2406006
2021-08-10,1132.1833994709925,1135.403347883402,1109.7923977760915,1117.1734619140625,1911046,-0.007787319488366529,-0.00781779899968315,2134969875.6970215
2021-08-11,1119.5512749595562,1131.5393661933756,1102.8075193138825,1124.9013671875,1458158,0.006917372759819518,0.006893557499814487,1640283927.7753906
2021-08-12,1125.793160039774,1140.3076008961777,1118.114821031247,1123.56396484375,1054244,-0.001188906319043559,-0.0011896136288335876,1184510568.5527344
2021-08-13,1121.5329505690272,1131.9358622129978,1120.5917831302554,1128.0718994140625,712776,0.004012174394485424,0.004004147086941169,804062576.1767578
2021-08-16,1121.5328139388419,1133.9172310538909,1117.916539952933,1128.567138671875,479277,0.00043901391220702024,0.00043891757379436894,540896272.5212402
2021-08-17,1127.4772469251686,1141.149690739024,1113.1609102244051,1124.306884765625,1991904,-0.0037749228736746465,-0.0037820658768828483,2239511380.9921875
2021-08-18,1124.5052616077187,1135.7998760888374,1090.0269902320076,1103.7490234375,3428721,-0.018284919897480267,-0.01845415518893119,3784447455.3896484
2021-08-20,1103.7488003804876,1123.0189043547196,1090.3240443249836,1114.894775390625,2127671,0.010098085449183669,0.01004744044400158,2372129281.6501465
2021-08-23,1116.5789885101563,1130.3999489087882,1108.2566364571708,1124.9508056640625,1251406,0.009019712438704586,0.008979277789856431,1407770187.9128418
2021-08-24,1129.4590141360238,1155.1195545226958,1120.1954929013843,1149.67041015625,1211218,0.021973942653959355,0.021735995031776027,1392501494.8486328
2021-08-25,1157.1999986062985,1160.816272790259,1139.5150741857767,1145.4595947265625,893931,-0.003662628343296448,-0.003669352189474286,1023961840.9735107
2021-08-26,1140.5553535047193,1153.732423115737,1134.2640931187257,1141.14990234375,823814,-0.0037624132729372484,-0.00376950895326816,940095265.6494141
2021-08-27,1144.1220267640863,1181.6220171947234,1134.709869858405,1173.1015625,2469538,0.027999529326187655,0.02761470917896549,2897018886.453125
2021-08-30,1178.501148848453,1187.9133059851158,1165.6709409177377,1169.782470703125,1690833,-0.0028293303009516713,-0.0028333404216844566,1977906804.286377
2021-08-31,1169.7825614405613,1183.4550075604636,1160.8163151956148,1181.0277099609375,1719768,0.009613102896860237,0.009567191025725166,2031093662.7041016
2021-09-01,1178.0057466562437,1211.493258646818,1172.9529287016255,1209.2144775390625,1955177,0.023866305032806734,0.023585956602022912,2364228334.5513916
2021-09-02,1218.4286096483388,1238.4417804436766,1212.880293718687,1231.90283203125,2468599,0.01876288691015482,0.01858903522068761,3041074099.2495117
2021-09-03,1235.419910994751,1242.0580313786065,1214.6636755197198,1232.6458740234375,1295336,0.0006031660719232335,0.0006029842403808114,1596690575.8740234
2021-09-06,1233.4879748509563,1236.46023503132,1222.0943108262286,1233.1412353515625,1166873,0.00040186832127875327,0.0004017875938320744,1438919212.7183838
2021-09-07,1233.4879851278695,1241.7607518438253,1216.8928656492417,1227.2957763671875,1164891,-0.00474029966462719,-0.0047515705173343655,1429665804.2281494
2021-09-08,1234.5282639369534,1235.4198452014357,1200.7434778448999,1208.7686767578125,1909087,-0.015095871725571697,-0.015210974248173584,2307644566.805542
2021-09-09,1166.1168402932767,1188.5574306945446,1157.2000590166076,1162.3519287109375,10115407,-0.038400025529595205,-0.03915674175027414,11757662836.146118
2021-09-13,1168.1477156304463,1168.1477156304463,1142.6852834977008,1154.376220703125,2374250,-0.0068616980888547285,-0.006885347785995441,2740777742.0043945
2021-09-14,1159.1815398915744,1163.1445537031695,1147.3420845060673,1160.0732421875,1338821,0.0049351514542677055,0.004923013513001052,1553130418.178711
2021-09-15,1160.0732913666084,1165.12611000228,1154.7231983058311,1161.60888671875,1875092,0.0013237479112562234,0.0013228725294280315,2178123530.6152344
2021-09-16,1163.3425916614212,1176.0242835336126,1157.19996896989,1173.9437255859375,3028407,0.010618753875093256,0.010562770872589809,3555179396.170532
2021-09-17,1191.8764483120633,1193.6598529704622,1172.5071692084948,1187.71533203125,4143024,0.011731061843223145,0.011662786380931218,4920733125.7734375
2021-09-20,1178.8479634864693,1187.6161072948935,1163.1445455563296,1166.6121826171875,2117784,-0.017767851306568216,-0.017927594601887125,2470632614.551758
2021-09-21,1178.0058236381756,1184.8915115729692,1160.0732108140012,1173.646484375,2117913,0.006029683096598237,0.006011577302489047,2485681146.6621094
2021-09-22,1173.6464257103953,1192.4212747615636,1166.8597892691255,1180.2845458984375,1399326,0.005655929286894734,0.0056399945743497975,1651602852.473877
2021-09-23,1212.6821580964286,1212.6821580964286,1187.4179464694198,1207.034912109375,2659260,0.022664336582137512,0.0224113163944128,3209819660.3759766
2021-09-24,1207.728276120129,1227.0975515666062,1196.4336642798312,1210.7501220703125,1703375,0.0030779639624880506,0.003073236729096223,2062361489.1815186
2021-09-27,1218.5771988580652,1221.5990453598808,1197.6723245410353,1211.493408203125,728019,0.0006139054783174114,0.000613717115436651,881990219.5466309
2021-09-28,1211.1961531059999,1217.7846880658146,1191.1829807932768,1199.1090087890625,1588306,-0.010222424100871486,-0.010275031904729608,1904552033.3137207
2021-09-29,1194.8485362392807,1203.5672140677377,1185.7336538253605,1194.7989501953125,1623118,-0.0035943842988074293,-0.0036008596192345283,1939299682.4431152
2021-09-30,1197.9695672579608,1207.7284646254775,1185.6842001973257,1203.864501953125,1234882,0.007587512322747347,0.007558871932764857,1486630603.900879
2021-10-01,1192.867130198299,1206.2918875568141,1188.3096886067876,1197.8704833984375,830634,-0.0049789810605453955,-0.004991417484398771,994991951.1071777
2021-10-04,1199.8023199756663,1228.5341674399886,1194.8981392161436,1219.46875,1664614,0.01803055246864993,0.01786992992615513,2029944753.8125
2021-10-05,1219.6174795369348,1255.7799799456252,1215.6544657935165,1250.28125,2282814,0.025267150142223915,0.024953212916253215,2854159541.4375
2021-10-06,1261.2291481395016,1262.120850437265,1194.2542387738276,1200.8427734375,2630744,-0.03954188432602668,-0.04034490451873531,3159109921.1640625
2021-10-07,1215.6545191783148,1222.787895853093,1196.037551910294,1203.8150634765625,2674007,0.002475170026259299,0.0024721118382472103,3219009906.4417725
2021-10-08,1213.6234373117181,1217.636037316614,1180.9285721925576,1185.386962890625,1661548,-0.015308082732174766,-0.015426461081531645,1969577337.4169922
2021-10-11,1188.8544743381547,1207.2329979815536,1188.8544743381547,1194.9476318359375,822914,0.008065441281721375,0.008033089448310729,983339135.5046387
2021-10-12,1197.8208246552592,1203.7653448768735,1187.071174776155,1199.406005859375,815338,0.003731020426884779,0.0037240774344441565,977921294.0053711
2021-10-13,1199.406023800298,1207.3816369268939,1173.4483334875993,1180.7303466796875,1281752,-0.01557075676497588,-0.0156932542475673,1513403483.3173828
2021-10-14,1181.9191242965105,1187.8141791133517,1162.9462949785202,1174.587646484375,2080766,-0.005202458133295451,-0.005216038038344285,2444042038.824707
2021-10-18,1208.7193560010483,1208.7193560010483,1174.5879438742152,1181.4736328125,934860,0.005862471267031655,0.005845353850015293,1104512440.3710938
2021-10-19,1182.4641368259488,1204.6570363095302,1175.5784493408764,1182.41455078125,1313098,0.0007963935399135647,0.0007960765868467765,1552626181.8017578
2021-10-20,1187.9134076286764,1191.8764214989974,1145.2119573642863,1157.943115234375,2063277,-0.020696155617085488,-0.020913322619353646,2389157396.9714355
2021-10-21,1159.1814881849052,1173.4978265640618,1127.5269651534104,1147.5897216796875,1985866,-0.008941193585828233,-0.008981405934247537,2278959410.2331543
2021-10-22,1157.1999997489986,1160.9649111385127,1131.1431363095253,1156.4073486328125,1112991,0.007683605722974773,0.0076542371661965135,1287070971.3621826
2021-10-25,1146.8961964835244,1156.1597172703987,1115.8856853347334,1119.254150390625,1843700,-0.0321281236115567,-0.03265555956864693,2063568877.0751953
2021-10-26,1124.5051822467353,1167.404855637716,1123.5144287822006,1161.212646484375,1572647,0.03748790753119513,0.03680231766317255,1826177584.855713
2021-10-27,1164.5314861748361,1190.9350865601386,1164.432435030328,1175.033447265625,1916766,0.011902041217939807,0.0118317689646465,2252264160.581543
2021-10-28,1198.8116976224894,1210.4530508845262,1147.3915683873895,1156.308349609375,3565017,-0.015935799699850595,-0.016064139850725453,4122258923.599365
2021-10-29,1156.308181114432,1169.0889231918773,1131.53934799596,1134.95751953125,1518940,-0.018464650960392848,-0.018637250591073264,1723932374.7167969
2021-11-01,1137.3848556420285,1162.2032756509159,1128.0222847801406,1152.5928955078125,972538,0.015538357756196941,0.015418873610715044,1120940389.411377
2021-11-02,1152.5929596243482,1161.4106891944773,1144.6174672091158,1155.26806640625,1159884,0.002321002418862683,0.0023183130532939463,1339976945.9355469
2021-11-03,1159.1814682609952,1187.3188887729107,1156.209208085967,1167.900146484375,1941052,0.01093432809704531,0.010874980556648733,2266954915.133789
2021-11-04,1178.9471287131687,1178.9471287131687,1161.7081138387603,1170.822998046875,119047,0.0025026553608187285,0.0024995289340505964,139382965.44848633
2021-11-08,1172.0612739782782,1190.9846397586737,1166.4634930714697,1189.548095703125,1361707,0.01599310714556057,0.015866564827726023,1619815968.7556152
2021-11-09,1200.7929922085318,1200.7929922085318,1181.3742518363765,1196.0869140625,1521269,0.005496892797352659,0.00548184001928346,1819569943.6689453
2021-11-10,1186.0308548107444,1193.6597284518677,1170.1293355220978,1172.8043212890625,842679,-0.019465636234041184,-0.019657586773786838,988297572.6595459
2021-11-11,1167.1074752297393,1181.0770736226973,1139.4654318912465,1142.5367431640625,1271079,-0.025807867157013886,-0.026146733147345856,1452254460.9642334
2021-11-12,1143.3294835487686,1166.116812943588,1136.9886372679803,1164.0362548828125,1281030,0.018817348192418537,0.01864249204298933,1491165363.5925293
2021-11-15,1166.3147646276338,1168.5935456494442,1144.8154658736185,1149.1748046875,662558,-0.012767171239703945,-0.012849371967098048,761394960.2441406
2021-11-16,1159.0825028635968,1163.2932050897443,1140.0104986628112,1142.3387451171875,694696,-0.005948668159472481,-0.00596643196827767,793578156.8779297
2021-11-17,1139.3664332537971,1185.8822579565267,1139.3664332537971,1176.222412109375,2862829,0.029661663089884494,0.02923026584236594,3367323631.83667
2021-11-18,1178.9964355325644,1193.8577351401177,1167.602772500107,1171.1199951171875,1527355,-0.004337969536762243,-0.004347405826058179,1788715980.142212
2021-11-22,1171.1200556171439,1178.649756952308,1126.6352056388043,1140.0103759765625,772737,-0.026563989403589727,-0.026923187612856146,880928197.901001
2021-11-23,1133.0255020633115,1148.4812300694057,1121.086996811419,1142.833984375,820238,0.0024768269288941713,0.002473764648526348,937395861.6757812
2021-11-24,1148.5309891550164,1170.4266172076527,1141.3480263157894,1152.9893798828125,1136850,0.008886151135386822,0.008846901640974798,1310775976.5197754
2021-11-25,1147.044867893497,1163.144612314373,1141.8434120036754,1148.7786865234375,768462,-0.0036519793094736963,-0.003658664065936321,882792767.0031738
2021-11-26,1143.3294131737018,1143.3294131737018,1095.0301853641542,1119.8980712890625,2315515,-0.025140277734240324,-0.025461692934453706,2593140782.5408936
2021-11-29,1101.717760760451,1137.236245316077,1093.5440453591257,1125.7435302734375,1120859,0.005219634834843889,0.005206059758410488,1261799767.598755
2021-11-30,1124.5050512105213,1157.1008605837044,1123.662935052114,1149.81884765625,2253521,0.02138614767518554,0.021160673043479534,2591140919.38916
2021-12-01,1150.0666227609279,1168.5440773621326,1144.815581237986,1154.0791015625,1239348,0.003705152263709932,0.0036983050950510615,1430305626.3632812
2021-12-02,1159.8255628625288,1178.9966181371992,1146.3513399864207,1177.064697265625,1030248,0.019916828640259565,0.019721083422803307,1212668550.2285156
2021-12-03,1166.1166961665135,1177.0645690908395,1152.9396281985387,1155.1688232421875,1327943,-0.0186020989961746,-0.018777294106056105,1533998352.6427002
2021-12-06,1155.1689709326886,1168.0983522155257,1134.4127339158413,1137.88037109375,936271,-0.014966169273781471,-0.015079292484912934,1065364392.9243164
2021-12-07,1146.301740661645,1151.7012985828562,1128.4681785770213,1148.431884765625,2090791,0.009272955171669484,0.00923022527468649,2401131048.781006
2021-12-08,1154.2277667113683,1162.1537942939356,1147.8869204569978,1158.6861572265625,2315306,0.008928933963750163,0.008889306744084285,2682713011.9436035
2021-12-09,1169.0890255071092,1173.993206517139,1142.4377345508772,1150.6114501953125,1136171,-0.0069688474147112656,-0.006993243238438244,1307291361.9798584
2021-12-10,1150.2647600881157,1166.9094664918641,1146.1036439579705,1164.729736328125,949040,0.012270246511466576,0.012195577223281434,1105375108.9648438
2021-12-13,1171.0704629557524,1193.511050583955,1167.1074495447347,1175.677490234375,2187282,0.00939939418114566,0.009355494746656081,2571538212.194824
2021-12-14,1168.0981937024847,1181.8696893856795,1167.2560775475865,1177.5599365234375,1171502,0.0016011587401296712,0.0015998782521349317,1379513820.75708
2021-12-15,1177.559947965446,1179.6405058217547,1151.55267240766,1163.7884521484375,857540,-0.011694932841939343,-0.011763856467477674,997995149.2553711
2021-12-16,1167.6028444961898,1175.9746620813703,1149.4225443769058,1153.038818359375,993629,-0.009236759283199558,-0.009279682663977691,1145692808.0476074
2021-12-17,1145.310936486687,1151.2058708713846,1126.4866217866465,1131.9853515625,982598,-0.018259113623625756,-0.018427868606194855,1112286542.4746094
2021-12-20,1128.9634604511473,1131.985306593793,1090.4231303290462,1115.291015625,1341693,-0.01474783742957142,-0.014857667963552559,1496378148.6269531
2021-12-21,1125.0994250140927,1130.8953076396526,1107.36491672863,1124.752685546875,878721,0.008483588399188058,0.008447805001768813,988343804.5964355
2021-12-22,1128.8146945559677,1129.3596572217118,1108.6033040075529,1113.9039306640625,846447,-0.009645458083558767,-0.009692276816369626,942860640.3988037
2021-12-23,1123.5143246743978,1123.5143246743978,1105.8294011595044,1115.0433349609375,1026376,0.0010228927877071747,0.0010223699893603358,1144453717.9638672
2021-12-24,1120.3439953707689,1142.982686418407,1115.5883306644848,1137.5830078125,1930715,0.020214167597667476,0.02001257348894272,2196348576.928711
2021-12-27,1137.3849702490697,1154.2773650915108,1124.8519148119283,1151.2059326171875,798129,0.01197532374440402,0.011904186916213049,918810839.7938232
2021-12-28,1154.524987364797,1171.5658974972164,1150.8591272136014,1166.711181640625,776910,0.013468701458293708,0.013378804793497958,906429584.128418
2021-12-29,1166.7112757449154,1181.176252387971,1156.209313028263,1174.6868896484375,1400668,0.006836060314941994,0.006812800398586299,1645346336.3500977
2021-12-30,1172.95299643509,1191.5790881392861,1169.9807361793755,1184.1484375,1335116,0.008054527495743313,0.008022262923949895,1580975525.28125
2021-12-31,1187.9134225494486,1193.80835737896,1176.123431948839,1184.941162109375,843128,0.0006694469918389068,0.0006692230121575737,999057072.1269531
2022-01-03,1184.9411643109372,1203.2205176747177,1184.9411643109372,1198.21728515625,925281,0.011204035669789336,0.011141735373407107,1108687687.8266602
2022-01-04,1195.1458973108668,1215.6544447005772,1194.3532461993038,1209.3135986328125,1409464,0.009260685531769397,0.009218068291366696,1704483981.9833984
2022-01-05,1203.7653050717147,1213.6728384467906,1202.5268633998303,1208.5704345703125,378090,-0.0006145337845702148,-0.000614722687852001,456948395.60668945
2022-01-06,1197.6227539412287,1217.0909614271668,1191.034219666874,1194.4522705078125,1387627,-0.011681705640531836,-0.011750472833887967,1657454220.7679443
2022-01-07,1196.8300825202916,1207.9760580404516,1194.848575761152,1206.1431884765625,1050768,0.009787681146756766,0.009740092068163973,1267376665.8691406
2022-01-10,1207.7284001538617,1229.2277006560976,1202.081154124523,1217.7349853515625,1379165,0.00961063079885327,0.009564742462977298,1679457471.0723877
2022-01-11,1219.4194264791765,1228.484724030131,1212.7813056258863,1221.995361328125,985871,0.0034986068625864064,0.0034925009748530637,1204729788.86792
2022-01-12,1228.5341841323252,1243.7918102848641,1219.7660409580828,1237.8472900390625,1371034,0.012972167663311662,0.012888749729483853,1697130721.451416
2022-01-13,1243.395661737109,1249.3401828290794,1234.4788800991537,1247.0614013671875,933511,0.007443657551517768,0.007416090249161473,1164145535.8516846
2022-01-14,1247.3585740146923,1260.4860570215983,1242.9001835595168,1251.916015625,895522,0.0038928430087645793,0.0038852855025265187,1121118334.1445312
2022-01-17,1244.6835236601275,1281.2918127918356,1244.6835236601275,1276.040771484375,1427239,0.01927026698139267,0.019086946729881,1821215154.652588
2022-01-18,1276.0408653599936,1281.0442186897465,1251.4206661651394,1254.19482421875,869578,-0.0171201012959894,-0.017268344626908242,1090620226.8544922
2022-01-19,1251.3215764000652,1260.3374083837527,1229.128675480663,1236.559326171875,625670,-0.014061210990772732,-0.014161006418897134,773678073.605957
2022-01-20,1236.4602710242889,1244.0395588931624,1219.5678767975255,1227.2462158203125,716954,-0.007531470714303601,-0.007559975451783176,879879083.4172363
2022-01-21,1213.672787318817,1251.5195148406228,1189.8947082203258,1229.1781005859375,2421446,0.0015741623324816434,0.0015729246376752582,2976388394.951416
2022-01-24,1228.5342753507653,1228.5342753507653,1194.0065418810382,1213.6729736328125,1073781,-0.012614223232364608,-0.012694457993111339,1303218979.300415
2022-01-25,1200.8922592780343,1221.4999798732151,1199.0593895430673,1216.645263671875,1083251,0.0024490040592777262,0.002446010135927228,1317932198.5178223
2022-01-27,1207.728424615476,1210.6016337351987,1190.7369791948747,1200.4464111328125,1793456,-0.013314359594162939,-0.013403790375986404,2152947818.7246094
2022-01-28,1198.8116363668767,1226.305043729836,1189.8948556005114,1194.40283203125,635096,-0.005034443058444804,-0.0050471585618371605,758560461.0117188
2022-01-31,1198.8114226731957,1226.9488389308617,1194.8979957443983,1221.846435546875,1771932,0.022976840626669714,0.022716848029623246,2165028798.2314453
2022-02-01,1238.4419016826303,1238.4419016826303,1191.4801605825064,1203.7159423828125,1593083,-0.014838602165212045,-0.014949795563086695,1917619404.639038
2022-02-02,1205.449773180194,1216.1995457482885,1199.8521124815115,1208.818359375,937000,0.004238887940693825,0.004229929163120318,1132662802.734375
2022-02-03,1206.7871896560277,1208.719110349219,1164.7296365711456,1174.2408447265625,1236574,-0.02860439236405643,-0.029021470764940722,1452035698.3269043
2022-02-04,1182.959609524963,1182.959609524963,1154.3763969169686,1161.2620849609375,856452,-0.011052894151921011,-0.011114431248632319,994565235.1889648
2022-02-07,1151.0573336694624,1160.8656954498558,1121.4337832027381,1133.421875,1519928,-0.02397409708065512,-0.024266153044842902,1722719643.625
2022-02-08,1134.4128306401387,1138.3758448956503,1107.0184704105968,1120.69091796875,1511667,-0.011232319855525974,-0.011295878750939571,1694111477.8930664
2022-02-09,1121.532810206844,1130.2514882034557,1107.6622630841443,1115.291015625,1741687,-0.0048183689696864596,-0.004830014733568298,1942487863.1308594
2022-02-10,1114.5974927796142,1139.3663259524947,1097.7546862220556,1135.6510009765625,2030639,0.01825531190184737,0.018090684229902836,2306097212.972046
2022-02-11,1134.263929213638,1134.263929213638,1113.6067464067728,1122.82080078125,1942394,-0.011297661151427385,-0.011361964502225413,2180960386.5126953
2022-02-14,1114.5976623697652,1116.5791693250892,1079.9212906515947,1086.1630859375,2448602,-0.032647876507314266,-0.03319270969523334,2659581104.5527344
2022-02-15,1085.8657423787117,1113.2600984801402,1076.156310539205,1109.59423828125,1245681,0.021572407170812546,0.02134301594583677,1382200460.3364258
2022-02-16,1117.5699315529478,1121.0375687519154,1091.8103409320465,1111.7740478515625,1294606,0.00196451053466995,0.001962583407344735,1439309352.99292
2022-02-17,1117.56982587843,1122.3749556400353,1101.6187204597925,1115.93505859375,1182862,0.003742676625910102,0.0037356902381810784,1319997175.2783203
2022-02-18,1114.3995017393006,1150.165676223097,1101.0737955970694,1139.86181640625,1734791,0.021440994821554815,0.021214370338998544,1977422020.3452148
2022-02-21,1134.4126688706556,1139.8618126949252,1112.6160935735775,1124.2574462890625,1020384,-0.013689703341747905,-0.01378427139478827,1147174310.0742188
2022-02-22,1095.7732504621918,1116.0836949779919,1085.9647677028318,1090.7698974609375,2115917,-0.02978637049606414,-0.030238995131233036,2307978569.1258545
2022-02-23,1097.7547084184253,1104.6403958030858,1088.5406539151802,1091.5625,1743770,0.0007266450430172267,0.0007263811643309778,1903433940.625
2022-02-24,1068.0322517145078,1081.4074236979457,1031.0770985243748,1044.4522705078125,2088599,-0.04315852687517896,-0.04411755106795299,2181441967.7303467
2022-02-25,1050.1986949947818,1067.7349833175879,1039.3004066504961,1045.83935546875,1415912,0.0013280501178507542,0.0013271690392843843,1480816493.4804688
2022-02-28,1039.3003649270693,1052.9728108594636,1007.4476174476132,1050.3472900390625,1566146,0.004310350864824786,0.004301087910718275,1644997206.9055176
2022-03-02,1050.1986082797891,1114.597579542229,1046.2851807104719,1110.783203125,3762611,0.05753898130559265,0.05594449301361574,4179445098.6933594
2022-03-03,1109.7429192493178,1116.3314539044322,1065.2085998842124,1071.3017578125,1105747,-0.03554379036469557,-0.03619084980775174,1184588704.7958984
2022-03-04,1061.5923054081877,1067.437774861934,1040.043418200882,1047.5731201171875,1586668,-0.02214935009885932,-0.022398330321170175,1662150747.3500977
2022-03-07,1017.1074491983038,1039.102247955716,1013.5407610310855,1019.38623046875,852067,-0.02690684698485235,-0.027275463439201498,868585367.2368164
2022-03-08,999.6702160252499,1030.13588415486,994.221072132149,1022.407958984375,1580056,0.0029642626369748015,0.0029598778734077793,1615461830.0410156
2022-03-09,1026.2224813695307,1032.3155183900674,1011.3611190114115,1015.7203979492188,1409037,-0.006540990781996103,-0.006562476806710394,1431187622.3651733
2022-03-10,1029.392824351518,1047.3254374305377,1026.4701500796068,1040.3406982421875,1580932,0.024239249642596716,0.023950141556319453,1644707900.753418
2022-03-11,1040.291120108423,1056.2422264284355,1032.0183530082584,1048.7125244140625,698477,0.008047196640504906,0.008014990617051212,732501577.9151611
2022-03-14,1037.3187846329024,1062.6820468692315,1030.5321481958729,1059.808837890625,1278905,0.010580891539139659,0.010525305661229882,1355394821.8225098
2022-03-15,1059.164992915629,1069.369680585237,1050.1986260804797,1060.651123046875,1068905,0.0007947519648225931,0.0007944363167100319,1133735288.68042
2022-03-16,1065.9516738773818,1087.6491988819369,1065.0599715733292,1075.7105712890625,1616431,0.014198305092938623,0.014098453201028113,1738811914.4593506
2022-03-17,1085.865794592195,1129.4589469298378,1078.0388180523469,1118.1148681640625,1867149,0.03941980120562105,0.03866267402227073,2087687057.9776611
2022-03-21,1128.468100192563,1128.468100192563,1083.8841980778438,1085.6676025390625,849763,-0.02901961734779379,-0.02944901413670655,922560158.9364014
2022-03-22,1082.3980841083508,1091.6616041638918,1060.1061327193916,1087.50048828125,998586,0.0016882568273206555,0.0016868333236977628,1085962762.5908203
2022-03-23,1100.1821780573398,1107.365140947741,1069.1220799540595,1082.1505126953125,1054362,-0.004919515571338184,-0.004931656221845813,1140978378.866455
2022-03-24,1077.9395700640691,1087.3517262365035,1074.2738312998513,1078.8807373046875,526345,-0.0030215532426085545,-0.0030261273508723984,567863481.6766357
2022-03-25,1083.8842713974148,1091.1168199396795,1075.561918251385,1082.4971923828125,598919,0.003352043421555484,0.003346437847264828,648328135.9647217
2022-03-28,1082.794384641886,1093.5936205869432,1046.2355610201948,1067.0413818359375,926829,-0.014277922063569926,-0.014380832330445088,988964896.8856201
2022-03-29,1102.774986254966,1106.6956949401795,1078.3571305046016,1093.09716796875,2864668,0.024418721313302028,0.024125350569936,3131360477.970703
2022-03-30,1101.7823059209431,1119.3016614150754,1095.3304275529376,1113.4949951171875,1287813,0.018660579997971993,0.018488607485432292,1433973330.1468506
2022-03-31,1119.6490174397986,1119.6490174397986,1106.1992844108347,1113.1474609375,749342,-0.00031211112866380564,-0.000312159845479094,834128144.6738281
2022-04-01,1110.7158623870039,1112.5025851631162,1080.9379572291755,1105.107666015625,1519104,-0.007222578502855126,-0.0072487875973821884,1678773475.875
2022-04-04,1105.107470437013,1121.534993675097,1095.8267158719577,1117.961669921875,1802143,0.011631449406729777,0.011564324107344554,2014726797.7180176
2022-04-05,1114.7357115054094,1121.832680589442,1102.774873457175,1110.0704345703125,773451,-0.007058592046464307,-0.007083621759871371,858585087.6888428
2022-04-06,1102.7748375492304,1114.140020306666,1093.3451697214016,1098.9036865234375,1354847,-0.010059495054651535,-0.010110433674138818,1488846362.9752197
2022-04-07,1095.33037934216,1107.4896880389806,1091.8562911430686,1100.6407470703125,966698,0.001580721375474159,0.0015794733504541699,1063987208.911377
2022-04-08,1100.7897141148821,1156.3751279926398,1100.7897141148821,1151.8587646484375,2390240,0.04653472780692258,0.04548444707087303,2753218893.6132812
2022-04-11,1151.412066637035,1151.412066637035,1124.6616364865388,1134.0416259765625,1318874,-0.015468162606995461,-0.015589042783884592,1495658015.418213
2022-04-12,1132.552643686513,1144.4638020776067,1110.7651982627644,1140.5926513671875,1506254,0.005776706287111466,0.005760085099108949,1718022243.4924316
2022-04-13,1141.4862052247881,1149.32774338965,1131.5602382228333,1138.4091796875,509293,-0.001914330832370581,-0.0019161655054598787,579783826.3505859
2022-04-18,1136.5231225656028,1173.199518971285,1125.2074969373107,1164.712890625,2382085,0.02310567360737603,0.022842779393564164,2774445106.064453
2022-04-19,1176.177361746507,1176.177361746507,1103.767483992584,1116.3734130859375,971382,-0.04150334209242157,-0.042389203296905445,1084425038.7502441
2022-04-20,1119.1526550225929,1127.2918985924903,1109.4251599757217,1119.996337890625,645638,0.003245262527949988,0.0032400080285964897,723112195.6030273
2022-04-21,1116.869816085501,1140.0966042990194,1116.869816085501,1136.07666015625,731288,0.014357477539534091,0.014255384992882097,830799228.6523438
2022-04-22,1125.108328882378,1131.5602072570896,1113.6934671425038,1128.83056640625,824665,-0.006378173237889917,-0.006398600691031129,930907059.0454102
2022-04-25,1111.708297537228,1120.8401386575053,1079.3992266734167,1083.171142578125,1073577,-0.040448429717390266,-0.041289217941068816,1162867625.7355957
2022-04-26,1097.8118613077852,1097.8118613077852,1075.577672794818,1086.744384765625,922785,0.003298871292854999,0.0032934419541346097,1002831417.0959473
2022-04-27,1084.9080564591698,1090.7644004848992,1053.3434369080007,1066.2471923828125,1202603,-0.018861098037541768,-0.01904123722547106,1282272072.3011475
2022-04-28,1060.5894024473084,1116.671106928612,1058.504973947689,1108.5814208984375,1643102,0.039703953096484,0.03893601214564521,1821512349.8410645
2022-04-29,1106.2489212429507,1124.2148956408575,1058.3561348365151,1097.3155517578125,3259418,-0.010162419221760643,-0.010214409132746054,3576610061.0793457
2022-05-02,1080.8880472704543,1085.3051749555075,1056.321280780264,1073.046630859375,1925857,-0.022116628949221173,-0.022364868562781092,2066534365.3669434
2022-05-04,1073.0466211317375,1088.8288104066746,1057.1153969643751,1069.8702392578125,1169983,-0.0029601617583185913,-0.002964551702573477,1251729992.1375732
2022-05-05,1073.9896326130324,1106.745323811027,1072.0044392070934,1075.62744140625,814132,0.005381215344798518,0.005366788338912225,875702720.1269531
2022-05-06,1065.0561545322644,1072.9969273526353,1044.4100967326688,1051.3087158203125,1350057,-0.02260887427169367,-0.02286837365496407,1419326690.9542236
2022-05-09,1026.344819835472,1066.9420424549278,1025.5506941387973,1056.5693359375,1201027,0.005003877584219163,0.004991399796351268,1268968299.8330078
2022-05-10,1062.0783896769206,1088.680027716769,1054.1376166699902,1073.046630859375,1410429,0.01559509098118439,0.015474737222273872,1513456086.5163574
2022-05-11,1071.0117537376489,1096.2732892678873,1071.0117537376489,1079.1014404296875,1886732,0.005642634156041604,0.005626774129513835,2035975218.9047852
2022-05-12,1067.5376383088553,1073.9398378822918,1040.2412319364764,1052.7479248046875,1457225,-0.024421722219651887,-0.02472487838604987,1534090594.7235107
2022-05-13,1067.041320735541,1071.0117070452548,1030.8612239549052,1037.2137451171875,1108831,-0.014755839761338874,-0.014865790111942149,1150094754.2120361
2022-05-16,1037.2635222972144,1046.1968923457073,1026.4938726387377,1036.9161376953125,590395,-0.00028692969339827457,-0.0002869708655986243,612190103.114624
2022-05-17,1034.2856951592805,1067.3887687508798,1028.6279427982663,1062.4754638671875,545334,0.024649366754657898,0.024350472852277958,579403994.6125488
2022-05-18,1055.6265553904686,1076.967383731696,1053.1450637228843,1065.9495849609375,775879,0.003269836539193882,0.0032645022487063184,827047898.0299072
2022-05-19,1065.9495626558605,1065.9495626558605,1039.2486886380516,1048.8272705078125,1069562,-0.016062968356756246,-0.01619337620994975,1121785793.098877
2022-05-20,1072.9970394800935,1075.4785312457734,1053.4924899685295,1063.41845703125,941175,0.013911906120035233,0.013816023801261075,1000862866.2963867
2022-05-23,1054.137742711841,1083.8164096071976,1054.137742711841,1068.5303955078125,620152,0.00480708082764858,0.0047955637090059695,662651261.8349609
2022-05-24,1064.8080350273783,1075.577684231533,1049.4227872595625,1065.4532470703125,847697,-0.002879794950556902,-0.002883949538192966,903181521.1817627
2022-05-25,1070.0191256112425,1107.7377960873346,1070.0191256112425,1087.8858642578125,3185769,0.021054529843691494,0.02083594602637868,3465753061.890747
2022-05-26,1088.8784686119654,1101.583753540067,1065.4532131194446,1097.1666259765625,1177148,0.008531006812080966,0.00849482341503585,1291527499.4350586
2022-05-27,1106.7453550726145,1121.0387722324315,1094.685280557563,1112.8001708984375,687512,0.014249016103602186,0.014148453031089477,765063471.0947266
2022-05-30,1117.0683472536375,1141.4862017712526,1110.5667904203917,1139.8980712890625,580398,0.024351092944878916,0.02405933205679995,661594560.7800293
2022-05-31,1145.4566704201438,1172.1575477161166,1131.1632527257757,1165.45751953125,2649820,0.022422573461575723,0.022174883291740558,3088252644.404297
2022-06-01,1153.397339581978,1167.2936930709175,1135.5802776824366,1144.2158203125,683413,-0.018226060463613858,-0.018394201266810593,781971966.4072266
2022-06-02,1131.758703966766,1139.501006659836,1112.998723351369,1135.282470703125,950691,-0.007807399138158422,-0.007838036448132874,1079302827.3552246
2022-06-03,1145.4565025238276,1153.248361778217,1130.5178748864994,1132.70166015625,917466,-0.0022732761347725727,-0.002275863949587337,1039215261.3369141
2022-06-06,1127.192767161987,1141.0891207015557,1125.70387213989,1133.54541015625,1199089,0.000744900470865062,0.0007446231702083628,1359221832.3188477
2022-06-07,1126.646913332448,1129.5750250802125,1105.256406350454,1125.9024658203125,848821,-0.006742512710526505,-0.006765346143705196,955689656.9400635
2022-06-08,1135.7786478665178,1150.6179184172388,1120.8400207235568,1127.639404296875,1387431,0.001542707764919049,0.0015415190137351529,1564521866.3430176
2022-06-09,1128.5326361415166,1158.6083610614883,1122.180114946018,1155.0845947265625,1142045,0.02433862307853696,0.024047158552686975,1319158585.984497
2022-06-10,1146.2010618446939,1155.0847540175982,1143.7195700459395,1146.3499755859375,611509,-0.007561886965250952,-0.007590622989860004,701003327.220581
2022-06-13,1128.632180804774,1153.1989503183124,1121.9817098930712,1125.306884765625,1014220,-0.018356602493541874,-0.018527175574063054,1141308748.6669922
2022-06-14,1116.6712160439708,1136.5231487736414,1115.827533136276,1123.7186279296875,768306,-0.0014113988436748048,-0.0014123958052067532,863359764.1501465
2022-06-15,1131.560274920886,1136.2254310964665,1114.4876595904714,1117.415771484375,947417,-0.0056089276164486,-0.005624716718584641,1058658697.9724121
2022-06-16,1122.974246661261,1129.2276543064318,1091.7571290699707,1096.96826171875,1385141,-0.01829892712044201,-0.018468423405010297,1519455715.005371
2022-06-17,1096.968144968652,1106.0999851241681,1067.9346947297627,1074.0887451171875,1535565,-0.0208570451853497,-0.021077625850559185,1649333083.895874
2022-06-20,1070.168038128422,1084.7096024104903,1061.2346688151947,1067.9842529296875,532685,-0.005683415095122268,-0.005699627154450376,568899191.7718506
2022-06-21,1072.1035813475694,1090.3673833261757,1069.373940651942,1088.2332763671875,659138,0.01896003932825141,0.018782537895828733,717295905.3181152
2022-06-22,1087.3896187031637,1087.8859170229734,1054.733165026366,1062.5250244140625,560136,-0.023623842894187175,-0.023907359948485633,595158517.0751953
2022-06-23,1069.0267284939523,1074.9823091540857,1053.5918001498003,1065.9000244140625,895014,0.003176395776524066,0.0031713616888124968,953995444.4509277
2022-06-24,1064.1628643334866,1084.8089235101195,1064.1628643334866,1070.565185546875,492066,0.004376734239570856,0.004367184193471831,526788728.5913086
2022-06-27,1075.8754178961256,1088.4813455338592,1069.0761558054335,1076.5206298828125,793805,0.005562897445516413,0.005547481675993709,854547458.604126
2022-06-28,1076.9673457824174,1081.930328942705,1060.0932030374395,1070.06884765625,572706,-0.005993180295360223,-0.006011211479239746,612834849.4658203
2022-06-29,1062.128105829675,1079.9451674323525,1043.7650675966802,1059.745849609375,1224658,-0.009647041000665713,-0.009693875151415276,1297826232.690918
2022-06-30,1065.552520538703,1084.5607709185651,1049.7206521887629,1073.592529296875,1569542,0.013066038137921288,0.01298141380107738,1685048565.6176758
2022-07-01,1077.4141019895617,1097.166801697641,1067.0415143400573,1091.70751953125,696341,0.01687324542602675,0.016732473532788332,760200705.8579102
2022-07-04,1096.8193598607395,1113.693503858597,1086.9926282404338,1109.375732421875,1436248,0.016184016849321692,0.016054451702416796,1593338676.9394531
2022-07-05,1109.7230790461858,1122.9742203810856,1098.7548373564207,1102.77490234375,1020111,-0.005950040085801023,-0.005967812105531473,1124952808.4047852
2022-07-06,1105.9510783678284,1116.671170067103,1102.7748177284902,1107.8370361328125,602752,0.0045903599894265845,0.004579856418193257,667750989.203125
2022-07-07,1113.395615399522,1121.6342160727072,1102.923793427289,1116.274169921875,792663,0.0076158618225243835,0.007587007554352857,884829232.3527832
2022-07-08,1127.3913805486482,1140.8906714379887,1119.2024577720356,1138.4091796875,1135110,0.019829366621619604,0.019635325676180978,1292219643.9550781
2022-07-11,1137.4660576968759,1146.5483410788424,1132.602431151628,1138.9053955078125,543156,0.00043588529429183787,0.00043579032389341244,618603299.0024414
2022-07-12,1134.5379507738814,1138.5083373032737,1125.7038165126671,1131.31201171875,331672,-0.006667264742983181,-0.00668959024122939,375224517.55078125
2022-07-13,1136.969771828643,1142.2802607812716,1129.1779124447626,1131.4112548828125,368619,8.77239550491904e-05,8.77201075280572e-05,417059685.36364746
2022-07-14,1134.637122291151,1138.4090377482391,1121.6838096686004,1130.517822265625,728701,-0.0007896621262443171,-0.0007899740736139561,823809467.6027832
2022-07-15,1136.1757808220711,1149.5261573116416,1128.4334784774906,1146.895751953125,591171,0.014487104373708704,0.01438316889067949,678011508.5778809
2022-07-18,1156.8217270608798,1178.063319783869,1148.7321612282205,1168.4351806640625,1044459,0.018780633439662298,0.01860645475487737,1220382640.361206
2022-07-19,1167.6906507729536,1177.1698754917888,1146.94535784304,1161.288330078125,1099874,-0.006116599965670044,-0.006135382994590937,1277270840.7563477
2022-07-20,1166.3010458287781,1190.1233650627275,1154.8861845291774,1177.269287109375,1608377,0.013761403277147366,0.013667574992997186,1893492844.1931152
2022-07-21,1178.2121624876916,1178.2121624876916,1154.389844122313,1159.8988037109375,1048591,-0.014754893879112663,-0.014864830063854235,1216259446.4820557
2022-07-22,1160.891358505012,1167.492028714463,1149.8238825963285,1156.3253173828125,753148,-0.0030808604308342202,-0.0030856160514454506,870884100.1362305
2022-07-25,1163.323299177029,1163.323299177029,1130.7660798801842,1136.4735107421875,934158,-0.017168011754301937,-0.01731709079224417,1061645821.8479004
2022-07-26,1133.5454756441725,1141.5854849946695,1126.5972984729735,1129.7735595703125,687125,-0.005895387009504094,-0.005912833406133018,776295657.119751
2022-07-27,1131.5601878821833,1168.782562483571,1123.817885498461,1140.8409423828125,1554002,0.009796107121421205,0.009748436336634966,1772869106.1447754
2022-07-28,1146.4491717414464,1186.1530391610636,1139.0046966002683,1182.6292724609375,1043318,0.03662940952210558,0.035974497509454716,1233858407.2854004
2022-07-29,1253.3517519054053,1295.0408115518976,1231.812452888018,1284.817138671875,7628351,0.08640735401238153,0.08287624695658348,9801036104.604736
2022-08-01,1290.3756861749266,1307.497978933786,1277.8689922191638,1303.5772705078125,2973441,0.014601402231705807,0.014495828203219001,3876110102.7960205
2022-08-02,1300.3016263314755,1303.08094544981,1270.9703465227842,1275.6851806640625,1673860,-0.02139657577251597,-0.021628801024831855,2135318396.5063477
2022-08-03,1273.5016307425258,1278.0179944234105,1249.2822457998398,1274.047607421875,1409000,-0.0012836813243648493,-0.001284505949015163,1795133078.8574219
2022-08-04,1274.5932085584284,1277.422084499132,1260.8457705425676,1269.33251953125,1015838,-0.0037008726072381704,-0.003707737779585339,1289436207.975586
2022-08-05,1275.685054483846,1278.3154596094876,1251.6145878276454,1257.2724609375,922856,-0.009501102672610728,-0.009546526092622298,1160281434.2109375
2022-08-08,1251.8628714294227,1262.9303485305174,1241.9865830319866,1260.49853515625,1002771,0.0025659308693872784,0.0025626444893229686,1263991376.597168
2022-08-10,1260.5977869337974,1284.7179347882206,1259.6548685519383,1263.7740478515625,1187710,0.00259858508673827,0.002595214602242913,1500997074.3737793
2022-08-11,1270.1267430622497,1274.4445145758334,1249.7289530958062,1252.1607666015625,943196,-0.009189365195260035,-0.009231847871105198,1181033026.4155273
2022-08-12,1246.205094104817,1280.3007647998159,1243.2273041547455,1277.0252685546875,1572048,0.01985727601145726,0.019662692026733108,2007545019.3808594
2022-08-16,1279.4570743783488,1311.2201669928618,1277.521559388785,1299.904541015625,1710276,0.017916068713997868,0.017757467493612355,2223195538.790039
2022-08-17,1295.3386505560845,1311.2201972295693,1282.881513917436,1295.68603515625,1209377,-0.003245242805351767,-0.0032505200261194285,1566972890.1391602
2022-08-18,1296.3311527468218,1323.1312608051405,1293.7007475374123,1314.3963623046875,1498235,0.014440479129020689,0.014337208408821652,1969274633.8775635
2022-08-19,1310.2276694475677,1324.8187927543245,1283.7749426454784,1287.3482666015625,961803,-0.020578340353665014,-0.020793024738593735,1238175424.8621826
2022-08-22,1282.4844460630304,1301.6911654491503,1261.7391535275876,1266.55322265625,966451,-0.016153394139574062,-0.01628528243496154,1224061628.5893555
2022-08-23,1266.5533576802814,1283.080116557311,1260.5977776284933,1269.779296875,803737,0.0025471288225726862,0.0025438903879277767,1020568602.7324219
2022-08-24,1274.4940515018204,1280.3999528844379,1262.8310412953201,1277.9681396484375,684029,0.006449028420600911,0.006428322411564743,874167268.595581
2022-08-25,1278.464457492049,1306.257163089702,1278.464457492049,1287.3978271484375,1286241,0.007378656171032505,0.007351567060128769,1655903868.5892334
2022-08-26,1296.3312970006032,1317.6721261625578,1296.3312970006032,1303.9742431640625,869870,0.012875908026302563,0.012793718282420602,1134288074.901123
2022-08-29,1246.701456926442,1301.195040065223,1246.701456926442,1288.5889892578125,737193,-0.01179874064760511,-0.011868898181100207,949938782.7579346
2022-08-30,1290.474949515273,1323.7766173721598,1290.474949515273,1319.26025390625,1086386,0.023802209163763743,0.02352335284695265,1433225870.2001953
2022-09-01,1281.5414476979986,1303.2793374996634,1281.4422122711846,1286.951171875,2045072,-0.024490301997338815,-0.024795177397233772,2631907806.96875
2022-09-02,1293.4032446204283,1301.2943403227955,1273.2038038079993,1278.6630859375,1141002,-0.006440093547158354,-0.006460920415748304,1458957138.3808594
2022-09-05,1285.0653308252558,1286.4053121254024,1272.5089584450352,1283.8245849609375,440939,0.004036637234782647,0.0040285118734511,566088328.6680908
2022-09-06,1283.4273567827615,1307.2496743100517,1275.5362625684756,1301.6414794921875,1792194,0.013877982038949854,0.013782564633438374,2332794049.6970215
2022-09-07,1294.346052065363,1327.4988049328697,1291.566732934785,1321.692138671875,839563,0.01540413354644321,0.015286694378143015,1109643817.0197754
2022-09-08,1328.09434089162,1330.4269188265357,1295.0905017027962,1307.944580078125,1205449,-0.010401483213454243,-0.010455956705966593,1576660486.1105957
2022-09-09,1312.2623326996168,1317.1259589180866,1281.7399884311214,1287.8443603515625,548609,-0.015367791596614833,-0.0154871000222525,706523006.6881104
2022-09-12,1288.191932996715,1301.2941598235009,1285.4622923105865,1296.3311767578125,1002755,0.0065899394892199314,0.006568320763405374,1299902569.1497803
2022-09-13,1302.8327251420678,1325.116470505282,1301.2941519344006,1314.594970703125,1160040,0.014088833372804643,0.013990508208266304,1524982749.8144531
2022-09-14,1295.2890548593737,1310.2276841184216,1290.3757495105667,1293.6513671875,800852,-0.015931601734656797,-0.016059873913362426,1036023284.7148438
2022-09-15,1300.1526329404599,1307.2497228673988,1267.1487959736103,1285.41259765625,1441219,-0.0063686165687451,-0.0063889827227763835,1852561058.581543
2022-09-16,1279.457048136913,1293.3037225729263,1256.6273257884654,1262.8310546875,1717631,-0.017567544467763874,-0.017723685151828764,2169077767.2939453
2022-09-19,1269.0349198071228,1298.3165233537086,1263.0296611216095,1293.6513671875,859607,0.02440572900515714,0.024112667874604986,1112031770.7939453
2022-09-20,1300.1526669680559,1312.7090385264073,1296.9764062299362,1299.6068115234375,671787,0.004603592967157066,0.004593028842598776,873058961.0928955
2022-09-21,1299.6066958644456,1308.9866846833208,1288.3903065167397,1296.62890625,453755,-0.0022913894010349045,-0.0022940186509199092,588351849.3554688
2022-09-22,1287.3977708849914,1290.3258823444296,1259.605066501969,1275.98291015625,932867,-0.015922825716928157,-0.016050955855825316,1190322349.4487305
2022-09-23,1264.5680360277152,1280.3999029257966,1256.180643439059,1263.575439453125,415333,-0.009723853356002787,-0.009771438744878307,524804577.99438477
2022-09-26,1262.3844260059277,1262.3844260059277,1242.582050796223,1250.4732666015625,1271968,-0.010369125928273104,-0.010423259854016563,1590561979.9726562
2022-09-27,1256.6275225456184,1261.2431218025063,1228.1400434474403,1233.10302734375,821405,-0.013890932114862364,-0.01398831398069058,1012876992.175293
2022-09-28,1218.4123935161235,1241.5895011676146,1206.0049353336783,1229.6287841796875,1102669,-0.0028174800377762654,-0.002821456605681376,1355873541.8226318
2022-09-29,1235.782914430073,1241.7384947405794,1226.8495439643134,1230.6214599609375,1382993,0.0008072971241579463,0.0008069714351080445,1701940864.7757568
2022-09-30,1233.7975865328162,1248.6865356864705,1225.4101936428892,1241.1923828125,1344894,0.008589906153512183,0.008553222830826313,1669272188.4902344
2022-10-03,1246.304334325546,1247.3466092787094,1218.7597771815445,1228.0902099609375,981699,-0.010556117676031374,-0.010612228712025003,1205614931.0284424
2022-10-04,1242.9791803380283,1255.6347878838935,1240.7955161300818,1251.3170166015625,420656,0.01891294829340251,0.018736322027476465,526374010.9355469
2022-10-06,1257.6199756104472,1270.4740539663508,1233.2516789976123,1235.9317626953125,900769,-0.012295248687686389,-0.01237146059839298,1113289017.951294
2022-10-07,1229.9263500936643,1247.5946169954632,1229.181902687688,1233.9959716796875,570691,-0.0015662604312420836,-0.0015674882993863299,704230395.0738525
2022-10-10,1220.8938032647823,1234.7404772010332,1209.0323225045718,1230.125,539842,-0.003136940288725909,-0.0031418707997592004,664073140.25
2022-10-11,1230.86952514031,1233.7976367931778,1191.2648945449275,1197.4189453125,712461,-0.026587586373336025,-0.026947428811558476,853114299.1962891
2022-10-12,1197.071535300597,1211.4145081317204,1191.413782978495,1203.2255859375,721135,0.00484929743907192,0.00483757747005099,867688082.9150391
2022-10-13,1198.064286732358,1207.5436342365226,1176.2768363640541,1179.105712890625,689562,-0.020046010763710487,-0.02024965817858213,813066493.5922852
2022-10-14,1192.1085518331136,1208.0397762005964,1168.8817664733238,1171.0655517578125,717290,-0.0068188636904333855,-0.006842218370249146,839993609.6203613
2022-10-17,1169.2787670098685,1189.7759105460302,1158.9557383818994,1180.991455078125,1615547,0.008475958758596747,0.008440239514794027,1907947202.2770996
2022-10-18,1186.8974734335236,1216.9235228346226,1184.316746313358,1210.0250244140625,1367703,0.02458406384830014,0.024286738867262257,1654954855.9661865
2022-10-19,1210.9678471903683,1224.6657286825948,1204.3670555932695,1218.0152587890625,947326,0.0066033629171173835,0.006581656221934474,1153857523.0476074
2022-10-20,1210.9678845117676,1220.8938507782575,1205.0123047518737,1213.89599609375,878595,-0.003381946708457373,-0.0033876784167634487,1066522952.6879883
2022-10-21,1219.3552985775043,1240.99395387841,1217.916081910665,1237.122802734375,1020728,0.019134099391848736,0.018953344592844028,1262765884.1894531
2022-10-24,1259.555498777907,1259.555498777907,1229.6288060430068,1248.28955078125,157253,0.009026386080826843,0.008985891753855745,196297276.7290039
2022-10-25,1252.259964204123,1269.134107992516,1233.9961608116034,1245.5599365234375,1260061,-0.0021866835752203384,-0.002189077858746484,1569481499.1756592
2022-10-27,1246.2049944284533,1254.6420652788254,1234.3435138760308,1243.624267578125,1512949,-0.0015540552393771279,-0.001555264035740514,1881540092.0080566
2022-10-28,1249.877545493307,1255.982038598011,1235.236746167617,1243.5250244140625,528795,-7.980156599529664e-05,-7.980475030967426e-05,657569815.2850342
2022-10-31,1249.7783741370101,1264.3199387850073,1246.0065796986783,1256.57763671875,539055,0.01049646130831805,0.010441755933900771,677364457.9614258
2022-11-01,1256.5776146529813,1276.8762877801134,1250.7213916585952,1259.35693359375,1038607,0.002211798772941309,0.0022093563468090424,1307976926.729004
2022-11-02,1265.6598404318463,1269.9280540761551,1253.1531480980043,1263.22802734375,369486,0.0030738654361899265,0.0030691507708571018,466745070.9111328
2022-11-03,1253.6497131747158,1271.5164549301749,1253.6497131747158,1266.6031494140625,431610,0.0026718232949671794,0.002668260320122507,546678585.3186035
2022-11-04,1270.5237632495628,1272.3600428928166,1250.175531103769,1256.2303466796875,336277,-0.008189465452674405,-0.008223183338699765,422441372.2904053
2022-11-07,1262.533245643624,1272.5088903253659,1256.0318103625814,1269.1837158203125,474230,0.01031130092889554,0.010258502105010395,601884993.5534668
2022-11-09,1280.4497099888438,1280.4497099888438,1246.7511013592602,1254.4437255859375,992095,-0.011613756188833646,-0.011681722597914068,1244527347.9351807
2022-11-10,1258.7117564417115,1258.7117564417115,1216.8737844476098,1229.1820068359375,497796,-0.020137785565630284,-0.02034331471822599,611881886.2749023
2022-11-11,1241.738343932776,1263.773939938813,1229.1819727364314,1240.993896484375,1136441,0.00960955300577715,0.009563674929000801,1410316344.7145996
2022-11-14,1241.738335152917,1250.572469044794,1230.7700943573977,1239.3560791015625,772676,-0.0013197626414217511,-0.0013206342951383435,957620697.7758789
2022-11-15,1239.3561935781877,1252.657013357456,1229.3309913179153,1249.97705078125,775345,0.00856974993610149,0.008533238079147867,969163456.4379883
2022-11-16,1250.6718380613652,1256.180798195652,1237.0733117808256,1245.609619140625,1280120,-0.003494009460329961,-0.003500127767156377,1594529785.6542969
2022-11-17,1246.2049868450952,1251.813181668354,1234.7901263522888,1245.0634765625,796479,-0.00043845404670350696,-0.00043855019578470524,991666912.7490234
2022-11-18,1245.0635349323059,1251.664326629608,1228.4872199931367,1233.5494384765625,1253218,-0.009247751863805886,-0.009290777788561154,1545906360.1887207
2022-11-21,1220.993131290295,1239.6539970269428,1196.5752776064664,1217.51904296875,1040107,-0.012995340930648136,-0.013080519124789733,1266350079.2250977
2022-11-22,1223.5738084743768,1226.7997474985175,1210.6204952466212,1219.950927734375,750489,0.0019974100443596043,0.0019954178732642315,915559751.8044434
2022-11-23,1225.807300448586,1225.8569787524202,1208.139151106605,1217.221435546875,880563,-0.0022373786727380995,-0.002239885344013893,1071840158.9494629
2022-11-24,1220.8937880562667,1236.1301212592637,1211.2159714436254,1231.4649658203125,1717980,0.011701675518914989,0.01163374037038922,2115632181.9799805
2022-11-25,1238.959181640028,1245.6592095227552,1220.000608457037,1226.1051025390625,1429364,-0.004352428554619592,-0.004361927945414953,1752550493.7856445
2022-11-28,1220.8940678989454,1260.1016416241555,1217.9162774894357,1244.2200927734375,1073327,0.014774418764640807,0.01466634027058881,1335455019.5162354
2022-11-29,1244.2199920592216,1263.8734556377633,1238.7110317809145,1249.083740234375,1070183,0.003908992861621607,0.0039013726009331953,1336748184.3752441
2022-11-30,1249.033926313603,1280.1518059620735,1243.4754095026442,1273.4022216796875,1401332,0.019469056126492745,0.01928195856241585,1784459282.1108398
2022-12-01,1280.4497663286243,1288.539453814329,1266.7518831524258,1281.1942138671875,949604,0.00611903454764029,0.006100389277784187,1216627150.2651367
2022-12-02,1282.4348198832615,1290.3259144646736,1255.6347114182088,1285.5615234375,1614314,0.003408780279400503,0.0034029835573365446,2075299965.1464844
2022-12-05,1288.4896505886034,1288.4896505886034,1264.2207116510322,1275.0400390625,684421,-0.00818434916040911,-0.008218024814071488,872664178.5751953
2022-12-06,1276.479298723092,1303.7757067439977,1272.0622920736153,1275.5859375,1991151,0.0004281421922258666,0.0004280505655093939,2539884215.0390625
2022-12-07,1276.3801955583024,1287.0009324040343,1249.6793185303318,1252.706787109375,636553,-0.01793618894503135,-0.018098992031118512,797414263.454834
2022-12-08,1232.8050662769976,1259.3570272455238,1232.8050662769976,1257.4710693359375,608199,0.0038031902401967077,0.0037959763968225236,764792646.8990479
2022-12-09,1267.545927385832,1267.545927385832,1247.7436726016062,1260.2503662109375,679420,0.002210227290929012,0.0022077883316985888,856239303.8110352
2022-12-12,1259.5554531194505,1263.5755179629487,1243.7732635361322,1253.8480224609375,498780,-0.005080215742566452,-0.005093163910167573,625394316.6430664
2022-12-13,1256.1311002434336,1270.871136728105,1249.9273709850208,1268.340087890625,598044,0.011558071767935552,0.01149178751296382,758523179.5224609
2022-12-14,1275.4867084440834,1276.4793051043512,1257.2229056618396,1260.349609375,609946,-0.006299949510319425,-0.006319877935038463,768745202.8398438
2022-12-15,1265.5111161646628,1285.412728497221,1259.2578296449003,1264.0718994140625,1303760,0.0029533789762574703,0.002949026320490896,1648046379.5800781
2022-12-16,1253.6495684201582,1269.282965651051,1241.3413457320435,1244.8651123046875,722024,-0.01519437867282547,-0.015310996038039653,898822487.8466797
2022-12-19,1244.914748265828,1261.4911860634002,1242.0858718687143,1258.1163330078125,378502,0.010644704050378762,0.010588448055032482,476199548.27612305
2022-12-20,1250.6717976681473,1259.6051676514912,1219.9509793587263,1222.1346435546875,1478618,-0.028599652122075714,-0.029016590950395844,1807070282.383545
2022-12-21,1221.9361736254214,1235.5843777771076,1212.556062435766,1225.211669921875,1281437,0.0025177474375799314,0.002514583221518618,1570031566.6696777
2022-12-22,1225.2614380306425,1239.7533261769745,1220.0503051543983,1235.5347900390625,1176517,0.008425580959285028,0.00839028387905264,1453627684.5723877
2022-12-23,1230.1250566928718,1238.7605989400038,1207.7419541348154,1215.5338134765625,877135,-0.016188112810540667,-0.01632057176092216,1066187251.4837646
2022-12-26,1213.896020296073,1240.100595995382,1196.078958959124,1234.095458984375,567165,0.01527036541642901,0.015154946891998871,699935750.994873
2022-12-27,1234.293996064793,1245.4607089363078,1225.9561595540772,1231.8621826171875,471890,-0.001809646369678286,-0.0018112857577769611,581303445.3552246
2022-12-28,1231.8123393960457,1240.6464730738605,1222.9782057182308,1232.8546142578125,376439,0.0008056352850418502,0.0008053109351290639,464094558.1365967
2022-12-29,1228.8347580527757,1253.4512055498726,1219.9510657402757,1249.2822265625,678487,0.013324857703985726,0.01323686260713247,847621750.0537109
2022-12-30,1252.656870308849,1254.4435926000076,1219.7027126786052,1222.1842041015625,1052741,-0.021690873274888278,-0.021929578394211734,1286643421.210083
2023-01-02,1220.8938621783357,1238.413217035593,1212.9530890909969,1230.8695068359375,703923,0.007106377831776811,0.007081246520320445,866437355.8604736
2023-01-03,1235.4850297179364,1265.5607573594664,1217.320583312258,1259.0096435546875,1871263,0.022861998418570728,0.022604578963235585,2355938162.627075
2023-01-04,1258.9599581374832,1272.8067543396794,1243.7733018349718,1249.7288818359375,1073081,-0.007371477864575149,-0.0073987814688891455,1341060318.2493896
2023-01-05,1251.317081735546,1265.1142004037042,1245.758564326051,1258.2652587890625,878852,0.00683058307861506,0.006807360335957346,1105828939.2172852
2023-01-06,1261.5406217951156,1277.8192305457553,1257.1236153164978,1259.65478515625,1675874,0.0011043191071846703,0.0011037097953812776,2111022703.4189453
2023-01-09,1265.9577715050143,1304.1727419221072,1261.7392358096208,1296.6785888671875,1432882,0.029392024026920094,0.028968360029814465,1857987409.7731934
2023-01-10,1296.6785360548104,1303.9245396560552,1288.2911433039765,1292.956298828125,1000059,-0.002870634304461217,-0.0028747624773254265,1293032583.2497559
2023-01-11,1299.4579384078604,1299.4579384078604,1277.8192828075864,1281.7401123046875,652049,-0.008674838069626434,-0.008712683505033118,835757358.4881592
2023-01-12,1281.7400895068274,1310.2275646039316,1281.7400895068274,1305.9593505859375,1377949,0.01889559205391622,0.01871928780748664,1799545381.180542
2023-01-13,1309.235117220789,1316.1832944918624,1296.3313594316533,1303.2298583984375,1214977,-0.0020900284425203752,-0.0020922155999778796,1583394303.6673584
2023-01-16,1309.7809952514299,1312.9572561551952,1285.4126983337576,1291.26904296875,600742,-0.009177824888378705,-0.009220200600406295,775719547.4111328
2023-01-17,1295.0408876818774,1300.6987616664542,1284.91644963919,1288.837158203125,895667,-0.0018833292557172143,-0.0018851049500882954,1154368910.9763184
2023-01-18,1299.3089686961114,1312.2127246877458,1292.5097061184506,1300.94677734375,1078873,0.009395771268348563,0.009351905563504561,1403556352.5131836
2023-01-19,1303.2793637877135,1320.1535063500828,1293.9489313140284,1313.3045654296875,1189082,0.009499072753129445,0.009454240249411496,1561626819.2702637
2023-01-20,1314.247541457311,1316.1333780134837,1282.7821573810554,1286.50439453125,966855,-0.02040666849404349,-0.02061776129156928,1243863206.3745117
2023-01-23,1275.486663248497,1308.391265603749,1270.5236801230164,1285.8096923828125,1367408,-0.0005399920524100654,-0.0005401379006253465,1758226459.8417969
2023-01-24,1286.4053050755938,1291.3682885056694,1260.7962621097688,1263.82373046875,657428,-0.017098923770996755,-0.01724679845745853,830873107.4746094
2023-01-25,1263.7740224369554,1269.3326606811406,1240.7955066295556,1248.140625,599832,-0.01240925066578169,-0.01248688836926024,748674687.375
2023-01-27,1254.3442722590678,1281.938506146427,1220.8938153775496,1240.993896484375,1164597,-0.005725900088882185,-0.005742355901085646,1445257768.8640137
2023-01-30,1212.953175550269,1235.2369231483658,1206.6005323942654,1224.318359375,1694822,-0.013437243451893899,-0.01352834018743387,2075001690.4726562
2023-01-31,1234.4923513542396,1234.4923513542396,1203.5730639870917,1210.521240234375,1760628,-0.011269225063053279,-0.011333203895175975,2131277590.1513672
2023-02-01,1210.5211805878782,1219.6530204534338,1060.9368066205232,1101.1866455078125,8470232,-0.0903202612994991,-0.09466267690902626,9327306362.75293
2023-02-02,1082.1288108730962,1146.449121755079,1080.6895942085214,1099.30078125,8566734,-0.0017125745807994308,-0.0017140427130769463,9417417378.960938
2023-02-03,1106.7452331923114,1137.168343880645,1106.7452331923114,1129.6246337890625,4061171,0.027584672963282708,0.02721107076991818,4587598803.629761
2023-02-06,1118.8548907646777,1138.3594390894557,1106.745260151625,1129.9720458984375,2909587,0.0003075465061430638,0.00030749922341052107,3287751975.109497
2023-02-07,1134.5379277071943,1139.35199704289,1116.1252120848599,1123.3712158203125,1741642,-0.005841587057029085,-0.005858715865559753,1956510491.0637207
2023-02-08,1131.560166564915,1163.3232589597199,1126.746097107144,1155.8787841796875,3265863,0.02893751228585395,0.028526728366434058,3774941753.7374268
2023-02-09,1161.933640370458,1176.227056685011,1154.1417807261573,1171.710693359375,2186484,0.013696859390773586,0.013603905237043096,2561926683.6591797
2023-02-10,1171.1149927184345,1178.7083804129345,1158.4098298231877,1175.7305908203125,1655228,0.0034307935258421907,0.0034249217797334953,1946102194.3823242
2023-02-13,1171.4625596597011,1179.1551839716644,1164.3655902922565,1170.3707275390625,812659,-0.004558751233571634,-0.00456917402865957,951112305.071167
2023-02-14,1169.2788612710822,1172.703271269122,1146.5483736055858,1153.0994873046875,990530,-0.014757067848656158,-0.014867036592898078,1142179635.159912
2023-02-15,1152.3054935129342,1175.085538525469,1141.486165622844,1171.6114501953125,1243115,0.016054089950118478,0.015926585879071066,1456447767.909546
2023-02-16,1177.5174668016346,1177.5174668016346,1160.8914727384877,1165.40771484375,356750,-0.005295045000224485,-0.005309113434974047,415759202.2705078
2023-02-17,1166.8966327366672,1166.8966327366672,1128.8305742932248,1141.1883544921875,909951,-0.020781877486377942,-0.021000859926359732,1038425484.3585205
2023-02-20,1135.530438174876,1161.9831601156727,1132.7015622781214,1149.8238525390625,488052,0.007567110208303474,0.007538623248900642,561173830.8793945
2023-02-21,1155.5809350294955,1159.3528506472055,1135.7290026553997,1141.83349609375,610755,-0.006949200460286242,-0.006973458602255791,697380516.9067383
2023-02-22,1140.3943478748772,1140.4439050088376,1116.8201767664368,1122.7757568359375,944068,-0.016690471354194547,-0.016831326766211404,1059976663.2045898
2023-02-23,1128.4333571475986,1133.4460181629127,1115.5296020717733,1126.994140625,768179,0.0037571026657630124,0.0037500623840731684,865733231.9511719
2023-02-24,1127.6890748518051,1133.8928041619731,1110.9141665637928,1113.7431640625,973799,-0.011757804308682007,-0.01182747393612675,1084561979.4208984
2023-02-27,1113.7429940859615,1126.597070788239,1102.2287773102885,1120.7904052734375,987563,0.006327528139640215,0.0063075933810995705,1106851135.0030518
2023-02-28,1123.0239578985029,1126.49804643291,1100.839445347822,1112.700927734375,1219508,-0.007217654167095522,-0.007243827448772574,1356947682.9794922
2023-03-01,1118.308896615445,1118.308896615445,1100.5910729172615,1109.871826171875,675500,-0.0025425534319095666,-0.002545791210200567,749718418.5791016
2023-03-02,1113.3956345284828,1114.686058664096,1089.9703773864903,1092.0052490234375,491880,-0.01609787430145171,-0.01622885263043757,537135541.8896484
2023-03-03,1092.0052321360574,1124.3141804943577,1092.0052321360574,1120.8897705078125,922485,0.026450899856210297,0.026107123752427987,1034003999.9468994
2023-03-06,1123.6193672935474,1137.4660415952417,1116.6711909940288,1120.34375,920574,-0.0004871313149420464,-0.0004872500019467145,1031359327.3125
2023-03-08,1121.6342136766755,1132.8506042800755,1102.4770498791042,1120.840087890625,959097,0.0004430228584977325,0.0004429247528454516,1074994365.7756348
2023-03-09,1120.839953643752,1126.2992345608677,1083.9154111800694,1088.58056640625,1239659,-0.02878155575706265,-0.02920386766804768,1349468696.3706055
2023-03-10,1084.9083102601994,1092.4024646211356,1075.9252606884763,1087.786865234375,893708,-0.0007291156909913221,-0.0007293816251090962,972163823.7548828
2023-03-13,1083.9155717329545,1093.2460047339366,1058.2569718551943,1064.5599365234375,875379,-0.02135246292566051,-0.02158372469304292,931893412.6739502
2023-03-14,1066.842954839462,1084.4615458220799,1063.0710390075346,1069.1258544921875,1089923,0.004289019163788099,0.004279847536599085,1165264858.7056885
2023-03-15,1072.0043462772132,1073.3940057742218,1054.1376071725929,1059.1502685546875,1566147,-0.009330600224085162,-0.009374402957807544,1658785015.6461182
2023-03-16,1066.512641935789,1083.0285380262776,1049.2506715616582,1057.2598876953125,1023855,-0.0017848089317435978,-0.001786403600940716,1082480822.3162842
2023-03-17,1062.582835177621,1085.5656418729764,1060.742243133506,1066.16455078125,1569036,0.008422397548202065,0.008387127060971267,1672850562.0996094
2023-03-20,1066.1644143460012,1084.4213119006574,1048.653712507076,1068.6517333984375,842875,0.002332831846045602,0.0023301150182824743,900739829.788208
2023-03-21,1069.5970649914996,1094.1219354642205,1069.5970649914996,1092.132080078125,842669,0.021971935239385454,0.02173403077763837,920305847.7873535
2023-03-22,1113.821540952666,1121.9302258581354,1097.455029150206,1107.4539794921875,1399723,0.014029346535600729,0.013931846106806653,1550128806.5367432
2023-03-23,1108.1505768497752,1119.840977915644,1099.3951640667958,1112.9759521484375,463672,0.004986187018608312,0.004973797156494634,516055785.6845703
2023-03-24,1104.3696794540135,1116.159547687689,1082.9787352123367,1106.5584716796875,1019781,-0.005766054923614483,-0.005782742798024761,1128447304.8079834
2023-03-27,1104.071149278716,1110.9361742585227,1089.545230080842,1093.7239990234375,1078978,-0.011598549001001324,-0.011666336840634672,1180104133.0183105
2023-03-28,1099.1961723979784,1100.8875009088438,1082.5311334099774,1085.7646484375,609715,-0.007277293533875295,-0.007303902205800922,662006992.6220703
2023-03-29,1088.450841781891,1100.3899735016194,1077.7553696163013,1093.126953125,890212,0.006780755569906427,0.0067578696445191,973114731.1953125
2023-03-31,1094.6193113657864,1107.3046384329693,1091.6843234875548,1095.5147705078125,959958,0.002184391644526107,0.0021820093297393265,1051648168.0671387
2023-04-03,1094.420398282301,1121.0845074754482,1086.2620402573748,1098.201171875,1689388,0.0024521817865972295,0.002449180094967544,1855287881.3515625
2023-04-05,1103.92209366857,1113.2246435044062,1094.868154310101,1099.9423828125,713828,0.0015855118188656814,0.0015842562220023714,785169671.2382812
2023-04-06,1103.2753186040736,1114.318991461366,1099.3950763971513,1110.5880126953125,959185,0.009678352292955772,0.00963181705675258,1065259362.9571533
2023-04-10,1113.7219942761005,1113.7716677860756,1098.4498797068622,1100.638671875,985731,-0.00895862435626893,-0.008998994117326202,1084933658.6660156
2023-04-11,1105.2652241530004,1126.1089112257323,1102.7779048626442,1107.00634765625,913188,0.005785437077548972,0.005768765706333896,1010904912.6035156
2023-04-12,1112.8265340035998,1124.2682015414105,1106.4589729966801,1121.1341552734375,784276,0.012762173990328751,0.012681423754485879,879278610.7612305
2023-04-13,1121.1341894991997,1133.222584644057,1117.801206187531,1124.5169677734375,1508398,0.0030173128559936035,0.0030127699036031543,1696219145.1555176
2023-04-17,1114.3190126261004,1144.9130390888258,1113.3240849362555,1139.5404052734375,1053536,0.013359902901017628,0.013271446374392785,1200546840.4101562
2023-04-18,1139.5404435377916,1147.4501918083372,1134.3170729907124,1139.739501953125,521013,0.00017471664783985652,0.0001747013866639021,593819097.1311035
2023-04-19,1134.217557457204,1139.440927787599,1114.8164676585939,1117.7017822265625,1033060,-0.01933575144916655,-0.019525132279633293,1154653003.1469727
2023-04-20,1117.701837951138,1126.0592551866673,1106.8571013866501,1123.1241455078125,663526,0.004851350662113285,0.004839620782365494,745222071.7722168
2023-04-21,1130.8347593103554,1130.8347593103554,1097.7534144619308,1100.937255859375,835506,-0.019754619057188783,-0.0199523499423883,919839682.894043
2023-04-24,1100.389957533175,1108.0011781842761,1085.0680477583105,1100.0914306640625,1337055,-0.0007682773843930013,-0.0007685726607084497,1470882747.826538
2023-04-25,1100.3898640078073,1116.457968138651,1095.465021243915,1100.2406005859375,1099269,0.00013559774916616085,0.00013558855662235416,1209460384.765503
2023-04-26,1100.3900263657893,1116.308869423522,1098.4001709835725,1112.627685546875,993607,0.01125852377592751,0.011195618305278331,1105514656.7531738
2023-04-27,1132.9737990345168,1139.1920965045197,1119.2935446005106,1131.282470703125,1895316,0.01676642186652111,0.016627417006480395,2144137767.243164
2023-04-28,1142.1769695147564,1142.1769695147564,1124.4175348277715,1134.3170166015625,1380448,0.0026823945186311704,0.0026788033190303156,1565865656.9335938
2023-05-02,1141.1820137369139,1152.374949791439,1138.5454311760666,1145.062255859375,916515,0.009472871428840568,0.00942828513461572,1049466733.4289551
2023-05-03,1142.6744375494243,1144.2662975431151,1128.546513110111,1131.13330078125,623440,-0.012164364869114652,-0.012238956277386534,705193745.0390625
2023-05-04,1131.183024795574,1163.9659661017554,1131.183024795574,1161.5283203125,2409910,0.026871297582925724,0.026516604284137914,2799178714.404297
2023-05-05,1166.0552535374597,1177.2481900581906,1161.5780789291675,1167.74658203125,1360996,0.005353517094681903,0.005339237961757539,1589298427.1582031
2023-05-08,1172.0247502248392,1179.685644409016,1162.075473907141,1176.3526611328125,1221625,0.007369817419283331,0.0073427930103006234,1437061819.656372
2023-05-09,1177.9444287426832,1183.9139940654914,1170.930262359054,1177.1485595703125,1412254,0.000676581491075634,0.0006763527130041241,1662432761.847412
2023-05-10,1178.392435271216,1188.9386449867281,1175.357857094769,1182.7701416015625,1420187,0.004775592668865958,0.004764225701169335,1679754779.0906982
2023-05-11,1183.068390588595,1189.734478411492,1173.0694410309352,1179.38720703125,621616,-0.0028601792109257396,-0.0028642773396053748,733125958.0859375
2023-05-12,1174.0146420611263,1187.8938343762272,1168.0450760845445,1181.0289306640625,1158276,0.001392014109551809,0.0013910461560770197,1367957465.6938477
2023-05-15,1175.109004520812,1188.4410591099688,1175.109004520812,1183.4166259765625,680497,0.002021707724938926,0.002019666824150048,805311463.7271729
2023-05-16,1189.9335114565688,1195.7041406109756,1168.2440393395325,1174.7608642578125,926172,-0.007314213379085555,-0.0073410933887167445,1088030619.1713867
2023-05-17,1176.8004925946864,1178.9394899168983,1153.3201025028245,1156.702880859375,688730,-0.015371624939043316,-0.015490993201713538,796655975.1342773
2023-05-18,1156.7028351436913,1166.9008433229426,1144.6642351442638,1146.85302734375,1133501,-0.008515456889246265,-0.008551920542941276,1299959053.347168
2023-05-19,1146.8530583979423,1151.8276966688643,1136.754639868874,1148.2957763671875,333053,0.0012580069015286632,0.0012572162738537643,382443353.2064209
2023-05-22,1151.578940152761,1154.0165857241125,1143.3707871811,1144.9627685546875,392404,-0.002902569077667838,-0.0029067897003709807,449287970.2319336
2023-05-23,1141.1821125516371,1161.9263315453688,1139.0429936302096,1159.687744140625,1139676,0.012860658870615715,0.012778662864123548,1321668289.491211
2023-05-24,1163.5678811590672,1171.1791019357117,1152.922203934985,1169.38818359375,995336,0.00836469946512497,0.00832990923844723,1163934157.1054688
2023-05-25,1169.388196445377,1176.0044896494512,1165.5577492591642,1171.3780517578125,1136179,0.001701631837895956,0.0017001857027340876,1330895143.4681396
2023-05-26,1169.0400643800308,1197.5944412018798,1167.199472398681,1189.684814453125,703725,0.015628398250966624,0.015507532500550031,837210946.0510254
2023-05-29,1192.8684972936232,1225.6514373285308,1191.0279053697734,1211.92138671875,1370649,0.01869114575178199,0.018518612862928947,1661118836.784668
2023-05-30,1208.4888843930723,1211.6229307549434,1194.7588343558893,1209.7325439453125,745769,-0.0018060930332813863,-0.0018077259857761131,902181029.5655518
2023-05-31,1209.3843023107602,1233.3620333698839,1205.8024657615765,1228.735595703125,2382996,0.015708473623299968,0.015586372572311182,2928072009.618164
2023-06-01,1235.2027104511392,1236.6951019659814,1198.2909179409328,1201.6239013671875,1041761,-0.02206470979659647,-0.02231177657254146,1251804917.1121826
2023-06-02,1205.6533885257159,1210.030973074466,1193.166997796136,1196.4005126953125,737046,-0.004346941389840819,-0.004356416808928612,881802212.2800293
2023-06-05,1201.8724970891042,1212.8167002910745,1198.8877143976579,1209.2349853515625,1599077,0.01072757201293384,0.010670439842080132,1933659852.6710205
2023-06-06,1213.6624624197807,1218.7863640773521,1203.9619178893693,1216.7965087890625,793761,0.00625314643481123,0.0062336766374852266,965845613.612915
2023-06-07,1219.0848194521882,1241.6696270692328,1214.806582252831,1239.4808349609375,1067618,0.01864266211155563,0.01847101767744841,1323292050.0593262
2023-06-08,1241.3712577925733,1248.385546743253,1227.7905916834723,1232.615966796875,760962,-0.005538502871872852,-0.005553897246407803,937973911.3256836
2023-06-09,1221.37310263031,1247.2412203396077,1221.2736341601144,1226.1488037109375,1904738,-0.005246697479299511,-0.005260509730169756,2335492220.0827637
2023-06-12,1235.8991553760857,1249.9277332774452,1228.5864609824612,1232.615966796875,1402903,0.0052743705057367585,0.005260509730169663,1729240637.6672363
2023-06-13,1231.7203654274267,1242.4656320584543,1231.7203654274267,1236.9935302734375,1253147,0.0035514414825716933,0.0035451500057440016,1550134731.4815674
2023-06-14,1233.809743545275,1248.5843947266706,1221.4229429929533,1235.9986572265625,713768,-0.0008042669767682753,-0.0008045905729700282,882216289.5712891
2023-06-15,1238.6848071882114,1244.256377211445,1230.1781280041828,1234.8045654296875,738348,-0.0009660947363441252,-0.0009665617066465145,911715481.2758789
2023-06-16,1234.705159248721,1285.3966722022944,1229.780316178662,1274.8504638671875,2049003,0.032430960784118,0.0319161775487647,2612172425.015259
2023-06-19,1274.850547042688,1281.6161037864558,1268.5327806215832,1274.0048828125,741782,-0.0006632786186722139,-0.0006634986852508926,945033889.9824219
2023-06-20,1275.3480173875485,1300.1715357782657,1274.0048893149674,1288.779541015625,1474323,0.011597018506324996,0.011530288504391993,1900077319.2487793
2023-06-21,1288.7795871718167,1299.674118486556,1279.725769284791,1288.381591796875,855234,-0.0003087799007395198,-0.00030882758306888605,1101867742.2788086
2023-06-22,1289.3267672037407,1299.3755121884792,1266.4931047429209,1270.025146484375,556505,-0.014247677419000349,-0.014350150070950354,706775344.1442871
2023-06-23,1264.7519286261306,1268.4332336519847,1254.1062517848445,1256.2950439453125,1076729,-0.010810890301715337,-0.010869752596564688,1352689306.3721924
2023-06-26,1260.5235680563908,1269.7266490413474,1256.7925892787057,1259.9266357421875,1009927,0.0028907156916502252,0.0028865456074641887,1272433927.4552002
2023-06-27,1262.0657701242594,1283.4567153806029,1251.768292860851,1279.875,1650539,0.01583295700869236,0.015708923246071715,2112483602.625
2023-06-28,1283.4565890687395,1305.9419282769288,1278.4819511266126,1293.306396484375,2245575,0.010494303337728272,0.010439620376799246,2904216511.2854004
2023-06-30,1294.4506935150112,1308.7775548007894,1294.4008985510632,1300.27099609375,972782,0.005385111856174962,0.00537066398704074,1264880220.1220703
2023-07-03,1301.315609802668,1305.3451154850377,1284.451634215841,1291.3663330078125,599025,-0.006848313245999327,-0.006871870556656335,773560717.6300049
2023-07-04,1313.3044738947062,1313.3542688567438,1276.3428880853987,1282.71044921875,866223,-0.006702887916321565,-0.006725453160927175,1111113293.4536133
2023-07-05,1283.0089241140074,1310.0211110605396,1278.5814234614534,1284.998779296875,960704,0.001783980226806925,0.001782390824110006,1234503467.265625
2023-07-06,1291.4160345609255,1305.096289164325,1282.8098864656529,1286.3916015625,726222,0.0010839094075927314,0.0010833224019264815,934205881.6699219
2023-07-07,1286.04347834287,1311.31466538018,1281.9145042337304,1287.4364013671875,939840,0.0008121942054180042,0.0008118645541861514,1209984227.4609375
2023-07-10,1294.102480520376,1295.395935180506,1276.691244832466,1286.7401123046875,675354,-0.0005408337543979513,-0.0005409800577257963,869005081.8054199
2023-07-11,1292.1622530079255,1302.1115292582272,1282.9591724763966,1288.4312744140625,821816,0.0013142996734172296,0.0013134367376228583,1058853436.2138672
2023-07-12,1284.4515269817537,1299.972373195724,1284.4515269817537,1294.0028076171875,905809,0.004324276594154242,0.004314953776754146,1172119389.164917
2023-07-13,1305.3450958845872,1329.2233598336957,1298.4303971964437,1307.28515625,1579954,0.010264543905643464,0.01021222121594607,2065450411.7578125
2023-07-14,1313.8019642936722,1319.3238613419996,1304.6983519888404,1313.60302734375,1321159,0.0048328178925194365,0.004821177317581968,1735478462.0024414
2023-07-17,1314.2994271935324,1321.811179540306,1290.1724316526975,1307.8323974609375,1055414,-0.00439297851991205,-0.0044026560024319995,1380304621.933838
2023-07-18,1308.3298710143401,1315.5928915023244,1299.0273216969738,1307.8822021484375,1427102,3.8081857886895776e-05,3.808113279135432e-05,1866481306.4504395
2023-07-19,1307.9318303756284,1314.8466502339259,1300.6191366285846,1303.8028564453125,659900,-0.003119046727926955,-0.0031239210923916442,860379504.9682617
2023-07-20,1308.3298983399254,1314.8963967333823,1296.5400296299026,1307.384765625,898725,0.0027472782115642858,0.0027435113402968225,1174979373.4863281
2023-07-21,1308.130929826566,1316.0405561060977,1281.4668200828985,1284.153076171875,524241,-0.01776958861993394,-0.017929363343527748,673205692.8054199
2023-07-24,1284.153084613117,1317.6822196892833,1281.3673600305203,1310.468994140625,1183272,0.020492820098363174,0.02028566757261823,1550641267.6347656
2023-07-25,1311.3146681120081,1313.3045234505696,1283.5561618488493,1294.5003662109375,1362929,-0.012185429797337055,-0.012260280829846613,1764312089.6195068
2023-07-26,1283.4566791341786,1293.3561607532497,1268.7814961750862,1286.09326171875,2302730,-0.006494478264842396,-0.0065156591444546,2961525536.557617
2023-07-27,1288.4313145706287,1305.3450847232934,1286.1927273445408,1289.9237060546875,1946045,0.0029783565857568473,0.002973930068766926,2510249578.5491943
2023-07-28,1295.346077235777,1295.346077235777,1274.8009172838126,1283.2080078125,1051700,-0.0052062755422395135,-0.005219875418421972,1349549861.8164062
2023-07-31,1290.3713404200162,1290.3713404200162,1263.558089387095,1275.646484375,1061701,-0.005892671641279934,-0.005910101938558873,1354355148.1074219
2023-08-01,1278.4820749903436,1278.4820749903436,1254.7032790329813,1273.4576416015625,1219778,-0.0017158694044533407,-0.0017173431944886815,1553335615.1574707
2023-08-02,1273.5073776985541,1278.3825474190319,1246.0970726684193,1255.847412109375,888107,-0.013828673146945025,-0.013925179988075617,1115326877.6262207
2023-08-03,1253.5590055900461,1268.333777900303,1245.3011792189934,1247.3905029296875,871719,-0.006734026043405117,-0.00675680190318954,1087374001.8233643
2023-08-04,1252.5640749563597,1280.6211066290032,1247.6392318322091,1261.46875,1609140,0.011286158614521646,0.011222945106843175,2029879824.375
2023-08-07,1266.5428340216804,1299.0769179412382,1260.1255995860731,1295.9429931640625,1719680,0.02732865412961072,0.02696189351108085,2228607246.484375
2023-08-08,1300.2709846005246,1351.8579595390756,1287.1876615666451,1342.505615234375,3458915,0.035929529551781636,0.03529911985554829,4643612810.118408
2023-08-09,1359.0711850821544,1367.0306063710689,1336.187848876525,1342.505615234375,1746764,0.0,0.0,2345040478.489258
2023-08-10,1338.1279967164273,1352.0073113670217,1323.3533442732012,1327.581787109375,841571,-0.011116399034498348,-0.01117864795067905,1117254332.1594238
2023-08-11,1333.2030952154023,1333.2030952154023,1298.2811578324493,1304.84765625,891342,-0.017124467268322063,-0.01727278665694194,1163065519.6171875
2023-08-14,1307.3349314496743,1309.2749917857575,1285.3967281976356,1290.5206298828125,888959,-0.01097984603686375,-0.011040569444572485,1147219928.619995
2023-08-16,1288.431305792124,1293.3561490755112,1274.5023187024794,1284.7501220703125,395774,-0.004471457238947041,-0.00448148410483249,508470694.81225586
2023-08-17,1279.9744647846926,1283.4069167122123,1269.776456029121,1277.934814453125,843146,-0.005304772889381026,-0.0053188931557603385,1077485627.0668945
2023-08-18,1272.0648255233502,1279.327724669161,1259.5784346405758,1275.9449462890625,886254,-0.0015570967639019218,-0.0015583102989592682,1130811312.4284668
2023-08-21,1276.442281426707,1283.2576324638637,1267.8362550796237,1272.064697265625,703317,-0.003041078719518975,-0.0030457121956363625,894664726.6867676
2023-08-22,1277.835293898009,1306.5389321061136,1272.2637233878656,1280.22314453125,1405263,0.006413547426606492,0.006393068147886896,1799050216.753418
2023-08-23,1283.4068598200142,1297.883105553244,1279.7256761348103,1293.6546630859375,583458,0.010491544862365032,0.010436890545350205,754793162.4147949
2023-08-24,1293.3064512886403,1304.996850948023,1283.6059068904292,1287.1876220703125,618797,-0.004999047427540093,-0.005011584464746362,796507838.9742432
2023-08-25,1286.491235441151,1291.9633374694824,1275.944905280192,1289.82421875,487521,0.002048339056777815,0.002046244070672167,628816392.9492188
2023-08-28,1293.4058688640425,1300.3703620040797,1283.0089241140074,1284.998779296875,764751,-0.003741160526355647,-0.0037481761706313226,982704101.4660645
2023-08-29,1285.4465419150436,1295.0476181630715,1283.4566865870015,1290.6201171875,1011094,0.004374586171747907,0.00436504548391518,1304938256.7675781
2023-08-30,1295.3459355821337,1301.2160326912524,1286.739909033975,1294.0028076171875,812860,0.002620980708916143,0.0026175519288487584,1051843122.199707
2023-08-31,1298.2313115606023,1301.9622902243877,1279.9744135893704,1285.9937744140625,1390078,-0.006189347624270702,-0.006208581038872384,1787631653.9499512
2023-09-01,1291.3663437365353,1320.3685101247167,1286.640437219716,1313.851806640625,761000,0.021662649369555087,0.021431348610756896,999841224.8535156
2023-09-04,1321.7614460620318,1325.6913618865046,1294.8983982308878,1321.6121826171875,542261,0.005906583936893917,0.0058892084562438,716658743.7581787
2023-09-05,1321.6121405722415,1332.1583495394718,1299.0273311390847,1302.8079833984375,1922115,-0.014228227816054262,-0.014330419545720292,2504146767.0098877
2023-09-06,1303.3552510488075,1322.2588768273781,1298.8282815582234,1313.1055908203125,1461738,0.007904163585959356,0.00787308932160578,1919416340.114502
2023-09-07,1313.3045280612246,1344.4458127994926,1304.797847878557,1340.6650390625,1468196,0.02098799093907666,0.02077077705564356,1968359047.6914062
2023-09-08,1341.1624544846838,1342.605050977677,1327.5816679513457,1334.6456298828125,1214231,-0.004489868091060778,-0.0044999778210505475,1620568097.8182373
2023-09-11,1337.630475077354,1349.9676026390723,1330.2183124180806,1343.3016357421875,844034,0.00648562110088724,0.006464679955808973,1133792252.8220215
2023-09-12,1345.9381365486781,1345.9381365486781,1324.5471926609512,1339.6700439453125,1139357,-0.0027034820030339413,-0.0027071430103045,1526362442.2593994
2023-09-13,1343.1523453830478,1344.1970680099091,1321.5126687074319,1338.6751708984375,438029,-0.0007426254333082749,-0.000742901316168915,586378546.4334717
2023-09-14,1338.6750805921242,1353.8477264330977,1335.4415659047036,1345.8883056640625,889229,0.005388263652327252,0.005373798896415096,1196802912.1573486
2023-09-15,1348.4255290958474,1367.876292308748,1345.1422191815932,1365.6875,878944,0.014710874782561278,0.014603719484616787,1200362834.0
2023-09-18,1368.0253879955746,1385.9340839838803,1360.613226291973,1366.73193359375,1324270,0.0007647676307720452,0.0007644753450184691,1809922097.7001953
2023-09-20,1363.0508404902487,1369.8163968921103,1333.551212243428,1338.3765869140625,574012,-0.020746823852376473,-0.020965062992262026,768244221.4077148
2023-09-21,1338.675103657297,1345.0426646724618,1321.3136653861527,1327.432373046875,783641,-0.0081772305150839,-0.008210847452257659,1040230432.2468262
2023-09-22,1319.3238301148963,1330.8151713513225,1309.3247588698243,1312.1602783203125,1084861,-0.011504988906898661,-0.011571683330988038,1423511511.6988525
2023-09-25,1312.1105607946959,1333.2029772270935,1282.5611383541384,1287.5855712890625,908011,-0.018728433894301344,-0.018906031930145544,1169141862.171753
2023-09-26,1288.928709732744,1295.7439395233139,1278.6809068410269,1283.1580810546875,749346,-0.0034385988264394873,-0.003444524395052517,961529375.4060059
2023-09-27,1276.7907079965862,1297.3856618706764,1271.4677478824553,1294.40087890625,643756,0.008761818218314454,0.00872365623928109,833278332.2011719
2023-09-28,1294.4008777057902,1301.8628351099358,1277.98457141667,1282.8597412109375,1026081,-0.008916200447163347,-0.008956187628974273,1316318006.12146
2023-09-29,1283.4068595573856,1305.3450625813728,1282.4617268806323,1298.778564453125,1294800,0.012408857126626538,0.012332498294010563,1681658485.2539062
2023-10-03,1295.5450359074246,1295.5450359074246,1276.1439471491897,1285.8941650390625,1282289,-0.009920397338469833,-0.009969932357130838,1648887942.9937744
2023-10-04,1285.0485003841081,1291.1175346263337,1257.9367225137337,1264.1053466796875,1139615,-0.01694448808601068,-0.01708968849253339,1440593414.656372
2023-10-05,1264.5530218785027,1275.5966943175074,1258.5336611168048,1267.9854736328125,979561,0.0030694648696143467,0.0030647636799557595,1242069118.5372314
2023-10-06,1269.5276842101457,1281.0191471735343,1265.5479736013365,1276.4423828125,784191,0.006669563142122081,0.0066474200080279345,1000974628.6201172
2023-10-09,1271.6170265311644,1284.2028858052656,1265.5479920544628,1270.7713623046875,1345177,-0.00444283313071836,-0.004452731843599128,1709412408.8309326
2023-10-10,1278.481992133424,1305.9419701645081,1273.3084170881202,1295.445556640625,1221002,0.019416706315436683,0.01923060717036447,1581741615.5493164
2023-10-11,1303.3552233573976,1304.3003560457928,1284.6008614183966,1302.70849609375,1374812,0.00560651847998872,0.005590860452673319,1790979272.9316406
2023-10-12,1305.2952445086316,1310.7176729167402,1294.3510406716105,1306.9866943359375,726322,0.0032840794813391305,0.0032786986697760645,949293189.8034668
2023-10-13,1309.1755286355951,1322.9055788350583,1306.1907456749404,1309.7724609375,916350,0.0021314422049092396,0.0021291739045683424,1200209994.5800781
2023-10-16,1312.508503192153,1325.442562601677,1303.9024762074885,1315.4932861328125,578729,0.004367800794359056,0.004358289637637524,761314113.9903564
2023-10-17,1318.2790846885612,1344.246671047673,1318.2790846885612,1341.5106201171875,1073063,0.019777625821914224,0.019584589627610668,1439525410.5548096
2023-10-18,1337.2325555583088,1351.7086799842557,1332.208122349132,1349.4700927734375,454861,0.005933216283859677,0.00591568407022101,613821315.8690186
2023-10-19,1342.1574318105368,1346.7340748192937,1331.8101597139134,1341.311767578125,595436,-0.006045576881622772,-0.006063925370382086,798665313.6396484
2023-10-20,1333.2031441133784,1361.7078475669255,1329.720897095172,1355.73828125,936229,0.010755526060822973,0.010698096811280174,1269281495.3164062
2023-10-23,1353.0518242831006,1359.618444007996,1322.3086567125931,1331.6112060546875,976136,-0.01779626313499616,-0.017956520797584113,1299833636.2333984
2023-10-25,1316.3390107965695,1339.2720191239466,1302.0120290550678,1307.484130859375,945901,-0.018118708438025544,-0.018284862291215353,1236750546.8640137
2023-10-26,1309.1258741468719,1309.1258741468719,1284.2028874827906,1298.9775390625,1107874,-0.006506076514507186,-0.006527333279233872,1439103442.1113281
2023-10-27,1300.9673711412208,1314.0008990689148,1287.0881790010633,1296.291259765625,654531,-0.002067995185516258,-0.002070136440138718,848462814.5456543
2023-10-30,1298.5794213313636,1323.9500744747525,1298.3804843969615,1319.472900390625,1242401,0.01788304939214913,0.017725028809895516,1639314450.918213
2023-10-31,1318.2791182344056,1368.4234953993587,1312.8070162341874,1360.9117431640625,2287988,0.0314056035263548,0.030922535552244366,3113749737.418457
2023-11-01,1364.095537360543,1370.9604406537362,1325.6415612513833,1329.2730712890625,968893,-0.023248143778553554,-0.023522644642879623,1287923373.8604736
2023-11-02,1335.192911253838,1350.8630217994773,1333.3523193847348,1336.685302734375,637519,0.0055761540690240086,0.005560664875333212,852162277.513916
2023-11-03,1337.9787608251786,1343.1025410944205,1319.3735407809606,1322.6070556640625,690163,-0.010532207574597718,-0.010588063811954011,912814453.3582764
2023-11-06,1328.228406725072,1333.8994457238962,1316.6872703276492,1325.0943603515625,377106,0.0018806074539283735,0.0018788413256464968,499701033.8547363
2023-11-07,1325.741084524441,1337.2325473835094,1313.7024843323059,1334.0487060546875,1038346,0.006757515518177382,0.006734785850122166,1385204137.7370605
2023-11-08,1335.3421875167874,1342.505618111711,1327.9299035549209,1338.6751708984375,498283,0.0034679879548269454,0.0034619883516326237,667039080.1807861
2023-11-09,1338.277184222721,1346.4853374977429,1328.6761079198934,1343.8487548828125,493454,0.003864704520442297,0.0038572557353280315,663127543.4919434
2023-11-10,1344.9431872500345,1353.1015450441157,1334.197920517764,1348.52490234375,639801,0.003479667964082278,0.003473627927005721,862787581.0444336
2023-11-13,1344.6447831033768,1352.803141642011,1318.2791991209576,1321.6121826171875,1332535,-0.019957154428359436,-0.02015898830214773,1761094489.763794
2023-11-15,1342.107623841506,1352.1066954456737,1325.2934434799442,1350.21630859375,742427,0.02164335828073094,0.0214124663789693,1002437043.340332
2023-11-16,1355.837726029131,1358.1757818388257,1341.2123373887976,1353.0518798828125,577249,0.00210008668315953,0.0020978845836487543,781047844.6104736
2023-11-17,1347.1319709666118,1427.1738478398286,1347.1319709666118,1406.77783203125,3192944,0.03970723735522297,0.03893917098094825,4491762838.1171875
2023-11-20,1406.7777707079129,1412.797131008502,1375.984811397717,1378.273193359375,726211,-0.020262359857289636,-0.020470457299438367,1000917154.0227051
2023-11-21,1381.9545641897423,1417.9212245458145,1380.064177284713,1416.4288330078125,2049132,0.027683655049139944,0.02730739112340651,2902449647.438965
2023-11-22,1417.7719623923392,1431.2532812116815,1410.1607412513745,1422.8460693359375,865655,0.004530574483222027,0.004520342324047505,1231693814.151001
2023-11-23,1422.8461029501364,1427.1243407111615,1399.2165696853588,1403.793212890625,549853,-0.01339066597288685,-0.013481129425394233,771879909.4875488
2023-11-24,1406.8276758875058,1411.7525191002962,1393.9434115947297,1402.5494384765625,387896,-0.0008860097075845674,-0.000886402446182811,544043316.9873047
2023-11-28,1402.649061327205,1410.111018764856,1386.0336965620234,1405.2855224609375,1123470,0.001950793254993588,0.0019488929288593074,1578796125.9191895
2023-11-29,1408.270410854283,1414.5882991186672,1398.8683923594917,1400.708984375,887709,-0.003256660666312916,-0.0032619751270609927,1243421971.8105469
2023-11-30,1402.8480464667523,1436.8745249708113,1401.902913739303,1427.969970703125,3027395,0.019462277055564803,0.019275308930996052,4323029149.456787
2023-12-01,1430.7558160628575,1437.6705149418124,1412.8967911207544,1416.4288330078125,808841,-0.008082199158312653,-0.008115037185264636,1145665713.718872
2023-12-04,1432.5964216292623,1451.3009895461175,1407.8226975725638,1446.6248779296875,2078827,0.021318434232769246,0.021094375211633626,3007282855.1119385
2023-12-05,1446.6248519606534,1464.6330187436647,1435.6806474410062,1453.53955078125,1932719,0.004779865849852127,0.004768478563132473,2809283507.0463867
2023-12-06,1454.5842842229815,1455.5294169489655,1437.8197769200776,1443.341552734375,724418,-0.007015975617171044,-0.007040703301196245,1045582600.9487305
2023-12-07,1449.4603629521073,1475.9254148884286,1442.7446011277013,1448.365966796875,1244939,0.0034810984641724385,0.003475053465675026,1803127278.3381348
2023-12-08,1447.6197308854396,1462.0959767747458,1444.1872790730702,1457.7679443359375,1654799,0.006491437768215036,0.006470459124828494,2412312936.519165
2023-12-11,1457.7679270255442,1460.8522998651104,1447.619713695552,1453.1912841796875,731571,-0.003139498418820552,-0.003144436983100071,1063112600.9586182
2023-12-12,1457.0715714634382,1484.3326138882483,1452.5446019883739,1473.935546875,1763549,0.01427497048815729,0.014174042459391113,2599357559.7558594
2023-12-13,1475.6269053738708,1475.6269053738708,1452.5943069697087,1459.35986328125,2279728,-0.009888955880501649,-0.009938176366340822,3326943542.3984375
2023-12-14,1465.5284556255285,1470.1050986101682,1447.5699626295695,1462.3944091796875,2953215,0.0020793677932284815,0.0020772089002557225,4318765105.105591
2023-12-15,1466.5233912771623,1477.4675956896783,1441.2522040707622,1445.1324462890625,1482700,-0.011803903777441227,-0.011874122970357857,2142697878.112793
2023-12-18,1445.1323705136765,1453.9872506369975,1434.3374301084982,1439.6104736328125,1580916,-0.003821084129990826,-0.0038284031222273708,2275903231.5336914
2023-12-19,1437.6207692721869,1440.655347417299,1411.8522383266695,1417.3243408203125,1282514,-0.015480668709127676,-0.015601745452389385,1817738309.6428223
2023-12-20,1429.7110492407862,1429.7110492407862,1396.9282313824883,1402.101806640625,1151553,-0.010740332146470521,-0.010798425852020874,1614594541.7424316
2023-12-21,1394.3910515395426,1403.1464631264485,1372.9503128694193,1396.629638671875,1841616,-0.0039028321216282302,-0.003910468045206798,2572055488.6523438
2023-12-22,1406.827687118295,1410.5088708167248,1380.0144357214917,1387.2276611328125,1111420,-0.006731904635793984,-0.006754666115393201,1541792567.1362305
2023-12-26,1392.8987678186518,1402.002380484265,1380.6114351213355,1388.22265625,875367,0.0007172543808526832,0.000716997276861221,1215204301.9335938
2023-12-27,1397.8733381891784,1416.7769634031247,1392.0032408062011,1414.140380859375,718369,0.018669717348790638,0.018497577411251985,1015874611.2575684
2023-12-28,1421.254218454908,1437.6207305279947,1412.0013422709321,1428.019775390625,1446654,0.009814721875642585,0.009766870337834247,2065850520.1479492
2023-12-29,1425.731369386766,1427.9699566729628,1413.8420321583064,1425.3333740234375,383858,-0.001881207398862994,-0.0018829790917983468,547125618.2858887
2024-01-01,1428.5667939919035,1430.3079173209378,1418.716986297428,1424.8358154296875,158288,-0.0003490822588020359,-0.0003491432021969924,225534411.55273438
2024-01-02,1429.710938795535,1442.346470537079,1414.5382931333,1430.357666015625,691712,0.003875429383610962,0.0038679392525697897,989395561.875
2024-01-03,1422.7465409406184,1433.5912766268252,1408.4195584758857,1415.4835205078125,550221,-0.01039889942299932,-0.010453345761186433,778828758.1373291
2024-01-04,1413.593233311907,1429.3130170844997,1407.8226044446862,1424.33837890625,938454,0.006255712814841274,0.006236227066039367,1336676049.038086
2024-01-05,1428.616497935284,1460.5536481028964,1426.4275844475658,1446.77392578125,1258280,0.01575155679806106,0.0156287885432113,1820446695.3320312
2024-01-08,1446.7741232308724,1452.6938943998923,1409.215602971608,1413.842041015625,738502,-0.022762287997305397,-0.023025348445231505,1044125174.9741211
2024-01-09,1421.7516590268317,1460.8025705851264,1413.7922375627206,1441.9984130859375,1871763,0.019914793345716664,0.019719087871287226,2699079275.6729736
2024-01-10,1447.5698931568245,1487.7649933233245,1440.6551947734108,1444.087646484375,2547856,0.0014488458374697366,0.0014477972730226607,3679327374.6210938
2024-01-11,1442.6948793457598,1455.877670634088,1418.6673524432226,1420.5577392578125,908421,-0.016293960608170788,-0.016428167017160718,1290464482.0543213
2024-01-12,1427.5223115409733,1433.591346216497,1411.3049414618738,1428.019775390625,557158,0.005252891823116723,0.005239143511443563,795632642.0170898
2024-01-15,1434.6856009020937,1437.222714865553,1417.3241628419455,1422.7962646484375,902104,-0.0036578700324780833,-0.0036645763980693007,1283510201.524414
2024-01-16,1417.8217497274188,1424.636980096928,1398.4206598201413,1401.6541748046875,1729041,-0.014859534262956497,-0.014971043167966177,2423517536.0584717
2024-01-17,1389.9138800251949,1437.6206106481866,1379.5169350149054,1413.94140625,2628568,0.008766236113144421,0.008728035751943121,3716641134.34375
2024-01-18,1409.712934861232,1430.7058828436084,1377.1787296060063,1397.7738037109375,2296538,-0.011434421870381128,-0.011500297520222124,3210040655.626709
2024-01-19,1398.768784305461,1437.6704304872433,1398.2713204886834,1433.292724609375,570639,0.025411064940649597,0.025093571162226127,817892727.0783691
2024-01-23,1436.6754915826064,1441.3019293325679,1360.4142647786646,1368.52294921875,2880301,-0.04518949568259134,-0.04624238298873665,3941758019.157715
2024-01-24,1373.3981703411991,1406.7282470528098,1361.6083018244822,1403.395263671875,1255876,0.025481716965749523,0.025162469961569702,1762490430.1591797
2024-01-25,1407.7231703203156,1407.7231703203156,1350.2660979595569,1373.8956298828125,3230297,-0.021020189074800633,-0.021244258804000986,4438090931.52356
2024-01-29,1380.9596186008507,1417.3739473659493,1380.9596186008507,1411.2054443359375,1607583,0.02715622179852728,0.02679403407973758,2268629881.8218994
2024-01-30,1417.7718036425292,1426.4276250211617,1385.7848576069666,1391.9036865234375,1464906,-0.013677496703240588,-0.013771895408230862,2039008061.8103027
2024-01-31,1392.8987776067388,1399.3658076456272,1374.6915521475682,1394.04296875,1343827,0.0015369470224666504,0.0015357671281936605,1873352580.5664062
2024-02-01,1400.1616846608815,1452.2957946559643,1391.4062730466023,1425.4825439453125,1803699,0.022552802101576175,0.022302247798651195,2571141439.031616
2024-02-02,1433.491905768772,1448.6147585134574,1412.8471556045176,1428.1689453125,1817169,0.0018845557797939616,0.001882782232433419,2595224334.1845703
2024-02-05,1427.7212502421246,1452.5944427550535,1407.7232277519568,1412.6480712890625,1010779,-0.010867673656103305,-0.010927158186343024,1427875004.8494873
2024-02-06,1415.3840671964701,1462.4938676861507,1397.773896165426,1456.5740966796875,1515381,0.031094811427832658,0.03062116145445405,2207264711.2005615
2024-02-07,1465.1303841736935,1485.4269318461431,1446.2765544162437,1461.996337890625,690402,0.0037225989555200734,0.003715687231768046,1009365195.6723633
2024-02-08,1474.3833653764464,1484.531579215238,1447.7690497181318,1451.6492919921875,1679065,-0.007077340503715779,-0.007102503673854643,2437413518.4588623
2024-02-09,1460.5538409204257,1460.5538409204257,1429.2136188570787,1432.3973388671875,596482,-0.013262124144723275,-0.013350851461433657,854399229.4821777
2024-02-12,1435.1334216498606,1444.6350298273198,1416.0308582656562,1428.7161865234375,515507,-0.0025699240314570604,-0.002573231954844062,736513195.1661377
2024-02-13,1428.7160729823443,1468.3639146450064,1420.9555889079784,1460.15576171875,1388464,0.022005472809695004,0.0217668467668763,2027373709.5390625
2024-02-14,1452.5942641982213,1456.573974511093,1431.7505800150032,1446.326171875,504590,-0.00947131135343482,-0.009516449460283523,729801723.0664062
2024-02-15,1456.5740307511194,1456.922231126716,1436.3272780428572,1445.97802734375,736364,-0.00024070955640576042,-0.0002407385316008638,1064766164.1269531
2024-02-16,1449.0126720196267,1508.5092733690926,1444.2369706589623,1500.798583984375,2008339,0.0379124409942313,0.03721142761562969,3014112327.3605957
2024-02-19,1509.4046791043684,1514.279848768421,1478.4624541851995,1481.2979736328125,1163429,-0.012993489306067696,-0.01307864312265884,1723385020.1656494
2024-02-20,1481.2980167537225,1509.9519818348735,1465.8766380814714,1505.872802734375,1569035,0.01659006461832524,0.0164539528354801,2362767133.03833
2024-02-21,1502.3906292383124,1511.792647468372,1487.8149140725263,1494.0828857421875,1156081,-0.007829291405475503,-0.007860101225498635,1727280836.6317139
2024-02-22,1502.3406320002025,1505.8228784982161,1462.7424660994843,1501.992431640625,1355358,0.005293913727221655,0.005279950225316007,2035737458.1635742
2024-02-23,1500.7488071115633,1528.457516314825,1493.6350505240885,1521.3935546875,1115653,0.012916924638350702,0.012834212662094948,1697347283.4677734
2024-02-26,1523.3835381280267,1545.5206789587037,1517.3641770969853,1541.292236328125,1283074,0.01307924670728089,0.01299445192767036,1977591994.8344727
2024-02-27,1545.9186722995535,1561.0415244016401,1531.094225629732,1534.8748779296875,1764621,-0.004163622087480223,-0.004172314097142733,2708472441.967163
2024-02-28,1536.1683470290595,1548.8536750242802,1528.606920906449,1532.3875732421875,834214,-0.0016205260267566635,-0.0016218404993416588,1278339167.0246582
2024-02-29,1532.3874734760202,1559.1510507745036,1517.6626175540482,1544.6749267578125,1672455,0.008018437195772776,0.00798646035072317,2583399304.6307373
2024-03-01,1556.9623636976955,1561.3897433301395,1528.2587241807107,1534.3277587890625,1088145,-0.006698605505605082,-0.00672114186128378,1669571079.0875244
2024-03-04,1545.9684178208831,1546.1176812695344,1500.5997379503058,1510.25048828125,2126926,-0.015692390605521633,-0.015816819609325076,3212191030.038086
2024-03-05,1517.2645976857189,1517.2645976857189,1480.4024813385442,1483.685791015625,1476872,-0.01758959687267314,-0.017746132142755295,2191214001.548828
2024-03-06,1484.6808711030174,1516.170357326842,1479.4575006400985,1512.6881103515625,1568041,0.01954748068058576,0.01935888246442058,2371956977.2437744
2024-03-07,1512.290050825183,1513.583505370157,1481.4472932096694,1502.73876953125,2468543,-0.006577258558606802,-0.006598984038811842,3709575270.3549805
2024-03-11,1519.2047116439235,1531.9896289815724,1505.9224519372956,1524.32861328125,1824218,0.014366997237140966,0.014264769902193641,2780707694.2626953
2024-03-12,1525.2240259873554,1543.8789186731108,1501.3955583105337,1508.708251953125,1608593,-0.01024737132927056,-0.01030023710578469,2426897533.134033
2024-03-13,1516.2696628328208,1524.8260159050387,1473.1395756507338,1479.8055419921875,1461171,-0.01915725583360528,-0.019343133829750937,2162248943.5982666
2024-03-14,1474.6816083981175,1506.867612726236,1457.8674294809289,1498.211669921875,1094035,0.012438207188296024,0.012361488198669335,1639096004.3029785
2024-03-15,1477.1312778320312,1500.005832960705,1476.234210212042,1495.0721435546875,1466897,-0.0020955158941935448,-0.002097714559720968,2193116842.1639404
2024-03-18,1488.0951155320938,1498.5107359583603,1473.443457436027,1484.805908203125,641326,-0.006866715693835013,-0.006890400070904626,952244633.8842773
2024-03-19,1475.1378266446998,1484.058374969197,1451.515735791142,1456.549072265625,1010444,-0.019030659685140727,-0.019214073406847332,1471761270.7763672
2024-03-20,1455.2036060627695,1464.6225122425158,1445.2364580760382,1453.60888671875,477278,-0.002018596972020781,-0.0020206370847944783,693775542.2353516
2024-03-21,1468.0612151723099,1472.1477214124484,1453.2101407036896,1463.2271728515625,958834,0.0066168322309339,0.00659503708692796,1402991963.053955
2024-03-22,1469.157512179179,1506.035957193175,1453.3097236366063,1496.16845703125,563028,0.02251276137490743,0.022263089419194845,842384734.0253906
2024-03-26,1453.7085993047806,1504.4911719154857,1453.0109475820188,1481.5169677734375,1349881,-0.009792673538168595,-0.00984093711043203,1999871605.9749756
2024-03-27,1485.1049513410119,1494.0753839330046,1468.659158255692,1474.6893310546875,795193,-0.004608544395553693,-0.0046191964759331365,1172662633.22937
2024-03-28,1475.1379359950424,1516.8504269459092,1475.1379359950424,1495.3214111328125,1704887,0.01399079768439715,0.013893829865875233,2549354034.6619873
2024-04-01,1493.0787786332091,1514.10943669532,1481.8657370713775,1485.05517578125,838186,-0.006865571023814243,-0.00688924748707807,1244752457.5673828
2024-04-02,1490.0885408214638,1491.6832600764467,1460.4861616213514,1465.7686767578125,941688,-0.012987058890449266,-0.013072128074782714,1380296773.678711
2024-04-03,1465.1708265667376,1468.111086700634,1451.2667031047906,1456.0010986328125,1862464,-0.0066637923704341295,-0.006686094568171744,2711749630.1640625
2024-04-04,1462.6789646686193,1470.2042100540498,1442.2463113291258,1458.9412841796875,1905528,0.002019356681554507,0.0020173205215455988,2780053467.3603516
2024-04-05,1464.1740324163118,1485.0053959452002,1455.3531308230863,1480.4205322265625,836975,0.01472248971208745,0.01461516596000199,1239074974.9603271
2024-04-08,1483.8092132200368,1522.9801519207908,1482.1148467972619,1513.8104248046875,822205,0.022554329564658415,0.02230374157182189,1244662500.326538
2024-04-09,1520.0896511226053,1522.382143730748,1498.112163738747,1505.5875244140625,718575,-0.00543192215873789,-0.005446728690868743,1081877555.355835
2024-04-10,1510.02288427627,1511.7172507262262,1476.1345819228752,1498.4111328125,1056524,-0.004766505756186645,-0.004777901771952405,1583107323.6835938
2024-04-12,1496.068937943743,1506.434796357957,1483.3109396386658,1488.2447509765625,787733,-0.006784774627812129,-0.006807895852062754,1172339502.4210205
2024-04-15,1484.9554881113816,1485.00537251801,1457.6953632588254,1462.0809326171875,994053,-0.01758031959609241,-0.017736688805482966,1453385937.310913
2024-04-16,1455.402908659291,1472.0481188936817,1447.2298959312511,1457.944580078125,717750,-0.002829085891749017,-0.002833095319035403,1046439722.3510742
2024-04-18,1460.1870542542001,1478.7758079818034,1443.2429041365747,1452.1634521484375,1746383,-0.003965259042547187,-0.003973141526478299,2536033566.0533447
2024-04-19,1445.2363359764825,1452.7615807384154,1420.667293931027,1442.79443359375,1129149,-0.006451765840013612,-0.0064726684355131394,1629129891.8979492
2024-04-22,1451.71516575922,1478.0284618926275,1447.2299489752058,1470.5531005859375,772048,0.01923951627886833,0.019056776943324968,1135337580.2011719
2024-04-23,1473.144490275775,1484.3076474883633,1459.439661628081,1465.021240234375,1042729,-0.0037617549134120187,-0.003768848107585901,1527620132.8083496
2024-04-24,1465.0211495075398,1473.1443990458777,1447.7780573511288,1455.25341796875,898680,-0.006667358805024781,-0.006689684934621357,1307807141.6601562
2024-04-25,1459.1905358383644,1459.1905358383644,1431.4320516865,1439.7047119140625,2406788,-0.010684534983872784,-0.010742024493603314,3465064024.1782227
2024-04-26,1450.2199982611287,1462.0310440162027,1406.5638424292656,1410.6005859375,2180945,-0.020215343976938915,-0.02042247021559478,3076442294.897461
2024-04-29,1432.2791419864811,1456.1006496143373,1409.4045864032628,1417.67724609375,4381119,0.005016771031288725,0.005004228965124851,6211012718.729004
2024-04-30,1427.2954658045933,1445.0867990577576,1418.5243276822177,1431.83056640625,2402464,0.00998345734298689,0.009933951850703143,3439921389.890625
2024-05-02,1411.6970140134658,1459.9380357392188,1411.6970140134658,1456.1007080078125,2194261,0.016950428473166523,0.016808372980874557,3195064995.6539307
2024-05-03,1464.173949412946,1467.8617452740482,1433.6745027787717,1438.508544921875,1355425,-0.012081693930364512,-0.012155270817295128,1949790444.5007324
2024-05-06,1445.2363301118216,1452.6618060367546,1426.8967551062026,1435.8671875,920880,-0.001836177776767034,-0.0018378656176146738,1322261375.625
2024-05-07,1436.1663744614582,1454.1072407965937,1426.847115449009,1445.385986328125,1800920,0.006629303121480357,0.0066074259253592164,2603024530.498047
2024-05-08,1435.2693375459962,1461.1340383986405,1418.3251856444115,1422.0628662109375,1297162,-0.016136257261244014,-0.016267864344598107,1844645911.659912
2024-05-09,1427.1958406794856,1434.7708482642183,1408.5572022992867,1417.72705078125,1645954,-0.0030489618516235106,-0.003053619405354935,2333513510.1416016
2024-05-10,1420.3186082577315,1433.7742582306994,1411.0989962392164,1427.2457275390625,741292,0.006714040444221636,0.006691601655308228,1058005839.8588867
2024-05-13,1430.2857135759818,1435.2692874908807,1415.883233629638,1420.418212890625,771284,-0.00478369948264612,-0.004795177994146158,1095545840.9111328
2024-05-14,1422.5113591326692,1432.0300344431082,1417.3783750848536,1428.142822265625,896653,0.0054382641005989996,0.0054235301363723554,1280548546.0129395
2024-05-15,1435.2693566294356,1439.106684394899,1421.06617028779,1425.40185546875,254646,-0.0019192525804433425,-0.0019210967056162123,362972880.8876953
2024-05-16,1426.8470153817366,1453.409365507408,1415.484443165837,1447.4290771484375,1176239,0.015453341522727149,0.015335154673262338,1702522530.276001
2024-05-17,1445.2364233584472,1445.2364233584472,1425.8004852512129,1429.48828125,2433315,-0.012394939539132732,-0.012472397525792225,3478395277.0898438
2024-05-21,1434.1230968323132,1435.966994918553,1417.8268338317953,1424.953369140625,1300334,-0.003172402438591182,-0.003177445175091354,1852915314.3081055
2024-05-22,1429.5382878865014,1430.8340658721572,1419.321960571991,1422.7108154296875,966583,-0.0015737734016446625,-0.0015750130838278098,1375168088.1104736
2024-05-23,1429.2889991770294,1448.176695651857,1419.37173575143,1442.0469970703125,1206423,0.013591083606674603,0.013499553228676122,1739718664.3465576
2024-05-24,1437.7610836444055,1443.6914879733527,1428.7407661330294,1431.5316162109375,487961,-0.007291982078766024,-0.007318698536602671,698531598.9779053
2024-05-27,1430.285713964197,1443.2430061464509,1397.5436576682812,1405.567138671875,1675749,-0.018137550889575804,-0.018304052627673803,2355377727.062256
2024-05-28,1410.351454376373,1450.2200467262353,1401.281373950637,1445.9840087890625,1600105,0.028754848491533203,0.028349185991021285,2313726242.383423
2024-05-29,1443.2431281449649,1444.6883160351267,1401.979108296464,1408.1588134765625,1518325,-0.026158792270584375,-0.026507019709241558,2138042730.4718018
2024-05-30,1414.1389318002414,1414.1389318002414,1366.495918222933,1375.5162353515625,2097166,-0.023181034562720693,-0.023453940488297423,2884685881.227295
2024-05-31,1389.2211730300146,1396.5470026666421,1368.0907457190124,1381.845458984375,2559060,0.004601344186384582,0.004590790364352081,3536225440.2685547
2024-06-03,1430.5848699459018,1431.6812319448,1382.7923199846039,1386.9287109375,870693,0.003678596560907188,0.003671847071945273,1207589120.1123047
2024-06-04,1393.55689976415,1398.091879355792,1303.4039680688215,1334.45166015625,3277433,-0.03783687681090542,-0.0385712759666121,4373575907.900879
2024-06-05,1336.594531344743,1391.6131390008393,1326.328320355738,1385.533203125,1238176,0.0382790508595634,0.0375645837388301,1715533959.3125
2024-06-06,1385.5332774395092,1441.0503671368451,1375.7156605803114,1438.1099853515625,2227021,0.03794696663203623,0.037244691561811476,3202701137.687622
2024-06-07,1430.3853833729456,1435.2693102207488,1415.3350142454606,1421.165771484375,1279929,-0.011782279547308261,-0.011852240680372448,1818991284.7302246
2024-06-10,1432.1295836647444,1447.229836666297,1413.6903605391751,1427.5946044921875,2059288,0.004523633440100205,0.004513432562136178,2939828437.895508
2024-06-11,1427.7440904359332,1435.070041673708,1417.328469269705,1423.358642578125,991450,-0.0029672022440637713,-0.0029716131161028666,1411188926.184082
2024-06-12,1423.4083313528454,1456.9976919299645,1421.115960395253,1447.927490234375,1823958,0.01726117854018061,0.017113896819554816,2640958929.23291
2024-06-13,1454.8548103083758,1474.5896907287151,1428.142804483727,1445.1368408203125,3086173,-0.0019273405836163215,-0.001929200294393834,4459942299.444946
2024-06-14,1440.1531760092275,1468.9083724005663,1435.8672538885396,1465.071044921875,856835,0.01379399067167042,0.01369971951010692,1255324148.7756348
2024-06-18,1475.13786808106,1475.13786808106,1450.2698830942993,1468.7091064453125,1427035,0.002483198023773392,0.0024801199820990386,2095899299.7161865
2024-06-19,1473.4933486217883,1473.543233031141,1441.399179675833,1444.4390869140625,578983,-0.016524728705461844,-0.016662785043568364,836305675.8587646
2024-06-20,1471.1510370818662,1476.034963910101,1446.6816402025258,1450.7183837890625,1444553,0.004347221652949873,0.004337799781007856,2095639593.4576416
2024-06-21,1450.7184800101581,1473.692806221149,1440.4025055339139,1459.340087890625,1184387,0.005943058417060776,0.005925468104482899,1728423428.6765137
2024-06-24,1459.339989977713,1459.339989977713,1442.4456012177397,1447.9774169921875,460942,-0.0077861706073335535,-0.007816641102399234,667433606.5432129
2024-06-25,1452.612157788938,1462.6789528237487,1425.302148237111,1457.197021484375,1845922,0.006367229477472813,0.006347044308953878,2689872040.2924805
2024-06-26,1457.1969319959248,1470.8021123638055,1442.246211079414,1446.1334228515625,780636,-0.0075923835073054,-0.007621352372605643,1128903810.6811523
2024-06-27,1440.2528726916996,1468.8087757816932,1432.8273961680277,1458.6422119140625,1492222,0.008649816721499004,0.008612621391468426,2176617998.746826
2024-06-28,1445.3359756625448,1493.8760550083796,1445.2363285254671,1487.0484619140625,1533271,0.01947444669294507,0.019287246169889898,2280048282.2474365
2024-07-01,1487.0486365800923,1506.9331703683508,1477.0317255763443,1496.9161376953125,788569,0.006635745931607984,0.006613826284944935,1180421661.786255
2024-07-02,1502.0492386998405,1505.3882090240081,1463.2770077399548,1489.989013671875,1462260,-0.004627596596094352,-0.004638337069082874,2178751335.131836
2024-07-03,1498.0622594090648,1501.9992339779901,1481.3174030513514,1491.43408203125,527776,0.0009698516875731311,0.000969381685288978,787143114.078125
2024-07-04,1491.484064183955,1513.8602629732263,1487.3476733936834,1502.7967529296875,1363288,0.007618620920183172,0.007589745794177967,2048744779.7080078
2024-07-05,1502.796711009674,1526.9171600414688,1500.5042183457258,1524.3756103515625,961676,0.01435913231766528,0.014257016347525865,1465955439.4604492
2024-07-08,1524.375624178182,1526.9171738911411,1503.2950820355716,1509.9730224609375,774723,-0.009448188355167475,-0.009493105635269857,1169810829.880005
2024-07-09,1519.9900234189263,1523.9768824967464,1507.4314416576494,1519.7408447265625,726889,0.006468872039651075,0.006448038684191927,1104682902.8824463
2024-07-10,1519.740889579152,1557.366873236547,1513.6110692322354,1553.6790771484375,1964480,0.02233159195506218,0.022085893125477665,3052171473.4765625
2024-07-11,1556.8685158371113,1564.4934083823348,1541.0706106088571,1553.6790771484375,1156236,0.0,0.0,1796419681.4458008
2024-07-12,1557.765582649819,1564.8422333841318,1542.266618868013,1557.7156982421875,589534,0.002598104816574187,0.0025947355767522956,918326366.4475098
2024-07-15,1557.715670498902,1615.5750121794076,1552.7819810027343,1608.1494140625,2498480,0.0323767141059339,0.031863633499402355,4017929148.046875
2024-07-16,1608.0997253675575,1634.2136051534692,1586.9692980447273,1616.0235595703125,1844059,0.004896401689393315,0.004884453301506131,2980042789.237671
2024-07-18,1614.6779919397413,1659.4802739743045,1609.7443022987518,1654.3472900390625,2104021,0.023714834008323527,0.0234380054201416,3480781439.5352783
2024-07-19,1626.6384921334027,1653.1013177411535,1626.6384921334027,1642.286865234375,567209,-0.007290140877495355,-0.007316843812423989,931519890.5427246
2024-07-22,1635.708630297936,1642.2869236294066,1613.3324317555575,1615.82421875,397490,-0.016113291194470136,-0.016244521885947525,642273968.7109375
2024-07-23,1615.824119878054,1632.6187388590795,1572.8657390563383,1589.6104736328125,2145861,-0.016223141609714498,-0.01635617757464337,3411083120.5601807
2024-07-24,1574.809328999368,1644.579362562631,1574.4605031654082,1627.5853271484375,2099093,0.023889408220140407,0.02360852099990019,3416452967.119995
2024-07-25,1639.5958712385025,1695.7607267491976,1639.5958712385025,1689.830322265625,4427012,0.03824376767161075,0.03753060078652043,7480899114.633789
2024-07-26,1680.7103541450922,1771.8598751654827,1680.7103541450922,1745.19775390625,2982227,0.03276508351820295,0.03223975238605145,5204575862.038574
2024-07-29,1746.742664354643,1757.756411419572,1730.795227761391,1740.961669921875,1368641,-0.0024272802178970654,-0.0024302308381469757,2382751520.883545
2024-07-30,1734.7820496179759,1740.5630439264728,1702.3888197342733,1715.39599609375,2096978,-0.014684799941214188,-0.01479368893946619,3597147665.0966797
2024-07-31,1715.3960381917964,1754.2180305989857,1714.3494389944633,1747.888916015625,1082466,0.01894193527084531,0.018764770547219988,1892030323.3637695
2024-08-01,1785.2158372915605,1785.26572169881,1752.3242491984117,1761.4442138671875,1247361,0.007755239893884269,0.0077253225986277175,2197156816.053589
2024-08-02,1754.2180941514757,1763.0888804387134,1725.3133641910251,1739.167724609375,594517,-0.012646718574700233,-0.012727369017181826,1033964778.1315918
2024-08-05,1674.4807999738025,1733.6357967580682,1674.430915567995,1716.5421142578125,1240111,-0.01300944700813389,-0.013094811031274413,2128702757.85437
2024-08-06,1716.542147769772,1774.152310799399,1664.6133319953994,1668.9989013671875,1500825,-0.027697085026766932,-0.028087882152678597,2504875276.144409
2024-08-07,1684.4979161412227,1693.3188178907,1671.5903863284416,1680.162109375,603417,0.006688565222342513,0.0066662960141922545,1013838379.5527344
2024-08-08,1665.6100251581668,1709.5153593743953,1664.563547652905,1700.6944580078125,1291138,0.012220456894156628,0.012146389921767795,2195831241.123291
2024-08-09,1714.3493962186153,1727.7053984067331,1702.3888190356947,1719.4326171875,804893,0.011017945693571063,0.01095769031954206,1383959277.5458984
2024-08-12,1717.2400236966585,1724.316674733092,1686.4913951891783,1699.3988037109375,1019251,-0.011651409468625862,-0.011719819037702152,1732113930.0811768
2024-08-13,1699.3987775990531,1715.6452779235813,1666.5570727641953,1676.873046875,1064268,-0.01325513280740731,-0.013343766183043844,1784642323.8515625
2024-08-14,1690.6275217939692,1701.7409156659978,1667.5037881042294,1686.541015625,557473,0.00576547447525444,0.005748917735118713,940201079.6035156
2024-08-16,1693.4184799228706,1696.508271532368,1660.6764224053652,1683.3516845703125,721574,-0.001891048616748603,-0.0018928389065568031,1214662808.4421387
2024-08-19,1691.2256412587958,1691.2256412587958,1660.5267782041165,1666.05859375,632647,-0.010273011266048515,-0.010326142840356493,1054026971.1601562
2024-08-20,1667.3045357513265,1764.9825843729154,1667.25465134452,1755.5137939453125,3951662,0.053692709566693475,0.05230086071044035,6937197150.0095215
2024-08-21,1755.5137532942972,1798.521897799919,1745.1478954692034,1794.6845703125,2972530,0.022312998338313017,0.02206770549830965,5334753725.791016
2024-08-22,1795.0832827214394,1806.4458553190518,1783.9698888138219,1789.3521728515625,1380510,-0.002971217086916278,-0.0029756399153666735,2470218568.1433105
2024-08-23,1783.621169296162,1792.4919555225797,1776.1458081507462,1783.421875,858249,-0.003314215022362954,-0.003319719197681927,1530620040.796875
2024-08-26,1785.11624620792,1795.5318674301388,1763.5373459776906,1790.3489990234375,593628,0.0038841757637617658,0.0038766518296417017,1062801295.5922852
2024-08-27,1782.5247109418278,1842.526891156803,1778.238788782494,1832.9085693359375,2239371,0.0237716614669623,0.023493514903382588,4104562295.8223877
2024-08-28,1832.7092549685206,1848.1583336643803,1820.001141847733,1837.6429443359375,724092,0.002582984813975342,0.0025796546419905204,1330622554.8500977
2024-08-29,1833.955148411735,1861.613982851097,1829.469932016163,1837.6429443359375,2248185,0.0,0.0,4131361302.8118896
2024-08-30,1833.9053400737387,1863.6573740671924,1830.9650800935078,1844.221435546875,2125138,0.0035798527843584615,0.003573460362789222,3919225053.095215
2024-09-02,1844.2214092564693,1888.425685491229,1842.9755157793381,1882.5450439453125,2522132,0.020780372497445354,0.020567405854419293,4748027096.775879
2024-09-03,1883.7909146624315,1929.639794066914,1875.5680178127145,1922.31396484375,3457882,0.02112508331545282,0.020905042271718487,6647134857.381836
2024-09-04,1903.7252448843394,1913.6923927633152,1896.1003524230662,1905.91796875,952279,-0.008529301869313888,-0.008565884529399367,1814965657.3632812
2024-09-05,1912.6956695606473,1912.6956695606473,1893.9573829628966,1901.582275390625,947097,-0.0022748583257329313,-0.0022774497467570737,1800982868.2756348
2024-09-06,1891.8643261275997,1910.5527285148041,1883.242718825779,1890.0703125,772396,-0.00605388630279502,-0.006072285367291797,1459882749.09375
2024-09-09,1894.6052517064834,1926.5001244388352,1888.2761372325142,1895.5023193359375,1845859,0.0028739707724168007,0.0028698488141196683,3498830015.6671143
2024-09-10,1883.7909358221466,1883.7909358221466,1832.7093033031597,1847.3609619140625,2515665,-0.02539767792990122,-0.025725765987739947,4647341314.25354
2024-09-11,1839.038466687607,1864.903288939631,1838.4903465451434,1853.0423583984375,630094,0.003075412223980667,0.0030706928174116283,1167590871.772705
2024-09-12,1856.879701182643,1873.8238530452866,1834.5532649827137,1869.787109375,1126825,0.00903635629302868,0.008995772727318632,2106922859.5214844
2024-09-13,1862.8599203994465,1865.6008860394136,1835.6994426943181,1840.433837890625,886112,-0.015698723847864526,-0.01582325384051179,1630830508.9609375
2024-09-16,1844.919111267802,1858.673824298292,1810.1337401034493,1815.266845703125,1576652,-0.013674488954378616,-0.013768845955069319,2862044102.8115234
2024-09-17,1817.5093909891623,1838.2411069629218,1802.5087849677955,1813.1737060546875,844866,-0.0011530754574139435,-0.0011537407603980571,1531888816.3395996
2024-09-18,1812.2268818149128,1842.8758632868855,1809.0873273898032,1836.397216796875,518691,0.012808210633453276,0.012726879240488162,952522708.7775879
2024-09-19,1843.9224174000478,1853.8895656022103,1822.1939856516178,1834.902099609375,776068,-0.0008141578378711989,-0.0008144894443625819,1424008802.6396484
2024-09-20,1843.922360474661,1878.8073781052626,1838.938786527432,1864.1058349609375,1512372,0.015915691282809785,0.01579036469231825,2819221469.831543
2024-09-23,1875.817225559857,1918.6759613191948,1873.823795989655,1913.8419189453125,1022492,0.026680933588417943,0.02633120457317514,1956888051.3862305
2024-09-24,1920.768947472475,1921.6161306660103,1848.5071289597051,1858.22509765625,2608386,-0.02906030050784547,-0.029490914069079367,4846968329.575195
2024-09-25,1867.5444561932532,1868.8402340899365,1835.0018155857292,1857.4776611328125,1395256,-0.00040223142200601636,-0.0004023123387633432,2591656851.5615234
2024-09-26,1866.8467880326211,1895.8014011383211,1862.3615715103858,1892.063720703125,1396821,0.018619906066175584,0.018448677851707295,2642874338.41626
2024-09-27,1892.06369839008,1906.7153568555482,1867.7438336446835,1876.465087890625,1678089,-0.008244242855998118,-0.008278414569001557,3148875422.873291
2024-09-30,1885.7843250597375,1887.3790443411538,1832.210906734177,1837.9420166015625,1473366,-0.020529596600364686,-0.02074325808301334,2707961277.2321777
2024-10-01,1834.1544829947652,1853.1918325607944,1818.306815384299,1828.1741943359375,885515,-0.005314543210501399,-0.005328715630864798,1618875671.6973877
2024-10-03,1801.0635959571812,1839.138051642298,1789.152903079965,1799.618408203125,1307453,-0.01561983875567452,-0.015743113813045946,2352916486.6604004
2024-10-04,1799.618469411454,1843.9223939386432,1776.694028838163,1792.19287109375,1554623,-0.004126173123995325,-0.004134709265476684,2786184257.838379
2024-10-07,1794.086633841487,1813.8713982197148,1770.1654787236005,1782.076171875,692912,-0.005644871923062622,-0.005660864424721917,1234821964.40625
2024-10-08,1779.135779580743,1793.1396700989355,1717.8877085536437,1722.3729248046875,2888148,-0.03350207359963531,-0.03407612580903314,4974467918.028809
2024-10-09,1742.3072973459582,1753.2212753782974,1727.356575839037,1731.6922607421875,704112,0.005410753852018946,0.00539616831225114,1219305301.0957031
2024-10-10,1739.4167943808352,1748.686168682613,1723.8680683993991,1728.8017578125,784503,-0.0016691781762936397,-0.0016705728063258186,1356250165.4091797
2024-10-11,1731.7920002983074,1741.0116123862265,1712.9540658604851,1729.35009765625,805944,0.00031717913362361294,0.00031712884295602905,1393759335.1054688
2024-10-14,1733.0378284532599,1738.1210495112714,1711.6583450316439,1732.58935546875,1349793,0.0018731070226265523,0.0018713549452119475,2338636983.8862305
2024-10-15,1736.227195765386,1749.184487408447,1712.8542837384994,1718.0870361328125,2159705,-0.008370315383828486,-0.008405543189939985,3710561162.371216
2024-10-16,1719.38295101217,1743.2542223126577,1718.3363517821738,1728.0543212890625,891554,0.005801385463384268,0.005784622228813483,1540653742.3625488
2024-10-17,1728.3034425549445,1733.2870164954143,1690.17910191035,1696.4085693359375,2442434,-0.018312938177498128,-0.018482695730292004,4143365967.637451
2024-10-18,1700.3954280928926,1711.8077637462004,1675.078848147336,1700.4453125,2045293,0.0023795819220853165,0.002376755200412455,3477908894.5390625
2024-10-21,1709.515403777968,1770.2153590847117,1691.2257116364153,1706.2261962890625,1574574,0.0033996293480109685,0.003393863671904834,2686579406.7956543
2024-10-22,1695.4119019541386,1721.2766027606792,1667.4042399594184,1692.5712890625,1290296,-0.008002987679043394,-0.008035183475028886,2183917963.9921875
2024-10-23,1697.604672238005,1723.2203167093296,1686.690693372891,1710.3626708984375,952362,0.010511451984862585,0.010456590785804328,1628884413.9821777
2024-10-24,1718.7847600022117,1718.7847600022117,1617.6680938683576,1629.927734375,4320374,-0.047028000489034216,-0.04816975717514299,7041897405.472656
2024-10-25,1639.4462592357625,1647.868572013703,1598.680600954739,1611.4385986328125,1639581,-0.011343530975179816,-0.01140835954553067,2642084108.9849854
2024-10-28,1611.6879000645583,1614.6780445915797,1588.3647484199325,1600.6243896484375,2366566,-0.006710903532750168,-0.006733522900256025,3787983259.312744
2024-10-29,1600.7239506240328,1660.3275436549584,1590.6571555921971,1655.89208984375,2052244,0.034528837966446124,0.033946094051219594,3398294606.029297
2024-10-30,1631.123734229375,1643.9314947930723,1613.9802887151484,1618.8143310546875,1512352,-0.022391410054118377,-0.022645903833890764,2448217091.1992188
2024-10-31,1624.744756773754,1636.5558027154168,1607.7508425856533,1616.8209228515625,809110,-0.0012314001457018886,-0.001232158941846392,1308185976.8884277
2024-11-01,1634.0142913285433,1634.0142913285433,1617.6681440358514,1623.4989013671875,53886,0.004130314261301837,0.00412180792786266,87483861.79907227
2024-11-04,1631.6222025617465,1635.7585935056425,1582.7831751179313,1603.514892578125,1470020,-0.012309222243534257,-0.012385608201384356,2357198962.3876953
2024-11-05,1601.5213007270695,1636.6056110788304,1593.3980512225114,1627.83447265625,978590,0.015166419838498646,0.01505255948572646,1592982536.5966797
2024-11-06,1627.8345721315538,1633.2667408246255,1595.1921622422713,1598.6806640625,1352644,-0.017909565796439764,-0.01807188301087992,2162445808.1601562
2024-11-07,1599.7770906341493,1612.63461383476,1569.82576312086,1584.626953125,1359619,-0.008790818112347276,-0.008829685304487238,2154488913.3808594
2024-11-08,1583.7797005372042,1598.082532529786,1561.7024450095796,1564.792236328125,1131938,-0.012516962909004836,-0.01259595998376927,1771247794.4047852
2024-11-11,1573.4139285834833,1573.4139285834833,1550.1406627864521,1560.8553466796875,862991,-0.0025159184440202154,-0.002519088685324081,1347004116.4864502
2024-11-12,1563.9451944661193,1580.7398147927545,1551.8849695185547,1557.3170166015625,1177157,-0.002266917357621856,-0.0022694907045537854,1833206627.3116455
2024-11-13,1554.875130282262,1566.8357082075102,1534.9408337401817,1541.6187744140625,2946117,-0.010080312499093691,-0.010131462880667994,4541789278.820435
2024-11-14,1541.120275886321,1563.795536126655,1540.9708660113686,1557.16748046875,684365,0.010085960493441126,0.010035436631015292,1065670922.7709961
2024-11-18,1545.9046851611604,1561.4036492732707,1545.9046851611604,1557.466552734375,490930,0.00019206172064101246,0.00019204327914997655,764607054.7338867
2024-11-19,1562.848785192404,1562.898669599442,1496.068894498596,1517.89697265625,4198931,-0.025406375506847656,-0.025734690259270297,6373544653.29248
2024-11-21,1508.3285703544307,1510.5212942682992,1469.1576296611502,1473.0946044921875,1827614,-0.029516079794045802,-0.029960445077097705,2692248322.494385
2024-11-22,1480.470290384223,1491.5338002297651,1470.1543166318836,1480.27099609375,977581,0.004871643395935488,0.004859815340404477,1447084800.6323242
2024-11-25,1487.6964077872267,1506.0359834751146,1483.4603701103442,1490.287841796875,1785465,0.00676689993221391,0.006744107231044679,2660856781.4538574
2024-11-26,1490.2878229024104,1511.916605650548,1484.3574188976754,1501.7999267578125,601372,0.007724739233635036,0.007695056199985777,903140425.5541992
2024-11-27,1502.0490649020126,1510.9696128705814,1490.1881355433836,1500.454345703125,467560,-0.0008959789055207334,-0.0008963805345389754,701552433.8769531
2024-11-28,1502.1987344524064,1514.7074321849932,1398.3908637470222,1423.90673828125,5574277,-0.05101628559448379,-0.052363641314487654,7937250581.346191
2024-11-29,1437.2627713862262,1455.2036381580376,1392.061778603326,1433.0267333984375,9016112,0.006404910428470911,0.006384486153716555,12920329527.314453
2024-12-02,1423.7074103922696,1445.0371309328261,1406.514080506028,1417.3782958984375,3117960,-0.010919850366566175,-0.010979909557703364,4419328831.479492
2024-12-03,1425.401733793844,1443.5917779067245,1412.2949105512546,1436.216064453125,4645704,0.013290572184715632,0.013203027357713445,6672234715.494141
2024-12-04,1436.266013619336,1467.5129979787241,1430.3356092814745,1447.827880859375,1976987,0.008085006632112535,0.008052498069737785,2862336898.696533
2024-12-05,1447.8278272379848,1451.2665661406436,1412.8930481139907,1427.14599609375,2632452,-0.014284767574270663,-0.014387777020661494,3756893331.7089844
2024-12-06,1430.2857256742961,1448.176707512403,1424.6045000309698,1443.791259765625,1359753,0.011663322265160536,0.01159583000443839,1963199496.840088
2024-12-09,1449.2232382055058,1479.523390765942,1444.2895488889556,1464.4730224609375,2397565,0.014324621066531318,0.014222993054265177,3511169262.0965576
2024-12-10,1458.891383371516,1479.0250950471273,1446.831158796666,1457.0474853515625,1994725,-0.005070449913032182,-0.00508334826295671,2906409045.2178955
2024-12-11,1450.7184440304504,1468.659311081325,1449.671844784766,1451.3663330078125,1213092,-0.003899085239750577,-0.0039067064896563634,1760640887.6411133
2024-12-12,1445.2364542430191,1450.9675643201897,1415.6838362068822,1427.7939453125,2851447,-0.01624151474318758,-0.016374853867837227,4071278761.979492
2024-12-13,1417.3783760533117,1437.2129038822357,1404.6702619404703,1424.106201171875,3926561,-0.002582826571531527,-0.0025861678225688176,5591839869.379639
2024-12-16,1424.1061493840282,1432.2292776370912,1410.9993254810083,1416.9796142578125,1601339,-0.005004252427380895,-0.005016815629039685,2269064718.515991
2024-12-17,1417.029425620276,1420.3186332280995,1400.9823411857326,1405.06884765625,1973758,-0.008405743090242779,-0.008441270578739862,2773265878.6123047
2024-12-18,1410.152206640323,1415.6839010099293,1388.1247113043273,1393.4073486328125,1454595,-0.008299592609208872,-0.008334225989707296,2026843362.284546
2024-12-19,1375.516318632645,1404.3711636394232,1372.9746472060365,1401.2813720703125,1081337,0.005650912811121511,0.005635006299395191,1515257395.0303955
2024-12-20,1397.8425551837863,1410.1520797056107,1386.5298670831783,1395.9986572265625,1542712,-0.0037699172693240746,-0.0037770413177846732,2153623880.4873047
2024-12-23,1395.9987170728812,1403.523962440311,1376.9614888286515,1400.683349609375,1325302,0.0033558000636759733,0.0033501819320180615,1856328444.604004
2024-12-24,1402.327769985969,1413.341516650144,1380.4499298733776,1382.443359375,756679,-0.013022208223908538,-0.01310774053524407,1046065858.7285156
2024-12-26,1389.370529875634,1407.161986174439,1380.649275481822,1404.4210205078125,1935656,0.015897693734626905,0.015772648943110115,2718475974.8720703
2024-12-27,1405.3678604765823,1415.7337186749478,1396.198133033386,1400.683349609375,665711,-0.0026613606916009447,-0.0026649084078660657,932450313.3518066
2024-12-30,1386.6794550578031,1410.3015469722054,1384.4368467746908,1399.238037109375,1439560,-0.0010318624123025755,-0.0010323951488269304,2014287108.7011719
2024-12-31,1395.1515343906146,1395.1515343906146,1377.9083197682955,1385.832275390625,2096160,-0.009580758500851161,-0.009626949232500813,2904926182.3828125
2025-01-01,1387.626304066842,1400.085239140238,1380.4001217242724,1395.7994384765625,511676,0.007192185708857268,0.007166445287460043,714197073.4819336
2025-01-02,1399.3875914593955,1420.8169598471284,1393.4571870151567,1417.57763671875,1083889,0.015602670155790532,0.015482199986118132,1536496807.0854492
2025-01-03,1423.5579155015726,1446.2331772398263,1420.2189452497971,1442.9439697265625,1107442,0.017894140222561417,0.017735924727650145,1597976755.7219238
2025-01-06,1445.2364372537843,1457.8449036092002,1420.5178619351088,1429.9368896484375,1012018,-0.009014265523137333,-0.009055139834606159,1447121871.1882324
2025-01-07,1442.2462842383375,1485.9024401967486,1429.6378179586513,1472.895263671875,2362510,0.030042146848871853,0.029599720675123252,3479729789.3774414
2025-01-08,1473.8421036208697,1479.7726295920202,1450.2200118887465,1458.34326171875,1229808,-0.009879862005155338,-0.009928991706056193,1793482210.0078125
2025-01-09,1453.0109388080064,1476.3339686705992,1448.2266589201818,1463.6258544921875,1253461,0.003622324669441346,0.003615779851644201,1834597927.1976318
2025-01-10,1465.0711744866962,1483.111688841025,1453.85813248437,1473.443603515625,1124758,0.006707826999164279,0.0066854296303016,1657267480.6030273
2025-01-13,1473.4435615341376,1473.4435615341376,1440.900798449628,1462.579345703125,1444590,-0.007373378788694707,-0.0074006965115232665,2112827497.0092773
2025-01-14,1470.1542523377573,1499.0589800108387,1464.0244323077134,1494.3245849609375,2024378,0.02170496893113949,0.021472769998872706,3025077814.6540527
2025-01-15,1499.5574385267914,1499.9062643780344,1464.5228884606527,1467.9117431640625,1433596,-0.017675438162964685,-0.01783351419873425,2104392403.3530273
2025-01-16,1481.1181382728582,1539.924309307918,1481.1181382728582,1508.62744140625,2929496,0.02773715683643574,0.02735945032899449,4419518055.089844
2025-01-17,1514.5080769658668,1549.8914509259118,1495.0721391568281,1535.4390869140625,2603818,0.017772211198028076,0.01761613198794694,3998003932.4104004
2025-01-20,1542.7151484003905,1542.7151484003905,1482.4139056469164,1494.7730712890625,4033718,-0.02648494230189935,-0.02684198670028976,6029493043.573975
2025-01-21,1494.7730520737741,1501.0025192202932,1455.2035254267987,1461.7320556640625,877160,-0.022104369057509232,-0.022352331469684576,1282172889.946289
2025-01-22,1461.2834691987293,1465.9182171155105,1445.2862704785884,1455.25341796875,631080,-0.004432165026557633,-0.004442016188729689,918381327.0117188
2025-01-23,1453.2600483427211,1458.89138957124,1442.3958327970004,1445.0869140625,1301601,-0.0069860711410940635,-0.0070105879870989395,1880926572.430664
2025-01-24,1446.532306993037,1450.8181078361515,1413.4911854611598,1435.6680908203125,1504123,-0.006517824741564371,-0.006539158511620661,2159421395.768921
2025-01-27,1430.2857335680926,1441.1997119265595,1411.348152426773,1419.7205810546875,896819,-0.011108075653135763,-0.011170231038591596,1273232391.7808838
2025-01-28,1415.334905212553,1430.9832776799383,1407.211655894555,1414.8365478515625,1527262,-0.003440136931378901,-0.003446067808358078,2160826095.744873
2025-01-29,1414.8366900370856,1465.2704357038451,1405.8662566377664,1456.1007080078125,1021447,0.02916531963986224,0.02874810443317363,1487329699.892456
2025-01-30,1461.0842755731048,1475.1379301685556,1449.1236977609274,1468.061279296875,1016159,0.008214109932977554,0.008180557741024443,1491783681.5090332
2025-01-31,1474.8387403595527,1485.1049507674688,1462.1805119301187,1478.7259521484375,892312,0.0072644602796623214,0.007238201183502768,1319484911.8134766
2025-02-01,1470.7523330328952,1522.980212833016,1368.0409460001467,1449.5721435546875,4329907,-0.019715491265567153,-0.01991243441563929,6276512571.382446
2025-02-03,1429.637812627291,1477.0316488276867,1429.637812627291,1455.1536865234375,1127198,0.003850476151578519,0.003843082042763478,1640246325.1418457
2025-02-04,1456.4494720815567,1473.8420963225328,1449.2731743342238,1467.5628662109375,614905,0.008527745077667515,0.00849158926589627,902411744.2474365
2025-02-05,1467.562931577289,1479.4238623198653,1460.1872175438918,1464.3236083984375,791375,-0.002207236151227643,-0.0022096756873572422,1158829095.5963135
2025-02-06,1465.1707922089295,1475.5366507189597,1451.665257667451,1460.286865234375,1510856,-0.0027567288684756663,-0.0027605356432763802,2206283172.060547
2025-02-07,1467.6126258776108,1471.1011275998483,1449.4724655896894,1466.1175537109375,562410,0.00399283771933856,0.003984887498413443,824559173.3825684
2025-02-10,1458.094040654629,1469.7057918940409,1440.2528221912069,1443.4422607421875,530759,-0.015466217501697521,-0.015587067120627572,766119970.8692627
2025-02-11,1443.442279415306,1445.2364146667437,1398.2911733931496,1414.3382568359375,1448104,-0.020162915204717136,-0.020368961141734032,2048108887.0771484
2025-02-12,1422.76046642251,1462.1307002983472,1402.876055195972,1447.37939453125,1590502,0.023361552680636555,0.023092848460204523,2302059821.760742
2025-02-13,1447.379375710906,1474.5398531581566,1441.249555549505,1465.6690673828125,983142,0.01263640543776412,0.01255723234445557,1440960818.244873
2025-02-14,1465.6690784047203,1472.2972560003188,1445.2364254925837,1460.6356201171875,625676,-0.003434231763254081,-0.00344014227307612,913884652.2524414
2025-02-17,1455.7019680758256,1476.6828633221069,1447.0803607061202,1471.350341796875,717439,0.007335656841524818,0.007308881772952822,1055604117.8684082
2025-02-18,1471.4001193481718,1476.1345143130516,1449.6219268435802,1470.5030517578125,679042,-0.0005758587978630381,-0.0005760246682222367,998533333.2717285
2025-02-19,1470.1543147959794,1477.3306126140487,1460.2370513062565,1470.7523193359375,391966,0.00016951177206125934,0.00016949740656421663,576484903.6008301
2025-02-20,1468.1608741822047,1484.7561996397096,1461.183870706797,1464.971435546875,346720,-0.003930562415616401,-0.003938307377433252,507934896.1328125
2025-02-21,1464.8716618684298,1496.4675933608462,1456.8979436373018,1490.4873046875,1051158,0.017417315124031774,0.017267372255250272,1566737654.2207031
2025-02-24,1475.1378092940633,1490.287824613696,1470.353529893506,1481.616455078125,1116079,-0.005951643855990341,-0.005969425476637282,1653601011.5671387
2025-02-25,1475.1378135882028,1479.174556948504,1458.6421359915148,1466.9149169921875,964505,-0.00992263418481154,-0.009972191618772535,1414846772.0135498
2025-02-27,1459.190398957093,1475.0381878697865,1449.223251423233,1464.9215087890625,1421562,-0.001358911945085639,-0.0013598361032508132,2082476749.8771973
2025-02-28,1455.2034994456703,1457.2468133009593,1407.211661071877,1425.8004150390625,2397364,-0.026705249063028957,-0.027068312621900428,3418162586.199707
2025-03-03,1427.8437183058384,1447.3793024498075,1400.4838262881356,1403.8726806640625,1056418,-0.015379245330349622,-0.015498732589474382,1483076369.5617676
2025-03-04,1387.626369798364,1410.3515171164383,1385.4336457892928,1388.5234375,977231,-0.010933500861917134,-0.010993710855357056,1356908147.3515625
2025-03-05,1386.5798645245927,1419.3219224609898,1375.3169382418416,1416.03271484375,1118219,0.019811892691764532,0.019618191359275287,1583434686.3598633
2025-03-06,1412.4444623103825,1421.7139582477246,1390.4170904443677,1416.6307373046875,1606815,0.0004223224892112576,0.0004222333361688175,2276263518.1622314
2025-03-07,1419.3768458289737,1444.192324473883,1404.5974644515309,1409.640380859375,901496,-0.004934494403680989,-0.0049467092203877945,1270785164.7832031
2025-03-10,1417.0301656310462,1425.7680190131969,1402.4004781596173,1417.4794921875,1092967,0.0055610717701957135,0.005545666098884942,1549258308.1376953
2025-03-11,1401.052374430152,1422.4226916205905,1395.5100301045297,1415.2825927734375,691907,-0.001549863279271979,-0.0015510655597717044,979243932.9180908
2025-03-12,1423.0218566504668,1423.0218566504668,1402.5503141512847,1407.0440673828125,734156,-0.005821116879902055,-0.005838125619459874,1032989844.3334961
2025-03-13,1409.740187183227,1411.9870636661008,1380.7305884004104,1383.6265869140625,911321,-0.016643032731951224,-0.016783084095325328,1260927964.8131104
2025-03-17,1390.0676829135436,1439.299295443742,1390.0676829135436,1432.259033203125,1352197,0.0351485341124651,0.03454492764035546,1936696367.920166
2025-03-18,1432.259033203125,1432.259033203125,1432.259033203125,1432.259033203125,0,0.0,0.0,0.0
2025-03-19,1455.9260828973652,1486.8331924758972,1452.9802267306604,1482.8387451171875,917293,0.035314639839237216,0.03470538036341592,1360197601.0247803
2025-03-20,1489.9288587551916,1504.2090567649984,1486.4337173304978,1496.27001953125,798992,0.009057811888373068,0.009017035952477773,1195507775.4453125
2025-03-21,1497.9176844784015,1551.1437416272088,1491.3767284958378,1544.2532958984375,1977397,0.03206859439863652,0.03156513229104781,3053601834.5496826
2025-03-24,1547.848287244236,1581.801088383787,1539.5597605586509,1567.620849609375,1229003,0.015131943556800032,0.015018597697327763,1926610727.0324707
2025-03-25,1575.4598919567673,1581.7012155534799,1549.146496053197,1555.0382080078125,1241287,-0.008026584747643506,-0.008058971197137312,1930248712.1033936
2025-03-26,1562.1284715561972,1568.1201422950421,1531.3212003199535,1539.160400390625,1106876,-0.010210557872741166,-0.010263043194044488,1703659707.3427734
2025-03-27,1539.2602298460981,1549.9453271857217,1527.526541371838,1542.75537109375,1405775,0.002335669955004338,0.002332946517810888,2168766931.7993164
2025-03-28,1542.7554378123777,1562.3282052655102,1532.6195033756737,1545.7012939453125,1120169,0.001909520398865272,0.0019076995823441554,1731446672.7374268
2025-04-01,1535.615270022454,1564.225521998881,1533.218577361969,1543.1048583984375,937836,-0.001679778335597959,-0.0016811907451379012,1447179287.980957
2025-04-02,1540.8579860953237,1560.980037967277,1540.15900660533,1557.6845703125,1876774,0.009448296293483649,0.009403940315460787,2923421901.763672
2025-04-03,1543.8538029423833,1556.735919209977,1537.86213229707,1540.1090087890625,373548,-0.011283132579217536,-0.011347270023518978,575304640.0151367
2025-04-04,1534.2172753302116,1544.7526789979297,1499.016207985667,1510.500244140625,826558,-0.01922510970292801,-0.019412315374775488,1248516060.7963867
2025-04-07,1447.9871602224607,1483.437880352045,1428.5642087991305,1458.772216796875,916977,-0.03424562660245034,-0.03484574894737233,1337660571.041748
2025-04-08,1487.9315497285577,1495.9704233045459,1456.0259521708933,1485.934326171875,2142568,0.018619842811814502,0.01844861575360508,3183715337.357422
2025-04-09,1485.9344225423035,1497.8179278554417,1472.9524685819206,1479.59326171875,1047950,-0.0042673921326396025,-0.004276523437611702,1550539758.618164
2025-04-11,1536.8635912605712,1536.8635912605712,1497.967709624813,1519.787353515625,1134200,0.027165635879001115,0.026803199226317426,1723742816.3574219
2025-04-15,1553.340666679218,1571.9148219198976,1522.8830065482528,1560.4307861328125,1363406,0.02674284170293273,0.026391502028847443,2127500696.3981934
2025-04-16,1546.3503649905406,1574.6111275572964,1546.3503649905406,1563.2269287109375,784495,0.001791904263216182,0.0017903007180857116,1226343709.439087
2025-04-17,1555.837144899636,1612.7580160545008,1547.2491080178443,1605.9674072265625,1500299,0.02734118619033099,0.026974092123699285,2409431295.0946045
2025-04-21,1615.7539555728526,1628.436277168365,1593.0855155869024,1626.2393798828125,1016066,0.012622904154237391,0.01254389945077328,1652366541.7600098
2025-04-22,1625.540396399101,1637.6235752419475,1610.561218849905,1616.7525634765625,1102055,-0.005833591612406819,-0.005850673472750957,1781750246.342163
2025-04-23,1622.7441360912837,1622.7441360912837,1598.7774534659354,1613.25732421875,1136215,-0.002161888799048217,-0.0021642290541605087,1833007170.637207
2025-04-24,1610.660955707913,1634.3280060067004,1600.7746747587398,1605.9674072265625,857476,-0.004518756482768671,-0.004528996923861816,1377078508.479004
2025-04-25,1721.107425477229,1759.5539795131288,1648.807907273704,1692.746826171875,10321746,0.054035604056982045,0.05262622948885192,17472102782.052246
2025-04-28,1687.6539612804859,1752.5637290220432,1679.0659240825435,1733.68994140625,2100813,0.024187382661923218,0.023899500757311454,3642158366.8754883
2025-04-29,1731.4930157689255,1762.4499814146093,1718.61089923297,1727.6982421875,2049847,-0.0034560385197193177,-0.0034620244164834508,3541517058.6533203
2025-04-30,1719.6095095383932,1770.039405143323,1716.1143682588438,1763.3487548828125,2031563,0.020634687137363716,0.02042467607524835,3582354086.515991
2025-05-02,1758.555376711821,1774.6330022834163,1745.173954235149,1759.753662109375,902461,-0.0020387871449040196,-0.0020408683005852133,1588109049.6608887
2025-05-05,1770.5387875498627,1785.1184959944105,1764.4472797224462,1767.443115234375,947983,0.004369619049852114,0.004360099984251368,1675506026.7092285
2025-05-06,1767.54292405218,1795.3043814501787,1714.8161711167213,1723.60400390625,1295777,-0.024803690116109722,-0.025116484780509412,2233406425.369629
2025-05-07,1711.6205878352055,1754.0615884087154,1709.9229965726056,1742.0782470703125,753313,0.010718380278877282,0.010661345625095305,1312330190.5352783
2025-05-08,1738.8827577737623,1741.5789608450043,1718.7107264858482,1729.0963134765625,1107891,-0.007451980768132582,-0.007479885493568095,1915650243.8338623
2025-05-09,1703.6317742450465,1726.3002139227822,1690.749657316363,1697.4404296875,1076900,-0.018307762003965222,-0.01847742301143081,1827973598.7304688
2025-05-12,1722.6053902737385,1754.4611317262186,1717.612331171496,1749.068603515625,728808,0.030415308204736036,0.02996193282274976,1274735190.7910156
2025-05-13,1740.2807979235533,1753.5623841033585,1729.895332349323,1737.5845947265625,478541,-0.006565785221905873,-0.00658743480607504,831505469.545044
2025-05-14,1738.583188569567,1757.5568132581495,1734.9882103771652,1752.763427734375,603108,0.008735593682102749,0.008697659144009995,1057105645.3740234
2025-05-15,1755.2598773257625,1785.9173321189126,1734.6884990334781,1782.12255859375,1318425,0.016750195944768675,0.01661145852194119,2349594934.313965
2025-05-16,1787.5151643141137,1788.4139393355604,1765.4458673918596,1770.938232421875,696146,-0.006275845686337322,-0.006295621589639199,1232831566.7475586
2025-05-19,1770.638518810651,1778.7272498305404,1761.9506451042612,1767.5428466796875,288530,-0.0019172807272583858,-0.0019191210626211778,509989137.55249023
2025-05-20,1776.3307109914213,1776.3307109914213,1750.8661102004992,1755.35986328125,529693,-0.006892609942284023,-0.006916473697111853,929801832.0610352
2025-05-21,1754.461133266349,1775.4319815141773,1748.7689727442812,1761.451416015625,521050,0.0034702586414321335,0.0034642511881788304,917804260.3149414
2025-05-22,1763.8480706842886,1766.2446414830397,1738.7828169895174,1756.8577880859375,1103303,-0.00260786524562695,-0.0026112716497808004,1938346468.168579
2025-05-23,1762.5498338983166,1803.4929178585608,1757.357101278335,1796.2030029296875,1067774,0.022395218958852547,0.022148128337997293,1917938865.2502441
2025-05-26,1803.4929153346563,1807.58719934478,1787.6149632945624,1799.0989990234375,633624,0.001612287747557728,0.0016109894070122958,1139952304.1572266
2025-05-27,1799.0990396865345,1807.087934287186,1791.509614196087,1800.7967529296875,1219984,0.0009436689738426818,0.000943223998194391,2196943225.826172
2025-05-28,1808.0865002097296,1811.9811106088448,1799.5982999120304,1804.8909912109375,763018,0.0022735704485190578,0.0022709897980138223,1377164314.331787
2025-05-29,1805.09068286512,1827.4596117829624,1798.899338405214,1822.466552734375,1189803,0.009737741286882873,0.009690635042934855,2168376171.8430176
2025-05-30,1822.4666064735125,1831.35427622224,1802.3945328864966,1809.684326171875,1364259,-0.007013696105051648,-0.007038407685711018,2468878129.138916
2025-06-02,1809.6842886128802,1826.4610159229803,1793.107356806982,1799.997802734375,1238769,-0.005352603930648181,-0.005366980439186572,2229781478.095459
2025-06-03,1807.2876782722433,1811.4817990576803,1767.6427168061575,1772.8355712890625,1576208,-0.015090147001318721,-0.015205161796533565,2794357610.1503906
2025-06-04,1772.535917396638,1776.6302013327077,1759.8535964944792,1773.4346923828125,918721,0.00033794509962037367,0.0003378880090371547,1629291694.02063
2025-06-05,1779.5262600416722,1788.5137664055192,1762.5498591321839,1772.3363037109375,912222,-0.0006193567074066486,-0.0006195485880046009,1616764167.6437988
2025-06-06,1772.3362984402731,1781.0241724724792,1748.8689207822392,1778.128173828125,1589674,0.0032679295148785314,0.0032626014379190872,2826644126.602051
2025-06-09,1787.115679595648,1796.502655036041,1756.6580192406734,1788.3140869140625,1221496,0.005728447046653651,0.005712101885755414,2184418503.9091797
2025-06-10,1788.4138903849116,1794.1059288635151,1769.540103054554,1783.0213623046875,1400311,-0.0029596169085197577,-0.002964005235291966,2496784426.8702393
2025-06-11,1783.0213546039022,1798.4000005807684,1771.53731899598,1796.80224609375,1089930,0.007728950465994311,0.007699235142306113,1958388672.084961
2025-06-12,1797.4014267579296,1809.7842376203967,1757.5567910355323,1763.5484619140625,984693,-0.018507203144909945,-0.018680604207385643,1736553825.607544
2025-06-13,1717.6123402295552,1764.047790125296,1717.6123402295552,1752.763427734375,1774169,-0.0061155303710690445,-0.006134306818023921,3109698537.8200684
2025-06-16,1759.5539705170804,1797.5012184623977,1749.4680158381009,1795.3043212890625,728053,0.024270756042460206,0.02398090186481542,1307076697.0274658
2025-06-17,1793.6066437023537,1804.1919044854112,1782.9215461186823,1797.700927734375,557790,0.0013349304721730348,0.0013340402446634148,1002739600.480957
2025-06-18,1797.5012399252255,1802.4942989250178,1788.8133660259286,1794.705078125,349531,-0.0016664894383464635,-0.0016678795765189178,627305060.6621094
2025-06-19,1792.5082174385086,1802.3944988396502,1778.5276519543086,1786.916015625,537885,-0.004340023659005654,-0.0043494688999722855,961155321.0644531
2025-06-20,1784.619099121428,1818.4720630610548,1776.6302048301109,1808.3861083984375,1669329,0.01201516612179887,0.011943557039343054,3018791373.9466553
2025-06-23,1807.4874021435537,1823.6648649383076,1796.1032029653509,1816.075439453125,627282,0.004252040545421609,0.0042430261649951395,1139191433.8110352
2025-06-24,1829.6564722317785,1848.3305858386984,1825.4623514756004,1840.4415283203125,876488,0.01341689245823674,0.01332768301314316,1613124914.274414
2025-06-25,1840.4416000823562,1852.4249420253775,1822.4665871678244,1840.1419677734375,990856,-0.00016276558764050097,-0.00016277883539629961,1823315709.6201172
2025-06-26,1847.4318625549195,1863.8091207436858,1840.1419475261168,1858.2169189453125,1147822,0.009822585152897467,0.009774657158990261,2132902260.3376465
2025-06-27,1845.434639512959,1860.3139799801124,1812.7800818273743,1848.031005859375,6763121,-0.005481552224655628,-0.0054966310609153675,12498457304.378662
2025-06-30,1843.4374312470509,1852.5247744857027,1823.5650315246169,1835.7481689453125,1362010,-0.006646445257205369,-0.006668631234381282,2500307363.585205
2025-07-01,1828.4582778418624,1862.7107126917615,1824.7634627966272,1859.91455078125,667136,0.01316432299634096,0.013078426322834026,1240815953.75
2025-07-02,1862.410979990278,1872.3970978454538,1849.5288635769307,1854.222412109375,1072946,-0.003060430206045739,-0.0030651228994550347,1989480520.1831055
2025-07-03,1847.4318096819793,1859.2154775527245,1800.4970555981668,1807.68701171875,916863,-0.02509698949096728,-0.025417289333387286,1657401336.6254883
2025-07-04,1803.4929634402217,1809.5844712178493,1780.6247281725746,1797.20166015625,685665,-0.005800424240770763,-0.005817312037377817,1232278276.3110352
2025-07-07,1797.2016357869727,1809.2849362764985,1789.7120471699227,1805.789794921875,376143,0.004778614974614737,0.004767233637693053,679235190.8312988
2025-07-08,1798.4998555836132,1816.27519442135,1794.805040676182,1814.3778076171875,616714,0.004755820815613765,0.004744547627843229,1118952195.2468262
2025-07-09,1817.4735111326522,1818.472122951956,1796.5026629272754,1812.380615234375,597896,-0.0011007588245556255,-0.0011013651045033814,1083615120.3261719
2025-07-10,1808.4859499103052,1820.9685972730213,1798.8993011159098,1807.68701171875,1104366,-0.00258974493336106,-0.002593104123655053,1996348074.383789
2025-07-11,1811.4818221522237,1837.4457291951992,1809.4845985335332,1832.65234375,770854,0.013810649669664388,0.013716151705676898,1412707389.7890625
2025-07-14,1840.4415757112195,1853.72316161587,1829.1572134372923,1848.7301025390625,1231109,0.008772945312783165,0.008734686626137323,2275988267.8067627
2025-07-15,1847.3319772870402,1849.1294053710442,1819.8701530235994,1822.266845703125,1313007,-0.014314288927081642,-0.014417726638886586,2392649124.276123
2025-07-16,1831.3541763425287,1837.3458470507321,1819.0712026303709,1826.560791015625,652826,0.0023563756991051843,0.002353603799458181,1192426374.9555664
2025-07-17,1826.4609431211131,1826.4609431211131,1793.8063867201306,1800.29736328125,886192,-0.014378622306773448,-0.01448299640845345,1595409120.9609375
2025-07-18,1796.50261904432,1800.2973926253221,1751.6649250726596,1785.9173583984375,1600088,-0.00798757204010081,-0.00801964359035907,2857624934.165039
2025-07-21,1792.2085839520128,1804.8910272019864,1778.5276507832536,1802.1947021484375,481174,0.009114276018122647,0.009072991666168059,867169233.6115723
2025-07-22,1788.6135937002168,1812.7800727128454,1788.6135937002168,1806.48876953125,578221,0.0023826878292858567,0.0023798537295970923,1044549742.8071289
2025-07-23,1806.4887312135172,1815.9755432348154,1789.512330754352,1806.988037109375,555690,0.00027637458175533425,0.00027633639733592064,1004125182.3413086
2025-07-24,1805.4901417808312,1819.9700129400248,1776.2307671608773,1791.110107421875,928018,-0.00878695894019299,-0.00882579191375582,1662182419.6694336
2025-07-25,1811.4817915612573,1844.4359807131434,1808.3861193847358,1829.556640625,1821229,0.021465198060026003,0.02123806524829654,3332041611.048828
2025-07-28,1829.456833879357,1855.4207409103958,1816.4748803638374,1847.93115234375,1182404,0.010043149969094722,0.00999305268225569,2185001186.2558594
2025-07-29,1845.434565978923,1849.2293394961468,1820.3694347281028,1830.8548583984375,585182,-0.009240763068285585,-0.009283723784006553,1071383307.7473145
2025-07-30,1822.4665946099362,1847.4318904265106,1821.9672886936046,1836.5469970703125,480951,0.003109005962850686,0.00310418299764493,883289114.7879639
2025-07-31,1835.448450276656,1854.8215431744363,1818.8715191211395,1838.1446533203125,1570804,0.0008699239673957138,0.0008695458028415702,2887364974.01416
2025-08-01,1837.4456653892394,1840.7411330059845,1786.4166280838715,1793.7064208984375,559870,-0.02417559050187068,-0.024472617055581267,1004242413.8684082
2025-08-04,1795.5040240880085,1833.6509462510046,1778.5276234153189,1828.95751953125,844169,0.01965265788319792,0.01946203781510578,1543949240.3051758
2025-08-05,1830.7550681574921,1857.8174236527714,1816.175238305385,1854.422119140625,1251783,0.013923013157736586,0.01382697837906805,2321334083.564209
2025-08-06,1856.0199098468213,1873.395779947185,1848.0310152628247,1851.7259521484375,816457,-0.001453912226541454,-0.0014549701824971026,1511854615.7132568
2025-08-07,1832.4526143714756,1860.5135809797732,1832.4526143714756,1858.516357421875,742694,0.003667068156364639,0.0036603608543542437,1380308947.559082
2025-08-08,1848.5302718660273,1868.3028341943418,1828.4581991393165,1831.0545654296875,779798,-0.014776190633200792,-0.014886445988796333,1427852688.0129395
2025-08-11,1833.4512430991692,1850.1280112014404,1823.3652884187181,1848.430419921875,455452,0.009489533965968855,0.009444791174633246,841871331.6142578
2025-08-12,1847.1321956145946,1861.3125562991004,1831.454039132634,1835.448486328125,627624,-0.007023220054070856,-0.007047998950621,1151971520.7832031
2025-08-13,1838.7439731373777,1856.4193534008086,1835.4485054065015,1837.745361328125,570828,0.0012513971474050756,0.0012506148026094875,1049036509.1162109
2025-08-14,1839.5428396297445,1851.1267125529303,1829.6565580682588,1838.044921875,468063,0.00016300438198824097,0.00016299109821748956,860320820.2675781
2025-08-18,1876.3916074596166,1909.3457974788648,1847.4318647154287,1860.413818359375,1924632,0.012169940036915072,0.0120964817051228,3580611968.0566406
2025-08-19,1862.4110161002325,1867.304238324313,1834.0504164614842,1851.526123046875,621923,-0.004777267952319142,-0.00478871557030722,1151506681.0236816
2025-08-20,1843.437396353536,1862.311183892473,1840.8410300346177,1855.9200439453125,446416,0.002373134704255042,0.0023703232671602116,828512402.3378906
2025-08-21,1867.404054869671,1889.87282023575,1867.404054869671,1874.6939697265625,1316202,0.010115697517518285,0.010064876290131882,2467475952.342041
2025-08-22,1857.5177601086655,1867.4040411774224,1846.8326627510396,1856.4193115234375,605948,-0.00974807541829903,-0.009795898950870196,1124893568.979004
2025-08-25,1856.319506571509,1859.8146478850113,1840.8410236117124,1844.236328125,613536,-0.0065626247921541925,-0.006584253493535657,1131505379.8125
2025-08-26,1844.3361105247461,1855.0212077505157,1807.2876380745715,1814.078125,669578,-0.016352678160103995,-0.016487858939423103,1214666802.78125
2025-08-28,1813.1793836086892,1838.7439430276193,1803.6925715761367,1814.2779541015625,948055,0.00011015462829777611,0.00011014856172221189,1720035285.7757568
2025-08-29,1824.3639698062568,1824.3639698062568,1798.5997359279581,1802.99365234375,801378,-0.006219720485663105,-0.0062391435262609575,1444879447.1279297
2025-09-01,1797.5012751349298,1813.3792274454595,1794.1059705683922,1807.2877197265625,530198,0.0023816320025478177,0.0023788004120299405,958220334.423584
2025-09-02,1812.380548194679,1822.4665028163965,1800.1974113093129,1811.9810791015625,388232,0.0025969076886718234,0.0025935415503410006,703469038.3017578
2025-09-03,1811.9811751015657,1816.3750915569356,1794.5054679843006,1808.1864013671875,1249945,-0.0020942148779260483,-0.002096410812278081,2260133551.456909
2025-09-04,1887.3762542944578,1887.3762542944578,1770.538676647658,1788.613525390625,2151243,-0.010824589744598878,-0.010883601857148963,3847742326.2019043
2025-09-05,1812.4804310874463,1824.9630786844673,1797.601090771626,1802.7939453125,757123,0.007928163194884652,0.007896900437845546,1364936760.256836
2025-09-08,1804.491477320825,1807.487312645652,1767.043535760487,1778.427734375,1553347,-0.01351580473234637,-0.013607974663868087,2762515385.908203
2025-09-09,1787.315407568109,1808.985234372708,1775.8313721304685,1803.1932373046875,895295,0.013925504225444918,0.013829435236853016,1614389889.3927002
2025-09-10,1802.394472088049,1841.0407001997191,1793.5068026391207,1831.1544189453125,881560,0.015506480981716475,0.0153874840777268,1614272489.5654297
2025-09-11,1822.2669013876537,1822.3667381896737,1799.4985030876885,1811.6815185546875,663203,-0.010634220789440985,-0.010691168202738426,1201512618.1500244
2025-09-12,1811.6815126591946,1831.9533813384087,1801.0962517615314,1827.6593017578125,509725,0.008819311252825202,0.008780648281570245,931603637.588501
2025-09-15,1827.5594679166436,1830.455466575631,1809.7842506561506,1819.67041015625,485383,-0.004371105486607352,-0.004380686698714751,883237082.6928711
2025-09-16,1827.8590187028406,1830.3555481422018,1807.487314097483,1816.275146484375,496743,-0.0018658673861622344,-0.0018676102850631886,902221965.0900879
2025-09-17,1807.5872352752926,1824.9631053645437,1798.2002597649287,1801.4957275390625,706812,-0.00813721366716924,-0.008170501493390613,1273318798.1733398
2025-09-18,1802.394432571009,1828.458175742382,1792.807783828773,1819.27099609375,817549,0.00986695015867145,0.009818589659511214,1487343183.5854492
2025-09-19,1825.4623775933064,1844.3361650678503,1819.271033169251,1839.143310546875,1633208,0.010923229412107327,0.010864001855506436,3003703567.9316406
2025-09-22,1852.4248906479431,1877.0905533695443,1850.2279934463306,1855.12109375,1003774,0.008687622716238463,0.008650102473219849,1862122320.7578125
2025-09-23,1862.4110647605341,1863.1100442818704,1812.8799423245543,1816.8743896484375,737343,-0.02061682346797611,-0.02083231718223618,1339659613.0865479
2025-09-24,1822.366735608672,1822.8660415189213,1803.4929478210706,1814.5775146484375,507030,-0.0012641903111664243,-0.0012649900738437234,920045237.2521973
2025-09-25,1807.5872301319043,1817.1738792191193,1795.004745586131,1807.2877197265625,1003709,-0.004017351070994213,-0.00402544230329217,1813990949.8790283
2025-09-26,1804.891015729792,1816.4748883838442,1787.5151457982854,1796.302978515625,1561042,-0.006078025701740208,-0.006096572088419976,2804104394.1879883
2025-09-29,1811.4818468262195,1811.4818468262195,1782.5221039607507,1786.2169189453125,1003806,-0.005614898873377738,-0.005630721674807156,1793015260.5388184
2025-09-30,1780.5248325419034,1793.2071535927128,1775.5317735611352,1788.1142578125,1668918,0.0010622107802604752,0.0010616470335661845,2984216070.919922
2025-10-01,1780.5248818149119,1803.9922596739418,1766.6441530840802,1798.5997314453125,704858,0.005863984131327271,0.005846857895748307,1267757409.50708
2025-10-03,1798.5997374763804,1800.6967979331966,1763.7481603291255,1782.6219482421875,715403,-0.00888345690471426,-0.008923150057798876,1275293089.6383057
2025-10-06,1773.5345461599,1781.7231141104317,1756.957614759522,1768.441650390625,1560572,-0.007954742095229728,-0.007986549850083296,2759780523.2333984
2025-10-07,1774.5331716037942,1791.2099399316817,1768.841133094501,1781.623291015625,859968,0.007453817106201077,0.007426174687512482,1532139018.328125
2025-10-08,1781.523409111393,1793.4069136308153,1755.2598706315289,1770.4388427734375,1323877,-0.0062776728944825555,-0.006297460339172649,2343843263.85437
2025-10-09,1770.438919206125,1810.882697896661,1768.1420632608877,1807.2877197265625,848466,0.020813414201532154,0.02059977439345478,1533422182.4055176
2025-10-10,1822.4665488307878,1841.140540872164,1803.8923935899986,1807.8868408203125,1097936,0.0003315028853516644,0.0003314479504105585,1984944046.4628906
2025-10-13,1807.4873380549363,1825.3625134578604,1795.6038333858962,1812.780029296875,409793,0.002706578955097738,0.002702922765968181,742864566.5456543
2025-10-14,1814.8771182436542,1823.2654817833131,1805.090673797243,1813.6787109375,655909,0.0004957477609535133,0.0004956249186297959,1189608189.6123047
2025-10-15,1813.5789318808395,1855.8202613249784,1810.882728682643,1838.044921875,891713,0.013434689832635849,0.013345244609221596,1639008551.4199219
2025-10-16,1840.0420570487163,1842.338912922531,1806.9880312306366,1833.151611328125,969316,-0.002662236645382565,-0.002665786699483143,1776903187.2861328
2025-10-17,1841.4402022603363,1849.8285659566611,1817.5733553020618,1841.5400390625,1183570,0.004575959611053504,0.00456552173795017,2179591544.033203
2025-10-20,1847.4318686797576,1854.621825029952,1825.462408619782,1837.1461181640625,590467,-0.002386003456473551,-0.002388854498687961,1084774156.9539795
2025-10-21,1849.4290658100217,1849.4290658100217,1829.9561355814606,1838.4443359375,41649,0.0007066491666622987,0.0007063996077000943,76569368.14746094
2025-10-23,1847.4318486309637,1861.6120875736265,1838.4443423403266,1850.1280517578125,543795,0.006355218698723686,0.006335109450513606,1006090383.9056396
2025-10-24,1857.418003957366,1861.4124512777043,1829.2571991093232,1837.24609375,517403,-0.006962738603727092,-0.006987091576248576,950596640.6445312
2025-10-27,1877.589894829202,1921.229304495013,1877.589894829202,1900.4581298828125,2866910,0.03440586231090603,0.03382721581338209,5448442417.142334
2025-10-28,1900.458158225616,1942.8991612001028,1892.1697531381726,1934.1114501953125,2166517,0.017708004077193307,0.017553044053832696,4190285336.742798
2025-10-29,1931.3151797318678,1972.2582626527605,1931.3151797318678,1967.6646728515625,2398496,0.017348132990403275,0.017199372148683428,4719435847.175781
2025-10-30,1967.6647040575415,1969.162621749135,1951.3872830485493,1965.66748046875,842738,-0.0010150064746135001,-0.0010155219425169457,1656542681.1552734
2025-10-31,1962.272246202413,1975.9531795148296,1949.0906188050606,1952.985107421875,1167506,-0.006451942239920738,-0.006472845980917298,2280121830.8256836
2025-11-03,1947.2930771517729,1979.4483294602944,1942.3000179795888,1966.8658447265625,687299,0.007107446570860709,0.007082307717568672,1351824928.2147217
2025-11-04,1956.3803727684547,1994.5274170544315,1954.1834755465975,1968.76318359375,664256,0.0009646508796086195,0.0009641859029515898,1307762757.28125
2025-11-06,1974.1557166609152,1988.0364452358874,1961.2735998985183,1968.064208984375,1094086,-0.0003550323447735204,-0.0003550953836774462,2153231498.150879
2025-11-07,1959.3761596099378,2001.2180177953096,1954.9822433743284,1996.1251220703125,1241016,0.014258128854656826,0.01415743771825447,2477223214.491211
2025-11-10,1997.323508907597,2015.0988483496676,1982.4441681702492,1986.53857421875,1087154,-0.004802578628748333,-0.004814148066443354,2159673357.116211
2025-11-11,1992.130773037325,1999.4205662887077,1979.5482883027141,1994.5274658203125,901898,0.00402151345322066,0.004013448782218316,1798860332.3684082
2025-11-12,1994.5273651770897,2006.2110742909167,1981.046106091511,1993.9281005859375,1006737,-0.000300504878797736,-0.0003005500394363814,2007361194.199585
2025-11-13,1977.850466108643,2002.2166179087505,1972.7575704133349,1985.140380859375,671028,-0.004407240022335834,-0.004416980534361777,1332084779.4873047
2025-11-14,1979.8477912604096,2001.118272015681,1975.0545276133353,1998.1224365234375,678599,0.006539615933077059,0.006518325415596973,1355923887.3023682
2025-11-17,1998.1223481108839,2010.1056895496208,1990.5329229131878,1993.2291259765625,726715,-0.002448954307018858,-0.0024519579003951506,1448509504.2840576
2025-11-18,1988.3359398736152,2010.704868678117,1985.2402676593476,1990.532958984375,855558,-0.001352662850973796,-0.0013535785251934773,1703016397.322754
2025-11-19,1988.1362394954806,2005.5121090426644,1982.2444055471847,2002.0169677734375,894171,0.005769313558576794,0.005752734803901413,1790145514.0909424
2025-11-20,2011.1043833821543,2029.1792330761352,1997.2236546024953,2024.2860107421875,805778,0.01112330381171378,0.011061894828761017,1631125133.1638184
2025-11-21,2024.086299150335,2027.6812772809797,2013.8005487618252,2019.6923828125,506477,-0.0022692583485292017,-0.0022718370171041272,1022927738.9697266
2025-11-24,2024.186189454235,2083.7035523382533,2002.2167290852203,2012.003173828125,2592739,-0.0038071188710765425,-0.003814384394462254,5216599096.907959
2025-11-25,1969.6619155792798,2041.1624952397988,1969.6619155792798,2028.1805419921875,748087,0.008040428750061501,0.008008276731842855,1517255497.1173096
2025-11-26,2028.1805899477615,2042.1611553142156,2021.1903072645343,2026.283203125,826123,-0.0009354881520181602,-0.0009359259941448226,1673959158.6152344
2025-11-27,2027.182008815127,2033.173679777142,1998.0225922269963,2001.7174072265625,652128,-0.012123574760206979,-0.0121976647251086,1305375969.3398438
2025-11-28,2008.2084067452354,2008.3082435488898,1958.2778148321265,1963.2708740234375,1011160,-0.019206773675607747,-0.019393620100147575,1985180976.977539
2025-12-01,1964.2694471241314,1974.255565309816,1948.4913316304073,1968.863037109375,483716,0.0028483909988830103,0.0028443420201358914,952370552.8583984
2025-12-02,1949.2902196883674,1987.13763101843,1949.2902196883674,1978.749267578125,942591,0.005021289080252567,0.005008724451109429,1865151250.8757324
2025-12-03,1979.2485811368454,1988.236087307497,1957.1792848090824,1970.0614013671875,515105,-0.004390584675526332,-0.004400251598429028,1014788478.1512451
2025-12-04,1967.4649494109494,2006.2111365983785,1956.2805458418236,2000.11962890625,660360,0.015257507973204687,0.01514228275338448,1320798998.1445312
2025-12-05,2000.2194097652632,2043.4593489114436,1997.9225538943579,2020.890625,749526,0.010384876881143645,0.010331324484830364,1514710066.59375
2025-12-08,2002.2166192025963,2033.173584387275,2002.2166192025963,2017.894775390625,1050200,-0.0014824402529824976,-0.0014835401546944376,2119193093.1152344
2025-12-09,2016.197196617663,2025.384376291637,1987.636923908549,2003.4149169921875,887191,-0.007175725203825145,-0.007201594548417594,1777411683.6212158
2025-12-10,1993.2291727262502,2027.980912474004,1991.8310918121028,2011.7034912109375,598172,0.004137222972859789,0.004128688197975967,1203344700.744629
2025-12-11,2003.315075484341,2014.7991110002386,1992.7298149542062,2004.114013671875,635250,-0.0037726621106045632,-0.00377979654984342,1273113427.1850586
2025-12-12,2009.2069182455498,2027.581399532141,1999.6202694571532,2023.087646484375,557472,0.009467342018998792,0.009422807597633732,1127814716.4609375
2025-12-15,2027.2818098670748,2037.1680911602296,2005.2125132596768,2032.0751953125,565860,0.00444249108225403,0.004432652346979896,1149870070.0195312
2025-12-16,2032.0751354065972,2049.3510460592734,2018.1944072850797,2033.173583984375,815797,0.0005405256037811501,0.0005403795724370626,1658656910.2937012
2025-12-17,2036.5689619967868,2045.855978745375,1992.7298788927903,2007.409423828125,896027,-0.01267189400806612,-0.012752867240366254,1798693043.8044434
2025-12-18,2015.1986158012091,2017.595308505425,1998.821357873397,2011.6036376953125,301399,0.002089366432876938,0.002087186742418199,606295324.7977295
2025-12-19,2011.7034999166199,2032.6743480170164,2009.6064394867515,2025.584228515625,751874,0.0069499729262421095,0.006925933183838833,1522984116.230957
2025-12-22,2024.8850819375255,2028.2803864105958,2010.305374154068,2019.49267578125,526892,-0.0030073065580881186,-0.003011837590871906,1064054534.9277344
2025-12-23,2029.3788877448897,2029.3788877448897,2015.49828099561,2021.9892578125,290105,0.001236242181608338,0.0012354786634400042,586589193.6376953
2025-12-24,2026.3830306335155,2030.7769469658515,2017.3955243677237,2022.58837890625,353971,0.0002963028074629559,0.00029625891845551074,715937631.0698242
2025-12-26,2022.5884224223792,2032.0752347959356,2001.317941708694,2016.297119140625,180039,-0.0031104993142634374,-0.0031153469722901023,363012117.032959
2025-12-29,2023.8864513737067,2023.8864513737067,2003.8143789202588,2007.010009765625,407998,-0.004606022240887908,-0.004616662647200499,818856069.9643555
2025-12-30,2007.0100559811788,2016.9961740388007,1965.467707340788,1992.7298583984375,3166927,-0.007115137093339663,-0.007140570394019659,6310829992.268188
2025-12-31,2007.4094104799976,2040.6632324931024,1989.7340302140967,2032.0751953125,751134,0.019744440897615956,0.019552047764158732,1526360769.7558594
2026-01-01,2032.0751400804381,2043.0598696851869,2024.3857562166027,2037.5675048828125,235630,0.0027028082341549187,0.0026991622161603346,480112031.1755371
2026-01-02,2037.5676314027876,2074.4164328360544,2037.1681622849126,2064.530029296875,472182,0.013232702401000163,0.013145914977651557,974833918.293457
2026-01-05,2064.5299381970553,2091.991762702346,2060.335817396589,2072.71875,788144,0.003966384885142116,0.003958539518932403,1633600846.5
2026-01-06,2061.134721518588,2103.07641643321,2061.134721518588,2092.890625,618958,0.009732084972937205,0.009685033261841489,1295411395.46875
2026-01-07,2087.098590107966,2106.671478234444,2062.133295967919,2067.92529296875,1065734,-0.011928636753891553,-0.01200035383654789,2203858294.176758
2026-01-08,2078.0113212025967,2092.591151874019,2064.8296934157033,2080.008544921875,956736,0.005843176247328552,0.005826171103545863,1990019055.234375
2026-01-09,2090.8934748907022,2090.9931897915503,2062.1334057499243,2067.12646484375,455165,-0.0061932822870248705,-0.006212540214127526,940883617.3706055
2026-01-12,2082.1056925261782,2102.7769089146555,2077.112633311487,2095.087646484375,1051481,0.013526594582464746,0.013435926903549085,2202944853.613037
2026-01-13,2087.0985801060083,2099.181879932565,2068.8239361227306,2079.509033203125,425540,-0.007435781174783496,-0.007463564408000357,884914273.9892578
2026-01-14,2067.3261817110915,2079.109850179465,2060.4358575381007,2065.92822265625,942775,-0.006530777375828967,-0.006552196207740035,1947705480.114746
2026-01-15,2065.92822265625,2065.92822265625,2065.92822265625,2065.92822265625,0,0.0,0.0,0.0
2026-01-16,2059.137460440068,2094.2885458249702,2059.0375017428387,2078.111083984375,753887,0.005897039981602514,0.005879720497103052,1566660930.7717285
2026-01-19,2063.3317003883085,2092.6910342721685,2063.3317003883085,2070.8212890625,552463,-0.0035078947309680197,-0.003514061820247029,1144052141.819336
2026-01-20,2077.1124996038416,2077.1124996038416,2041.1624755722369,2046.2554931640625,576100,-0.011862827578694057,-0.011933752388336254,1178847789.6118164
2026-01-21,2035.3705563696751,2073.9170700212694,2035.3705563696751,2052.546630859375,1014083,0.003074463436423036,0.0030697469383732354,2081452645.0617676
2026-01-22,2053.2458760733066,2064.2306061759664,2006.5107937852836,2019.193115234375,1829617,-0.01624982113611484,-0.016383297432105873,3694350049.9157715
2026-01-23,2019.1930393953808,2019.1930393953808,1983.5426472524505,1999.8199462890625,1128576,-0.009594510202687423,-0.009640834056957221,2256948795.703125
2026-01-27,2002.4162946234205,2044.957254017306,2002.4162946234205,2035.3704833984375,1396624,0.017776868950299285,0.017620708396658122,2842647266.0058594
2026-01-28,2044.058428450512,2076.5131886309987,2034.7712903561287,2050.349609375,1391036,0.007359410042908854,0.007332461719889278,2852110119.2265625
2026-01-29,2054.543844011777,2062.1333913019016,1960.1751497005116,1993.52880859375,3546891,-0.02771273763334947,-0.028103980770027667,7070829389.441895
2026-01-30,1983.5426926512196,2015.5981074639685,1948.7909528032255,1995.7257080078125,2050622,0.0011020153832701496,0.0011014086100590286,4092479042.8063965
2026-02-02,1969.7617322930332,2017.1957917525613,1952.7853320654126,1998.22216796875,1337964,0.0012509033435408323,0.0012501216157960468,2673549324.7441406
2026-02-03,2053.5452268070494,2062.0334271847896,1994.8269255697808,1999.3206787109375,1915073,0.0005497440473820614,0.0005495929934813651,3828845050.140991
2026-02-04,1999.3207186051648,2044.6577200252116,1993.029537222525,2038.86572265625,1109824,0.01977924020213173,0.019586172697192497,2262782111.78125
2026-02-05,2028.1805281219672,2042.460725357022,2002.516254099081,2014.9989013671875,925742,-0.011705930912394136,-0.011774984743568896,1865369112.949463
2026-02-06,2023.1874746209046,2027.0820849591312,1971.5592941424002,1993.9281005859375,884292,-0.010456978793861094,-0.010512037162423165,1763214667.9233398
2026-02-09,1993.9281563875024,2033.3733229640236,1993.9281563875024,2021.1903076171875,1266623,0.013672612880694546,0.013579986054662364,2560086131.005005
2026-02-10,2021.1903296460837,2024.7853078285239,1996.225034072392,2015.498291015625,570843,-0.002816170540750784,-0.002820143409611997,1150533090.9382324
2026-02-11,2020.1917148459738,2036.2693407915663,2014.4996762239034,2023.4871826171875,662626,0.003963730278102595,0.0039558953959925895,1340815217.8688965
2026-02-12,2019.193131946594,2023.1875792897129,1995.2264478878806,2019.29296875,426707,-0.0020727652259020513,-0.002074916376810791,861646444.8164062
2026-02-13,2036.1694840893929,2041.0627063469735,2002.416356093042,2031.3760986328125,1240712,0.00598384190397705,0.00596600982288763,2520352702.086914
2026-02-16,2031.076618808556,2047.4538771474402,2020.990663738545,2039.5648193359375,580680,0.004031119943094907,0.00402301674843051,1184334499.2919922
2026-02-17,2039.5648219236105,2042.161188296285,2023.786706280587,2036.6688232421875,377148,-0.0014199088287337736,-0.001420917854537601,768125573.3481445
2026-02-18,2031.5758762229964,2059.5368848036587,2031.5758762229964,2056.740966796875,353144,0.009855379198437708,0.009807131688219138,726325731.9785156
2026-02-19,2062.133400385367,2065.1292358338687,2034.771412242213,2040.1639404296875,420142,-0.008059851305925125,-0.00809250749517901,857158558.2600098
2026-02-20,2040.064075342179,2080.408016536127,2033.1736295259916,2077.112548828125,922200,0.018110607518460276,0.01794856401245994,1915513192.5292969
2026-02-23,2086.799109003145,2129.040438508761,2069.3234018390253,2106.671630859375,998892,0.014230852366631241,0.01413054431308467,2104337438.6923828
2026-02-24,2106.6716766156214,2116.0585305755408,2073.717485247527,2080.008544921875,841918,-0.012656498310856024,-0.012737274068164332,1751196634.1235352
2026-02-25,2086.7989385435476,2103.076358932855,2066.6270298250442,2070.721435546875,355352,-0.004464938087717751,-0.004474935694009238,735835003.5644531
2026-02-26,2077.112529625259,2100.4799480628603,2060.4357614410133,2079.90869140625,567098,0.004436741563429436,0.0044269282409896745,1179512059.0791016
2026-02-27,2073.2180942696314,2090.8934746998175,2028.0807669250557,2034.3719482421875,1374835,-0.021893626077053696,-0.02213684806961977,2796925757.461548
2026-03-02,2025.1847853365691,2050.5494282239447,1993.7285127832645,2029.37890625,1009225,-0.0024543407593197175,-0.002457357590833767,2048099926.6601562
2026-03-04,1961.273580464703,1994.427443553357,1920.9296392562358,1927.919921875,966848,-0.0499950916324845,-0.05128812769825,1864005520.625
2026-03-05,1944.896293025236,1948.3914342816124,1895.3651727436136,1942.2999267578125,1955176,0.007458818553432112,0.007431139118369214,3797538201.598633
2026-03-06,1930.0,1962.9000244140625,1924.800048828125,1941.5999755859375,858666,-0.0003603723411776949,-0.00036043729089436086,1667185884.6364746
2026-03-09,1900.0,1926.0999755859375,1890.0,1912.5,1617012,-0.014987626674828114,-0.015101076137502771,3092535450.0
2026-03-10,1933.300048828125,1974.800048828125,1926.5,1963.699951171875,587710,0.026771216299019684,0.026419137190124467,1154086098.3032227
2026-03-11,1985.0,1985.0,1927.300048828125,1938.5999755859375,829640,-0.012781981061291248,-0.012864373425964283,1608340083.7451172
2026-03-12,1925.0,1948.0999755859375,1907.0,1939.4000244140625,868643,0.00041269412885625023,0.00041260899405653665,1684646255.4071045
2026-03-13,1932.5,1938.9000244140625,1900.4000244140625,1904.4000244140625,989732,-0.018046818376510232,-0.018211648318725283,1884845644.963379
2026-03-16,1901.0,1918.0,1881.0,1909.199951171875,902404,0.002520440399222057,0.0025172694163835972,1722869672.7373047
2026-03-17,1903.0,1938.699951171875,1901.5,1932.0999755859375,1255806,0.011994565786577871,0.01192320107474768,2426342741.940674
2026-03-18,1932.0,1974.699951171875,1932.0,1962.5,705652,0.015734188084570055,0.015611689025249946,1384842050.0
2026-03-19,1950.0,1956.199951171875,1897.5,1903.0999755859375,741211,-0.03026752836385349,-0.030735047962157626,1410598636.0040283
2026-03-20,1906.9000244140625,1919.9000244140625,1890.0,1896.9000244140625,1782505,-0.003257816852194617,-0.0032631350912229215,3381233778.0181885
2026-03-23,1875.0,1889.800048828125,1811.5,1832.300048828125,1338816,-0.03405555103300284,-0.03464895266851113,2453112622.171875
2026-03-24,1842.0,1866.5,1812.199951171875,1836.0,1403010,0.002019293277998546,0.0020172572457640044,2575926360.0
2026-03-25,1845.300048828125,1867.4000244140625,1839.199951171875,1851.800048828125,1167758,0.008605691082856692,0.00856887320143634,2162454321.4194336
2026-03-27,1835.199951171875,1851.0999755859375,1828.9000244140625,1837.5999755859375,1156884,-0.007668254059704616,-0.00769780629282534,2125890010.1557617
2026-03-30,1820.800048828125,1828.4000244140625,1766.0,1777.300048828125,2274502,-0.03281450128371122,-0.033364972849897374,4042472515.659668
2026-04-01,1828.4000244140625,1845.5999755859375,1762.5,1790.5,1132054,0.007426968327929995,0.007399524199337931,2026942687.0
2026-04-02,1760.0,1778.9000244140625,1728.0999755859375,1774.0,1494738,-0.009215302987992224,-0.009258026568962635,2651665212.0
2026-04-06,1757.5,1844.5,1757.5,1836.800048828125,1721071,0.03540025300345273,0.03478806983897841,3161263296.83667
2026-04-07,1814.5,1845.9000244140625,1805.5,1841.4000244140625,974742,0.002504342042495278,0.0025012114036666467,1794889942.597412
2026-04-08,1880.0,1923.0,1870.0,1907.5999755859375,1104494,0.03595087992514823,0.03531972951358616,2106932727.4348145
2026-04-09,1907.0,1930.0,1881.0999755859375,1904.0,1330082,-0.0018871753155855764,-0.0018889582744452133,2532476128.0
2026-04-10,1914.9000244140625,1950.5999755859375,1914.300048828125,1923.199951171875,763543,0.010084007968421682,0.010033503600577332,1468445860.317627
2026-04-13,1909.0,1931.800048828125,1889.0,1914.4000244140625,638729,-0.004575669187413589,-0.004586169604871139,1222782813.1939697
2026-04-15,1929.800048828125,1974.199951171875,1928.0999755859375,1971.0,1341053,0.02956538595075542,0.029136757805703267,2643215463.0
2026-04-16,1971.0999755859375,1990.9000244140625,1962.0999755859375,1974.699951171875,642257,0.001877194912163871,0.0018754351836861498,1268264866.539795
2026-04-17,1967.0,1975.800048828125,1954.9000244140625,1970.9000244140625,533713,-0.0019243058954639958,-0.0019261597506917837,1051894964.7301025
2026-04-20,1976.300048828125,1989.5999755859375,1956.5999755859375,1982.5,1033871,0.0058856235436832716,0.005868370923288393,2049649257.5
2026-04-21,1974.4000244140625,1975.800048828125,1891.699951171875,1911.5999755859375,5153618,-0.03576293791377683,-0.03641809957653302,9851656042.979248
2026-04-22,1910.0,1930.5999755859375,1880.0,1884.800048828125,4044590,-0.014019631251354192,-0.014118834568939573,7623243429.489746
2026-04-23,1865.0,1886.699951171875,1807.699951171875,1828.0999755859375,4199895,-0.03008280548243869,-0.03054457760537452,7677827946.963501
2026-04-24,1817.0,1836.300048828125,1762.0999755859375,1768.9000244140625,5283235,-0.03238332255482934,-0.03291926450686116,9345514520.48523
2026-04-27,1768.9000244140625,1818.5,1759.0,1815.4000244140625,1918952,0.026287522956761178,0.0259479442895423,3483665507.649414
2026-04-28,1814.5999755859375,1824.0,1798.800048828125,1808.300048828125,1487099,-0.003910970304315753,-0.00391863814767762,2689121194.312256
2026-04-29,1808.5999755859375,1829.5,1792.9000244140625,1816.199951171875,1431080,0.0043686900018995445,0.004359174977794944,2599127426.123047
2026-04-30,1814.9000244140625,1826.0,1785.199951171875,1819.0,1082053,0.0015417073578920526,0.0015405201471677295,1968254407.0
2026-05-01,1819.0,1819.0,1819.0,1819.0,0,0.0,0.0,0.0
2026-05-04,1810.0999755859375,1845.0,1810.0999755859375,1820.0999755859375,1929706,0.0006047144507628222,0.0006045316846565001,3512257843.488037
2026-05-05,1820.0,1835.0,1802.5999755859375,1821.199951171875,1003169,0.0006043489921938594,0.0006041664468853558,1826971333.8171387
2026-05-06,1839.0,1868.9000244140625,1825.9000244140625,1859.0,1236623,0.020755573161421514,0.020543111071779984,2298882157.0
2026-05-07,1868.0,1879.199951171875,1860.0,1872.199951171875,1232684,0.0071005654501747895,0.007075475135586196,2307830924.6103516
2026-05-08,1874.9000244140625,1885.0,1865.199951171875,1872.0999755859375,673259,-5.3400057977159854e-05,-5.34014838110158e-05,1260408157.4630127
2026-05-11,1865.5999755859375,1895.0,1863.9000244140625,1884.4000244140625,672604,0.00657018801801712,0.006548698408547888,1267454994.020996
2026-05-12,1866.0,1875.5999755859375,1825.0,1833.9000244140625,1291216,-0.02679898076084064,-0.02716462076633133,2367961053.923828
2026-05-13,1820.0,1851.4000244140625,1818.199951171875,1837.5,853301,0.0019630162702504173,0.0019610920715558452,1567940587.5
2026-05-14,1831.0,1870.0,1825.0,1866.699951171875,765124,0.015891129889455735,0.015766187794102035,1428256933.4404297
2026-05-15,1866.699951171875,1883.9000244140625,1850.0,1864.5,851184,-0.0011785242563990828,-0.0011792192622183495,1587032568.0
2026-05-18,1846.0,1867.5,1825.300048828125,1860.4000244140625,746942,-0.002198967865882251,-0.0022013891459157094,1389610915.0358887
2026-05-19,1846.0,1892.0,1845.4000244140625,1881.4000244140625,1351813,0.011287894928196485,0.011224662041431351,2543301011.203247
2026-05-20,1860.0,1882.4000244140625,1856.0999755859375,1864.199951171875,563774,-0.009142167013388991,-0.009184213079870341,1050987463.2719727
2026-05-21,1869.9000244140625,1876.4000244140625,1854.9000244140625,1859.9000244140625,383464,-0.0023065802330428653,-0.0023092444868938944,713204702.9619141
2026-05-22,1872.0,1893.0,1860.9000244140625,1870.699951171875,934443,0.005806724348645931,0.005789930305705432,1748062474.4729004
2026-05-25,1881.5,1905.0,1879.800048828125,1901.9000244140625,445135,0.016678288371495764,0.016540733070952867,846602267.3675537
2026-05-26,1904.800048828125,1906.9000244140625,1876.0999755859375,1883.199951171875,812898,-0.009832311373963343,-0.00988096774654696,1530849473.9077148
2026-05-27,1883.0,1888.5,1860.0,1864.5,372683,-0.009929880871247021,-0.009979510958862717,694867453.5
2026-05-28,1864.5,1864.5,1864.5,1864.5,0,0.0,0.0,0.0
2026-05-29,1862.4000244140625,1864.0,1820.5,1830.0999755859375,2094924,-0.018449999685740126,-0.018622323807927724,3833920361.2543945
2026-06-01,1839.0,1846.4000244140625,1801.800048828125,1812.5,1991126,-0.009616947609817128,-0.009663489082117945,3608915875.0
2026-06-02,1786.0,1819.0,1781.699951171875,1801.699951171875,1196704,-0.00595864762931031,-0.005976471208316293,2156101538.3671875
2026-06-03,1801.699951171875,1809.9000244140625,1759.0,1784.199951171875,784328,-0.009713049050491196,-0.009760528407787985,1399397979.3027344
2026-06-04,1781.5999755859375,1784.0999755859375,1760.5,1764.9000244140625,727483,-0.01081713220826852,-0.01087606274109183,1283934764.4608154
2026-06-05,1774.0,1797.800048828125,1766.0999755859375,1782.800048828125,715458,0.010142231382202604,0.010091144089214642,1275518557.3344727
2026-06-08,1772.5999755859375,1786.4000244140625,1755.300048828125,1764.4000244140625,438892,-0.010320857028334296,-0.010374486393029911,774381055.5151367
2026-06-09,1755.0,1782.0999755859375,1754.699951171875,1769.0999755859375,857754,0.002663767346883672,0.002660225806476866,1517452580.4587402
2026-06-10,1756.9000244140625,1774.0,1722.199951171875,1728.699951171875,1149490,-0.022836484637156707,-0.023101276191129384,1987123306.8725586
2026-06-11,1727.0,1740.0,1704.199951171875,1719.0999755859375,965035,-0.005553291986518438,-0.005568768837371757,1658991644.9395752
2026-06-12,1742.0,1744.9000244140625,1700.4000244140625,1706.0,1438254,-0.007620252325041488,-0.007649434794169835,2453661324.0
2026-06-15,1723.0,1766.300048828125,1710.0,1759.5,1258362,0.031359906213364486,0.03087822871001531,2214087939.0
2026-06-16,1771.699951171875,1793.0,1764.0,1767.5999755859375,1423732,0.004603566687091609,0.004593002682961298,2516588648.440918
2026-06-17,1756.0,1803.0999755859375,1756.0,1793.5999755859375,730989,0.014709210431721909,0.014602079261528926,1311101852.5535889
2026-06-18,1801.0,1816.4000244140625,1792.9000244140625,1807.5999755859375,784096,0.007805530882339928,0.0077752253246534155,1417331910.4570312
2026-06-19,1800.0,1814.199951171875,1786.9000244140625,1800.199951171875,352560,-0.004093839629348173,-0.004102242331521104,634678494.7851562
2026-06-22,1800.0,1820.0,1795.0999755859375,1805.5,549653,0.0029441445238762576,0.0029398190182502865,992398491.5
2026-06-23,1805.5,1816.699951171875,1775.199951171875,1786.199951171875,961453,-0.010689586722860689,-0.010747130804041619,1717347301.6540527
2026-06-24,1786.199951171875,1794.0,1748.199951171875,1767.699951171875,1280774,-0.010357183129393044,-0.010411191994038572,2264024137.262207
2026-06-25,1767.699951171875,1779.0,1740.0,1744.9000244140625,933399,-0.012898075118855767,-0.012981977523579496,1628687937.8880615
2026-06-26,1744.9000244140625,1744.9000244140625,1744.9000244140625,1744.9000244140625,0,0.0,0.0,0.0
2026-06-29,1759.5999755859375,1772.699951171875,1736.9000244140625,1755.4000244140625,3910884,0.00601753673739891,0.005999503670141118,6865165869.080566
2026-06-30,1747.5,1777.0,1738.0,1765.699951171875,1456822,0.0058675667167376044,0.005850419589065516,2572310534.2661133
2026-07-01,1777.0,1794.199951171875,1758.5999755859375,1790.9000244140625,624234,0.014272002004339646,0.014171115749920837,1117940685.840088
2026-07-02,1798.0,1799.9000244140625,1771.4000244140625,1784.4000244140625,646630,-0.0036294599985426945,-0.0036360624689259127,1153846587.7868652
2026-07-03,1784.0,1800.0,1777.5,1788.699951171875,631175,0.0024097325145602255,0.00240683376503774,1128982691.6809082
2026-07-06,1779.4000244140625,1797.0,1779.4000244140625,1787.699951171875,647063,-0.0005590652581752842,-0.0005592215934271875,1156754493.505127
2026-07-07,1773.0,1848.0,1773.0,1832.300048828125,1702487,0.024948312845795906,0.02464218482700678,3119467013.229248
2026-07-08,1831.9000244140625,1848.5,1784.199951171875,1789.0,1365022,-0.02363152741049057,-0.023915230425952658,2442024358.0
2026-07-09,1789.0,1839.0,1784.9000244140625,1821.699951171875,868224,0.01827834050971222,0.018113299724460033,1581643618.40625
2026-07-10,1830.699951171875,1866.0,1830.699951171875,1862.9000244140625,828830,0.022616278391885514,0.022364322167890537,1544027427.2351074
2026-07-13,1850.0,1861.0,1832.0999755859375,1855.9000244140625,455392,-0.0037575822149670257,-0.0037646596619736006,845162023.9179688
2026-07-14,1842.0,1852.5999755859375,1829.5999755859375,1840.300048828125,1035413,-0.008405612037675758,-0.008441138415249154,1905470594.4572754
2026-07-15,1842.5,1880.5999755859375,1838.0,1866.4000244140625,895874,0.014182456606767868,0.01408282646420401,1672059255.4719238
2026-07-16,1871.0,1872.0999755859375,1810.0,1822.0999755859375,898103,-0.02373555949884465,-0.024021786131077843,1636433454.3736572
2026-07-17,1824.0999755859375,1839.800048828125,1811.300048828125,1829.4000244140625,1025533,0.004006393132065966,0.003998388910684268,1876110095.2374268
2026-07-20,1831.0,1835.0,1803.4000244140625,1824.5,597865,-0.002678487126199669,-0.0026820806911549344,1090804692.5
2026-07-21,1834.5,1835.0,1816.199951171875,1827.9000244140625,583351,0.0018635376344546817,0.0018618034024007104,1066307307.1419678
2026-07-22,1813.0,1833.0,1797.0,1806.699951171875,484506,-0.011598048557925456,-0.011665830525160658,875356966.5424805
2026-07-23,1800.0,1864.300048828125,1800.0,1853.5,912075,0.025903608840952996,0.025573793837044723,1690531012.5
2026-07-24,1844.0999755859375,1889.5,1830.0999755859375,1858.5999755859375,1034104,0.0027515379476328317,0.0027477593967247097,1921985669.1533203
2026-07-27,1860.0,1870.699951171875,1836.199951171875,1866.800048828125,1098594,0.004411962417895987,0.0044022582442043556,2050855332.8422852
2026-07-28,1865.0,1893.5,1860.5,1889.0999755859375,850030,0.011945535769517068,0.01187475100744312,1605791652.2473145
2026-07-29,1895.0,1902.800048828125,1880.4000244140625,1894.9000244140625,1365116,0.003070270977228784,0.0030655673204998683,2586758341.7280273
2026-07-30,1882.199951171875,1910.0,1862.5999755859375,1877.5,1513264,-0.009182555380167323,-0.009224974921369124,2841153160.0
2026-07-31,1885.0,1898.9000244140625,1870.5999755859375,1882.0,723852,0.00239680426098543,0.0023939365070352117,1362289464.0
2026-08-03,1899.0,1915.0,1882.800048828125,1915.0,885610,0.017534537725823585,0.017382581469421413,1695943150.0
2026-08-04,1901.0,1909.800048828125,1856.5999755859375,1899.0,1516326,-0.008355091383811963,-0.008390190802460439,2879503074.0
2026-08-05,1910.0,1910.0,1868.0999755859375,1879.9000244140625,625147,-0.010057912367528954,-0.010108834905475955,1175213860.562378
2026-08-06,1870.0,1886.0,1860.300048828125,1861.5,474116,-0.009787767527583036,-0.009835982594038332,882566934.0
2026-08-07,1861.5,1871.800048828125,1852.800048828125,1855.5,390231,-0.003223207091055613,-0.0032284128121193227,724073620.5
2026-08-10,1855.5,1865.0999755859375,1836.0,1855.0,834293,-0.0002694691457828524,-0.00026950545911681213,1547613515.0
2026-08-11,1866.0,1866.0,1815.5,1837.5999755859375,1089291,-0.009380067069575504,-0.009424336952488727,2001681115.0059814
2026-08-12,1840.800048828125,1840.800048828125,1816.5,1830.0,1053505,-0.004135816111726975,-0.00414439225358015,1927914150.0
2026-08-13,1828.5999755859375,1833.5999755859375,1805.5,1812.0,1421896,-0.00983606557377048,-0.009884759232541973,2576475552.0
2026-08-14,1812.800048828125,1820.9000244140625,1789.4000244140625,1795.0,564182,-0.00938189845474613,-0.009426185680545384,1012706690.0
2026-08-17,1785.4000244140625,1799.0,1781.0,1790.4000244140625,251360,-0.0025626604935584663,-0.002565949728624635,450034950.13671875
2026-08-18,1789.0,1796.5,1762.5,1778.0,584461,-0.006925840172572917,-0.006949935119904664,1039171658.0
2026-08-19,1779.5,1786.699951171875,1746.4000244140625,1780.4000244140625,1208471,0.0013498450022848552,0.0013489347805332075,2151561797.9036865
2026-08-20,1790.0,1792.5,1775.4000244140625,1782.0,687833,0.0008986607301715299,0.0008982571763714249,1225718406.0
2026-08-21,1780.0,1795.300048828125,1766.199951171875,1792.9000244140625,655563,0.00611673648376132,0.006098105187706817,1175358918.704956
2026-08-24,1801.699951171875,1801.699951171875,1759.0999755859375,1761.800048828125,542306,-0.01734618504235963,-0.017498392827858325,955434737.2797852
2026-08-25,1761.0,1774.4000244140625,1751.199951171875,1755.0,1641672,-0.0038597165624146834,-0.0038671844906367357,2881134360.0
2026-08-26,1760.5,1789.0,1760.5,1768.199951171875,1042686,0.007521339699074092,0.007493195457143554,1843677334.2875977
2026-08-27,1769.0,1798.9000244140625,1766.5,1773.199951171875,941103,0.002827734497270029,0.0028237439770609145,1668763793.647705
2026-08-28,1780.4000244140625,1782.0,1747.800048828125,1761.0999755859375,1039823,-0.006823807759491984,-0.006847196396093286,1831232259.9136963
2026-08-31,1760.0,1761.0999755859375,1739.0,1740.5,795728,-0.011697220982064715,-0.011766171686583782,1384964584.0
