Date,open,high,low,close,volume,returns,log_returns,dollar_vol
2018-01-02,255.38898124316952,255.8022810286387,250.06764874266202,252.00502014160156,1420686,-0.006854671157510928,-0.0068782723298671895,358020004.04489136
2018-01-03,250.72207535633575,252.89194663391996,248.84497947199344,250.0676727294922,2552621,-0.007687733407139241,-0.007717436359791745,638327992.8304291
2018-01-04,250.5670566954625,255.3889773490487,249.6285088576289,252.9521942138672,2673614,0.011534963527634057,0.011468943046694257,676296527.7809143
2018-01-05,253.15021251734305,256.9388430451314,251.3075563516613,254.88092041015625,3591100,0.007624864462169256,0.007595942109443483,915302873.2849121
2018-01-08,255.7162079513641,261.67471073742814,254.88097817624788,260.021484375,2865039,0.020168492630093793,0.019967802507036597,744971693.5722656
2018-01-09,261.7608180851116,262.1052391141199,258.9021046660469,261.03753662109375,1356269,0.003907570363025803,0.0038999556402188958,354037118.7555542
2018-01-10,262.2774136435192,266.221062404785,260.52947235168295,261.9502258300781,4224151,0.003496390675449712,0.003490292511813132,1106517308.3903503
2018-01-11,260.8997422062698,260.8997422062698,257.6019197425886,259.1604309082031,3373802,-0.010650095502054202,-0.010707213673792465,874355980.1189575
2018-01-12,259.16044527166986,264.2062093909908,255.90563817223645,260.021484375,5079960,0.0033224727392966447,0.003316965521760287,1320898739.765625
2018-01-15,260.6758085808212,262.39791323815996,257.7396140720365,258.2648620605469,1097143,-0.006755681434076233,-0.006778604348164014,283353485.5556946
2018-01-16,260.0386766099132,263.6551103937431,257.00776658429174,260.2022705078125,3112203,0.0075016339110483,0.007473636585324722,809802286.8812256
2018-01-17,261.24411676371614,261.24411676371614,256.59442038953284,259.19482421875,2041133,-0.0038717813149606872,-0.0038792960634827624,529051109.14208984
2018-01-18,259.2120452145591,260.97721956414017,248.93106159793084,250.79092407226562,4088661,-0.032423101702801826,-0.032960375792550324,1025399070.4082336
2018-01-19,253.49466255092736,253.49466255092736,242.51620620265004,245.91737365722656,2842840,-0.01943272242832339,-0.01962402012428015,699103746.52771
2018-01-22,247.28643987370634,256.4136092263691,243.05864609661026,254.22653198242188,2549347,0.03378841519663056,0.033230127677770734,648111646.6297913
2018-01-23,253.0123907503793,257.35213192795464,251.07501978059705,252.94351196289062,4602802,-0.005046758926090189,-0.005059536823360017,1164248902.749817
2018-01-24,253.15025332366818,253.64966514037377,245.28881876497582,247.62228393554688,2453361,-0.021037218887529407,-0.0212616544240753,607506854.1383972
2018-01-25,244.59132044118545,250.91144869316707,244.59132044118545,249.0515594482422,3041705,0.005771998747363671,0.005755404586292112,757541373.6315155
2018-01-29,254.02858135946477,261.0720209316029,244.93584844829562,246.51156616210938,4027800,-0.01019866445229256,-0.010251027154585346,992899286.1877441
2018-01-30,247.8116772860058,247.8116772860058,234.74086000033898,236.76434326171875,3896036,-0.039540631103616164,-0.04034359970223947,922442404.8640137
2018-01-31,233.02736697943243,241.9565029847262,232.66571282048727,237.60818481445312,3878060,0.003564056737215715,0.0035577205375897044,921458797.2015381
2018-02-01,236.4630093349161,244.88413174344566,234.76674050035527,237.6598663330078,3704257,0.00021750731606751117,0.00021748366478072952,880353223.4831085
2018-02-02,232.88100339523996,236.6868676898548,221.09316669075605,227.64578247070312,4947754,-0.04213620085215819,-0.04304968319818167,1126335330.8025513
2018-02-05,223.87435519131446,233.8626042215372,223.87435519131446,231.76161193847656,3432728,0.018079972416370715,0.017918473408570737,795574574.6263428
2018-02-06,220.43872255829805,237.86647361423772,219.6637686898961,234.6116943359375,6417617,0.012297474001939257,0.01222247431365628,1505647997.9691162
2018-02-07,237.99563693309307,239.52831154350523,226.11307343742675,228.2140655517578,5578095,-0.027269010618963474,-0.027647710478800006,1272999737.9839325
2018-02-08,228.26568285634667,233.60422052380096,228.26568285634667,230.3494415283203,1806177,0.009356899064918434,0.009313394453147971,416051863.251297
2018-02-09,229.21287627489554,234.55141430744334,223.0132724113937,225.8203125,4429421,-0.019661992658938088,-0.019857861333667928,1000253234.4140625
2018-02-12,225.94086767185428,231.0210836468091,223.14244396067988,228.3345947265625,3403232,0.01113399498356693,0.011072468331805975,777075599.4804688
2018-02-14,229.88447700469894,236.9795858503031,228.1795785848309,232.18350219726562,2747145,0.01685643594792241,0.016715942842147707,637841747.1437073
2018-02-15,233.32867980739988,239.37329252322112,231.91655674414645,234.2327880859375,2899436,0.008826147720568,0.008787424960507982,679142978.1567383
2018-02-16,233.88839400224302,236.79014932672817,225.97531510731682,227.05162048339844,2640490,-0.030658250969989642,-0.03113804709159783,599527533.3702087
2018-02-19,227.0516711352784,227.99884920403966,217.40785522940266,222.11782836914062,3849579,-0.021729825595402708,-0.02196939515042201,855060127.615448
2018-02-20,220.78314512746604,224.8989902829332,219.97375185551275,222.60858154296875,1846609,0.002209427210014603,0.0022069900149263373,411071010.15448
2018-02-21,224.0465475844519,224.4943002231046,216.12483859110688,217.3044891357422,3182881,-0.02382698982430176,-0.024115443754262902,691654329.6848602
2018-02-22,219.05244034170195,224.56318940224628,216.98590101618842,223.607421875,4378238,0.029005073776090295,0.028592387623128775,979006511.5351562
2018-02-23,223.27162668734516,230.04812553648517,223.01331767322864,227.8094024658203,2295230,0.018791776031339857,0.0186173918794928,522874974.82162476
2018-02-26,229.71231210647295,234.00035459058384,229.04067637276208,232.2954559326172,2170506,0.01969213482077392,0.01950075312967364,504198680.8744812
2018-02-27,232.0543779083387,233.6903707805099,230.24616106594416,232.2179718017578,2722072,-0.0003335585302273181,-0.0003336141732476752,632114038.9383545
2018-02-28,226.72443703019,233.77647715240371,226.72443703019,229.70367431640625,2520667,-0.0108273165330115,-0.010886358488725859,579006471.6281128
2018-03-01,230.7627521140444,232.13183273231698,228.3518055951492,230.51304626464844,2687957,0.0035235481132414037,0.0035173549612372663,619609156.2983856
2018-03-05,230.41831655045215,236.60931678235315,229.74670791316763,235.8257598876953,3061852,0.023047344647675327,0.02278576610160006,722063574.5636597
2018-03-06,237.90954939677198,241.77568920342082,226.03560127301583,233.5181884765625,4767060,-0.009785069333527074,-0.009833257733355564,1113195215.559082
2018-03-07,233.00153837016344,234.7408764832245,225.94088119744785,228.18824768066406,3559079,-0.022824520996287956,-0.02308903303279975,812140000.3670502
2018-03-08,228.6962301175347,231.02969477380412,224.83870753603335,228.3948516845703,2593325,0.0009054103618666431,0.0009050007251458628,592302078.7448883
2018-03-09,229.38509561008124,234.12950731162366,229.38509561008124,230.53890991210938,3048119,0.009387506818674618,0.009343718008392829,702710031.5423889
2018-03-12,231.70991437559957,235.9118440617467,229.96197354695207,231.39993286132812,6199010,0.0037348270170403097,0.0037278698677354945,1434450497.8067017
2018-03-13,233.69036002802451,235.74828265426132,231.93381585131652,233.604248046875,5220114,0.00952599751559946,0.009480911302553028,1219440805.6889648
2018-03-14,232.1577114766817,237.9956621622563,232.1577114766817,236.9882354736328,3842929,0.014485984116516581,0.014382064630402727,910728962.7604523
2018-03-15,235.94635497144927,252.69388401759286,235.94635497144927,251.54006958007812,7293100,0.06140319192369503,0.059591798684029446,1834506881.4544678
2018-03-16,251.41952576672386,253.83910300567516,247.32951600547014,248.9827423095703,6334331,-0.010166679506676712,-0.010218713166222871,1577139103.0765228
2018-03-19,251.3420514372433,251.3420514372433,240.7682906527591,241.7843475341797,3397141,-0.028911219744059857,-0.02933738309295507,821375520.1666107
2018-03-20,238.18509910723924,241.09545793958293,235.2403008713937,237.28099060058594,4886549,-0.018625510623499486,-0.01880114977820713,1159485187.3383026
2018-03-21,238.1678318669727,243.38581817994395,237.99560792459783,240.57017517089844,3219433,0.013861980944985142,0.013766782438228788,774499560.7609711
2018-03-22,239.77806180120712,242.76592966994022,238.1765080965549,241.28492736816406,2718095,0.00297107568200361,0.002966670759398356,655835354.6547699
2018-03-23,239.390549576582,243.01558615866924,234.2070021211381,240.0793914794922,2143596,-0.0049963166030359,-0.005008839923899738,514633223.25787354
2018-03-26,239.37329356831756,245.6417758622806,239.37329356831756,244.3846435546875,3634483,0.017932618242091358,0.017773725605720478,888211832.4605713
2018-03-27,246.2617643293068,258.11849141037874,245.8915070840054,250.34317016601562,6723183,0.024381755435442187,0.024089265184088656,1683102945.8262634
2018-03-28,249.9987368329131,252.80577690951804,246.92475771977772,247.91497802734375,3016155,-0.009699454301316135,-0.009746800411223045,747750000.552063
2018-04-02,248.15613724594775,255.99173557509337,240.68216615012037,252.848876953125,5422680,0.019901576601140558,0.019706129112086135,1371118548.0761719
2018-04-03,252.9090877333803,255.99166986368445,249.53375725420386,255.00144958496094,1854599,0.00851327740812935,0.008477243826832683,472925433.39881897
2018-04-04,255.2166937804151,257.0593496249574,247.98382797347048,250.59283447265625,4543132,-0.0172885884353996,-0.01743978122101878,1138476325.2634277
2018-04-05,251.2387304540989,266.41051591266427,251.04930023627307,264.8864440917969,7311810,0.05703917930941582,0.05547177271904995,1936799350.7748413
2018-04-06,263.8445641000202,273.88447299588256,259.3498577627806,273.0234069824219,11137441,0.03071868369302111,0.0302563100846536,3040782086.8857117
2018-04-09,271.70600587167485,277.2598116870194,267.59876294971525,268.511474609375,7944789,-0.016525807889201882,-0.016663882360769558,2133267009.8503418
2018-04-10,269.8547075159539,273.6089261443478,268.1326024872833,268.8300476074219,2221884,0.001186440909128006,0.0011857376443123824,597309181.498169
2018-04-11,269.1658305215489,272.0848190667399,266.06604187281505,269.8460693359375,3178745,0.0037794202603398386,0.0037722961958348753,857771843.6712646
2018-04-12,268.6492220031112,277.0445068195846,267.19402923316613,274.19439697265625,4046710,0.01611410404242508,0.015985649978687885,1109585208.1732178
2018-04-13,274.504411139066,278.96467810287817,272.6101090467471,276.73455810546875,4123135,0.009264088401725434,0.009221439931883556,1141013942.234192
2018-04-16,274.1943754137291,275.012398758321,268.1497891600458,268.9936218261719,4714728,-0.027972423582697803,-0.028371104124447884,1268231760.6452637
2018-04-17,271.232344661059,272.8941735385954,267.7709023598108,269.2777404785156,3149977,0.0010562282124568778,0.0010556707959100096,848218689.1192932
2018-04-18,269.47586642769323,272.9545431071189,267.8398732754053,270.31109619140625,3401200,0.0038375088525859358,0.003830164399096116,919382100.3662109
2018-04-19,270.41439276603165,274.2374901698877,269.68250824832313,271.9126281738281,2191607,0.005924773362939728,0.005907290912290931,595925619.2941589
2018-04-20,271.8953052094636,273.38493686903917,268.8299299343238,270.7586975097656,1139627,-0.004243755326158727,-0.004252785613067192,308563922.16696167
2018-04-23,270.887975877921,277.6042260757406,269.0195100890176,273.7122497558594,1939143,0.010908429805794873,0.01084936205476413,530767193.1283264
2018-04-24,277.4319842292918,285.3192545744858,277.29422662074336,279.98931884765625,6402273,0.02293309523923681,0.022674084282624723,1792568056.3467407
2018-04-25,280.5231724200143,283.9760124302833,274.88328202598564,277.7247619628906,3789801,-0.008088011693038077,-0.008120897098002346,1052521580.6117249
2018-04-26,280.6952434486823,285.7410311745705,278.120677025754,282.2537536621094,6552111,0.016307482513294724,0.016175943638952438,1849357924.160797
2018-04-27,286.6452474657193,287.3771318408178,264.34391771119436,280.2303771972656,12501612,-0.007168643245984874,-0.007194461430541789,3503331446.3338623
2018-04-30,280.1873846222606,285.4053721678486,273.66056492480794,277.320068359375,5017703,-0.010385415267959885,-0.010439720005146069,1391509738.967041
2018-05-02,278.3791538427949,279.4898986931793,262.38934714115976,267.4781799316406,4929429,-0.035489275932892195,-0.036134327914228916,1318514697.0222473
2018-05-03,267.44375873671055,273.2558732840517,266.5052108279633,271.0860290527344,3481617,0.01348838668640484,0.013398228222071642,943817727.2124939
2018-05-04,273.77246320005054,276.70005462531753,270.8879142781895,275.49456787109375,4245375,0.016262508377006046,0.01613169017019359,1169577751.0757446
2018-05-07,275.53762037000956,275.53762037000956,269.34662007352443,270.3798828125,4344646,-0.018565466092917537,-0.01873996753389461,1174704876.3417969
2018-05-08,269.6824525775631,270.724318479673,264.86053256390215,265.9540710449219,3004403,-0.016368864878335998,-0.01650431488969805,799033208.9095764
2018-05-09,266.40181339936277,267.16813709398957,260.73606125922623,264.2491760253906,3097870,-0.006410486640918034,-0.006431122046338003,818609594.9337769
2018-05-10,266.2210786364127,267.02186897080486,257.4555353482589,258.2821350097656,4231782,-0.022581114936198188,-0.022839972597731815,1092993689.855896
2018-05-11,256.9561582797824,259.2896238193305,253.73581725750083,256.1639709472656,8049048,-0.008200970084206172,-0.008234783032246321,2061876098.0251465
2018-05-14,254.87232405340166,256.17252601105486,247.68252627072647,248.78466796875,5931571,-0.028806951076015053,-0.029230015905991277,1475683921.7680664
2018-05-15,251.82421328990358,258.3165668656859,246.34791652773134,253.32244873046875,5304411,0.018239792663946375,0.01807544310522102,1343726383.5928345
2018-05-16,251.16975889834538,255.22532827001731,245.00462138623544,247.26918029785156,3548852,-0.02389550733838741,-0.024185636146496287,877521725.0383911
2018-05-17,249.35295842033923,252.8919101413689,247.6480598053988,249.5768280029297,4832965,0.009332532676730843,0.00928925365386935,1206196074.549179
2018-05-18,249.42180386444264,250.98894467098043,242.2406101525967,243.01556396484375,3312341,-0.026289556168287098,-0.02664130513144785,804950416.1588745
2018-05-21,242.98976187339514,247.12284046405216,238.4003410066815,242.54202270507812,1684025,-0.0019486046574125337,-0.0019505056574010285,408446829.7859192
2018-05-22,244.80665461909916,249.87828253148888,242.6454130733565,249.23248291015625,2264641,0.027584746471803978,0.027211142305160557,564422099.3301392
2018-05-23,248.55214778669114,252.46135644455387,248.23356313883988,249.90402221679688,2858435,0.002694429308729873,0.0026908058414050165,714334403.7452698
2018-05-24,250.27429305799362,255.73338274820765,250.05039651263442,254.5364990234375,2622555,0.018537023796367125,0.018367307321396915,667535968.1964111
2018-05-25,254.86368908558913,259.0053702388466,253.40849652661052,257.8429260253906,2817479,0.012989991669716039,0.012906345326047912,726467029.3750916
2018-05-28,259.17762904883756,267.7881811505399,257.76550562397244,265.3255615234375,2396975,0.029020131028570706,0.028607020342344774,635978737.8326416
2018-05-29,266.6773358737552,266.9184386018298,257.86875288259404,262.82843017578125,2395522,-0.009411574720951554,-0.009456143452040527,629611286.7115479
2018-05-30,260.21083404998416,263.4828463554053,254.1317817379901,256.06915283203125,3256181,-0.025717451263660318,-0.02605392630281947,833807510.1377563
2018-05-31,253.66678101655953,260.05581414524755,248.73294030653122,250.44644165039062,4799594,-0.021957784135478664,-0.02220244437327781,1202041238.666565
2018-06-01,251.25586862378083,254.54511418608593,245.99481252687227,251.27310180664062,3072731,0.003300746262564047,0.003295310757151061,772094649.3874207
2018-06-04,251.42809771525273,253.66682036253488,246.77840149553165,248.9224090576172,2475493,-0.009355130860096317,-0.009399164941706072,616205681.165268
2018-06-05,247.81166271444658,247.97525659345206,233.34592924981243,237.79759216308594,4782711,-0.04469190595032457,-0.04572137895898913,1137317159.811905
2018-06-06,237.81483644252415,247.81170237989954,237.5306911433006,246.33067321777344,3776197,0.0358837992305463,0.035254974641684214,930193149.2129364
2018-06-07,247.50167589159113,253.78736467504515,244.71184205600804,251.479736328125,3717348,0.02090305296977535,0.020687581657335037,934837694.8798828
2018-06-08,251.25587639954395,253.21048078076515,246.00345021600904,249.0257568359375,1601185,-0.009758159953633827,-0.0098060828105874,398736306.4593506
2018-06-11,249.36153828829472,253.74432231615853,245.91732894868602,251.8585968017578,2601100,0.011375690618567802,0.01131147399676966,655109396.1410522
2018-06-12,251.8758183324064,260.7963497752037,251.8758183324064,259.2033996582031,4555509,0.029162406801728213,0.02874527413739846,1180803419.9735413
2018-06-13,260.0731117136582,263.31068506191167,257.76548308913584,259.5736999511719,5680327,0.00142860893590524,0.0014275894450130585,1474463496.3225403
2018-06-14,261.2441398999516,261.2441398999516,255.33731056300758,255.7506103515625,2923088,-0.014728339582663952,-0.014837878457147565,747581540.1113281
2018-06-15,256.2499867423186,257.9118427131894,251.08367267633682,252.34080505371094,3110171,-0.013332540216284716,-0.013422216497617191,784823053.9947052
2018-06-18,251.77253941644662,256.93885399264525,249.87821058734545,252.70248413085938,1939184,0.0014332960421183927,0.0014322698537836396,490036613.9868164
2018-06-19,251.1697675565549,255.73337887211784,250.01595332445214,252.60772705078125,2260510,-0.0003749748658151697,-0.000375045186469701,571022293.0755615
2018-06-20,253.15024980362222,257.92910140023537,253.15024980362222,256.74945068359375,2305750,0.016395870708974414,0.01626290979227263,592000045.9136963
2018-06-21,258.14439049071103,258.6610355321193,253.17610825349678,255.45790100097656,1471956,-0.005030389273193991,-0.005043084273069684,376022790.12579346
2018-06-22,255.39759578096022,258.55766046153707,251.6261710184198,257.2832946777344,1974161,0.007145575335917531,0.007120166680317336,507918646.3042908
2018-06-25,254.87236053250209,257.42109222852514,251.5400717004638,252.848876953125,1751895,-0.01723554469466737,-0.017385805752136958,442964683.2897949
2018-06-26,252.37533587918512,253.83052902699788,245.4007756521853,247.29510498046875,2829456,-0.02196478797762602,-0.0222096054825954,699710618.5576172
2018-06-27,245.5729525704253,247.49311782970994,233.60427574801244,236.7557373046875,3435212,-0.042618585906153084,-0.04355341510766254,813306149.8579102
2018-06-28,235.5674365564445,237.41009256546033,219.11268695209932,224.5028839111328,8389628,-0.05175314242875628,-0.05314041234296072,1883495680.9415894
2018-06-29,223.87436292718277,231.5721897468165,220.77456046693285,223.77964782714844,7740956,-0.00322150019360401,-0.003226700396659525,1732268407.5254517
2018-07-02,225.4070108385558,226.94830203420605,220.62815995734152,221.45477294921875,2366970,-0.010389125644372554,-0.010443469326776544,524176803.9276123
2018-07-03,222.10918241541376,229.25593770786247,221.8164205480966,223.3577117919922,4844362,0.008592900561279926,0.008556191731570238,1082025611.4120789
2018-07-04,210.79489900832743,210.79489900832743,180.47715786984512,197.22467041015625,94382685,-0.11700084663373089,-0.12443103719373398,18614593941.5506
2018-07-05,204.93110368841278,205.68022124510557,196.49276380749006,198.40431213378906,34745494,0.005981207732174587,0.005963391316365422,6893655836.818695
2018-07-06,196.1483539092746,197.87047216657433,190.41373557668658,191.46421813964844,15112463,-0.03497955220580462,-0.035605988443607135,2893495912.459366
2018-07-09,192.87635509163118,197.6810422469468,191.49865778710188,196.47555541992188,8817804,0.026173753659904708,0.025837082956108978,1732482938.4840088
2018-07-10,197.18163410507483,209.90801694187587,196.66498917865752,207.70372009277344,24899736,0.057147896331703585,0.055574617943709756,5171767796.527954
2018-07-11,206.98043132315004,210.95850541885588,204.25088653828826,207.68649291992188,11767351,-8.294108956674595e-05,-8.294452936911717e-05,2443919860.1477356
2018-07-12,209.28805003211377,213.02502119900012,207.6864832551662,208.96945190429688,8097701,0.006177382873279402,0.006158381057872179,1692172139.6548767
2018-07-13,210.09746702690677,217.27866181892233,209.11586321190885,215.91819763183594,12773701,0.033252447495155435,0.03271154314162504,2758074497.0079803
2018-07-16,215.2637708322027,220.2578878451506,200.25558350381152,208.76280212402344,17408971,-0.033139381424502345,-0.033700931895488055,3634345568.0558624
2018-07-17,208.375355975759,219.39686791277498,208.20314548382885,218.13111877441406,9442367,0.04487541149608165,0.04389765486036833,2059674077.5886078
2018-07-18,219.57592781972528,223.209560356417,210.3360841427272,214.26388549804688,9496824,-0.017728938897372926,-0.017887979080765712,2034826410.1311035
2018-07-19,212.88826998131998,214.29847008459444,203.051472569799,204.61740112304688,7133415,-0.04502151332025539,-0.04606646579206095,1459620838.4321594
2018-07-20,202.44590638296413,205.06731764560323,198.8641650088626,202.90443420410156,7256671,-0.00837156033428077,-0.008406798649768479,1472410723.460312
2018-07-23,203.48405673088052,210.92437844979702,202.4718217954944,209.94674682617188,6771893,0.03470753436066576,0.034118811288412654,1421736905.2049255
2018-07-24,210.83783540838917,219.48072295645133,209.88616313867345,218.84915161132812,7229643,0.042403156608695314,0.04152877503639919,1582201237.002777
2018-07-25,216.35754107415136,223.9016865950399,216.35754107415136,222.11080932617188,5297674,0.014903679958679472,0.01479371139835013,1176670659.6862183
2018-07-26,222.1108430335287,250.5311419258015,221.14188237295966,244.14630126953125,49192337,0.09920945320135255,0.09459124252297811,12010127129.35431
2018-07-27,245.01144179935082,249.8562852791066,242.79663995019573,244.79515075683594,11182517,0.002657625710202227,0.0026541004674636506,2737425934.8558807
2018-07-30,244.66530765381913,249.1468014225767,239.13696230379114,245.01136779785156,6928838,0.0008832570430710174,0.000882867201105836,1697644075.6297302
2018-07-31,244.8556435875994,244.8556435875994,238.03822340641557,239.15428161621094,5306177,-0.02390536502156526,-0.02419573520149366,1268994948.5634613
2018-08-01,240.59914281879463,246.2226283869886,240.0367915522404,241.30857849121094,6558705,0.00900797953706367,0.00896764970200838,1582671780.2931976
2018-08-02,242.34676956679397,243.81753239633576,239.387928701489,240.953857421875,4168822,-0.0014699894697230986,-0.0014710709642306056,1004493741.8051758
2018-08-03,242.9351006429221,254.00905662094496,242.0872245107765,247.9097137451172,8814715,0.02886800152389135,0.02845917022109665,2185253472.3947906
2018-08-06,248.59317408293472,255.60957217342562,245.703566888897,246.3783721923828,5730879,-0.006177013113365937,-0.0061961697869582725,1411964639.2515106
2018-08-07,246.91471955096728,250.89442531222744,243.53199539637384,245.06329345703125,3583002,-0.005337638704442371,-0.005351934792171885,878062270.5831299
2018-08-08,246.5686166659371,250.0119298876466,244.05967393112468,246.87142944335938,3484214,0.007378240783518786,0.007351154715081735,860152890.666565
2018-08-09,248.36817890225097,249.3285087488778,243.50602130152328,244.9854278564453,2160972,-0.007639610590689183,-0.007668941897680875,529406650.00579834
2018-08-10,244.66537079640023,247.33868677640643,241.47295091770584,244.7086181640625,4832709,-0.001129902683620121,-0.0011305415049066077,1182605541.3790283
2018-08-13,242.24285136681942,242.24285136681942,230.9266498126053,233.41830444335938,5204571,-0.046137785442168844,-0.04723604714941294,1214842138.1750793
2018-08-14,232.7088868381916,234.43918763271225,224.26500270252546,228.417724609375,5916186,-0.021423254898151334,-0.02165606384514355,1351361744.4858398
2018-08-16,227.89867880145624,233.59137054169338,226.1337609129503,228.35719299316406,7434774,-0.00026500402415996493,-0.0002650391439310996,1697784121.1785583
2018-08-17,230.06156854536854,232.9598194659497,226.03860160026258,229.5857391357422,3665991,0.005379931879855082,0.005365511742788208,841659253.3999786
2018-08-20,230.1307508439395,232.5531720988411,227.25844593651593,230.3730010986328,4924539,0.003429054286447464,0.0034231884854064166,1134480828.4572601
2018-08-21,230.99593206913988,233.9633895210792,228.41775508906693,229.5338134765625,6445107,-0.0036427342530083173,-0.0036493851660123152,1479369987.9744873
2018-08-23,227.25847133328276,232.31961895656806,226.4971307246,228.28799438476562,3208590,-0.005427605950197312,-0.005442388918387535,732482575.9030151
2018-08-24,229.43865584951376,230.5373990724666,223.2095448366606,225.4849090576172,6090020,-0.012278724225961768,-0.012354730575098331,1373207605.8590698
2018-08-27,228.40047976963712,236.1868483685809,227.1892554353658,234.96697998046875,8459643,0.042051909205279125,0.04119175898601619,1987736767.4229126
2018-08-28,234.4565152865768,236.90489578289328,228.41773674076745,231.16893005371094,9222118,-0.01616418582335921,-0.016296251363357064,2131867150.8890686
2018-08-29,231.8523989309603,234.87177455850303,230.09613884545206,233.40968322753906,4552651,0.009693141605610744,0.009646464497998454,1062632827.755539
2018-08-30,235.48606772692662,235.48606772692662,230.39897464685356,232.2244415283203,3433406,-0.0050779457082905655,-0.0050908822873451855,797320790.8899841
2018-08-31,230.99592513996387,233.5827189984518,228.74652032573425,231.13433837890625,4061433,-0.004694179226957584,-0.0047052314873564155,938736629.3252563
2018-09-03,233.41838843359196,236.6280966385952,225.9780658136118,227.3017578125,7170424,-0.016581614801533195,-0.016720628634551968,1629849979.4609375
2018-09-04,227.70834259272294,230.76232181689738,222.66449690109368,224.46400451660156,5663434,-0.012484519799619398,-0.012563106177445556,1271237074.9554749
2018-09-05,222.51742557092857,227.35362458806864,217.49953884172842,218.00132751464844,9941827,-0.028791596300132616,-0.029214205810851556,2167331483.9209747
2018-09-06,218.53768106604144,219.0567713037702,205.90644463529455,207.32530212402344,11319074,-0.04897229531736513,-0.05021208470268355,2346730436.8141785
2018-09-07,209.36712345053445,212.48167937291058,204.27137184078708,209.808349609375,10278912,0.011976577194934945,0.011905425533129135,2156601562.5
2018-09-10,209.71317133827876,212.810425419554,204.48765082517454,206.30447387695312,4161545,-0.016700363636363624,-0.016841387008322717,858545351.7402649
2018-09-11,207.63681097911592,209.43633238313586,203.3456476807625,205.32684326171875,4803889,-0.004738775640015791,-0.004750039235153413,986367363.7496948
2018-09-12,207.29071911092728,207.72328757704594,201.3903670886451,203.71763610839844,5043551,-0.007837295541865186,-0.00786816855565301,1027460287.312149
2018-09-14,197.94706332390945,212.13557160627036,197.2549294027326,210.24954223632812,12712337,0.03206352799251033,0.031560223297024376,2672763035.003937
2018-09-17,210.22357694110616,210.22357694110616,204.7990680964614,207.15228271484375,4678555,-0.014731349654987347,-0.014840933530222658,969173348.0569458
2018-09-18,207.63678342319918,210.69942025098996,204.27999136146073,205.68153381347656,3461702,-0.007099844047539383,-0.007125167874960099,712008176.9651794
2018-09-19,208.51920271583998,210.22355773509773,202.15167979505105,206.2611541748047,3415512,0.002818047641815813,0.002814084389569887,704487447.2178955
2018-09-21,206.4255588618957,209.80831017544457,167.86568402553206,200.9058837890625,13499218,-0.025963543194389538,-0.026306546054860023,2712072322.7512207
2018-09-24,199.6946860839565,201.00972034403665,193.29254489416226,196.4330596923828,10206751,-0.022263280757749526,-0.02251484841779606,2004943328.448288
2018-09-25,193.79437879939178,207.9828908346558,191.1556522454268,203.63116455078125,8261024,0.03664406016823629,0.03598863037358975,1682201937.5019531
2018-09-26,205.15379889033596,208.4846454544716,200.8020868676984,205.7248077392578,3074634,0.010281546015292964,0.01022905043823871,632528488.5185852
2018-09-27,204.7385321841179,205.5604218226735,196.90888919138942,198.9593048095703,8999668,-0.03288617937736671,-0.03343908557172039,1790567688.796936
2018-09-28,200.905903365918,204.96347381718405,196.09564987683106,199.14964294433594,6487437,0.0009566686762794152,0.0009562113604445772,1291970762.173874
2018-10-01,198.98529961413203,199.50439003889645,191.44115292406676,197.14251708984375,9647088,-0.01007848080879159,-0.010129612540048847,1901851210.9072266
2018-10-03,197.25496192205716,199.5822312843818,183.16161719006237,186.509765625,6883803,-0.05393433959249938,-0.05544330387432641,1283896484.1386719
2018-10-04,192.06403288222253,195.16993082615048,182.9453148714321,189.3301544189453,11774976,0.015121936293759797,0.015008739557772278,2229358024.359375
2018-10-05,186.61358761531406,189.81466539552395,177.35645518635332,180.64402770996094,9027353,-0.045878200097824395,-0.04696394282990209,1630737405.479599
2018-10-08,178.01393650232626,179.72693582668086,156.12555459673297,162.7439727783203,19862204,-0.09909021160877052,-0.10435015025863796,3232453987.093445
2018-10-09,161.76636909717456,172.20012150855422,160.1571795597259,165.391357421875,15524521,0.016267174742998325,0.016136281853189455,2567621601.5144043
2018-10-10,167.14758632090866,190.1952716478268,167.14758632090866,186.8644256591797,15875774,0.12983186408302982,0.12206882880661912,2966617390.4049377
2018-10-11,173.8957886425355,187.219145659017,172.25199608223306,181.05059814453125,13326113,-0.03111254319349277,-0.03160681748310178,2412700729.591614
2018-10-12,182.80685391131877,198.120076840786,177.54673139118282,179.94320678710938,10744765,-0.006116474448418341,-0.00613525670488354,1933447470.2738953
2018-10-15,182.37433434738466,182.37433434738466,172.26069576610905,180.43638610839844,7609849,0.0027407498737783698,0.0027370008673401015,1373093652.3906097
2018-10-16,182.54736902809694,188.2227735282798,180.81705418619845,185.5840606689453,6028015,0.028529027163370246,0.02812965252581292,1118703501.4733124
2018-10-17,189.46859593197527,190.01363201726465,172.68461966838467,174.11212158203125,7263167,-0.06181532533323708,-0.063808468046644,1264605415.7745972
2018-10-19,173.3767172437486,178.0485435341384,169.86419669831267,174.7176971435547,10247640,0.003478078125870976,0.0034720436004653144,1790444061.9561768
2018-10-22,177.86686407318786,182.0282578537667,173.895815606935,176.04139709472656,4845574,0.007576221372035841,0.007547665944365171,853021616.6858826
2018-10-23,176.04139994206002,179.00022705725885,171.7502368970707,173.94772338867188,8332877,-0.011893075950357823,-0.01196436436761568,1449484983.427826
2018-10-24,176.49127304490003,184.10462521300067,174.48411828859562,182.2012939453125,8718877,0.04744856900598071,0.04635727280779709,1588590671.1500244
2018-10-25,178.74065903409613,189.33878294733955,177.12282559675646,187.6776885986328,7812265,0.030056837329399233,0.029613982592283983,1466187837.9199982
2018-10-26,190.44621855068863,192.7388711399899,180.124932774157,185.4456329345703,8670737,-0.011893026180836874,-0.011964313999058914,1607950310.9741974
2018-10-29,183.36923254000263,189.55508248910354,178.13505494045717,187.5479278564453,9130324,0.011336448794222909,0.01127267280149804,1712373346.8579712
2018-10-30,185.1428273999018,196.36386758026998,184.79676712923478,193.75111389160156,8506172,0.03307520432806044,0.03253998935404125,1648080299.9535522
2018-10-31,195.11803994158592,202.44589480033767,185.48888850523946,201.54612731933594,10557584,0.04023209606988609,0.039443857552685244,2127840169.048584
2018-11-01,202.09980232238024,211.09740855727537,201.26061104314581,209.94674682617188,8677039,0.04168087781476304,0.04083563712936683,1821716110.1338196
2018-11-02,210.0764644114968,218.89238077088797,210.0764644114968,216.9803924560547,6976439,0.03350204628655851,0.03295308009569241,1513750472.1657257
2018-11-05,215.42562383202105,217.7708882094853,209.44085966055712,216.4158477783203,3512058,-0.002601823470518072,-0.002605214095686297,760065009.5166321
2018-11-06,215.41694011033755,218.07490832387634,209.33662884713056,210.78721618652344,3907331,-0.026008407653964505,-0.026352607465117885,823615424.2093048
2018-11-07,211.9424812103737,214.53964436895757,210.18786881139704,212.51576232910156,610558,0.008200431571943945,0.00816699072813868,129753198.81613159
2018-11-09,212.11618372458688,216.268159315459,209.97069185748757,213.65362548828125,4325670,0.005354253005561027,0.005339969953636287,924195078.1658936
2018-11-12,213.6797244252183,217.45820553234665,210.64824727819345,211.36920166015625,4586817,-0.010692183775979469,-0.010749755921995209,969511847.4512329
2018-11-13,210.20523723021682,213.69707746525026,203.25631219961775,211.33444213867188,5590976,-0.00016444932001147272,-0.00016446284328351443,1181565793.9707031
2018-11-14,214.04453768885656,220.9587349591163,213.33227557905255,215.3040313720703,6399025,0.018783446717093533,0.018609216167348893,1377735879.3506622
2018-11-15,215.4169339803203,219.76870947757462,210.3789596022414,218.978271484375,4266610,0.01706535678356702,0.01692137929218821,934294882.8979492
2018-11-16,220.19430680576733,221.4972343542987,211.59499586778836,214.58303833007812,5781220,-0.020071549220400553,-0.020275719391408042,1240551752.8546143
2018-11-19,217.15416077510216,217.15416077510216,210.2052226244277,212.01194763183594,3847280,-0.011981798366967222,-0.01205415869846643,815669325.8850098
2018-11-20,213.5928349953029,213.5928349953029,205.34098240026364,207.1824493408203,4371500,-0.022779368544843415,-0.02304282699379779,905698077.293396
2018-11-21,205.86217103560898,210.03153184046192,202.3008468324954,205.9577178955078,5482981,-0.005911366764941528,-0.005928908056288997,1129262254.0244293
2018-11-22,207.07818710878823,208.89360427109472,198.50495308352436,200.72860717773438,3726205,-0.025389243827349195,-0.02571711213388865,747955939.7087097
2018-11-26,200.6504495931596,204.62002394531785,188.14236866455067,192.7373504638672,10256482,-0.03981124975769579,-0.04062539901068522,1976807165.7603455
2018-11-27,190.92196991202664,193.88394978235033,187.67333585835482,191.16517639160156,6747959,-0.008157080443836229,-0.008190531457118271,1289974772.5182953
2018-11-28,191.59079397823064,197.99250149037246,189.35844719562462,196.86329650878906,6108884,0.02980731231882383,0.029371709322137958,1202615042.2297974
2018-11-29,197.17599054989742,206.01850904476294,197.17599054989742,204.6374053955078,8401543,0.03948988473009574,0.038730097369206254,1719269960.838791
2018-11-30,206.07061171362153,207.3474897890925,199.41701972215358,200.7373046875,6394550,-0.019058591465572983,-0.019242547465058723,1283624731.6894531
2018-12-03,201.25849692776788,204.3855071256186,197.7405934515458,202.04893493652344,4716442,0.006534063267738643,0.006512808811415219,952952082.7898865
2018-12-04,202.0576044862801,203.86432956978882,198.96533626498996,199.7384033203125,4616278,-0.011435505051965889,-0.011501393231222134,922047997.0026855
2018-12-05,198.39204755046367,199.60812065662907,192.85896796876696,195.13473510742188,5904856,-0.02304848810425253,-0.023318257755643543,1152242511.4074707
2018-12-06,191.9816384265542,195.24764273297163,190.0880589272267,191.9729461669922,5089381,-0.01620310673386327,-0.016335812517592724,977023464.7363129
2018-12-07,193.35406706121196,193.97078225258682,187.8122953933613,190.03594970703125,3415024,-0.010089944956493957,-0.010141193472337925,648977329.1123047
2018-12-10,182.8003897880469,191.44312219161256,182.8003897880469,189.57559204101562,3850560,-0.0024224767299310113,-0.002425415673993007,729972191.6894531
2018-12-11,185.90133537483104,202.36161902299327,185.51045573733498,198.8350372314453,6164310,0.04884302399238383,0.04768767473922605,1225680808.3561707
2018-12-12,198.90452763434843,203.43002571973,196.3421064599149,200.7025604248047,4379572,0.009392324508610495,0.009348490881453205,878991313.9647827
2018-12-13,202.1966080984433,212.5939537509091,201.43223321778916,203.60377502441406,11112393,0.01445529440914295,0.014351812687972658,2262525164.3548737
2018-12-14,204.87194573354145,209.33663935193104,201.8665317885986,204.75033569335938,10781517,0.005631333057591004,0.005615536378083705,2207519225.033661
2018-12-17,204.99352979342163,209.16289004420435,202.90884286657473,207.8165283203125,3868243,0.014975275212955719,0.014864252800953007,803884830.9593506
2018-12-18,208.103213485525,209.85781243442744,205.01093127057896,208.49407958984375,3732953,0.0032603338868548715,0.0032550305223608693,778298599.887146
2018-12-19,210.37025038261646,223.23445409608863,209.5276861541787,221.5059051513672,13579209,0.06240860933375525,0.060538603372253606,3007874980.7845917
2018-12-20,219.76000208658198,224.32024189170343,217.55371878365793,220.1248321533203,5238824,-0.006234926319924172,-0.0062544446455405,1153195253.6807861
2018-12-21,220.29854530608185,221.17583779178742,207.16505796146498,208.55484008789062,12211271,-0.05256104889325264,-0.0539927756509641,2546719670.6748962
2018-12-24,209.97939693463337,210.2052324700456,204.51580116528194,208.41587829589844,5704189,-0.0006663081611226751,-0.0006665302430609492,1188843560.4008026
2018-12-26,208.29428586870142,213.50598302439113,204.76770380928343,211.95115661621094,5992586,0.016962615081051124,0.016820356391791132,1270135533.822113
2018-12-27,212.63737444130268,216.91965276389968,211.16072392945986,213.10643005371094,4243266,0.00545065880245188,0.0054358577211651975,904267269.0282898
2018-12-28,212.63736972063106,214.00978108716637,211.29100793004318,212.71554565429688,2729031,-0.0018342215169928622,-0.0018359057611125407,580507318.2724915
2018-12-31,213.74919856922588,218.54396668569242,213.74919856922588,215.40826416015625,5858538,0.012658776290076945,0.012579323793164444,1261977501.0963135
2019-01-01,216.27685806948708,216.589561787536,211.80348637576589,213.63626098632812,2801058,-0.00822625436743063,-0.008260276710660855,598407557.9258423
2019-01-02,213.69709847613458,217.50164282006241,204.39421586197278,207.6688995361328,8150541,-0.027932343613602195,-0.02832987160823675,1692613880.0941315
2019-01-03,207.5994156241317,209.51036645249596,198.26177757752262,200.28565979003906,7929492,-0.03555293913814539,-0.03620033579244555,1588163537.0198364
2019-01-04,199.78183998564367,203.59506255788952,196.82853906879333,201.97943115234375,8526785,0.00845677800437783,0.008421219788583147,1722235183.8583374
2019-01-07,203.88171342379962,206.38332978978943,201.31929204018655,204.35076904296875,4619126,0.011740491975325895,0.011672107126839429,943921950.4063721
2019-01-08,204.4723823914182,207.91209644857003,202.52667620759448,207.20852661132812,3904257,0.013984569677633507,0.013887687772767107,808995340.4819641
2019-01-09,207.20852085128453,211.42130190822806,206.47887425117736,210.19656372070312,4281943,0.014420435096186068,0.014317449505986337,900049704.6479187
2019-01-10,209.85777398466197,212.09012043469147,204.99352279203515,206.09666442871094,4499231,-0.019505072868079343,-0.01969780711544774,927276501.5942535
2019-01-11,208.06841679114137,208.06841679114137,203.4473857092515,206.6786346435547,3453973,0.0028237730894720148,0.002819793731683754,713862423.7357025
2019-01-14,206.86974351061755,206.91317760664484,198.86978971223934,203.0912628173828,2841326,-0.01735724562124563,-0.017509648715706188,577048485.415863
2019-01-15,203.43004620342586,207.1650931032322,202.46587176689886,206.41807556152344,3991299,0.01638087575993885,0.01624815662367024,823876258.5706329
2019-01-16,206.73077931359572,208.4158945086088,204.12493738451423,206.41807556152344,6081029,0.0,0.0,1255234303.6138153
2019-01-17,206.38332453109777,209.78831021085622,198.56577188620855,199.69497680664062,10575083,-0.03257030052525112,-0.03311251875981743,2111790954.4132996
2019-01-18,201.3453515053016,202.80463109260089,196.54190483371744,197.31497192382812,5531054,-0.011918201052783628,-0.01198979220467879,1091359764.7191772
2019-01-21,197.870856282348,198.17488132514507,192.2943432490298,193.64938354492188,5588102,-0.018577345363945952,-0.018752071594340673,1082132507.486145
2019-01-22,193.00664177163014,195.02183168068944,189.20209751128104,190.42684936523438,7498811,-0.016641076365419782,-0.01678109461983424,1427974952.7153625
2019-01-23,190.4007874819371,192.3117381469553,187.62988793314733,189.01968383789062,6367122,-0.007389533209389176,-0.007416971062097057,1203511387.3972778
2019-01-24,190.88717774903884,194.74384766411805,188.6808945258695,193.62332153320312,4188091,0.024355334861636546,0.024063473125232267,810912090.3033142
2019-01-25,194.5701570875545,196.8546166140199,192.65919273027646,194.59620666503906,6112994,0.005024627839932627,0.005012046524154585,1189565443.7661438
2019-01-28,195.26507002079475,195.26507002079475,181.21953076109833,183.39976501464844,12306863,-0.05753679294305669,-0.059258398027323564,2257075782.2674713
2019-01-29,183.27812450687716,183.44315503258355,172.8547165181416,178.34437561035156,19258629,-0.02756486304054473,-0.027951902927821515,3434668164.1164093
2019-01-30,178.06642327245618,180.08161298934957,174.17501118225255,176.27706909179688,8838910,-0.01159165525394168,-0.011659362222161502,1558097148.7661743
2019-01-31,176.5029171657865,178.057743660228,172.22063871319955,176.38999938964844,10373175,0.0006406408867210001,0.0006404357639501445,1829724331.9187164
2019-02-01,176.50292616407378,183.97303392415134,175.46058934255032,181.90573120117188,10270101,0.031270093716249114,0.03079114329268385,1868190231.9148865
2019-02-04,180.67225542802998,181.3671465207445,175.46055862976024,178.02297973632812,3978152,-0.021344855047748745,-0.021575950854094385,708202472.8840332
2019-02-05,177.19780206692954,186.57018119803124,176.87641966908308,185.55389404296875,5716008,0.04230304603256707,0.04143273217330572,1060627542.7807617
2019-02-06,186.75259624734645,187.24770143376892,182.50505978360522,185.55389404296875,5796923,0.0,0.0,1075641636.1172485
2019-02-07,185.53653087989488,192.83291551090304,185.53653087989488,191.24334716796875,7851650,0.030661997983628897,0.030201312276718004,1501575826.7913818
2019-02-08,190.22707678419818,190.22707678419818,184.7721591381605,186.1619415283203,3361425,-0.02657036553112324,-0.026929737759292496,625769404.3018341
2019-02-11,188.83727102218924,188.83727102218924,182.4268851159954,183.4952850341797,2335482,-0.014324391292056649,-0.014427975764578287,428549935.28219604
2019-02-12,183.97299873025912,185.8839492041554,179.54306128477154,181.13262939453125,6049757,-0.012875838413005214,-0.01295945051311812,1095808392.6079712
2019-02-14,181.01968303879582,183.36494704579192,179.62990099106761,181.8709259033203,5375222,0.004075999510728456,0.00406771512851815,977596602.0758972
2019-02-15,180.84600348537165,181.58432877533414,173.20217319100286,174.07080078125,6374788,-0.04288824661406698,-0.04383511964887245,1109664451.9707031
2019-02-18,174.62668536982295,176.32049259858564,172.81996037972488,174.2271270751953,5008784,0.000898061554515106,0.0008976585385079959,872666046.4602051
2019-02-19,174.41821198955216,177.7536999256537,173.07185037243505,173.8883514404297,4985020,-0.001944448263899834,-0.0019463411575792243,866836909.6975708
2019-02-20,175.46056045529548,184.06855048153238,175.1218071653825,182.58322143554688,9935782,0.05000260180220217,0.04879264207322121,1814107085.0413208
2019-02-21,183.34763457232145,185.53654743637045,182.28792678343905,183.36500549316406,4013447,0.004281795728383386,0.004272654924467925,735925731.2015228
2019-02-22,183.7992754163297,187.60381903903672,182.67007061091164,186.54409790039062,2763490,0.01733750885931773,0.01718892912901776,515512749.1067505
2019-02-25,188.6461666454021,192.2074904360085,186.54410876528323,190.97406005859375,5280883,0.02374753320026568,0.023469946609849048,1008511667.2044067
2019-02-26,189.35843828157323,198.31387456806826,187.67332314968274,196.25526428222656,7557686,0.027654039621990867,0.027278573058883187,1483235663.2920837
2019-02-27,196.3073998118864,200.50282401120057,195.07396922885667,196.12498474121094,6533981,-0.0006638269882446313,-0.0006640474189370857,1281476923.9243622
2019-02-28,195.7514680565292,199.5386275958225,195.43876431421836,198.43548583984375,4139295,0.011780758589638785,0.01171190568522567,821383014.359436
2019-03-01,198.8089687724797,202.3876632196411,198.8089687724797,201.50167846679688,4289189,0.015451836217579729,0.015333672275005721,864278782.761322
2019-03-05,202.38768017235142,215.01737130122257,202.22264965092015,213.4712371826172,10059761,0.05940178169678445,0.057704391924859225,2147469626.4314423
2019-03-06,213.50599054795094,220.06404972138608,213.01956401196855,215.4951171875,5793582,0.009480808897694537,0.009436148087521827,1248488632.0253906
2019-03-07,216.24208808848016,216.83274001009522,211.94243973077647,213.5233154296875,2220601,-0.009150099471148865,-0.009192218758634933,474150087.7664795
2019-03-08,211.78611210700146,213.32355389253138,209.5363947070044,212.01194763183594,3476265,-0.0070782330951078,-0.007103402627851395,737009713.1343842
2019-03-11,213.61023366319407,220.61127180224582,211.69059066302506,218.79586791992188,4251903,0.031997820707097,0.03149655533921205,930298807.1963196
2019-03-12,220.628653990608,223.234495880047,219.0998770919757,221.0542755126953,4893493,0.010321984661977313,0.010269076743326075,1081727549.841446
2019-03-13,222.36588650958672,225.31918764819324,219.94244602075358,222.41799926757812,5038486,0.006169180630955395,0.006150229139636218,1120649975.4577026
2019-03-14,224.7111525244829,224.7111525244829,214.5743980528778,216.5982666015625,5046199,-0.026165745061910384,-0.02651415928814914,1092997956.326538
2019-03-15,216.81539359602348,221.06292968846108,216.32028845288124,220.1248321533203,5298885,0.01628159637235238,0.016150472537869935,1166416171.2247467
2019-03-18,222.33111139395348,223.2344670784929,213.67968751080957,215.060791015625,6658233,-0.023005315157574424,-0.023274067238261642,1431924855.746338
2019-03-19,215.41696602787505,216.78939119952312,211.5516300780509,212.09886169433594,4475985,-0.01377252128247708,-0.013868242350185625,949351323.4609222
2019-03-20,212.81111367378136,212.88928961522308,207.56466054155868,209.64065551757812,6669743,-0.011589907447501657,-0.011657593919714455,1398249294.653778
2019-03-22,210.67430784197828,213.67972177061236,206.73078264202348,208.21612548828125,5917900,-0.006795103868473817,-0.006818295707108486,1232202209.0270996
2019-03-25,206.95661237029438,210.19655381255896,205.20200003191658,208.41587829589844,5869540,0.0009593532064280375,0.0009588933212454096,1223305334.2929077
2019-03-26,210.37897123828304,210.9001396231606,206.81764714016353,209.18028259277344,3298727,0.0036676874292165262,0.0036609778643972015,690028646.0564117
2019-03-27,209.9446520002043,219.4733688838055,207.94683323801627,216.4071502685547,15179446,0.03454851282446314,0.03396511205265883,3284940651.5154114
2019-03-28,217.84907958963882,224.7980186245261,217.84907958963882,222.06187438964844,10449610,0.02613002441960166,0.025794468172881724,2320459983.240814
2019-04-01,222.36586540296312,224.10309320024106,213.15853087156745,214.73072814941406,4224828,-0.0330139798215453,-0.03357124053256425,907200392.7460327
2019-04-02,215.06943979630867,217.53631367301557,205.07166923355445,208.15525817871094,6964143,-0.030621933001259927,-0.031100581163376845,1449622984.1584625
2019-04-03,208.46801537296588,212.98482153386723,207.33011817116747,208.19874572753906,8845694,0.00020891880997209178,0.0002088969894766001,1841662395.889618
2019-04-04,210.20521836735463,211.9250887545768,207.7122945759387,209.85777282714844,3702230,0.007968477878250502,0.007936897214019313,776941742.2938538
2019-04-05,211.0738736359375,216.40718140841682,210.04890773091384,212.58526611328125,5106347,0.012996865683785552,0.012913131168754236,1085534135.8617554
2019-04-08,213.67969444714603,216.9804407913012,209.76223292885132,215.720947265625,4072963,0.014750228036372048,0.014642501458571391,878623436.5378418
2019-04-09,216.71987895675443,218.49186239098728,211.5255522972868,212.45497131347656,5304853,-0.015139818332648658,-0.015255595431390729,1127042391.93721
2019-04-10,212.37676712751295,214.96525145461928,205.73185393801265,207.92945861816406,8243002,-0.021301044015746395,-0.02153118528818201,1713962943.2484436
2019-04-11,208.1205648577083,212.6373709115306,208.068438499698,210.16180419921875,6868983,0.010736071723026486,0.01067884930333266,1443597860.2937622
2019-04-12,210.9175215157972,213.25410751262217,210.73512005320208,212.81979370117188,3316041,0.012647348132934555,0.012568038430418831,705719161.5246277
2019-04-15,214.08796138570523,215.0521221853001,211.2562704006453,212.10751342773438,2388051,-0.00334687042520887,-0.003352483724186111,506523559.5486145
2019-04-16,211.3344486864884,216.63301421863406,209.05866788078927,213.6102294921875,4376796,0.007084690401432114,0.007059711889681299,934928398.0004883
2019-04-18,214.89578188400927,215.7643958764845,208.92838811235478,211.18679809570312,3374885,-0.011345109277985266,-0.01140995595855654,712731157.091217
2019-04-22,210.8132748931281,211.14334954797476,202.20528429101608,202.98703002929688,3383193,-0.038827086448322334,-0.03960095534243577,686744299.085907
2019-04-23,203.49952426324467,204.58529510445325,200.12060170541145,202.552734375,9232228,-0.0021395241569581724,-0.002141816208617428,1870013025.7734375
2019-04-24,202.73512201333247,205.86214563181957,199.71233750319567,204.81980895996094,3740512,0.01119251533165544,0.011130342614525753,766130953.2524414
2019-04-25,205.8534664660772,207.4256637302244,199.0869431701276,200.32037353515625,3752869,-0.02196777473649658,-0.022212659322983143,751776119.9085083
2019-04-26,200.99790999446307,203.0825835017155,194.83942272539701,197.2628631591797,3760392,-0.015263102409500906,-0.015380782535201535,741785692.520874
2019-04-30,197.00225622249542,197.86219145622925,188.66353566265906,192.99794006347656,6560234,-0.021620506908396564,-0.02185765446537666,1266111648.334381
2019-05-02,190.05331324098307,192.81552031015866,189.07178160854227,189.8448486328125,3274341,-0.01633743567225132,-0.016472363172375774,621616771.5172119
2019-05-03,190.48764744353224,190.9219612265523,185.63207430513359,187.56040954589844,5164642,-0.012033189751345263,-0.01210617466425626,968682368.677948
2019-05-06,185.01531435026865,186.30087086670545,182.40947309075904,183.94691467285156,4333136,-0.019265765530132373,-0.019453768995048616,797066998.0578613
2019-05-07,185.01533350810197,186.53541793573157,176.38997288061097,177.71896362304688,5189879,-0.03385732813665865,-0.03444376223490948,922339917.2090149
2019-05-08,176.67662871602573,182.76563200802786,175.88619073045373,178.45729064941406,8360644,0.0041544639430444175,0.004145857984912176,1492017876.3242798
2019-05-09,175.11311430369605,181.19342501023021,172.15981353616817,179.4648895263672,15833680,0.005646162582018555,0.005630282751430963,2841589631.9958496
2019-05-10,178.06645578240284,182.3921688168808,175.84278743833224,177.0154266357422,6500692,-0.013648702523872402,-0.013742702361353118,1150722767.8075562
2019-05-13,176.98932432538885,178.952401212862,170.30097705648558,171.5604705810547,4360539,-0.030816274933554655,-0.03130108231195127,748096122.8270416
2019-05-14,174.4008620040095,180.45510987061897,172.2988040741846,176.92852783203125,6526992,0.031289592717923975,0.03081005086835663,1154811085.7314453
2019-05-15,178.41388815270528,180.62885046725174,176.27708817593063,177.19781494140625,4689824,0.0015220106823623514,0.001520853598018103,831026565.2597656
2019-05-16,178.06642807995053,178.41387365411182,173.21954735719774,174.14027404785156,2687968,-0.017254958220369265,-0.01740555994384279,468083484.15185547
2019-05-17,173.8970474412459,181.54086279017483,173.5669728237404,179.42144775390625,4624463,0.0303271241241041,0.02987634805552962,829727846.5443726
2019-05-20,186.05772736988328,194.91761785388596,186.05772736988328,190.6527099609375,5509594,0.06259709944173464,0.060716005350700375,1050419026.8845215
2019-05-21,192.1032454518415,198.54837217743352,187.82964645409814,188.67221069335938,6271196,-0.010387994316912175,-0.01044232612307595,1183200413.0113525
2019-05-22,188.48980161260192,188.48980161260192,181.9751774149917,184.9805908203125,6393878,-0.019566314824426945,-0.01976026931420718,1182743330.072998
2019-05-23,188.2292502905502,195.68197302378135,181.89702664193422,184.8242645263672,9824210,-0.0008450956570744683,-0.0008454529517222243,1815752387.8025818
2019-05-24,185.5365150725848,193.14560280840547,180.49854081960368,192.4159698486328,10362737,0.041075263260049955,0.040254086020393626,1993956090.1413116
2019-05-27,193.26722841154202,199.59943857371061,191.9990424857308,197.7406005859375,6234988,0.027672499021226704,0.0272965355567046,1232910271.7661133
2019-05-28,198.21833131420982,201.44959428799123,195.108691978558,197.3236541748047,7188785,-0.002108552365560401,-0.0021107784919193614,1418517325.2770233
2019-05-29,195.78619816585245,197.48868412497328,191.9816543328547,192.7373504638672,3612879,-0.023242543982459396,-0.02351691157976179,696336726.006546
2019-05-30,193.71020524742002,196.65481386759524,192.28566756058905,195.91648864746094,3517764,0.016494665802671005,0.016360106460760148,689187970.7704468
2019-05-31,197.48871567889594,211.5863670528885,197.1760119053543,202.26611328125,20138264,0.03240985318604195,0.03189573277846184,4073288387.5117188
2019-06-03,204.07280991118472,207.04348193676122,201.62331987149526,203.1781463623047,9783481,0.00450907503120157,0.004498939608549607,1987789534.550827
2019-06-04,204.12492803729904,206.20960148510358,201.86651819926556,202.45718383789062,5305915,-0.0035484255434068412,-0.0035547361381986424,1074220608.5832214
2019-06-06,202.5440017705793,202.73509544174982,183.80795289894448,185.10218811035156,11824928,-0.08572180743872926,-0.08962038560963827,2188820047.0473633
2019-06-07,186.57887037365677,192.31173590478343,184.54630970005252,189.81011962890625,10197766,0.025434229420064902,0.025116161339534954,1935639184.4075928
2019-06-10,190.05334460620682,193.61468246450664,182.25317580488212,186.9350128173828,6951022,-0.01514727885501832,-0.01526317066975064,1299389386.66391
2019-06-11,187.62126094978987,193.87529663342224,185.71029615554414,192.7982177734375,6925795,0.03136493729926593,0.030883106806982315,1335280932.6641846
2019-06-12,193.35407085574727,193.35407085574727,183.83403235960682,185.57127380371094,7217686,-0.03748449572401724,-0.038205104611252275,1339395184.9352112
2019-06-13,184.32046448272862,190.28785794210057,180.1511039341236,188.2900390625,9565700,0.01465078728545488,0.01454450135879221,1801126026.6601562
2019-06-14,187.62122006519442,192.18146050897158,185.05879859664762,188.4811553955078,7851963,0.0010150103210950778,0.0010144955464240681,1479947058.3627777
2019-06-17,177.89268842941365,183.2781079213108,173.7233283318038,176.84165954589844,164823582,-0.06175416224070318,-0.06374327715132383,29147675773.179474
2019-06-18,177.56259832973663,185.46700410807236,177.56259832973663,182.5745086669922,29222856,0.0324179785227916,0.03190360301018278,5335348576.046265
2019-06-19,184.63824358170837,188.08354849343382,182.06739071673812,185.86245727539062,15773245,0.018008804363787156,0.017848566778345027,2931654074.906769
2019-06-20,185.90614863721274,193.91603261035888,183.09919587595957,191.4326171875,9441885,0.029969257878992295,0.029528955076697252,1807484756.7333984
2019-06-21,192.58687132954185,194.03844824199174,190.37453117375009,192.09718322753906,12582174,0.003471540272513396,0.0034655283862340567,2417000184.278778
2019-06-24,193.63621433955595,195.6824038974508,189.0191722879565,194.8604278564453,16615737,0.014384618152537776,0.014282141092696791,3237749620.970169
2019-06-25,193.86360057627857,196.21584036544039,192.60439842751563,195.69117736816406,12611244,0.004263305386616345,0.004254243247520966,2467909186.437195
2019-06-26,196.39949195682667,197.09029212127945,190.10350817233882,192.30709838867188,10148954,-0.017292956304951534,-0.01744422594325109,1951715895.420105
2019-06-27,193.5137934304926,193.5137934304926,189.94607716661065,192.14093017578125,6149747,-0.0008640773756295461,-0.0008644509056731577,1181618108.9257202
2019-06-28,192.90170707536151,192.90170707536151,187.92613872156144,188.95797729492188,9396727,-0.01656572016148472,-0.01670446612240109,1775586527.1125793
2019-07-01,189.5787991413578,191.45010094666068,183.63260584908124,184.44583129882812,7406740,-0.023879097673930372,-0.02416882490687246,1366142316.5142822
2019-07-02,184.97048483149294,188.5119763832935,184.97048483149294,186.7368621826172,8987214,0.012421158383771003,0.012344648703724355,1678244142.1236877
2019-07-03,187.97859339764253,190.26088345377065,186.6144669521952,189.7537078857422,4672613,0.01615559813881151,0.016026485204787708,886645642.2651215
2019-07-04,189.736191693191,190.7155678884925,185.04918682576346,185.87991333007812,5086959,-0.020414855650655372,-0.02062611903611663,945563498.0336609
2019-07-05,185.7312665348,192.02724909889378,185.7312665348,188.44203186035156,10641358,0.013783729959695679,0.013689598357294455,2005279123.273407
2019-07-08,187.3052685043025,188.24965630041584,178.3859576141769,180.580810546875,5804482,-0.04171692077329259,-0.04261205486155548,1048178064.3647461
2019-07-09,180.13486118671116,185.20661691478819,180.13486118671116,184.05235290527344,7432608,0.019224314853195867,0.01904186235377907,1367988990.6225586
2019-07-10,185.03172737722346,186.66692900152594,179.27790847849474,180.869384765625,6904329,-0.01729381933675478,-0.01744510416243935,1248781738.449463
2019-07-11,183.44024229200852,184.85683085663183,180.86937609084313,182.50457763671875,7196036,0.00904073883599854,0.009000116013291646,1313309510.838623
2019-07-12,183.8774531094977,185.18911729253878,181.56892524287522,182.95928955078125,5778593,0.002491509637460254,0.002488410973157579,1057247269.8831177
2019-07-15,184.63821514245387,185.9061539820022,181.00928626739756,185.04046630859375,4585909,0.011375081106416607,0.011310871340070956,848578739.8087769
2019-07-16,185.3640289676932,190.62816008323725,184.6819656951497,189.60507202148438,7271609,0.02466814856204591,0.024368802669154224,1378733948.157074
2019-07-17,189.6575342134878,193.24273824367478,188.2234580790629,189.60507202148438,8556620,0.0,0.0,1622378551.3604736
2019-07-18,189.22902555190709,189.22902555190709,182.8630936620294,183.8074951171875,7643091,-0.030577119285289722,-0.0310543528839539,1404857411.6627197
2019-07-19,185.10169493130778,187.30529876453028,181.8837535584334,185.66134643554688,13297269,0.010085830924236427,0.010035308355583222,2468788866.455658
2019-07-22,183.9823979705044,187.02545131886404,180.4933681020201,181.5776824951172,3542114,-0.02199522958779876,-0.022240731237128608,643168851.2535095
2019-07-23,182.67070777054627,182.70568255700113,170.7170953699126,171.53033447265625,18067890,-0.055333606445445827,-0.056923436509167896,3099191214.915161
2019-07-24,170.16624570879165,170.86579636837567,158.98214461867474,161.8328094482422,15662058,-0.056535335596631486,-0.058196366487613276,2534634847.881317
2019-07-25,168.5922219916131,177.5115191764998,167.01823320397057,172.5009765625,53014832,0.0659209164731811,0.06383913581827226,9145110292.296875
2019-07-26,172.43104161382803,176.2523458403584,169.8951500329362,170.70838928222656,10405314,-0.010391751490310908,-0.01044612274287183,1776274392.915802
2019-07-29,171.53033750126087,173.1393009536861,168.338621145532,169.19557189941406,7274703,-0.008861997873528149,-0.008901498921986196,1230847534.4833832
2019-07-30,169.20439587005342,171.8102240495798,168.60976945529583,169.4667205810547,7533752,0.001602575520131433,0.0016012927662729908,1276720245.110962
2019-07-31,169.26555400447634,170.59470561411607,167.71778941012317,169.51039123535156,7845964,0.0002576945735843772,0.00025766137604084523,1329972427.258484
2019-08-01,169.46667843271015,172.21243252659008,168.46981465175602,169.17811584472656,6542499,-0.0019602066174436716,-0.0019621303367711915,1106847653.7360077
2019-08-02,169.9738727037736,171.72276320892374,167.89270792924208,171.11940002441406,6750479,0.0114747948929117,0.011409458771356826,1155137916.3574066
2019-08-05,169.58037743521982,171.72275484794625,165.47924713421483,169.73777770996094,8810194,-0.008074025003921292,-0.008106796461382074,1495422750.7536316
2019-08-06,169.4316980367014,173.41040248350743,169.0294605359148,171.95008850097656,5850025,0.013033697158424618,0.012949489430390183,1005912316.4829254
2019-08-07,172.00253833942094,176.2873061473347,172.00253833942094,174.51219177246094,7077737,0.014900273060748148,0.014790354524474443,1235151396.6590424
2019-08-08,174.88818945499597,177.49401648154864,173.58526224759794,175.3341522216797,5379035,0.004710045990886869,0.0046989884317494325,943128541.4957428
2019-08-09,176.62835689637353,186.25594220084488,176.3572680205728,182.25975036621094,8043742,0.03949942470862733,0.03873927488492348,1466050408.9302063
2019-08-13,181.70009071470847,183.4314796672528,171.3991665814669,172.71083068847656,5510271,-0.052391818042919036,-0.05381417233516176,951683481.7286224
2019-08-14,174.71333277502762,184.32343086159153,174.02251899030847,182.15481567382812,11219639,0.05468090766343403,0.05323826398757076,2043711273.9718933
2019-08-16,181.8837582393949,185.94116327892422,178.33352882980674,180.51089477539062,5665733,-0.009024855545851418,-0.009065826244037104,1022726533.3884583
2019-08-19,181.8837416374727,185.31155894683448,180.0211901117285,181.91871643066406,5419683,0.007799095212647433,0.007768839479325222,985941774.8210907
2019-08-20,182.86312251266455,184.00863602968525,178.49966775447052,179.9862060546875,4748099,-0.010622933219260666,-0.010679759372931858,854592324.9820557
2019-08-21,180.1348773169417,181.43779115807462,175.4566218202521,176.9606475830078,3430214,-0.016809946373114837,-0.01695283710889779,607012890.7882996
2019-08-22,176.49719764305436,176.49719764305436,171.62656706728072,172.53598022460938,3896631,-0.025003679738021645,-0.025321582081690382,672309049.1585999
2019-08-23,171.81017210922107,177.51152875269077,167.14066767907292,176.69830322265625,10089894,0.024124376797397984,0.02383798095764801,1782867149.49646
2019-08-26,181.01804613282593,186.15101448469798,177.161753536652,178.32476806640625,11003444,0.009204756435609474,0.009162650848975685,1962186599.2316895
2019-08-27,180.13486465776475,180.7469783138229,176.37475943274566,178.31602478027344,7235462,-4.9030127601601414e-05,-4.903132961759789e-05,1290198821.2887268
2019-08-28,179.8550321810869,180.57207018961378,171.407935253646,173.42788696289062,5610445,-0.027412779212671046,-0.02779552032627671,973007621.2715149
2019-08-29,171.39045807844565,172.67588445991532,167.89269111261777,169.1431427001953,5780358,-0.024706201163669506,-0.025016521235874608,977707918.0522156
2019-08-30,170.1662204289173,171.565321540235,164.83212690083474,168.96823120117188,9502571,-0.0010341034004166527,-0.001034638454237151,1605632613.733551
2019-09-03,166.14381163555504,170.6559160177162,163.66039589981472,168.39111328125,7140142,-0.0034155409914586876,-0.0034213872675171327,1202336460.366211
2019-09-04,168.24248793460038,172.67590652114515,165.4442712656105,172.18621826171875,6339334,0.022537442187522627,0.022287226540692793,1091545947.7579346
2019-09-05,172.58842396422415,174.82700236373327,170.1837221502387,171.39918518066406,5086975,-0.004570825057894079,-0.004581303220171795,871903370.0344086
2019-09-06,171.75771213571107,174.555928306001,170.97071084222748,173.99627685546875,3284543,0.015152298840086065,0.0150386493559691,571498253.1716919
2019-09-09,172.30862522340078,177.24046839162483,172.30862522340078,176.4971923828125,5141257,0.014373385296175822,0.014271067464059987,907417425.8184814
2019-09-11,177.47654892814742,181.38530359905522,176.4971726242373,180.8781280517578,5666852,0.024821560104159035,0.024518509732088915,1025009581.7063599
2019-09-12,181.65640763006817,185.3727878485548,180.56335623570453,181.51649475097656,5902152,0.0035292641851980555,0.003523050946835295,1071337942.5274658
2019-09-13,181.8750017133805,184.89181722233866,181.51647585391598,184.0348663330078,4125491,0.01387406464347074,0.013778700851882313,759234184.7430267
2019-09-16,181.9011955128868,187.13035064920473,181.6301203744218,184.25344848632812,4621276,0.0011877214229871758,0.0011870166398999789,851486039.4071045
2019-09-17,183.31785344268823,186.22099442667906,177.26672050468432,178.74452209472656,3374403,-0.02989863384842062,-0.030354711757382,603156051.5900116
2019-09-18,180.97432055141502,182.25974685036016,178.9281309105968,181.34158325195312,2772306,0.014529458731329603,0.014424917547045545,502734359.29888916
2019-09-19,181.69135804965197,182.75817135664255,179.55771774154726,181.1404571533203,5004330,-0.0011091008197130492,-0.0011097163271758359,906486623.9460754
2019-09-20,182.60078217228457,203.36875558059944,177.35412530330635,199.61740112304688,11252943,0.10200340807403041,0.09712980335210249,2246283236.6457825
2019-09-23,200.42190169411515,209.80464997368156,199.52122545347365,204.1470184326172,7884154,0.022691495250848348,0.022437872818766694,1609526531.9635925
2019-09-24,201.64608871112335,205.02142968485487,197.79854701013005,203.85842895507812,5953226,-0.0014136355248034471,-0.0014146356501548757,1213615299.574524
2019-09-25,201.20886253714298,203.17635187097787,192.46445332532357,194.9566192626953,7060423,-0.04366662559900525,-0.04464870872605114,1376476198.644577
2019-09-26,195.3500969045187,198.06087568238,191.79986846672523,192.7705078125,7645657,-0.01121332252509788,-0.011276665796963885,1473857182.4501953
2019-09-27,190.62814204541172,195.42008559124693,190.24339195221006,191.50259399414062,5833398,-0.006577322603687041,-0.006599048507924166,1117110848.800232
2019-09-30,191.50260004154882,193.07658894954312,184.6294918632964,187.30528259277344,5723515,-0.02191777831216013,-0.022161541225649665,1072044594.4989777
2019-10-01,188.00482755214645,190.82926791152968,179.52274223495905,182.78440856933594,5988891,-0.024136393596898564,-0.024432449872447456,1094675899.4212189
2019-10-03,183.6326478538354,185.19788638491485,176.63711345581535,180.52838134765625,4077079,-0.012342558314124008,-0.012419360296599576,736028472.496521
2019-10-04,181.65639140550647,182.54831710063112,177.16176074851697,178.31602478027344,3631106,-0.012254896160190598,-0.012330606584917355,647484387.4757996
2019-10-07,176.47968569311152,188.08352427483837,176.47968569311152,185.7225341796875,8758749,0.04153585976661711,0.04069641201105433,1626697060.5238037
2019-10-09,186.0810511392881,199.3725538139427,183.98239930892748,196.4956512451172,8480201,0.058006515542193826,0.05638649177460612,1666322618.184494
2019-10-10,195.17521315674378,195.17521315674378,187.78619360188432,189.21153259277344,4090924,-0.0370701265202924,-0.03777469072892769,774049999.7605591
2019-10-11,190.39203881057986,190.72432671176475,184.60324532709393,185.50392150878906,3797288,-0.01959505867945166,-0.019789587234242383,704411815.0982666
2019-10-14,186.78063570874215,187.70755002156392,181.3066416034163,182.69700622558594,3214928,-0.015131298898552581,-0.015246945069231086,587357720.8308105
2019-10-15,182.69695359570497,184.49829211712083,179.78506285048618,183.65882873535156,4158564,0.0052645772891211084,0.005250767848146966,763756993.4609985
2019-10-16,184.80438025922882,185.83621880578858,180.04741133549928,181.80503845214844,4055470,-0.010093662776617163,-0.010144949194472293,737304879.2915344
2019-10-17,181.70883169928558,188.00481407854218,178.6657785704898,187.17408752441406,6022883,0.029531904714944268,0.029104237500843583,1127327629.7913055
2019-10-18,185.74874491537048,193.49629043855916,185.04919437422546,191.72117614746094,5404154,0.02429336604861909,0.024002975868666197,1036090760.9620056
2019-10-22,189.8499155993847,197.238950607771,188.89677709523477,195.4463348388672,6801276,0.019430084700404082,0.019243730652743374,1329284466.4275513
2019-10-23,195.87479927158725,196.92412517877605,186.39585023310278,188.45079040527344,4962297,-0.03579266113821533,-0.03644892569153664,935148791.8757172
2019-10-24,189.92859752388017,191.28398713251528,185.38150476019536,187.27029418945312,4476831,-0.006264214723013861,-0.006283917239687883,838377458.4064636
2019-10-25,188.00480333762127,198.20077536778845,186.32587662495476,196.7754364013672,6992747,0.050756273188197865,0.04951016508578885,1376000842.5693512
2019-10-27,197.6236608885646,197.6236608885646,193.07656860600653,194.28329467773438,353460,-0.012664902536663858,-0.012745786061773309,68671373.33679199
2019-10-29,182.85439541101022,202.52056978099733,182.85439541101022,200.87661743164062,7662863,0.033936642699223585,0.033373500223633064,1539289999.282074
2019-10-30,201.8384774043579,208.02952207234978,197.6236727504602,202.04833984375,9194870,0.005833045314535434,0.0058160989729667805,1857808218.5791016
2019-10-31,203.9196369124615,204.0945245567914,197.44878037813163,199.13644409179688,5135479,-0.014411876653898648,-0.014516736451925055,1022661026.7680969
2019-11-01,200.37816217341555,203.7272654134771,198.9440725096903,200.089599609375,3906042,0.004786444399593304,0.004775025796441121,781558379.8374023
2019-11-04,200.24699381933323,201.68106974566464,198.1483284201041,199.22389221191406,3056248,-0.004326598679546656,-0.00433598549271381,608877622.1248779
2019-11-05,199.1976470156049,201.50617476241715,197.2738830226762,199.23263549804688,2709536,4.388673484756467e-05,4.38857718529919e-05,539827998.2568359
2019-11-06,198.87412969310589,201.5848951665955,197.62367817893946,199.2763671875,5050915,0.00021950063223230565,0.00021947654549316897,1006527992.1728516
2019-11-07,202.44702303906027,207.54992145541144,199.8999683873229,202.43824768066406,8534909,0.015866811191861174,0.015742249216475233,1727792022.0739288
2019-11-08,202.43825125741805,204.20362507355284,195.1571794663709,196.09695434570312,4506343,-0.0313245812370595,-0.03182568836165418,883680137.5370789
2019-11-11,195.80712914845665,201.39308527260198,195.36797607477206,196.72933959960938,4200525,0.0032248601515321162,0.003219671442282083,826366509.2216492
2019-11-13,196.72930897851674,202.35039317255462,196.72930897851674,198.76695251464844,5654659,0.010357442968019326,0.010304172172676034,1123959336.9395294
2019-11-14,199.82094293121736,200.54115510344013,195.28893748333147,199.76824951171875,4486181,0.005037542631723513,0.0050248966657878,896196525.3627319
2019-11-15,199.5486205898437,201.60382846463875,197.30896516349293,198.18727111816406,2426784,-0.00791406240690884,-0.00794554481128456,480957698.55322266
2019-11-18,198.49468216621872,199.7067268525297,197.25628389821264,197.85353088378906,3133894,-0.0016839640229771025,-0.001685383484163981,620051993.3155212
2019-11-19,197.72176473274337,198.4946701222724,196.36919061692618,197.80960083007812,3009047,-0.00022203320564817552,-0.00022205785866964117,595218385.9489441
2019-11-20,198.49467899911477,199.97899357283572,196.9137529666919,197.87986755371094,2028043,0.0003552240302693299,0.00035516095315071963,401308880.2332306
2019-11-21,199.1094717133125,201.04171446005375,196.74685136714118,198.2926483154297,3518950,0.002086016969900628,0.0020838442575198705,697781914.7895813
2019-11-22,198.3014731837303,201.4545501630663,196.82593384019415,200.4620819091797,2384474,0.010940564928554553,0.01088114991117287,477996622.2983093
2019-11-25,201.12083016464928,202.88620419418524,199.27640912619435,201.35797119140625,4926325,0.004469120911517077,0.004459164045260317,991954807.4295044
2019-11-26,202.67539146943864,202.71052041246836,194.12958147619807,195.93008422851562,8024647,-0.026956404709357118,-0.02732639277349275,1572269762.6141052
2019-11-27,196.3867875556082,201.68290897157203,196.3867875556082,199.63648986816406,4949935,0.01891698079058446,0.018740279666064848,988187648.4755707
2019-11-28,199.88236472100786,203.58877003131053,198.28387435832371,201.0680694580078,6922362,0.007170931480457998,0.007145342609180553,1391865963.4294739
2019-11-29,200.41816762378448,201.83222446862246,195.9476452091652,198.0028533935547,2544555,-0.01524466849816386,-0.01536206307942985,503829150.61683655
2019-12-02,198.49470438923646,198.54739780404714,191.7054790580023,192.76821899414062,3904811,-0.026437166483705088,-0.026792912322300643,752723461.9787292
2019-12-03,192.346623908217,193.72553794246878,188.91248810456446,191.52980041503906,4261966,-0.006424391871043822,-0.0064451170887988955,816293497.3556824
2019-12-04,190.9413450617692,194.8058448116698,188.95639489962187,191.3102264404297,2325399,-0.0011464219882940663,-0.00114707963265504,444872609.25434875
2019-12-05,191.31023190542552,197.41438743835874,190.9940439276902,194.77072143554688,5689924,0.01808839527036321,0.01792674664778436,1108230602.3934326
2019-12-06,194.66528760427474,194.77068816367458,187.77945241576558,188.49087524414062,2565148,-0.032242249477339224,-0.032773480749773806,483506991.65075684
2019-12-09,188.16593833496478,194.10321058440314,186.54986955489082,192.06556701660156,3430871,0.018964800114758207,0.018787210086298824,658952183.9758148
2019-12-10,190.2387320025335,191.46834131706507,187.7004526181886,188.47335815429688,2276700,-0.018703034167463217,-0.01888014776210127,429097294.5098877
2019-12-11,187.9551631411337,190.78327701955456,186.85729421362066,189.34288024902344,3173849,0.004613501362960237,0.004602891784568772,600945711.1354828
2019-12-12,190.49340941717114,194.98149582087314,190.06304553275365,193.26004028320312,4246899,0.0206881823548255,0.02047708837932187,820755871.8186951
2019-12-13,194.40183073529295,196.6853905975376,193.14586799699077,194.13833618164062,4505517,0.004544632698774365,0.00453433703713969,874693574.0180969
2019-12-16,193.75188907624477,195.6050850338658,192.7506317860654,193.4093475341797,2925115,-0.0037549958539815353,-0.003762063549238309,565744583.612442
2019-12-17,190.40558818711082,194.80585258790515,187.60382816362645,191.96896362304688,8021666,-0.007447333489805974,-0.007475203334763762,1539910908.550232
2019-12-18,193.22491589692996,197.91500068549317,189.896180670953,195.61387634277344,4286141,0.018986989620279227,0.01880898636739994,838428655.5616913
2019-12-19,195.61388277528027,199.71552357660323,195.54361113957464,198.8723602294922,5028238,0.01665773383586,0.016520515521652627,999977558.8556213
2019-12-20,198.86359401275348,208.9464263983341,196.91378628496778,207.64654541015625,10163215,0.044119681440593084,0.043174120285287026,2110356485.0106812
2019-12-23,207.26004456491498,207.9538891786457,203.3691917452591,204.22991943359375,3996030,-0.016454046802530597,-0.016590918098685833,816108884.9542236
2019-12-24,203.58880255803692,204.36170803835978,201.5687233812965,202.71051025390625,2931863,-0.007439699256119758,-0.007467511849380123,594319444.7245483
2019-12-26,201.9902965480787,205.09945519412378,201.63897965319717,203.08816528320312,2699586,0.0018630263858734342,0.0018612931046480853,548253967.7642212
2019-12-27,204.344156323726,205.46836504139907,202.5260753230317,204.58128356933594,2672291,0.007352069403210537,0.007325174681746855,546700722.8507843
2019-12-30,205.34536621620794,206.57498907101996,203.28138295069596,204.25628662109375,2195656,-0.0015885957042206522,-0.001589858860316532,448476541.2573242
2019-12-31,203.7381043275584,206.8297124472062,202.72807163183657,205.7142791748047,3703482,0.007138054734225019,0.007112699408498933,761859130.066864
2020-01-01,206.34664314192696,206.829714221834,200.2688411816422,200.681640625,2196560,-0.024464215950358192,-0.024768436814072443,440809264.53125
2020-01-02,201.12958198057285,204.44075287255893,201.12958198057285,203.843505859375,3168384,0.015755627791997906,0.015632796399021737,645854502.46875
2020-01-03,203.74688720703125,204.99406084626958,202.18352560190624,203.74688720703125,2353761,-0.0004739844516332692,-0.00047409681777140194,479571476.9793091
2020-01-06,202.21866309819796,202.3591926172583,195.36795564122485,196.2286834716797,5609275,-0.03689972317325352,-0.037597742982334634,1100700648.480606
2020-01-07,197.01036621351773,202.18352199765718,195.49090893281334,197.48463439941406,2259925,0.006400445161808488,0.006380049294831985,446300462.3950958
2020-01-08,193.22491777167687,199.1885435865222,192.56618825529438,198.54737854003906,2488271,0.005381401666296748,0.0053669736631237,494039684.14720154
2020-01-09,200.09317746749952,202.73685715985755,197.10698373180705,201.4984588623047,4429857,0.014863355759041186,0.014753978563070013,892609358.4803925
2020-01-10,201.97277735460432,202.78958725513465,197.8623467558978,198.64402770996094,3238158,-0.014166019772361316,-0.014267315607585096,643240747.4812317
2020-01-13,199.54863905521708,205.85480652055253,197.65152497635378,205.1873016357422,4603870,0.03293969620539028,0.03240881109116475,944655662.3817444
2020-01-14,204.48465061730238,213.1446495040215,195.2625611852726,198.916259765625,11214451,-0.030562524191920182,-0.031039297551762785,2230736648.244873
2020-01-15,198.03796529619228,198.14336586881515,189.72929716304648,193.0229034423828,9560897,-0.029627323227302216,-0.03007507841327659,1845472098.4535675
2020-01-16,193.75188600241123,195.42064812623556,192.03043047082778,193.07559204101562,3540302,0.0002729655273709941,0.00027292827905961014,683545904.6539917
2020-01-17,193.13708679860693,195.32404904464596,190.52854975482518,191.07308959960938,4240326,-0.010371598088798617,-0.010425757920394739,810212189.7295532
2020-01-20,192.87360062927888,195.64900694165735,187.48964359112267,188.55238342285156,6226911,-0.013192366240792563,-0.01328015848412969,1174098910.411972
2020-01-21,188.13082154228042,193.89243570976774,186.69920023594997,191.36294555664062,5697452,0.014906001625479615,0.014795998969269914,1090281196.8875732
2020-01-22,192.55740354128181,192.55740354128181,188.2449756513081,188.8422088623047,2393511,-0.013172543341677612,-0.01326007077975935,451995904.17622375
2020-01-23,190.01913266956763,191.2838845306133,188.92126390328949,190.42315673828125,2333040,0.00837179296673729,0.008336943872509708,444264841.5966797
2020-01-24,190.23869557944778,193.751878131385,189.89616781121066,190.39678955078125,2219067,-0.00013846628714508924,-0.00013847587448645302,422503232.5980835
2020-01-27,189.184784489671,192.52230929945154,188.19230240560202,189.7205352783203,2957203,-0.0035518155219763647,-0.0035581381944780202,561042136.0866547
2020-01-28,189.71173261008423,193.2073509210471,185.6364455361475,189.6853790283203,5549276,-0.0001853054544065369,-0.00018532262558356124,1052616521.3927612
2020-01-29,190.9413727125494,196.9137885338603,190.55492680794075,194.49847412109375,6731533,0.02537409639809307,0.025057518099957626,1309272896.9957886
2020-01-30,194.4545470975694,194.69168809750482,180.93757887365263,183.32655334472656,9032875,-0.057439631991208384,-0.05915531077343501,1655965840.543747
2020-01-31,179.76945117333202,185.31148899291048,178.583746179768,179.26882934570312,10177347,-0.022133858543630147,-0.022382487991342095,1824481082.5350037
2020-02-03,173.90243543809902,176.53732624195646,169.60757140541006,173.54234313964844,6463098,-0.031943568923583965,-0.03246489683819334,1121621170.8611755
2020-02-04,185.32025431903455,195.85101336399146,181.10443780717688,184.3541259765625,31528888,0.06230054660616102,0.06043688335341216,5812480590.25293
2020-02-05,185.49592627333323,200.2512782619421,185.3202678123193,199.0128936767578,23348512,0.07951418294841384,0.07651110932867101,4646654936.166504
2020-02-06,198.93388293102134,216.85110423721073,198.5649877166408,214.08447265625,31541240,0.07573167095380184,0.07300105420313145,6752489732.324219
2020-02-07,215.41061496378822,215.88489684817503,209.6490019903297,214.8485107421875,7724083,0.0035688626851715366,0.003562509406238437,1659507729.3990479
2020-02-10,213.07438387245062,215.51605157257686,210.53611846246972,212.00286865234375,4832770,-0.013244876960112784,-0.013333372621001403,1024561103.5369873
2020-02-11,213.3203089869623,221.64654172259674,211.70424020485774,214.09320068359375,11631840,0.00985992333281982,0.009811631465367357,2490297855.439453
2020-02-12,213.95264382415934,218.88867188945542,213.469586575504,214.06683349609375,8940845,-0.00012315751932245877,-0.00012316510383247428,1913938377.9293823
2020-02-13,216.93887431048498,225.19484900127873,213.08316375315354,221.75193786621094,12410234,0.03590049072341439,0.035271087798782075,2751993438.8731384
2020-02-14,223.13087065197243,227.56626409762552,221.16349858985487,225.9677734375,8635663,0.019011493707137728,0.018833033575540815,1951381540.2666016
2020-02-17,226.4244738755224,228.35673072159906,223.18357454780198,224.70301818847656,5306659,-0.005597060278921817,-0.005612782513780428,1192422293.7970428
2020-02-18,224.3165566506317,225.15093085236765,218.7569412433178,223.78958129882812,5270296,-0.004065085093259646,-0.004073370011889358,1179437335.1608887
2020-02-19,223.09573499811108,229.0681501526155,222.30526505013734,226.78457641601562,6498152,0.013383085574427467,0.01329432315111551,1473680648.8068848
2020-02-20,225.01917709392646,238.79083456509917,224.31654333323615,235.6114044189453,17032706,0.03892164159672684,0.03818329213806737,4013099781.7149963
2020-02-24,235.3830769851916,240.12586911621517,230.85986136577608,234.60140991210938,11650874,-0.00428669617808497,-0.004295910401960231,2733311467.1083374
2020-02-25,235.37428568068037,236.8322604146799,230.11329388887205,232.37930297851562,9680263,-0.009471839638245272,-0.009516982796629441,2249492768.5887146
2020-02-26,230.97405882837342,231.51859869226234,222.74442332644182,224.3077850341797,9315406,-0.0347342376919092,-0.03535181420360868,2089518086.5541077
2020-02-27,224.30775742401303,224.30775742401303,218.00160420186282,220.9438934326172,11647620,-0.01499676705848585,-0.015110355641308451,2573470512.0236206
2020-02-28,213.4256707152971,221.67286924371683,204.97647392872173,210.14085388183594,68263144,-0.04889494515075121,-0.05013075476788384,14344875368.818726
2020-03-02,215.18228822704998,238.5712705953503,215.18228822704998,225.4759063720703,13413992,0.07297511267779178,0.07043526923026429,3024532004.2677
2020-03-03,225.85357816031487,229.19108871805895,219.7494229383132,220.82093811035156,8501584,-0.02064508060580683,-0.020861169572345357,1877327754.303955
2020-03-04,223.06938557427603,223.06938557427603,197.91501383392173,204.70423889160156,26657015,-0.07298537610005063,-0.07578593802836299,5456803966.697006
2020-03-05,206.7506595354221,210.6151592585073,198.02919189230434,206.33786010742188,18451432,0.007980397595407807,0.007948722630132252,3807228994.7976074
2020-03-06,197.79204683314234,198.31902218161602,175.42187245486923,194.15589904785156,17605691,-0.05903890373404208,-0.06085348322062797,3418248764.463669
2020-03-09,183.91499682415915,185.8911579137268,171.62763886830822,173.4896240234375,18188971,-0.10644165397890204,-0.11254364598739085,3155597740.163208
2020-03-11,168.6502289368782,178.37295464137034,167.1044316789403,173.5774688720703,14345210,0.0005063406479048904,0.0005062125007346195,2490005242.238312
2020-03-12,168.2813531981317,168.2813531981317,145.9023867607964,147.7995147705078,15827157,-0.14850979374841167,-0.1607672807052717,2339246124.796646
2020-03-13,134.02784984163733,154.30769130388617,125.92117847228518,145.09437561035156,14103988,-0.018302760765869786,-0.01847232851728846,2046409332.475891
2020-03-16,138.41931306759,149.86349459241177,131.54226546987505,134.1420135498047,15813430,-0.07548440120076916,-0.07848535561019224,2121245341.328888
2020-03-17,134.37913039203252,145.68279411420264,134.0278135188215,136.46946716308594,17656438,0.017350668531728175,0.01720186445007271,2409564685.8580627
2020-03-18,140.4393653366799,140.4393653366799,118.93870969347796,120.73042297363281,17477319,-0.11533015052110085,-0.12254075501147711,2110044115.3151093
2020-03-19,115.93495038926591,128.4418707595424,102.93618359953098,109.37408447265625,18719938,-0.09406360237350242,-0.09878617669864051,2047476080.1348877
2020-03-20,111.89479370903194,116.76932616236208,100.09050699331766,102.04032135009766,21766088,-0.06705210981118703,-0.06940593158222826,2221018614.0545044
2020-03-23,91.8433271319285,96.61247343022715,77.28997874418172,79.40666961669922,11334920,-0.22181086294057206,-0.25078567758921533,900068247.5717163
2020-03-24,78.69524333937784,91.08798916236837,77.4744162665575,85.17706298828125,18324009,0.07266887529014965,0.07014981890258756,1560785268.7908325
2020-03-25,80.80313999565104,101.88222238659976,79.64379562207834,99.5986557006836,13457734,0.16931310151403656,0.156416483680204,1340372215.1773834
2020-03-26,103.46316230200541,119.5183949464458,97.66641253205455,114.42428588867188,19072393,0.14885371779055578,0.13876467813378932,2182344949.2131042
2020-03-27,119.69403193389816,143.03033170338202,119.48324457212497,127.38790130615234,20152971,0.11329426543324295,0.10732342677657343,2567244680.7737503
2020-03-30,121.20471851450507,122.23232941191101,101.9173624759507,107.04660034179688,18705667,-0.15968000693777862,-0.1739725155638755,2002378059.4757385
2020-03-31,112.94873487538177,117.7442336843855,106.2736935036333,116.04911804199219,19371894,0.08409905285595731,0.08074927601620722,2248091213.50296
2020-04-01,113.31763834916573,117.49831942435688,106.63380696656637,109.19843292236328,14566228,-0.05903263407094572,-0.06084682020104744,1590609271.1898499
2020-04-03,111.49077964160936,111.49077964160936,90.46439591774165,91.45687103271484,26790698,-0.16247084701537928,-0.17729920635487784,2450193411.8624115
2020-04-07,94.0829614828501,99.14194104924259,87.84706624466884,94.54845428466797,34760386,0.03380372865421166,0.033244940519488016,3286540766.6384125
2020-04-08,92.22097384405905,106.97632360713833,90.14819468859342,104.59614562988281,26753505,0.1062702867141867,0.10099425544456929,2798313505.089798
2020-04-09,109.96254171846985,119.5710838033136,106.80945806208535,118.73670959472656,17482271,0.13519201763782607,0.12680181515982097,2075787334.78331
2020-04-13,115.22353091849756,122.40799074832115,108.94372384034577,113.31763458251953,15848592,-0.04563942382017727,-0.04671371649102104,1795924956.9034424
2020-04-15,114.35403913149237,124.19094875535059,112.51840038378664,116.41802978515625,16997200,0.027360218151915028,0.026992617405810215,1978780535.8642578
2020-04-16,114.3540010724365,122.94372020510366,112.9311623044579,119.66767883300781,22650772,0.02791362346406845,0.027531139635132755,2710565309.015686
2020-04-17,127.35279587175019,143.60126703828254,123.83962629956268,140.8873291015625,22884553,0.17732148292243544,0.16324192855502664,3224143549.8531494
2020-04-20,142.2838059003151,144.56736587072538,119.79945434233869,120.335205078125,38988900,-0.14587631233055698,-0.15767926234431795,4691737277.270508
2020-04-21,114.52968916564346,118.51714751593391,101.5836211618101,103.39290618896484,37973339,-0.14079253762987098,-0.15174487001137885,3926173876.90876
2020-04-22,105.21973861478992,109.41798342667369,99.42298967957949,106.4581298828125,47074891,0.029646363632003236,0.029215407008541167,5011504860.297241
2020-04-23,107.67896325016595,115.93493710699492,107.67896325016595,113.05413055419922,25187388,0.06195863743471253,0.06011497425967281,2847538251.2712708
2020-04-24,107.15200387782066,122.7856479960282,101.75048906916905,117.37535095214844,66007078,0.038222578660030315,0.0375101920651187,7747603945.575836
2020-04-27,117.86718672288475,120.48451265570863,111.89478590139157,112.7818603515625,30305312,-0.039135053171927114,-0.039921413885515095,3417889465.8945312
2020-04-28,115.7593084214199,123.31265048754219,114.40672713666915,122.13573455810547,24649950,0.08293775415111226,0.07967749097567854,3010639750.070572
2020-04-29,123.48829666476122,125.84212828916596,119.79066612564318,122.46068572998047,24473248,0.002660574098569013,0.0026570410365634265,2997010732.119873
2020-04-30,125.61377609562615,140.44819038331954,124.71791922633268,137.18971252441406,34771661,0.12027555379618193,0.11357468522170529,4770314176.58638
2020-05-04,129.98768615081937,134.1859388983724,121.2398637002636,131.28756713867188,29957456,-0.043021778216000395,-0.04397464454465294,3933041515.9038086
2020-05-05,135.0202881961521,138.3402479395596,127.54600828793606,129.9174041748047,26163924,-0.01043634971482077,-0.010491190303243485,3399149089.1068726
2020-05-06,128.92492855785218,139.64891085636458,126.78189817327763,137.2335968017578,25532074,0.05631418418050549,0.05478566393111515,3503858348.828644
2020-05-07,135.43311516723062,141.75684798879917,130.8923344954049,132.72796630859375,20184197,-0.032831832715663034,-0.03338289246021157,2679007419.382019
2020-05-08,136.0479220730082,138.59497683623894,128.81955726249348,130.76058959960938,15570361,-0.014822623774783161,-0.014933576636027459,2035989584.6387634
2020-05-11,133.46573591345395,134.88856815852003,127.53723842430401,129.3114013671875,13766164,-0.011082760003295444,-0.011144631349503187,1780121958.2905273
2020-05-12,124.5422495632636,124.60373208869112,113.1244081666539,117.7091064453125,38395737,-0.08972368096862227,-0.09400707827552043,4519527893.579224
2020-05-13,123.50587152382005,126.99270119995094,116.56734111573229,117.98138427734375,30865033,0.0023131416103117086,0.0023104704166967117,3641499319.105896
2020-05-14,122.09181973448277,126.47450644348923,112.79945023656629,113.86219024658203,51965854,-0.03491393202404336,-0.035537992007917824,5916945954.474106
2020-05-15,112.72916214962021,115.91737444843173,110.00644264217638,112.65889739990234,32669666,-0.010567975585871081,-0.010624213202613295,3680528549.983078
2020-05-18,112.94873592490868,113.19465911937962,100.75800427740504,101.2059326171875,36118323,-0.10166054388106205,-0.10720726861356206,3655388563.7838135
2020-05-19,103.2875114193385,109.08425473723668,101.27621435433988,103.1294174194336,46902063,0.0190056526579494,0.018827301485210998,4836982432.959572
2020-05-20,103.11184358737155,105.73794506464186,100.12563608645654,101.67144012451172,31786880,-0.014137356065846762,-0.014238240438347274,3231817866.665039
2020-05-21,102.05787899881159,104.66641582762746,100.1607650563487,101.01271057128906,23458867,-0.006479002878447937,-0.006500082717821224,2369643742.601364
2020-05-22,100.65261317924258,102.52338045047729,92.70403751928868,95.05786895751953,44794085,-0.058951408986960496,-0.06076050309652338,4258030262.0019913
2020-05-26,96.63001202942559,98.15824452185396,93.45058201520723,94.5045394897461,21553675,-0.005820974884474972,-0.005837982792631268,2036920130.1866531
2020-05-27,95.38284481122537,99.49326783761067,94.27619378051388,97.49075317382812,35686663,0.03159862690411863,0.031109663988996835,3479119654.1305847
2020-05-28,99.24733917185986,102.39163363420623,98.28121083355207,99.68648529052734,35909718,0.022522465415609094,0.02227257976006977,3579713575.193985
2020-05-29,99.42301195641738,101.40796232716514,96.08548721878498,100.5296630859375,52742343,0.008458295956094597,0.00842272500983551,5302169972.152954
2020-06-01,102.76052497953341,106.15074274618208,101.09176280095312,101.87344360351562,47660217,0.013367005084155004,0.01327845489942832,4855310428.680817
2020-06-02,101.87344032020695,104.21848952955477,98.90480431133774,102.9361801147461,43884702,0.010431928809303548,0.010377891722430439,4517323589.353958
2020-06-03,105.57107476672107,112.59743401953662,104.99139907958467,108.35527038574219,64900364,0.05264514639027085,0.05130618337524448,7032296489.353088
2020-06-04,108.32891150609133,111.88601245222901,106.49327994334261,107.6789779663086,43446986,-0.0062414353914305165,-0.006260994576702045,4678327048.196518
2020-06-05,109.5058226507605,109.997669060234,105.46567143520403,108.01272583007812,34226016,0.003099470946631433,0.003094677488791719,3696845282.463867
2020-06-08,109.7868744321566,115.05664132389705,109.7868744321566,110.97257232666016,42807428,0.02740275716435825,0.0270340226802485,4750450399.848297
2020-06-09,111.8772263280511,114.34523375178378,107.67897422319255,108.83832550048828,33829097,-0.01923220108739554,-0.019419545790413717,3681902270.6735916
2020-06-10,109.36530675878244,112.72039572991899,107.52088604818653,111.5434799194336,29463487,0.024854796382669297,0.02455094048966485,3286459870.5409927
2020-06-11,108.07420392414984,118.74547836406354,108.07420392414984,112.0528793334961,78834902,0.004566823757250926,0.004556427457664799,8833677761.07399
2020-06-12,108.03029814702315,121.85466451604505,106.44936510951453,120.22103118896484,62866209,0.0728955106201099,0.07036107831040721,7557840472.920982
2020-06-15,121.20473214101897,124.28755142534531,116.63759806421284,118.18339538574219,58269452,-0.01694907940042434,-0.01709435895628626,6886481684.626526
2020-06-16,122.60998341413172,122.7856418644021,112.14949587929698,115.13569641113281,49514874,-0.025787877938875492,-0.026126214594187513,5700929500.699493
2020-06-17,114.00270691595576,116.90986066647024,112.5974323355141,113.83583068847656,32228040,-0.011289858516290385,-0.01135407273941452,3668705704.86145
2020-06-18,113.81826495766958,117.83206973091868,112.59743108906375,117.09430694580078,20756310,0.028624346461189054,0.028222323591674262,2430445734.202194
2020-06-19,117.19969084943314,121.58239066051765,115.15326501622215,115.73294067382812,35029627,-0.011626237922931604,-0.011694351074877323,4054081743.417328
2020-06-22,118.28877349531837,120.66894467715464,116.90107043946279,118.08676147460938,22841765,0.020338382374773145,0.02013431970641776,2697310055.214081
2020-06-23,119.97511368421559,120.50208906587935,117.70032905506983,120.14198303222656,17707425,0.01740433501564942,0.017254614273850142,2127405153.8944244
2020-06-24,121.20471658562867,126.22856755169957,119.09681516892925,119.84335327148438,47148729,-0.002485640349902396,-0.002488734682539157,5650461785.84848
2020-06-25,118.66643409079194,122.02152279442491,117.34021350884326,121.28376007080078,20789342,0.012019079573427849,0.011947424020978674,2521409567.1578217
2020-06-26,123.31263348095247,128.93371775855672,122.62755038101949,123.8220443725586,46059822,0.020928476329197476,0.02071248416183517,5703221323.4761505
2020-06-29,122.92616693269566,123.2687084633061,120.1858897057258,121.31011199951172,19406481,-0.020286633012526534,-0.02049523276475984,2354202383.626396
2020-06-30,123.699071587295,124.44562340804728,120.24737149389246,121.13445281982422,14633073,-0.0014480176202310568,-0.0014490670108917524,1772569290.9275436
2020-07-01,121.67023052143013,124.71792099932453,120.3352205575148,123.1984634399414,19160826,0.01703900560138094,0.016895469921287834,2360584321.4400787
2020-07-02,124.24362789942225,125.33270763898884,121.4243033273376,122.6012191772461,13257540,-0.004847822334947072,-0.004859611141099623,1625390567.2911072
2020-07-03,123.78691509138973,124.36659768003513,121.0378620539665,122.25868225097656,14183569,-0.0027939112560888546,-0.0027978215111109173,1734064455.5558014
2020-07-06,123.92742168228509,125.23607775075095,121.38036741970932,122.53971862792969,13310118,0.002298702814219844,0.0022960648387467726,1631018114.6245422
2020-07-07,122.96130290212405,127.9939430540572,122.05667080460691,127.1507797241211,48060904,0.03762911444404482,0.03693841303665971,6110981417.84613
2020-07-08,128.23111654585512,137.77818551194247,128.23111654585512,133.1320037841797,69896387,0.04704040410161903,0.0459675214987482,9305446058.584488
2020-07-09,134.85146514436684,138.63739909466645,128.72185059153588,130.05593872070312,30924865,-0.023105376438735004,-0.023376489909615324,4021962347.386017
2020-07-10,129.62326657512077,131.39002936701797,125.04408425541043,125.99958038330078,25107850,-0.031189335737397017,-0.03168607910090433,3163578564.3268585
2020-07-13,127.27957249171686,128.5145182334468,122.9527853133105,124.24181365966797,19801490,-0.013950576012122795,-0.014048799887400815,2460173030.7637787
2020-07-14,123.31335690930806,125.81027589958796,118.53586309818175,121.68180084228516,22900460,-0.020605082475658176,-0.020820329104205598,2786569212.9167175
2020-07-15,122.95278689965632,124.03449402407212,117.30093457152323,118.00403594970703,20145055,-0.030224444963178776,-0.03069062081868691,2377197794.4288254
2020-07-16,119.32913976579333,122.52013793794823,116.19221045579931,121.51055908203125,18430920,0.029715281380873204,0.029282338185066276,2239551393.5961914
2020-07-17,122.41197523075706,125.45874398508823,121.95224547085908,124.07958221435547,15845655,0.02114238591059303,0.02092198676640525,1966122252.3128128
2020-07-20,125.35959632009475,127.45987791028342,122.81760335852388,124.539306640625,15304000,0.0037050771614892675,0.0036982302700655514,1905949548.828125
2020-07-21,126.73874378217336,126.90099161025462,122.06040550979831,122.49308013916016,11892635,-0.016430366899098825,-0.016566842336592485,1456765492.120781
2020-07-22,123.83621158377701,126.91002167551498,122.01535216032607,125.31452941894531,22858225,0.02303354015247061,0.022772272504834188,2864467709.227371
2020-07-23,125.76519297212658,128.63168078944756,124.92687141410516,126.76576232910156,20176900,0.011580723455494546,0.011514180131417306,2557740109.9380493
2020-07-24,125.96353605808584,128.18100571726282,123.4936579475228,127.43283081054688,15248350,0.0052622133073558786,0.0052484162438049715,1943140405.6900024
2020-07-27,128.36131030341454,128.53258111370323,122.48410265713352,123.07902526855469,14390240,-0.034165493415624915,-0.03476277768190082,1771136712.5805664
2020-07-28,123.92632802401228,125.94549927909134,120.91561014045388,125.3505630493164,17310970,0.018455929235751567,0.01828768548418075,2169939836.429825
2020-07-29,125.2964829708296,131.52525387858398,124.68352836132375,130.62384033203125,28290470,0.0420682377042072,0.04120742842710155,3695409836.19812
2020-07-30,131.60638116927947,132.8323041741862,122.59224547275348,123.24126434326172,25095445,-0.056517829899992544,-0.058177811967348746,3092794371.0567856
2020-07-31,123.49365655495023,125.28747447403978,121.18604006383718,124.62943267822266,18297860,0.011263827439278007,0.011200862908233964,2280451911.025543
2020-08-03,124.82775282358473,127.00917210858374,120.51899686945346,120.9697036743164,15999280,-0.029364885366646942,-0.02980466439081214,1935428160.602417
2020-08-04,121.33028228787695,122.17759956159401,116.46264034540506,118.0311050415039,21306715,-0.02429202141987563,-0.024591939613438224,2514855116.254387
2020-08-05,118.69813230318677,120.69927152907557,114.67783548323325,115.79559326171875,24257215,-0.018940022454242644,-0.01912168209532362,2808878601.802063
2020-08-06,116.10208337319158,120.0682980168813,115.93081257528333,119.12181091308594,21276985,0.028724907033805147,0.028320081006974893,2534552983.970566
2020-08-07,119.52745255035806,122.59225338314452,118.8063188972082,122.00634002685547,14479860,0.024214953514047455,0.02392642012919361,1766634722.7012634
2020-08-10,122.23167302829924,123.78210530967219,120.80743808357394,121.5736312866211,13149795,-0.0035466086445927747,-0.003552912770958121,1598668328.8246536
2020-08-11,122.59222941662107,122.9527892954671,119.97813590879302,121.75392150878906,10408940,0.0014829714327024845,0.0014818729164787223,1267329263.7496948
2020-08-12,120.78941677849407,121.14997669992172,117.18376254630022,119.8609619140625,20110705,-0.015547421974329678,-0.015669550650535404,2410488446.0699463
2020-08-13,120.50093073676695,127.1894299371659,119.77981105609351,126.6125259399414,27781705,0.05632829837223907,0.05479902557829431,3517511844.9683
2020-08-14,127.64015197815816,131.71453093138305,121.9972948918032,123.73703002929688,60667095,-0.02271099079097849,-0.022972857777509265,7506766155.805206
2020-08-17,125.83736223013769,127.80243755970405,121.79000963016982,122.4119873046875,21394200,-0.010708538295251202,-0.0107662873333371,2618906538.7939453
2020-08-18,123.40350969800895,125.11620369853885,121.34828790095644,124.62943267822266,22155020,0.018114609707428952,0.017952495000972235,2761167573.5746765
2020-08-19,125.83733482045048,127.6221297661229,123.65590196470988,124.20576477050781,19863345,-0.0033994209763330563,-0.003405212135937882,2467141956.6254425
2020-08-20,123.74603368648687,125.56689265333948,122.24067491967251,123.99842834472656,14624945,-0.0016692979280337195,-0.0016706927582942886,1813470194.628067
2020-08-21,125.65703632918324,126.01760998167225,123.32237866654054,123.76407623291016,9103730,-0.00188996034018174,-0.0018917485687013412,1126714733.7238312
2020-08-24,124.39507308130428,124.57535304501896,122.69140197841342,123.36746215820312,11317105,-0.0032045977054008246,-0.0032097434248755576,1396162522.8279114
2020-08-25,124.14266895444172,127.42381356102167,124.03450373532235,125.28746795654297,21874405,0.01556330789943372,0.015443441699708247,2740588815.5059433
2020-08-26,126.19788107976385,131.78664163382933,124.96294907348752,130.94833374023438,42148055,0.04518301691319149,0.044192005884387243,5519217572.641754
2020-08-27,132.50776627661511,134.85144655608735,129.28070473988552,129.87564086914062,34442525,-0.008191726007157007,-0.00822546256137387,4473245007.526398
2020-08-28,131.37202483710726,141.28757457458798,130.7049738122457,139.3134765625,67783000,0.07266825118398224,0.07014923707685983,9443085381.835938
2020-08-31,140.6565478317331,142.94614568333444,125.83732235750095,126.63957977294922,47226170,-0.09097394668680825,-0.09538152370472948,5980702323.085861
2020-09-01,127.82046555908178,129.80357295048455,122.12352436632605,127.33369445800781,33124360,0.005481024860498396,0.00546605870541098,4217847135.3570557
2020-09-02,128.00072305153753,128.5686179848192,123.06998987306716,124.82774353027344,18654170,-0.01968018707382113,-0.01987642083415342,2328557948.530121
2020-09-03,126.18889602885125,128.42439792709,124.93593166298388,125.78324890136719,18043260,0.007654591391872856,0.007625443655364972,2269539863.5720825
2020-09-04,124.21479979147463,125.84635624564491,120.61815449013815,123.93536376953125,19787000,-0.014691027207326735,-0.014800009034589712,2452309042.907715
2020-09-07,124.93590495867295,125.06210228673314,121.78095800269108,123.95335388183594,13560900,0.0001451572154831382,0.00014514668119394118,1680919036.656189
2020-09-08,124.35901514138718,124.39506563017889,118.62602460999108,119.4643325805664,17598430,-0.03621540814094382,-0.03688746176916995,2102384694.4158173
2020-09-09,118.26546347486563,118.26546347486563,113.5961406765333,115.17361450195312,28371765,-0.03591631063371681,-0.0365771734444545,3267678724.850006
2020-09-10,116.28235884802508,117.80575009101453,111.89247197229702,113.49699401855469,29577885,-0.01455733147430227,-0.01466432909356972,3357001036.9264984
2020-09-11,114.11894741449922,116.73304793284474,113.0282379077313,116.03895568847656,18580305,0.022396731225377664,0.022149607477745453,2156039188.5733795
2020-09-14,117.18376627404864,117.2739131345129,113.83952269257342,114.74093627929688,18452905,-0.011186065933447509,-0.011249100482215271,2117303596.7729187
2020-09-15,115.21868216994685,118.08517759583613,114.52459674746827,117.60742950439453,15997600,0.024982306385579633,0.02467535037853124,1881436614.239502
2020-09-16,117.96798385925368,120.0232056001452,116.39051018724174,118.68911743164062,19950565,0.009197445533878135,0.009155406602289631,2367914952.1125793
2020-09-17,117.96798706054688,119.16686873434743,116.57981624347633,117.96798706054688,13616760,-0.006075791839206257,-0.006094324567908918,1606341767.4865723
2020-09-18,118.25644736972677,119.2840582799689,114.29924238372213,116.57080841064453,14308610,-0.011843710185418743,-0.011914405673244376,1667966234.9326324
2020-09-21,117.07559594821485,117.69757349669315,113.75838694115704,114.92121124267578,16103830,-0.014151031381353318,-0.014252111955276741,1850671649.2461395
2020-09-22,114.93022822803225,116.6429084802269,110.52231649558335,115.49812316894531,20122560,0.0050200647907485685,0.005007506277660768,2324117913.354492
2020-09-23,116.31839245963181,117.27390232726773,109.42258465846477,110.53132629394531,17343095,-0.043003269133081945,-0.043955303557046604,1916955292.3918915
2020-09-24,108.16961977307471,108.16961977307471,100.15605432506524,101.65239715576172,44394795,-0.08032952680375072,-0.0837398544097222,4512837332.988625
2020-09-25,103.12170571733985,107.05186912530438,102.9594510123417,106.4208755493164,21093985,0.046909650209703946,0.045842634191320966,2244840352.524147
2020-09-28,107.98935489914459,112.9651550773186,107.62878807411975,110.90091705322266,18254035,0.04209739377524824,0.04123540707774482,2024389221.4216232
2020-09-29,112.14486659690967,112.88402545615482,108.92681351966797,109.88231658935547,14131620,-0.009184779449374125,-0.009227219605003879,1552815142.7604675
2020-09-30,110.87387921905601,114.2091069812534,108.96287980061207,111.65811157226562,21418750,0.016160880458559346,0.016031683528772652,2391577177.2384644
2020-10-01,113.03725495336965,119.82489067147985,112.70372948056328,118.7522201538086,31031565,0.06353419811288519,0.06159751133568787,3685067238.5972214
2020-10-05,119.34714411993568,121.87110471781658,116.85924776523406,118.10320281982422,14426150,-0.005465306948735482,-0.005480296378259523,1703774519.3592072
2020-10-06,119.34714593044811,119.87899036682052,116.471648322059,117.99502563476562,12240375,-0.000915954711436795,-0.0009163744542833622,1444303361.9041443
2020-10-07,117.74264143354357,117.81475617294045,112.91107080703317,114.26319122314453,17276795,-0.03162704861112009,-0.032137985546566675,1974101730.8080673
2020-10-08,115.38092652524618,117.76065758465025,114.12796232644021,115.20965576171875,16935265,0.008283197138489351,0.008249079732396863,1951106050.883484
2020-10-09,114.20909407327201,117.18376154018802,113.64120601238352,115.5792465209961,17527430,0.0032079842339061138,0.0032028496307037646,2025807152.8495026
2020-10-12,116.28234138521852,120.21250479151821,115.68740517473094,119.28404998779297,30896760,0.03205422753923104,0.03155121174402122,3685490664.3008423
2020-10-13,119.51841746700808,120.39278969750472,116.8592502860399,117.49925994873047,14237305,-0.01496252046476576,-0.015075588244364169,1672872801.16436
2020-10-14,117.00347091417153,121.14996461488282,115.35388261695624,119.92404174804688,16828665,0.020636570820738998,0.020426521673541996,2018161524.0238953
2020-10-15,120.78941368558772,121.51054726445717,113.28063728877453,113.96571350097656,15350725,-0.04968418475745173,-0.050960912535099864,1749456327.3822784
2020-10-16,114.84008970004538,117.01249281824713,112.94712258662634,116.66094207763672,13772355,0.023649468720581934,0.02337415231136494,1606695908.9276505
2020-10-19,116.67897236065036,119.86997028246013,116.1381187277094,118.5809555053711,12763000,0.016458065514820097,0.016324099437782152,1513448735.1150513
2020-10-20,117.90489421634081,119.30208795937301,116.64290700301402,118.74320220947266,8548565,0.001368235762733594,0.0013673005811178118,1015083982.3958206
2020-10-21,119.5093947622579,123.13308061916187,116.71500761431867,120.05925750732422,31740925,0.01108320538240104,0.01102223673337295,3810791888.095665
2020-10-22,119.83393212776525,126.86496130735837,118.31054086749734,126.2159423828125,28175610,0.05128038439778537,0.05000883500056605,3556211168.3605957
2020-10-23,126.97313014717034,129.4249764307165,126.07171647688075,128.00975036621094,21913570,0.014212214000334678,0.01411216729614382,2805150625.332489
2020-10-26,127.45988139740962,127.64017512645249,123.755070839057,124.39508056640625,10113485,-0.028237456830154106,-0.028643801517471985,1258067781.382141
2020-10-27,124.39507731961965,134.99569634828745,123.16915426831955,132.89540100097656,40165905,0.06833325237514165,0.06609972592462218,5337864051.5421295
2020-10-28,131.42608872373663,131.60636866964873,127.45986114127948,128.3973388671875,17774320,-0.03384663502205021,-0.03443269445398495,2282175388.173828
2020-10-29,126.19791527978519,127.22552632545562,122.99789396286583,126.0356674194336,14687575,-0.018393461021780078,-0.01856472405686961,1851158317.8979874
2020-10-30,127.45988257621872,131.60639080190663,120.78942717435265,125.01705932617188,42892115,-0.008081903433509008,-0.008114739050923955,5362246085.579987
2020-11-02,125.09819385194776,138.06953661754662,125.09819385194776,135.94219970703125,58773715,0.0873891966403999,0.08377959064299358,7989828102.054138
2020-11-03,135.9331654375627,139.32247541766023,135.21203185013283,137.52867126464844,16268300,0.011670191897999116,0.01160262041520411,2237357682.73468
2020-11-04,137.19517025345277,142.9642265168375,135.57262274954823,142.23406982421875,22749125,0.034213946199739276,0.03364166590138009,3235700633.6898804
2020-11-05,143.00020980553097,148.7151670040483,140.53033233516874,147.0024871826172,26335845,0.033525141791214574,0.032975426685800405,3871434717.055893
2020-11-06,147.11069698825875,155.40369936971706,144.76702987745531,152.59129333496094,34200000,0.03801844621445705,0.03731355550531144,5218622232.055664
2020-11-09,153.98031689586318,155.92311380046334,149.97669824743502,151.66529846191406,24006055,-0.006068464673237739,-0.006086952638640352,3640885496.4681244
2020-11-10,152.5095904709154,158.48323980562455,150.8845326627199,155.7415313720703,23825835,0.026876503402522678,0.02652167386434096,3710672029.118271
2020-11-11,155.74153320984524,161.6879482472274,153.8078099787615,160.35340881347656,31631290,0.029612380209543154,0.029182401518031732,5072185176.667633
2020-11-12,159.23670528303091,159.3547300830887,152.1918021970466,156.35882568359375,20465145,-0.024911120751597626,-0.025226653935456807,3199906039.64447
2020-11-13,155.06063670740156,159.78144948997885,153.87135654410358,159.0642547607422,18289185,0.01730269503701143,0.01715470801980835,2909155582.2063446
2020-11-14,160.14454659652026,160.57123670419386,156.53131171388839,158.38333129882812,1279465,-0.004280807544965293,-0.004289996434873018,202645928.98025513
2020-11-17,158.56491876729052,159.7360379493427,155.6053219916777,156.33160400390625,15728460,-0.012954187022691133,-0.013038824235478925,2458855380.3112793
2020-11-18,155.60532444818045,169.04149340215187,154.1164525333122,168.0065460205078,35810375,0.0746806257825503,0.07202352514366533,6016377415.449142
2020-11-19,166.53586825436912,181.27933117482993,163.65798780079305,165.55538940429688,63358800,-0.01458964947658492,-0.01469712504737569,10489390806.188965
2020-11-20,166.69926271228513,172.49134493833498,164.19360395172436,169.5680694580078,43910455,0.024237689078860036,0.02394861792311941,7445811083.372726
2020-11-23,171.12956245089993,177.85672788568158,170.83904407755966,176.96702575683594,33172945,0.04363413655930315,0.04270898413191705,5870517412.245102
2020-11-24,178.4286442239861,188.7418098723524,176.84899576012097,186.87164306640625,39408005,0.055968716585540035,0.05445856039974585,7364238644.319153
2020-11-25,187.88846909240033,197.47535404861694,187.56164283922573,193.3718719482422,43692190,0.03478445833285693,0.03419315221120741,8448840569.818268
2020-11-26,192.34597818486202,192.464002996915,185.6369741061993,190.95697021484375,25519515,-0.012488381630006762,-0.012567016838104504,4873129265.752258
2020-11-27,192.46403373415814,198.25611616335493,191.39277830888634,194.3160400390625,67609335,0.017590715963075265,0.01743779009814254,13137578246.87439
2020-12-01,196.0772440234556,196.09540488413913,184.9651799457349,185.84579467773438,19857690,-0.043590047222171635,-0.044568636950830284,3690468178.514099
2020-12-02,187.6887499889895,189.7404842092638,185.20123817554938,187.10772705078125,18406465,0.006790212149998531,0.006767262489612494,3443991829.1897583
2020-12-03,188.83262931903346,192.26429810902079,186.7082655638373,187.67965698242188,16262005,0.003056687934033908,0.0030520257615922956,3052047520.2464294
2020-12-04,189.0141885881613,189.7949394043649,179.07324325409695,182.1326904296875,25299565,-0.02955550240191407,-0.03000106750037933,4607877840.150757
2020-12-07,183.56708968533167,197.3663935682539,183.39459613573493,193.0813446044922,34630940,0.060113613591138426,0.05837608501347722,6686588460.117493
2020-12-08,195.1875665225253,196.1498844015101,189.87664347374792,193.6896209716797,20765030,0.003150363223508146,0.0031454112269541745,4021970790.165558
2020-12-09,194.6428532977538,195.7776647415436,190.4667554962146,192.8816375732422,12326970,-0.004171536886613203,-0.004180262019875499,2377646159.9162292
2020-12-10,191.01143457539453,192.82713267536093,186.1090552465561,190.6029052734375,13328860,-0.011814148451219975,-0.01188449006948097,2540519439.98291
2020-12-11,192.46399883692408,195.20570685004873,187.92475358133626,189.42269897460938,17879175,-0.006191963848268811,-0.006211213559901906,3386721583.9393616
2020-12-14,192.46402576482186,194.9696845095126,189.99467489207774,194.27972412109375,14980145,0.025641199142323545,0.025317977148041022,2910338437.893982
2020-12-15,194.64285186418707,200.03547802178744,191.30197364756165,198.3468780517578,18580105,0.020934525973122176,0.020718409773806096,3685305820.6238556
2020-12-16,200.24428283016715,201.1793662958583,193.3718584872277,194.83349609375,17984290,-0.01771332119021818,-0.017872079617148245,3503942095.463867
2020-12-17,194.64284568747064,195.3872886147758,190.9115852520701,191.82852172851562,10168720,-0.015423294379465657,-0.015543470661721227,1950650525.4711914
2020-12-18,191.9011820467679,192.77270958356792,184.48405521488175,186.61749267578125,17274385,-0.027165037846192952,-0.027540828702021913,3223702416.2161255
2020-12-21,187.03509727482003,187.19850348259286,171.4745624400881,175.55079650878906,18966675,-0.0593014942399791,-0.061132588439615436,3329614903.373337
2020-12-22,175.92299378892906,177.23937218570111,166.69924380232456,170.30340576171875,22851915,-0.029891010758288372,-0.030346853753623698,3891758952.677307
2020-12-23,170.27618410026258,176.1045739721337,168.31522661458294,174.60662841796875,22133360,0.025267977683728127,0.024954020063122324,3864631365.161133
2020-12-24,176.9125595863806,186.94429547341747,176.14089611979543,180.95249938964844,33020905,0.036343814832098476,0.03569895637997099,5975215291.858139
2020-12-28,182.45046723225462,186.9806400351073,181.24302605187071,184.4840545654297,21567085,0.019516476355359247,0.01932847211351234,3978783285.95726
2020-12-29,186.5993415027405,190.57572592235962,185.5643938411154,187.90664672851562,20672180,0.018552238409699884,0.018382244922429247,3884440024.368286
2020-12-30,189.37733430354766,191.55616667728907,187.45268472564175,188.66012573242188,20204065,0.0040098581770493524,0.004001840122775934,3811701443.206024
2020-12-31,189.3773257900963,190.82987602306508,187.57977461725616,190.0128173828125,11010990,0.00716999230833304,0.007144410123409284,2092229232.0739746
2021-01-01,190.26704215614294,195.53257042941848,190.01284548146643,194.43406677246094,12981435,0.02326816396149267,0.023001587477869213,2524033199.5923615
2021-01-04,196.82173457325283,197.54801679693563,193.11770769988365,195.50535583496094,11008350,0.005509780669010533,0.005494657352838933,2152191383.905792
2021-01-05,194.2706522874846,203.24928018238037,192.2552259864708,202.29603576660156,15930660,0.03473398415424023,0.03414437354116468,3222709365.145569
2021-01-06,202.98598255473223,219.4271307642599,202.72271240363392,217.37539672851562,44538525,0.07454106010911565,0.07189364959425412,9681579541.577911
2021-01-07,217.88376417112823,239.1092786303222,217.52063010524702,237.27540588378906,45813230,0.09154674105150429,0.08759571885920578,10870352743.097382
2021-01-08,237.1665013197653,238.46474665069982,229.68583324500972,235.26004028320312,31324270,-0.008493782122421134,-0.008530059859318937,7369349022.041931
2021-01-11,236.85784521342862,238.69171828607708,225.3281634129328,227.2618865966797,15045560,-0.033997076923456104,-0.03458841881504209,3419282350.50354
2021-01-12,226.05445838278953,237.83835136799863,223.36721856546959,229.25009155273438,24395200,0.008748519102031116,0.008710472548434484,5592601833.447266
2021-01-13,231.31997599100626,232.55465144142366,213.8075573880472,220.94325256347656,26536710,-0.036234833901241825,-0.036907617679769376,5863107019.733734
2021-01-14,221.4970195334633,225.87285884463435,215.01497751373975,221.23374938964844,21198275,0.0013148028862679517,0.0013139392898429162,4689773858.84285
2021-01-15,221.33362921162075,227.4252893516582,216.28599007032815,218.70994567871094,17385480,-0.011407860319233909,-0.011473429101067143,3802377386.3983154
2021-01-18,219.69949609466377,220.1988159017783,211.3745209834808,213.1266632080078,14423695,-0.025528251371362276,-0.02585975108724885,3074073986.4800262
2021-01-19,214.79711130894586,225.78207755266965,213.34454714898774,223.0312957763672,21867515,0.0464729866234177,0.045425449501874965,4877140205.859146
2021-01-20,223.2764139672251,229.14111150333412,221.6150484214201,226.54466247558594,17042230,0.015752796875383668,0.015630009389546545,3860826243.181305
2021-01-21,227.99723609423071,231.74665753496257,216.8306887239715,219.05491638183594,16461875,-0.033060792569134745,-0.03361965269134916,3606054651.6132355
2021-01-22,220.0626234289455,222.28686487815312,207.35273561714584,208.92332458496094,18964880,-0.04625137825811021,-0.04735514147820798,3962205779.954834
2021-01-25,215.7049608264875,229.64952414652052,215.7049608264875,218.07444763183594,36180365,0.04380134704947025,0.04286919075084035,7890013112.49321
2021-01-27,214.21610461097166,214.25241248401028,205.53705457070754,208.9959716796875,19598860,-0.04163016827847332,-0.04252152986938505,4096082789.51416
2021-01-28,200.45310434496108,209.32279482870285,199.26382411998355,201.74224853515625,24702255,-0.0347074782649327,-0.03532409224649463,4983488467.588806
2021-01-29,215.8864973207481,239.49055772503343,212.09168125604475,234.47015380859375,90681265,0.16222633340846415,0.15033741864384,21262050152.10785
2021-02-01,232.88147365007882,244.17512024621547,229.912816652815,241.8510284423828,30395260,0.03147895164437142,0.030993647741109888,7351124890.773621
2021-02-02,246.93496784505786,259.6448558959064,244.52008579075374,248.14239501953125,30730610,0.02601339600524888,0.025680803198672268,7625567165.811157
2021-02-03,248.93223919026303,268.0243050299473,246.39024503713406,266.05426025390625,28518195,0.07218381700944398,0.06969751904002232,7587387274.501648
2021-02-04,263.3125656789233,264.12962434323504,253.28990366872557,257.9471740722656,21005115,-0.030471551832711552,-0.030945461597091786,5418210055.312958
2021-02-05,259.454226603319,267.08924158160045,249.12289843462267,251.37437438964844,16549455,-0.025481185076971502,-0.025811452962793947,4160108897.1146393
2021-02-08,256.921344514871,268.5418041386995,255.62312670247476,257.7384033203125,18317310,0.025316935929194484,0.025001770580694797,4721074232.523193
2021-02-09,259.6448590481349,262.14144423129005,252.3820657880472,256.5763244628906,11093915,-0.00450875322595079,-0.0045189483100645435,2846435934.6037292
2021-02-10,254.3974859306285,264.3656794151919,252.5273189273933,259.29986572265625,19081675,0.010614935986268392,0.010558993091876951,4947875765.263367
2021-02-11,257.8291714379607,262.9131324721754,255.70480764582624,261.6875305175781,8878860,0.009208121987520412,0.00916598569879449,2323486947.2113037
2021-02-12,258.7551139100435,265.3188722022679,257.8291178971569,261.14276123046875,11134020,-0.0020817548548526243,-0.002083924718429499,2907568726.3952637
2021-02-15,263.27619753030154,278.7005424440367,262.3683485733005,274.7786560058594,24556900,0.052216246436011415,0.05089865064016057,6747711977.670288
2021-02-16,273.80729948598145,275.8045509220475,265.34613905829224,268.3238830566406,11625195,-0.023490809086281872,-0.023771116611675306,3119317463.6906433
2021-02-17,269.4405183556514,273.9343543806447,262.9403160489585,265.0374450683594,13152705,-0.0122480263435496,-0.012323651559046366,3485959328.9378357
2021-02-18,265.09193327920053,268.360195531933,259.3452607515523,261.2244873046875,9516035,-0.014386487021441186,-0.014490975888428155,2485821364.048462
2021-02-19,260.1622848425465,262.54993205604376,250.7569551477635,255.03294372558594,10103260,-0.023702002989788085,-0.023987414365632394,2576664139.0249634
2021-02-22,256.7397293832594,258.71886159284793,244.75613718701374,246.9622039794922,12281580,-0.031645871424273,-0.03215742330147621,3033086065.1504517
2021-02-23,248.75067661756796,253.2899225412462,242.61360726304028,250.10336303710938,10273085,0.012719189442762069,0.01263897996966598,2569333107.266083
2021-02-24,250.20324018956916,255.2872011516553,248.75976331431698,250.19415283203125,5331875,0.0003630090927981833,0.00036294322093836343,1334003948.6312866
2021-02-25,252.74524420317726,255.06027658375046,249.03214382288547,250.62088012695312,10532480,0.0017055846033633415,0.0017041317456902591,2639659407.5195312
2021-02-26,244.93767065230395,244.93767065230395,230.59366627334802,232.9449920654297,21843070,-0.07052839353436813,-0.07313901939250182,5088233767.834625
2021-03-01,236.94861211497044,244.35666400228806,236.61271238505898,242.14151000976562,9162830,0.03947935460124774,0.03871996722523984,2218701492.162781
2021-03-02,244.48380626814608,249.84013932128352,241.6604082337848,245.2191619873047,8570450,0.012710137875224126,0.012630042044835999,2101638566.8540955
2021-03-03,247.84278271524119,250.3666018852262,241.7238891798527,247.32530212402344,9383425,0.008588807333204107,0.008552133368300529,2320758423.0831146
2021-03-04,244.56547996620193,249.08655070875187,241.66943914897263,243.18553161621094,8576470,-0.016738160116495426,-0.016879826162748322,2085673416.3404846
2021-03-05,241.3063058459398,242.5228481524781,230.9568305255362,234.079833984375,11926800,-0.03744341849335964,-0.038162428567100774,2791823363.9648438
2021-03-08,237.2754527273422,242.75886963236533,227.88830921172024,229.84017944335938,19094895,-0.01811200251149625,-0.018278032643184183,4388774093.252106
2021-03-09,232.40937159316232,236.34943339630993,227.87012605423337,230.63906860351562,10348870,0.0034758463994026823,0.0034698196067392776,2386853737.8988647
2021-03-10,234.43388334534464,241.45153916525115,234.21598072144388,238.83692932128906,15206235,0.03554411127052437,0.03492699995200776,3631810473.937912
2021-03-12,243.4851840448292,243.66673727467955,237.95635763822514,240.66175842285156,12544700,0.007640481339080019,0.007611440690752999,3019029560.887146
2021-03-15,242.9313364038116,243.63945759085576,224.81067619546812,231.7920379638672,18506180,-0.03685554579635353,-0.03755187406838401,4289585177.1261597
2021-03-16,234.0435058037927,241.8146925111174,232.5092384844268,240.2078094482422,12723425,0.0363074226289295,0.03566383980800271,3056266047.929001
2021-03-17,241.11568136327315,241.29726229720998,234.22510881238918,239.9627227783203,11266530,-0.0010203109985675862,-0.0010208318701653064,2703547215.063629
2021-03-18,242.94044332992542,248.33306961386447,236.5945587946763,240.71620178222656,14562505,0.003139983557372439,0.003135064104313173,3505430892.034683
2021-03-19,238.35580218924295,250.4846822037455,236.14973522874266,249.4678955078125,14402385,0.03635689521847607,0.03571157796717298,3592932676.243286
2021-03-22,248.5509186938921,252.3729555428901,244.58362266822306,250.82054138183594,9335185,0.00542212404233422,0.005407477248404303,2341456155.599594
2021-03-23,254.01613430678188,260.371077186419,252.65436083257393,255.34161376953125,14529820,0.018025128096716303,0.017864601612214197,3710067686.5808105
2021-03-24,256.55816752415234,259.1001339846588,249.25905282276017,254.52456665039062,10501700,-0.003199819673255777,-0.00320495004332244,2672940641.592407
2021-03-25,255.45058141306018,255.5776658788932,245.40068533605842,249.11378479003906,10425355,-0.021258387477322338,-0.021487601294760083,2597099641.8297577
2021-03-26,250.56639359253614,267.18002382467967,250.56639359253614,259.49053955078125,18748345,0.04165467908364873,0.04081048637433945,4865018159.734192
2021-03-30,262.0870188545888,262.3684499235449,256.2132327255946,257.9381408691406,11173995,-0.005982486622934546,-0.0060004533891622434,2882199496.381073
2021-03-31,258.3919937926908,262.0597117351075,256.83049230871967,258.2467346191406,8632980,0.0011963866567392678,0.0011956715565237988,2229438895.0323486
2021-04-01,262.36839628960803,268.5417592378091,258.8277902544528,267.39788818359375,12254460,0.035435699033907087,0.03482230338647207,3276816724.8303223
2021-04-05,267.07882063290515,269.51270595705176,253.5147594445541,258.9112243652344,10865445,-0.03173796126816264,-0.032252527169257174,2813185668.223114
2021-04-06,261.07168519429166,265.99412072724635,257.9723759934461,262.38433837890625,9011680,0.013414304544682398,0.013325129358395622,2364523694.482422
2021-04-07,262.5301472017131,273.9246848406763,257.64418281509944,270.8435974121094,14184300,0.03223995412785352,0.03173115372203294,3841726838.772583
2021-04-08,271.6275985817302,275.2920724452429,268.59207770113034,272.4115295410156,11186950,0.005789068465666958,0.00577237619961464,3047454160.3988647
2021-04-09,271.4634771648583,272.88551336023573,265.2648592782747,267.9266357421875,10218235,-0.016463670999478985,-0.01660070334970005,2737737326.7730713
2021-04-12,257.06073429860123,258.136371829464,235.721043762024,237.17042541503906,24289800,-0.114793403208868,-0.1219342185158712,5760822199.246216
2021-04-13,239.74106635569925,254.98240066033787,239.01182709122062,252.0106964111328,21252365,0.06257218188196889,0.060692555397808746,5355823304.033585
2021-04-15,250.67979885122259,253.10455951653563,239.01180479580617,251.70986938476562,17951785,-0.0011937073729458847,-0.0011944204090861448,4518641457.573395
2021-04-16,250.73452429860873,254.31696032276787,248.96608979849384,251.22677612304688,12006190,-0.0019192464042014912,-0.0019210905174978181,3016276407.220764
2021-04-19,237.3710160449517,246.73278650606545,234.69101841419652,244.7820281982422,14272335,-0.02565310921176711,-0.025987888039605826,3493611108.424759
2021-04-20,251.40905113287207,252.6852615211282,241.12662214302102,245.2195587158203,12498725,0.001787429088641268,0.0017858335382736354,3064931829.010391
2021-04-22,240.30623161159352,242.840375617782,235.4020182613659,241.79208374023438,19593930,-0.013977168026625297,-0.014075768487992128,4737657163.360291
2021-04-23,239.74104399226013,253.0225221933365,239.1029388313438,251.70986938476562,17606370,0.041017826105449684,0.04019891350682235,4431697093.039856
2021-04-26,251.40908211236845,251.50936851520615,241.85591899844624,244.13482666015625,13382655,-0.03009434132687938,-0.030556471314557142,3267172158.6776733
2021-04-27,246.94244103049857,247.55320055466143,240.48858644943684,241.56422424316406,8343800,-0.010529437574142375,-0.010585264330657835,2015563574.2401123
2021-04-28,242.11110879876898,257.9358271933878,241.564165501819,256.1127014160156,17059815,0.06022612503334401,0.05848221087648083,4369235305.307465
2021-04-29,259.06619143350173,261.52739461148497,253.41449023601294,258.2093200683594,14470055,0.008186312669195228,0.008152986566695672,3736303062.901764
2021-04-30,260.7070043744016,263.4416932314757,243.52403715871367,245.2195587158203,20775365,-0.050307097160939396,-0.05161660681679164,5094525837.460098
2021-05-03,243.20500951185983,243.27795013399984,232.5670843449735,236.79672241210938,14320405,-0.03434814232527017,-0.03495190550963959,3391024967.613983
2021-05-04,241.5641825202718,245.97614387409692,234.3719374688651,235.40200805664062,13762810,-0.005889922551552296,-0.005907336557147755,3239793110.502014
2021-05-05,238.829502285232,238.829502285232,231.91985318358337,234.6454315185547,12337230,-0.0032139765685597066,-0.003219152484408238,2894874657.0936584
2021-05-06,236.2771756176687,240.10572409179946,232.0839796347357,239.08477783203125,11816670,0.018919380977274747,0.018742635288660773,2825185921.6644287
2021-05-07,239.7410511226172,241.19955737759605,235.639017928504,236.5779266357422,6920815,-0.010485197840785387,-0.010540554820263217,1637312063.329544
2021-05-10,236.82404655996424,244.4811977008875,236.34091930252592,242.9770965576172,9092755,0.027048888342519728,0.02668953287333384,2209331209.6097565
2021-05-11,241.3818749111333,245.8485559334205,239.2670698614628,244.75466918945312,7293410,0.007315803246559893,0.00728917256234356,1785096151.8130493
2021-05-12,245.21044815162531,247.2158978885219,242.22964714235627,245.01902770996094,7632385,0.00108009592373981,0.0010795130398135165,1870079551.8080902
2021-05-14,245.39273338069287,250.1328435680695,241.38183453616313,241.83761596679688,9702620,-0.012984345635923544,-0.013069379123190072,2346458489.4317627
2021-05-17,242.38462816380326,254.87305404144197,240.69823082723178,253.24134826660156,9550025,0.04715450180988534,0.04607648720013266,2418461206.9797516
2021-05-18,256.1492026909424,267.0879586777442,256.1492026909424,264.3897399902344,15594255,0.04402279406558951,0.043081322618260386,4122961024.7914124
2021-05-19,262.1654690742725,266.13986956311646,256.14914897934716,257.30682373046875,6901040,-0.02678967897932516,-0.027155062887867357,1775684682.836914
2021-05-20,257.97233912778285,260.45179169787195,254.50841071926988,258.1455383300781,6123645,0.0032595894172162687,0.0032542884717787083,1580791635.0672913
2021-05-21,261.25396119907424,271.28115419275423,258.8930163688057,269.5947570800781,11258915,0.04435179792013466,0.04339640388627579,3035344454.410248
2021-05-24,269.09341407863684,270.3695967402758,263.8154564144454,266.02142333984375,6487950,-0.013254463027903007,-0.013343087406493535,1725933693.5577393
2021-05-25,267.08794618369615,269.202778918702,260.19653245987854,261.4909362792969,5680010,-0.017030534622616278,-0.01717722200574347,1485271132.975769
2021-05-26,262.1655318921405,265.4015695075892,260.43356770614406,261.2083740234375,6131915,-0.0010805814529555313,-0.0010811657020174893,1601707546.7999268
2021-05-27,261.6914530237358,264.2985372632286,257.97228880347154,262.7944641113281,8648350,0.0060721257265217154,0.006053764660746627,2272738503.6972046
2021-05-28,263.8883627413044,276.09420460753785,263.62402950199356,265.2739562988281,17020950,0.009435100529551432,0.00939086797660935,4515214746.464539
2021-05-31,267.2702668717478,267.2702668717478,258.7015529251282,260.6705322265625,7634365,-0.01735347162041012,-0.017505808058894366,1990053987.7618408
2021-06-01,261.6185904006186,261.6550607111637,253.1137195452429,257.29779052734375,9322935,-0.012938714899647041,-0.01302314917604626,2398770576.7300415
2021-06-02,255.23762331444297,261.88292493925667,253.4144974336255,260.71612548828125,6900620,0.013285520073574864,0.013198041498894643,1799102909.8669434
2021-06-03,261.61860002955535,263.6240499029053,257.06078469803,258.464599609375,5219995,-0.008635928731640541,-0.008673434451435228,1349183917.6379395
2021-06-04,259.8136251428408,261.6185295425666,256.65050104224406,259.4672546386719,6313570,0.003879274108764763,0.0038717691279496038,1638164674.8690796
2021-06-07,259.33971197822933,276.10337138842686,257.37985680118464,271.180908203125,23267725,0.04514501677972915,0.0441556478268441,6309762797.320557
2021-06-08,274.56274586802164,278.865323700475,268.2820643797168,271.4816589355469,20367070,0.0011090409513512256,0.001108426419753843,5529285951.256409
2021-06-09,270.7159421036944,271.46340248991925,259.6222101061715,261.9922790527344,16223270,-0.03495403674789466,-0.035579548464375936,4250371480.987854
2021-06-10,262.53016382334187,268.8928840585136,261.2813268700349,267.9995422363281,9991650,0.022929161139075394,0.022670238373498477,2677757626.185608
2021-06-11,268.36412462170006,272.37499600366766,266.1763791241444,268.9748840332031,8790865,0.003639341279228381,0.0036327349004812446,2364521893.926544
2021-06-14,267.9995132063944,270.5336571504962,260.1691906315665,269.27569580078125,8612805,0.0011183637783109823,0.0011177388754097808,2319219059.1714478
2021-06-15,268.91104746197004,268.91104746197004,262.9858887890792,264.47174072265625,11778790,-0.017840284708350085,-0.01800134098940041,3115157094.906616
2021-06-16,266.64112785768134,268.0141512306544,261.1215750156988,262.4945983886719,9827690,-0.007475816994972462,-0.007503900969493015,2579715539.6383667
2021-06-17,256.6637834383943,263.0712246765423,255.01616686513276,258.3846435546875,12356210,-0.01565729298512586,-0.01578116307844507,3192654916.536865
2021-06-18,260.68229472430494,260.68229472430494,246.04584268160312,252.63636779785156,14779290,-0.022246971328306886,-0.022498167758170592,3733786144.2311096
2021-06-21,248.059585800377,254.44873205185536,245.01148583787872,253.16722106933594,7416025,0.0021012543685283713,0.0020990498212373376,1877494440.630722
2021-06-22,254.467001714097,256.65469905812813,249.157989111021,251.1168212890625,7917570,-0.008098993904554042,-0.008131968919335368,1988235010.7336426
2021-06-23,251.7026610835123,253.7347368436933,249.18545150345278,250.2197723388672,4924915,-0.003572237596790484,-0.0035786332733079834,1232311110.088272
2021-06-24,250.98872704237672,251.90407611556668,247.76668042683656,249.6889190673828,4667625,-0.0021215480556247,-0.0021238017267794776,1165454240.8618927
2021-06-25,249.6888739414642,252.27016456556368,248.17855383050622,250.457763671875,6516880,0.003079209951983186,0.0030744788944772183,1632203190.9179688
2021-06-28,252.99330615004874,254.2839235693194,249.43258537606513,251.27244567871094,4102820,0.003252772023881967,0.003247493205060858,1030925615.5795288
2021-06-29,251.24498280884796,255.56543084909657,246.81469736715587,248.58131408691406,5875000,-0.010710014719393035,-0.010767779740075355,1460415220.26062
2021-06-30,249.89027133289866,251.3182135057765,244.75517696778678,245.7986602783203,6968565,-0.011194139104199974,-0.01125726501492583,1712863941.0623932
2021-07-01,247.08929801842314,249.93601984703378,243.4828209174634,248.16940307617188,5444075,0.0096450598842448,0.009598843231447307,1351052843.0519104
2021-07-02,248.8834044903607,251.28161456447347,246.41197878231688,249.37770080566406,4228550,0.004868842470162615,0.004857027989706641,1054506076.7417908
2021-07-05,249.89032110672758,252.2702345136396,249.43264652594604,251.63864135742188,2911235,0.009066330086665353,0.009025477651494366,732579220.0721741
2021-07-06,251.81251357297933,262.66853922203694,251.81251357297933,258.796630859375,12255020,0.028445510051002376,0.02804844868891286,3171557887.114258
2021-07-07,259.9499623764012,265.4512189917018,258.54034498130176,264.4168701171875,7910955,0.021716817715708325,0.021484367002140847,2091789960.737915
2021-07-08,264.5999193244511,264.92029703367996,260.36184935031525,262.07354736328125,6176635,-0.00886222861978403,-0.008901731731425694,1618732645.2182007
2021-07-09,261.6250570895591,267.28190718816074,259.59298119836194,266.4947204589844,5637260,0.016869970816148827,0.01672925325418897,1502300027.8546143
2021-07-12,267.9959168226226,268.682428669248,264.9020322976858,265.890625,4330990,-0.00226681961257591,-0.0022693927374292525,1151569637.96875
2021-07-13,268.19725444090676,268.19725444090676,260.5174629957534,262.11932373046875,5529040,-0.014183656417112278,-0.01428520584353459,1449268225.678711
2021-07-14,262.70519254167465,263.0438672402817,259.04379612994404,260.1239013671875,6477460,-0.0076126488306260676,-0.007641772943648548,1684942166.1499023
2021-07-15,260.8744168842868,268.1972075336703,259.27255642973415,266.89739990234375,7322970,0.026039508478672424,0.025706253296345575,1954481652.5628662
2021-07-16,267.28191222577135,269.20415074300917,264.3527842057675,265.33221435546875,3058730,-0.005864371655354028,-0.005881634606805072,811579604.0155029
2021-07-19,260.87446222059543,263.62050919133856,252.9841583941377,254.43955993652344,8523350,-0.04105289078977903,-0.0419193576423377,2168677423.184967
2021-07-20,255.93154743619954,258.1100821975271,247.3272737190974,255.54708862304688,6350305,0.004352816389085579,0.004343370285343758,1622801954.6183777
2021-07-22,256.09632346757695,256.76453824527823,250.80560774992952,255.43727111816406,8748020,-0.00042973490903197575,-0.0004298272715398732,2234570356.4871216
2021-07-23,255.74846276372028,257.5700259680791,250.62250362367755,253.66146850585938,5276030,-0.006952010583777368,-0.0069762883945166335,1338325517.6809692
2021-07-26,253.51503942287476,257.2130570323992,242.7047704705934,250.8788299560547,4858020,-0.010969890563968021,-0.011030503499252466,1218774373.5031128
2021-07-27,252.47156116771058,258.4945451364178,247.59273548433066,250.0184326171875,8150250,-0.003429533448549238,-0.003435427778780299,2037712730.4382324
2021-07-28,251.8124789510649,252.27015338466035,247.16249106256595,251.34564208984375,6667670,0.005308446496376407,0.0052944063598978726,1675889797.3931885
2021-07-29,249.70715199829303,253.27703481624403,247.87645432107905,250.98866271972656,3888435,-0.0014202727652209424,-0.001421282308582605,975953100.72258
2021-07-30,252.27017696365795,258.146701597117,248.99321206965652,254.4853057861328,7132000,0.01393147813338036,0.013835327080299007,1814989200.8666992
2021-08-02,255.56541116000645,261.78977219228483,244.5263062176856,251.87655639648438,16937480,-0.010251080633476017,-0.010303984821172072,4266154136.434326
2021-08-03,252.19694177967273,254.10088330778458,244.0320444931941,245.011474609375,10852865,-0.027255739419840608,-0.027634067335179098,2659076457.3864746
2021-08-04,247.14424330835965,248.73694171516905,240.75509688798888,241.92674255371094,12098915,-0.012590153422741057,-0.012670080979773651,2927051094.3842316
2021-08-05,242.05488680431705,244.90160872719386,239.85805483645586,243.83982849121094,7443930,0.007907707586627177,0.007876605523408643,1815126614.5005798
2021-08-06,244.03204900879513,246.06412490634727,240.26995009265477,240.91070556640625,6201995,-0.01201248763554752,-0.012085220621380285,1494126991.3693237
2021-08-09,241.65212091028712,241.725336534652,237.07537619607712,238.49415588378906,5444400,-0.010030893716141076,-0.010081542114291608,1298457582.2937012
2021-08-10,240.2150506158326,240.2150506158326,232.56274577103454,233.50555419921875,6656495,-0.02091708145251625,-0.02113894284979001,1554328553.9993286
2021-08-11,233.7801166060075,237.615430947199,227.70220012725852,237.07537841796875,7777460,0.015287962768133267,0.015172279417206783,1843844272.6306152
2021-08-12,238.26534177348708,241.56060387439433,235.65661938057795,239.71160888671875,4144010,0.011119798632577726,0.01105842820387124,993367304.3426514
2021-08-13,240.00454533320982,240.70019165433257,235.84885259520757,237.08457946777344,4393670,-0.010959124721351188,-0.011019618305849266,1041671404.2701721
2021-08-16,236.34312051178128,238.90608651138982,234.66801621605893,237.37744140625,4215450,0.0012352635465959771,0.0012345012362860483,1000652735.3759766
2021-08-17,237.3774360041264,237.44151713621687,231.5832893174059,234.39341735839844,5186305,-0.012570798767456037,-0.012650479731452068,1215635752.4129486
2021-08-18,235.79387982875676,238.87860112090723,233.67941215888425,236.8648223876953,4998005,0.010543832916254603,0.010488634373762263,1183851566.617813
2021-08-20,234.32931082695342,235.42774064514703,228.8372176044467,229.66102600097656,4362450,-0.030413112061561165,-0.030885186924327408,1001884742.8779602
2021-08-23,233.48723973417148,233.48723973417148,222.61288843965667,228.05006408691406,5190075,-0.007014520234946864,-0.00703923763697417,1183596936.3658905
2021-08-24,227.0065496343221,234.69547556734744,225.41383736275785,234.24696350097656,4803725,0.027173416674422635,0.026810774212940872,1125257994.7437286
2021-08-25,234.51240134406356,237.12112338381925,230.55808735828666,232.01348876953125,5152555,-0.00953470089031061,-0.009580447167787142,1195462261.626892
2021-08-26,233.59706692095753,237.46898936162162,230.10958939232728,231.66567993164062,6567660,-0.0014990888664930813,-0.0015002136244231664,1521501419.4598389
2021-08-27,232.48950445616617,236.34313000636703,230.23773970363058,234.5856475830078,3930010,0.012604230597422994,0.012525458500131745,921923940.8576965
2021-08-30,236.89232700392387,245.17625280815767,234.91519760435327,244.3890380859375,7071320,0.04179023995686171,0.040940617842817835,1728153092.7978516
2021-08-31,244.39817609704622,248.4257059964429,241.7436696588689,247.63851928710938,7881915,0.013296345967977574,0.013208725394358446,1951865759.7468567
2021-09-01,247.58360909956096,248.10533680275253,242.14643377137045,243.46453857421875,6179385,-0.016855135157916812,-0.016998799558514577,1504461117.6974487
2021-09-02,243.84894342501622,246.96112412435727,242.86037889575982,245.87185668945312,3818570,0.009887756670158732,0.009839192667804914,938878895.798645
2021-09-03,246.96116844746732,254.21074538864124,244.05036510277648,247.15341186523438,8012625,0.005212289007114457,0.0051987520474232616,1980347606.7466736
2021-09-06,248.24264355695735,252.0870923421762,245.32267820532118,246.49432373046875,3295350,-0.002666716715709394,-0.0026702787387438377,812285069.7052002
2021-09-07,246.68655702683256,250.613412082723,242.75056747616514,246.1922607421875,6181705,-0.0012254358790491082,-0.0012261873395697945,1521887929.1912842
2021-09-08,246.02747812920282,252.89259493234775,245.01145425076865,249.8994140625,8546425,0.015057960429530448,0.014945714734845223,2135746599.8291016
2021-09-09,249.5241287992281,249.5241287992281,244.48054715704455,246.8421630859375,3792220,-0.012233926149974428,-0.012309376626359003,936079787.6977539
2021-09-13,246.41195524489137,246.8421703805128,239.9587282105697,245.62474060058594,3625345,-0.004931987591308418,-0.004944189979995234,890474425.2126312
2021-09-14,246.77805697810518,250.98866729937183,246.0823829091168,247.6567840576172,3353550,0.008272959198094787,0.008238925846662035,830529408.1764221
2021-09-15,247.87648129180494,252.51730711271236,245.67964942696318,250.2197723388672,5161840,0.010348952446437742,0.010295768654380748,1291594429.6496582
2021-09-16,250.21978412835384,258.476249817874,249.5424348211234,257.4693603515625,10142820,0.028972882298355485,0.02856110305310467,2611465377.561035
2021-09-17,259.9590963989236,261.0392014332667,248.1693976983966,249.12136840820312,9870725,-0.03242324419480658,-0.03296052305941407,2459008519.181061
2021-09-20,247.14420671689587,251.08935830048998,239.95871215698418,241.67041015625,4788450,-0.029908948796974366,-0.030365344670346277,1157226675.5126953
2021-09-21,243.48282451107323,244.56292958476345,235.38198058992955,242.33863830566406,4585140,0.0027650391662845664,0.0027612234775565596,1111156584.0408325
2021-09-22,242.93359335028518,247.85817491954285,242.93359335028518,246.50344848632812,3449740,0.017185910632257384,0.017039903341564504,850372806.3812256
2021-09-23,247.14425099654864,253.5516945409036,246.51265789815184,253.203857421875,5925930,0.027181806083002913,0.02681894165008844,1500468334.8120117
2021-09-24,255.3823268520907,257.5425367102229,247.33640271140285,248.1876983642578,5655830,-0.019810752919374064,-0.020009616694768837,1403707430.0395203
2021-09-27,248.88342075041245,249.4234733804259,240.55373815117395,242.41189575195312,5489955,-0.023271913355784934,-0.023546980267434525,1330830399.1429138
2021-09-28,244.39818053010228,246.3478783498761,236.63601103222263,240.4072723388672,4231635,-0.00826949274443678,-0.008303874678197392,1017315827.8836823
2021-09-29,237.99072843920905,240.04110116065374,235.42776253740317,238.0548095703125,4532205,-0.009785322821843634,-0.009833513726616375,1078913198.2086182
2021-09-30,238.35685618110077,242.93360083870346,236.70923927805683,237.78018188476562,7981880,-0.001153632165813323,-0.0011542981116205936,1897932878.182373
2021-10-01,236.86483395643302,237.9083451512176,233.10276324038182,236.9929962158203,4632325,-0.0033105604626326723,-0.0033160524924020166,1097828581.1954498
2021-10-04,238.24706397719658,247.8765265072965,237.26763373044383,247.28155517578125,6773440,0.04341292411270903,0.04249699806644587,1674946777.0898438
2021-10-05,245.31351661936756,248.51723791850108,242.4393075311417,244.4439239501953,4110305,-0.011475304834478228,-0.011541654219665886,1004739082.8321075
2021-10-06,245.90846339186893,246.13730060476558,237.70694550323827,238.5765380859375,3570155,-0.02400299328140909,-0.024295759460437116,851755220.3302002
2021-10-07,242.2379271985486,246.48513123376108,240.88320087707572,245.89932250976562,3739840,0.030693648598381307,0.030232020820202366,919624122.2949219
2021-10-08,245.89936977289364,247.7666616278723,242.28373003443045,243.65675354003906,2327330,-0.009119866402387156,-0.009161706965158098,567069672.2163391
2021-10-11,244.56293584951447,245.6613658085382,242.73223787396444,244.3798828125,2474965,0.002967819532825322,0.0029634242505579738,604831656.6650391
2021-10-12,244.76431584655433,245.67053034751464,241.65213484823457,242.50340270996094,2928570,-0.0076785375332174555,-0.007708169285684113,710188190.0743103
2021-10-13,244.94737038033952,251.6843248526263,242.75967310846875,250.14654541015625,7442435,0.031517671978139816,0.031031185692776478,1861699404.6896362
2021-10-14,252.35253279560524,256.1329281070292,248.38905653606056,253.2861785888672,8878410,0.012551175446228857,0.012473062371866286,2248778540.8451843
2021-10-18,256.9750522662645,259.3549650951627,252.68206350644047,255.41897583007812,5899405,0.008420503847045291,0.008385249174344139,1506819983.106842
2021-10-19,256.3343024869889,266.91573307017677,253.31363448949946,261.32293701171875,14910045,0.02311481033252738,0.022851709736333305,3896336750.376892
2021-10-20,263.21778171004894,269.96390002424425,257.5426061864525,263.3825378417969,10061990,0.007881439163473614,0.007850542853910297,2650152461.9387817
2021-10-21,265.73493901096856,274.6046721563574,263.83102557507976,272.9295959472656,11697925,0.036247878024485036,0.03560637972050389,3192709943.671417
2021-10-22,274.4216459372213,285.3692411634364,271.9227608000805,278.00982666015625,19446090,0.01861370400398865,0.01844258914184477,5406204110.117798
2021-10-25,281.9732729594583,281.9732729594583,270.67786866279835,277.6986083984375,8858895,-0.001119450580066017,-0.0011200776328800616,2460102813.447876
2021-10-26,274.6229873783113,290.7148378821611,273.9822598611225,279.34619140625,9988515,0.005932989788153931,0.005915458910411613,2790253623.054199
2021-10-27,281.7444086583882,285.22275158969524,277.71687867908446,279.79473876953125,4678970,0.0016057042375385855,0.0016044164728179077,1309151188.8604736
2021-10-28,279.72144355669354,279.72144355669354,269.0301760048963,272.53594970703125,5604320,-0.025943265032153162,-0.026285727582393982,1527378673.6621094
2021-10-29,274.6046653945696,274.6046653945696,260.8744321248412,262.9248046875,6972315,-0.03526560451882754,-0.03590245337138266,1833194559.5947266
2021-11-01,266.36652031796126,266.36652031796126,254.3479852238286,261.9179382324219,8517215,-0.003829484465244115,-0.0038368357145436858,2230811392.282257
2021-11-02,263.62049932505846,297.43349199405986,262.20171961696764,288.5545959472656,16632400,0.101698485772314,0.09685306691645855,4799355461.633301
2021-11-03,289.06720915031036,300.9209901251313,285.36005679546673,293.3968200683594,15816895,0.01678096342634139,0.016641718674516946,4640626696.355133
2021-11-04,294.74235777287254,297.6623231172244,294.37622378484593,296.0513000488281,1071505,0.009047405421266141,0.00900672284588872,317220448.2588196
2021-11-08,297.5250353849327,305.72655428918904,296.7652801008636,304.75628662109375,8351745,0.029403642445852807,0.02897964664666726,2545246793.0062866
2021-11-09,308.4353681835353,312.0592607013687,290.8401807206063,297.278564453125,12628955,-0.02453672818656527,-0.024842770254698728,3754317612.943115
2021-11-10,297.2785609733887,302.2361298625785,294.23412751817807,300.0654602050781,6427920,0.009374694596900657,0.009331024862300486,1928796772.9614258
2021-11-11,300.0654491862512,302.2361187640415,294.54683482562643,301.0036315917969,5065025,0.003126555739129566,0.0031216782276312226,1524590919.103241
2021-11-12,302.9535797171984,303.33986705755217,297.26020619639405,298.44671630859375,5511415,-0.008494632671643854,-0.00853091769517735,1644863708.9639282
2021-11-15,298.0051970116711,299.10893119121664,290.21475138678,297.3797607421875,3522305,-0.0035750286671039078,-0.003581434353654942,1047462218.1610107
2021-11-16,297.6005161333988,305.91523744975035,295.8161616636903,301.49114990234375,5549900,0.013825383240255507,0.013730684462396786,1673245732.8430176
2021-11-17,299.4768235110829,303.5054166458468,296.2668102764689,300.0010986328125,3780655,-0.004942272003718551,-0.0049545254198133555,1134200653.5516357
2021-11-18,300.23098227066475,302.49360594738073,291.6035453371941,294.5835876464844,4825755,-0.018058303822943378,-0.01822334491874508,1421588221.0029602
2021-11-22,296.0552965410613,296.1288657221604,284.7881245278498,287.271484375,5279665,-0.024821828432136872,-0.02513508460961933,1516697201.5527344
2021-11-23,284.3926183613204,294.9055724899885,283.97871103661276,292.1094665527344,3311240,0.016841150064929256,0.016700910240350298,967244550.0280762
2021-11-24,292.2658681031825,294.50090050828413,288.8075269512,291.9163513183594,2310765,-0.0006611057034680012,-0.0006613243302058128,674550087.5541687
2021-11-25,292.48658747643844,292.48658747643844,281.45856443389704,288.9822692871094,4290100,-0.010051105455378018,-0.01010195885804482,1239762833.468628
2021-11-26,283.6568051357368,286.41611263330066,263.87258946521075,266.1260070800781,6705735,-0.07909226494558086,-0.08239542683909824,1784570480.0871277
2021-11-29,263.70700809449295,265.81328733096944,255.42908565166002,258.1332092285156,4893890,-0.030033884847479153,-0.03049414092732688,1263275531.3113403
2021-11-30,258.0871717105234,266.0799660921198,256.6891049491836,258.7677917480469,8840830,0.002458352884651349,0.0024553360784365526,2287722056.3198853
2021-12-01,263.05391787574405,266.5398500314232,257.4893269944823,265.5832824707031,5539860,0.026338249735856856,0.02599737052181596,1471294203.2281494
2021-12-02,264.8934313229194,268.5633000872546,262.3548602906237,266.5398254394531,3870920,0.0036016685984574526,0.003595198121798502,1031754341.0900879
2021-12-03,266.12599489911025,272.0493103016255,264.6819506382239,266.2087707519531,3863635,-0.0012420458629556208,-0.0012428178412062642,1028533523.9842224
2021-12-06,266.733028168073,271.33187348131565,265.2430067776423,266.7606201171875,2886375,0.002072994678858908,0.002070848990212023,769971184.8907471
2021-12-07,269.1244248169938,271.57101381440833,265.22458502793444,269.2255859375,3802710,0.00924036621008617,0.00919793521126116,1023786827.9003906
2021-12-08,270.4121293236942,275.35128515395445,269.32680846640045,274.52349853515625,4314475,0.019678339928977495,0.019487224551156458,1184424771.3424683
2021-12-09,275.93070903198173,277.6782645753596,273.50250531932113,274.836181640625,2145005,0.0011390030621685199,0.0011383548903138355,589524983.8000488
2021-12-10,275.9307318822734,279.0671479029636,271.43304747941204,276.7309265136719,2745385,0.006894088186410796,0.00687043262058789,759732934.6867371
2021-12-13,279.6097935852389,281.77125648500225,259.2093226188004,271.4514465332031,9169260,-0.019078026612280086,-0.019262360411145416,2489008890.639038
2021-12-14,268.75655824127847,269.244034770523,252.02595507111485,254.61050415039062,9079580,-0.06204034864390584,-0.06404834651295026,2311756441.2738037
2021-12-15,254.95998127306865,255.81535971736753,248.33763316112297,249.78167724609375,4271675,-0.01896554472648404,-0.01914769743058571,1066986146.1502075
2021-12-16,252.27426871240155,254.362134473514,243.9227775988263,244.98968505859375,6199315,-0.01918472259588022,-0.019371137449112424,1518768229.429016
2021-12-17,243.73879677915804,245.357599279509,232.8395279886049,234.30197143554688,5310545,-0.04362515760812835,-0.0446053482275503,1244271162.8971863
2021-12-20,229.94228896075012,232.40726356181887,213.16569450573093,220.85496520996094,8903280,-0.05739177584890709,-0.05910453956654073,1966333594.654541
2021-12-21,225.3434036791134,225.3434036791134,214.4993334078846,215.915771484375,6125145,-0.022363969589229593,-0.022617835259140684,1322515408.128662
2021-12-22,217.44260590440723,219.27293734378773,212.8713525731719,215.67665100097656,4092265,-0.0011074711298509898,-0.0011080848291473932,882606010.2085114
2021-12-23,217.43341611449898,224.40526778469012,216.81717248325748,222.63931274414062,6141175,0.032282872118282846,0.03177273039039416,1367266981.4414978
2021-12-24,224.42365153177812,224.42365153177812,214.4533582500547,216.61480712890625,5577935,-0.02705948711833206,-0.0274323365051383,1208263314.2025757
2021-12-27,216.61481477033539,225.8952956162634,215.43751145009094,224.1845245361328,8997655,0.034945521534554436,0.03434878913350096,2017135008.115158
2021-12-28,225.34342726529522,229.3628137013754,221.6459515902851,222.9152374267578,4005800,-0.005661796290360899,-0.00567788501510473,892953858.0841064
2021-12-29,223.73380479756776,225.33420787816084,221.15844884190662,222.8876190185547,5363660,-0.00012389645733479338,-0.00012390413313487293,1195493406.625061
2021-12-30,222.95202508051156,223.50389215645134,218.00367684705245,220.41346740722656,4008980,-0.011100444350487515,-0.01116251404443375,883633182.5662231
2021-12-31,221.6091866086939,226.53914993336423,221.0941181177612,223.87181091308594,5290815,0.015690254985508245,0.01556843553460841,1184464335.2561188
2022-01-03,224.75477389256866,231.45069170027935,223.97296455746564,230.08023071289062,2860025,0.02773203010456271,0.027354461947844716,658035211.844635
2022-01-04,231.22991969793677,234.76184330452602,226.49311498815112,230.4849090576172,6387390,0.0017588575231894943,0.0017573125446288841,1472197003.2655334
2022-01-05,230.4849014471059,234.86301070027025,229.02247216183693,229.90545654296875,4206620,-0.0025140583694509555,-0.0025172239208938975,967124891.6027832
2022-01-06,229.7583245207294,229.7583245207294,222.40017170363356,223.74302673339844,4892065,-0.02680419117594357,-0.027169974674668848,1094565430.0765228
2022-01-07,223.72463808265465,226.51153729734048,221.46199995030884,223.5958709716797,4311580,-0.0006576998794876054,-0.0006579162589337033,964051485.3640747
2022-01-10,224.44205436453547,228.6545984263227,222.2529994676278,224.95712280273438,4850740,0.006088000753945444,0.0060695437503082775,1091208513.8641357
2022-01-11,224.88354140206025,226.59431246245228,222.21621666796713,225.0858917236328,3000215,0.000572415397628312,0.000572251630426856,675306068.637619
2022-01-12,225.54577937399446,229.7583235277229,225.15947803691404,229.06849670410156,6283615,0.017693712164593256,0.017539000720287044,1439378241.9173431
2022-01-13,230.6413022579965,231.22995394050727,226.99902435826215,229.47320556640625,3167295,0.0017667591490220236,0.0017652002659206084,726809336.6244507
2022-01-14,228.19472709140456,232.66480563094524,226.09765459478677,228.15792846679688,4270915,-0.005731724086752932,-0.005748213455786585,974443119.0577698
2022-01-17,228.4706236214268,230.84362942565048,227.5324693067462,227.92796325683594,2446195,-0.0010079211864618687,-0.0010084294805965826,557556244.0790558
2022-01-18,227.18293930743425,233.06945519793206,218.21519170319343,221.46197509765625,7134135,-0.028368560253809738,-0.02877872364340941,1579939627.7133179
2022-01-19,221.66434384908544,221.94027737448218,215.40071878502087,219.87998962402344,5312500,-0.0071433729105649935,-0.00716900895701437,1168112444.8776245
2022-01-20,220.37668238094895,227.04500836826801,220.20192400609605,224.59841918945312,6465015,0.02145911309845805,0.021232108139132254,1452032149.0361023
2022-01-21,223.3199174620913,225.12265685448392,217.98525442041776,220.4686279296875,5834040,-0.018387445800685076,-0.018558596140616224,1286222794.086914
2022-01-24,219.84320129225654,221.2964380690024,209.8728941679092,212.39306640625,9353860,-0.03662907325759279,-0.0373167630051204,1986695008.1347656
2022-01-25,209.70734827038933,221.25964556115804,202.93784734378727,214.61891174316406,10473610,0.010479839924042667,0.010425307067810039,2247834780.2223206
2022-01-27,217.05631220789368,229.50997948870045,215.24436598111478,228.30508422851562,14742195,0.0637696481367398,0.06181887136869973,3365718071.188202
2022-01-28,229.94227724943286,239.11237638890526,227.37612761053683,228.62701416015625,9290465,0.0014100865634616433,0.0014090933249952587,2124051273.109436
2022-01-31,231.59785302432905,233.9892441689821,225.3434205848573,225.96885681152344,4867125,-0.011626610960202344,-0.011694728500255708,1099818672.208786
2022-02-01,229.68474041169648,237.30042742489314,227.10019149031197,235.50686645507812,5528990,0.042209399021344574,0.041342881895359236,1302115109.5614624
2022-02-02,237.4843817972762,239.94014946129678,233.80529153390506,236.159912109375,4547020,0.0027729367900253266,0.0027690992932583643,1073823843.5595703
2022-02-03,236.7485485186683,236.7485485186683,230.86203219602083,232.37045288085938,2367305,-0.01604615785409247,-0.016176291418421838,550091734.9571228
2022-02-04,231.7817998107994,233.1798526917165,226.08842716515505,226.85183715820312,2633985,-0.02374921447300249,-0.024035773191435718,597524336.2971497
2022-02-07,227.1829528599432,230.12621098077102,222.76805866142064,224.20289611816406,2030295,-0.011676965341002377,-0.011745676516559295,455198018.9742279
2022-02-08,225.4537815850878,229.08688050448316,221.96786311429054,228.14871215820312,3807905,0.017599308966818494,0.01744623452214032,868768621.7707825
2022-02-09,228.10274876335978,230.67810518534264,226.81507756965004,229.05010986328125,2220130,0.003950921732370327,0.003943137338054602,508521020.4107666
2022-02-10,229.02249146274593,234.5411057148603,226.64948565018935,232.8119354248047,3166790,0.01642359204179744,0.016290183569735613,737266508.9839172
2022-02-11,230.4941329961543,232.51762212954964,225.93207226461675,227.2841339111328,2919870,-0.023743634550288273,-0.02403005754249539,663640124.0830994
2022-02-14,221.84829931514167,221.84829931514167,212.2091232852871,213.54278564453125,6578230,-0.06045889798878079,-0.06236371227107229,1404733558.8104248
2022-02-15,215.40991737623338,224.58920893514596,210.28681085943165,222.21621704101562,4886570,0.0406168317525013,0.03981364478889944,1085875099.7061157
2022-02-16,225.16868532294438,234.43076748053295,223.7062557300294,224.53404235839844,9347585,0.01043049579480071,0.010376473501689243,2098851046.3387299
2022-02-17,226.63107975613912,235.89316047680134,226.1528099730672,234.99179077148438,11096160,0.04657533576308848,0.045523248619704845,2607506509.086914
2022-02-18,233.4374006915187,237.65915153229517,230.01585851228901,231.4322967529297,6084335,-0.015147312197029361,-0.015263204524570645,1408111623.2642365
2022-02-21,228.8385591993756,230.41135653065987,222.60252570662254,224.46044921875,4546015,-0.030124782201952693,-0.030587857205041008,1020400569.0551758
2022-02-22,220.744593944762,223.68785239044612,216.39408983544502,221.51719665527344,4408165,-0.01311256648429937,-0.013199295175648246,976484353.1938934
2022-02-23,224.05575939195302,224.75477885868685,215.51109655477026,216.1641387939453,4670295,-0.024165427976495124,-0.024462202812650647,1009550296.5886688
2022-02-24,209.7073773802947,212.36550980412727,194.9910701957126,196.5730743408203,7525505,-0.09063050218426771,-0.09500377915249365,1479311653.817215
2022-02-25,205.21887355555518,213.2760597144784,202.76309178512906,207.40792846679688,9287685,0.05511870922459594,0.0536532811900969,1926339506.1021423
2022-02-28,204.00478102579828,207.49990627289,198.854068658025,206.80087280273438,6854355,-0.002926868170132102,-0.002931159824892256,1417486596.4997864
2022-03-02,202.9010701495679,211.05022498015563,196.09477035274455,201.53060913085938,8430100,-0.02548472644456512,-0.02581508693473375,1698923188.0340576
2022-03-03,205.47639454866712,208.97151965019654,201.24546545486749,203.3517303466797,5518095,0.009036449716865569,0.008995865314500433,1122114166.4673615
2022-03-04,202.1652328301959,205.3844243910762,198.85405875375156,200.35328674316406,5340955,-0.01474510985671873,-0.01485489956660728,1070077888.5973358
2022-03-07,194.07127309893943,194.96345021651942,186.9522554693132,187.8720245361328,4901560,-0.06229626880556827,-0.06432123147261988,920866000.5853271
2022-03-08,186.8970805905118,193.11472876439672,184.32172427221738,191.60630798339844,12217785,0.019876740331540965,0.019681777181884064,2341004675.5849457
2022-03-09,195.21178417397508,197.26286518323968,191.53270805031255,195.3313446044922,6415045,0.019441095965465394,0.019254531987487652,1253059365.5483246
2022-03-10,201.9812815878675,202.34918358055305,194.08966174407857,198.578125,8349665,0.016621911870221995,0.016485279870995954,1658060820.078125
2022-03-11,196.86673189496557,203.61001726557814,196.53189232955933,202.94033813476562,5890485,0.02196723901369113,0.02172943550811813,1195417017.677765
2022-03-14,203.68445448285246,207.60020310788195,200.45697702742214,206.986328125,6630425,0.019936844628432482,0.01974070834829268,1372407324.6582031
2022-03-15,207.41417433245334,211.5066456378665,200.90341549690547,202.79153442382812,7772955,-0.020266042395991613,-0.02047421600531215,1576289471.457367
2022-03-16,206.2422456854056,210.204502436249,203.73094160332244,206.39105224609375,7527250,0.017749842627763357,0.01759415377334241,1553557048.0194092
2022-03-17,209.27440173538582,212.8832270713012,208.46521192355416,210.1208038330078,5977670,0.018071285292285078,0.017909940521779737,1256032825.4484558
2022-03-21,210.30680709090976,212.32514057935393,201.7963210616472,202.0939483642578,6308350,-0.038201145828136496,-0.03894994147650266,1274879359.1636658
2022-03-22,201.27546359873355,205.55396816045274,198.2991193869122,204.27972412109375,8069535,0.01081564180683059,0.010757571092454005,1648442383.5855103
2022-03-23,205.1819096054426,206.4840556306872,202.41017647805054,203.91696166992188,4335075,-0.0017758123217204158,-0.0017773909455913797,883995322.6112366
2022-03-24,203.49842962679986,204.9215086688576,202.13118320784807,203.21009826660156,3329035,-0.0034664276945460815,-0.0034724496755621824,676493529.4829559
2022-03-25,204.59595767467644,206.93052478398434,202.0288634519675,205.1819305419922,3234280,0.009703416770182827,0.009656640968320297,663615814.3133545
2022-03-28,206.2050081188512,208.44657253722033,201.60097485339804,207.51646423339844,7168470,0.011377871751374613,0.011313630594436712,1487575548.3631897
2022-03-29,207.5164979698686,209.6464400872671,204.43784125448548,208.9767608642578,6632010,0.007037015767659582,0.007012371519300093,1385935967.8193665
2022-03-30,209.64643882301428,211.84149533134573,208.15827381933465,209.17208862304688,2494090,0.000934686507634952,0.0009342499602033266,521694014.513855
2022-03-31,209.64642771139933,212.8832151623128,208.15826278659497,211.10670471191406,4371685,0.009248920836439023,0.00920641147755378,922892014.388504
2022-04-01,211.13460509496426,223.03999535728684,209.81385288070948,219.7567138671875,4473460,0.040974582816200256,0.04015737321198713,983072869.2163086
2022-04-04,220.24968854818292,221.36581587378663,217.64538199355493,219.319580078125,2766255,-0.0019891714859128218,-0.0019911525150200183,606693884.9890137
2022-04-05,220.24969340639652,220.8914705356653,216.81759080540567,217.7384033203125,7478890,-0.007209464641730889,-0.007235578418538271,1628441567.208252
2022-04-06,215.5991586203643,219.50561158122525,214.86436493897673,217.0966339111328,5148520,-0.0029474332473889975,-0.002951785482815669,1117726361.6241455
2022-04-07,215.97117208695593,220.42639936236327,215.41311555086594,218.40806579589844,10215730,0.006040774843623087,0.006022602509863064,2231197829.9931335
2022-04-08,221.24488996968955,225.7373154357036,217.05010601664307,224.5653839111328,12013760,0.028191807352885734,0.027801732656624025,2697874626.616211
2022-04-11,226.0163318674371,230.29483600770223,222.8632650893252,227.61611938476562,5541150,0.01358506560761863,0.013493615906398209,1261255059.928894
2022-04-12,227.86727141355658,227.86727141355658,217.66398070978641,219.67300415039062,5301495,-0.03489698030106492,-0.035520427176485375,1164595333.1382751
2022-04-13,221.73784686319402,222.6958574229266,219.21726093344944,220.24037170410156,2337810,0.0025827823309709785,0.0025794526806288405,514880143.3735657
2022-04-18,216.15718449888604,218.53827390258462,208.5489046690425,216.57574462890625,7199895,-0.016639215811526276,-0.016779202582157385,1559322620.874939
2022-04-19,219.36608227616122,221.17979090417208,204.9958954571379,208.0838623046875,7289265,-0.03920975702412677,-0.03999916337213856,1516778414.562378
2022-04-20,206.94911459312615,210.9020752089499,203.144974724292,207.274658203125,3195385,-0.0038888364172019463,-0.003896417602584415,662322333.7023926
2022-04-21,209.0883759089335,214.65971626842398,207.9908405919871,214.0830535888672,3891400,0.032847215596757184,0.032319275613747867,833082794.7357178
2022-04-22,212.0647024970016,212.0647024970016,204.70754208754803,206.1120147705078,4432385,-0.03723339463228714,-0.03794425858573103,913567802.5885773
2022-04-25,203.69375252376688,205.3679505884554,200.2244519455018,203.99139404296875,5391300,-0.010288680792821525,-0.010341975136529073,1099778802.7038574
2022-04-26,206.102720536599,215.97117140003047,205.1819222876644,215.27359008789062,7799210,0.05530721576688369,0.05383192431664002,1678963936.5493774
2022-04-27,212.43675179329068,217.03148953649261,210.94858687632154,212.2972412109375,5002305,-0.013825889537764313,-0.01392235734947687,1061975551.1956787
2022-04-28,213.55289089837694,216.34321605370943,211.24621188482618,212.39955139160156,12255960,0.00048191950154641283,0.0004818034156379721,2603160405.873413
2022-04-29,222.18429614238798,230.4808612556161,218.4173543346349,223.60736083984375,30651345,0.052767575895573904,0.05142248314311909,6853866361.641541
2022-05-02,221.31000006613954,230.10881778517597,220.42639990424541,228.85317993164062,9994595,0.02345995709664561,0.023189001852784007,2287294847.8788757
2022-05-04,229.17871978054328,233.9129826469833,210.40913779524814,213.72032165527344,9729470,-0.0661247454848014,-0.06841241014952186,2079385457.9353333
2022-05-05,217.62675032909934,222.28660230071682,213.5807874742169,216.07347106933594,5106630,0.011010414900357812,0.010950241568218836,1103407269.566803
2022-05-06,210.76257266212096,221.92387364986268,210.76257266212096,220.21246337890625,9524820,0.019155485812703654,0.018974329266475236,2097484075.4406738
2022-05-09,219.1335635268007,219.1335635268007,211.24623339929622,215.2270965576172,7602625,-0.02263889493262261,-0.022899089221324196,1636290904.9663544
2022-05-10,215.22709559376838,219.1242523776103,212.99484092908511,215.85028076171875,4513380,0.0028954728009107367,0.0028912889936613937,974214340.1843262
2022-05-11,214.85504293441772,216.59434112138948,204.1029919743596,208.3442840576172,8918120,-0.034774088213429644,-0.035393099563251366,1858039326.539917
2022-05-12,208.34430650110409,208.34430650110409,194.78332270522944,198.0666046142578,9397425,-0.049330268357720364,-0.05058856209361398,1861316061.8671417
2022-05-13,201.2754511021479,203.67513246553233,194.87631499211722,197.48062133789062,8482405,-0.002958516290559987,-0.0029629013508646568,1675110609.8396301
2022-05-16,197.18298842658874,204.15880169639732,195.65761115928376,202.86595153808594,6833390,0.027270170428423945,0.02690496395334575,1386262164.580841
2022-05-17,204.0657655872497,208.493090400592,201.2754405471743,206.25152587890625,4101275,0.01668872630005991,0.016550999715871293,845894226.7990112
2022-05-18,208.34424229517663,209.6091900482332,202.24273461301848,204.19595336914062,4296340,-0.009966338435588029,-0.010016334851327954,877295242.2979736
2022-05-19,198.8572043963197,202.13119036027328,197.9270958764046,200.62440490722656,8110880,-0.017490789621366742,-0.017645560851481567,1627240473.2739258
2022-05-20,204.06577958582105,206.2980482864075,201.57309585801008,203.8797607421875,3296315,0.016226120827455226,0.016095884263058993,672051913.5308838
2022-05-23,204.62383255967677,213.5342720624001,204.62383255967677,211.4415283203125,6070490,0.03708934889170834,0.036418086472787874,1283553683.2531738
2022-05-24,210.92071375818284,212.97624564653836,205.19124184970207,209.78598022460938,8069565,-0.007829815215841363,-0.007860629169429648,1692881603.5112
2022-05-25,211.32062780350984,213.24595902352485,205.13541255716137,207.82342529296875,5017540,-0.00935503378032887,-0.009399066945172991,1042762349.3444824
2022-05-26,208.53029725193744,214.11094756657803,205.10750520460851,213.3017578125,3514895,0.0263605149987709,0.0260190641704871,749733282.0263672
2022-05-27,216.06418809267515,216.06418809267515,210.4277333568161,212.52047729492188,2271910,-0.0036627945572998977,-0.0036695190145097033,482827397.57110596
2022-05-30,215.22709164807353,220.4357046932852,212.41817432151345,217.9988250732422,4176795,0.025777976071067465,0.025451325739688436,910536402.5717926
2022-05-31,217.99879705659114,222.42610764140423,212.99480965076225,218.79869079589844,13941420,0.0036691285945578134,0.0036624137622791944,3050364443.8357544
2022-06-01,218.61268402746137,223.2260281879707,216.90128788417914,220.42640686035156,5176220,0.007439331828413387,0.007411796478131405,1140975575.718689
2022-06-02,220.5287169194124,222.48193612906468,218.6219917779223,221.9052734375,2790370,0.00670911710721378,0.006686711141369913,619197817.8417969
2022-06-03,222.38892431948804,222.8446683528133,217.33842832287743,219.22654724121094,5396720,-0.012071485074659716,-0.012144937166329466,1183104292.027588
2022-06-06,218.76151479979586,222.24012567420064,214.76204543988217,220.58453369140625,2524525,0.006194443452604004,0.006175336750753408,556871169.9172974
2022-06-07,217.9336953628602,220.1194557640414,212.53906384326677,219.3753662109375,4116090,-0.005481651230182627,-0.005496730612142546,902968751.1071777
2022-06-08,219.50559420761962,222.69585937891264,216.19441039627728,218.6219940185547,3753885,-0.0034341695031447905,-0.0034400797984163135,820681824.0163422
2022-06-09,217.27331152406006,218.1383054584805,214.85502418958424,217.23609924316406,4476645,-0.0063392285008295746,-0.006359406731299986,972488897.4964142
2022-06-10,215.41312200277528,217.19892851794117,214.41789915216458,216.7710723876953,2121945,-0.0021406518395831187,-0.0021429463097582626,459976293.19770813
2022-06-13,212.9948191573095,215.76653815764462,207.50718538870288,210.9299774169922,4399480,-0.026945915367601825,-0.027315612901687127,927982217.0465088
2022-06-14,209.06974960647864,213.66448703458173,208.5302850711622,211.96238708496094,3860780,0.004894561126926655,0.004882621705583259,818340144.8098755
2022-06-15,213.0134245220005,214.48299746106824,210.5021347420047,213.9249267578125,3345520,0.009258905317314214,0.009216304410091277,715690120.9667969
2022-06-16,215.41312762112628,218.57549074648423,209.02327277277513,212.5762939453125,6698850,-0.00630423407379177,-0.006324189671469587,1424016706.6955566
2022-06-17,211.41361750161659,214.76199883570322,206.9583908375193,213.74818420410156,6730740,0.005512798426575927,0.005497658569828504,1438683453.3499146
2022-06-20,213.92493396544296,216.12928635215061,207.68390029947898,211.86009216308594,4386785,-0.008833254177320837,-0.008872498642146214,929384674.399643
2022-06-21,213.3668585674144,220.1194545485597,209.9812646021981,218.38014221191406,4280930,0.03077526296839861,0.030311201611726322,934870102.1992493
2022-06-22,217.18031271790593,223.03999851192958,216.72455448990223,217.94300842285156,4890975,-0.002001710341585472,-0.0020037164412653008,1065953805.6209564
2022-06-23,216.0176821315731,226.42559769858806,215.80376116725384,222.8167724609375,3954310,0.022362561998914288,0.022116186207496398,881086591.5100098
2022-06-24,225.16995950308544,233.5967400980146,223.78410694490725,231.65281677246094,4996020,0.03965610045389423,0.038889985828542,1157342105.6515503
2022-06-27,236.06150553401832,236.06150553401832,231.67139292218212,232.98284912109375,4127285,0.005741490076242917,0.0057250705405175175,961586618.4347534
2022-06-28,231.22495228702664,235.02909221005257,230.53666696664033,232.72242736816406,3527135,-0.001117772204744294,-0.001118397378006094,820843418.8552094
2022-06-29,230.6668902112646,234.35012583184312,226.5744188038025,227.7091522216797,2727410,-0.02154186514458034,-0.021777278083876816,621056218.8609314
2022-06-30,229.736776737714,241.30732760207823,228.64855160361472,238.35887145996094,9956150,0.046768955636502074,0.04570823479208099,2373136678.08609
2022-07-01,235.54064834971905,237.14043587893573,230.387840040492,235.4476318359375,5358285,-0.012213682696985195,-0.012288882659121692,1261595513.9520264
2022-07-04,232.7131311444021,239.80056717787724,232.5271122930334,235.28953552246094,2008615,-0.0006714712407331902,-0.0006716967785138297,472606090.3934479
2022-07-05,236.0336222504031,243.77211707341436,234.58265535810904,237.6240997314453,6272225,0.009922091111278952,0.009873190364331883,1490431818.9380646
2022-07-06,236.83348518419496,241.13989123135732,236.26611854340754,238.86111450195312,3157810,0.005205763101915339,0.005192259959678333,754278015.9854126
2022-07-07,238.10774728948732,245.83694572174474,234.01527605988034,243.36285400390625,4945940,0.01884668214556262,0.018671283789527888,1203658074.13208
2022-07-08,245.51138471995097,246.20896596142975,236.43353260674465,238.19143676757812,3652815,-0.021249821619223397,-0.021478849423473775,870069253.0961609
2022-07-11,237.29855856308282,238.10774832247762,230.68548732908965,233.67112731933594,3691540,-0.0189776320659798,-0.01916001852073248,862606313.3444214
2022-07-12,232.34110597254076,233.92228758294567,229.494976235346,229.97862243652344,3442455,-0.01580214434351701,-0.015928329320684973,791691058.6997223
2022-07-13,231.4296079373007,237.15906561399444,230.73202654977663,236.04293823242188,3151325,0.026369041311969044,0.026027371463741567,743848012.3252869
2022-07-14,236.9916361976595,241.7258990003061,236.2568425735278,240.88877868652344,3203265,0.020529487094123722,0.020321597602030728,771630593.6592865
2022-07-15,241.82819483987933,245.17659090690137,237.34506533860696,244.55340576171875,2703045,0.015212942234906768,0.015098385795119948,661038860.677185
2022-07-18,247.78089931087135,263.9554997888781,246.10671536076327,259.89093017578125,5420345,0.06271646214163407,0.06082833014096427,1408698503.923645
2022-07-19,257.1192219786963,260.2443732296868,252.49658113144335,258.8585205078125,4993150,-0.003972472864945509,-0.003980384093654938,1292519421.673584
2022-07-20,262.2905207267261,266.24348070221754,260.71863554805276,261.9277648925781,4629925,0.011856841253456096,0.01178709964669294,1212705906.8702698
2022-07-21,260.98842304650344,273.1635386117193,259.57464011053844,271.9450988769531,4855305,0.03824464347444545,0.03753144432875259,1320376398.302765
2022-07-22,272.8937697142257,279.0138982274697,270.9405366060701,278.3070068359375,4810415,0.023394089414580543,0.02312464193205583,1338772200.2886963
2022-07-25,274.0098865818981,280.70664871782816,274.0098865818981,278.3813781738281,4721665,0.0002672276876394264,0.0002671919886805977,1314423609.9751282
2022-07-26,278.28850068375675,280.6881683498236,274.1401959472974,275.0052185058594,4102640,-0.01212782151635372,-0.01220196360821422,1128247409.650879
2022-07-27,271.7776165885453,274.1958751046806,266.9410427869776,269.88018798828125,6702695,-0.0186361209631698,-0.018811961550006338,1808924586.6281128
2022-07-28,274.9400137107854,280.18580965885474,268.42925573975367,271.7683410644531,8557735,0.006996264120928686,0.006971903819840119,2325721444.219208
2022-07-29,275.31211623552775,275.31211623552775,254.94274574503368,256.6634521484375,9296570,-0.055580016630536466,-0.057184314137102905,2386089749.3395996
2022-08-01,256.70994849513613,260.05834480461317,253.19413946634995,255.75193786621094,4709025,-0.0035513988244005867,-0.0035577200116812214,1204342269.210434
2022-08-02,256.15182248992363,261.05351144201046,253.5754326937938,256.54248046875,4861880,0.0030910522482634484,0.003086284768089772,1247278754.9414062
2022-08-03,257.6400126467631,259.7699687134594,250.77580849029746,253.0359649658203,3733035,-0.013668362044845894,-0.013762634120908633,944592113.476181
2022-08-04,256.151856430478,256.151856430478,248.06921188768882,252.9709014892578,4646770,-0.00025713133929905485,-0.00025716440322984973,1175497595.9132385
2022-08-05,254.7845946117913,256.48670892871587,251.88266086091414,253.4452362060547,3153135,0.0018750564353624544,0.0018733007114229453,799147044.8645782
2022-08-08,254.84974458174645,261.1744714145825,252.24545197638113,258.9887390136719,4775785,0.02187258632515876,0.021636813094730773,1236874534.950409
2022-08-10,259.5002824143548,262.2162118378343,257.6772776253853,259.7607116699219,4003980,0.0029807190041928333,0.002976285469198305,1040076694.3121338
2022-08-11,261.48138994695597,265.13670929920016,258.79336293413144,261.5557861328125,5658525,0.006910492550434855,0.006886724533101486,1480019954.7271729
2022-08-12,261.5464929421997,261.5557747246163,253.4638486906212,254.46835327148438,5225265,-0.027097213050103486,-0.02747111242484306,1329664579.9571228
2022-08-16,253.91961954663495,258.01209125433763,251.6501525443832,253.8638153076172,6555990,-0.0023756901638067873,-0.002378516593051447,1664328634.5185852
2022-08-17,253.73355228808492,254.6636606592064,251.3152932308929,252.1616668701172,6599875,-0.006704966737529849,-0.0067275460124600435,1664235481.1344147
2022-08-18,251.1757525106509,253.96607760449848,246.86006445885377,250.84092712402344,4383855,-0.005237670588424614,-0.0052514352693009145,1099650252.5772858
2022-08-19,251.13857217099232,253.9009951884239,249.26904524853865,250.5432891845703,3815695,-0.0011865605141300195,-0.0011872650344159753,955996775.825119
2022-08-22,253.89168847834978,253.89168847834978,242.75828990919695,244.21856689453125,4246725,-0.025244029926420275,-0.02556812641535517,1037129093.4951782
2022-08-23,242.84201084070475,252.35703046492424,241.49337062435075,248.6365966796875,4383165,0.018090474615978902,0.017928789047542498,1089815228.2855225
2022-08-24,250.38519947194555,251.07347062365258,246.86939075931417,249.83641052246094,2029850,0.004825572175600312,0.0048139664234768155,507130437.89901733
2022-08-25,250.9432567062098,253.6777779098832,245.54863887271793,246.42294311523438,3292195,-0.013662809996702552,-0.013757005149573285,811272381.209259
2022-08-26,248.33895149173583,250.6549124057034,246.32060370384613,248.0320281982422,2107620,0.006529769763586435,0.006508543170076117,522757263.2711792
2022-08-29,242.246723959666,247.74363916738835,241.8281638606612,246.46011352539062,2128080,-0.006337547147722389,-0.006357714653145225,524486838.3911133
2022-08-30,247.78085776340833,252.81274732276592,247.49252644684393,251.99424743652344,5142225,0.022454480897423856,0.02220609048415607,1295811119.0242767
2022-09-01,249.64109803886637,252.61745638188913,246.10669734310156,247.2693328857422,2217970,-0.018750088935944653,-0.01892810052088058,548435962.2605896
2022-09-02,249.26905829857856,249.26905829857856,243.05594082196143,243.427978515625,2321585,-0.015535102251811317,-0.01565703644141277,565138743.5021973
2022-09-05,245.7160101608908,248.89699311742714,243.69769099371868,245.69741821289062,2988435,0.009322838365187991,0.009279648932150136,734250763.9970398
2022-09-06,248.11572937613803,258.85847019420805,245.07425669894346,257.5935363769531,8058715,0.048417758113171505,0.04728213062313968,2075872895.5039978
2022-09-07,255.9658631093608,258.7282864094049,253.17553769051455,254.21725463867188,3464835,-0.013107012643906235,-0.013193667558376922,880820841.4759827
2022-09-08,255.59376901843478,257.80743148314576,252.24540159027708,253.25921630859375,3184610,-0.003768581056544762,-0.00377570004943074,806531832.8485107
2022-09-09,254.84040361349872,255.7798222254899,245.5486293364703,246.3113250732422,3022760,-0.02743391271844431,-0.027817249724865944,744540020.9783936
2022-09-12,247.641354770792,248.2180174215773,243.68839417820658,247.1298065185547,4745365,0.0033229549841815587,0.0033174461695899948,1172721134.3099213
2022-09-13,248.33894883358886,251.129274101382,246.22761293276838,247.89248657226562,3598305,0.003086151623938882,0.003081399233237599,891992773.8954163
2022-09-14,246.17179336713178,251.9570685307812,244.63709185769832,248.27381896972656,3689160,0.001538297520565557,0.0015371155529246695,915921841.9903564
2022-09-15,249.52014714285627,255.59375329702726,244.24644889863123,246.65542602539062,4760095,-0.006518580779285799,-0.006539919509681752,1174103260.1463318
2022-09-16,247.37159992143788,248.89699118521034,235.8754747535365,238.86111450195312,5117185,-0.03160000024745113,-0.032110054173759374,1222296512.212677
2022-09-19,239.40988833560996,243.37215906785812,238.12633424574622,239.39129638671875,1969205,0.0022196240935703493,0.0022171643671182522,471410537.8012085
2022-09-20,240.93527895691076,245.2695873464808,239.96795830904694,241.10269165039062,3808500,0.007148945218573122,0.00712351264846768,918239601.1505127
2022-09-21,241.78171579526452,243.67911669726175,234.94541264711023,236.76841735839844,3779985,-0.017976880566215603,-0.01814042769321515,894981066.0884857
2022-09-22,234.9453842131117,237.36365750370905,230.8994070530754,233.866455078125,4041540,-0.01225654296569767,-0.01233227382363459,945180632.8564453
2022-09-23,233.45721635507783,233.81066210066646,222.58424651780786,223.81199645996094,5578410,-0.04299230778867058,-0.04394384972310629,1248515079.1722107
2022-09-26,221.57970402284076,223.63524968178137,213.59937282888458,218.566162109375,3960710,-0.02343857538272931,-0.023717627809837168,865677183.9282227
2022-09-27,219.52419910037761,221.2076931145767,213.18085269496228,216.7245635986328,3060765,-0.008425817120861656,-0.008461514981803982,663342958.9029694
2022-09-28,215.73864216896283,222.0168739163228,214.85504202076294,218.55686950683594,7037355,0.008454537306608723,0.008418997878524834,1538062278.4082794
2022-09-29,221.36577836983267,225.57916788997318,220.80770770541508,224.9467010498047,8863220,0.029236470843433615,0.028817236906657346,1993752099.67865
2022-09-30,223.22600661917124,227.4580024997918,221.1797710636276,222.77024841308594,3689185,-0.009675414782975067,-0.009722525733529611,821840658.8918304
2022-10-03,223.22599498161742,226.3883575669264,215.34797644000506,217.58023071289062,3393565,-0.023297624961890695,-0.023573304835021233,738372655.6391907
2022-10-04,219.524209680666,223.9236188624499,218.64990542970347,223.19813537597656,2886230,0.025819922355441838,0.025492217070696706,644201154.2662048
2022-10-06,225.23509430694634,226.57445291607868,221.7378770070273,222.80751037597656,4285510,-0.0017501266278142635,-0.0017516598886158088,954843813.7913513
2022-10-07,222.66793574947758,225.0211087653396,217.75696474312844,223.05859375,5047815,0.0011269071388111396,0.0011262726555857686,1125958515.4101562
2022-10-10,220.24039214223814,221.86808206654663,216.52926819790582,219.08706665039062,3026365,-0.01780486029630668,-0.017965273766660933,663037430.4634094
2022-10-11,218.57549324260603,222.15641657478886,217.63608878514225,218.361572265625,2086380,-0.0033114432351377676,-0.003316938197478257,455585217.1435547
2022-10-12,219.45910066296045,226.54653717825343,217.95232941441347,225.4582977294922,2322665,0.03249988260404346,0.031982932152360005,523664097.095871
2022-10-13,225.2536441699014,225.2536441699014,218.58476868435037,221.17977905273438,2016655,-0.018976984745494918,-0.0191593586782126,446043307.32559204
2022-10-14,223.22599853302188,226.16514425319843,219.5706796193605,220.23104858398438,3429520,-0.004289408700981712,-0.004298634606388419,755286785.7397461
2022-10-17,219.5427890045993,222.73306832031943,218.01741173714277,221.812255859375,1567175,0.007179765457946408,0.007154113651384766,347618622.076416
2022-10-18,225.04903821615923,228.9647866934851,223.52366098407836,227.71844482421875,4394830,0.026626973076673277,0.0262786449823004,1000783852.8668213
2022-10-19,227.8765401853719,229.55073801295427,224.18400899065546,225.9326171875,1833905,-0.00784226169336999,-0.007873173948328293,414338956.3232422
2022-10-20,225.60710563903564,228.51834965847374,222.29592179437734,226.16517639160156,3339120,0.0010293299258714583,0.0010288005290748103,755192663.7927246
2022-10-21,227.87655477503478,229.3182256130975,220.1380461842347,222.79815673828125,5002910,-0.014887436284578004,-0.01499936645559094,1114639126.3275146
2022-10-24,226.0163527384022,226.0163527384022,221.75645434585,223.04000854492188,395760,0.001085519782485056,0.0010849310319143808,88270313.78173828
2022-10-25,223.22602847793297,230.66689609386407,220.47290121541386,226.40699768066406,4718435,0.015095897627102506,0.014983088451547453,1068286702.1013641
2022-10-27,227.87654509156255,233.21537211437402,225.28154904718457,231.95042419433594,4543535,0.02448434266811228,0.024189405679214987,1053874870.5918121
2022-10-28,233.1130914363201,238.82394270803363,231.4202872009144,237.12185668945312,2765695,0.022295421588814923,0.022050512231053955,655806733.4367371
2022-10-31,236.98230743232938,236.98230743232938,227.8765526545532,228.64854431152344,3104155,-0.035733999793307825,-0.03638808860995797,709760522.067337
2022-11-01,229.08571148554478,229.9786076397539,223.78409621890145,224.65838623046875,6675575,-0.017451053944250283,-0.017605118611142,1499723906.6604614
2022-11-02,224.71418371736274,227.46729649399595,223.2260046759257,224.67697143554688,2733960,8.272651375262896e-05,8.272309210329624e-05,614257852.8259277
2022-11-03,223.59804151797104,231.2900415413311,222.45401222206502,230.71337890625,3636250,0.026867050201603737,0.026512468040271624,838931524.0478516
2022-11-04,231.5970004313965,235.18721955999402,230.74130237384585,234.30361938476562,3337760,0.015561475002169312,0.015441636889605157,782049248.6376953
2022-11-07,235.19648515677494,240.7120206543844,233.77342056970122,239.809814453125,2258285,0.023500256132694686,0.02322837637095376,541558906.8322754
2022-11-09,235.13140435699805,241.6421489092499,235.13140435699805,237.2334442138672,1989790,-0.010743389486093768,-0.010801516389770479,472044734.9623108
2022-11-10,236.21035053089653,239.96798246124644,230.19254766479602,231.62490844726562,3089160,-0.023641421154537712,-0.023925363684505055,715526402.1789551
2022-11-11,232.89912612279113,239.40988459962043,232.89912612279113,237.503173828125,2488040,0.025378381885891477,0.025061697529551195,590917396.6113281
2022-11-14,238.08913278673302,239.13086379532416,233.53160752325113,235.45692443847656,1655990,-0.008615671768366528,-0.008653001235319835,389914312.3008728
2022-11-15,236.23824332139088,236.26614543867743,231.79232619757758,233.02935791015625,1474635,-0.010310023942212032,-0.010363540394107099,343633247.20184326
2022-11-16,232.89913760324288,233.42001022861976,227.93236215510393,229.4856414794922,2486780,-0.015207167296192536,-0.015323982058962925,570680303.5183716
2022-11-17,229.1786971615518,243.6511811576901,229.1786971615518,237.29855346679688,10895855,0.03404531951077594,0.03347860443985772,2585570630.283966
2022-11-18,237.27064418149266,238.9355460646061,231.03890692414,232.75961303710938,5665580,-0.01912755203677463,-0.019312850334009975,1318718208.4307861
2022-11-21,232.98286616652916,242.75830067448976,231.22496179830358,241.85609436035156,11427320,0.039081012399655,0.038336680588206384,2763766984.2059326
2022-11-22,242.74899621210065,252.05008074772235,240.1540140636155,250.4781951904297,9851655,0.035649714979816505,0.0350289737103738,2467624764.0387726
2022-11-23,251.12926815795856,253.53824550931512,246.52522022120036,248.19943237304688,6956495,-0.009097649460666046,-0.009139285794419257,1726598110.3059387
2022-11-24,249.44577858741454,249.44577858741454,242.75829679944655,244.004638671875,3504165,-0.01690089965583419,-0.017045349731062778,855032514.6716309
2022-11-25,244.6185072669216,245.92065333970032,237.21483821680422,238.13565063476562,4325525,-0.024052772394223543,-0.024346764106932536,1030061710.2119446
2022-11-28,236.99164140802804,240.86088186381005,231.969047145866,235.27093505859375,22810780,-0.012029763576078545,-0.012102706765041058,5366713540.015869
2022-11-29,233.0386692565649,238.29379038526167,232.80614214978172,236.3033447265625,8742450,0.004388173438047538,0.004378573478930855,2065870176.1047363
2022-11-30,236.70329602991956,255.77981454354745,236.6195754862632,251.1292724609375,11378515,0.06274108287180935,0.060851497604585594,2857478193.6358643
2022-12-01,250.46889287211204,250.46889287211204,237.54967388671398,239.38198852539062,8011285,-0.04677783605403518,-0.04790728188145982,1917757333.943634
2022-12-02,239.34476632365198,241.49334270006727,235.87548038625874,240.03306579589844,5168550,0.002719825641513296,0.0027161336086950825,1240622902.2193909
2022-12-05,241.08411337734165,241.82818875811947,237.92173623972317,240.87017822265625,4417660,0.0034874879591364483,0.003481420775066169,1064082551.5270996
2022-12-06,240.89804775378153,249.0829893737942,240.005151740698,246.76702880859375,10171880,0.024481447348316143,0.024186579551213977,2510084604.9975586
2022-12-07,247.03680127647584,254.24514150951978,246.85076823917993,248.37615966796875,6943485,0.00652085032244365,0.0064996815537274304,1724596139.012146
2022-12-08,248.32039008955675,252.05941622991395,246.47876494807085,248.93426513671875,2846375,0.0022470170627328923,0.002244496295324796,708560268.9285278
2022-12-09,250.83166609046512,251.89200345846146,244.88828723639475,250.02247619628906,3202765,0.004371479591098737,0.004361952429295563,800763235.9748077
2022-12-12,249.2690389083187,255.9565202453254,247.08327859916935,253.64984130859375,5938835,0.014508156096561864,0.014403919774887112,1506384555.3079224
2022-12-13,253.17553717795337,255.0264439522836,249.26907024561416,254.07774353027344,1977965,0.0016869800488426012,0.001685558696304399,502556883.9818573
2022-12-14,254.0962922990141,256.7098943877695,252.13374899856623,256.4401550292969,4138030,0.009297986774437605,0.009255026585603284,1061157054.7158813
2022-12-15,255.85422354838985,261.2116573791057,254.8590290651812,259.1654357910156,3778060,0.010627355771982705,0.010571282351571457,979142566.3446045
2022-12-16,256.15188105407304,261.1744613914746,248.9156378947346,254.93344116210938,9071230,-0.01632931727948017,-0.01646410997705833,2312559879.4729614
2022-12-19,255.58448294641894,257.98415001427526,253.36151035221923,255.26824951171875,3297195,0.001313316715465751,0.0013124550693951412,841669195.9487915
2022-12-20,254.83111845411452,260.24432795678604,251.57573894165108,258.4306335449219,2851545,0.012388473847617876,0.012312364645375672,736926580.9318542
2022-12-21,257.97482636868097,264.05774264331006,253.03595352997635,254.73806762695312,4286630,-0.014288421876762047,-0.014391484287369884,1091967842.831726
2022-12-22,255.77980738427857,258.0120618445194,247.10190859027128,249.15744018554688,1549960,-0.021907316379500497,-0.02215084490945489,386184065.98999023
2022-12-23,246.84148504679166,246.84148504679166,240.07957872642703,242.10720825195312,1564975,-0.02829629301193437,-0.028704349192836515,378891728.23410034
2022-12-26,242.11654235419581,254.2916592628185,240.90741265311544,251.34323120117188,1606850,0.03814848395429493,0.03743882263881439,403870871.055603
2022-12-27,253.36150877753232,258.5701212127047,247.3251146711596,256.5052795410156,2420365,0.02053784506220535,0.020329787403464517,620836400.9162903
2022-12-28,253.64990039516914,259.8723290045942,251.59436840140614,258.30975341796875,2201075,0.007034841076885456,0.007010212022590245,568559140.5044556
2022-12-29,250.94326960481945,250.94326960481945,232.77826537314692,244.10699462890625,19945730,-0.05498343984743437,-0.056552827670968364,4868892205.979614
2022-12-30,247.40884843520118,257.6028291297896,246.50664210063388,256.1332702636719,7329350,0.049266411448176894,0.048091264232117396,1877290384.4070435
2023-01-02,256.8959223441859,258.570105920747,253.3614937936144,257.788818359375,2184945,0.006463619872572046,0.006442820260722543,563254389.7302246
2023-01-03,257.4127748351078,258.9454460248801,251.1692603164483,253.81146240234375,2678225,-0.015428737298786022,-0.015548998859101961,679764203.8925171
2023-01-04,253.50113407495436,254.4225960726371,247.83121013424264,249.80581665039062,2709675,-0.01578197341459442,-0.01590783474013899,676892576.2321472
2023-01-05,251.23507708495538,251.99670662652684,246.59006086868158,248.21676635742188,2309935,-0.006361142083383342,-0.006381460358473556,573364596.1958313
2023-01-06,249.15702519295266,249.31685776323042,242.02964036876432,243.46827697753906,1599915,-0.019130413507382427,-0.019315767609123152,389528548.3605194
2023-01-09,244.47440901122562,249.1194250780595,244.3803746533237,247.97227478027344,2348255,0.018499320973754063,0.018330289992065346,582302134.114151
2023-01-10,248.73393467490527,251.54538153941056,247.97230506482018,250.84957885742188,2849300,0.011603329766192605,0.01153652739207607,714745705.0384521
2023-01-11,250.86835272364476,252.7207177300662,248.06631814512727,250.96238708496094,1445245,0.0004497046718312525,0.0004496035849903334,362702135.12260437
2023-01-12,252.27878910423308,252.41985499777672,245.4523304499285,246.8533477783203,2259350,-0.016373128078549626,-0.0165086490443421,557728111.302948
2023-01-13,246.35496814347448,246.91914556529693,238.38134571097567,241.31504821777344,4597480,-0.022435586190714285,-0.022691092813606196,1109441107.880249
2023-01-16,242.40575118172058,244.76587853439682,238.64462103501427,239.34042358398438,2549280,-0.008182766256694785,-0.00821642884969055,610145755.0341797
2023-01-17,240.29015575199594,240.83552350255843,237.49750442198663,239.14300537109375,3167635,-0.0008248427488111165,-0.0008251831187719167,757517753.8186646
2023-01-18,240.3371280216136,242.92291474413727,236.22806809161696,241.4654541015625,2375830,0.009711547811590115,0.009664693836650919,573680869.8181152
2023-01-19,241.46546897519738,243.97604559180422,239.2652172013777,243.49649047851562,2489795,0.008411291729121917,0.00837611393763908,606256344.5109558
2023-01-20,243.346058768591,243.346058768591,238.15568923890794,240.2055206298828,1984570,-0.013515471381806976,-0.013607636746155193,476704670.07644653
2023-01-23,241.10818030272438,243.90083123604325,239.75415164226,241.5783233642578,1269830,0.005715117332753872,0.005698848007659076,306763402.3576355
2023-01-24,242.1988897578739,243.1203804994405,237.51628317574819,237.9488067626953,1061495,-0.015024181602957043,-0.015138187962118499,252581468.63456726
2023-01-25,238.56000490229087,238.95492336270283,231.31039238885458,235.8613739013672,2130930,-0.008772613276476382,-0.008811319182554612,502604077.4876404
2023-01-27,236.0118197364172,241.4654678378816,231.31978676057508,233.388427734375,2410525,-0.01048474417869849,-0.010540096351140863,562588639.7644043
2023-01-30,233.00291455826573,237.87359000614055,230.82144376858787,233.9149932861328,5905675,0.002256176781640251,0.00225363543656992,1381425927.9750824
2023-01-31,234.62018767309274,243.60930599196882,231.9497642906085,241.9544219970703,6053500,0.03436901841133122,0.033791596761814875,1464671093.5592651
2023-02-01,249.73997104025725,257.05539508086355,240.37471602850655,243.97601318359375,7936630,0.008355256208327999,0.008320544272557472,1936347345.5133057
2023-02-02,243.13917340183926,244.3991820602583,235.6357084946955,237.79835510253906,2552580,-0.0253207600224451,-0.025646846750012955,606999325.2676392
2023-02-03,239.05834991727014,241.50308523709,235.07153157658527,240.5345916748047,2600590,0.011506541208351706,0.011440844444448397,625531853.7635803
2023-02-06,236.95210687816146,244.02304830867806,236.95210687816146,243.28024291992188,2088355,0.011414787478173816,0.01135013035790467,508055511.70303345
2023-02-07,243.32722577505953,245.03855329334326,240.52517732995528,242.83828735351562,1940780,-0.0018166521091140808,-0.0018183042227371891,471295691.32995605
2023-02-08,244.06066012007938,246.5054097421663,242.6032281294483,245.91302490234375,1715770,0.012661667080331673,0.012582178442920429,421930190.73669434
2023-02-09,246.07289966664806,247.75599123326063,244.2017106945875,247.30467224121094,1437655,0.005659103821035183,0.005643151249548059,355538798.5709381
2023-02-10,248.23555006645438,248.23555006645438,238.40015036828913,240.44998168945312,3358630,-0.027717594211370322,-0.028108975785737716,807582522.001648
2023-02-13,240.44997666159023,241.5971269182962,235.63571614008856,236.21868896484375,1789390,-0.01759739258401849,-0.017754067464135555,422687359.84680176
2023-02-14,237.32821633627995,239.678931689641,235.0527255959418,238.8702850341797,1050085,0.011225174777473201,0.011162640043469662,250834103.26011658
2023-02-15,237.98642361803135,240.31832918718266,236.38792572983732,239.34042358398438,1236070,0.0019681751111797485,0.0019662407921821126,295841517.37945557
2023-02-16,241.08936417553193,241.14577904915822,234.38513365309305,236.7076416015625,3304915,-0.011000155941054524,-0.011061105034922225,782298635.3436279
2023-02-17,235.0527295091444,237.19658079929067,231.4044289763774,232.08143615722656,2077315,-0.019543963232598105,-0.019737471916087657,482106248.5509491
2023-02-20,236.7264267424469,236.7264267424469,232.10022078627313,232.66439819335938,2309105,0.002511885680239745,0.002508736168444307,537246525.1902771
2023-02-21,234.50735627641765,235.569884199966,227.7372989754886,228.48013305664062,2163550,-0.017984122922155676,-0.01814780265466242,494328191.8746948
2023-02-22,227.73730628745923,229.67429349168756,224.7472031696998,227.1825408935547,3253235,-0.005679234101129804,-0.005695422271150984,739078193.4238434
2023-02-23,227.53985744104875,228.5365584943784,224.74720634382143,225.72509765625,1641205,-0.006415295962322931,-0.006435962408459052,370461158.8989258
2023-02-24,226.19523591530734,229.80593131927415,225.83792258395926,229.13833618164062,2464105,0.015121218512389456,0.015008032468704012,564620919.8768616
2023-02-27,229.1383408787477,229.54265704819014,224.16421896535795,226.21405029296875,1437525,-0.01276209794223937,-0.012844233073534926,325188352.6473999
2023-02-28,226.6089564216919,228.04759304701523,223.78809804299863,226.2986602783203,13260610,0.0003740262165059516,0.00037395628613728546,3000858277.473297
2023-03-01,226.98508155354926,231.5830804695398,226.60897281489966,229.74012756347656,2913235,0.015207634375403067,0.015093157460099257,669286980.5223846
2023-03-02,229.99400394864136,230.35130293845046,224.35228690343473,227.47402954101562,2720640,-0.00986374494736375,-0.009912713957529762,618874943.7304688
2023-03-03,228.61176075381516,231.1223228825259,227.6150597979555,228.84683227539062,1836725,0.006034986662631248,0.006016849067470296,420328698.01101685
2023-03-06,229.42982437676196,234.8928847025717,229.42982437676196,234.47915649414062,3145920,0.024611763959101474,0.02431377397091329,737652667.9980469
2023-03-08,234.13124444437506,243.51531027488727,229.63667792775107,238.91729736328125,51702925,0.01892765623818482,0.018750756860848476,12352723106.776428
2023-03-09,240.70385660360986,247.23884247386832,239.77296815035064,242.66903686523438,8022010,0.015703088656023434,0.015581070872373525,1946693440.4232788
2023-03-10,241.64413435493708,241.65354639914682,236.66062911741534,238.76686096191406,1446625,-0.016080238145451453,-0.01621092808542434,345406110.23902893
2023-03-13,238.97375482319134,241.4373003113244,235.39126635453067,236.58543395996094,3683830,-0.009136221807184097,-0.00917821303811738,871540519.1847229
2023-03-14,235.26900752854863,236.57600472327655,229.99400157188714,233.00291442871094,3141790,-0.015142603968832269,-0.015258423893922773,732046226.5229797
2023-03-15,235.25959028652508,235.8331654080928,230.44532982197472,231.22576904296875,1987050,-0.007627138012841983,-0.0076563733796308165,459457164.37683105
2023-03-16,231.6864900186773,237.1119448498201,231.06591209495156,235.109130859375,3988570,0.01679467575123339,0.01665520460012309,937749226.0717773
2023-03-17,236.2939120715246,238.44716103939828,232.58918234949795,234.31930541992188,4182610,-0.003359399256703255,-0.003365054707884084,980066270.0424194
2023-03-20,239.75413430332955,239.75413430332955,226.33626262783244,229.37338256835938,3402415,-0.021107619974798708,-0.02133357096693002,780423437.4513245
2023-03-21,231.9497790530939,242.33995815867172,229.072505748843,237.046142578125,5079360,0.033450960716764566,0.03290364929621971,1204042694.765625
2023-03-22,237.318842123791,237.85481216425538,233.51068000498557,234.3475341796875,1814750,-0.011384316863743527,-0.011449614249416443,425282187.6525879
2023-03-23,233.56705902640135,237.73253386603602,232.06260989091672,237.05552673339844,2141185,0.011555455717466856,0.01148920135016756,507579738.00865173
2023-03-24,235.88019454439439,236.82048073577798,230.37011688898136,231.9121856689453,4290270,-0.021696777693090974,-0.02193561374220045,994965892.809906
2023-03-27,231.68649965766977,231.87456836417851,226.73120201945244,227.43641662597656,1948390,-0.019299412965552043,-0.01948807799686104,443134839.7898865
2023-03-28,227.74673081258075,232.1190559802764,226.07300814738355,230.53936767578125,2605125,0.013643158364157415,0.013550928404189772,600583870.2163696
2023-03-29,230.53935954793468,236.9521182052724,229.71191746297032,235.41004943847656,1649135,0.021127332011880995,0.020907244444585367,388222951.88072205
2023-03-31,235.63569887383167,241.0705513027136,235.63569887383167,236.83926391601562,4489935,0.0060711702025813,0.006052814903398481,1063392900.4307556
2023-04-03,238.0804426213895,242.78188756717887,238.0804426213895,241.9262237548828,2297460,0.02147853254885579,0.02125111943929572,555815822.0278931
2023-04-05,240.9013445876341,243.38368532343438,239.6695575692965,242.41519165039062,1710530,0.0020211446610403083,0.002019104896147413,414658457.7737427
2023-04-06,241.84159522309338,245.7907796067532,240.74144786552654,245.19839477539062,1428390,0.011481141532639239,0.01141573339119731,350238935.1132202
2023-04-10,245.19841771862914,245.79080260542122,241.66296118176655,245.36769104003906,630385,0.000690446056155869,0.0006902078079363599,154676111.91627502
2023-04-11,245.36768501222565,246.35497400245356,240.14907960532523,243.5905303955078,2316150,-0.007242846998308572,-0.00726920375705472,564192206.9755554
2023-04-12,244.28635863415852,246.7311086468512,242.32116379608607,246.16693115234375,2680600,0.010576768943574066,0.010521226221366083,659875075.6469727
2023-04-13,246.1575146084486,246.1575146084486,242.96993084624242,243.8350067138672,774615,-0.00947293947062866,-0.00951809314668106,188878253.72566223
2023-04-17,244.47441388452282,249.55195366461135,243.70337230771744,248.4894256591797,2927410,0.019088395091580557,0.018908497378764565,727430429.5689392
2023-04-18,249.59896822162239,252.93697255229569,248.04747312894452,251.8462371826172,2602290,0.013508870707607423,0.01341843941982098,655376944.5579529
2023-04-19,253.3789283886599,257.61962841560097,251.53597543549654,256.9896240234375,2649705,0.020422726574591543,0.020216979258774522,680946691.7230225
2023-04-20,257.64782151629134,258.30600461530713,251.21626758457793,251.87445068359375,1972785,-0.01990420181079855,-0.020104958840770272,496894138.1918335
2023-04-21,254.89276518124777,256.0869469954342,252.1941484344833,255.54156494140625,1533610,0.01455929431452807,0.014454325411197205,391901099.40979004
2023-04-24,255.94587227117466,265.4991532120695,255.043177009706,261.8884582519531,3484290,0.024837029201109306,0.02453360404782645,912495336.2026978
2023-04-25,263.2237174400293,276.3124850915189,262.35864152222194,269.4389953613281,11463135,0.028831118254592614,0.02842332118082816,3088615578.091278
2023-04-26,270.7741952957233,270.7741952957233,259.895077993571,264.4366760253906,4680385,-0.01856568433692829,-0.018740189906378435,1237665451.919098
2023-04-27,263.28011818383544,265.5367991720743,259.8950823538493,264.3238220214844,5355815,-0.0004267713752966751,-0.00042686246811818914,1415669490.8399963
2023-04-28,253.8772629262594,256.69812140321784,246.16690494447047,250.6050567626953,15378245,-0.05190135778860672,-0.05329672917464485,3853865961.1356354
2023-05-02,253.6703749105935,254.49783124374005,248.54580434909707,249.2322235107422,4445290,-0.005478074822939827,-0.005493134498690597,1107909510.8500671
2023-05-03,248.80913281106223,251.1880845898687,247.53035727464987,248.05691528320312,2404405,-0.0047157153717259925,-0.004726869437540948,596429287.39151
2023-05-04,249.36391513983318,250.30420135273562,247.48334271402828,249.68360900878906,2605540,0.006557743910218239,0.006536335450782834,650560630.6167603
2023-05-05,249.74002696957757,253.3789300671997,247.53034860292146,248.019287109375,1867575,-0.006665723497113807,-0.006688038651697524,463194620.123291
2023-05-08,249.92803474134874,254.81753395587324,248.01925509974777,253.48231506347656,3146345,0.022026625500670916,0.021787543791149208,797542814.5883942
2023-05-09,255.51335136485838,263.28012421158206,253.06863031052728,253.54815673828125,4717955,0.0002597485934598964,0.00025971486463454444,1196228793.8241577
2023-05-10,255.94587045420076,255.94587045420076,250.2101198960679,254.45079040527344,2721495,0.003560008791244851,0.003553686959356658,692486553.8339996
2023-05-11,254.0841267496953,257.6196118860782,252.00610237529236,256.56646728515625,1675840,0.00831467992892887,0.008280303399544484,429964348.53515625
2023-05-12,256.6886950753507,258.51285241789657,252.18474528502009,253.8302459716797,1868500,-0.010664765908147467,-0.010722042112948771,474281814.5980835
2023-05-15,254.44146305928695,257.1870828191182,251.25387892223821,252.1095428466797,3314115,-0.006778952281328965,-0.0068020337496011215,835520017.5913239
2023-05-16,253.87728343481933,255.81427078318282,249.17585226010044,249.8528594970703,5037130,-0.00895120162500862,-0.008991504315542569,1258541334.1584778
2023-05-17,249.92805156038068,253.99009468624243,249.19462949837148,252.78652954101562,1876620,0.011741590830101067,0.011673193229636692,474384257.06726074
2023-05-18,254.3379517214211,255.19361542742126,250.0126590646313,253.143798828125,3189190,0.001413324071334321,0.0014123262689038326,807323671.784668
2023-05-19,255.17483072671178,255.17483072671178,250.6802645927489,251.86500549316406,3457825,-0.0050516478810890275,-0.005064450588960862,870905112.6194
2023-05-22,251.24444727645079,251.6017318760434,245.60273090373335,248.10386657714844,3724060,-0.014933154007048866,-0.015045776160467345,923953685.3652954
2023-05-23,248.9784004021217,259.58482799370796,248.30139316456265,256.3784484863281,3621815,0.03335128155532674,0.03280719191923764,928555310.4045105
2023-05-24,256.26558801127163,261.39954220846425,255.04319883415087,257.57257080078125,4991420,0.004657654812654011,0.004646841501922921,1285652881.3464355
2023-05-25,257.5725608199573,261.0234233837511,255.4475337769771,258.6445007324219,2376370,0.004161661811690864,0.0041530260483003765,614635032.2055054
2023-05-26,258.6445174823788,260.6755390044306,256.6981182701721,260.19598388671875,2622815,0.005998515916261216,0.005980596444114592,682445929.4778442
2023-05-29,261.0234343481098,267.68064749507977,260.1959779658892,264.9350280761719,5878845,0.018213364090647666,0.018049487611756773,1557511965.1304626
2023-05-30,265.4427825670056,267.26694008914944,264.3520758277153,266.4394836425781,3948785,0.005678583074993471,0.00566252070111833,1052112236.4155579
2023-05-31,266.5993047214846,267.0224449254392,261.66280291986294,263.23309326171875,6080605,-0.012034216314428359,-0.01210721373116193,1600616463.0526733
2023-06-01,263.23312463691934,266.75919777264204,263.23312463691934,265.20770263671875,2902875,0.007501372074964596,0.007473376698780706,769864809.791565
2023-06-02,266.16675806534477,267.83105391227537,264.06991000895135,265.7906494140625,3680045,0.002198076343741251,0.002195664108140069,978121550.4229736
2023-06-05,267.2293891913743,268.38592302411024,262.8382393595444,263.4588317871094,2510040,-0.008773136421817873,-0.008811846958004068,661292206.138916
2023-06-06,264.6811358895163,266.9942604503353,260.60029749269523,264.9538269042969,1777200,0.005674492318388236,0.005658453034774428,470875941.1743164
2023-06-07,263.28011239291845,268.1696116726032,261.3995401615405,264.85040283203125,3799040,-0.0003903475313945526,-0.0003904237368238982,1006177274.375
2023-06-08,265.7248456783075,272.49488807744234,263.28009618893105,265.3393249511719,4030580,0.0018460312459886996,0.0018443294243967933,1069471376.3616943
2023-06-09,265.16069511686453,270.5767525400314,264.97262640818275,266.51470947265625,2435880,0.004429741131287912,0.0044199587064766965,649197850.5102539
2023-06-12,267.98154226028436,274.7986165809407,266.477078740123,273.1249084472656,2951100,0.02480237952977804,0.024499793543220648,806018917.3187256
2023-06-13,274.2062157683443,274.75159775157596,269.8620987696346,271.4417724609375,3300860,-0.006162513686125748,-0.00618158034632096,895991289.0454102
2023-06-14,272.6829651085533,272.6829651085533,263.7032444598043,264.7469482421875,3617290,-0.024663942318286503,-0.024973192825568157,957666488.4069824
2023-06-15,265.91288101195704,267.04123573966234,264.0323089292833,265.95050048828125,2747890,0.00454604766583655,0.004535745601796343,730802720.7867432
2023-06-16,268.2968228361186,269.15524338800867,265.1684428518316,267.3430480957031,6897545,0.005236115761636739,0.005222454973066,1844010704.6772766
2023-06-19,280.982047300661,286.3040976010757,277.1287891589574,280.38116455078125,15970295,0.0487692369334054,0.04761732135658869,4477769910.319519
2023-06-20,280.4098100030505,300.0003538586375,277.74876998268167,297.510986328125,13814600,0.061094766493279495,0.0593011737330246,4109995271.7285156
2023-06-21,327.2591604139022,342.1285040400333,319.5145147434912,330.8358154296875,67327115,0.11201209579806415,0.10617107328547562,22274220991.553345
2023-06-22,336.68246218039775,336.68246218039775,322.70012187293986,327.86004638671875,20695285,-0.008994700404802991,-0.009035396941728606,6785157100.086365
2023-06-23,322.9576339708772,325.91434133273253,313.1909904546057,319.8292541503906,26775580,-0.024494574208824504,-0.024799556872752534,8563613780.844116
2023-06-26,318.3127737370585,326.8490693383137,313.26732629844213,324.9224548339844,9027690,0.01592474927637122,0.015799280740429786,2933299196.2802124
2023-06-27,325.04641543113604,329.7294528351513,316.6532094733944,323.54901123046875,9250910,-0.004226988880215665,-0.004235947852944229,2993122783.4820557
2023-06-28,326.1909650389848,327.78378168115074,322.21371151787895,324.47418212890625,9058510,0.0028594459149142715,0.002855365476122765,2939252623.5565186
2023-06-30,324.493175450473,337.0543989604294,323.8636807606888,330.9979248046875,13348225,0.020105583233089197,0.019906134912698402,4418234774.82605
2023-07-03,334.33619468256353,339.1431982595316,332.50493443403224,335.337646484375,7848930,0.013111023829675883,0.013025818303138323,2632041713.6206055
2023-07-04,338.0177548696227,342.0617794741898,331.9136024843921,339.1050720214844,8948575,0.011234722902741412,0.011172082134538299,3034507169.8646545
2023-07-05,339.16227304071714,348.7000195879426,337.4263961834679,343.7880859375,13158105,0.013809919999423936,0.013715431975120436,4523599732.514648
2023-07-06,343.66409194110884,343.66409194110884,337.1116646942264,337.89373779296875,4616375,-0.017145294981521952,-0.017293977472243746,1559844203.804016
2023-07-07,338.5899976888963,339.3530057592412,326.57243138616553,327.8314208984375,6705130,-0.029779530571521162,-0.0302319452401321,2198152295.20874
2023-07-10,329.80575841265556,330.08233211596627,325.0177908374294,328.70892333984375,6425075,0.0026766880337505405,0.002673112084048716,2111979485.6277466
2023-07-11,329.9869878881608,339.0764597995375,329.2716568486288,335.86224365234375,6085610,0.021761868341810597,0.021528459095116366,2043926628.5931396
2023-07-12,335.74775994752616,346.78294022966645,335.67147077843856,344.4080505371094,6537300,0.025444380981422654,0.0251260610589102,2251498748.776245
2023-07-13,346.6971172487439,348.9289466427447,340.1160773781935,341.2605895996094,6218315,-0.009138755416987165,-0.009180770012242398,2122065843.216095
2023-07-14,343.35887527524454,345.5239332603044,338.1417267560922,340.2877197265625,4492200,-0.00285081226105921,-0.0028548835658578956,1528640494.555664
2023-07-17,340.7074020504842,341.8423962805378,334.81308134598487,337.5408630371094,4223875,-0.008072159323470052,-0.00810491559653558,1425730412.8608704
2023-07-18,339.314871451428,343.58776316250106,337.6362187895683,340.33538818359375,7805875,0.00827907211393586,0.008244988587167783,2656615498.23761
2023-07-19,340.30682852451014,342.34792051700293,338.17038233990894,340.6406555175781,5968125,0.0008969603061663722,0.0008965582776554033,2032986012.210846
2023-07-20,340.49754897387777,343.072752163496,339.16227028947634,340.0874328613281,2878425,-0.0016240652643455533,-0.0016253854879501354,978916168.9338684
2023-07-21,339.2481101228394,356.35882980028885,338.59000328086887,349.3676452636719,15551270,0.02728772517192013,0.0269220525382274,5433110580.7595825
2023-07-24,351.1416643911171,352.50555509963027,339.5437616248134,342.653076171875,30150490,-0.01921920699533952,-0.01940629698066233,10331158146.589355
2023-07-25,349.253181571468,349.26272863182425,342.59585338648424,347.84161376953125,7020285,0.015142247242087237,0.015028747740444095,2441947263.5220337
2023-07-26,348.31853662614765,350.1116086357452,345.0184551641385,347.0118408203125,3995010,-0.002385490741681484,-0.0023883405577628226,1386315774.1955566
2023-07-27,350.607588091788,352.72496910546613,340.7932382074656,345.5811767578125,11626560,-0.004122810504442742,-0.004131332719387393,4017920286.4453125
2023-07-28,348.3280302640929,350.6647897892034,341.45132321738214,346.76385498046875,5905730,0.0034222877349743275,0.0034164450347765893,2047893701.2738037
2023-07-31,349.3581693882951,362.05290927515364,346.80203087807587,361.12774658203125,7778860,0.041422689808231494,0.04058774930288851,2809162182.7770996
2023-08-01,361.1277443864572,362.62517775505887,351.94288873077033,353.6024475097656,5345210,-0.02083832976970168,-0.021058511954376503,1890079338.4536743
2023-08-02,354.804168762879,355.99638707189405,343.6736058228819,349.6824035644531,7630985,-0.011086020396406493,-0.011147928287157665,2668421176.3642883
2023-08-03,348.8907463870609,350.7220064751683,341.73743669536157,346.8782958984375,3816705,-0.008019012788267998,-0.008051337998142274,1323932126.347046
2023-08-04,348.12778600615354,351.6948942800648,343.7499633681091,350.4168395996094,5455600,0.010201110138663427,0.01014942998079302,1911734110.119629
2023-08-07,351.1607330590513,354.8041590978064,349.6823940389004,353.8122253417969,4926185,0.009689562139956198,0.009642919389240306,1742944477.2953796
2023-08-08,353.83133261640705,357.6178191677321,350.989073660997,355.07122802734375,9859755,0.0035583922639490506,0.0035520761652002688,3500915315.8987427
2023-08-09,357.28399901405555,357.8371755184261,350.98908033877495,352.6867980957031,6340300,-0.006715356647982174,-0.006738006111870831,2236140105.9661865
2023-08-10,353.7836429417741,357.4556813628903,350.98909005282326,353.0301818847656,5397960,0.0009736224630934043,0.0009731488001640644,1905642800.6066895
2023-08-11,352.89661437095293,352.9061614314927,344.1409702216736,344.8753662109375,5133290,-0.02309948580116017,-0.023370459965675956,1770345268.6169434
2023-08-14,344.8753501155565,347.04040795392933,338.50414284720983,345.9435729980469,4598320,0.0030973705047290245,0.0030925835348396334,1590759250.588379
2023-08-16,345.9913218571852,346.5349513186712,335.74776171630117,342.59588623046875,9040420,-0.009676973439818881,-0.009724099619600557,3097210701.7956543
2023-08-17,345.63841145680163,356.7117212383743,345.63841145680163,351.8283996582031,6805160,0.02694869903231578,0.026591977442013734,2394248552.2180176
2023-08-18,353.27817372866645,353.27817372866645,344.89448523790145,347.2598571777344,4286650,-0.012985144135342797,-0.013070188127321584,1488581466.770935
2023-08-21,347.1739927481326,353.85041568559666,346.15344682775134,351.6090393066406,6865250,0.01252428704041142,0.012446506911275202,2413883957.0999146
2023-08-22,353.65011028924505,353.65011028924505,349.21506399231447,351.952392578125,4892080,0.0009765200353251124,0.0009760435498086226,1721779260.6835938
2023-08-23,352.70585443150645,354.1079043332866,347.39335174464935,353.3162841796875,2475480,0.0038752161665154272,0.0038677268585695615,874627395.1611328
2023-08-24,353.85041269511703,368.49086011991915,353.85041269511703,357.7608947753906,8085270,0.012579693591033836,0.012501226620649302,2892593429.7006226
2023-08-25,355.7579491774218,358.56204901423496,350.41680524506853,355.5957946777344,4806385,-0.006051807587901803,-0.006070193993633923,1709130293.6021423
2023-08-28,356.70215365328664,356.89292021621065,352.16220634598244,355.15704345703125,4670145,-0.0012338481705070903,-0.0012346099878701364,1658634890.7156372
2023-08-29,356.13944932678885,358.23776520448416,352.28619158179043,357.14093017578125,2919905,0.00558594220584574,0.005570398687281973,1042817587.7249146
2023-08-30,357.0932500709626,366.24949322291434,356.2920827973648,359.4013977050781,3644915,0.0063293432320521426,0.006309397059051582,1309987545.5162048
2023-08-31,361.4806505056813,369.8738571332391,360.3552032232714,367.8327941894531,12639870,0.023459553964488844,0.023188607961226876,4649358700.291443
2023-09-01,368.1570495317502,369.2920438005681,363.7410678297454,364.7330017089844,3756035,-0.0084271781348354,-0.008462887561819975,1369949920.0740051
2023-09-04,365.67718607157116,371.0183298027057,360.38374853590875,361.270751953125,7899565,-0.009492559597395145,-0.009537901107378257,2853881787.652588
2023-09-05,363.1592573075177,368.14748026699596,358.6574396432723,365.00958251953125,6793595,0.010349109486979424,0.010295924086352144,2479727274.756775
2023-09-06,366.2304585181767,367.58480243555584,359.00082922768763,361.0228271484375,6908360,-0.010922330705880667,-0.01098241728412515,2494075658.1591797
2023-09-07,361.48062624450546,362.58700843507336,356.8357479205777,361.2326354980469,6035475,0.0005811498161114592,0.0005809810139534718,2180210540.7325745
2023-09-08,364.3419490156427,373.8701493105103,362.9685110677651,372.70654296875,7287555,0.03176320836815738,0.03126919147620178,2716119430.744629
2023-09-11,376.13055620937564,376.13055620937564,369.7116714568252,373.3455505371094,6565460,0.001714505903946506,0.0017130378164893839,2451185278.22937
2023-09-12,375.75861534786327,375.75861534786327,360.7843410894693,364.5613098144531,6903070,-0.023528446261161795,-0.023809659925517635,2516592240.940857
2023-09-13,362.82545236248615,366.2495001865065,358.0851907400673,364.4087219238281,6517920,-0.00041855206934238165,-0.00041863968670889667,2375186896.801758
2023-09-14,366.2494642415436,367.7278033008033,363.50258860262926,365.3719787597656,5225585,0.00264334187955817,0.002639854395801433,1909282331.6273499
2023-09-15,367.76596839893244,368.85328548483574,363.5789127686648,366.6786804199219,6773145,0.0035763598089590953,0.0035699798410665437,2483567870.8927917
2023-09-18,365.51511371326603,367.126995394861,362.71101357527806,364.81884765625,3166810,-0.005072104987238424,-0.005085011773285369,1155311974.946289
2023-09-20,362.43440665712535,371.01837944637305,361.089580760649,365.8489074707031,4028295,0.0028234830000442024,0.0028195044590542512,1473747324.719696
2023-09-21,365.2384834402695,367.01249039878707,360.71760070749804,362.4916076660156,2504980,-0.009176738637538095,-0.009219104288401518,908034227.3712158
2023-09-22,362.49159227400355,368.09979189048914,358.8100360849008,360.7080383300781,2804785,-0.004920305182846585,-0.004932449737379522,1011708495.2876282
2023-09-25,360.7080867083134,373.75571872505157,354.9282138647522,371.123291015625,10327105,0.028874467931917946,0.028465455174751058,3832629194.263916
2023-09-26,370.44611128006636,370.655942891722,356.90252714059795,359.4967956542969,5973300,-0.03132785153287143,-0.03182906441649044,2147382209.4818115
2023-09-27,362.05290324553533,364.990516687359,358.66698539716253,360.98468017578125,3216495,0.004138797729132282,0.004130256464744341,1161105418.8619995
2023-09-28,364.2083635419445,364.7997282579519,354.1078937779094,356.9883117675781,21636670,-0.011070742410057677,-0.011132479149367758,7724038295.572205
2023-09-29,357.22675338940354,368.33822186193214,355.87238062551745,366.1254577636719,6908925,0.025595084474481666,0.02527301434368936,2529533328.2798767
2023-10-03,369.6831300514735,370.0455691440969,358.81010280726207,366.62152099609375,11039535,0.0013548995894792082,0.0013539825412757869,4047331112.789612
2023-10-04,364.1511590937444,366.239927959522,351.2752009875559,353.0110778808594,6700835,-0.03712396118551753,-0.03783059944215312,2365468986.0517883
2023-10-05,353.27814787760076,357.274466253665,347.7462661848993,350.51220703125,7397385,-0.007078732102715368,-0.007103905192856607,2592873742.6098633
2023-10-06,353.07784425860075,355.37644468557363,350.035300759956,352.67724609375,6311950,0.006176786482951169,0.006157788328881115,2226081143.4814453
2023-10-09,350.99867694511016,351.1512844074521,344.05519749648704,347.345703125,5354120,-0.015117343202041278,-0.015232775060965252,1859730576.015625
2023-10-10,350.9890900285063,361.81443870810125,346.2583756606611,361.07049560546875,8377560,0.039513350408511005,0.03875267133928928,3024889741.164551
2023-10-11,363.77920944187434,366.34486569665467,359.677960794547,362.1673278808594,4561415,0.0030377233497058675,0.0030331187906920878,1651995481.9056702
2023-10-12,364.06535118192267,364.06535118192267,357.66553076797834,358.2568664550781,3313985,-0.010797388733717161,-0.010856103562497966,1187257881.579132
2023-10-13,357.63690029394195,359.90688873622406,356.78802683993985,358.8005065917969,2983920,0.0015174590848683334,0.001516308907249174,1070632007.6293945
2023-10-16,358.8004938845189,359.57304903532724,353.9648493428723,356.244384765625,2463960,-0.007124075298700627,-0.007149572692198576,877771914.2871094
2023-10-17,358.32359088835017,361.07998441665916,357.09321347322276,360.23114013671875,3378270,0.011191068664048398,0.011128911958523113,1216958053.7896729
2023-10-18,360.22167052945287,360.68903998848106,353.38312130351784,355.9869079589844,2524565,-0.011781969143821236,-0.011851926576069467,898712088.2914734
2023-10-19,350.41675322423754,360.52676896908696,347.8320324220334,358.39984130859375,3099700,0.006778151936664534,0.006755283543628594,1110931988.104248
2023-10-20,357.9516174750813,359.71610641361417,355.9487139789609,357.9897766113281,2206225,-0.0011441542378154423,-0.001144809281970764,789805994.9043274
2023-10-23,357.62735935832876,365.48648281078886,355.9487356508715,358.6192932128906,10365280,0.0017584764780753659,0.0017569321684697545,3717189387.553711
2023-10-25,357.0074169159806,359.9259652617051,341.8328574663781,346.4396057128906,6849205,-0.03396272239254472,-0.034552855858429855,2372835879.646759
2023-10-26,346.43958702669994,346.95460439624077,335.8908414087071,342.90106201171875,4792965,-0.010214027619302901,-0.010266548740270522,1643512788.6849976
2023-10-27,353.08739435442027,387.1752917342038,353.08739435442027,369.1489562988281,25056665,0.07654655291272427,0.0737582815809152,9249641733.079376
2023-10-30,369.1107494386214,369.1489085704045,355.80558287424094,360.9464416503906,10187990,-0.02222006728849457,-0.022470651944993012,3677318738.069763
2023-10-31,362.8158825727776,363.76013929898295,356.8452728666548,358.5906677246094,8455335,-0.0065266578471024905,-0.00654804960702846,3032004223.48526
2023-11-01,359.38231580438725,363.76968549587485,357.8849115612648,362.8636169433594,3794295,0.01191595209619778,0.011845516127982477,1376811607.4501038
2023-11-02,365.00957191784215,374.8334392163796,362.96848018591527,372.89727783203125,4288760,0.027651327992572083,0.02727593439558623,1599266929.2749023
2023-11-03,374.3565728738578,386.8414803082121,372.363187227051,384.0946044921875,9322270,0.03002791204391686,0.029585900946135134,3580633608.619385
2023-11-06,387.0617035065788,387.72641271963664,381.8692691319535,383.6996154785156,5634155,-0.001028363869349569,-0.0010288929982626026,2161823107.046356
2023-11-07,385.3180549431286,386.37770902987455,376.52272611059146,382.87115478515625,8807090,-0.002159138711479325,-0.0021614730121248867,3371980718.5968018
2023-11-08,382.8711310560408,383.9211716361826,379.7980638375672,381.4164733886719,3525375,-0.003799401909241884,-0.003806637970961893,1344636099.872589
2023-11-09,379.55727510716247,379.55727510716247,373.77721508014986,374.4322814941406,4975345,-0.018311196242995487,-0.01848092130234555,1862929779.570465
2023-11-10,373.7771866644969,378.77694055967913,371.2532320150715,376.12774658203125,2430100,0.004528095390506914,0.004517874409344676,914028036.9689941
2023-11-13,377.12965117623423,380.1352776123119,371.88906119577405,379.1333923339844,2779500,0.007991023739317704,0.007959264589008792,1053801263.9923096
2023-11-15,382.4954464916936,393.2752603984015,380.53986076360735,392.2252197265625,6346865,0.034530926732629696,0.03394811309989012,2489400519.199829
2023-11-16,392.42751358839087,395.16343443848126,388.32369111106425,392.2252197265625,3184495,0.0,0.0,1249039251.0931396
2023-11-17,388.9883831094287,388.9883831094287,381.69586757694793,384.3354187011719,5468870,-0.020115486278243333,-0.020320557402632566,2101880441.2722778
2023-11-20,384.3739806792334,387.22546864506023,381.0600773410139,383.2083435058594,2862980,-0.0029325301298572803,-0.0029368384211962144,1097117823.2904053
2023-11-21,385.3373097668076,389.152140901806,381.52247863180924,385.30841064453125,5089455,0.005480222897703557,0.0054652611139151385,1961009817.0968628
2023-11-22,386.29100098331514,387.2639870749085,376.33003529139603,380.9252014160156,2639075,-0.011375846224543906,-0.011441046104023517,1005290175.9269714
2023-11-23,381.09861019334704,385.12537807702034,379.5572550544618,380.49169921875,1529325,-0.0011380244616374657,-0.0011386725031798481,581895467.9077148
2023-11-24,380.49165633030054,381.4838986280488,373.98908987641335,375.22216796875,2379295,-0.013849267305488522,-0.013946063148048962,892764228.137207
2023-11-28,376.05066774841396,379.5572513905005,372.7271510798952,378.7287902832031,3604165,0.009345456142519692,0.009302057544198173,1365001050.4310608
2023-11-29,378.7288205539632,381.7537034000962,377.6305950182006,380.3953857421875,3299720,0.0044004984615459986,0.004390844579092885,1255198262.241211
2023-11-30,380.14489693948593,389.1907049101342,379.8077502934653,386.72454833984375,11002290,0.0166383789995439,0.016501477629242856,4254855630.9539795
2023-12-01,388.0346525840168,391.09810648779035,384.7592913864186,385.9634704589844,3034950,-0.0019680102649975995,-0.001969949341698739,1171379834.6694946
2023-12-04,390.15402929057944,406.14553365486296,386.7341723983347,403.5348815917969,9360830,0.04552609891272019,0.04452020266701112,3777421425.65094
2023-12-05,403.53488933505395,404.38260674457626,393.6316919810727,398.8144836425781,8296900,-0.011697620613609683,-0.011766576048115743,3308923889.3341064
2023-12-06,400.1728229364598,401.54078343317025,394.00743135734854,396.0690002441406,3598450,-0.006884111563255191,-0.006907916372141495,1425234493.9285278
2023-12-07,397.0804712604792,398.824120255578,391.11737397044607,392.04217529296875,3904160,-0.010166978351473399,-0.010219015080530676,1530595379.0917969
2023-12-08,394.9707554903024,396.41577044941323,388.16955410133295,391.4256591796875,4218365,-0.0015725759934388517,-0.0015738137889215976,1651176300.7855225
2023-12-11,391.42561749411624,398.41946916013495,388.3140083632682,394.4119873046875,4948465,0.007629362191682754,0.007600405793929558,1951733914.7576904
2023-12-12,397.8608010663754,397.8608010663754,383.03493289095024,384.4221496582031,7159045,-0.025328433130931027,-0.02565471922577157,2752095468.399811
2023-12-13,387.2543514186273,387.59152744266333,380.72288522872327,384.4317626953125,7973270,2.5006460002252595e-05,2.5006147345943946e-05,3065178240.5456543
2023-12-14,386.4933526160409,410.38425524641076,386.3199284748816,408.1300354003906,11924520,0.06164493937474291,0.059819534879482404,4866754769.732666
2023-12-15,407.8795423566676,408.7658311173567,398.84337760924853,400.30767822265625,11228265,-0.019166335479476215,-0.01935239085688425,4494760692.618713
2023-12-18,400.13422513098783,400.4714011372485,393.602759285411,394.58538818359375,4203410,-0.01429472965512213,-0.01439788352086026,1658604166.5447998
2023-12-19,396.66623436971054,401.2613711852432,393.04405426588556,396.81072998046875,11070960,0.005639696409233341,0.005623852862058122,4393075719.18457
2023-12-20,397.0901328130037,406.90660370818296,383.41064575271656,385.09649658203125,9435625,-0.02952095927197851,-0.029965472971015237,3633626130.5618286
2023-12-21,384.81709503222095,394.56612423674966,379.9425804299566,388.5837707519531,9405990,0.00905558529063133,0.009014829339365892,3655015061.8551636
2023-12-22,391.0981425966119,398.63146522694393,388.51636008349703,396.02081298828125,6928875,0.01913883902546054,0.018957995229687094,2743978710.5941772
2023-12-26,399.2094586695712,400.1342600082625,390.75130564971823,392.2252197265625,4822975,-0.009584327735398745,-0.009630553000308809,1891692429.1107178
2023-12-27,393.2463406793906,397.9571032932897,392.23484202432047,394.95147705078125,3750095,0.006950744590364044,0.006926699521638132,1481105559.3307495
2023-12-28,397.82222111417343,397.82222111417343,392.29264025534314,394.13262939453125,3288345,-0.0020732867297131863,-0.002075438963958659,1296044061.2063599
2023-12-29,395.45242892527756,398.4387990673444,392.6490963641019,395.6065673828125,5291010,0.0037397004925614485,0.003732725197608292,2093158304.0881348
2024-01-01,396.04002191054553,396.89741149831355,393.2559752580958,394.7491455078125,1523610,-0.0021673600634902757,-0.002169712187527026,601443745.5871582
2024-01-02,394.97077525365046,396.8493065540534,388.42005220412796,391.1270446777344,5389635,-0.00917570277554014,-0.009218058833074744,2108032009.441681
2024-01-03,392.0806851572479,404.2188154423877,390.9246615495578,402.6871032714844,6787670,0.029555763916235378,0.029127412037465463,2733307170.2627563
2024-01-04,404.60419419757585,414.7192990525152,402.7160495230139,413.8811950683594,7695105,0.027798485985601973,0.027419122511667258,3184859253.5765076
2024-01-05,414.8155988249718,419.39147914659196,408.3515740128598,418.5533752441406,8114435,0.011288698862023772,0.011225457001513214,3396324157.449188
2024-01-08,420.78838729479287,428.6878149706694,416.8483162985494,423.1678466796875,7487975,0.01102480999670652,0.010964479793321647,3168670256.741333
2024-01-09,425.14266831914233,428.3120465799124,414.35321169836857,417.6767578125,5463445,-0.012976148614012972,-0.0130610743026566,2281953994.086914
2024-01-10,420.01763859238736,421.53009448433943,411.4824318829231,414.2375793457031,2470725,-0.008234067140362122,-0.008268154317563553,1023467143.2289124
2024-01-11,427.3294210007809,441.1823013887324,424.64168515026245,439.2363586425781,14663945,0.06034889286568612,0.058597998180813876,6440937805.13504
2024-01-12,441.75067138671875,443.73515609844395,435.4503983995946,441.75067138671875,5187280,0.005724281914891716,0.005707960469253827,2291484422.6708984
2024-01-15,441.75067138671875,441.75067138671875,441.75067138671875,441.75067138671875,0,0.0,0.0,0.0
2024-01-16,447.9546028400889,449.8716464639494,442.18418628857177,445.00677490234375,6647950,0.007370907904686641,0.007343875517235241,2958382789.212036
2024-01-17,441.9818915302612,446.5770578579672,431.57779571456115,440.8258972167969,5308645,-0.009395087718528261,-0.009439499945209463,2340188195.1304626
2024-01-18,437.5505472074945,440.6910264358786,423.2063510774826,434.5448913574219,7883550,-0.014248268758779381,-0.014350749957902538,3425756378.260803
2024-01-19,437.5505726063256,447.36704394773284,437.5505726063256,443.494384765625,5296785,0.0205950952046563,0.020385883840238966,2349094404.810791
2024-01-23,440.6428596860501,445.82565131217865,433.0420669840598,439.1882019042969,10999270,-0.009709667155321067,-0.00975711334774685,4830749613.5598755
2024-01-24,430.39288334293946,446.02795596837393,425.711048931722,443.6099548339844,8501730,0.010068013918668628,0.010017669099430781,3771452061.31073
2024-01-25,446.5674289135959,453.3397313052394,441.5965738339755,444.5155029296875,5327820,0.0020413159935557257,0.00203923533909729,2368298586.8188477
2024-01-29,468.57017904103867,470.49686565666707,443.5521521611481,464.1387939453125,17895075,0.04414534675684645,0.04319870080156068,8305798528.060913
2024-01-30,464.13877187803024,481.00692180351706,464.13877187803024,472.6065673828125,14238795,0.018244054468107507,0.018079628558660427,6729348028.617554
2024-01-31,472.0382051190059,477.7412102469817,462.5011125688312,475.2750244140625,9573360,0.005646254655383487,0.005630374307849257,4549978907.724609
2024-02-01,464.52416291145045,469.9092485684409,460.20837423335996,461.8653259277344,10601720,-0.028214607958539584,-0.028620288980218213,4896566863.19458
2024-02-02,461.9230919298419,466.4797161210136,459.630330273373,463.4644470214844,4405185,0.0034623103402229294,0.003456330342872823,2041646630.0523376
2024-02-05,466.06547813779434,468.6472605324808,452.2318824209799,454.1393127441406,1993400,-0.020120495406439343,-0.02032566937340987,905281306.0241699
2024-02-06,456.6353167625733,465.1295064315548,449.6019825758816,463.6880187988281,7511415,0.021025940249456365,0.020807945568359812,3482953139.7257996
2024-02-07,463.97819157121626,475.81974076356744,463.6879691004852,467.0159912109375,5230250,0.007177180080542911,0.0071515467007663815,2442610388.031006
2024-02-08,469.21211338405624,469.21211338405624,452.92029839213575,454.3037414550781,4430985,-0.02722015947012324,-0.027597491124479845,2013013063.8313293
2024-02-09,454.30375132267426,455.48403867016043,443.38125877721455,451.6239318847656,2903050,-0.00589871780877127,-0.005916183963814444,1311086855.4580688
2024-02-12,451.79806199725584,455.27119559048117,436.28987702444067,437.7217102050781,2845040,-0.030782739129144976,-0.03126648079796493,1245335774.4018555
2024-02-13,438.64077082458033,453.4427379964209,432.49747217111184,450.9563903808594,8984610,0.030235375278920174,0.02978729582316963,4051667294.579773
2024-02-14,442.12357177180786,465.2649323265114,441.1948303035594,463.0784912109375,3686385,0.026880871606765,0.026525927730250812,1707085603.8226318
2024-02-15,471.5727026249366,476.6421190539863,466.6967580186724,471.65008544921875,5721585,0.018510024544363457,0.01834079909516106,2698586054.1549683
2024-02-16,472.11448215679815,475.9455668190103,470.92451084561475,473.93328857421875,4596560,0.00484088351818146,0.004829204118804878,2178462796.928711
2024-02-19,473.9332679539496,476.3615710464662,467.5771296943502,472.0951232910156,3451410,-0.003878531699541665,-0.0038860727086242838,1629393829.4778442
2024-02-20,472.09509050648506,473.052854182815,463.4654449233111,467.596435546875,4396705,-0.009529197659954414,-0.009574890976093545,2055883586.151123
2024-02-21,467.0450615560473,467.2869234812836,453.74265566805053,455.8516845703125,3665875,-0.02511728080823905,-0.025438103227922882,1671095294.1741943
2024-02-22,456.46119322856083,464.31686404087236,451.42076931802603,463.4461669921875,2571220,0.016659985427132096,0.016522730218599166,1191622053.4936523
2024-02-23,464.08465759104814,475.4037775785373,462.07234991049916,473.1689758300781,5723325,0.020979370486528426,0.0207623337742169,2708099828.592682
2024-02-26,474.03000040254847,490.4959484373702,473.6526816552313,480.8504943847656,5989015,0.016234197394729533,0.01610383183989672,2879820823.627777
2024-02-27,478.8866236109495,485.532984754169,436.705896919375,459.03460693359375,20513770,-0.04536937718881762,-0.04643079571767888,9416530348.676147
2024-02-28,462.8269327175222,471.7177786537429,446.55445676126436,454.46820068359375,11119410,-0.009947847462970505,-0.009997657910675811,5053418255.363159
2024-02-29,464.181398572732,475.03616303942266,454.92294644385896,471.8435974121094,20232355,0.03823237071896379,0.037519623581016966,9546507167.318878
2024-03-01,477.8223867457926,478.6640614744601,471.1470038891559,474.13641357421875,5500370,0.004859271535493148,0.00484750338326576,2607925705.1312256
2024-03-04,475.9842211705553,476.9516687745605,468.0511390080496,473.3721008300781,2666695,-0.001612010219546156,-0.0016133109060213126,1262339014.4230652
2024-03-05,466.5033060514625,475.1813133488722,466.5033060514625,470.4698181152344,6190170,-0.006131081045449127,-0.006149953300600396,2912288154.0023804
2024-03-06,472.88841513877287,474.62983868082057,454.48757085634276,459.46026611328125,6744720,-0.023401186596961443,-0.023679342383946735,3098930846.0595703
2024-03-07,459.4602494929821,475.09417748687156,459.4602494929821,473.9622802734375,5963990,0.031563151875641626,0.03107527499551569,2826706299.9279785
2024-03-11,473.2753923122406,483.7044765806156,468.3704257433108,480.037841796875,11377355,0.012818660421526351,0.012737196824859192,5461560939.556885
2024-03-12,480.6280194880693,480.6280194880693,466.3485110984071,468.58331298828125,7206710,-0.023861720496278438,-0.024151022785295444,3376944047.5457764
2024-03-13,471.1276690066658,472.0564104874121,445.0452590066738,449.1665954589844,8118855,-0.041437065706568355,-0.04232005950382854,3646718459.3751526
2024-03-14,447.9282719698934,450.43395789654505,438.47631884665606,443.3812561035156,10111785,-0.01288016387228652,-0.012963832402374281,4483375934.748688
2024-03-15,443.8649683393701,447.9282602637372,435.5449422000189,438.60205078125,7257360,-0.01077899720945763,-0.010837511463081654,3183092979.2578125
2024-03-18,438.2537867761129,451.3917129122369,438.20542620313023,446.7576599121094,5870405,0.018594553117871504,0.01842378803395532,2622648400.5363464
2024-03-19,449.47619412716836,453.3266169646481,440.6820983352827,442.51055908203125,6619825,-0.009506498066342406,-0.009551973255098746,2929342461.7752075
2024-03-20,443.0910551200187,450.4242958363959,441.15615968281344,447.77349853515625,4526425,0.011893364678218665,0.011823194442048102,2026813158.1069946
2024-03-21,449.4181306710683,455.6581501751286,443.09101489897785,447.1156005859375,8698620,-0.0014692650444275701,-0.0014703454727329974,3889288705.5688477
2024-03-22,452.5720015805174,456.38374770636057,446.0223915793483,450.966064453125,6367775,0.008611785994810939,0.008574916091728065,2871650431.072998
2024-03-26,441.34966367865155,462.3239232577358,441.1464783991323,459.0636291503906,10693585,0.017956040011758656,0.017796734496283696,4909035938.72818
2024-03-27,466.3098030120883,470.1795939084542,453.7329825988992,461.7337646484375,77232200,0.005816482353412811,0.005799631928488909,35660714458.081055
2024-03-28,459.35385056514167,463.3203921305561,452.426921332055,456.59661865234375,11625440,-0.011125775044857678,-0.011188129405118532,5308136594.345703
2024-04-01,458.76373473955067,471.5340273217098,457.8059413908711,470.5182189941406,4228910,0.03048993306802572,0.03003435232251891,1989779201.4865112
2024-04-02,470.1795472391613,478.17067409470167,470.1698633151499,477.135498046875,4433110,0.014063810466001803,0.013965832642667111,2115194147.746582
2024-04-03,479.2735740047666,496.6489260431621,475.7520798077317,494.6463317871094,11588495,0.03669991818239038,0.03604251242572471,5732206542.683258
2024-04-04,498.22586689996683,498.22586689996683,481.0149940813109,483.58837890625,7019985,-0.02235527117103664,-0.022608937899360606,3394783166.0961914
2024-04-05,485.7650966853555,489.9154551255404,483.35616162683465,487.3710632324219,3253480,0.007822115855486977,0.007791681710508477,1585652006.80542
2024-04-08,492.034242642552,499.2610784427703,488.948081989399,497.1133728027344,3678905,0.019989511699151752,0.01979234459542249,1828832872.7708435
2024-04-09,501.13787576279736,504.1659915892449,488.1934216611207,493.4756774902344,4766875,-0.0073176372061580786,-0.007344542448855578,2352336870.136261
2024-04-10,495.32353561381797,496.5425291565074,487.4968873089313,489.1512145996094,3504425,-0.008763274641252372,-0.008801897942425054,1714193745.223236
2024-04-12,487.58395246778935,487.58395246778935,479.6412151893521,480.9375915527344,4144555,-0.016791582647092462,-0.016934159586214647,1993272299.757843
2024-04-15,482.3693898722496,482.3693898722496,465.9324347103698,467.20947265625,4750690,-0.028544491297014973,-0.028959807710518606,2219567369.6533203
2024-04-16,464.3748777692009,469.0186147372291,458.25094705924977,464.5199890136719,4033025,-0.005756483547492031,-0.005773115959091251,1873420728.691864
2024-04-18,468.2253394369525,472.549831753447,456.8481452568251,458.85076904296875,6791185,-0.012204469355001746,-0.012279555440415885,3116140459.9630737
2024-04-19,454.6714075912118,460.2439159238149,449.8825295523609,457.9026794433594,4797160,-0.0020662264587391066,-0.0020683640496339728,2196632417.718506
2024-04-22,462.4400337415811,470.6246336033799,459.3441890700476,469.1444396972656,3489700,0.024550544817890207,0.024254023563669055,1637173351.2115479
2024-04-23,472.49172867044643,475.2876367702524,467.68351310945746,469.5893859863281,2892585,0.0009484206811651852,0.0009479712144375314,1358327214.063263
2024-04-24,469.5990921894578,480.18297204037185,467.85769819654706,476.1874084472656,8459300,0.014050620942121617,0.01395282595657868,4028212144.277954
2024-04-25,475.79077306593217,484.55584697681934,468.6800560003574,482.14691162109375,14587660,0.01251503729017256,0.012437371532887445,7033395216.778564
2024-04-26,486.1424451864371,490.8732783768628,452.18502669246305,483.45294189453125,20810260,0.002708780751174533,0.0027051186163850427,10060781418.590088
2024-04-29,497.2584299330221,498.6128803216127,470.22793904738603,482.2146301269531,11904615,-0.0025613904896834017,-0.002564676462609582,5740579519.028778
2024-04-30,482.3694078376756,498.9708131799482,480.6279843400289,493.72723388671875,13426225,0.023874438974891055,0.023593900910508416,6628892930.79071
2024-05-02,492.730714942413,502.87923040980843,490.4959134383837,499.6092529296875,9243475,0.011913499275023387,0.011843092187395259,4618125639.224243
2024-05-03,503.0727641222561,514.2951329333489,498.26457777758736,500.8573303222656,7622145,0.0024981070411715933,0.0024949919585716502,3817607196.0292053
2024-05-06,503.07280278952135,504.8045129109588,483.50132523691576,492.9242858886719,4326785,-0.01583893047644802,-0.01596570678519585,2132777406.3188171
2024-05-07,492.92427248806297,496.30065541341725,472.4337083700598,480.9762878417969,7825870,-0.024239012742767296,-0.02453761266481711,3764057901.732483
2024-05-08,480.5312683790306,483.33686071066165,470.71165093208236,473.6623840332031,7324775,-0.015206370861674312,-0.015323173326232828,3469470389.0068054
2024-05-09,473.662400179435,478.72213275876004,455.51307186611626,456.8094482421875,4104015,-0.035580059466647995,-0.03622845626781764,1874752827.7276611
2024-05-10,459.3441661520707,465.67128251460207,451.04347769596274,453.6072082519531,10984650,-0.007010012604942051,-0.007034698175052955,4982716420.124817
2024-05-13,453.73296879644494,455.6001357613439,440.91428684217436,445.37420654296875,8390345,-0.018150068074781145,-0.018316801119078546,3736843246.996765
2024-05-14,453.7329605553417,467.82868029634557,448.2765414849557,450.8983459472656,12376035,0.012403366255032466,0.01232707470802992,5580333710.885468
2024-05-15,452.3785389722064,453.1524853029485,445.61605964397916,448.8957214355469,4269680,-0.004441410197483786,-0.004451302561318772,1916641083.8989258
2024-05-16,452.18501788079385,453.88773516306185,438.25377786668463,452.5139465332031,12445545,0.008060279759596112,0.008027969209953164,5631782684.7065735
2024-05-17,453.5394310013407,461.79175799268205,449.08919558284595,458.8797607421875,4729135,0.014067664118982748,0.013969632843028124,2170104337.317505
2024-05-21,458.5702005570382,462.34324060615654,454.43920959000053,459.19903564453125,3935580,0.0006957702859402559,0.0006955283500095741,1807214540.7019043
2024-05-22,459.1990446285806,460.47608267762394,451.2369689577526,452.1366882324219,3465540,-0.015379708718675,-0.015499203215786312,1566897778.5369873
2024-05-23,453.92645489179625,466.2517286598929,450.54038807426116,464.4619445800781,5512760,0.0272600226180284,0.026895085480466673,2560467229.6032715
2024-05-24,464.345845371005,469.97639772668674,457.15771648511327,463.8911437988281,4877325,-0.0012289505909166554,-0.0012297063699676432,2262547872.9286194
2024-05-27,466.30978252507055,468.92190307502034,459.73115009994115,460.5050964355469,3398210,-0.007299228296433369,-0.007325998008333877,1564893023.7582397
2024-05-28,462.43998196763863,470.760037757244,459.53763898457817,463.1558837890625,6493910,0.005756260623462239,0.005739756659072162,3007692625.296631
2024-05-29,459.547322014229,463.92017480482923,456.2483219536739,459.46990966796875,2197930,-0.007958387769877673,-0.007990224764425834,1009882698.5565186
2024-05-30,457.7962617405004,460.50510348072277,443.47801811946056,445.5483703613281,6688165,-0.030299131703098614,-0.030767638243656047,2979901016.457672
2024-05-31,448.6828833054527,461.92724439052813,447.6670750523483,455.4840393066406,12916455,0.022299865976964428,0.022054859681306375,5883239096.922455
2024-06-03,474.04936947992775,492.8081944152305,469.26049159082345,485.4942626953125,15161795,0.06588644342918104,0.06380679420556233,7360964484.662476
2024-06-04,491.46342790942924,491.46342790942924,424.3225639384456,437.42181396484375,17788625,-0.09901754237750515,-0.10426949146068205,7781132615.440369
2024-06-05,433.78417711964846,463.96852574341176,431.4816470148518,461.9465637207031,7114095,0.056066590583501386,0.05455124256059722,3286331739.2326355
2024-06-06,470.17954738958355,490.49594758542975,464.3845455433563,478.8478698730469,10501485,0.03658714552656006,0.0359337260855063,5028613722.753754
2024-06-07,479.72827243394784,485.0686024793308,475.99393859128855,483.3271789550781,3706890,0.009354346889375975,0.009310865933482194,1791640686.3967896
2024-06-10,485.6587327748802,493.88203801110825,480.86020057438725,487.41949462890625,4849020,0.0084669678263809,0.00843132410911011,2363506877.845459
2024-06-11,486.6164769531823,493.79495140247894,481.78892269757796,490.1089782714844,4681350,0.005517800728560784,0.005502633433947398,2294371665.4312134
2024-06-12,490.44761309563586,499.8705440493749,489.63493106332413,496.677978515625,3510365,0.013403142026306325,0.013314114534741846,1743520992.052002
2024-06-13,501.5249249314612,521.9671001119732,499.4158369256104,519.3839721679688,10022455,0.04571572454289807,0.04470155484596119,5205502488.774719
2024-06-14,524.7436118226291,531.5157451512115,521.4639502247625,528.6423950195312,15318425,0.017825776973665164,0.017668761019770225,8097968879.927063
2024-06-18,531.8929913556759,549.7327273478763,528.6810582583547,547.5269775390625,12393205,0.03572279237807541,0.03509953310809646,6785614075.671997
2024-06-19,547.5366791657573,547.7688571480535,534.0310890618002,540.07763671875,9175135,-0.013605431560276049,-0.013698833595131469,4955285227.375488
2024-06-20,542.6510215184411,552.3158728956439,534.9501762120799,542.7767944335938,6948810,0.004997721681724299,0.004985274525110556,3771652816.9281006
2024-06-21,543.7056081543736,549.897297062293,540.8032650503467,545.9597778320312,9672340,0.005864258441186765,0.005847130606399466,5280708597.515869
2024-06-24,545.505049104531,559.1847738332248,537.8718725357986,557.6852416992188,5367855,0.02147679067814945,0.021249414193286142,2993573513.08136
2024-06-25,557.8787657471344,580.4686469724838,553.6993844031335,578.5046997070312,15844875,0.03733191494251731,0.03665195030376902,9166334653.770447
2024-06-26,577.7210499184326,591.9715948740289,572.4581320013817,578.3499145507812,9032225,-0.00026756075850098426,-0.0002675965592667915,5223786556.95343
2024-06-27,577.9628287061406,579.8203705614127,565.7536450566022,570.9972534179688,12298175,-0.01271317060455257,-0.012794674476554677,7022224147.053528
2024-06-28,570.9973320219411,574.5284807211237,561.1196696827167,563.3447875976562,6005455,-0.013401931050464944,-0.013492547462404657,3383141771.4022827
2024-07-01,561.5162368271496,569.246192769526,561.5162368271496,565.8117065429688,6673330,0.00437905701734187,0.004369496846688439,3775848235.6243896
2024-07-02,566.3438858145624,568.8592261202563,544.7988074536273,546.5885620117188,12638725,-0.03397445529839027,-0.03456500132876366,6908182523.41156
2024-07-03,549.5102351034838,558.2172634766023,542.8445069884673,551.5322265625,7945600,0.00904458105121364,0.009003923796022377,4382254459.375
2024-07-04,554.9182705961638,554.9278954711579,545.6404225366674,548.3009033203125,3958315,-0.00585881130161181,-0.005876041468370252,2170347690.126343
2024-07-05,548.5428273173676,555.7503242478682,544.5375798034536,554.511962890625,6163345,0.011327830271116834,0.011264150850331623,3417648533.922119
2024-07-08,552.6061168033486,552.6061168033486,541.0160536500988,543.3379516601562,4065755,-0.020151073337028702,-0.020356875667204604,2209078993.6520386
2024-07-09,543.4928788313377,544.4699515544132,536.9626058760973,540.222900390625,6359760,-0.005733174463542046,-0.005749672194722656,3435687992.9882812
2024-07-10,540.6000760561271,542.670428294352,523.3892028250609,534.4374389648438,8300735,-0.010709396846371955,-0.010767155178180134,4436223554.925842
2024-07-11,534.4373765410206,538.9553992622768,525.1595872997153,529.9677734375,5689115,-0.008363309157384369,-0.008398477849115533,3015047609.379883
2024-07-12,532.096194148759,553.3800419147093,532.096194148759,540.6871337890625,9030805,0.020226438075723108,0.020024600771698868,4882840071.257935
2024-07-15,544.2860757159499,558.9912931955333,543.1638623171397,557.6949462890625,7400215,0.0314559223571893,0.03097132101865897,4127062506.9525146
2024-07-16,558.5849371258315,561.1196452823795,542.15769468182,544.3828125,4907090,-0.023869920065875183,-0.02415942282882138,2671335455.390625
2024-07-18,537.3205578200815,556.0793266958756,537.3205578200815,554.7926635742188,4119020,0.01912229929966558,0.01894176597870023,2285202077.1154785
2024-07-19,553.3800214600732,556.4468137867345,539.7099822900002,543.8699951171875,3677715,-0.01968783867231161,-0.019884226071027033,2000198839.0924072
2024-07-22,541.7513641140787,551.0485817304057,534.8147803829957,547.0723266601562,2717785,0.005888045988414525,0.005870779190945876,1486824963.3120728
2024-07-23,549.9122981236264,549.9122981236264,518.0885502090009,532.8333129882812,12227465,-0.026027662117006245,-0.026372376273711896,6515200685.398254
2024-07-24,532.7944362523364,536.8794000821345,518.4582095960903,529.9252319335938,5130575,-0.0054577688440277106,-0.005472716877822845,2718821146.8276978
2024-07-25,525.1108344409665,527.1532865290806,512.6614104419282,521.1231079101562,10445410,-0.016610124396832848,-0.016749619356087812,5443344522.595825
2024-07-26,526.3363192243836,592.1235136014402,523.262905231704,568.9754638671875,32196680,0.09182543477861116,0.08785100628267448,18319120937.9834
2024-07-29,577.7289729937569,590.5187879762134,565.085072911402,572.4768676757812,12753435,0.006153874869744946,0.006135017107781884,7301046520.906677
2024-07-30,572.4767415306504,579.9464192499556,562.5561926810961,566.456298828125,9486875,-0.010516702398997158,-0.010572393717145684,5373900099.945068
2024-07-31,570.7067237944725,573.2646272031108,567.2345074915957,570.327392578125,4655790,0.006833878902941848,0.006810633795254082,2655324571.0913086
2024-08-01,570.5122020489443,583.3700464642394,567.9931221593663,581.4734497070312,8859720,0.01954326107066562,0.019354743747262242,5151691951.838379
2024-08-02,572.865884924626,588.0191281798283,568.0028468522609,582.02783203125,8905205,0.0009534095228218575,0.0009529553166361635,5183077159.943848
2024-08-05,559.4438945568894,572.2531198248707,546.2358669357828,562.44921875,9480440,-0.033638620361025606,-0.034217415722055576,5332266071.40625
2024-08-06,568.0319512341504,571.980735062938,549.5232031710398,551.8185424804688,5917390,-0.01890068634668407,-0.019081587381565897,3265325525.088501
2024-08-07,562.1866509878819,570.3565190215838,558.3837221161288,568.9851684570312,3986695,0.031109186544180156,0.030635102962046773,2268370326.161804
2024-08-08,568.0028381921294,568.0028381921294,556.0591883741371,558.7047119140625,4434050,-0.01806805715313664,-0.018233277665943813,2477324627.862549
2024-08-09,566.0575227620632,578.3804422458445,560.2413493422932,575.4140014648438,4568775,0.029907192823803053,0.029468694127370076,2628937104.5425415
2024-08-12,573.8287475644719,586.4823819195979,569.4812200933615,578.9154663085938,5709795,0.006085122772188756,0.00606668317959193,3305488634.951477
2024-08-13,579.6741231295866,582.6795066998731,556.4287780037521,562.4298095703125,7249815,-0.028476794450493226,-0.028890124140593155,4077512069.869995
2024-08-14,564.3069105042456,567.3414413010843,557.1095909129017,563.1592407226562,3626125,0.0012969283276449417,0.0012960880425493136,2042085801.765442
2024-08-16,566.641145783712,581.9889217122793,564.5111328337123,579.9658813476562,4976095,0.029843496136960246,0.02940684519856088,2885965322.3446655
2024-08-19,589.0111423385505,600.0988927901874,586.1030550952735,598.2703857421875,9092170,0.0315613469399223,0.031073525284608407,5439576053.133545
2024-08-20,606.5180321616955,617.9948485100631,593.7380143293744,614.6587524414062,12149555,0.02739290977755493,0.027024437895773995,7467830319.0182495
2024-08-21,610.7878665294394,620.5236785706522,606.2944239509196,614.5032348632812,5227030,-0.0002530145019611352,-0.00025304651553028186,3212026843.727417
2024-08-22,615.6605301764458,616.0398613379524,607.5489577348603,611.4977416992188,4610695,-0.004890931395554299,-0.004902931143129278,2819429580.1638794
2024-08-23,614.6879601416446,615.1353809770757,606.4596790512561,608.1812133789062,2466965,-0.005423614993403936,-0.005438376190093501,1500361767.0632935
2024-08-26,610.7975567407498,618.529798830103,605.1564446817188,615.106201171875,3366050,0.011386388860147756,0.011322051851366194,2070478228.4545898
2024-08-27,613.5014834214871,635.8714594247273,606.1291007952283,628.1975708007812,9915805,0.021283104615048787,0.021059782446425087,6229084613.534241
2024-08-28,627.3319133702421,631.805884666029,620.8640489677108,622.8287353515625,3352220,-0.008546412305248108,-0.008583142309796687,2087858943.2202148
2024-08-29,622.2742696602905,634.5291598379708,617.5182047149295,622.5660400390625,5976425,-0.0004217777658439559,-0.00042186673910467765,3720719245.840454
2024-08-30,622.6147825769249,627.2151975559597,617.9948964495326,623.34423828125,11026125,0.0012499850491984876,0.0012492044682954715,6873071489.318848
2024-09-02,626.3495315275254,633.8288860200811,625.2018617331354,627.3804931640625,3165735,0.006475161932901985,0.0064542881309174955,1986120385.5267334
2024-09-03,624.6085472798404,638.6237952104892,620.5333194874404,636.3965454101562,7181415,0.014370947685388158,0.01426866439064355,4570227697.156677
2024-09-04,629.6758631628658,638.4099198190306,627.5264383492232,631.01806640625,3467420,-0.008451458517016008,-0.008487374597894084,2188004663.8183594
2024-09-05,631.6016742793742,640.7538858301283,628.1391935394207,631.319580078125,3368300,0.00047782098156412545,0.0004777068614701171,2126473741.5771484
2024-09-06,632.9536059582595,635.4920975612587,626.3981808325028,629.403564453125,3058060,-0.003034937748585098,-0.0030395525115314366,1924753864.3115234
2024-09-09,639.9758191664413,646.4339480629625,625.60064993153,644.9750366210938,8095085,0.024740044460184185,0.024438965263812094,5221127744.325867
2024-09-10,647.3481325346795,649.2933475829471,628.3336673105143,634.1498413085938,6190070,-0.016783898132261443,-0.016926343863052182,3925431908.189087
2024-09-11,635.1224923482074,641.531943127972,632.9924793498863,638.0111083984375,2946285,0.006088887575649071,0.006070425205322268,1879762558.5076904
2024-09-12,641.9210364929469,663.7852370427063,641.0554014541303,661.5191040039062,9163615,0.03684574656463191,0.03618316848646282,6061906384.236755
2024-09-13,661.3147624768833,666.236154175533,654.5648638834068,655.1970825195312,4786700,-0.00955682375022937,-0.009602783242567846,3136231874.89624
2024-09-16,657.0936675924071,669.1248187963477,654.0980789406419,665.059326171875,4724820,0.015052331451811396,0.014940169245280861,3142285605.4833984
2024-09-17,664.2909353808134,674.357399455705,662.8222885292157,666.1583251953125,8030320,0.0016524826886699095,0.0016511188414343096,5349464521.982422
2024-09-18,670.0293397859942,698.3224591098891,669.153969278556,695.3560180664062,10582475,0.04382996018631635,0.0428966028103824,7358587677.2872925
2024-09-19,694.7432929066568,704.8778469011069,680.8252813159985,685.7564086914062,6428925,-0.013805315731204693,-0.013901495321426816,4408676519.746399
2024-09-20,688.4116612719049,697.5541966413376,684.1322233636715,687.0694580078125,6407140,0.0019147459648418685,0.0019129151754121952,4402150207.180176
2024-09-23,690.7361123998246,702.6116711667967,688.6060996323639,693.9943237304688,2935070,0.010078843764552037,0.010028390939620097,2036921919.751587
2024-09-24,696.6788144933276,696.6788144933276,681.2143892160996,683.9960327148438,6681865,-0.014406877223261172,-0.014511663929398453,4570369151.136169
2024-09-25,683.9960101760103,688.5672776343423,672.6553726498125,685.5035400390625,3801635,0.0022039708596486296,0.0022015456785721287,2606034250.4364014
2024-09-26,688.0420253078404,707.474764775462,686.5733783902042,705.8115844726562,5359390,0.029625003004997597,0.029194661197811726,3782719547.706909
2024-09-27,703.7787956292916,710.4411929287196,699.4604157561114,704.3721313476562,4967200,-0.002039429724117525,-0.002041512192764693,3498757250.830078
2024-09-30,702.9910844645036,709.0212639600876,694.0528175004987,695.7938232421875,4405700,-0.012178659154296945,-0.012253426689362253,3065458847.0581055
2024-10-01,695.8034413310461,705.6851075828553,692.0686023463436,694.5195922851562,3381135,-0.0018313341028146635,-0.001833013045228858,2348264501.661072
2024-10-03,694.4418737496923,695.3950102664386,661.3829486697299,663.22119140625,8036680,-0.045064820671114725,-0.046111815853309805,5330096484.550781
2024-10-04,662.7348015632858,664.1937128734222,644.9360360890186,648.9821166992188,8827525,-0.02146957137608896,-0.02170339541550216,5728905859.715271
2024-10-07,655.4986848518877,663.9019699816353,633.3621248450856,641.7946166992188,5480765,-0.011075035528800514,-0.01113682033760596,3517525472.3934937
2024-10-08,637.6415199072186,656.1307999130189,637.6415199072186,647.6204833984375,9122180,0.009077462707900885,0.009036510186713503,5907710621.247559
2024-10-09,652.5224279317118,676.9348536499353,649.7018422962022,659.0291748046875,6569580,0.017616322674635088,0.017462953839300112,4329544886.213379
2024-10-10,661.3731387172057,664.4757591983652,646.9590875998078,649.2447509765625,3740385,-0.014846723335161571,-0.014958039088909934,2428425327.8814697
2024-10-11,651.647101633803,653.1838382862336,643.4869095019828,649.935302734375,1799620,0.001063623166415839,0.0010630579200663402,1169636569.506836
2024-10-14,655.148464401845,667.2088225489067,652.3765564499696,660.4589233398438,3844085,0.016191797185341805,0.01606210809742644,2538860240.3268433
2024-10-15,665.2636125190311,668.881684373455,655.2651776844689,661.5968627929688,5209855,0.0017229526514239701,0.0017214700712038433,3446823723.606262
2024-10-16,664.6800780547816,665.652685684734,654.9734135408406,659.5057983398438,1607350,-0.0031606323589525864,-0.0031656377068991553,1060056644.9615479
2024-10-17,657.288205528344,658.6401443422427,631.4071314875107,633.8677978515625,8237815,-0.03887456418551449,-0.03965035218784998,5221685653.158569
2024-10-18,620.085953531301,656.2961742637596,611.9160854406933,650.6063842773438,9380205,0.026407062296767814,0.026064414943287414,6102821258.830261
2024-10-21,652.9989604406156,658.1635038655273,636.4743685955127,644.508056640625,5627980,-0.009373298178579126,-0.00941750399098088,3627278452.6123047
2024-10-22,644.5080659075661,659.6224245925677,630.2496659429468,633.0702514648438,19691260,-0.017746566637814598,-0.017905925144041393,12465950919.85962
2024-10-23,622.4688742647127,634.2374026734768,616.6429641427626,622.0311889648438,9660305,-0.01743734202398073,-0.017591163250803538,6009011004.913025
2024-10-24,620.5236062407791,635.3072526194796,619.6579712889679,631.2417602539062,7501270,0.014807249945762768,0.014698692928903552,4735114878.939819
2024-10-25,633.0313986051614,633.0313986051614,589.0111670228788,601.5870361328125,15251890,-0.04697839399783321,-0.04811770401917362,9175339300.523682
2024-10-28,615.4660098047278,650.509086277969,611.5755798320516,634.00390625,21602980,0.0538855862413079,0.05248389227376259,13696373706.640625
2024-10-29,630.6581603355825,639.1295933242832,615.1547938749674,635.268310546875,10906400,0.0019943162564308725,0.001992330247813357,6928490302.1484375
2024-10-30,625.7854012263831,634.0817721699815,617.9851289975136,619.7066040039062,6964385,-0.024496273912313238,-0.02480129925667431,4315875377.325745
2024-10-31,619.5510316027887,619.5510316027887,600.6046548445214,610.5836181640625,8075010,-0.014721459769672318,-0.014830895825606993,4930468822.510986
2024-11-01,614.4934351700851,615.466042715262,610.7975383710639,612.9275512695312,286730,0.003838840472852212,0.003831490927913098,175744716.7755127
2024-11-04,613.7932009034189,616.5651087281285,604.7576386002667,612.3342895507812,4842960,-0.0009679149151008426,-0.0009683836472285674,2965510470.9228516
2024-11-05,614.2211225295069,617.8003110941014,594.2631971415406,615.1353759765625,7606175,0.0045744399318812246,0.004564008979947956,4678827318.36853
2024-11-06,619.9400679448883,622.4688237962594,610.0778132706855,619.8817138671875,4294660,0.007715924129855001,0.007686308630344724,2662181201.2768555
2024-11-07,625.6012562283332,625.6012562283332,598.9819585576894,601.3618774414062,5846920,-0.0298764038549284,-0.030331796895523015,3516114788.449707
2024-11-08,604.2705753825591,604.2705753825591,587.043451154117,589.1785278320312,3851745,-0.020259597534202034,-0.020467637851577725,2269365448.684387
2024-11-11,589.5800035773159,598.7958374647166,579.3553911574629,587.5135498046875,4101875,-0.002825931273276794,-0.0028299317555603,2409907142.1051025
2024-11-12,590.4516556301595,592.5866723884437,572.4704592514186,574.1451416015625,5430660,-0.02275421257530008,-0.02301708496077873,3117987054.6899414
2024-11-13,574.0080663887625,574.0080663887625,556.1345846485146,558.994384765625,6755505,-0.02638837418997375,-0.026742796326265618,3776289361.2561035
2024-11-14,558.788718703435,561.5701526883645,545.1167073031418,552.8733520507812,7172685,-0.010950079073531627,-0.011010472469028249,3965586399.154358
2024-11-18,552.8733083020496,561.5308952418563,548.4465420840736,557.8778686523438,4841895,0.009051831821879519,0.009011109548516319,2701186062.83844
2024-11-19,557.8484627969935,561.3742264577525,548.7795576244519,553.29443359375,5942545,-0.008215839552240811,-0.008249775565059823,3287977069.880371
2024-11-21,555.488180670672,555.6938696337876,542.178532650228,548.87744140625,4777400,-0.007983077217695533,-0.008015112586416408,2622207088.5742188
2024-11-22,538.6528803162294,561.1783644021808,537.7812276727666,558.2500610351562,8194990,0.017075978937835634,0.016931823162613706,4574853667.682495
2024-11-25,573.3127163207134,590.5593865467773,573.3127163207134,577.3966674804688,13791540,0.03429754474152524,0.033722495562900065,7963189235.423584
2024-11-26,580.7167071741128,603.1540187384041,577.6316717283023,596.7000122070312,10105100,0.033431687111729724,0.032884999369427154,6029713293.3532715
2024-11-27,593.2820864647806,600.6861125275697,589.060949366132,591.3428955078125,4064750,-0.008977906133107338,-0.009018450383117507,2403661034.515381
2024-11-28,595.4562458715993,602.3118276497263,585.907399823494,596.1809692382812,12057145,0.008181503096125198,0.008148216035215814,7188240392.346497
2024-11-29,598.8840441165546,600.6566993213489,586.0934894901557,591.47021484375,5600545,-0.007901551102092341,-0.007932933780876452,3312555554.39209
2024-12-02,591.4702687001799,610.1174315443083,589.7172198408085,606.0726928710938,5433440,0.02468844188747754,0.024388607251262448,3293059612.3535156
2024-12-03,613.280802655011,628.1476150328787,612.1153513004912,618.0894775390625,9872220,0.019827299281613753,0.019633298531083067,6101915301.950684
2024-12-04,616.1307531401975,621.5956483288812,611.0674326742595,613.5354614257812,5743725,-0.007367891347079936,-0.007395168323653104,3523978968.1777954
2024-12-05,617.4823098908427,618.7750840573736,601.9201231768726,612.3602294921875,7117350,-0.0019155077538023368,-0.0019173446849251427,4358382079.376221
2024-12-06,612.4973178529118,616.6596355683831,605.9550811702446,612.3699951171875,3193785,1.5947516722514266e-05,1.5947389562221384e-05,1955778104.8553467
2024-12-09,607.3261664302896,619.6172327320791,606.3271911408684,608.5601806640625,3963995,-0.0062214257450611266,-0.006240859459748701,2412329513.3514404
2024-12-10,612.1937382982147,626.2378549941216,608.9715763274803,624.1517944335938,5630900,0.02562049615621853,0.025297791536275184,3514536339.276123
2024-12-11,625.914619894801,640.0371620160422,622.4868288553422,636.2470092773438,7350105,0.019378643066669587,0.019193268210587998,4676482324.124451
2024-12-12,634.533043721569,639.5278004888299,631.0170835706139,636.217529296875,5108345,-4.6334175310636105e-05,-4.633524877169572e-05,3250018634.696045
2024-12-13,635.0324993947096,637.5005279071219,610.6560553122599,619.4605712890625,6003130,-0.026338409798817852,-0.026691479037293495,3718702339.32251
2024-12-16,621.7033120675844,626.2084444840314,612.4972810682802,614.5441284179688,2943305,-0.007936651820894647,-0.007968314684649196,1808790805.8932495
2024-12-17,614.0643205443608,614.0643205443608,580.8147333380077,583.0966796875,10413170,-0.051171994452903546,-0.052527734366640405,6071884852.021484
2024-12-18,583.0966196630419,594.0851092596959,569.7674242129501,574.1843872070312,7447675,-0.015284416445734417,-0.01540242716632455,4276338705.9921265
2024-12-19,562.1576996515932,578.3172850945398,558.8865815090064,576.9364013671875,7354675,0.004792910119940208,0.004781460695697411,4243179727.7252197
2024-12-20,578.4642383822537,579.9234884127261,556.9964300321067,563.5778198242188,12499100,-0.023154339908718624,-0.023426612712941396,7044215527.764893
2024-12-23,569.2091885903387,578.6111056567343,562.7061650685176,564.6845092773438,4691250,0.0019636852519677728,0.001961759742401139,2649076204.147339
2024-12-24,564.70401837843,567.5638182736415,559.2391835884961,564.6942749023438,2020780,1.7293948814778304e-05,1.7293799276169574e-05,1141122896.8371582
2024-12-26,566.5257623815277,575.0756338553911,562.3829912359371,573.302978515625,4462340,0.015244892671826715,0.015129856960266357,2558272813.149414
2024-12-27,575.2617223797965,575.839516569447,566.1731500881327,567.8185424804688,1524915,-0.009566383292402114,-0.00961243507170412,865875012.706604
2024-12-30,570.5410854168922,581.5198311780672,567.1132946188152,571.7554931640625,3452720,0.006933466220379936,0.006909540272966555,1974111626.3574219
2024-12-31,567.6225868091725,570.5214802055219,564.3221187296188,565.90869140625,4075070,-0.010226052618150905,-0.010278697904060012,2306117531.088867
2025-01-01,567.838038336789,574.1060227885005,564.6844993818739,571.6869506835938,1297175,0.010210585850846554,0.010158809962310654,741578020.2529907
2025-01-02,575.3400513901702,601.1170469304906,574.223556544759,599.383544921875,7297085,0.048447133881861504,0.0473101493751385,4373752674.89624
2025-01-03,599.3737430588739,606.8169224936768,594.7021344626169,597.091796875,3652225,-0.0038235084467888036,-0.003830836741037495,2180713587.841797
2025-01-06,593.6934026853357,603.5556540759541,578.8069843641017,581.6569213867188,5430225,-0.025850087991599935,-0.026190073416785944,3158527955.937195
2025-01-07,583.1259881548282,591.9305644410158,577.8276289097939,579.4729614257812,2781710,-0.0037547218654783165,-0.0037617885280694175,1611925731.52771
2025-01-08,581.7450679172057,581.7450679172057,556.4479550447584,567.7890625,4976035,-0.020162975157690277,-0.02036902232841078,2825338247.6171875
2025-01-09,568.7684922783143,572.7643341528906,548.6424732109969,550.3759155273438,5408205,-0.030668338160628528,-0.03114845337311221,2976545778.234558
2025-01-10,554.3227070973331,554.3227070973331,518.0860637005111,521.024169921875,5999299,-0.05333035980934109,-0.054805095453457416,3125779781.588135
2025-01-13,519.1144538548174,529.5447561556749,508.04759765859717,510.3490905761719,5558523,-0.020488645176103493,-0.020701449195212062,2836787157.9967346
2025-01-14,516.0784326724105,536.204450787893,507.6068681240192,532.8745727539062,6987503,0.04413740044545511,0.043191090422743904,3723462675.741638
2025-01-15,533.7560029253834,534.6864152526408,518.1840148929687,522.199462890625,4072535,-0.02003306295534435,-0.020236445596183823,2126675589.6032715
2025-01-16,524.5010203962369,542.3255469416508,524.5010203962369,535.5189208984375,6194466,0.025506456736058114,0.025186594693859247,3317253747.8620605
2025-01-17,535.2740286393948,536.2533974813939,513.0423439708304,515.6376953125,5347916,-0.03712515993381316,-0.03783184440930726,2757587080.9648438
2025-01-20,500.45753254962165,510.7409065061207,483.1716765908145,506.0399475097656,12701612,-0.01861335563707711,-0.018788764178947405,6427523069.769409
2025-01-21,507.31304595702204,519.7999983430298,502.8569298058285,509.5655822753906,7753705,0.006967107602818157,0.0069429494520279475,3951021203.1166077
2025-01-22,509.61455573317727,517.4495065108239,502.4651751037609,507.9496765136719,5895189,-0.0031711438486546895,-0.003176182580491217,2994459345.536957
2025-01-23,507.9497015864477,522.4443492853743,501.0451329400528,518.86962890625,5150004,0.021498098920994524,0.021270274207723254,2672180664.345703
2025-01-24,520.9752750879277,530.6220344125538,498.64564723048153,516.568115234375,7602501,-0.004435629961087706,-0.004445496554846368,3927209612.637451
2025-01-27,515.0500908713011,519.7020928071528,497.66626427567996,501.09405517578125,8523575,-0.02995550751631837,-0.030413339996759884,4271112761.3449097
2025-01-28,509.32074636032206,530.622018340636,498.10699122760224,519.1633911132812,16222471,0.03605976912091169,0.03542483437481246,8422113056.596863
2025-01-29,520.1918173779909,544.1863555309734,519.3103614538343,542.0806884765625,9135552,0.04414274533906948,0.04319620936583702,4952206317.7734375
2025-01-30,542.080631604465,548.4465288139121,525.7741171498944,527.1942138671875,7172857,-0.02746173203699842,-0.02784585417324014,3781488707.296753
2025-01-31,537.6240014824238,542.0517245764431,527.5878171250122,535.0165405273438,4058608,0.014837656511395014,0.014728655377544479,2171422411.5166016
2025-02-01,539.0999298179921,540.8218221982496,509.68014455622745,523.2584838867188,3874882,-0.02197699650376339,-0.02222208826663595,2027564880.5599365
2025-02-03,516.5677278427809,549.0376993071843,507.7122810797618,537.3780517578125,7442129,0.02698392535600158,0.026626278784979886,3999236782.9503174
2025-02-04,547.069846865518,570.5860027940851,536.640122008365,567.486572265625,12290382,0.056028563893379735,0.05451523405970638,6974626753.015137
2025-02-05,567.7324846031256,581.3108231771204,559.2706379706638,562.1240234375,6953215,-0.009449648837884683,-0.009494580049608126,3908569191.6259766
2025-02-06,560.8450009796233,560.8450009796233,545.4463378957004,557.2536010742188,6345455,-0.008664319901322881,-0.008702073351162437,3536027649.2044067
2025-02-07,558.7787281240824,569.7987918709174,545.9382819669255,550.5628051757812,5747620,-0.01200673425086829,-0.012079397300887524,3164425790.284424
2025-02-10,552.6782321896388,557.4994944990469,537.7223559331387,551.7926635742188,4253881,0.002233820350513671,0.0022313290831738014,2347260327.517761
2025-02-11,556.9091460710551,556.9091460710551,525.4231166112074,529.9000244140625,6416783,-0.03967548067483795,-0.040484010679518324,3400253468.359741
2025-02-12,529.9000919824919,542.6421081652463,518.5356137861919,538.3619995117188,5467745,0.015969003034134843,0.01584283986621606,2943626131.0202026
2025-02-13,538.2143680522661,551.2515533844279,529.3589214115524,539.837890625,5723009,0.0027414474175737613,0.002737696504325893,3089497106.5878906
2025-02-14,542.1009410720786,546.0366951627301,518.3388017278337,530.490478515625,6763071,-0.017315220498051676,-0.017466882181908762,3587744771.0251465
2025-02-17,528.3749438556388,544.1179589425851,516.6660523627877,541.510498046875,4397756,0.02077326545442504,0.020560443467648525,2381431041.848633
2025-02-18,542.1009857277419,545.5447708407443,530.4412772408114,544.46240234375,2988732,0.005451241125558948,0.005436436887266825,1627252204.6816406
2025-02-19,539.0014963824605,550.7595734268374,537.7223883479529,548.8408813476562,4066886,0.008041839041700971,0.00800967577360023,2232073296.5804443
2025-02-20,548.0537801868431,572.898228929604,548.0537801868431,571.5206909179688,7590778,0.04132310536821371,0.04049212127154229,4338286687.164917
2025-02-21,571.5206539513086,585.148238215132,567.4373452074391,575.702392578125,9328402,0.007316798370746058,0.007290160458782211,5370383350.330566
2025-02-24,566.748583063379,572.4062295088901,559.6642137641186,567.9293212890625,4523171,-0.013501891583692971,-0.01359387099083701,2568841436.10437
2025-02-25,572.4554577168689,577.325965731882,562.3209022850798,565.0267333984375,6222936,-0.005110825910584871,-0.005123930851780163,3516125200.227539
2025-02-27,571.9635197439591,599.0218323592361,570.9795811034035,597.053955078125,17099035,0.05668266612281325,0.05513444054759728,10209046474.769287
2025-02-28,600.1533295975674,610.0418999978544,592.5769907640449,607.38525390625,23771834,0.017303794305781217,0.017155788591187184,14438661429.907227
2025-03-03,615.2567993524743,619.881322819398,605.023873865824,611.321044921875,10284029,0.006479892276463506,0.006458988030750468,6286843354.286865
2025-03-04,608.6643717011077,625.1945876210694,603.5479392119084,622.7347412109375,5369562,0.01867054370837362,0.018498388625361656,3343812802.486084
2025-03-05,616.5358771515753,627.2608314684239,611.5178145217654,621.160400390625,9532495,-0.0025281082234968055,-0.0025313092853169513,5921208410.921631
2025-03-06,628.5398858959246,640.3471475973691,626.7688086516757,634.000732421875,8075827,0.020671523849838502,0.02046076738999624,5120080232.9123535
2025-03-07,634.0007603308877,637.2478054855923,617.372235402261,620.7175903320312,5829062,-0.02095130401364409,-0.021173897150999706,3618201318.5360107
2025-03-10,621.4063873780942,631.1965880897536,612.8461098700392,615.5519409179688,4906168,-0.008322060619064042,-0.00835688229216487,3020001234.869629
2025-03-11,614.1744546856405,629.7206717587152,605.6633622094645,627.998779296875,6734891,0.0202206142999799,0.020018892438579964,4229503326.69751
2025-03-12,628.7367275248666,636.8542204858684,618.9957119497274,626.7196655273438,5378060,-0.002036809324635014,-0.0020388864416876437,3370535964.3859863
2025-03-13,627.7527994848043,633.6564308279217,607.5820590624869,609.59912109375,5273706,-0.02731770738227579,-0.02769777363378418,3214846542.506836
2025-03-17,603.5479146195161,619.389300833349,603.5479146195161,613.2396850585938,4548324,0.005972062358475583,0.005954300276493849,2789212777.3044434
2025-03-18,613.2396850585938,613.2396850585938,613.2396850585938,613.2396850585938,0,0.0,0.0,0.0
2025-03-19,635.3290498412497,666.7166494081412,627.4083575707645,657.2216796875,9823834,0.0717207247027789,0.0692655107067618,6456436682.451172
2025-03-20,678.9175631557122,683.8372556423477,654.3191007225341,657.1725463867188,8747482,-7.47590992503655e-05,-7.476189385110796e-05,5748605020.411987
2025-03-21,658.3040420473515,668.094242142738,656.9265641789302,665.9295654296875,6365496,0.013325296516290663,0.013237295649119537,4238971985.024414
2025-03-24,666.1263282753505,683.7388504894991,663.1745129358734,671.0460205078125,4983671,0.007683177536686792,0.007653812244746444,3344272592.0701904
2025-03-25,676.9496813323201,676.9496813323201,656.9757419900234,667.4546508789062,5257157,-0.005351897662977723,-0.005366270371053382,3508913890.050598
2025-03-26,667.8974347576566,669.9637416188073,658.5008341925485,661.2066650390625,4792266,-0.009360914380649454,-0.00940500309583765,3168678219.840088
2025-03-27,659.2387571173199,673.4074947250597,655.4998030431442,667.6022338867188,4628163,0.009672571656969664,0.00962609181512413,3089771957.591858
2025-03-28,671.0460861950386,673.9979018234625,639.7076676285417,645.4636840820312,6806264,-0.033161287786289906,-0.0337235893597998,4393196236.274902
2025-04-01,641.5279020519091,643.3974092239964,623.7186392224041,627.2116088867188,7600903,-0.028277462613981674,-0.028684970636014204,4767374599.621887
2025-04-02,629.7207102376591,633.6564646766444,620.3732934450688,629.13037109375,4387926,0.003059194345010674,0.0030545245314778317,2760577512.711914
2025-04-03,622.8330490033491,649.9405417317847,621.849110537309,643.6433715820312,3704676,0.023068351418244593,0.022806299418079077,2384490151.259033
2025-04-04,644.9716800039445,654.3190956561756,639.0680490656933,643.1021728515625,5191619,-0.0008408363301225519,-0.0008411900312733295,3338741459.517456
2025-04-07,586.4273514638894,619.8320758610976,579.7857665270081,604.1382446289062,15188995,-0.060587461631310124,-0.06250055826872444,9176252776.977234
2025-04-08,613.6824905016548,637.8873550012355,613.0429064171569,631.1473999023438,10415072,0.04470691189237308,0.04373637898988666,6573445612.595703
2025-04-09,637.5429845242829,637.5429845242829,609.057951980464,614.518798828125,9235529,-0.026346620578317603,-0.02669991196121991,5675406187.622314
2025-04-11,616.9294544223211,638.2317474845181,616.9294544223211,628.5399169921875,7102851,0.02281641862022843,0.022560016926534022,4464425377.947876
2025-04-15,641.4787103327191,663.7156961766804,638.7236945726909,661.2066650390625,6085948,0.0519724319231758,0.05066690857593,4024069380.6811523
2025-04-16,661.846295324995,667.1103425904602,651.8101100184176,665.191650390625,6571065,0.006026837844000044,0.006008749099037918,4371017572.174072
2025-04-17,666.1263722873656,684.4768495488283,657.8120798541992,680.6394653320312,5771289,0.023223104096893987,0.022957551262998168,3928167059.2366333
2025-04-21,687.5270624282858,705.9759102573097,679.4095693835154,691.7088012695312,6740583,0.016263141503409795,0.016132313164942794,4662520586.787781
2025-04-22,691.7088363636616,698.5472216502034,688.7570205612562,692.2008056640625,3672514,0.0007112883248387991,0.0007110354791886083,2542117149.612549
2025-04-23,698.1043921379022,702.3353158368603,674.8834666821019,692.5943603515625,5442424,0.0005685556622871957,0.0005683940957534473,3769392169.041992
2025-04-24,692.6927397560556,694.1686475822404,683.345323523552,685.4608154296875,5010172,-0.01029974445395998,-0.010353153873967697,3434276584.5629883
2025-04-25,687.6746378967954,694.2669777667332,624.8009440700182,644.676513671875,9784886,-0.05949910022536664,-0.06134267354333485,6308086193.156738
2025-04-28,612.6984735030825,620.2748114390364,586.5749201493223,612.0097045898438,32221482,-0.05067162893211563,-0.0520005222375006,19719859680.266968
2025-04-29,614.9615812146363,620.6684126773398,600.3993029824421,604.8270263671875,10387632,-0.011736216221391316,-0.011805629238953267,6282720573.556641
2025-04-30,604.826998559586,611.812937779061,596.7586909740311,601.8751831054688,7374108,-0.004880475132615358,-0.004892423543174846,4438292602.739502
2025-05-02,601.8752115734891,606.401304795279,589.8711494813326,593.9052734375,7749204,-0.013241798119747572,-0.01333025245928135,4602293120.542969
2025-05-05,600.3500931226453,620.7668167706659,597.4474625689468,618.7496948242188,8616953,0.041832296323823126,0.0409809863512543,5331737039.064636
2025-05-06,618.7005708505317,621.7015715267885,607.1392924653176,613.4365234375,5098276,-0.008586947890500629,-0.008624028150976779,3127468704.9648438
2025-05-07,608.2707620554987,627.7527313626836,607.3360085166402,626.4244384765625,5983998,0.021172386290732037,0.020951365567900015,3748522586.994873
2025-05-08,624.800932515712,630.5077636678799,597.2506551764365,605.9093017578125,10052396,-0.032749579133026674,-0.03329785028455243,6090840241.353027
2025-05-09,590.363133041213,602.514750174374,587.0669629036703,591.7898559570312,5637324,-0.023302903189997393,-0.023578708981160084,3336111157.943115
2025-05-12,601.2356540016766,637.592196344316,601.1864690839152,635.5751342773438,9560644,0.07398788248829269,0.0713787134236689,6076507594.077881
2025-05-13,631.2949705748706,637.3954017979659,621.7999992856779,623.4234619140625,5748439,-0.01911917522874429,-0.01930431021008428,3583711741.9818115
2025-05-14,629.228652745028,644.774868589215,627.3591456265866,641.4786987304688,9324793,0.028961432989660363,0.028549976061722892,5981656079.570984
2025-05-15,644.2829596776003,669.0290385834223,633.8040500042098,663.9617309570312,9817422,0.035048758861452534,0.034448535618755924,6518392504.65564
2025-05-16,663.1746355682992,663.9617744600813,649.448679690597,654.8111572265625,5415727,-0.013781778834269787,-0.013877629226380313,3546278464.0931396
2025-05-19,659.2388047806971,672.9155741555464,655.3030507223049,666.9135131835938,4356035,0.018482207921273863,0.018313487628138277,2905098605.400696
2025-05-20,671.0952962919077,671.0952962919077,645.6605080278999,647.7759399414062,7035801,-0.028695734700039166,-0.029115507252328768,4557622606.015686
2025-05-21,647.7759340676878,651.0229793952205,628.4415771842716,647.4315795898438,7986603,-0.0005316041092752188,-0.0005317454608373187,5170778995.846985
2025-05-22,641.5279487002213,644.1845948545806,630.0158554012269,639.3140869140625,6840583,-0.012537993097160638,-0.012617256969445457,4373281074.604858
2025-05-23,640.5439386542314,652.9415392514105,635.7718611362694,649.2517700195312,3128629,0.015544289276398393,0.015424714357973789,2031267915.984436
2025-05-26,654.1715028985628,657.074133551955,641.6262867321549,653.8271484375,2963171,0.007047155863481258,0.007022440707037713,1937401645.2626953
2025-05-27,657.0741836279542,659.238860554176,646.4476587822293,651.2689819335938,2493252,-0.003912603675175763,-0.0039202779330286324,1623777691.7438965
2025-05-28,651.2689490762215,653.2368261726235,643.4958105234958,645.1685180664062,3244100,-0.009367041938763032,-0.009411188574639658,2092991189.4592285
2025-05-29,645.1685258243311,649.1042800644615,637.6905567351773,641.77392578125,4173868,-0.005261559096730206,-0.005275449844880053,2678679652.0527344
2025-05-30,632.7708854482248,644.4305938139288,627.0148686982762,629.0811157226562,6693573,-0.019777696707048986,-0.019975892946995658,4210800371.0110474
2025-06-02,628.0479366406588,637.4937823352514,614.961566516163,632.2296752929688,4344402,0.00500501364867012,0.004992530203739924,2746659865.802124
2025-06-03,637.5921501397995,648.1694890502977,631.7868889483806,637.838134765625,5336167,0.008870920951404848,0.008831805488724408,3403610806.077881
2025-06-04,639.5108907801301,651.2197238253877,629.7206899180909,630.9014282226562,6290382,-0.010875339941092799,-0.01093490873143623,3968610987.866089
2025-06-05,636.608277601883,644.2829867119254,627.8511999931487,640.98681640625,4542850,0.01598567974716092,0.01585925431991207,2911906958.911133
2025-06-06,643.4957847830775,679.8031397813068,633.951569236336,677.1956787109375,20115034,0.05648924654596765,0.05495137964637466,13621814101.923584
2025-06-09,688.7569394699141,704.4015854026663,681.1314162114971,686.7890625,11413586,0.014166339347179147,0.014066934464148388,7838726028.703125
2025-06-10,693.6766669681824,694.6114205871222,679.6063579328459,689.1505737304688,6453133,0.003438481128212212,0.003432583068355679,4447180309.309021
2025-06-11,690.8231445430158,690.8231445430158,673.3582374898498,675.0309448242188,4586055,-0.020488452661104883,-0.020701252653356022,3095729039.6658325
2025-06-12,677.9335908617109,678.9175293099862,655.8933455984084,657.320068359375,4970089,-0.026237132683533115,-0.02658746769555946,3266939241.2321777
2025-06-13,641.3803234040835,659.583186681496,633.1644604872968,656.4346313476562,4687026,-0.0013470408927704902,-0.0013479489679217357,3076726184.42688
2025-06-16,658.254854783905,670.3081013774816,657.861255362995,665.2900390625,6882573,0.013490159251140721,0.013399977194441807,4578907260.020508
2025-06-17,668.8814317412339,668.8814317412339,651.3673371049695,654.3191528320312,2390137,-0.01649038101626843,-0.016627860841184637,1563912416.9924927
2025-06-18,652.4003907648461,662.6825597911328,648.5630667633238,651.4656372070312,3352972,-0.004361045542759068,-0.004370582639782077,2184346040.517334
2025-06-19,650.1373321638516,658.2548243929122,637.592116900758,641.7246704101562,3342726,-0.014952387724756377,-0.015065301642986802,2145109740.62146
2025-06-20,641.5279063534638,660.124368151597,640.051998593448,655.6473999023438,7441267,0.021695799046168585,0.021463794877482255,4878847360.529114
2025-06-23,651.1705039646246,655.4998574974295,637.8873338744606,651.02294921875,4243520,-0.007053258633043513,-0.007078250446867029,2762628905.46875
2025-06-24,663.1745883568881,671.0460968240321,662.5842492437897,665.191650390625,4823566,0.021763750707832763,0.021530301368102443,3208595828.3081055
2025-06-25,665.1915894933669,667.1102815175486,660.2227122393439,664.2568359375,3211981,-0.0014053310088544269,-0.0014063194126081424,2133580336.1513672
2025-06-26,664.3061151646435,696.1856871492515,663.4205464755539,691.9055786132812,19068571,0.04162357266035377,0.040780623418422514,13193650651.083435
2025-06-27,691.7579489936762,695.5461482438021,685.411533670739,688.707763671875,7554681,-0.0046217504819303645,-0.004632463792934077,5202967456.764404
2025-06-30,688.7569326735187,702.532071326989,688.6585628479293,695.4968872070312,3721603,0.009857771166916551,0.009809500310197375,2588363301.920349
2025-07-01,696.6284546603314,699.137485812335,682.85331572637,685.2639770507812,3524637,-0.014713092674423334,-0.014822403750137577,2415306768.2803345
2025-07-02,684.5752324096758,687.6254178314616,664.1585079073391,666.0280151367188,3288839,-0.02807087860775881,-0.028472397558870707,2190458911.274231
2025-07-03,670.6524950201451,673.259956212654,662.1414625528839,664.5521240234375,6014549,-0.002215959508817811,-0.002218418380268136,3996981312.993042
2025-07-04,665.0932393520451,673.4075316663374,659.2387932813398,665.2900390625,3843226,0.0011103945234496315,0.001109778491434323,2556859975.6660156
2025-07-07,665.2900823922052,669.0782218321112,658.2548976554153,660.5179443359375,1770086,-0.007172953819190142,-0.007198803137251165,1169173566.0178223
2025-07-08,661.2066889676049,666.5199810258883,656.5821658879644,658.2056884765625,2820100,-0.0035006707678466586,-0.0035068124532940787,1856205862.072754
2025-07-09,660.4686823234997,672.0299590718067,660.2226977118336,670.1112670898438,3560120,0.01808793029552369,0.017926289934057083,2385676524.1918945
2025-07-10,673.0139400935058,676.3101100764135,660.2227394776936,660.960693359375,3035156,-0.013655304991673778,-0.013749396213651247,2006118814.2138672
2025-07-11,668.1262845468574,668.8181433560604,654.6847147862651,660.466552734375,4931083,-0.0007476096989800229,-0.0007478892984739084,3256815390.25708
2025-07-14,662.1961848083473,665.0624312305015,654.7835409485524,661.9490966796875,2832157,0.0022446919365934903,0.002242176379379059,1874743767.8050537
2025-07-15,667.0390904367322,679.9864833593706,662.8879980955612,676.4778442382812,3786182,0.021948436264161986,0.02171103675541311,2561268237.253784
2025-07-16,666.1495844020308,666.1495844020308,646.876710669331,660.5653686523438,9358644,-0.0235225376876238,-0.023803609001003527,6181996123.946045
2025-07-17,662.1960878983278,664.1727926383229,657.1060490631442,657.6990966796875,2671888,-0.004339119349389908,-0.004348560648936225,1757298324.0292969
2025-07-18,662.1961413678229,662.6903175927242,636.9931538978535,637.9815063476562,6570609,-0.029979652445279448,-0.030438230844183158,4191927027.4414673
2025-07-21,637.9815042025959,650.3359097835912,630.074684630759,648.0133056640625,4980207,0.01572427917830521,0.015601933564900049,3227240400.9613037
2025-07-22,650.3359148331966,652.2138086257875,631.5572182042745,632.69384765625,4671422,-0.02364065347719002,-0.02392457741902583,2955579959.2060547
2025-07-23,634.5223101440796,647.1238046212401,630.6183056725799,646.4319458007812,5191770,0.021713658502327204,0.021481274933760845,3356125983.250122
2025-07-24,652.3125874812368,652.3125874812368,624.3916320322294,626.170654296875,7248079,-0.031343270758079744,-0.03184498244195948,4538534369.825439
2025-07-25,617.7203296384193,622.6126867140058,594.6917278143493,608.6768798828125,16922561,-0.027937710421300777,-0.02833539264628231,10300371629.106567
2025-07-28,608.676859324421,631.4089666873256,603.932779417882,626.0718994140625,11583112,0.028578413450826456,0.028177667798608738,7251860930.96582
2025-07-29,624.6387806698444,635.8565574271744,619.2522474742183,630.914794921875,6858651,0.0077353663570349784,0.007705601805299981,4327224389.105713
2025-07-30,627.6037696540103,630.9147260413856,618.8074092252256,625.4293823242188,6024759,-0.008694379402428676,-0.008732396033432338,3768061300.022278
2025-07-31,617.7202983674485,632.0020037305536,615.7929989716926,623.5021362304688,6481051,-0.0030814767393689824,-0.003086234264799779,4040949143.5186157
2025-08-01,622.662038051474,624.6387429341771,605.1187822174841,607.0460815429688,3528632,-0.026392940346586458,-0.026747486253130847,2142042228.807129
2025-08-04,608.7262880574631,619.4992933904572,608.7262880574631,617.6214599609375,2955463,0.017421047165132153,0.017271040400268126,1825357372.9205322
2025-08-05,623.1561682997277,625.8247317593567,613.9150977845353,622.7608032226562,3996694,0.008321186349392384,0.00828675614649036,2488984365.675171
2025-08-06,626.6154885667966,632.3479210345766,615.1506236312364,623.2550659179688,4763826,0.0007936637835181948,0.0007933489989619507,2969078687.6517334
2025-08-07,619.54867048553,622.4643220959076,611.0982696302857,620.0428466796875,3482599,-0.005153940038257199,-0.0051672673992174765,2159360597.803833
2025-08-08,616.0401089001872,619.5487482542782,600.8689219648891,602.5491333007812,5493423,-0.02821371695937569,-0.028619372112396648,3310057267.5045776
2025-08-11,603.3397494664154,616.237736538417,602.0549033797007,610.4064331054688,3348109,0.013040098093984431,0.012955807991515484,2043707272.3383179
2025-08-12,608.8251090982178,611.7901664477222,603.883346849044,604.7728881835938,2787285,-0.009229170297590295,-0.009272022956559494,1685674399.640808
2025-08-13,604.9210820104092,614.1127473818808,603.2408708442975,612.0372314453125,5325700,0.012011688029760714,0.011940120235102018,3259526683.508301
2025-08-14,607.144915502377,615.6447830123711,604.377540627314,609.2698974609375,4279172,-0.004521512486813872,-0.0045317654419812425,2607170685.657715
2025-08-18,619.6970111761138,630.0747123202115,618.1650768815967,619.4993286132812,5265058,0.016789654625928074,0.01665026639792481,3261699896.1099854
2025-08-19,618.7086661837254,623.2056580024793,607.9355997834144,619.0545654296875,4765094,-0.0007179397346391836,-0.0007181975767879393,2949853195.4016113
2025-08-20,616.0895162338707,617.6709164527758,606.1565855207406,609.1216430664062,5710611,-0.01604530992576847,-0.01617542966259313,3478456755.2330933
2025-08-21,610.801849134838,614.7552591616006,608.6274615552685,612.5808715820312,3993795,0.005679043841244402,0.005662978865538983,2446522422.0199585
2025-08-22,612.5808844309776,614.7552720561549,605.4153286071719,608.6768798828125,3496256,-0.006373022535190231,-0.006393416938811737,2128090193.3515625
2025-08-25,612.7785158600968,616.534243086003,609.2204711880269,613.6185913085938,6850166,0.008118776298407626,0.008085996336712729,4203389211.1500244
2025-08-26,612.6796862862082,613.2232680496962,586.1917933005756,587.773193359375,18048586,-0.04211964616994612,-0.04303240042878186,10608475028.841309
2025-08-28,570.0322725577023,581.1018320046863,563.3608935550765,564.99169921875,20025147,-0.03875898798721833,-0.03953010851779836,11314041830.635254
2025-08-29,563.8550796081464,581.793700924327,559.901669759886,573.4915161132812,12236788,0.015044144730417264,0.014932103893224713,7017694102.476807
2025-09-01,573.244455247209,583.3256629043375,571.8607376048434,581.7442626953125,3886326,0.014390355131951305,0.014287796702105513,2260847853.463623
2025-09-02,583.1279600120525,589.4534399791705,575.4682283339281,577.7908325195312,4136915,-0.006795821513502109,-0.00681901826223317,2390271561.9125366
2025-09-03,578.186162227347,582.0407607718936,573.2444001570278,579.4710083007812,6612194,0.002907930840514439,0.0029037109883406783,3831574724.260376
2025-09-04,589.0580749836394,589.0580749836394,577.0990341682009,578.9768676757812,5054056,-0.0008527443442752913,-0.0008531081375634541,2926181511.9379883
2025-09-05,582.1396430808281,589.058110825422,578.7792203323248,585.598876953125,4166734,0.011437433250013784,0.011372520299798461,2440034750.9624023
2025-09-08,589.0580520789694,596.9648715699623,585.9447177746928,589.79931640625,2968301,0.007172895335762819,0.007147292480179413,1750701900.6879883
2025-09-09,591.0348208130908,591.9737677939487,583.9680759997553,588.0697631835938,3947645,-0.002932443586395994,-0.002936751623200948,2321490660.282898
2025-09-10,591.6277568981968,599.7322591141132,589.7499234235951,597.7555541992188,4708224,0.0164704795621351,0.016336312407436417,2814367046.4140625
2025-09-11,597.7555666056343,615.6447826512673,595.7788616497133,612.8279418945312,8412580,0.025214968877209643,0.02490231633486728,5155464087.423096
2025-09-12,615.9413160038339,626.3190176908674,612.0373113995756,625.4788818359375,10816255,0.020643542953176164,0.020433352810915205,6765339083.052368
2025-09-15,623.4526696552967,624.2433394949761,612.9761585500006,616.385986328125,3643666,-0.014537494025573805,-0.014644198801168243,2245904661.260254
2025-09-16,616.3860392082763,621.0807134191691,606.9472249038206,610.900634765625,4759255,-0.008899215238777236,-0.008939049761470974,2907431900.5114746
2025-09-17,612.7785161734106,618.7086308460565,610.5547231711683,615.9906616210938,4633747,0.008332004528726067,0.008297484991075757,2854344880.3147583
2025-09-18,612.7785491956581,623.6504266813876,612.7785491956581,619.5982055664062,4675034,0.005856491291310384,0.005839408709732196,2896642677.3619385
2025-09-19,622.6620282390732,629.8769888823912,619.795782074624,625.8247680664062,6415748,0.010049355282280015,0.00999919627535272,4015134004.07251
2025-09-22,630.5689116444992,630.5689116444992,618.165099506938,620.537109375,2712596,-0.008449104224083959,-0.008485000240978018,1683266480.7421875
2025-09-23,620.6853432824781,627.0108231398964,617.2261096813816,621.4760131835938,3586451,0.0015130502179625527,0.0015119067107920443,2228893268.958313
2025-09-24,620.8830543775447,622.6620768178888,613.0750454750491,617.8685913085938,2129098,-0.005804603554239396,-0.0058215157429062055,1315502782.0179443
2025-09-25,617.868537246777,618.7086126710257,603.6856438767845,605.5635375976562,4280161,-0.0199153248506716,-0.020116307836461702,2591909436.647522
2025-09-26,602.8949708863155,610.208802859552,596.717768315759,598.990966796875,3958021,-0.010853643577774519,-0.01091297405904969,2370818825.392334
2025-09-29,601.8078253466304,608.3309273263618,596.1247988119,604.6740112304688,4098133,0.00948769639045488,0.009442970871277323,2478034519.6659546
2025-09-30,604.6740465166182,613.4704078829558,604.0316535871436,608.9239501953125,5882401,0.007028479620275752,0.007003894985241564,3581934853.5528564
2025-10-01,608.8745534371997,642.379727750358,608.8745534371997,641.144287109375,15107673,0.05291356482813292,0.05156114509907198,9686198235.466553
2025-10-03,637.4872842634485,642.4290461569635,628.5921128551213,638.2779541015625,7200543,-0.004470652028633837,-0.004480675278211273,4595947854.460327
2025-10-06,638.969866477133,667.6320878658984,638.969866477133,663.6292724609375,10343487,0.039718304848957775,0.03894981574173462,6864240752.519165
2025-10-07,662.393869958198,665.1612449451255,655.7718960194514,659.033447265625,3729360,-0.006925290046760235,-0.006949381157589904,2457772976.8945312
2025-10-08,654.2893727079785,665.4577441953944,654.2893727079785,659.13232421875,2870458,0.0001500332851620545,0.00015002203129434866,1892011653.1123047
2025-10-09,659.1322805512533,664.172853974036,652.3126244387854,661.2572021484375,2274108,0.0032237501509366773,0.003218565009164644,1503770293.463379
2025-10-10,661.207776138773,663.5798461021527,655.2776615545688,657.3037719726562,2480723,-0.005978657265185872,-0.005996600991874427,1630588585.1193237
2025-10-13,652.3126598069504,666.3472775827985,651.0772191633766,664.3211669921875,2469940,0.010676030351189247,0.010619443928453104,1640833423.2006836
2025-10-14,667.187286636558,673.0185900231082,659.2310617492606,666.5942993164062,4731724,0.0034217370108959866,0.0034158961888557803,3154140244.338623
2025-10-15,667.6320727633858,674.4517287244199,664.7164210025309,669.2628784179688,4687947,0.004003303215012632,0.003995311318918693,3137468903.0908813
2025-10-16,668.9663624483745,675.786018797013,654.5364401437979,664.6670532226562,5309779,-0.006866995531227271,-0.006890681843186459,3529235161.1935425
2025-10-17,664.3705290574704,671.733766875957,662.2949527176021,667.632080078125,3516617,0.004460920457983741,0.004451000044160716,2347806322.5480957
2025-10-20,670.4983191296353,690.5124560307979,670.2017651383698,685.8671875,6170486,0.02731310847097279,0.026946761278376155,4232133878.328125
2025-10-21,687.3991266858959,689.3758315793133,682.2596818981615,687.1520385742188,674998,0.0018733234329260107,0.0018715709508862876,463826251.7335205
2025-10-23,687.152039007626,709.3899690725976,687.152039007626,701.3843383789062,8911040,0.02071200986934163,0.02050043266488427,6250063894.667969
2025-10-24,702.767985419013,714.9247082800504,702.767985419013,707.1167602539062,6036751,0.008173010946108672,0.008139792764449255,4268687809.579529
2025-10-27,712.6021013193806,721.7937668443656,709.8841321395911,711.2183837890625,8133230,0.005800489771566886,0.005783731702881479,5784502695.584717
2025-10-28,711.1195985005104,718.3839649878772,701.9773382001216,715.2706909179688,7071903,0.0056976973898190675,0.00568152690598593,5058324944.914856
2025-10-29,715.2706783518628,733.2587049619982,709.0440699971898,729.848876953125,10246214,0.02038135522713347,0.020176435094998432,7478187780.921387
2025-10-30,729.8982721904234,739.1393433145919,724.6106108005295,729.6511840820312,6357608,-0.0002708682267472673,-0.00027090491817124144,4638836205.129395
2025-10-31,724.9070676357712,760.8336526409889,718.5321826982902,740.1771240234375,18363853,0.014425988980815374,0.014322924424702125,13592503899.529175
2025-11-03,753.9152549697983,790.5831679433,749.6653513971951,787.17333984375,26222030,0.06349320222820665,0.06155896375075592,20641282932.583008
2025-11-04,783.2199019739791,804.6671619548206,783.022219421425,787.2227172851562,8543137,6.27275326881005e-05,6.27255653986903e-05,6725351523.279358
2025-11-06,783.368159263809,791.2749791819873,775.8567044712391,783.2693481445312,10930939,-0.0050219195328340405,-0.005034571747441516,8561869465.137634
2025-11-07,788.0422949682985,815.3876111974823,776.4080937433318,811.7581176757812,9765252,0.036371612905236717,0.03572577923540778,7927022582.149658
2025-11-10,817.3764072614222,826.0274835642368,812.0565242646218,816.4814453125,8623863,0.005818639239780543,0.005801776339614546,7041224126.416992
2025-11-11,816.481454827392,828.6128444411848,799.5273697562551,827.6184692382812,7336169,0.013640265788916528,0.013548074757574378,6071548957.8533325
2025-11-12,827.6184609438284,833.9327798340911,816.7798077559127,817.8735961914062,4239741,-0.011774595914762376,-0.011844465467971412,3467572218.590149
2025-11-13,821.3538887342598,821.7018957663081,805.1952922549236,809.42138671875,6048569,-0.010334371364983164,-0.010388141757009889,4895841107.644043
2025-11-14,804.9466899042209,813.3491721225039,799.3782132995948,804.747802734375,5672058,-0.005773981341561596,-0.005790715216973813,4564576212.481934
2025-11-17,804.4495359641757,823.6906717874458,804.0517616078506,813.2994995117188,7386312,0.010626554988142578,0.01057048998814214,6007283852.837402
2025-11-18,815.3876606740047,823.0443618211418,805.4439087145656,815.5865478515625,6684086,0.0028120616589790703,0.002808115210298992,5451450626.282959
2025-11-19,819.5143334453817,822.0499780301578,811.2112642309565,813.4486083984375,3711577,-0.002621352030335533,-0.0026247937895931463,3019177145.6136475
2025-11-20,817.376398931582,824.0387247838701,811.9073354350811,821.9505004882812,3187958,0.010451664680553918,0.010397423645312662,2620343673.63562
2025-11-21,820.3595173144354,827.3201435219518,806.040490553664,818.6690673828125,3831244,-0.003992251484145837,-0.004000241793408287,3136520952.395996
2025-11-24,820.3594913167137,834.7779308610681,816.4814039901161,823.54150390625,8140579,0.005951655824757207,0.005934014682626998,6704104672.327637
2025-11-25,823.5415149815548,837.1146994234998,822.547139827192,833.5349731445312,5418151,0.012134748753863445,0.012061712944026668,4516218348.278015
2025-11-26,837.2141785937707,854.0190823925685,833.5846849808945,851.78173828125,7052927,0.02189082129077602,0.021654657592337288,6007554420.030762
2025-11-27,855.1626588802791,864.609223135352,852.4281271222317,862.7696533203125,6752154,0.012899918541614097,0.01281742328965562,5825553565.745361
2025-11-28,865.1560854502251,867.0951291273532,843.9759069344507,846.859619140625,8198342,-0.01844065112682025,-0.018612799571365135,6942844783.70459
2025-12-01,853.0247445182446,860.1345515039462,844.6720292193254,846.7601928710938,6330770,-0.0001174058454128657,-0.00011741273801862766,5360644026.222534
2025-12-02,850.936576322239,851.1354635003562,836.0706549626984,838.6560668945312,5587375,-0.009570745111533885,-0.009616839030397398,4685885941.764832
2025-12-03,838.6560667279031,841.6888989450902,814.3435809851577,823.4420776367188,9931005,-0.018140915994501183,-0.018307479900704762,8177607390.220642
2025-12-04,825.7788720416294,831.2976420966053,816.382014547025,823.4918212890625,11436899,6.040941275009537e-05,6.04075881750016e-05,9418192787.409058
2025-12-05,823.4918334396788,852.1795332399207,823.4918334396788,850.0913696289062,12137708,0.03230092594994538,0.031790219466574926,10318160817.875732
2025-12-08,853.6710932671327,854.0191003038992,826.3257757775041,829.5574951171875,4117973,-0.024154902926120103,-0.024451417179596438,3416095366.84021
2025-12-09,825.331362071542,844.2244896370352,813.199973285857,841.9374389648438,5737027,0.014923551315641381,0.014813290756293878,4830217819.652161
2025-12-10,841.2413708791337,850.98623514102,828.6127944261494,832.5405883789062,3699625,-0.011160984357092896,-0.011223735489475122,3080087974.281311
2025-12-11,837.065005160989,845.8154945101878,830.9993409065718,842.3849487304688,4213992,0.011824480979036878,0.011755118055454773,3549803434.8706055
2025-12-12,847.2076643457953,849.9421961262541,836.7667248204069,843.2301635742188,6036788,0.0010033593845946154,0.0010028563560181313,5090401732.702881
2025-12-15,847.2076248600156,865.7029783090958,841.0921934320003,850.5387573242188,7193809,0.008667377029091261,0.008630030956654407,6118613367.287781
2025-12-16,850.5387886571323,851.8315249487433,838.2582794215847,843.6279296875,5171831,-0.00812523541955934,-0.008158425049503638,4363101079.223633
2025-12-17,851.1851616065001,870.525771166886,850.1907864177075,859.3390502929688,11621162,0.018623281724786667,0.018451991799331532,9986518316.380737
2025-12-18,863.6148407213752,871.9676164800468,856.9525149009877,864.5595092773438,12481529,0.006074970039584793,0.006056591803025702,10791024587.270935
2025-12-19,864.1120322378256,908.361727789705,845.716091390415,896.6281127929688,35297309,0.03709241893878423,0.03642104672161805,31648559555.34027
2025-12-22,913.83079142592,944.4575348652642,909.8532907015416,929.5916137695312,31894463,0.036763849478109956,0.036104178606476904,29648825330.482605
2025-12-23,933.4199949328016,954.5504675378743,926.4593686628954,952.4125366210938,14632455,0.024549406979934796,0.024252912990263973,13936133583.544006
2025-12-24,952.6114417504158,978.16689653282,952.6114417504158,968.22314453125,10574513,0.016600587772865882,0.016464304205656193,10238488228.746582
2025-12-26,971.0570579796323,973.2446954871676,951.3187351754806,954.8487548828125,4739099,-0.013813333965397523,-0.013909625832488117,4525122779.416382
2025-12-29,957.5833021610086,960.5664277129121,943.8609367606217,950.12548828125,4897735,-0.00494661230630411,-0.004958887289410834,4653462858.347168
2025-12-30,955.5448184760786,979.0617545047908,955.5448184760786,973.8910522460938,17757531,0.025013079070044686,0.0247053725772988,17293900550.88263
2025-12-31,977.4707932199145,994.574058301704,973.8910668805872,990.5965576171875,9795995,0.01715336159272196,0.01700790372381874,9703878925.43518
2026-01-01,990.596539377484,1019.8311324552814,990.3976522085514,1013.96435546875,4289057,0.023589621498152802,0.02331568603575295,4348950916.57373
2026-01-02,1018.9859579115664,1019.2345517046651,1001.5346857744065,1004.6669311523438,5264026,-0.009169379836935332,-0.00921167736014588,5288592846.926147
2026-01-05,1007.7992310427848,1009.0919066206031,989.0552834348093,997.706298828125,4603571,-0.006928298432431701,-0.006952410527080509,4593011783.80249
2026-01-06,996.8611343852089,1006.0591049518555,986.8676757998161,997.0103149414062,4352915,-0.0006975839358097646,-0.0006978273606962916,4339901155.063171
2026-01-07,990.4473612905208,997.4576939969628,984.679997528194,990.2484741210938,4191098,-0.006782117214815253,-0.006805220289532141,4150228399.391968
2026-01-08,995.7673134048574,996.9108084282348,975.5814490242398,987.3151245117188,3804564,-0.0029622359297029055,-0.002966632034233499,3756303579.3728027
2026-01-09,981.44830202252,987.6134402728845,955.5945473593129,969.91357421875,6949168,-0.01762512278091022,-0.017782294779554654,6740092372.7265625
2026-01-12,973.4932630124,980.1058819766062,957.0363665676681,967.328125,5510203,-0.0026656490717047454,-0.0026692082405953377,5330174336.359375
2026-01-13,969.5157615710732,982.0946313697322,963.7483978970189,973.54296875,3860197,0.006424752459254668,0.006404201712514444,3758067647.3398438
2026-01-14,974.4876934931458,984.9286330662867,964.941715874441,975.5814819335938,3846614,0.0020939118755189945,0.0020917226974790566,3752685386.546509
2026-01-15,975.5814819335938,975.5814819335938,975.5814819335938,975.5814819335938,0,0.0,0.0,0.0
2026-01-16,975.4820357862401,1016.2514175061542,975.4820357862401,989.8507690429688,13316550,0.014626443176323223,0.014520508472293124,13181397258.499146
2026-01-19,996.3639227395848,1008.7936123945198,985.6246830160899,1004.6669311523438,4908985,0.01496807657552246,0.014857160349405582,4931894895.022888
2026-01-20,999.3470613503758,1002.3798935275478,977.4708072710641,981.9454956054688,6129218,-0.022615888751124413,-0.022875550418100913,6018558006.68396
2026-01-21,977.0233119792337,991.8892329217937,967.0795602707445,980.4539184570312,7042588,-0.0015190019762938434,-0.0015201568294267872,6904933000.678467
2026-01-22,989.4530055660149,1004.0206261538618,980.5533356130094,999.84423828125,7210572,0.019776880340010017,0.019583858603358113,7209448868.912109
2026-01-23,1004.3189445330277,1015.107891096075,968.1734305585028,997.9052124023438,9023942,-0.0019393279519612783,-0.0019412108832218924,9005038758.21643
2026-01-27,1005.5121827273188,1014.2129654534396,978.6640531724319,995.4192504882812,7984660,-0.00249118040788443,-0.002494288560849636,7948084272.60376
2026-01-28,996.3639064872859,1014.9587340461259,993.8779685968486,1013.0693969726562,5587231,0.017731369446308376,0.01757600260462033,5660252739.916931
2026-01-29,1016.6492223727611,1022.6154735352965,1000.4906254742278,1017.0469360351562,6653822,0.003926225660735527,0.003918538152125215,6767249278.023315
2026-01-30,1019.2345712699142,1023.5104331467666,1004.468123953132,1014.2626953125,6464610,-0.0027375734826067255,-0.0027413274897051874,6556812762.744141
2026-02-02,984.6303339936755,987.1162719906845,933.7183116765631,956.6883544921875,13566710,-0.056764722873469675,-0.05843952892475466,12979113465.772705
2026-02-03,1007.3020521454004,1035.6417446292542,991.5909365207906,994.77294921875,9880727,0.03980877842584163,0.03903682934946168,9829079938.215332
2026-02-04,1004.7166728868642,1005.5121608661601,989.9004589186279,993.181884765625,4402517,-0.0015994247273959372,-0.001600705172624546,4372500131.772705
2026-02-05,989.9004791013656,992.3864170197517,966.930437012215,986.420166015625,5775866,-0.006808137415429849,-0.006831418510394414,5697430698.604004
2026-02-06,988.4088952423629,999.3470218496727,967.4276039359872,996.861083984375,3270421,0.010584655837809098,0.010529030540346616,3260155423.1452637
2026-02-09,999.3470151182487,1061.79382242737,997.7560391719117,1056.722412109375,8667620,0.06004981946505428,0.05831590651486832,9159268313.64746
2026-02-10,1058.9101461014222,1060.7994832070328,1030.669866908898,1042.7017822265625,4345362,-0.01326803493722184,-0.013356841715123913,4530916701.81958
2026-02-11,1047.0770387462335,1053.3416507793863,1035.6417244579318,1050.855712890625,4898578,0.007820002615369859,0.007789584869905917,5147698676.340332
2026-02-12,1047.5742318916455,1080.9852130174324,1043.7955577271712,1076.70947265625,8462756,0.02460257811655997,0.024304808737406033,9111929549.978516
2026-02-13,1075.7150556648871,1079.891382624326,1054.037629449158,1059.8050537109375,4555743,-0.015700074509058748,-0.01582462604448393,4828199454.808228
2026-02-16,1059.8050713632117,1082.1785119836088,1046.8781945603157,1079.2947998046875,5096496,0.018389935040888927,0.018222885102332345,5500621630.025391
2026-02-17,1073.9251226380813,1075.8144596305697,1054.0376203670057,1068.9532470703125,2832145,-0.009581768332661666,-0.009627968833375881,3027430593.92395
2026-02-18,1070.146484375,1080.9851977512726,1066.0695705500766,1070.146484375,2470593,0.0011162670658964036,0.0011156445030697164,2643896413.2714844
2026-02-19,1071.936446352138,1071.936446352138,1042.2046041292695,1048.7674560546875,2576169,-0.01997766533130141,-0.020179917098954583,2701802208.4969482
2026-02-20,1050.8557368592253,1060.0039399450504,1038.7242868551568,1053.3416748046875,2295049,0.004361518584117263,0.004352034727947893,2417470757.4188232
2026-02-23,1066.7657175233533,1071.4392322101457,1050.9551282423085,1058.711181640625,2423932,0.005097592703652509,0.005084643964256707,2566243911.9365234
2026-02-24,1058.7111527348131,1060.003888957747,1044.292713344675,1055.72802734375,2464507,-0.002817722480508933,-0.002821699733451154,2601849113.4848633
2026-02-25,1059.0095274196176,1088.8407817131279,1049.8613246564148,1079.7919921875,3115583,0.02279371601443203,0.022537820511476285,3364181574.395508
2026-02-26,1082.8746117062183,1101.767740836079,1078.9965240817714,1098.3868408203125,5231414,0.017220769154938864,0.017074172323308646,5746116296.483154
2026-02-27,1092.8183428904563,1097.6908056386806,1067.2629488485873,1073.32861328125,5601117,-0.022813663281279095,-0.02307792176883458,6011839142.436035
2026-03-02,1038.1276453013659,1064.9757740591597,1032.1613944663006,1046.579833984375,6717872,-0.024921332540555174,-0.02523712666532546,7030789362.488281
2026-03-04,1036.4372748198632,1036.636101297813,981.8460544172268,1004.3189086914062,9200897,-0.04038003019041514,-0.04121793767708491,9240634834.022034
2026-03-05,1016.5496896201957,1040.514166818223,1012.5721890753124,1033.6529541015625,5051614,0.029207899160613726,0.02878947644517675,5221615734.080811
2026-03-06,1038.0282891456898,1046.0827039392059,994.3751938585608,1001.8330078125,8166989,-0.030783974604629227,-0.031267755513471523,8181959154.641602
2026-03-09,952.114201802429,987.4145194671665,928.9452730509838,981.6471557617188,11999852,-0.020148918924978387,-0.020354676951031915,11779620585.361572
2026-03-10,1004.3189162352363,1062.29103688427,1001.0374903304603,1056.92138671875,14297519,0.07668155560296142,0.07388367720424012,15111353608.117676
2026-03-11,1056.9214298164143,1071.837057893463,1022.9137249705278,1025.8968505859375,10731059,-0.02935368374854186,-0.02979312395373074,11008959631.55188
2026-03-12,1015.3564976882282,1040.8124786629862,1000.4408696111793,1025.8968505859375,7054662,0.0,0.0,7237355527.748291
2026-03-13,1015.5553476436952,1022.2176734122801,989.1049924333056,997.9548950195312,6562852,-0.027236613067334492,-0.027614405266483368,6549430278.688721
2026-03-16,984.4314156809161,997.2588796165261,963.84783757831,986.420166015625,10476354,-0.011558367077983522,-0.011625684222983669,10334086851.918457
2026-03-17,994.2757650008944,1006.3076803808847,977.6696873858845,998.9492797851562,4175225,0.012701599380453787,0.012621610677906174,4170838006.690979
2026-03-18,1007.6003360177375,1023.1126249061833,1002.8273473950785,1015.8536376953125,3915253,0.01692213834299161,0.01678055400082801,3977324002.5474854
2026-03-19,994.3751649501145,994.3751649501145,940.9772064539246,944.45751953125,11956347,-0.0702818944725544,-0.07287385111874471,11292261830.274902
2026-03-20,956.5888984942276,961.4613610273283,917.1121927277709,933.3204956054688,28550627,-0.011791979729600444,-0.01186205656375465,26646885341.486877
2026-03-23,924.7689332241187,924.8683464670819,865.3053085809798,872.7631225585938,10556865,-0.06488379215072304,-0.06708447094655852,9213642461.829529
2026-03-24,901.8982949332848,926.6582613752254,891.1590550481924,898.5173950195312,13359073,0.02950889169725257,0.02908188435686241,12003359471.835754
2026-03-25,913.8307986718341,959.5720573648748,912.1403487122006,950.6226806640625,14265748,0.057990291488345225,0.056371157106996965,13561343605.437988
2026-03-27,944.6563915823348,945.6507667313688,894.9376341306329,898.7162475585938,12238678,-0.05460256120673368,-0.05614986975162704,10999098767.237915
2026-03-30,883.0051698969366,891.2584718465682,862.1232908791037,867.194580078125,10949179,-0.03507410438622749,-0.035703972701896465,9495068685.105225
2026-04-01,910.4498924577664,921.0897190446491,890.7115693697381,895.4845581054688,11752172,0.032622411021982156,0.032101596716159114,10523888550.199463
2026-04-02,871.072671131534,889.965799843291,858.5932745681899,886.5848999023438,7230236,-0.009938371491244435,-0.0099880867720707,6410218060.330322
2026-04-06,889.9657709845181,925.7632768565211,880.6683874861659,922.7801513671875,5898399,0.040825477028574086,0.04001412622995731,5442925522.044067
2026-04-07,914.8251632861724,927.1554397637237,904.931118131828,925.415283203125,5503677,0.0028556442528953063,0.002851574646570147,5093186809.613525
2026-04-08,969.5158060592424,1029.6257374814395,969.5158060592424,1017.4447021484375,18256527,0.09944661668734556,0.09480697748049226,18575006675.779907
2026-04-09,1004.4183492904016,1009.2908119697521,984.8789133358476,990.6959838867188,7668209,-0.026290095378388778,-0.02664185890002905,7596863859.903992
2026-04-10,1010.3845950428142,1025.2008094857379,1005.5618997016996,1021.770263671875,8048521,0.031366110583435525,0.030884244409648258,8223739424.338623
2026-04-13,994.524354020621,1009.7879886566151,983.2381593866543,998.4520874023438,8242484,-0.02282134947413139,-0.023085787436611584,8229725355.18042
2026-04-15,1024.2064195269454,1037.6304842489005,1010.7326481851295,1015.2073364257812,7869459,0.016781224892853164,0.01664197582574967,7989132510.501892
2026-04-16,1020.328324883863,1028.5319199336388,1009.6387919402158,1016.9971923828125,5716035,0.001763044742498332,0.0017614924034106709,5813191546.56189
2026-04-17,1016.2514489633176,1033.6530148702236,1007.4512527671346,1031.1173095703125,4345572,0.013884126026362686,0.013788624503467914,4480794509.184082
2026-04-20,1034.1501837974863,1044.044168252458,1020.2289313232893,1039.271240234375,4670588,0.007907859356429903,0.007876756102464796,4854007783.383789
2026-04-21,1048.0714255518271,1056.7224409474043,1033.404391845101,1039.42041015625,5699181,0.00014353319528148667,0.0001435228953779864,5923845052.574707
2026-04-22,1044.0939790023413,1047.7731187558245,1023.6098737862721,1038.6746826171875,4404420,-0.0007174455415498437,-0.0007177030287651243,4574759545.612793
2026-04-23,1039.0226568301562,1039.0226568301562,1000.6894448304803,1003.6228637695312,4658783,-0.03374667683180155,-0.03432923984378205,4675661136.140808
2026-04-24,1001.28606466047,1024.6041739552447,978.0176619845898,1005.611572265625,9263466,0.001981529683993344,0.0019795690436665058,9315448608.88916
2026-04-27,1005.6115992823974,1006.3076740411503,958.3290719932398,969.1677856445312,15096574,-0.036240420880386814,-0.0369134147302704,14631113194.398804
2026-04-28,969.0185947373193,974.2390643344162,943.9603285328856,947.8881225585938,6752420,-0.021956634755235682,-0.02220126918927351,6400538716.5271
2026-04-29,959.5720161918424,969.8140680604957,949.5288514908202,951.4678344726562,5829309,0.0037765131019891207,0.0037693999792937495,5546400010.701965
2026-04-30,939.883395924654,944.6563844656912,915.819505360949,932.0775146484375,5990764,-0.020379375026340907,-0.020589899640610657,5583856419.965332
2026-05-01,932.0775146484375,932.0775146484375,932.0775146484375,932.0775146484375,0,0.0,0.0,0.0
2026-05-04,936.7014339655159,963.5495642384129,936.7014339655159,955.0476684570312,4018048,0.02464403812729854,0.024345272398944455,3837427374.1484375
2026-05-05,950.2746808970336,961.4614018586601,932.0278596245179,958.9754638671875,4029508,0.004112669492719601,0.004104235583554296,3864199303.456543
2026-05-06,974.4876699985059,1001.7832806485676,970.5598759249391,998.4520874023438,5858946,0.04116541561549636,0.04034067769677123,5849876863.677612
2026-05-07,1003.3245754762052,1017.9916096568534,996.4136557069544,1009.9371948242188,4848929,0.011502912925702491,0.011437257429427973,4897113752.161804
2026-05-08,1007.3020737841301,1007.6500808260735,995.6181652283911,1002.0816040039062,5755029,-0.007778296373845084,-0.007808705109158342,5767008691.408997
2026-05-11,984.4314080737513,985.2766026827339,964.9913858405625,970.46044921875,5927270,-0.03155546879496751,-0.03206407066627625,5752181106.84082
2026-05-12,965.5382697869978,974.4379395099118,920.7416814579057,925.2163696289062,8674062,-0.04662125038301834,-0.04774302551269906,8025384153.57605
2026-05-13,919.9959392292865,933.1217038942444,909.8533001385532,915.3720703125,10747950,-0.010639996912673144,-0.010697006427806145,9838373243.115234
2026-05-14,924.6695075593968,936.3534159673667,896.2303408916994,929.8402099609375,9220462,0.015805747321412378,0.01568213729518033,8573556322.016846
2026-05-15,915.8195467897357,940.5795132109517,915.8195467897357,932.62451171875,5759607,0.002994387345250926,0.002989913096993925,5371550666.066895
2026-05-18,918.6037815328666,932.3759142267638,905.8757913341584,928.4481201171875,5232089,-0.004478106192883247,-0.004488162945121128,4857723196.335815
2026-05-19,934.712659232095,936.5522290187397,919.4987312787073,922.1337890625,3216479,-0.0068009519518339445,-0.006824183818010882,2966023967.709961
2026-05-20,914.8251309253491,920.2444875893078,907.8645049291779,918.2557373046875,5764449,-0.0042055196369663594,-0.004214387706635401,5293238366.650269
2026-05-21,929.7407722316761,936.6019850949359,904.8813932950003,909.6046752929688,4598094,-0.009421190263522616,-0.009465850398936469,4182447799.836548
2026-05-22,911.0962458903427,938.938750539652,908.0137071523352,935.70703125,5414742,0.02869637400294156,0.02829234431432142,5066612161.8046875
2026-05-25,951.5673088364804,965.0410799367968,951.5176022175106,956.5391845703125,6256205,0.02226354256682561,0.02201932797806758,5984305229.204712
2026-05-26,955.5945072142829,960.1686085704137,943.2642312315554,946.7943115234375,4350923,-0.010187636015405399,-0.01023988514552582,4119429146.2764893
2026-05-27,941.7229824287294,962.6545673925597,941.2755014686986,957.7821655273438,3592277,0.011605323215584384,0.011538497974189627,3440618844.23407
2026-05-28,957.7821655273438,957.7821655273438,957.7821655273438,957.7821655273438,0,0.0,0.0,0.0
2026-05-29,955.5945202977734,970.0626666092828,937.5963543378928,941.8224487304688,11248568,-0.016663201061055233,-0.01680359397790213,10594153858.471191
2026-06-01,944.7061236133039,948.4847371429066,911.2454353633468,913.8804931640625,8308513,-0.029667965128746587,-0.030116962066370715,7592987957.900024
2026-06-02,903.4892389920492,912.7866830800177,895.1365241288611,906.5718383789062,7610958,-0.0079973856973925,-0.008029536315043839,6899880185.884644
2026-06-03,907.5165189247041,910.7482382120605,883.9001087478683,907.8148193359375,6951317,0.0013710782801878985,0.0013701392106232847,6310508586.501831
2026-06-04,902.8429220897849,914.7257171720593,897.9704596184756,910.6487426757812,3666582,0.003121697596781603,0.003116835215466706,3338968288.2176514
2026-06-05,914.9245547522228,939.585107120411,910.9968214481116,918.1065673828125,5769377,0.00818957338602111,0.008156220801788875,5296902913.407349
2026-06-08,903.8870152260808,906.2237725618644,887.0820508422802,891.6065063476562,4584431,-0.028863818184743262,-0.029288571487449334,4087508507.501892
2026-06-09,903.2904125150878,909.8532642427245,891.7059177154789,906.5718383789062,5892611,0.016784682395997175,0.0166453762595705,5342075187.121765
2026-06-10,902.7434907504872,909.6047038289962,889.1703058403515,892.3025512695312,4026258,-0.0157398305410531,-0.015865017020712437,3592640285.4693604
2026-06-11,888.9217157716224,891.2584731980423,874.1552077429419,881.2650146484375,4640157,-0.012369724378115898,-0.012446866227766534,4089208026.57605
2026-06-12,902.8926272766266,953.7051726627044,896.5286021027858,949.5785522460938,9760441,0.0775175871754179,0.07465986506712424,9268305434.063416
2026-06-15,999.3470531545352,1003.8217414522421,982.4426751409759,995.0215454101562,12251483,0.04785595994830927,0.046746133655308775,12190489548.226257
2026-06-16,992.3864268493273,1004.3686355962635,986.4698824065963,1000.0928344726562,4544903,0.005096662565642784,0.0050837185432360404,4545324923.673279
2026-06-17,999.3470698278536,1010.0366031618331,996.314237624954,1001.8330078125,4353419,0.001740011806765196,0.001738499739976634,4361398851.038086
2026-06-18,1004.3189241791434,1011.5778507996932,992.6350159028019,997.0599975585938,3364449,-0.004764277296401054,-0.004775662641835125,3354557511.726013
2026-06-19,996.0159325698797,1002.0318903263577,986.7184881354638,996.2645263671875,2611538,-0.0007978167746716114,-0.0007981351998491487,2601782668.659912
2026-06-22,998.3029818582669,1000.092845057809,978.2662975488023,987.265380859375,4287218,-0.009032887621350238,-0.009073931500858966,4232621911.597168
2026-06-23,978.9623770648636,1002.0318936703783,978.9623770648636,987.7625732421875,2904186,0.0005036056084328777,0.0005034788416869657,2868646236.5339355
2026-06-24,987.7625628496,1023.5600694047399,975.0345726572525,1013.268310546875,7885319,0.025821728819880985,0.025493978064813894,7989943861.253174
2026-06-25,1024.2064140504604,1046.0826675544508,1020.2289134133712,1025.996337890625,8924791,0.0125613593273044,0.012483119967087055,9156802882.439209
2026-06-26,1025.996337890625,1025.996337890625,1025.996337890625,1025.996337890625,0,0.0,0.0,0.0
2026-06-29,1031.1172931732924,1049.463588053613,1023.9578404389212,1026.841552734375,11369236,0.0008237990843980025,0.0008234599481729022,11674403947.643555
2026-06-30,1026.8415220208112,1042.105156283145,1024.4549973861738,1036.2880859375,5218792,0.009199601611338926,0.009157543027790096,5408171972.5859375
2026-07-01,1044.0939269406658,1052.6455291131567,1032.1614249184868,1042.20458984375,4722961,0.005709323484981876,0.005693087067646181,4922291631.853027
2026-07-02,1046.0826846452317,1064.975812980079,1042.3040104247868,1060.699951171875,5736423,0.017746382532145555,0.01759075401698321,6084623596.001221
2026-07-03,1081.5,1081.5,1060.0999755859375,1063.5999755859375,3603167,0.002734066698936388,0.002730335937133271,3832328333.2320557
2026-07-06,1065.9000244140625,1076.0,1057.800048828125,1062.300048828125,4018215,-0.0012221951745499116,-0.0012229426641864815,4268549990.7019043
2026-07-07,1070.0,1087.300048828125,1058.699951171875,1066.800048828125,8356697,0.004236091304866463,0.004227144328002866,8914924767.641846
2026-07-08,1058.0,1058.0,1005.0,1014.4000244140625,6535773,-0.04911888077960225,-0.05036623032805222,6629888290.7647705
2026-07-09,1019.4000244140625,1039.800048828125,1015.0,1031.699951171875,3984489,0.01705434379085835,0.016910551028044594,4110797106.744873
2026-07-10,1049.0,1052.0,1039.0,1044.0999755859375,2773485,0.012019022003420421,0.011947367134690433,2895795620.787964
2026-07-13,1019.9000244140625,1053.0999755859375,1017.0,1048.0999755859375,3212203,0.00383105075522594,0.003823730969306012,3366709885.877075
2026-07-14,1040.0,1042.300048828125,1007.0,1013.9000244140625,6517181,-0.03263042836419838,-0.033174672844599684,6607769975.010864
2026-07-15,1028.0,1049.0,1025.199951171875,1033.800048828125,7089054,0.01962720577461541,0.019437075955738247,7328664371.345215
2026-07-16,1035.800048828125,1040.0,1020.0999755859375,1024.4000244140625,2703222,-0.00909269101381649,-0.009134281835713399,2769180682.796631
2026-07-17,1025.4000244140625,1038.9000244140625,1022.0,1034.9000244140625,3328041,0.010249902137600797,0.010197728106954351,3444189712.151001
2026-07-20,1040.0,1040.0,1018.0,1035.4000244140625,3238784,0.0004831384560872731,0.0004830217822816202,3353437032.671875
2026-07-21,1036.0,1067.4000244140625,1031.0,1061.5,7633092,0.02520762504396079,0.024895153096156728,8102527158.0
2026-07-22,1058.0,1065.0,1046.800048828125,1058.800048828125,3460386,-0.0025435244200423535,-0.0025467646738894074,3663856865.76416
2026-07-23,1057.800048828125,1079.0,1022.2999877929688,1025.800048828125,6335830,-0.03116735783732183,-0.031663393914210525,6499294723.366699
2026-07-24,1018.0999755859375,1051.0,992.9000244140625,1005.0999755859375,11775846,-0.02017944263683291,-0.020385828814699563,11835902527.10376
2026-07-27,1020.0,1040.0,1002.2000122070312,1038.199951171875,9459410,0.032932023072273386,0.032401382621095355,9820759000.114746
2026-07-28,1045.0,1049.9000244140625,1036.4000244140625,1040.9000244140625,7160194,0.0026007256493700837,0.0025973496145784486,7453046109.409424
2026-07-29,1050.0,1052.800048828125,1034.0999755859375,1044.699951171875,4160322,0.003650616455650013,0.0036439691283797135,4346288190.259277
2026-07-30,1038.0,1051.0,1019.5,1027.199951171875,5425880,-0.01675122122899464,-0.016893109704037658,5573463671.064453
2026-07-31,1029.199951171875,1054.5999755859375,1029.0999755859375,1046.699951171875,6318223,0.018983645762203905,0.01880570481072069,6613283705.593018
2026-08-03,1058.0,1095.0,1051.5999755859375,1090.199951171875,7047761,0.041559187951903276,0.04071880963070466,7683468698.071045
2026-08-04,1080.0,1091.699951171875,1075.0999755859375,1087.300048828125,3516949,-0.002659972916557951,-0.00266351693056561,3823978819.4260254
2026-08-05,1097.699951171875,1122.4000244140625,1092.699951171875,1122.4000244140625,6684889,0.03228177504798957,0.03177166762852349,7503119576.805298
2026-08-06,1130.0,1153.699951171875,1120.0,1141.0,12605459,0.01657161010455921,0.01643579932216537,14382828719.0
2026-08-07,1134.0,1134.0,1109.0,1115.0,3239689,-0.022787028921998242,-0.0230506659678565,3612253235.0
2026-08-10,1115.0,1139.199951171875,1106.0999755859375,1137.800048828125,3535895,0.020448474285313933,0.020242211336833058,4023141503.651123
2026-08-11,1135.800048828125,1135.800048828125,1121.199951171875,1129.9000244140625,3789090,-0.006943244924447978,-0.006967461408574671,4281292883.50708
2026-08-12,1135.5,1135.5,1117.0,1117.199951171875,3582194,-0.01123999731637626,-0.011303643457261503,4002026961.8881836
2026-08-13,1135.0,1149.0,1124.300048828125,1132.300048828125,3757182,0.013516020691203057,0.013425494077734659,4254257362.0561523
2026-08-14,1130.0,1134.9000244140625,1118.0,1122.0,2463317,-0.009096571919064211,-0.009138198360308951,2763841674.0
2026-08-17,1116.0,1129.699951171875,1112.199951171875,1122.0,2105094,0.0,0.0,2361915468.0
2026-08-18,1114.0,1124.9000244140625,1098.5999755859375,1108.4000244140625,2672734,-0.012121190361798151,-0.012195251067417874,2962458430.852295
2026-08-19,1108.4000244140625,1113.0,1098.199951171875,1106.0,1912179,-0.002165305269937412,-0.002167652932943689,2114869974.0
2026-08-20,1118.9000244140625,1135.4000244140625,1115.5,1128.199951171875,3313774,0.020072288582165365,0.019873495943923427,3738599664.994629
2026-08-21,1140.0,1140.0,1127.300048828125,1130.0,2514574,0.0015955051462777092,0.0015942336801826119,2841468620.0
2026-08-24,1120.5,1137.300048828125,1112.0,1119.0,3112438,-0.009734513274336276,-0.009782203394461012,3482818122.0
2026-08-25,1117.9000244140625,1138.5,1112.0,1138.5,2440583,0.01742627345844494,0.01727617719186898,2778603745.5
2026-08-26,1141.4000244140625,1142.0,1105.0,1117.5,3752627,-0.01844532279314892,-0.018617559016070453,4193560672.5
2026-08-27,1112.0,1127.5,1091.5,1101.0,4358707,-0.014765100671140896,-0.01487518976504389,4798936407.0
2026-08-28,1105.0,1106.699951171875,1083.199951171875,1086.9000244140625,2207426,-0.012806517335093082,-0.012889227691433431,2399251373.2922363
2026-08-31,1080.0,1109.9000244140625,1060.0999755859375,1109.9000244140625,5859843,0.02116109990189674,0.02094031312331962,6503839888.762573
2026-09-01,1099.0,1099.0,1050.5999755859375,1059.0999755859375,5673585,-0.045769932165686145,-0.04685047535664955,6008893734.984741
2026-09-02,1048.0,1048.0,1026.0999755859375,1047.0,6535021,-0.011424771848609794,-0.011490535927379818,6842166987.0
2026-09-03,1056.0,1068.9000244140625,1038.5999755859375,1044.199951171875,6236042,-0.0026743541815902327,-0.002677936655362507,6511674751.905762
2026-09-04,1044.199951171875,1052.800048828125,1037.0,1041.0,4135730,-0.003064500403666792,-0.0030692056002054923,4305294930.0
2026-09-07,1045.0,1046.0999755859375,1029.300048828125,1037.0,1812019,-0.003842459173871271,-0.003849860385441548,1879063703.0
2026-09-08,1030.0,1031.9000244140625,1017.2000122070312,1029.0,2574351,-0.0077145612343297865,-0.007744472395477711,2649007179.0
2026-09-09,1018.2000122070312,1034.800048828125,1013.0,1029.0,3641454,0.0,0.0,3747056166.0
2026-09-10,1030.0,1039.0,1020.9000244140625,1038.0,2757241,0.008746355685131268,0.008708327891784414,2862016158.0
2026-09-11,1021.0,1034.5,1013.2000122070312,1028.5999755859375,3171217,-0.00905590020622593,-0.009097154120253203,3261913728.77771
