Date,open,high,low,close,volume,returns,log_returns,dollar_vol
2018-01-02,291.75503634868744,292.3584340703484,285.48921843000886,288.83099365234375,2014415,-0.00559308408895598,-0.0056087839515703885,581825486.078186
2018-01-03,289.5272129729231,292.54408844767636,287.90274156344054,288.87744140625,2073353,0.00016081291456604418,0.00016079998555538125,598944909.7719727
2018-01-04,289.62004447307845,291.0124485330452,285.2107649498505,289.85211181640625,2703849,0.003373992809585946,0.0033683136665197183,783716342.6826782
2018-01-05,289.8985552834969,293.1939290256814,288.0884467445991,290.501953125,1896601,0.002241975414708497,0.0022394659379186676,550966294.7988281
2018-01-08,292.0799836195098,296.3036267130807,289.8057404108512,294.8183898925781,2171903,0.014858546461203437,0.01474923968940215,640316945.4628601
2018-01-09,294.8184171061704,296.7213583674909,291.47664103370676,292.6833801269531,2411068,-0.00724177947787763,-0.007268128448905333,705679531.9559326
2018-01-10,292.4048642939388,296.2107745425191,290.1305929069056,291.5694274902344,2517494,-0.0038059989475164313,-0.0038132601915575604,734024284.2901001
2018-01-11,291.4766738741273,293.98301329299676,289.4344692862676,290.8268737792969,3481202,-0.002546747501372959,-0.002549995979331697,1012427094.6542358
2018-01-12,292.45129409956184,304.79729542371774,292.40489195606295,302.3837890625,14484043,0.039738127130484635,0.0389688806100556,4379739803.28418
2018-01-15,304.19393275894987,305.16860442264897,298.5778851709314,299.8310546875,4519030,-0.008442034485097283,-0.008477870285457469,1354945531.0644531
2018-01-16,299.83105221505633,303.45129764420557,289.10955068862637,293.7044677734375,4683847,-0.02043346350646691,-0.020645114865785203,1375666790.267212
2018-01-17,291.33733568751006,294.2613784193461,285.4892218953062,291.058837890625,3742677,-0.009007795839365063,-0.009048611322208347,1089339218.2199707
2018-01-18,292.4513125939052,293.101112615204,279.78043880688915,283.5399475097656,3408593,-0.025832888069472926,-0.026172417232585815,966472280.3021545
2018-01-19,284.0504943926735,287.76357275074764,279.36274429702075,286.23193359375,3653286,0.009494203930088707,0.00944941722885271,1045687115.7509766
2018-01-22,285.0251124606667,292.35846349984155,284.60740822116,286.6960144042969,3278437,0.0016213453360014451,0.0016200323746364332,939914821.3755798
2018-01-23,288.41334140304946,288.41334140304946,282.24032664180896,285.1643981933594,4416130,-0.005342300325032134,-0.0053566214393145255,1259323053.7936401
2018-01-24,284.0504358020491,288.41331330427846,281.0799623968886,282.42596435546875,2154759,-0.009603000427962916,-0.009649406567665494,608559888.5286255
2018-01-25,282.1938970059573,288.9238501417901,280.0124582548426,282.42596435546875,3631793,0.0,0.0,1025712640.3644409
2018-01-29,283.3542128820588,284.79301901163603,279.13059876346864,280.15167236328125,1806919,-0.00805270151906079,-0.008085299639839687,506211379.6749878
2018-01-30,279.36269824154135,285.2571865003924,277.970294086814,282.19390869140625,2590100,0.0072897524076771525,0.007263310587714255,730910442.9016113
2018-01-31,281.1727827863115,281.91541526960344,265.5778689081045,269.8014831542969,5397599,-0.04391457489134232,-0.04490801311459821,1456280215.6721497
2018-02-01,269.4302102109158,273.74665752533184,258.61587668986266,267.66650390625,4593306,-0.00791314867170656,-0.007944623787463063,1229474158.3916016
2018-02-02,263.62850098570055,264.55677035536854,241.58210345608651,255.1348419189453,6697007,-0.04681819280493127,-0.04794961997088161,1708639822.2750702
2018-02-05,246.08423567124626,257.03780379688743,236.84794335697617,253.51039123535156,6833906,-0.006367028005174746,-0.006387383978687791,1732466183.7256165
2018-02-06,240.42183163589087,250.91126701291307,235.08428131965005,247.56951904296875,7044561,-0.02343443266145051,-0.023713385667574152,1744018578.638855
2018-02-07,250.63275800371568,263.9998327648733,250.63275800371568,260.0546875,8055761,0.050430959777662654,0.049200517846332406,2094938409.4296875
2018-02-08,261.7720279884646,265.94924120104645,256.2952429976764,260.3332214355469,5863983,0.001071059084627679,0.0010704859100789939,1526589584.8332825
2018-02-09,251.65386393209394,259.72979148280507,251.65386393209394,258.2909851074219,3121544,-0.00784470117514613,-0.007875632715398298,806266674.8161621
2018-02-12,262.1432888218507,268.82684023935,259.63697828669024,264.6496276855469,4583181,0.02461813591937978,0.02431999285370307,1212937145.2654724
2018-02-14,267.2952338721449,268.2699055887159,260.750916409968,261.7256164550781,2455660,-0.011048612673443925,-0.011110101927899362,642709127.3040771
2018-02-15,263.9534142403757,264.7888510494963,256.2023589471025,259.0335693359375,1807307,-0.01028576092628164,-0.01033902492046495,468153183.0958252
2018-02-16,260.1475172882187,262.4681909482385,254.53149836238515,255.83106994628906,1925414,-0.012363260089641726,-0.012440320997756247,492580723.7095642
2018-02-19,257.1306083379099,257.17701047370605,244.13483751938742,248.7297821044922,2620461,-0.027757722481822733,-0.028150248875045965,651786693.5433197
2018-02-20,249.4260336528432,254.53151605986906,242.88171647944185,243.9956512451172,5120799,-0.019033228828971405,-0.019216692395116766,1249452686.9003448
2018-02-21,245.9914171889053,249.565260425093,243.39227392360712,247.47665405273438,3638163,0.01426665922057846,0.014165848131547745,900360406.1384583
2018-02-22,246.87328150331305,250.53992898138944,242.3711688237546,243.34584045410156,5466484,-0.016691730435924645,-0.016832607220127,1330246143.308899
2018-02-23,245.24879567890716,252.39645332022562,244.1348610272169,251.2825469970703,3895920,0.03261492585268044,0.03209434799063193,978976700.4968262
2018-02-26,253.9280702270656,255.08840691852274,252.0715315207342,253.8816680908203,3672359,0.010343420682457083,0.010290293536986102,932344628.7483368
2018-02-27,255.27410888671875,259.6369868063791,253.51040252739057,255.27410888671875,4778178,0.005484605510786,0.005469619830706738,1219745131.052124
2018-02-28,253.41757695082097,257.1306550013824,252.4893074381806,255.73825073242188,2808234,0.0018182096403247527,0.0018165586980465262,718172850.807312
2018-03-01,255.27407665868893,257.4555153431152,254.43863989169435,255.1348419189453,2322191,-0.0023594781451286018,-0.0023622660999629663,592471833.6905975
2018-03-05,255.0884524259571,257.0842545541378,251.14330697119425,255.8774871826172,4680138,0.002910795162613722,0.0029065670012616393,1197541951.1078796
2018-03-06,256.85222732062437,262.7931475036002,251.97881158537558,254.48512268066406,6601857,-0.005441527964355153,-0.005456387006090499,1680074388.5652008
2018-03-07,252.4893049448351,254.76357655976042,246.13065318033316,249.61166381835938,4847214,-0.019150270204282505,-0.019336011786499484,1209921151.423645
2018-03-08,251.09690347035325,254.5315120026566,245.99142114470837,253.78887939453125,2246589,0.016734857307035167,0.016596372462951703,570159304.7700806
2018-03-09,256.10955890811016,256.10955890811016,247.47666356849783,249.10113525390625,1614381,-0.01847103841511355,-0.018643758227818687,402144139.8323364
2018-03-12,250.63276025951163,256.80574665204784,250.3542907461934,256.248779296875,2583575,0.028693743349195167,0.02828978704166398,662037939.9719238
2018-03-13,258.1053047931653,261.1221804536756,253.60322070107793,258.24456787109375,3095190,0.007788480318599023,0.007758306675712647,799316004.0289307
2018-03-14,255.50619523272695,261.0758125675003,255.50619523272695,258.5230712890625,2056369,0.0010784483107026954,0.0010778672030820951,531618829.58361816
2018-03-15,258.05895240665916,263.99987226398207,257.36275019692897,259.544189453125,2877987,0.003949814455518119,0.003942034418142027,746964803.1716309
2018-03-16,260.658069245076,262.4218039915788,251.60744144728113,252.86061096191406,2762357,-0.0257512160271961,-0.02608858293160687,698491278.71492
2018-03-19,253.0462458146832,253.41754791148404,239.81840677534748,241.90701293945312,3665423,-0.04331872006791426,-0.04428498382291096,886691529.0895691
2018-03-20,241.07161048752062,244.73825816758915,236.8015649445774,243.25302124023438,2855717,0.005564155765579892,0.0055487330340931095,694661788.0570984
2018-03-21,246.2698846502599,247.19815414133294,243.3458414190872,244.32054138183594,1477158,0.004388517503950196,0.004378916041550393,360900042.26651
2018-03-22,245.6664983456715,245.6664983456715,239.1222102125843,240.2825469970703,1681596,-0.01652744530577499,-0.01666554729305689,404058169.90008545
2018-03-23,233.04205829296208,240.32896529076376,232.06737249562678,239.40069580078125,2297852,-0.0036700593002280124,-0.003676810491103986,550107367.6472168
2018-03-26,239.53991686440594,244.59899662700468,235.50195331238783,243.3922576904297,2440719,0.016673142391240292,0.016535671496079356,594052107.7979279
2018-03-27,245.06313714702046,246.68760870007836,242.04626140562723,244.87747192382812,3071911,0.006102142473601191,0.006083599797350925,752241799.6549988
2018-03-28,242.51040148159157,245.06314254981885,239.02939093400892,240.18972778320312,2283408,-0.01914322335899965,-0.01932882738326713,548451145.9379883
2018-04-02,240.74665239613276,258.4301715070361,240.74665239613276,257.0841979980469,6610831,0.07033802140819612,0.06797450644356108,1699540185.7356262
2018-04-03,256.2023746408243,257.64118099308115,252.21082723689258,255.08843994140625,2613360,-0.007763052230288281,-0.007793341580624875,666637925.4052734
2018-04-04,256.85217175574473,259.03358233106997,250.21502243215002,250.8648223876953,3283985,-0.016557463578832143,-0.016696070494790487,823836313.7488556
2018-04-05,254.8564090975202,257.1306809645433,252.0251981295072,253.4176025390625,2658707,0.010175919154667312,0.01012449306690796,673763153.7938232
2018-04-06,255.08844237083636,255.87747709639416,251.56102966997818,253.13909912109375,1852060,-0.0010989900274421815,-0.0010995943597931154,468828799.9182129
2018-04-09,255.2741171817927,261.44710380429945,253.4175781477433,257.8732604980469,4623765,0.01870181806520721,0.01852908930376766,1192345356.3267517
2018-04-10,260.10112877324656,260.5652635295668,254.43867908043285,255.73825073242188,2190930,-0.008279298759016451,-0.008313762508599012,560304605.677185
2018-04-11,256.29521034409595,256.52727771522814,252.0251650495564,254.20660400390625,1996390,-0.0059891186560049325,-0.006007125359329291,507495522.1673584
2018-04-12,254.2530061467181,257.8732514706729,252.1643998065284,254.20660400390625,2149205,0.0,0.0,546342104.3582153
2018-04-13,254.34584646346133,257.455554996514,252.2572400600205,255.73825073242188,2196800,0.006025204319601851,0.00600712535932944,561805789.2089844
2018-04-16,254.34585883603674,260.1011414257859,252.99985664581737,259.590576171875,3030999,0.015063548094273127,0.014951219493766531,786818776.786377
2018-04-17,261.77197379583475,264.7888493803612,257.59476144802886,260.79730224609375,5799262,0.004648574274205508,0.004637803020563421,1512431884.6182861
2018-04-18,262.050472389912,266.8310830483665,259.2192617045007,263.72137451171875,4719061,0.011212049512942412,0.01114966039260749,1244517253.324646
2018-04-19,265.485080615666,267.9449891584603,263.2572394510322,265.6707458496094,2434183,0.007391783625805504,0.007364598276503482,646691213.1444397
2018-04-20,265.4386171779538,268.08416201526074,263.3035807947642,265.76348876953125,2523492,0.00034908969606450846,0.0003490287784332918,670652037.802002
2018-04-23,267.0631432354651,267.1559475215075,262.37536532031925,263.2572326660156,1687369,-0.0094304003725999,-0.009475148146680977,444212093.4264221
2018-04-24,262.70024279339475,267.34158983921446,261.58630817098435,262.8394775390625,2131466,-0.0015868704640039644,-0.0015881308765228056,560233409.8322754
2018-04-25,262.74665429336915,270.3584750511151,261.8183848511336,268.3627014160156,4804882,0.021013676973742568,0.02079593475758953,1289451113.505188
2018-04-26,271.51881169669974,272.58631588894553,268.0378012903318,270.31207275390625,4942803,0.007263942893720898,0.007237687528852272,1336099324.144226
2018-04-27,272.4007221005267,273.2825612125549,270.1728524251005,271.1475524902344,1858644,0.0030907969733513507,0.0030860302797818483,503966771.5506592
2018-04-30,272.8183352507834,277.0883795970469,271.1010314200705,276.2065124511719,3046154,0.01865759035800152,0.018485672607597325,841367572.729187
2018-05-02,276.0672703378768,278.48077606279355,268.6411163095356,271.7508239746094,1857277,-0.016131728528125056,-0.016263261346744478,504716555.0990906
2018-05-03,271.7509205843491,271.7509205843491,262.79312476879664,266.0884704589844,2561225,-0.020836564293744475,-0.021056708907526055,681512442.7513123
2018-05-04,266.4597731527597,270.59058413912965,262.0504926221907,267.1559753417969,1399442,0.004011841929757898,0.004003815950734805,373869292.4442749
2018-05-07,268.08421543803956,274.30363230738817,266.41334169956144,273.0968933105469,1848551,0.02223763837267434,0.02199398762180449,504833535.22610474
2018-05-08,274.76779526571994,274.95346051285577,266.6454364529664,268.9197082519531,1720983,-0.01529561544240543,-0.015413800054639347,462806246.26657104
2018-05-09,268.8268464191319,273.2361264383956,267.8985769413922,271.0546875,1820409,0.007939095508933791,0.007907746701657854,493430392.6171875
2018-05-10,271.9365659979458,271.98296814232305,263.1180055974268,264.78887939453125,1446384,-0.023116398256232906,-0.023387772477263244,382986398.5341797
2018-05-11,263.99986109719976,269.66231116253397,263.99986109719976,266.87750244140625,1974327,0.007887880532033265,0.007856933831783345,526903458.7626343
2018-05-14,259.9154595089925,261.1686289973326,233.7846787990637,237.54415893554688,16822847,-0.10991313706669448,-0.11643622221693781,3996169041.516388
2018-05-15,238.0547511742439,240.8859621338032,223.48090706633187,225.24461364746094,9298329,-0.051777931914643194,-0.05316655512395012,2094398523.1719818
2018-05-16,222.78466880960562,227.98298341420355,220.2319278128289,223.80577087402344,6328483,-0.006387912013245733,-0.006408402028743429,1416351016.2781525
2018-05-17,226.03361104329426,231.41757668539262,225.10534159342447,229.74668884277344,7108750,0.026544972212061646,0.026198767732035617,1633211774.3110657
2018-05-18,230.48931300026442,231.0926824920635,225.89438194133922,227.1475372314453,3297714,-0.011313118915532439,-0.011377599020659667,749067613.5936584
2018-05-21,226.5905833902061,230.53572863940363,223.29522393743454,226.0800323486328,3180360,-0.004699610199712656,-0.004710688089195832,719015891.6802979
2018-05-22,226.49777054361545,233.0884900243218,226.49777054361545,229.42181396484375,3175432,0.014781409846304605,0.014673229543172763,728513369.5620117
2018-05-23,228.81841196132953,234.24879373240674,227.93655884544762,232.2530059814453,4295785,0.012340552834419594,0.012265028915432827,997708979.300003
2018-05-24,232.99563994342077,237.1728526117291,229.5610456934431,236.2445831298828,2921253,0.01718633148178239,0.017040317080521707,690130197.2019196
2018-05-25,234.10957762709108,240.79311555280822,234.10957762709108,239.35430908203125,2071496,0.013163162985365684,0.013077281383545287,495821493.8461914
2018-05-28,236.43027442810157,243.3923108909869,236.38385811325668,241.95347595214844,2649349,0.010859076989612193,0.010800540599253937,641019199.5603485
2018-05-29,238.9365710679279,243.85641656811305,238.5652689220836,239.02940368652344,2235734,-0.012085266616311374,-0.012158887201752242,534406164.8216858
2018-05-30,235.78043831318672,246.91967161932155,235.03781992659088,245.5272674560547,4154146,0.027184370078807918,0.026821437793020268,1019956115.9934998
2018-05-31,247.8479478176645,252.48929515507396,241.999861503943,249.89015197753906,3469905,0.017769450076518423,0.01761341907711619,867095087.7976227
2018-06-01,250.35430853680512,250.35430853680512,240.0040804092354,244.36695861816406,2622839,-0.02210248509461643,-0.022350404923519095,640935189.3751068
2018-06-04,245.99142375351983,246.36272589725155,235.31632423214066,236.9407958984375,1819147,-0.030389389636470088,-0.03086072069526819,431030138.0362549
2018-06-05,237.17284690531508,245.71293726423977,236.52306111651026,244.83106994628906,4208120,0.03330061426498143,0.03275815870715395,1030278522.0623779
2018-06-06,243.90276828310112,247.56944349545876,241.67492754013222,246.6875762939453,2052017,0.007582805352537747,0.007554200396896822,506207100.2439728
2018-06-07,247.75510016721793,250.3542715155269,244.41332462141168,247.94076538085938,1527128,0.005080065667436795,0.005067205668548694,378637285.154541
2018-06-08,244.78463829219154,250.02935444039633,244.64537522722645,247.801513671875,1104173,-0.0005616329721757074,-0.0005617907470505718,273615740.75561523
2018-06-11,246.54837427729746,251.79309106134738,243.856398508616,244.78466796875,3538690,-0.012174444209084756,-0.012249159788005162,866217056.6943359
2018-06-12,243.90280976966184,249.1475267498102,243.90280976966184,248.40492248535156,1206633,0.014789547673238035,0.014681248801532095,299733576.8332672
2018-06-13,247.84796813041237,251.09691153287096,246.3163290492467,250.261474609375,1232644,0.0074738942588101764,0.007446103097347257,308483305.10839844
2018-06-14,250.44710436184926,258.7551278706353,248.96189579743975,257.8732604980469,3646744,0.03041533220625703,0.029961956115805016,940397765.4816895
2018-06-15,259.12641092071755,260.8437150663991,251.97875316335026,252.62852478027344,3133233,-0.020338424029090696,-0.020548097599805682,791544030.5828705
2018-06-18,252.07155811217285,256.991403200073,249.8437170952631,255.5989990234375,1541522,0.01175826936308022,0.011689678066930368,394011480.1726074
2018-06-19,254.94921740448558,254.94921740448558,246.96609388549695,247.8943634033203,6224725,-0.030143449894382,-0.03060710491004721,1543074241.235733
2018-06-20,247.0692208219123,248.05298894429538,240.79175886188446,244.39895629882812,3367252,-0.014100389603474817,-0.014200744576668124,822952874.3951416
2018-06-21,241.7755443562171,245.8043733310445,239.38637669137938,241.91610717773438,3020580,-0.01015900050758789,-0.010210955325439326,730726955.0189209
2018-06-22,241.6349845934528,246.92864965913745,240.27644907005754,245.5701141357422,2459832,0.015104438479258464,0.01499150225387436,604061224.994751
2018-06-25,243.69627199962645,250.11426858336003,243.69627199962645,247.8187713623047,2103452,0.009156884723030778,0.009115214639714205,521274890.2595825
2018-06-26,248.09981764841658,252.6908116803052,246.69441831447256,250.489013671875,2208389,0.010774980018226632,0.01071734357243046,553177182.4138184
2018-06-27,248.3809445098157,251.47281197876015,244.7269115211742,248.8494110107422,2234204,-0.0065456070791215515,-0.006567123508595325,555980349.4778442
2018-06-28,246.4133386379229,251.33223608221604,244.9611041629668,247.30343627929688,4511203,-0.006212491020838984,-0.006231868841225301,1115636003.653473
2018-06-29,246.13228640105183,253.1124194108134,246.13228640105183,252.36288452148438,2077927,0.020458463166979746,0.020252000006255055,524391651.54507446
2018-07-02,253.90884182305504,255.87640683252,246.64761110671307,247.77194213867188,3661633,-0.018191828768788887,-0.018359334688386676,907249919.8090515
2018-07-03,247.81871608313293,266.55737136352104,246.13224854506552,263.2781066894531,6676660,0.0625824070996015,0.060702178431997135,1757818403.809204
2018-07-04,263.2781871611343,263.2781871611343,257.9845211449853,259.8115234375,3598212,-0.013167001599726946,-0.013254455080324853,934856941.3710938
2018-07-05,259.9521090411062,264.589910891077,252.9719457670291,254.1431121826172,2338411,-0.02181739739594879,-0.02205891614641401,594291049.102066
2018-07-06,252.78449909775534,256.0169292204162,248.94309686759834,249.50523376464844,2022333,-0.01824908170100692,-0.018417650154969305,504582667.91496277
2018-07-09,251.33227710914437,258.7809058921403,250.16111085980074,257.89080810546875,2267486,0.033608811383612824,0.03305637895530905,584763796.9078369
2018-07-10,258.4997999574735,260.2799668767446,255.3610687984579,257.4223327636719,1284523,-0.001816564712943447,-0.0018182166675129985,330664907.1485901
2018-07-11,257.4691493610657,258.0781786201161,250.58271542366091,252.78448486328125,1407688,-0.018016493948287082,-0.018180767050081686,355841685.92822266
2018-07-12,253.34664315920418,255.2673727047484,247.67821071430714,248.474609375,2250217,-0.017049604490608883,-0.017196622458806297,559121790.0839844
2018-07-13,248.28722652495068,248.9899262226628,241.307064757174,242.57192993164062,3357333,-0.02375566444477628,-0.024042380093244765,814394745.2331848
2018-07-16,241.63498109455995,241.63498109455995,226.83145320777498,227.90892028808594,3454849,-0.06044808914076283,-0.062352207946439024,787390905.3483734
2018-07-17,226.31614030017596,235.96655183527488,225.1449741987431,232.26565551757812,3158004,0.0191161242130633,0.01893570673996637,733495869.1871338
2018-07-18,232.7341252618667,233.85845617237132,218.02428167835265,223.59902954101562,3343525,-0.037313420088949,-0.03802738234830264,747608945.2461243
2018-07-19,224.58282731804854,227.95579168760733,214.18288005542334,218.39907836914062,4223216,-0.023255696514197788,-0.023530377174737178,922346482.1538086
2018-07-20,216.6657228515389,225.7539686913167,216.6657228515389,223.55218505859375,3003282,0.023594910417814585,0.023320853053751908,671390253.4471436
2018-07-23,223.833281627238,228.84587875352565,220.41348199290445,227.95579528808594,2351769,0.019698354674269947,0.01950685284772968,536099372.7288666
2018-07-24,228.6116376794077,233.4836861149223,226.64407278407384,230.76658630371094,2278457,0.012330421396274494,0.012255020930654921,525791743.9297943
2018-07-25,232.82783963237716,232.82783963237716,220.92879394707734,221.95941162109375,2310430,-0.03816486096919636,-0.03891221615133929,512821683.39172363
2018-07-26,221.0224637060832,227.6278434600084,219.7107633746697,224.02066040039062,3996921,0.009286602285717205,0.00924374691094192,895392881.9881897
2018-07-27,225.8008187907153,228.5647678626788,224.06748728473337,226.97198486328125,1581985,0.013174340516699301,0.013088313633912675,359066275.473938
2018-07-30,228.33055505231735,231.4224366194814,225.70713995604297,226.92515563964844,1867720,-0.00020632160247013864,-0.00020634288970002216,423832651.6912842
2018-07-31,228.04947008730363,233.90530091633732,226.26930323386216,231.3287353515625,4422342,0.019405427747758663,0.01921954336299285,1023014782.1520996
2018-08-01,233.01521608183504,238.87104687549024,219.57023715747985,220.78823852539062,13272609,-0.04556501296802973,-0.04663575020314888,2930435961.7462463
2018-08-02,217.836896180157,223.03687656116915,215.8693313993001,220.60084533691406,5700851,-0.0008487462453984351,-0.0008491066344266267,1257612549.7397919
2018-08-03,221.1161529096525,223.92695146358875,217.36842150440415,219.85128784179688,3357940,-0.0033977997408506377,-0.003403585371717733,738247433.4954834
2018-08-06,220.31978263086125,225.28553024138517,219.3828496589308,224.39544677734375,2560616,0.020669239558045227,0.020458529359154723,574590571.3452148
2018-08-07,225.80084654166876,226.31616253622235,220.46033145371018,222.6152801513672,1962634,-0.00793316732376892,-0.007964802317205413,436912317.7445984
2018-08-08,222.28734098676554,225.3323730550774,220.22609136904688,221.44410705566406,1807313,-0.005260973527543955,-0.005274861178563542,400218813.4550934
2018-08-09,221.72516776895782,224.72336452267115,220.4603169164178,222.3341827392578,1127248,0.0040194146298506706,0.0040113583633024094,250625762.8244629
2018-08-10,222.33419254246957,222.9431932431601,216.52521109482691,218.82069396972656,2035594,-0.015802737690819635,-0.01592893219487137,445430091.7206116
2018-08-13,218.30538044216854,221.5377963061614,217.6026807197152,219.75762939453125,1948583,0.004281749627091047,0.004272609019729242,428215980.7584839
2018-08-14,220.17923857904864,223.4585038344813,220.17923857904864,222.56842041015625,1885288,0.012790413799826705,0.012709307315416373,419605572.17822266
2018-08-16,221.16303165266183,226.73777999574398,221.06933263655787,224.25491333007812,2551480,0.007577413349180162,0.007548848958031012,572181926.2634277
2018-08-17,225.61346344715903,229.08011259856048,224.1143649671928,227.67471313476562,2838238,0.015249609267886655,0.015134502721242752,646195022.4581909
2018-08-20,228.61163502145817,231.4224338127056,227.67470209104235,229.68910217285156,1690225,0.008847662572406767,0.008808751353039646,388226262.72010803
2018-08-21,231.32874241054034,231.32874241054034,224.16121097567125,225.3792266845703,3272005,-0.01876395287155541,-0.018942229473552178,737441956.6080475
2018-08-23,225.144975556461,225.42605828179214,218.39906163081935,220.60084533691406,1553953,-0.021201516297435163,-0.021429496554006278,342803345.4138336
2018-08-24,219.71076849735144,222.24048450775143,215.6819541048454,216.43150329589844,1838417,-0.018899936827748598,-0.019080823423586576,397891354.9947357
2018-08-27,217.18104738180548,224.2548935808086,216.4783477122978,222.09994506835938,1990020,0.026190465279498643,0.02585336819382662,441983332.6849365
2018-08-28,222.05311568967042,224.2080643974281,216.71260057667973,218.63331604003906,2374782,-0.01560841911623767,-0.015731513037605487,519206463.53219604
2018-08-29,219.10177917953396,222.70896251025027,218.0242976938947,219.75762939453125,1394661,0.005142461244499019,0.005129283947193907,306487395.16900635
2018-08-30,220.50714927585796,222.33416545177587,217.46211755050788,221.11614990234375,1921327,0.006181903725278826,0.006162874144200786,424836428.9434204
2018-08-31,222.05310781412152,224.62967341112082,218.25852653015738,219.5233917236328,3353833,-0.007203264797322029,-0.007229333571483899,736244795.4346466
2018-09-03,221.1161530368246,228.18999892759146,220.22606968685835,221.77200317382812,5242852,0.010243151914426374,0.010191046348597488,1162717790.3839111
2018-09-04,223.1773993308114,223.1773993308114,208.56125562419734,209.5918731689453,3554859,-0.054921855917655416,-0.05648766275657253,745069556.6614838
2018-09-05,207.99908817755303,210.4351192531716,201.62794207678635,208.3738555908203,3023097,-0.00581137789222963,-0.00582832965604074,629934377.7150421
2018-09-06,209.87297329218396,210.80990620866692,204.4387595172904,207.10902404785156,1738824,-0.006070010747665333,-0.006088508153859574,360126141.63098145
2018-09-07,207.06218947303006,210.34145491717308,205.28202252193753,208.8892059326172,1232507,0.008595385415723467,0.008558655412785141,257457408.5363922
2018-09-10,208.46756617228192,220.3197614068631,206.73423462260206,207.9990997314453,7514106,-0.0042611402403387455,-0.00427024477140683,1562927283.2866516
2018-09-11,208.4675818902475,211.18468173337817,201.30005052361716,202.3775177001953,3508990,-0.02702695366714669,-0.027398898790462495,710140685.8348083
2018-09-12,202.70544257296453,209.59189094391894,199.23877933842417,208.6081085205078,4570939,0.030786971256078877,0.030322560267299285,953534938.9526215
2018-09-14,209.3576689201393,221.7720307508731,209.21713469347074,219.19546508789062,6377909,0.05075237315783432,0.049506453437616164,1398008729.5432434
2018-09-17,218.44588449501177,222.990014457799,215.7287849954127,221.67831420898438,3170894,0.011327100768705245,0.011263429518778331,702918436.4553833
2018-09-18,222.89630887979564,224.16117388676895,218.7738102510368,220.22605895996094,2614794,-0.006551183205292466,-0.006572736390132445,575845777.6121521
2018-09-19,221.06933853978444,222.24050479004444,218.72700603926444,220.08555603027344,1362058,-0.0006379941154603941,-0.0006381977203098114,299769292.2754822
2018-09-21,220.17924133510888,222.05310721881196,213.5738612357632,219.80447387695312,5395319,-0.0012771494794581173,-0.001277965729911135,1185915254.1933289
2018-09-24,218.82068953226096,224.11435488925858,216.19727445852064,218.58645629882812,3423509,-0.005541368456434825,-0.005556778794561161,748332700.4171448
2018-09-25,218.58645433459944,221.81887006763372,217.36843867240137,221.20986938476562,2349368,0.012001718360588054,0.01193026884860303,519703388.41674805
2018-09-26,224.86391179462382,224.86391179462382,217.83691455104182,219.47654724121094,2240909,-0.007835645617329079,-0.007866505599409223,491826970.00175476
2018-09-27,219.75761217371505,221.86571117587854,216.52519656302326,218.5395965576172,5082859,-0.00426902416395325,-0.004278162464633841,1110805955.2192535
2018-09-28,219.28916991545276,221.0693368839289,215.68197217308543,219.00808715820312,3069914,0.002143733254593272,0.002141438737097008,672335992.880188
2018-10-01,219.75761270638586,219.80446221028419,207.10901866274585,216.33779907226562,1534749,-0.012192646036895405,-0.012267586113787952,332024220.7883606
2018-10-03,215.49457448159336,222.52157147555837,211.51260951834652,213.24594116210938,1708590,-0.014291806255842698,-0.014394917730748052,364349882.61016846
2018-10-04,209.40452959467353,213.43334443274514,202.5180661914312,204.43878173828125,1728786,-0.04130047857339014,-0.04217757808924518,353430903.7261963
2018-10-05,203.31445833741486,204.81355683636804,192.9144964550265,196.00637817382812,3519515,-0.0412465946664079,-0.042121374459685966,689847388.0784607
2018-10-08,194.88205094017263,208.23334529544888,193.80458378096324,201.58111572265625,4642146,0.028441612975901087,0.028044659394830883,935768970.0274658
2018-10-09,201.9090296721073,205.32882886444267,196.3811315620817,202.84596252441406,1844462,0.006274629432540868,0.006255025905791544,374141669.7297058
2018-10-10,201.4405730276712,215.16663426190235,201.4405730276712,213.99546813964844,2919278,0.05496538100378734,0.05350795217521212,624712262.2397766
2018-10-11,201.44057333641499,215.21348409593804,201.44057333641499,210.4351348876953,1293881,-0.01663742360015652,-0.01677738004686272,272278022.7636261
2018-10-12,211.9810721420342,217.6963686454428,211.27837245537552,214.65133666992188,1165527,0.02003563608556469,0.01983756402467402,250181928.47488403
2018-10-15,215.21350728848446,222.05312104929544,212.49640730646647,220.08555603027344,1224339,0.025316494388795574,0.025001339942636935,269459329.58454895
2018-10-16,222.14679317800483,222.7089443322059,218.35221212718727,220.60084533691406,1723113,0.0023413136051950723,0.0023385770011626014,380120184.411026
2018-10-17,222.70894063300938,225.61343825241894,214.97924444532958,216.5251922607422,2945914,-0.01847523779860094,-0.01864803664713703,637864595.2336121
2018-10-19,215.77565253146005,218.02428580207732,211.2783716937639,212.87115478515625,1527904,-0.016875807555851052,-0.017019826587199586,325246688.8808594
2018-10-22,214.9792383459041,216.99365253978036,207.9990915125455,209.17025756835938,3529711,-0.017385620989993078,-0.017538525719399328,738310559.0118713
2018-10-23,207.1558704302344,208.18648804495274,201.206340781668,204.53245544433594,1416279,-0.02217237851087761,-0.022421880628351307,289675021.46424866
2018-10-24,206.21891839728391,207.2963854164577,203.36127045089495,205.93783569335938,2171956,0.0068711845558706575,0.006847685549863072,447287917.86120605
2018-10-25,204.1576443757514,210.52879005579354,202.37747783559615,208.0927734375,3288126,0.010464020547197084,0.010409651633579207,684235258.7519531
2018-10-26,208.93603405009904,208.93603405009904,202.14327061125053,203.87660217285156,1254856,-0.020261017213626387,-0.020469086888944527,255835777.49621582
2018-10-29,203.31443030617453,207.48377866744678,203.31443030617453,206.12522888183594,966687,0.01102935150487716,0.010968971768123427,199258579.13209534
2018-10-30,206.96847964623618,214.37025841144742,205.56308024357782,212.96485900878906,2230812,0.03318191646920643,0.032643279636907586,475084563.05511475
2018-10-31,204.43877306716493,206.96848925004213,192.0712606091832,204.11085510253906,9609975,-0.0415749525412763,-0.04246391730185158,1961500214.7640228
2018-11-01,204.25136884126542,206.59370105274783,202.75227050733218,204.0171356201172,2117862,-0.00045915971678622824,-0.000459265162887958,432080138.8786926
2018-11-02,206.12524476107885,209.40451001864145,203.22074695722432,203.92344665527344,1701852,-0.0004592210578733269,-0.0004593265321552343,347047525.5371704
2018-11-05,203.78291258591528,207.3901100905036,203.3612956260644,205.98471069335938,977010,0.01010802863473792,0.010057284177752321,201249122.19451904
2018-11-06,206.82795010804264,207.76488306436445,199.70725392141185,200.31626892089844,1114288,-0.0275187500731513,-0.02790448395627807,223210014.66333008
2018-11-07,201.44056123698863,202.892810002873,201.2531775276882,201.62794494628906,180558,0.006548025442249861,0.006526680252217107,36405538.48361206
2018-11-09,201.4405760844738,202.00274155027097,195.39736166123194,196.28744506835938,3291284,-0.02648690328789649,-0.026844001037876708,646037727.3543701
2018-11-12,197.69282109854896,203.3144179070385,196.94327199812503,201.1594696044922,2554231,0.02482086683861051,0.024517833257461527,513807753.2073517
2018-11-13,200.50365146053218,207.24956584664082,198.4424018281743,206.07839965820312,1773622,0.02445288836455095,0.024158702636596207,365505183.35858154
2018-11-14,206.64054074987044,207.48377458740285,202.84595988805353,203.68919372558594,1316163,-0.011593674720785208,-0.011661405374586615,268088180.28144836
2018-11-15,204.20452990031873,208.46757760501708,203.0333637339984,207.48379516601562,1146455,0.018629370419826152,0.018457969158136876,237870834.38705444
2018-11-16,207.53063907013572,210.10720456649182,204.7666898515188,207.8117218017578,817962,0.0015804927583853434,0.0015792450941488835,169982091.58840942
2018-11-19,207.99911912230272,211.27838451387055,207.53065263779303,210.01351928710938,904579,0.010595155394804712,0.010539420073170325,189973819.2632141
2018-11-20,208.93602204105437,210.66935350302847,201.44055936693582,202.3306427001953,913551,-0.036582771494871325,-0.03726870192211625,184839360.96940613
2018-11-21,201.44059202986764,206.5468739452857,201.44059202986764,205.18832397460938,1168853,0.014123818499644836,0.014025006688306219,239834988.0426941
2018-11-22,205.18831127252085,205.844161462958,201.2531958334361,202.2838134765625,967411,-0.014155340039749498,-0.014256482470384902,195691586.2791748
2018-11-26,203.7360629284194,205.09461281868866,199.5667142459536,203.92344665527344,1452206,0.008105607416289518,0.008072933423453011,296138852.773468
2018-11-27,205.14145222233648,206.07838510692943,200.50363730289357,204.0171356201172,1863491,0.0004594320387401041,0.0004593265321551603,380184096.0738678
2018-11-28,203.6892181148524,207.48379943102353,201.62796847905028,202.3775177001953,977424,-0.008036667679595655,-0.00806913576711624,197808642.8605957
2018-11-29,203.31442333984373,206.73422243780536,200.40992585926182,204.9540557861328,2173966,0.012731345434103147,0.01265098321648135,445563148.841156
2018-11-30,202.6117185549253,206.68738196467194,202.6117185549253,204.8603515625,1044674,-0.00045719623977868995,-0.00045730078584611746,214012282.90820312
2018-12-03,204.71982752985394,205.3756776649366,200.78471242289717,201.20632934570312,1099033,-0.017836649156008577,-0.01799763940649464,221132395.75979614
2018-12-04,201.2063428564686,203.08020868051022,195.63159488923714,196.28744506835938,1908684,-0.02444696592467699,-0.02475075435336496,374650705.80285645
2018-12-05,195.8189627901053,199.09822771721232,192.44599886078245,198.3486785888672,3055629,0.010501097101701884,0.010446343562781917,606079974.4078217
2018-12-06,197.2243811045238,198.3018482518307,193.94511586050558,195.0225830078125,1270790,-0.016768932390767044,-0.01691112276611453,247832748.26049805
2018-12-07,195.39736438532196,196.2874478048583,190.47846652863697,193.52349853515625,1422582,-0.007686722478679298,-0.007716417599892235,275303045.59313965
2018-12-10,190.19738468046808,196.38114773349173,184.6226366094709,185.70010375976562,2514120,-0.04042607143116217,-0.04126591744691928,466872344.86450195
2018-12-11,182.7019395548872,190.94695301973374,182.7019395548872,190.05686950683594,1818568,0.023461299476205566,0.023190313461186766,345631341.0653076
2018-12-12,190.33792126149834,200.40995037809145,190.19738703892142,199.51986694335938,1755046,0.0497903467582006,0.048590474478678106,350166544.3994751
2018-12-13,199.89464483312668,202.09642862421686,196.99014705335102,199.00454711914062,1196911,-0.0025827995583268537,-0.002586140739413417,238190731.49691772
2018-12-14,198.6297704103813,199.894635516013,196.7559046517928,198.95770263671875,860565,-0.00023539403043804086,-0.00023542173996134668,171216035.36956787
2018-12-17,199.37931499265537,199.9414661294406,196.28743370272363,196.80274963378906,1303397,-0.010831211731794355,-0.010890296331447665,256512113.46443176
2018-12-18,196.5685266437566,200.03517553852777,195.77212795464388,196.849609375,1395195,0.0002381051143753865,0.0002380767718515513,274643590.7519531
2018-12-19,197.31808512237757,201.11265213528068,196.33430266491806,196.89645385742188,2459567,0.00023797091886845756,0.00023794260828065267,484280020.32473755
2018-12-20,196.2874481504235,199.66041240524464,195.44421423494916,196.94329833984375,1263237,0.00023791430218333964,0.00023788600506385193,248786061.3649292
2018-12-21,197.6928540977784,205.75048325352398,197.50547036550898,201.8153533935547,5654362,0.024738364264133228,0.02443732563097302,1141137065.2450867
2018-12-24,201.95590308569098,209.87298376577712,201.8153545633275,205.23516845703125,5808490,0.016945267076919013,0.01680329760138601,1192106423.6309814
2018-12-26,206.4999950563988,206.4999950563988,199.0045322333504,204.7666778564453,1598566,-0.002282701371836393,-0.0022853107062566756,327333049.15426636
2018-12-27,207.81172120694404,210.7162046348278,201.6279583148044,206.17208862304688,9509683,0.00686347398567877,0.00684002756954355,1960631206.2530823
2018-12-28,207.76490041808944,209.21714948098096,205.7036506013064,206.87481689453125,2263147,0.0034084549280053444,0.0034026593111725683,468188121.2304077
2018-12-31,207.99909573937597,209.54502924588155,205.04776293733408,205.5630645751953,965858,-0.0063408023220375975,-0.006360990594223352,198544730.424469
2019-01-01,206.07838204285028,207.10901391916306,204.29821530717658,205.28199768066406,716275,-0.0013673025118208226,-0.0013682381228396813,147038362.88871765
2019-01-02,205.1883103031806,206.45317546883973,200.12887823346773,201.06581115722656,1081778,-0.02053851078552038,-0.020752359149966575,217508571.06204224
2019-01-03,201.3937149182756,201.76849663925992,196.66220112724713,196.80274963378906,2096553,-0.021202319274975734,-0.02143031692498489,412607395.15296936
2019-01-04,197.31808631996105,201.34688659497502,196.75592082758303,200.31626892089844,1213181,0.017852998973070022,0.017695505906761364,243019891.4457245
2019-01-07,201.0658045994363,203.2675883205809,200.50363914493138,201.3937225341797,871903,0.005378762389522729,0.005364348509889415,175595790.85871887
2019-01-08,201.0658140443591,202.5180486598686,199.28563288577837,201.58111572265625,590293,0.0009304817752935346,0.0009300491454750998,118991921.54327393
2019-01-09,202.37750644981674,203.03335662068588,197.36490971499825,199.1919403076172,908322,-0.011852178744392816,-0.011922975770251905,180930421.60409546
2019-01-10,198.67662973197656,201.62796272902,198.67662973197656,200.64418029785156,715378,0.007290656378925897,0.007264208016523552,143536432.41311646
2019-01-11,200.5036211361382,201.67478714744743,197.97390541100233,198.5360565185547,698106,-0.010506777600862494,-0.010562363483805931,138599212.27194214
2019-01-14,198.39553895543835,200.73787117451081,196.42797417283296,200.03517150878906,1036107,0.007550845002777917,0.007522480069307757,207257841.4464569
2019-01-15,199.66039717807715,201.67479709833802,199.19193075043873,200.7847137451172,649313,0.003747052234237769,0.0037400495215833985,130372124.83598328
2019-01-16,200.8784179022042,205.37569890226058,200.3631162190781,202.79913330078125,1088457,0.01003273365830637,0.009982739890669128,220738136.23516846
2019-01-17,202.84597316943137,204.95407219775112,201.48742332158432,204.39190673828125,1267904,0.007853945978840482,0.007823264288640783,259149316.12109375
2019-01-18,204.62615554405946,204.71985455992592,200.22257343112474,202.61175537109375,771653,-0.00870950027129469,-0.008747649638250065,156345968.8673706
2019-01-21,202.56487962846023,203.2675792670625,196.75589880864013,197.224365234375,1005521,-0.0265897214445997,-0.026949622202124806,198313240.95483398
2019-01-22,196.47483261413223,199.1450971839295,196.00636614900722,198.72348022460938,682384,0.007601063836371713,0.007572321307959706,135605723.32958984
2019-01-23,198.1613186520505,201.25320024208418,196.75591922898633,197.31808471679688,937183,-0.007072116018821961,-0.007097241963791929,184923154.58914185
2019-01-24,198.72349365621582,199.2387953655127,196.24061264535965,197.50547790527344,1059068,0.0009497010309293952,0.0009492503502240371,209171731.47418213
2019-01-25,197.69285624113206,198.6766387167904,193.0550409089857,193.99197387695312,1723705,-0.017789400403392608,-0.017949533746557046,334384935.3315735
2019-01-28,193.94509329847108,197.03697445672427,188.65142859610657,196.05319213867188,1629992,0.010625275987068195,0.010569224434731343,319565134.76049805
2019-01-29,196.7559241865021,197.13069165684374,189.44784414313952,191.93072509765625,1325502,-0.02102728854371183,-0.02125151073562862,254404559.97839355
2019-01-30,190.90006830639828,193.52348314732436,189.1667368142344,191.60276794433594,1407845,-0.0017087266937247936,-0.0017101882323323622,269746998.8365936
2019-01-31,192.82079575178142,193.00817947450318,188.1361312014294,190.94692993164062,2584783,-0.0034229046883386127,-0.003428776228902624,493556378.38949585
2019-02-01,190.94694458985896,194.69467651783867,188.93253010069222,191.22802734375,948332,0.0014721232345029645,0.00147104072335716,181347657.62695312
2019-02-04,190.66584738004653,191.55593078616474,185.512716369775,187.2460479736328,1115503,-0.020823199535281556,-0.02104305984061084,208873528.25273132
2019-02-05,185.98118237195027,187.43343123968856,167.9920733846862,174.22267150878906,8331711,-0.06955221007750001,-0.07208931417581306,1451572948.6591644
2019-02-06,172.39565388871603,177.7830180727384,166.8677554880429,176.56500244140625,3459646,0.013444466855733195,0.013354891975780337,610852404.4364014
2019-02-07,176.42446711292513,180.3127329113484,174.8785192572018,179.04788208007812,1968302,0.01406212785286165,0.013964173363912905,352420304.39398193
2019-02-08,178.01723248947107,179.42263169333532,172.77040307646055,173.98841857910156,1280248,-0.028257600381521142,-0.02866453061460395,222748324.90905762
2019-02-11,174.1758123817096,174.2695113859853,165.88396517589808,168.41368103027344,3460117,-0.03204085418072611,-0.03256539732835988,582731040.7654266
2019-02-12,167.75785369221958,177.08033402637926,167.33623670859217,174.78485107421875,2805228,0.03783047793367844,0.03713245534999114,490311358.2092285
2019-02-14,171.59926869325687,178.39203276361368,171.41188495750507,176.98663330078125,997833,0.012597099880398366,0.012518416516781896,176603103.26641846
2019-02-15,178.9541952695539,178.9541952695539,172.5830482854815,174.41006469726562,1624523,-0.014557984156559733,-0.014664991417715458,283333161.53219604
2019-02-18,174.4100379002613,174.7379701042958,170.05330602643264,171.22447204589844,1026852,-0.018264958830768285,-0.01843382254437209,175822191.5692749
2019-02-19,171.0839385858669,176.8929192083774,170.75600638040683,172.86410522460938,984628,0.00957592778134786,0.009530369197801416,170206838.19909668
2019-02-20,172.86412468606073,177.36140558596605,172.86412468606073,176.7992401123047,993170,0.022764326246806688,0.022509085303752844,175591701.30233765
2019-02-21,176.1433998071782,182.60823163470766,175.72178282650674,178.6262664794922,2511829,0.010333903958110735,0.010280874196025159,448678636.3049164
2019-02-22,178.01724432639116,179.93795955867864,176.19022809917567,177.31454467773438,1243941,-0.007343386992351486,-0.007370482388088832,220568832.02096558
2019-02-25,178.11094918441358,181.0154325830968,176.65870033684126,179.04788208007812,1373833,0.009775494759857617,0.009728023728787736,245981888.98171997
2019-02-26,177.78301983348055,180.1253521106015,173.66052074433233,179.5631866455078,1271388,0.002878026589553384,0.002873893000182475,228294480.7428589
2019-02-27,179.89111638354498,182.70191507703788,178.11094959625072,180.54696655273438,1816786,0.005478739409814137,0.005463785710471084,328015201.1754761
2019-02-28,180.26588633410694,182.70191762097122,179.46950193773867,181.48390197753906,1090108,0.005189427674660019,0.005176008998344337,197837053.41693115
2019-03-01,181.76497598306855,185.37217323533753,181.01542683106265,184.8568572998047,1292085,0.01858542430216792,0.018414825825603748,238850772.46421814
2019-03-05,185.13797499972003,187.29290956126675,184.20104195679932,185.09112548828125,1910560,0.001267295094693921,0.0012664927540620948,353627700.7128906
2019-03-06,185.9811820470304,190.43161335546057,183.73254878872396,185.4658660888672,1716592,0.00202462759679789,0.002022580800546205,318369222.0012207
2019-03-07,186.26226886856344,187.29288651105955,183.77938803251445,184.20101928710938,933729,-0.006819836061648932,-0.006843197417933397,171993833.53793335
2019-03-08,183.63882603677038,185.1379242127973,180.45326028328785,181.01541137695312,1542933,-0.017294192629797145,-0.01744548402482407,279294651.7220764
2019-03-11,179.9379519311056,190.19736350730614,179.9379519311056,189.72889709472656,3592265,0.0481367064356093,0.04701402246377808,681556476.5219879
2019-03-12,191.5559373561894,193.19557000660313,190.33792167087532,191.97755432128906,1991333,0.011851949075737389,0.0117822647833548,382291239.1792755
2019-03-13,192.96135330136894,195.5847686260651,189.49470397423553,190.05686950683594,2690181,-0.010004736341409526,-0.010055120048187628,511287379.2667694
2019-03-14,191.13433735969517,198.44241782391737,190.19740433342216,193.19558715820312,6563662,0.0165146235414253,0.01637974015241079,1268070533.9979858
2019-03-15,194.3198498635837,195.4441806194523,189.58835083455094,190.38473510742188,2025761,-0.01454925597487644,-0.014656134333391975,385673971.37594604
2019-03-18,191.97755149444484,192.07125050595937,186.02803597128374,187.62081909179688,1608207,-0.014517529538623508,-0.014623940004307173,301733114.6091614
2019-03-19,187.90188920735966,192.53970403653884,187.66765599077019,190.47845458984375,1792277,0.015230908338848659,0.015116082520825792,341390153.1569214
2019-03-20,190.99379471765326,191.13432894682316,184.71633228075893,185.60643005371094,2158406,-0.02557782478141013,-0.025910624466709838,400614032.26651
2019-03-22,186.7307475380871,189.1199295189598,182.88931656519657,183.40463256835938,1298095,-0.011862722022692895,-0.011933645565115279,238076636.51382446
2019-03-25,182.70189981822912,186.91809750634212,181.3901995894003,184.24783325195312,1658129,0.004597488470087896,0.004586952300907068,305506675.5022278
2019-03-26,183.31091772183365,185.0442493201258,181.8118336469906,183.68569946289062,1154541,-0.0030509655345243303,-0.003055629218111693,212072671.1435852
2019-03-27,184.1073202757634,187.57396924863554,182.79561989569132,184.20101928710938,1962815,0.0028054433509281385,0.002801515439371162,361552523.6720276
2019-03-28,185.04426678698832,187.90191528526984,184.34156703969595,186.40281677246094,1586111,0.011953231821804744,0.011882356182574357,295655558.1137848
2019-04-01,191.64963893241793,196.1000704716374,191.32170667936418,194.9757537841797,1915582,0.04599145635327817,0.044965197687077296,373492044.3854065
2019-04-02,194.88202428185397,201.15947124317935,194.46040737707466,198.5360565185547,3913611,0.018260233209899113,0.018095517296916306,776992894.6876373
2019-04-03,199.23879181856518,199.75410781515106,194.2730584781811,195.20999145507812,2330970,-0.01675295219317363,-0.016894870159519532,455028633.78204346
2019-04-04,195.25681886216486,199.00455061995277,192.68025327868568,198.02078247070312,2089235,0.014398807123926494,0.01429612875763152,413711949.46517944
2019-04-05,198.06760744071627,201.9090380124377,196.80275661573094,197.9739227294922,2761691,-0.00023664052139515945,-0.00023666852518131672,546742800.636734
2019-04-08,198.6297612990542,201.15947709781608,196.7558956264216,198.3486785888672,1557504,0.001892955669151819,0.0018911662863614748,308928860.296875
2019-04-09,198.5360610148317,198.5360610148317,194.83517919457213,196.99012756347656,827540,-0.006849307164816576,-0.006872871329577379,163017210.1638794
2019-04-10,194.9757568357542,198.53609068568286,194.64782457756797,195.63160705566406,1142036,-0.006896388791741592,-0.006920278780715926,223418337.99542236
2019-04-11,195.53789832917244,201.67481183908504,195.44421361467366,201.06581115722656,2439649,0.027777740945594154,0.0273989383513946,490530005.1239166
2019-04-12,202.33066493171856,203.54868060938705,199.61356513238752,201.58111572265625,2620746,0.0025628651756550713,0.0025595866371408483,528292902.7056885
2019-04-15,202.79914275062023,204.90724197733448,200.40996076771813,202.9865264892578,2673514,0.00697193663981488,0.006947745065887798,542687320.3804016
2019-04-16,203.68921871118235,203.68921871118235,201.01896836714238,202.096435546875,1143488,-0.004384975484714837,-0.004394617687254292,231094848.890625
2019-04-18,202.0964178826071,203.12704976167413,194.22618746659742,195.67843627929688,2818804,-0.03175711263887937,-0.03227230648451665,551579158.8978271
2019-04-22,195.0225655137559,199.98831243997765,194.88203130591762,196.1468963623047,2003793,0.002394030185008056,0.0023911690602475347,393037777.9025116
2019-04-23,196.56853302007897,197.55231546311222,191.13431912678962,196.3811492919922,3217791,0.0011942729353964232,0.0011935603587585476,631913494.7614288
2019-04-24,191.13431518421208,198.5829290195986,187.995584191769,195.72528076171875,9668429,-0.0033397733572597676,-0.0033453628488586116,1892355980.5497437
2019-04-25,196.19376674468978,199.42619706914923,194.22621599987008,197.8802490234375,3228599,0.011010168197649772,0.010949997552198323,638875974.1168213
2019-04-26,199.5667056366984,203.22073819033508,196.47482423937277,199.75408935546875,2510185,0.009469567282631264,0.00942501198908571,501419718.7887573
2019-04-30,197.69286041103473,199.61357589517385,194.2262112157262,196.00637817382812,2370602,-0.018761624323852755,-0.01893985640037925,464653112.1116333
2019-05-02,194.97575834188743,196.80277478877193,192.11810990113852,193.28927612304688,2271545,-0.01386231446188746,-0.013959293623144303,439065288.7309265
2019-05-03,192.9144592170179,194.36670792696648,190.52529199665423,191.13429260253906,1639544,-0.011149007144793499,-0.011211623164239036,313373082.6307373
2019-05-06,190.10369430257322,193.00819223439427,189.30730985424088,189.8694610595703,1068557,-0.00661750189223731,-0.006639494636262394,202886341.70143127
2019-05-07,190.29105911815822,193.0081585441274,186.26224518245965,187.15232849121094,1453964,-0.014310529735515942,-0.014413912862999286,272112748.142395
2019-05-08,187.38656224335188,189.49466106858958,185.74692982372252,186.87124633789062,1452184,-0.0015018896937395443,-0.0015030186605963394,271371433.99194336
2019-05-09,186.73070971921615,188.27664311914134,182.79559482230303,186.07485961914062,1365985,-0.004261686772881079,-0.004270793642917634,254175467.1168518
2019-05-10,186.07488492432213,188.6982856813926,185.09110249218975,185.98118591308594,1246805,-0.0005034194637922873,-0.0005035462219140054,231882272.5023651
2019-05-13,184.81001668655617,191.41539656810565,184.57578345881655,187.2460479736328,2827684,0.006801021589022405,0.0067779989676452325,529472653.9182739
2019-05-14,189.26045171806726,191.97755149444484,184.8100203039048,187.62081909179688,4190535,0.0020014901367468863,0.001999489823989273,786231609.132843
2019-05-15,189.54151643008004,191.9775332367022,185.60640136056685,186.68386840820312,2581825,-0.004993852431351642,-0.00500636338167777,481985078.55300903
2019-05-16,193.94513815803614,208.9360667113143,184.71634204883887,206.87481689453125,27398307,0.1081558286663451,0.10269721802683618,5668019743.845154
2019-05-17,206.12523978792228,223.27111486593722,204.81353943512923,220.5540008544922,17955568,0.06612300213870337,0.06402870570880156,3960172360.0148926
2019-05-20,224.67651383520393,226.69091386556929,216.89996785205813,220.9756317138672,7507001,0.0019116899160362966,0.0019098649623290138,1658864288.2516327
2019-05-21,220.17924647177418,222.05311239919354,215.2134989048204,217.8369140625,4396346,-0.014203908489925254,-0.014305749508661893,957686445.7910156
2019-05-22,218.30535643142142,221.11615501208348,215.6350920612081,219.2891387939453,3274093,0.0066665686010805025,0.0066444453025186374,717973034.3012848
2019-05-23,222.99003050498908,222.99003050498908,214.74501811441985,215.77565002441406,3287277,-0.01602217414348417,-0.016151916882456537,709314331.4853058
2019-05-24,218.49315090857135,223.89154843724617,215.84130219845008,222.47091674804688,2395433,0.03102883352628183,0.03055717120659982,532914175.51852417
2019-05-27,224.64921409323398,224.93334331191045,219.9611325650156,221.05027770996094,1832951,-0.006385729239812732,-0.006406205224717159,405174327.5787506
2019-05-28,222.9444515978054,230.8526401273482,221.3817625836621,224.74392700195312,4121336,0.01670954377555045,0.016571475267363224,926245237.1345215
2019-05-29,224.3650897485024,227.2063530941639,220.10319473001022,221.9500274658203,2445735,-0.012431479566113235,-0.012509396832929696,542830950.424118
2019-05-30,221.71324251720816,225.54893624776344,220.6714402376673,224.31773376464844,1442935,0.010667745013875907,0.01061124607768238,323675909.169693
2019-05-31,224.4598169170442,233.22037939165457,222.89712776970615,231.0894317626953,6568324,0.030187974371886472,0.029741284980737567,1517870260.793274
2019-06-03,232.03650828070417,234.30951319350106,229.4793741409545,231.98915100097656,3279574,0.003893381152995312,0.0038858215598261024,760825587.9048767
2019-06-04,231.6576798979801,245.01162355694078,231.08942144173855,240.03939819335938,10943654,0.03470096406512102,0.034112461362286656,2626908120.19635
2019-06-06,239.61322287380108,243.78040357799742,233.69392388976448,239.13967895507812,5822991,-0.0037482148557816952,-0.003755257015610436,1392508198.2983093
2019-06-07,238.19255276691126,246.10074071687418,234.54625939925887,243.4015350341797,6012221,0.01782161830158735,0.01766467517259701,1463383820.3647308
2019-06-10,243.40156677030606,245.34308521648737,237.38755340611652,239.32908630371094,3098985,-0.016731401179934546,-0.01687295219179127,741677248.5189056
2019-06-11,240.0393766133311,243.11742611460159,237.34018531737865,241.83885192871094,2440220,0.010486671986935425,0.010432068251483809,590140003.253479
2019-06-12,241.31794204769082,243.82773305278837,239.84995326379016,241.6494140625,2028664,-0.0007833227155196187,-0.0007836296730662907,490225466.9296875
2019-06-13,241.69678792527927,242.3597464518107,237.86107969485963,240.41822814941406,1232935,-0.005094926126191668,-0.005107949516614664,296420048.1233978
2019-06-14,239.61321209148306,241.36533029248002,233.07831208773504,233.97804260253906,1914763,-0.02678742621325947,-0.027152748112315033,448012498.7877655
2019-06-17,233.45712069068844,238.47668844774824,230.47380018250797,232.69944763183594,1818946,-0.005464593841718268,-0.005479579352733376,423267729.47213745
2019-06-18,233.2203655446695,235.4933704333723,232.0838631003181,234.6883544921875,1752118,0.008547106065753596,0.008510786360218972,411201690.2961426
2019-06-19,235.44602546670424,236.96135722826952,230.28438555766812,232.3206329345703,2503805,-0.010088790143594428,-0.010140026889353893,581685562.3447418
2019-06-20,231.89442851586747,243.2121091594173,231.75235669039415,242.31239318847656,4602715,0.04300849273564222,0.042109318589168394,1115294886.814499
2019-06-21,242.31238599207057,250.03114471697336,240.08672418845737,247.94754028320312,3760383,0.02325571144164873,0.022989418042668616,932377715.3727722
2019-06-24,247.18991095606245,249.08408651894413,243.16478788493882,246.1954803466797,2281154,-0.007066252540849027,-0.0070913367407087905,561609804.7747498
2019-06-25,246.2428049935544,246.90577795274325,243.25948448285098,245.43777465820312,1699986,-0.0030776588075849265,-0.003082404539115921,417240780.7901001
2019-06-26,246.24282545881303,260.4491423122061,244.63276465429823,258.2234802246094,8391203,0.05209347087754379,0.05078196101258647,2166805641.931183
2019-06-27,259.50202064718223,262.72211293304275,255.05069705305436,259.3125915527344,3685617,0.004217708347736826,0.004208838746731014,955726895.7408142
2019-06-28,259.31257091383975,259.31257091383975,253.34593065030614,255.42953491210938,2322676,-0.014974423792434077,-0.015087672454190614,593280050.4315186
2019-07-01,255.80844157901814,258.2708758419088,254.2930951939448,257.18170166015625,1425361,0.006859687344495047,0.006836266733638751,366576767.460022
2019-07-02,258.83905807037604,260.44911872910336,255.2401363545213,257.4184265136719,1702477,0.0009204576063830405,0.0009200342450513209,438248950.51571655
2019-07-03,256.6607964093847,259.4073452767428,255.66636577040504,257.2763977050781,1027844,-0.0005517429755022007,-0.000551895241668143,264440001.72277832
2019-07-04,257.79730861923116,258.5549672919234,254.38778678646483,255.38221740722656,2067702,-0.007362433222587783,-0.007389669700912107,528054321.6973572
2019-07-05,255.71369922145837,257.7973038873559,249.32085674092193,252.4936065673828,1804483,-0.011310931783623857,-0.011375386864787784,455620420.65953064
2019-07-08,250.97825401001342,252.8250866855565,246.7637019570174,249.60496520996094,1429701,-0.011440453470060397,-0.011506398904099206,356860468.36564636
2019-07-09,249.17879306371407,252.1621136987399,247.61610405515998,249.60496520996094,1723027,0.0,0.0,430076094.39082336
2019-07-10,249.36820765780146,250.694153707926,237.0560806361947,238.3346405029297,2861877,-0.04515264629271676,-0.04620379032699432,682084425.9586029
2019-07-11,239.61318346275135,245.81659621656715,238.80815315276658,242.40708923339844,2071153,0.017087103754096056,0.016942761141338414,502062170.0870209
2019-07-12,241.50736450231446,246.432232123883,239.75524646947815,244.30128479003906,1087977,0.00781410957340789,0.007783737536874243,265794178.92201233
2019-07-15,246.24281875372955,246.24281875372955,240.0867482848863,240.84442138671875,1832470,-0.014150000915022831,-0.014251066698016512,441340176.8585205
2019-07-16,240.84440856703418,247.18989336072448,240.56027936254412,245.8166046142578,1245709,0.020644793011648455,0.02043457758494665,306215956.7174225
2019-07-17,244.96422393379575,249.55760498640603,242.40709007469167,243.4015350341797,2631378,-0.009824680411105291,-0.009873261038338903,640481444.4551697
2019-07-18,243.11742741976607,245.05894566974,240.79705096244018,241.60208129882812,1082809,-0.007392943249511008,-0.0074204064943168505,261608908.04910278
2019-07-19,242.4544878498101,242.7859743754827,232.60478006147702,235.6828155517578,2750857,-0.02450006107252445,-0.024805181525353888,648329722.9402618
2019-07-22,235.82485845896667,241.98092906130915,234.0253974480778,238.28729248046875,1740529,0.011050771447267405,0.010990157815251742,414745942.8937378
2019-07-23,236.77194276686458,239.84997802283382,235.82485499579712,237.15077209472656,1441755,-0.004769538374923332,-0.004780948919556105,341913311.4214325
2019-07-24,236.77193012878809,238.7608201224346,234.87775468775777,236.67721557617188,1761267,-0.001996858430490467,-0.0019988548103875817,416851769.4461975
2019-07-25,236.58253157722982,241.12855583539607,236.10898768474195,238.28729248046875,1509879,0.0068028386271878905,0.006779803729943703,359784978.8831177
2019-07-26,238.6187596346522,246.71636292020438,237.15077070780038,244.6801300048828,2006636,0.026828277151783375,0.026474708739455628,490983957.352478
2019-07-29,244.8221717774868,246.19546051106227,239.23436009775287,242.45445251464844,1208093,-0.009096273940143673,-0.009137897645963547,292907526.9017792
2019-07-30,243.40155169114988,245.48515630177585,234.59363272799703,236.48780822753906,1577476,-0.024609340951364356,-0.02491721228614342,373053841.7715454
2019-07-31,233.93068288901512,240.98648399680206,232.69946587826408,238.28729248046875,1479989,0.007609205169673228,0.007580401192651416,352662571.71087646
2019-08-01,238.66608780570652,248.6105081309443,237.24545633067257,245.05892944335938,5362278,0.028417952516060607,0.028021653001746517,1314074106.0576782
2019-08-02,245.0116240451175,255.47693261521275,240.9391291862935,251.54652404785156,3587924,0.026473610323967778,0.026129248743040928,902529810.7478638
2019-08-05,250.3626331130859,252.30415128916783,245.95868119705028,247.0951690673828,2298112,-0.01769595106638,-0.017854396418715782,567852373.1757812
2019-08-06,248.13699962393048,258.7443943750913,248.08965679581945,256.2345886230469,2899938,0.03698744734734882,0.03631982439818554,743064420.4623413
2019-08-07,256.89753425552914,259.8335118561568,254.15098575280868,255.14541625976562,1761095,-0.004250684379241032,-0.004259744220886803,449335316.84799194
2019-08-08,257.13429841280424,258.2708151602878,252.73034659624318,256.5660400390625,1823157,0.005567898495383972,0.005552455047071973,467760171.8594971
2019-08-09,257.60786785693267,259.4073288003684,250.74148167324606,251.45179748535156,2192096,-0.019933435278231992,-0.020134786438717002,551206479.4604492
2019-08-13,250.50470165768562,253.91422322640784,247.9475532554381,249.65232849121094,1060200,-0.007156317879356,-0.007182047146847094,264681398.66638184
2019-08-14,250.12590284305992,255.42960049621135,247.37935390389327,252.87245178222656,1331862,0.012898430831695507,0.012815954525581397,336791209.37557983
2019-08-16,251.78325902407903,255.24012318648568,249.84171198838874,252.7303466796875,823258,-0.0005619635572697845,-0.0005621215179711782,208062279.74682617
2019-08-19,253.251254122002,256.6607757426911,252.1147661836549,254.00894165039062,1332431,0.005059127198221436,0.005046372813500216,338449388.13217163
2019-08-20,254.71927786011716,256.04519501250815,249.6996951293728,251.8306427001953,600434,-0.008575678226294348,-0.008612660941184548,151207680.11904907
2019-08-21,251.9253418330436,251.9253418330436,245.8639860055954,247.61610412597656,1222492,-0.016735606632415134,-0.016877229213836973,302708706.36517334
2019-08-22,247.18990219747786,248.94202031162638,243.0700647136217,245.01161193847656,864809,-0.01051826655900756,-0.010573974503047272,211888247.10890198
2019-08-23,245.81659130014515,253.109177864286,243.25947195247028,251.8779754638672,1376595,0.028024645326258257,0.02763914079838076,346733961.63368225
2019-08-26,255.0033786975839,259.4073309892335,251.7359143731981,254.81394958496094,1791288,0.01165633523807208,0.011588923505939675,456445170.1241455
2019-08-27,255.71372128309005,256.94492393554424,250.8362246021448,252.30419921875,1420227,-0.009849344473875199,-0.009898170132176094,358329235.94384766
2019-08-28,255.7137125221131,266.41579337394495,253.4407075247041,265.23193359375,7632634,0.051238680985216334,0.04996916505106487,2024418274.2333984
2019-08-29,266.1316772141557,267.07876503342317,257.08700010128206,260.02294921875,4231503,-0.019639356032364108,-0.019834770965793315,1100287889.6879883
2019-08-30,260.92265300648,265.61074853269804,260.35439462408664,263.763916015625,2714305,0.014387063942297829,0.014284552196697935,715935716.060791
2019-09-03,262.3432861668731,264.80571990423846,255.9031015332917,256.8501892089844,1619484,-0.026211799214533427,-0.02656145197826604,415964771.82092285
2019-09-04,257.5605481235897,258.4602642245643,248.4684991328768,252.87245178222656,2261160,-0.01548660500896637,-0.015607775113308145,571785073.0718994
2019-09-05,253.81950142969276,255.00336104457008,249.51026399266846,250.4573516845703,1401218,-0.009550665090779176,-0.009596565177311382,350945349.41275024
2019-09-06,250.97825272666284,252.209455235513,245.81661294907911,248.84730529785156,1255736,-0.0064284253422374205,-0.006449176648381138,312486519.7655029
2019-09-09,249.55759059429226,253.20388375166107,247.8528444208106,249.84170532226562,2640504,0.003996024884512339,0.003988061983325326,659708022.2702637
2019-09-11,251.87799742396638,253.63008663051409,243.59097965258147,245.62721252441406,2667978,-0.01686865206277466,-0.01701254829307202,655327999.2164612
2019-09-12,246.05339262076726,249.93645828257087,244.53807530156845,248.42111206054688,2744024,0.011374552141103278,0.01131034832396987,681673493.6008301
2019-09-13,249.9364237535231,250.50468212112958,242.4544371380309,245.2957000732422,3050128,-0.012581104566277479,-0.012660916786169272,748183283.072998
2019-09-16,242.92798861901738,245.674537095744,242.17031558879282,243.8750762939453,1044609,-0.005791474448482714,-0.005808310070143616,254754099.57234192
2019-09-17,244.3486573456555,247.00049167819867,241.50739388814787,242.69125366210938,2237086,-0.0048542173715573345,-0.004866037351383577,542921205.8899536
2019-09-18,244.34862376590323,247.5213733046684,240.08672916533513,246.0060272216797,2360120,0.013658397282768853,0.013565962101144502,580603744.9664307
2019-09-19,245.95870596766986,245.95870596766986,237.38754428874267,240.98648071289062,3546569,-0.020404160684509898,-0.020615201243187078,854675181.9154358
2019-09-20,240.65496212735817,256.3292501630011,236.72453996245804,253.20387268066406,4803062,0.050697416434447806,0.04945414981021452,1216153899.1253357
2019-09-23,251.9253767412668,262.3433434486124,251.1677179964094,259.17059326171875,9811055,0.02356488673686208,0.023291521019197115,2542736944.873352
2019-09-24,259.50203946200287,262.8168465354226,257.56052116584374,260.4491271972656,2160946,0.004933175170285464,0.004921046932448423,562816499.6204224
2019-09-25,259.9756301123357,266.3684734757538,256.944937252991,264.6637268066406,3273970,0.016182045433321246,0.01605251168182992,866501101.6531372
2019-09-26,266.98398843079974,269.7779084095351,262.48532233465227,265.0898132324219,4937972,0.0016099162167868553,0.0016086216908735862,1309006075.2269287
2019-09-27,265.0898856550085,272.4771882885861,263.85868300082615,267.03143310546875,4289026,0.007324385080555773,0.007297692033011975,1145304759.4066162
2019-09-30,267.03142436577576,267.03142436577576,260.7806389274319,261.396240234375,2057195,-0.021103106872320976,-0.021328960560141476,537743038.4289551
2019-10-01,261.3962408521965,262.2012712875603,253.20393691040135,256.3293151855469,3532083,-0.01938407776747275,-0.01957441266194265,905376416.568512
2019-10-03,255.71371524296805,259.8335531024479,254.2930834916182,258.3182067871094,1509727,0.0077591265756038474,0.007729179362721532,389989971.3780823
2019-10-04,259.5967642338306,260.35442289073274,248.7525976771154,252.11477661132812,3182068,-0.024014684264565767,-0.02430773803526572,802246362.9820557
2019-10-07,253.5827229913703,254.8612971231517,248.9419992008508,251.64120483398438,1072461,-0.00187839754459862,-0.0018801639456152177,269875378.1774597
2019-10-09,252.02007271800687,257.2763985169019,250.26795448409976,255.66636657714844,2022400,0.01599563849576846,0.015869056327950444,517059659.765625
2019-10-10,255.6190053663335,258.0340967296106,251.07299523978347,252.5409698486328,880540,-0.012224512634799511,-0.012299846565984878,222372425.59051514
2019-10-11,254.05629049146037,259.40733053112564,251.7832856581222,257.65521240234375,3586098,0.020251140069574847,0.02004881274454044,923976841.8856201
2019-10-14,259.50202041307796,263.10094198176563,258.5549327473368,261.159423828125,2040226,0.01360039020017667,0.013508734989375477,532824246.63916016
2019-10-15,262.76950462432757,263.71659236288656,259.3126112563279,263.0536193847656,1009890,0.007253023953243343,0.007226847272197842,265655219.68048096
2019-10-16,263.1956938489267,264.23749620952947,259.2179424304788,260.97003173828125,814304,-0.007920771633393664,-0.007952307581440948,212508940.72460938
2019-10-17,261.72774851843093,265.4213855700622,257.37113837168386,264.6637268066406,1981158,0.014153713527014,0.014054484929719717,524340659.6727905
2019-10-18,264.616301514565,270.10942759753226,261.2067799635549,267.0787353515625,3298797,0.009124818780649413,0.009083439152349486,881038530.9415283
2019-10-22,268.35732619748006,272.6665640024943,265.705463092004,266.84197998046875,1998064,-0.0008864628282072573,-0.0008868559687336338,533167353.8876953
2019-10-23,268.9729246651959,269.5411831035042,262.34331032485653,264.0954284667969,1218611,-0.01029280143204192,-0.010346138621091228,321829594.1793518
2019-10-24,264.237489286007,269.920015937319,263.3851160688753,266.22637939453125,1320404,0.008068867151944215,0.008036487902678092,351526376.25805664
2019-10-25,267.03141773382345,267.03141773382345,262.67480805755196,264.8057556152344,1338263,-0.005336149567626403,-0.005350437665348553,354379744.9269104
2019-10-27,264.8057695406015,266.74728807856945,263.4324805923029,265.04254150390625,277638,0.000894187092428389,0.0008937875453124325,73585881.13806152
2019-10-29,266.93668863174236,272.761272524886,263.95336799406635,268.4046630859375,2690746,0.01268521484495988,0.012605431511162135,722208773.579834
2019-10-30,272.7612869537275,279.3909015671862,269.6359087685131,276.3128662109375,5628792,0.029463732239510154,0.029038018345994024,1555307650.8251953
2019-10-31,274.655466169965,302.8786714773343,268.68882450050666,300.2268371582031,21060789,0.08654671523333879,0.08300451586306498,6323014069.526276
2019-11-01,300.0373576846394,305.4357688818188,288.19876199154567,288.81439208984375,9141707,-0.038012741220551316,-0.03875407291614749,2640256549.868469
2019-11-04,288.956474108525,295.72814564210285,285.45223792329364,290.3771057128906,5879974,0.005410788609733652,0.005396202882911909,1707409831.7870483
2019-11-05,290.3771253964723,291.845099926029,283.70013906165167,284.5998840332031,2621087,-0.019895582558081215,-0.020096164583276923,745961056.2409363
2019-11-06,284.1263002406707,289.6193971508615,283.17921257320177,284.0315856933594,3708046,-0.001996832647259472,-0.0019988289755684435,1053202185.2039185
2019-11-07,284.59987946140154,286.4940550318601,280.62209920230833,284.9313659667969,2003799,0.0031678880756906835,0.003162880890275669,570945186.1929016
2019-11-08,283.17921333295567,283.17921333295567,278.44377498290623,279.5802917480469,4689759,-0.01878022168810145,-0.018958809532410584,1311164189.4480286
2019-11-11,276.54961602380234,281.7112556922254,276.54961602380234,279.3435363769531,3794293,-0.0008468242507848611,-0.0008471830089917856,1059911224.6703186
2019-11-13,280.52741503914325,281.00095893427834,272.1930251430707,274.1819152832031,2579434,-0.01847768221414936,-0.01865052707701346,707234154.4666138
2019-11-14,271.8141947325111,281.14301521034184,270.15679110609335,279.86444091796875,4984429,0.020725384564099114,0.020513535878134058,1394964435.38031
2019-11-15,279.91175683694763,286.4940278816383,279.91175683694763,281.995361328125,3644187,0.007614116331345011,0.0075852752546170495,1027643829.8122559
2019-11-18,280.81154315193714,290.7559654220732,280.81154315193714,289.1459045410156,3635065,0.025356953317293707,0.02504079910523412,1051064157.490387
2019-11-19,290.23502639115844,292.08182999552037,284.9786725106934,286.4940185546875,1672538,-0.009171445781110621,-0.009213762425228714,479172132.8054199
2019-11-20,288.7670672632808,291.6083306910655,285.073430587726,290.5665283203125,2044550,0.014214990547342321,0.014114904931491463,594077795.4772949
2019-11-21,290.5665241839749,295.4440494544992,284.45782524289353,285.8310852050781,2983373,-0.01629727671183845,-0.016431538053958528,852740742.1615295
2019-11-22,286.9675901493416,286.9675901493416,281.0009488459802,283.74749755859375,2167799,-0.00728957679669251,-0.007316275589355185,615107541.460022
2019-11-25,284.03158934191543,289.4773434998156,283.2265590336614,286.16253662109375,1483132,0.008511225943063305,0.00847520967696228,424416815.263916
2019-11-26,287.725236614541,288.9090962597668,282.2794822465025,283.65277099609375,2171513,-0.008770419967038423,-0.00880910646422101,615955679.7040405
2019-11-27,285.07341972119633,292.3660071356593,282.8951294040581,291.0874328613281,2647248,0.02621043270307677,0.02587282581889235,770580624.4672852
2019-11-28,291.79777691540005,304.7255204889094,291.229518415974,301.8369140625,8388284,0.03692870247096125,0.03626317323954691,2531893756.8398438
2019-11-29,301.17386558231914,307.70876443231475,297.906401705911,306.0513610839844,4891923,0.01396266270006885,0.013866082696248599,1497179692.468048
2019-12-02,307.61408594215095,308.08762981146015,299.27972540343796,300.0373840332031,2025042,-0.019650221549352698,-0.019845854210789077,607588304.2373657
2019-12-03,299.46914901923446,300.03737852972347,293.7866226917562,297.7643737792969,1564692,-0.007575756805207723,-0.007604598608787398,465909533.5374756
2019-12-04,295.6808050947332,303.02073510717855,295.159889494091,302.0262756347656,1659772,0.014313001254568025,0.014211537275435516,501294755.5628662
2019-12-05,304.29926136435506,304.91489148132683,295.9649013047425,298.90087890625,2887465,-0.010348095449467132,-0.010402009248459935,863065826.3110352
2019-12-06,299.2797205708416,302.9260140862093,295.96491353920254,297.1487731933594,1692801,-0.0058618285744157506,-0.005879076527592266,503013740.41049194
2019-12-09,295.58603988479047,300.2267632522904,295.0651243734183,298.7587890625,1118398,0.005418214761038209,0.0054035890418465,334131232.1699219
2019-12-10,299.2797071327046,300.2267948135043,294.87575519755046,296.29638671875,1292439,-0.008242108463074715,-0.008276262435665017,382945005.75439453
2019-12-11,295.01780489739406,298.8061555220797,292.9815722171898,297.7170104980469,1854516,0.0047946037919299744,0.00478314628737037,552120959.4407959
2019-12-12,297.95378893229514,310.2185570064153,297.717017013071,306.4302062988281,5568413,0.02926670460046954,0.028846611412753582,1706329944.3470764
2019-12-13,306.76169998327174,312.5862835526534,304.58340983629085,310.6921081542969,4606412,0.013908230219682016,0.01381239833144021,1431175855.307251
2019-12-16,311.59184697212595,311.97067626386803,303.5889445085214,305.1990051269531,2144758,-0.01768021421585564,-0.01783837620126081,654578007.8380737
2019-12-17,306.66698247848706,312.4442231683834,305.48312286591903,307.945556640625,2918086,0.008999215159726237,0.008958963531453071,898611617.5952148
2019-12-18,307.80349894505025,309.1767876553188,288.48291586875627,295.8228454589844,4790723,-0.03936641045867706,-0.040162223111740274,1417205309.665802
2019-12-19,295.87016215310786,299.6111697556507,292.74478461634493,297.3381652832031,5360691,0.005122389455309406,0.005109314648936224,1593938026.5901794
2019-12-20,296.7699676494533,298.3326567375132,294.78107749063804,296.10699462890625,1799384,-0.004140641189213756,-0.004149237381313341,532810188.42333984
2019-12-23,301.3633218336138,305.814616742959,297.101427125172,298.2379150390625,6065714,0.00719645414937542,0.007170683238800414,1809025896.583252
2019-12-24,298.3799798724649,301.5527295708286,295.96491770512074,298.66412353515625,1933222,0.0014290889072166024,0.0014280687314964459,577384054.2288818
2019-12-26,298.3326707699432,302.7839951965304,295.53875006985567,296.3437805175781,3323173,-0.007769071792464555,-0.007799408256985991,984801650.1339417
2019-12-27,297.38557580903444,302.5945588247978,296.43848798798655,301.6001281738281,2357762,0.017737330768573978,0.017581860048918038,711101321.4033813
2019-12-30,301.60009055171327,305.6725561130822,300.2741446453858,304.39398193359375,2910244,0.009263436911258083,0.009220794421273291,885860759.5583496
2019-12-31,304.3939614731776,308.7505703942746,302.6892152836628,304.34661865234375,2616389,-0.00015559861252556484,-0.00015561071924555028,796289145.229187
2020-01-01,304.3466665158498,307.5667592151352,301.78951792660297,306.7143859863281,1514293,0.0077798378193552065,0.007749730931426437,464455447.6983948
2020-01-02,306.47755559330113,310.1238486630464,304.1098365743523,306.24078369140625,3091351,-0.0015441150352268895,-0.0015453084094775172,946697752.9052124
2020-01-03,306.6670107155502,306.6670107155502,300.22682539131455,301.36334228515625,1718884,-0.015926818588489877,-0.01605501334213491,518008627.2404785
2020-01-06,298.56944152050875,301.31599047558,293.9760597165509,295.58612060546875,1712158,-0.019170286723927288,-0.01935641932017291,506090141.08361816
2020-01-07,297.3855418779388,302.4998097475043,295.49136645196467,298.2379150390625,2146089,0.008971309032243857,0.008931305914902569,640045108.8482666
2020-01-08,295.6808461939747,300.5583429706132,295.0178731202137,299.51654052734375,1521535,0.004287266721650029,0.00427810257709679,455724899.491272
2020-01-09,301.2212581977368,312.5389687798337,300.60565691858403,311.1656799316406,4302141,0.03889314220772855,0.038155860059691356,1338678629.4267883
2020-01-10,312.4441959288674,325.1351640886076,311.63916568194077,323.2883605957031,10109760,0.03895892589030292,0.038219178987546086,3268367736.4160156
2020-01-13,324.8510931595839,335.1270008666253,323.9513482500531,334.2746276855469,7399348,0.03398287234838904,0.033418211489073285,2473414297.815796
2020-01-14,341.4251236036309,371.2583868311326,339.05740429986093,368.9853820800781,44997621,0.10383903389515936,0.09879413459347042,16603464377.379547
2020-01-15,368.8906856019872,374.9994132661539,364.62879064638014,370.7375183105469,24437080,0.004748524780552099,0.004737286100812758,9059742393.956299
2020-01-16,371.73193073458845,372.2054745953969,361.976938763065,363.91845703125,12118796,-0.018393232253297143,-0.01856449100172257,4410253541.396484
2020-01-17,363.3975503982188,363.6816651379791,356.67322216328034,360.17742919921875,5495593,-0.010279851872723289,-0.010333054473961064,1979388558.6652222
2020-01-20,360.17744221268424,365.1023098338287,357.1467789020609,362.87664794921875,7618479,0.007494136309432742,0.007466194781499226,2764568121.991516
2020-01-21,361.78752218615347,368.79596578825226,358.9936017495023,365.3864440917969,5981471,0.006916389237946685,0.00689258073411377,2185548419.1282043
2020-01-22,368.27509845873976,368.27509845873976,361.9769703411184,364.6761474609375,4148230,-0.0019439599972704835,-0.0019458519398106674,1512760535.1818848
2020-01-23,364.6287867406032,378.3142164014777,363.11344054760974,372.4422607421875,11073810,0.02129591785841134,0.021072328588553978,4124354831.4294434
2020-01-24,373.86290476159115,373.86290476159115,363.4449390810908,364.2499694824219,6033580,-0.021996137719281328,-0.02224165979282861,2197731330.869751
2020-01-27,363.4922683932822,368.79596559579784,360.3195475399105,362.1663513183594,3735041,-0.0057202974293263376,-0.005736720992390825,1352706170.9944763
2020-01-28,362.5451353264555,367.0911733187761,358.2358981458427,360.5562744140625,2710063,-0.004445683312201298,-0.004455594748571027,977130218.7073975
2020-01-29,364.53408760186795,372.4896193230238,362.0243107181997,363.16082763671875,6500722,0.0072237079409833704,0.007197741935017327,2360807581.7562256
2020-01-30,365.2917569642397,365.38644261703934,360.03540260676266,361.40869140625,2297423,-0.0048246839888289594,-0.004836360348260082,830308640.0366211
2020-01-31,362.35574475290514,366.19143821749,359.8933110545988,363.1134033203125,2681230,0.004716853674518573,0.00470576417824,973590550.3845215
2020-02-03,353.97404592192606,361.7875198452863,348.054747495138,358.80419921875,3318729,-0.01186737824095474,-0.011938357693010842,1190773901.269043
2020-02-04,363.6816490385276,363.6816490385276,355.6787470232963,359.798583984375,5327138,0.0027713855294617673,0.0027675523211507964,1916696709.0893555
2020-02-05,361.78751397981154,386.41179503602905,360.8404262468801,373.7208251953125,23579395,0.038694541420268846,0.03796467603445896,8812110957.006226
2020-02-06,375.04676393786605,376.3253382318557,366.85446035463684,371.3057556152344,4985380,-0.0064622290684924755,-0.0064831996641083285,1851100287.9290771
2020-02-07,370.4060196895641,382.6234457152537,369.8851040925643,375.709716796875,11308676,0.011860740414172843,0.011790953109994414,4248779457.307617
2020-02-10,377.3671237432214,377.3671237432214,367.8015317334204,371.5425109863281,3145276,-0.011091557189615742,-0.011153527165142379,1168603742.7850342
2020-02-11,374.09961387373147,377.8879643939718,368.653860000886,369.93243408203125,4171668,-0.004333493090797669,-0.004342909886909445,1543235297.4221191
2020-02-12,370.9742639924376,375.75704532070876,370.87954944178585,374.24169921875,4018932,0.011648789724026054,0.011581464903721977,1504051940.7246094
2020-02-13,373.6734417639614,376.7988485264455,368.9380032476126,371.7792663574219,2860031,-0.006579792862389744,-0.006601535124980737,1063300226.9394836
2020-02-14,372.2054725730471,378.83508658834313,369.83775328186994,375.89910888671875,4733600,0.01108142089165387,0.011020471802146298,1779356021.8261719
2020-02-17,376.6567896672148,380.63454066357883,355.96291765175465,360.88775634765625,9537335,-0.03993452547286125,-0.040753794213512724,3441907429.685974
2020-02-18,359.8933610366901,366.0494316860019,353.453175610848,361.78753662109375,7402772,0.002493241340586483,0.0024901383709598664,2678230646.0476074
2020-02-19,362.734590574206,365.9073401626651,357.6203227539854,362.87664794921875,4326781,0.003010361656724525,0.0030058395911678635,1570087785.6903687
2020-02-20,362.876628305413,364.58140342174966,359.04093487359313,360.3668518066406,5137245,-0.006916389237946685,-0.006940418318403545,1851292807.6094055
2020-02-24,358.85151605934703,359.7512609161949,348.2914942112099,349.570068359375,3017687,-0.02996053436418389,-0.03041852208987961,1054893050.8771973
2020-02-25,350.895973267594,354.210780032605,346.2078778530928,349.475341796875,3659466,-0.00027098018701821047,-0.0002710169087831523,1278893131.144043
2020-02-26,348.14944488391114,350.56450696182856,342.0880893743195,346.3026123046875,2808589,-0.009078550366027227,-0.00912001153336967,972621707.59021
2020-02-27,344.83465286782024,346.30262730774865,341.18835927817565,344.07696533203125,1827751,-0.006426884734840099,-0.006447626074429343,628887017.4625854
2020-02-28,339.0100641652712,339.0100641652712,323.4778022870186,327.83441162109375,4494646,-0.04720616416522849,-0.04835673048887226,1473499626.8551025
2020-03-02,332.4751782144351,336.45295874596167,315.9485125719879,320.87335205078125,3837169,-0.021233462149049753,-0.021462134909581383,1231245279.4153442
2020-03-03,322.57813097221305,338.7733391625765,322.57813097221305,336.50030517578125,4204156,0.04870131167055236,0.047552552616048335,1414699777.0065918
2020-03-04,337.3526983401509,338.6786155283969,321.06277601933687,330.72308349609375,2331888,-0.01716854811370705,-0.017317636520871118,771209189.7275391
2020-03-05,335.0322999229048,338.20504974514256,328.63945745087767,330.0600891113281,1890082,-0.002004681311498002,-0.0020066933745581813,623840633.3477173
2020-03-06,322.0098035394367,328.544702595408,316.4693349626791,326.2716979980469,4469801,-0.01147788308329345,-0.011544262401525281,1458369561.983368
2020-03-09,320.1156855633738,322.8148916512043,302.2630742417741,312.6336975097656,5653362,-0.041799520375079835,-0.042698253985421576,1767431465.4212036
2020-03-11,309.55562834054314,319.8788787505972,307.80351027074494,310.5027160644531,3475867,-0.006816224425858386,-0.006839560988859442,1079266144.1788025
2020-03-12,303.06805786723925,303.06805786723925,281.4744703053274,287.3937683105469,5401010,-0.07442430149019819,-0.0773393582984565,1552216616.5829468
2020-03-13,259.0758405498867,310.45535061028755,244.3486377066066,307.09320068359375,7428473,0.06854509229219063,0.06629799637672501,2281233549.7616577
2020-03-16,289.1459005364524,297.6696909356606,280.9062538255805,284.41046142578125,3695134,-0.07386272052692933,-0.07673280535298,1050934765.9700928
2020-03-17,288.86177230737076,292.3660086473116,267.07875341206085,268.83087158203125,3307243,-0.05477854002151605,-0.05633602976029396,889089018.2235718
2020-03-18,269.9199919167503,273.3295133846843,248.13697502522305,253.29861450195312,4036479,-0.057777058820190574,-0.059513364488089734,1022434538.1662292
2020-03-19,244.3486559364874,251.4518145392923,219.96114473352404,237.48226928710938,6319631,-0.0624414991212745,-0.06447612214712148,1500800310.9371643
2020-03-20,233.93067537407134,258.9337863136501,231.5629559876941,250.22059631347656,3907591,0.05363906562206089,0.05224994898854087,977759750.1691742
2020-03-23,227.30106581125827,234.7830534469805,213.09474919805464,214.515380859375,2922955,-0.14269494989681042,-0.1539614726076854,627018805.0598145
2020-03-24,235.96690774600066,242.54917918675972,202.39264981141156,235.87220764160156,6049682,0.09955848711951787,0.09490872388578724,1426951848.8696594
2020-03-25,234.97249262244017,267.5049648400002,233.835975683598,262.4853820800781,3964369,0.11282878430049803,0.10690522784584981,1040588911.6714172
2020-03-26,264.7110521647742,278.0176248001194,249.5103038430978,264.28485107421875,3335026,0.0068555017421565445,0.00683210963896996,881396849.7386475
2020-03-27,274.65543805558605,279.343533818009,264.4742450931807,269.6832275390625,2980925,0.02042635604311549,0.020220536080839284,803905475.0518799
2020-03-30,267.5522697584784,268.9729012793199,258.22345032438824,266.5104675292969,2901681,-0.011764765791028142,-0.011834518268878392,773328359.9308777
2020-03-31,276.07606028787023,281.2850425574527,269.7779329606669,279.2488098144531,3269934,0.04779678037882684,0.0466896552432519,913125177.671814
2020-04-01,277.3546536949064,287.91467633928573,262.6747935526073,265.1845703125,5532600,-0.0503645459090698,-0.0516771005675834,1467160153.7109375
2020-04-03,270.86707369718266,270.86707369718266,250.03114495124555,253.01446533203125,5990371,-0.04589296038652324,-0.0469794129751944,1515650515.7055054
2020-04-07,265.1845672745587,271.5774095213561,256.6607776121622,269.4938049316406,6492026,0.06513200570561661,0.06309874049970175,1749560788.4551392
2020-04-08,267.74172234300914,280.3379780383313,262.0591957611511,278.8226318359375,5331494,0.03461610891821132,0.034030448655712954,1486541188.6975098
2020-04-09,285.4522632046672,302.12101461940665,284.31577516221483,292.6974792480469,7699408,0.04976227116410503,0.048563730120039436,2253597313.302246
2020-04-13,298.33265371986334,298.33265371986334,285.168139225171,288.90911865234375,3699539,-0.012942921836688104,-0.013027411268045762,1068830551.9099731
2020-04-15,294.63900449073435,305.67257098587976,288.8617634413426,298.9482421875,5721837,0.03474837894347238,0.03415828502887684,1710533113.2333984
2020-04-16,301.03185128655593,316.0431981124881,298.9482466465738,306.9037780761719,8211111,0.026611750015516744,0.026263816642092708,2520020988.1028137
2020-04-17,317.22703399723866,318.60029380894815,300.0847409914358,307.3299560546875,4845904,0.0013886371200351189,0.0013876738551566769,1489291463.3652344
2020-04-20,307.42472513070186,315.23819997555285,304.15726045263307,307.5194396972656,3621443,0.0006165479116015948,0.0006163579240248962,1113664122.2555847
2020-04-21,301.1739370108969,303.068112715368,294.54432204524824,295.8702392578125,3462472,-0.037881183872216506,-0.038617326454759016,1024442419.0634766
2020-04-22,298.0011403410038,317.7005819297296,293.59718829711176,312.6809997558594,4645157,0.05681801772363615,0.055262523402779144,1452452334.7829285
2020-04-23,320.11568358355066,321.8204301006756,308.08765669250556,312.49163818359375,3747875,-0.0006056062645747318,-0.0006057897181193943,1171179598.4573364
2020-04-24,305.9093287302732,319.0264992257427,305.9093287302732,308.8453063964844,5438849,-0.011668573944263794,-0.011737186012118171,1679762985.8492126
2020-04-27,314.3857911823764,332.7592878107652,313.72281819411944,330.8651123046875,7426420,0.0712972010652313,0.06887025163032665,2457143287.3217773
2020-04-28,334.17991268726513,336.78440395549075,322.4360305674669,324.7563781738281,3767231,-0.018462914050708212,-0.018635481008195242,1223432295.3041687
2020-04-29,324.8511079260185,337.1632490427481,324.8511079260185,335.2690734863281,3653489,0.032371020306406484,0.03185811824983212,1224901872.0224915
2020-04-30,340.90425183358695,342.27751174816393,331.3386596472661,332.9960632324219,4760235,-0.006779659782723546,-0.0068027460801021655,1585139515.0611877
2020-05-04,322.0098323177815,328.82887562211124,315.3802181230036,317.22705078125,3385449,-0.04735495158141123,-0.04851290177068532,1073956001.840332
2020-05-05,321.062763775607,324.7564004101594,310.50274060013083,312.0654296875,2833246,-0.016271062259785918,-0.01640488965485695,884158130.4003906
2020-05-06,313.9122513704594,323.1463570821534,308.4191249900132,317.7952880859375,3642687,0.018361080252225825,0.01819455096777356,1157628764.5718994
2020-05-07,318.1741316435564,326.36643465511247,311.40243131162543,323.24102783203125,3605449,0.01713599902280838,0.016990833812084303,1165429040.5559692
2020-05-08,328.63944096172156,336.6896866336946,325.8928923365543,330.2968444824219,3247800,0.021828344927974586,0.021593517721602028,1072738091.5100098
2020-05-11,335.1270108585181,345.68703363982723,330.58097225251856,336.2161560058594,4792044,0.017921187024093843,0.017762495705058588,1611162613.0909424
2020-05-12,335.6952748877485,344.0769786111381,328.30797286853146,339.72039794921875,3257800,0.010422586424723379,0.010368645748007433,1106741112.4389648
2020-05-13,355.157900952455,355.157900952455,330.06007595181484,337.4947204589844,8536848,-0.006551497948519058,-0.006573053208946993,2881141129.36084
2020-05-14,331.48071243574526,345.2134848080833,331.48071243574526,343.6034240722656,5120801,0.018100145699978754,0.01793828824069606,1759524757.592682
2020-05-15,334.4166736891921,348.2915027567198,330.6283228774263,333.5643005371094,9452893,-0.02921718129632156,-0.029652503366568914,3153147641.5971375
2020-05-18,332.61722690383084,336.97380739938586,325.22992516671184,328.7341613769531,4181440,-0.014480383999063151,-0.01458624796956009,1374582171.7480469
2020-05-19,332.333095023674,343.7928629009369,330.7704059728711,339.1047668457031,5696557,0.031547087851506284,0.031059702367522927,1931729633.308258
2020-05-20,340.57275065208887,344.5505017432657,337.6841157579527,341.6618957519531,3489683,0.007540822649106271,0.007512532776256412,1192291709.353363
2020-05-21,344.64520876148964,347.01292801500745,336.50024874882376,341.2356872558594,3883173,-0.0012474569198175356,-0.001248235641883123,1325077207.3883972
2020-05-22,342.419600985622,347.53389850354847,337.3527041047721,343.2720031738281,3956328,0.005967476421778528,0.005949741554316897,1358096637.772705
2020-05-26,347.3917622555033,356.5311818263184,340.9515773554737,352.269287109375,7728662,0.026210363363046385,0.02587275824987286,2722570253.0493164
2020-05-27,354.77909282178507,355.8208951740142,343.03520997631944,349.0491943359375,3384187,-0.009140997785701654,-0.009183033064979649,1181247745.8321533
2020-05-28,348.4809333589193,353.6425440204812,346.6341007691022,351.5115966796875,3390919,0.007054599706023401,0.007029832431434549,1191947351.9014893
2020-05-29,350.9433759516486,362.5452016081904,338.4418342185402,347.48651123046875,63551245,-0.011450789923402094,-0.011516855034352286,22083200409.40277
2020-06-01,349.00185822064145,349.8542314696517,340.4780679248863,343.65081787109375,9637108,-0.011038394974793753,-0.011099770129999482,3311800046.1120605
2020-06-02,343.65077607427577,350.4224473161724,342.18277280463604,348.00738525390625,2638814,0.012677308349799077,0.01259762402477854,918326760.3114014
2020-06-03,352.31665069553696,352.31665069553696,345.2608352427893,347.2497253417969,4027578,-0.0021771374522887577,-0.0021795108614829158,1398575354.2926636
2020-06-04,349.94888265667237,363.2081096044218,346.63407591973504,361.3139343261719,4535651,0.04050171377538647,0.03970301391928404,1638793907.5404358
2020-06-05,363.6817087722186,367.28063078748016,357.0520942893917,359.6565856933594,3140410,-0.004587004472726308,-0.004597557059951339,1129469138.2772827
2020-06-08,363.68167396370126,365.52850652542725,357.57294678521316,359.3724365234375,1565959,-0.0007900569076861874,-0.0007903691671241956,562762501.3258057
2020-06-09,361.7875096576122,368.2750663312519,359.41979035357025,363.91845703125,2635455,0.01264988642921705,0.01257054502178644,959090717.175293
2020-06-10,365.52850305893077,373.10520452798744,360.0827488780463,364.2972717285156,3409451,0.0010409329066622952,0.0010403915116755417,1242053697.3920593
2020-06-11,365.5758642817154,366.0494081473653,354.5896408180732,355.9155578613281,2855842,-0.023007896346349255,-0.023276709209834864,1016438598.593811
2020-06-12,345.7816656291701,353.31099420858703,345.7816656291701,351.3694763183594,3179703,-0.012772921673572912,-0.012855196784151405,1117250577.9579163
2020-06-15,351.8430557663376,359.84595782874607,347.0129030560068,350.42242431640625,2293579,-0.0026953166560633735,-0.0026989555621418056,803721513.5411987
2020-06-16,356.10497617222484,357.9518087533961,341.18834485649995,349.522705078125,2343185,-0.002567527577712503,-0.0025708293294135613,818996359.6984863
2020-06-17,346.63408821677194,353.5004738440167,346.63408821677194,350.0436096191406,2556896,0.0014903310527401015,0.0014892216115696831,895025105.2607422
2020-06-18,350.8705749278807,356.7852076626306,348.1994673712839,355.0203552246094,1929487,0.014217501673244648,0.014117380858998992,685007160.1412659
2020-06-19,356.6421057086442,365.3709355526642,356.1651201530924,359.93328857421875,4249130,0.013838455393638371,0.013743578269677831,1529403334.47937
2020-06-22,365.3709193350195,367.42195131027586,360.2194813862937,363.5583801269531,2623125,0.01007156511445273,0.010021184891924492,953659075.8705139
2020-06-23,366.2294782175925,373.8612465747724,364.41693905533947,372.8595886230469,3834436,0.02558380993128484,0.025262021111233927,1429706229.5614014
2020-06-24,373.86124203965903,376.7231551388851,361.88891721971737,365.46630859375,3889495,-0.01982859031894535,-0.02002781477430104,1421479379.9438477
2020-06-25,362.50900586446124,371.476328081689,360.2194811236841,366.32489013671875,1961912,0.002349276862954719,0.0023465216264305123,718697197.8579102
2020-06-26,369.28219543450894,371.04704768121957,364.89392282759985,367.89892578125,1759164,0.004296829636511346,0.004287624622878919,647194545.8730469
2020-06-29,369.2345234186782,374.24287197593213,364.56007058781904,368.7575378417969,2764272,0.0023338259515806037,0.002331106809642035,1019346136.6450195
2020-06-30,370.1407918517715,373.76587043609237,368.13744669185184,369.6161193847656,1860920,0.002328309132319628,0.002325602820551366,687826028.885498
2020-07-01,367.2788959795849,370.61779503394473,362.9860257668365,366.8019104003906,1611560,-0.007613869733439471,-0.0076430032128201415,591123286.7248535
2020-07-02,367.2788689816609,376.8185798643014,366.8495703467872,372.8118896484375,2607208,0.01638480901445294,0.01625202647895514,971998141.1865234
2020-07-03,376.81857356171724,383.782550744412,374.5767357192158,378.20184326171875,3223088,0.014457568985699387,0.014354054850854541,1218977822.5947266
2020-07-06,381.63613244580085,389.6495130923518,379.0127118827459,387.0260925292969,4073356,0.02333211597139595,0.023064083325789443,1576495056.1607666
2020-07-07,389.6017947070839,395.3256213554139,385.11814796695813,393.7038879394531,4087677,0.01725412198055043,0.017106959973586244,1609334327.54068
2020-07-08,396.9950703418597,416.217582324673,395.75491954795734,412.4971008300781,6978394,0.04773438481642622,0.04663010417242519,2878567293.450012
2020-07-09,413.1171420539305,417.1715189231629,409.11048120383197,413.4033508300781,2808348,0.0021969851380199135,0.002194575295118817,1160980473.4969482
2020-07-10,409.77827693958926,417.600851653991,408.9197087667617,410.302978515625,3765369,-0.007499630344620645,-0.00752789397211599,1544942115.9104004
2020-07-13,410.3030173743205,413.5942005340066,402.5758448612771,404.9130859375,2552387,-0.01313637204785667,-0.013223417329675868,1033494896.6767578
2020-07-14,400.66789649072234,406.8210222605573,398.2829685354204,400.0478210449219,3232206,-0.012015578309388375,-0.012088348878201743,1293036967.4683228
2020-07-15,403.38671571059865,403.62520850348506,392.41604723782524,394.03778076171875,2076567,-0.015023304632693524,-0.015137297615516342,818245852.28302
2020-07-16,396.2795956712441,396.6611782949774,388.4093339660828,391.4143371582031,2027078,-0.006657847880586987,-0.006680110217642138,793427391.7379761
2020-07-17,392.46371430338274,404.96074184120124,392.0821316766401,403.52978515625,2740774,0.030953000051068713,0.030483617236324787,1105983943.381836
2020-07-20,407.0595157067492,407.0595157067492,398.71226784984987,403.6252136230469,1680893,0.00023648431988720908,0.00023645636187809982,678450796.2024841
2020-07-21,404.4837532006376,405.199231537667,389.6017979678478,390.6034851074219,2752464,-0.032261930315845566,-0.03279381749067663,1075122031.0327148
2020-07-22,391.1281486342521,398.18752890897576,385.40432206887283,388.2662353515625,2619808,-0.0059836889453677156,-0.006001662948495081,1017182989.5039062
2020-07-23,390.74654980113223,393.36997020137886,384.16415534672694,385.785888671875,2992496,-0.006388262624592134,-0.00640875489422534,1154462728.7070312
2020-07-24,386.07214424438376,395.8980356527788,383.83030617172386,389.6495361328125,3124083,0.010015004629222446,0.009965186811354864,1217297491.7904053
2020-07-27,389.6495361328125,394.94406448253113,385.69053248597294,389.6495361328125,3132821,0.0,0.0,1220702249.4371338
2020-07-28,391.08049342023946,397.2335900089742,390.17420916211535,394.03778076171875,3500423,0.011262029649665717,0.011199085141481576,1379298910.6472778
2020-07-29,397.8059854123555,410.1122079154834,397.8059854123555,408.01348876953125,5938179,0.035467939091515355,0.03485343960837765,2422857130.7279663
2020-07-30,410.5891567381497,412.1155163248935,402.1465066575275,405.3423156738281,1866344,-0.00654677644055035,-0.0065683005753286745,756508198.8039551
2020-07-31,405.43778092677337,414.0235221699286,405.43778092677337,408.3473815917969,3115208,0.0074136496530672336,0.007386303625219963,1272087029.9138184
2020-08-03,409.20592055753224,419.7472897107959,408.01345666630834,414.1188659667969,2917293,0.014133761192497207,0.014034810860076118,1208106068.8528748
2020-08-04,419.17491576471895,431.4811377265657,415.93141969062674,429.04852294921875,6816080,0.03605162239485815,0.035416971162354934,2924429056.303711
2020-08-05,443.59658994023096,450.08358219097533,420.03349061437905,426.99749755859375,20178067,-0.004780404268791227,-0.004791866946690567,8615984114.569641
2020-08-06,429.28703193999,466.4919080414558,428.3807476718495,462.4375305175781,15882211,0.08299822167955728,0.07973332598570236,7344530433.999115
2020-08-07,465.1563249623138,505.55700780615445,460.4818722865635,494.7294006347656,30560068,0.06982969155000274,0.06749946902974091,15118964124.99768
2020-08-10,496.97130085009775,501.7888436928675,487.19309619638693,496.3511962890625,6832824,0.003278146906603885,0.0032727854968305713,3391480366.432617
2020-08-11,500.35784526506103,503.60137031686065,490.6273283354376,492.1537170410156,4690222,-0.008456671968213314,-0.008492632499736617,2308310191.0475464
2020-08-12,491.4859437931178,497.97293591078477,485.7144009187557,493.7277526855469,3883832,0.0031982601980431458,0.003193156642666043,1917555645.168213
2020-08-13,496.0649018687594,518.0062340668007,494.6816323241643,514.238037109375,7877135,0.04154168833383576,0.04070200812265755,4050722440.4455566
2020-08-14,517.0046434413485,519.4372580736737,506.12934973406925,512.7594604492188,5921905,-0.002875276726839626,-0.002879418275605192,3036512812.631531
2020-08-17,516.2414393676697,522.7761175466954,513.5225870325579,518.7217407226562,5044171,0.0116278308511637,0.011560747150499342,2616521161.6227417
2020-08-18,520.4389548649687,527.9276634089126,517.5293544711622,520.6297607421875,3328153,0.0036783112596612266,0.0036715628163205257,1732735500.1033936
2020-08-19,522.2515016399881,525.7334612948614,517.386213989254,522.9669799804688,3597622,0.004489215589499551,0.004479169117160557,1881437512.451294
2020-08-20,516.4799780670653,527.7368254288658,515.1920821435162,523.9686279296875,4812366,0.0019153177687358802,0.0019134858863765235,2521528810.1154785
2020-08-21,527.5459711148712,531.3141682679885,519.1033509253119,520.6773681640625,2953395,-0.006281406157138569,-0.0063012171931416585,1537765935.7489014
2020-08-24,521.3453102500243,524.6842097667217,518.5310832979363,520.4390258789062,2123227,-0.0004577542634446319,-0.00045785906491091504,1105010191.5997925
2020-08-25,522.2039077017755,522.4900874437636,516.3369609749783,520.4390258789062,1850446,0.0,0.0,963044313.6815186
2020-08-26,519.8189135452934,535.5594378418748,519.6281076662395,523.873291015625,5778027,0.006598784806575608,0.006577108133659326,3026954020.0671387
2020-08-27,527.3552747847001,528.3569329129723,518.4833541509171,519.5804443359375,2572048,-0.008194437000911048,-0.00822819595000374,1336385842.6933594
2020-08-28,522.680783408696,530.2648069922326,518.9602728680454,521.869873046875,2692860,0.0044063026926726145,0.0043966233639150965,1405322506.3330078
2020-08-31,523.7301073650124,526.9258870977869,503.88752113549964,507.8464660644531,5541983,-0.02687146299622145,-0.027239101714515903,2814476481.539276
2020-09-01,501.7888230329877,524.4933246733551,501.7888230329877,523.253173828125,3854978,0.03033733380693948,0.02988625717275263,2017129473.5375977
2020-09-02,526.592138169791,530.4080232289924,517.1477993579535,524.5410766601562,4042692,0.0024613378311859613,0.0024583137004814026,2120558014.2854004
2020-09-03,523.2531797364547,564.7032381629213,523.2531797364547,551.872314453125,12052237,0.05210504764849211,0.05079296450949659,6651295927.527588
2020-09-04,542.7618649505512,560.3626432597092,540.5199979467716,542.8572387695312,6461042,-0.016335437468950054,-0.01647033178341764,3507423419.6939697
2020-09-07,543.763537733394,545.6714799710551,517.0523464061396,520.200439453125,5253648,-0.04173620189308214,-0.042632175548420206,2732949998.3320312
2020-09-08,522.0130536120859,523.4440104157233,509.0867554643841,513.5703735351562,3891628,-0.012745213988936244,-0.012827131006350214,1998624845.619873
2020-09-09,509.42056903598353,516.0029929374327,504.793832476435,510.13604736328125,4391991,-0.006687157883027539,-0.006709617104874911,2240512928.795105
2020-09-10,513.2364421936028,523.6347502792846,509.56367681765704,521.3928833007812,3787048,0.02206634092156934,0.021826402513874462,1974539875.918457
2020-09-11,524.4933004868839,527.5460196599082,516.0506795204305,523.1577758789062,3451466,0.0033849571688666646,0.003379241096823139,1805661276.081665
2020-09-14,526.592117630661,529.6448372041112,518.3879883636849,521.3452758789062,2809233,-0.00346453801045965,-0.003470553420034736,1464580353.3931274
2020-09-15,521.8222811697954,525.1611805922712,515.6214679566259,517.3862915039062,1812894,-0.007593785842454959,-0.0076227654372748865,937966503.5496826
2020-09-16,517.004661310801,521.2020993129287,512.8071650828969,517.4339599609375,2127916,9.213320455914165e-05,9.212896055612421e-05,1101056002.3442383
2020-09-17,517.0523109037199,526.592021436999,508.60969037207695,523.0623168945312,3725291,0.010877440154910989,0.010818706334643866,1948559341.5663452
2020-09-18,525.6857451411399,527.7844931349559,512.5686429620064,515.7167358398438,9395417,-0.014043414747020755,-0.014142956532493684,4845373787.094177
2020-09-21,515.7167738010618,517.3385363804668,478.8935111725289,484.37884521484375,3886296,-0.06076570420769123,-0.06269031461214654,1882439568.6430664
2020-09-22,481.23076045904503,488.14705132811173,467.8274482726374,481.18304443359375,5113511,-0.006597729881932635,-0.0066195911111080466,2460534790.7246704
2020-09-23,482.7094111872603,487.38386408961827,467.445872493592,470.83245849609375,4284285,-0.021510703789830776,-0.021745431183691835,2017180439.447937
2020-09-24,467.35042282558794,470.1646491360051,455.99817287981836,466.157958984375,9646972,-0.009928159002991821,-0.009977771822689782,4497012777.899414
2020-09-25,475.84073045999384,488.4331594984677,472.5018319087348,486.33441162109375,5153385,0.04328243731090087,0.04237193256393838,2506268461.83197
2020-09-28,490.3411202937999,497.9728887030419,480.3721111640731,493.2030334472656,5554154,0.014123248657804677,0.014024444782560723,2739325601.033264
2020-09-29,495.6834041093246,502.7428141639888,477.0809951269628,480.08599853515625,4918324,-0.026595608750471844,-0.02695567034421401,2361218488.659424
2020-09-30,483.66335086478983,491.7721052678485,472.74037005316166,476.9378662109375,6252142,-0.006557434155181285,-0.0065790285809823905,2981883264.727783
2020-10-01,485.1419854452749,487.67003212028555,476.126976126055,485.66668701171875,3070361,0.018301798660123048,0.01813633653009384,1491172054.7999878
2020-10-05,489.7687815318137,489.7687815318137,478.9888907330938,480.37213134765625,2023148,-0.010901624108994645,-0.010961482244559608,971863916.791748
2020-10-06,483.6633736131961,489.8641860954165,479.70439915866393,482.32781982421875,2973460,0.004071194702898184,0.004062929814130712,1434182479.1345215
2020-10-07,483.663386543068,487.4792712495222,478.5119480119328,481.8031311035156,2157212,-0.0010878259539214286,-0.001088418066023332,1039351496.0540771
2020-10-08,483.4725502738076,484.9035069487848,462.6759915759609,465.7763977050781,5419695,-0.033264070662492484,-0.03382990320369354,2524366013.7602234
2020-10-09,467.63660015228254,470.3553942370162,448.41406103492733,449.558837890625,6721697,-0.03481833749919161,-0.035438944064028415,3021798291.9729004
2020-10-12,452.65926128433546,461.34040362469443,448.7002872663858,452.8500671386719,4422520,0.0073210200103943635,0.007294351425128414,2002738478.9221191
2020-10-13,451.9914825050627,455.5211871184652,445.55217776569174,447.36474609375,2260650,-0.012112885572880261,-0.01218684441477063,1011335113.2568359
2020-10-14,447.12629758602253,468.78142560763735,442.2133227860128,467.25506591796875,8021621,0.04446108013180483,0.04350103959866358,3748143049.1239624
2020-10-15,470.30775815273455,471.4525351321357,449.32039369155774,452.2777099609375,4700083,-0.0320539188325476,-0.03257889453022655,2125742775.866333
2020-10-16,456.71369503645764,464.2977774399212,453.1839900824039,455.1396484375,4313466,0.006327834455537751,0.006307897770915362,1963229398.7871094
2020-10-19,459.71865693481226,461.96049479200235,450.3220359884327,453.9471435546875,3162037,-0.002620085696568908,-0.0026235241284014855,1435397663.9642334
2020-10-20,454.0902925683662,461.72206219136393,453.2794112233445,455.90283203125,2736592,0.004308185444781731,0.004298931782011992,1247620042.9140625
2020-10-21,457.6199589132974,460.10026054042936,437.82505812986204,443.88275146484375,4907120,-0.02636544395403606,-0.026719244875861033,2178185927.368164
2020-10-22,444.21666192309226,448.84342784137823,439.2560293913036,444.7413635253906,3460945,0.0019343217498617449,0.001932453358537758,1539225398.386383
2020-10-23,448.3187422029467,452.18231361717864,444.7413504812918,451.03753662109375,2619194,0.014156931673263706,0.014057658157900839,1181354809.692749
2020-10-26,453.0408931889713,462.00821617394996,448.5095302277061,454.9965515136719,6102517,0.008777572975936065,0.008739274033600938,2776624190.5535583
2020-10-27,455.99816105204417,478.5595705200127,455.99816105204417,475.7930603027344,10455291,0.04570695914040912,0.04469317260686873,4974554901.245636
2020-10-28,478.702696917581,481.5646102808497,467.01655068423406,470.1646728515625,5195173,-0.011829486221574315,-0.011900011329334437,2442586813.9522705
2020-10-29,466.1102943030106,472.5972862633956,462.00820102589205,469.3537902832031,4365903,-0.001724677788829454,-0.0017261667578078582,2049153121.0588074
2020-10-30,471.2617338182378,477.2717402359467,466.3964752781035,470.1646728515625,4403196,0.001727657441245034,0.001726166757807817,2070227206.8413086
2020-11-02,471.2617471815664,475.2684376489135,465.82409999200814,471.02325439453125,6105178,0.0018261294234664938,0.0018244640762490097,2875680810.2178955
2020-11-03,474.8868208708845,481.3261260526508,465.82409505950966,466.9688720703125,8103580,-0.008607605434322707,-0.00864486483352419,3784119612.331543
2020-11-04,468.39982542273117,475.60229581819004,466.4918831603168,470.06927490234375,5024804,0.0066394207782749515,0.006617476900347872,2362005972.8063965
2020-11-05,474.12363339763647,485.76209238172737,473.02657246285526,483.138671875,5208756,0.02780312960333653,0.027423640524982047,2516551455.9609375
2020-11-06,484.3788343532289,486.8591650784523,478.3688279650501,480.99224853515625,3209659,-0.004442665149352987,-0.004452563112604273,1543821099.441101
2020-11-09,487.47923257434934,494.013911325398,482.23239151924383,486.3821716308594,6179187,0.011205841907261371,0.011143521596360291,3005446391.973175
2020-11-10,487.6700457404667,489.8641676602943,472.21570202891075,475.4591979980469,3255303,-0.022457594603411013,-0.02271360658367897,1547763753.620636
2020-11-11,476.5085664103582,481.6600045489737,472.2156964426973,480.2767639160156,2912596,0.010132448669104344,0.010081459551567426,1398852181.4747314
2020-11-12,481.7554631713567,488.910247277862,479.0843554167512,485.3328552246094,2737879,0.010527453519441732,0.010472425745275817,1328782632.3294983
2020-11-13,486.33445941758083,495.11100526002343,484.80812893444977,489.62567138671875,4005435,0.008845096959534393,0.008806208237532833,1961163801.0708618
2020-11-14,494.0139162210915,495.0156324676134,491.29512184681266,492.3922119140625,530739,0.005650317556896711,0.005634414389823603,261331750.15905762
2020-11-17,494.15702710382584,497.8297925284768,489.4825454490203,494.4432067871094,2774413,0.004165368223583599,0.004156717092475263,1371789660.6718445
2020-11-18,494.4431905690671,499.88083727619556,490.34112664115366,493.107666015625,3693589,-0.0027011004563349816,-0.0027047550105347047,1821337051.0109863
2020-11-19,492.15373059618156,503.6967580102728,488.67171267189815,491.86749267578125,3655576,-0.002515015330961101,-0.0025181832947850456,1798059001.4057617
2020-11-20,496.30346837971973,499.69005416416195,491.8674794421905,495.15869140625,2767344,0.00669123042176345,0.006668943502189009,1370274433.7109375
2020-11-23,496.06496251073804,510.2791549191438,495.1109914289866,497.6390380859375,5314636,0.005009195481641138,0.0049966912021567784,2644770346.8168945
2020-11-24,500.0716514676274,506.2724634837397,497.6390368603074,502.5996398925781,4070241,0.009968273039270725,0.009918917527369508,2045701660.876007
2020-11-25,504.8892344527815,505.03235341653254,484.9989300220969,491.1043395996094,2941845,-0.022871684300103445,-0.02313729912525934,1444752845.9294128
2020-11-26,492.7260949638274,499.49926678337727,481.8031137400933,495.921875,3566655,0.00980959647865931,0.009761794743391554,1768782235.078125
2020-11-27,496.8281356814598,520.2004275583839,496.5896429072055,513.2364501953125,18853563,0.034913917026371255,0.03431825130315668,9676335747.653687
2020-12-01,528.4999873732293,528.4999873732293,501.12100526307125,504.9368896484375,5105352,-0.016171027104011415,-0.01630320506878207,2577880559.4404297
2020-12-02,507.5126038588027,516.8615086005209,505.7000355547122,514.4288940429688,3694795,0.018798397560416014,0.01862389125229308,1900709305.5654907
2020-12-03,516.0983829232866,527.4506626956439,515.1444117903416,525.0657348632812,3859218,0.020676989460518103,0.020466122292056303,2026343135.1676025
2020-12-04,526.5920758928571,540.8062693476677,524.4456408009025,537.562744140625,4170295,0.02380084710840591,0.02352202245691083,2241795224.0759277
2020-12-07,537.9920716572763,543.7635857911312,535.1778449628501,541.7125244140625,3707125,0.0077196203023175425,0.007689976495062856,2008196042.0684814
2020-12-08,543.7635193820108,543.7635193820108,532.3158663423895,536.8472290039062,2866169,-0.008981323471187519,-0.009021898685625938,1538694885.506897
2020-12-09,538.0396854795259,543.7635119207974,534.5576677707763,539.4706420898438,2567264,0.004886703226176792,0.004874802047902816,1384963558.4941406
2020-12-10,536.1318382474755,557.7869970958665,534.4147016562524,553.2079467773438,4578520,0.025464415698847498,0.025145598463457795,2532873648.479004
2020-12-11,557.8822797102385,562.2228365084268,544.2881917283398,549.8689575195312,3441778,-0.006035685635507271,-0.006053974011778658,1892526880.8736572
2020-12-14,553.1125140805798,556.1652336980069,545.7669238771475,550.44140625,2482828,0.0010410639164848412,0.0010405223852588952,1366651335.796875
2020-12-15,550.4414321563722,553.9234506414368,540.424733650927,545.0037841796875,3411634,-0.009878657398536661,-0.009927775080073474,1859353440.236084
2020-12-16,548.437986144621,558.2638764257135,547.2932092265056,556.7374877929688,3686970,0.02152958191096266,0.021301094142534716,2052674415.368042
2020-12-17,558.025441727337,566.0865096750732,549.0580895323798,550.7275390625,3608243,-0.010794941713541784,-0.010853629835557821,1987158787.7294922
2020-12-18,551.3952682774784,555.1157786720817,541.378572227455,547.1500854492188,5068565,-0.0064958683914211335,-0.006517058359175473,2773265772.8549194
2020-12-21,547.5794037285513,553.255543339185,528.2138023150134,536.8472290039062,4816486,-0.018830037167688052,-0.019009579752569047,2585717162.6361084
2020-12-22,534.0330812350925,551.4430561280267,525.6381460825603,549.4874267578125,3264707,0.023545241683298856,0.02327232805708815,1793915448.5482178
2020-12-23,551.2043977693662,578.9172419454172,546.6730358020436,577.4385986328125,7582654,0.05086771873912155,0.04961622168911678,4378517099.67749
2020-12-24,586.6922662262116,587.7416112169549,569.5684721765671,573.336669921875,5295707,-0.007103662139402389,-0.00712901327591121,3036223016.261963
2020-12-28,579.728258019898,583.7826352571741,571.6195035453459,574.7199096679688,2351027,0.0024126134235966656,0.0024097077444127993,1351182025.0669556
2020-12-29,579.7282917241406,579.7282917241406,565.8957097574707,571.047119140625,2114428,-0.006390574722677678,-0.006411081860271191,1207438018.0302734
2020-12-30,571.2379201322525,576.1985818195635,562.8906724651645,566.9927368164062,2297999,-0.0070999085510145,-0.007125232839676667,1302948742.2113647
2020-12-31,569.9500285413076,572.1441503614825,559.9810191949816,562.74755859375,2322873,-0.0074871827221145715,-0.007515352370288682,1307191109.6733398
2021-01-01,565.7049047100674,578.8696952318573,563.7969623670317,573.8136596679688,3606724,0.019664414185770696,0.01947356746170554,2069587497.852295
2021-01-04,579.0127737679094,579.0127737679094,569.9977351813917,576.1985473632812,2120531,0.0041562058607884644,0.0041475926943575206,1221846881.8388062
2021-01-05,576.1985747882694,586.0244659913243,573.4320351620541,581.4931030273438,3813409,0.009188769545308118,0.009146809646459024,2217471032.5224
2021-01-06,584.7843145049372,585.5474797792008,567.9944455680269,577.1048583984375,2167700,-0.007546511912282949,-0.007575130906605064,1250990201.550293
2021-01-07,581.6361601636005,582.2085195026357,570.9993596779814,573.1934814453125,2195640,-0.006777584517274282,-0.00680065665120389,1258526535.600586
2021-01-08,578.8696823639865,584.3073295659188,574.8629918875217,581.4931030273438,3458752,0.014479616134335016,0.014375787557808889,2011240433.0820312
2021-01-11,584.784313207969,603.6729302765456,581.4454141929153,600.0478515625,6360644,0.03190880242354943,0.031410293409912415,3816690766.7539062
2021-01-12,603.4821583054611,605.676338647816,591.4621444662973,595.564208984375,4562628,-0.007472141707448476,-0.007500198006097066,2717337935.709961
2021-01-13,597.9490690202188,603.8637014377498,583.1625170892786,591.8436889648438,3660044,-0.006247051054118713,-0.0062666455252876644,2166173942.7336426
2021-01-14,594.2286477050098,594.3240215289088,580.6345589300709,585.73828125,3576000,-0.010315912509808678,-0.01036949032313275,2094600093.75
2021-01-15,581.9223368196186,585.2612354735018,567.6127711601198,574.6721801757812,4492648,-0.018892569306897644,-0.0190733140028204,2581799820.9223633
2021-01-18,573.8135476962477,573.8135476962477,554.2571424962925,557.8345336914062,3346718,-0.029299567762658518,-0.029737372979887985,1866914874.9266357
2021-01-19,562.8429446157555,563.7969157083246,550.7751870044468,555.8789672851562,5743934,-0.0035056388375765968,-0.003511797988124312,3192932100.0740967
2021-01-20,560.9350162047745,574.9584032550491,556.7375200040882,569.1868896484375,6156865,0.023940323607269276,0.023658247191827218,3504406839.335327
2021-01-21,575.6261445325321,584.5457503996893,562.8905963080676,567.8512573242188,4506198,-0.0023465619966118734,-0.0023493194878078066,2558850200.05188
2021-01-22,571.6194260750649,578.9650143075188,555.7834727825672,557.8345336914062,4307126,-0.017639696141578454,-0.017797129715895043,2402663623.760132
2021-01-25,560.7442791307666,562.6999085133245,543.7636028279624,547.1978759765625,2016556,-0.019067764852162994,-0.019251899123989072,1103455159.987793
2021-01-27,546.625492603198,561.4597329824394,540.4723667742886,546.2916259765625,3662455,-0.0016561650543372997,-0.001657538011786402,2000768497.0159912
2021-01-28,545.5761579918599,549.4874166604146,535.6548341229563,538.6121215820312,4769073,-0.014057518053298357,-0.01415726082069224,2568680526.5095825
2021-01-29,547.5793589520357,547.5793589520357,528.7384315316477,534.032958984375,3593336,-0.008501781549598575,-0.008538127846491267,1918959856.7050781
2021-02-01,537.0856962186938,561.65045053065,528.8338234216503,557.26220703125,4707518,0.04349777978320368,0.04257831986941809,2623321870.319336
2021-02-02,562.842948426219,568.948386750305,541.0447321037509,548.8672485351562,5713446,-0.015064647108973928,-0.015179271546609384,3135923385.6741943
2021-02-03,561.8889709377352,570.4747107313509,544.7174913505039,553.4463500976562,10599727,0.00834282164716682,0.008308212668438963,5866380220.18158
2021-02-04,558.0731266680098,562.842982451497,550.9660299054581,560.9827270507812,3816120,0.01361717707921506,0.013525296486582015,2140777404.3530273
2021-02-05,566.563426991769,572.3826270767405,562.0797514345136,565.2278442382812,5918498,0.0075672868036731344,0.007538798517974429,3345299865.668579
2021-02-08,567.612772958818,576.9616775741619,567.5173991444278,569.6160888671875,3970852,0.007763673841687746,0.00773369160746812,2261861185.710449
2021-02-09,569.5207545523284,579.5374512404347,567.1835136799484,571.1425170898438,3072281,0.002679749137163512,0.002676165011055839,1754710303.5473022
2021-02-10,573.0982055664062,578.058867513594,569.8069932400945,573.0982055664062,2435907,0.0034241689561607114,0.0034183198380831527,1396013930.626648
2021-02-11,575.530801444958,593.3700741621929,570.808632457193,582.2562866210938,7033762,0.015979950671170418,0.015853615370212574,4095452143.0965576
2021-02-12,587.8370362641757,587.8370362641757,575.721590973026,579.5374755859375,3621853,-0.004669440412457981,-0.004680376305621622,2098999544.5633545
2021-02-15,580.0144321555666,596.7089265021496,579.4420727825654,594.4193725585938,3234989,0.025678920862900245,0.025354755143062936,1922940131.6139526
2021-02-16,600.9064362025081,605.7239787488222,589.1248578482999,599.427734375,6418986,0.0084256369284339,0.008390339380567451,3847718234.9648438
2021-02-17,606.7256833108271,615.9792155976737,595.5165217087796,603.0529174804688,8556599,0.006047740031996707,0.006029525851775861,5160081990.660461
2021-02-18,608.1088767766308,613.7850163495168,592.5591598130428,595.2779541015625,4457424,-0.012892671859361382,-0.012976503676786277,2653406239.283203
2021-02-19,595.2779132080985,597.2812290487793,582.3516176033011,588.5524291992188,3013104,-0.01129812528081009,-0.011362433935211871,1773369678.6298828
2021-02-22,590.5081845648672,594.8487419661891,583.8303860318234,589.8403930664062,3020000,0.002188358765148335,0.0021859677956698,1781317987.0605469
2021-02-23,591.3667250477341,605.7716657782931,587.6462143613048,598.6168823242188,4222282,0.014879430708680585,0.014769817958826863,2527529287.133667
2021-02-24,623.897059596424,623.897059596424,586.6921890700318,597.13818359375,10479819,-0.00247019216151656,-0.0024732481197473253,6257900082.05127
2021-02-25,599.9524735629251,609.7306777532483,595.6118582929399,599.5708618164062,4977348,0.004073894936705846,0.004065619095718577,2984272829.920166
2021-02-26,596.2319296767616,597.090526945806,576.6755223833638,581.1115112304688,5547291,-0.03078760453771001,-0.03127150074650849,3223594656.245178
2021-03-01,586.5968265354581,599.5708096268925,581.1591798626612,595.8026123046875,2530243,0.02528103606674592,0.02496675653801798,1507525389.1656494
2021-03-02,599.5708259277469,606.7256090533764,593.3700138855347,603.2435913085938,3051386,0.012489000300154762,0.012411656038462835,1840729049.1087646
2021-03-03,605.7717209536778,618.1733467369814,603.8637785254773,607.5842895507812,3601961,0.007195597772984952,0.007169832980887959,2188494915.1746216
2021-03-04,605.6762842790084,614.2142791786976,599.8570255413202,602.0511474609375,2621353,-0.0091067892718798,-0.009148509562392552,1578188581.550171
2021-03-05,604.5315431418047,613.8804489791597,589.5541841011976,593.9901733398438,2839628,-0.013389184880868932,-0.013479628232515618,1686711127.9406738
2021-03-08,598.0444683776398,599.2846190847163,586.6921897092178,587.69384765625,1939925,-0.01060005024694477,-0.01065663097379874,1140081987.4145508
2021-03-09,590.3172381349073,592.3206121533324,574.2905371163489,583.5440673828125,3065358,-0.007061125941656532,-0.007086173671197726,1788771475.3044434
2021-03-10,588.4093439397906,594.9440807004116,586.6922076600864,592.3683471679688,2778304,0.01512187387103947,0.015008678064940714,1645779348.4101562
2021-03-12,594.3240011960014,596.0411375478812,585.1659018354584,586.9307250976562,1884687,-0.009179460881576507,-0.009221851748906532,1106180707.4921265
2021-03-15,588.6955219922203,590.3172844508255,574.6721938918257,579.6805419921875,2765564,-0.012352706708721795,-0.012429635566453564,1603143638.434082
2021-03-16,583.4009584054913,589.5540830533869,580.4913584757054,582.5424194335938,2480801,0.0049369906941689745,0.004924843718876042,1445171816.6732788
2021-03-17,583.8303033417546,584.2119150656209,572.478024153133,575.5784301757812,2263020,-0.011954475803811149,-0.012026505174138565,1302545499.0563965
2021-03-18,578.1065124478267,580.2052606068193,559.9810607374163,567.5174560546875,3387208,-0.01400499688397272,-0.01410399222598688,1922299667.288086
2021-03-19,562.8428909829238,579.6805024526359,550.4889548661956,572.62109375,4874177,0.008992917558505287,0.00895272207875475,2791056564.8710938
2021-03-22,575.2445741854774,594.3716831247649,568.8052692505654,591.9867553710938,3154483,0.033819329801966,0.03326003142079213,1867412156.043274
2021-03-23,592.4160871005691,610.5415390408441,591.9867884357753,604.9130859375,4940745,0.02183550636754239,0.021600526153603496,2988721304.7802734
2021-03-24,603.6729545432482,609.7307065066816,595.8981243168398,600.1432495117188,2938251,-0.007885159929031604,-0.007916412197080763,1763371503.0210571
2021-03-25,604.8177039582866,605.0085098318202,582.8763676948157,586.5491333007812,2981311,-0.022651452335751165,-0.02291193757771429,1748685383.1500854
2021-03-26,591.4620567361762,605.7239357171467,586.7875752555329,599.3800048828125,3557256,0.021875186328937257,0.021639357443708946,2132148118.649414
2021-03-30,601.8125894704162,608.2518937997098,589.1247866593324,599.952392578125,19895244,0.0009549662829082539,0.0009545105926969574,11936199238.725586
2021-03-31,601.0018812087196,615.9792413220936,601.0018812087196,609.4922485351562,4424477,0.015901021606125054,0.015775924731674235,2696684435.3220825
2021-04-01,611.4954457626874,622.8954115059138,611.1615791840152,620.2243041992188,3844057,0.017608190571505533,0.017454962482005947,2384177578.127136
2021-04-05,621.9414695672381,621.9414695672381,609.7783380563759,615.263671875,3568896,-0.007998126307906417,-0.008030282896534352,2195812057.5
2021-04-06,615.5022494199607,647.7464653581711,608.7290187495232,643.5012817382812,7636739,0.04589513594590744,0.04487310817534814,4914251334.80072
2021-04-07,643.8828698837059,643.8828698837059,628.8101366438053,635.1063232421875,3898156,-0.013045752563874524,-0.013131595804320608,2475743524.5844727
2021-04-08,636.3464730638858,646.0293039695144,636.107980265479,639.8284912109375,2477848,0.007435240047120928,0.007407734903927651,1585397747.290039
2021-04-09,639.160616647227,653.4701826915679,634.3907612991134,648.509521484375,2566543,0.013567745720431734,0.013476528011405262,1664427572.7990723
2021-04-12,643.9305883338686,644.5029477887408,620.0813072844661,625.4235229492188,4201041,-0.03559854985986122,-0.0362476290054316,2627429862.274109
2021-04-13,626.7590489822862,646.697069416783,625.8050778270621,633.38916015625,3065417,0.012736388886476213,0.012655963253721753,1941601899.1586914
2021-04-15,632.2920237991173,642.9765116014476,617.3624112471001,628.953125,3193956,-0.007003648681255692,-0.007028289345785275,2008848607.3125
2021-04-16,632.2920631401417,645.4091663813876,629.907135278097,640.4008178710938,2708331,0.018201186091719945,0.018037527376129136,1734417387.4656372
2021-04-19,631.5288495667616,638.015841210208,621.5121533123039,633.5321655273438,2620095,-0.01072555211060422,-0.010783485461810795,1659914459.2373657
2021-04-20,646.1722948332642,665.871821141588,635.6309259288281,648.7957153320312,8230341,0.024092777975972757,0.023807126005228448,5339809976.521545
2021-04-22,649.3681709202249,649.3681709202249,632.4828699858541,634.8677978515625,3013453,-0.021467338873131903,-0.0217011139326325,1913144270.0391846
2021-04-23,636.2987704069666,644.5983312313438,630.574943386814,634.0092163085938,2329094,-0.0013523784729265742,-0.0013532937619981501,1476667061.6490479
2021-04-26,636.298842763623,643.9306129916724,631.5766732898602,639.3515625,1845322,0.008426291060106506,0.008390988046603393,1179809504.015625
2021-04-27,643.8828325773237,648.6050013653997,637.3480953329671,642.6903686523438,2258769,0.005222175635714921,0.005208587362898019,1451689081.3104858
2021-04-28,645.8383874028274,661.1019238850212,643.9304453425531,645.9815063476562,3900923,0.005120876017192577,0.0051078089225967075,2519924115.6862183
2021-04-29,647.126288377366,649.1296626723102,635.3447682916969,640.9254760742188,3247095,-0.007826896317859044,-0.007857687240984821,2081145908.7332153
2021-04-30,640.1146726145328,646.7924709875607,634.4385323523029,638.6837158203125,2206232,-0.0034976925361703826,-0.003503823763649834,1409084451.7216797
2021-05-03,631.385718293627,651.0852438332495,630.5748661886856,645.9337768554688,1985777,0.011351567067659385,0.011287621496816547,1282680437.6027222
2021-05-04,649.6543977095239,654.7104335061597,612.0202216155559,615.5499267578125,7400792,-0.04703864573481631,-0.048180927813152044,4555556973.549805
2021-05-05,619.1273008787351,625.8050991932977,610.5892471028168,619.1749877929688,3332318,0.0058891421760862706,0.0058718689614017635,2063287956.97229
2021-05-06,621.9891682452695,624.8033946853996,608.7766915659528,623.0385131835938,4000163,0.006239795642256851,0.006220408722576869,2492255608.012024
2021-05-07,606.7256495926074,612.4494764755565,585.7382843551272,600.0478515625,14598653,-0.03690086749792787,-0.03759893115077536,8759890368.356445
2021-05-10,598.139829836131,607.6318531349845,592.4160037132972,604.0067749023438,5026811,0.0065976793842938974,0.006576009957399459,3036227900.1536255
2021-05-11,599.0938866477409,619.9858782781567,596.2319731764937,612.06787109375,4619231,0.013346036048535348,0.0132577622456635,2827282884.260254
2021-05-12,615.3114023171904,616.9331649451977,602.0511798141516,610.5892333984375,3137276,-0.0024158067514150616,-0.0024187295207245764,1915586947.7993164
2021-05-14,611.0184789451188,619.6042186961041,608.681238145529,615.4544677734375,2927148,0.00796809722294145,0.007936519567903108,1801526314.434082
2021-05-17,616.2653920380744,627.1406869525881,610.6369386966403,623.2293701171875,2659352,0.012632782359802697,0.012553654471466382,1657386271.8798828
2021-05-18,627.7129706343319,627.7129706343319,618.173259834418,622.943115234375,2267368,-0.00045930903859470185,-0.0004594145533016453,1412441285.3027344
2021-05-19,621.9891951329977,630.5749355566127,620.7490442725202,623.1339721679688,3202046,0.0003063793931199488,0.0003063324685379231,1995303643.0445557
2021-05-20,625.8050596429581,625.8050596429581,610.6368954253256,615.2160034179688,2102743,-0.012706687652499937,-0.012788108065887815,1293641144.6751099
2021-05-21,615.3589943799186,622.4660901191534,614.6435161154138,619.7949829101562,1833201,0.007442880982854838,0.007415319418002419,1136208782.4658813
2021-05-24,620.0811774283765,624.564852971859,609.1105104431051,610.6368408203125,2669967,-0.014776082966730497,-0.014886336707571713,1630380213.9744873
2021-05-25,611.4955157778153,621.9891985758745,611.4955157778153,620.0335693359375,2085253,0.015388407458353903,0.01527120674189058,1292926860.5584717
2021-05-26,621.9891496440488,624.8510629092822,611.1616010808924,612.3540649414062,2314694,-0.012385626802039251,-0.012462967953629401,1417412279.9954834
2021-05-27,613.8803946660985,621.9891489079972,611.6385859012951,618.6979370117188,3543940,0.010359810497738042,0.01030651542947226,2192628366.8933105
2021-05-28,620.5581619504635,627.4267650883824,616.5514719345298,624.8033447265625,2881977,0.009868155928129507,0.009819783647232102,1800668869.0250244
2021-05-31,629.5732487601952,634.390791244036,620.2720303923314,633.293701171875,3417033,0.01358884602166821,0.013497345644658848,2163985475.5964355
2021-06-01,635.1539306640625,636.5372003692178,626.5681909813004,635.1539306640625,2355484,0.0029373882745797886,0.0029330825792472626,1496094921.2163086
2021-06-02,634.8677852805728,643.6920182089654,629.7640630393266,642.5472412109375,3021421,0.011640187031740856,0.011572961232339312,1941405728.086792
2021-06-03,644.8845545151655,651.5623531565947,642.2611336203182,648.700439453125,2485855,0.00957625812942764,0.009530696412443368,1612575230.916748
2021-06-04,649.5111253256531,658.1922962711093,643.9304183238206,655.3303833007812,2398771,0.010220347396782348,0.010168472797872351,1571987518.8807983
2021-06-07,658.2400319637782,674.4575399976683,655.6642984544175,667.7320556640625,3511853,0.018924305479041337,0.018747468340184134,2344976822.880005
2021-06-08,672.6927441145909,682.4709478846382,669.3061001306861,677.748779296875,3981598,0.015001112419038787,0.014889708472498629,2698523184.150879
2021-06-09,679.5135733039584,681.9461878579058,668.4952192237694,670.49853515625,3039558,-0.010697539209361229,-0.010755169250172046,2038019186.522461
2021-06-10,675.7277160149915,689.5915154105359,675.4398982247196,678.9898071289062,2571253,0.012664117112019424,0.012584597838068484,1745854578.5496216
2021-06-11,685.1782127450515,688.2483475204659,680.7168316509847,686.3775024414062,2171601,0.01088042152464519,0.010821655619314113,1490538070.6792603
2021-06-14,686.3774381870362,687.9125054310401,674.0966659987586,685.7537841796875,1798953,-0.0009087102352571819,-0.0009091233626973962,1233638827.3114014
2021-06-15,688.8719486663373,694.7244585113259,686.3774497131762,690.3110961914062,2387652,0.006645697212112722,0.0066237119177149665,1648222669.4436035
2021-06-16,694.6285763291091,707.8207626889506,691.7502811233255,706.0458374023438,4134529,0.022793695911523804,0.022537800856576074,2919166990.069275
2021-06-17,700.9129313542638,716.9834149575173,695.4441580580585,714.7767333984375,4167585,0.012365905347188288,0.012290072064445932,2978892792.460327
2021-06-18,715.7361477707523,717.1273356411024,702.4000218618509,709.7876586914062,3762934,-0.0069799064154068,-0.007004379910482307,2670884113.670288
2021-06-21,699.425737051616,713.7692532475468,698.3223671292113,712.426025390625,1594856,0.003717121123355316,0.003710229700854434,1136216921.1503906
2021-06-22,717.654946255267,727.9688375283206,712.2341334648727,726.0020141601562,3346784,0.019055997795823787,0.01887670640666999,2429771924.9589844
2021-06-23,729.1681484179181,733.9653072890886,721.3487560342828,727.1053466796875,2952360,0.0015197375461935003,0.001518583913753297,2146676741.3232422
2021-06-24,731.08696016885,732.8139255283022,723.4115065187834,726.7215576171875,1668843,-0.0005278314404543183,-0.0005279707925075052,1212784184.37854
2021-06-25,724.370979361319,732.4781894514148,722.9318317202037,726.865478515625,1588289,0.00019804132260703433,0.0001980217150130042,1154472444.0061035
2021-06-28,731.0870397252642,738.4746763791838,728.2087442932749,734.5889892578125,1486902,0.01062577735561221,0.010569720531980803,1092261837.30542
2021-06-29,735.30853162229,740.5854063549266,725.1864796060693,727.2972412109375,1506378,-0.009926296409972335,-0.009975890553886509,1095584563.6208496
2021-06-30,733.9653024371182,737.179375435928,718.9981902816354,723.7953491210938,1733070,-0.004814939327988044,-0.004826568492518628,1254388005.701294
2021-07-01,725.1384989980586,729.1681240268624,719.5738066054563,725.3783569335938,1914434,0.002187093098100501,0.002184704891510145,1388688989.3778076
2021-07-02,727.1533561143167,737.6111271885721,722.6440151194233,732.6220703125,1916135,0.009986117327139166,0.00993658553804738,1403802790.6982422
2021-07-05,739.1941895249162,740.2015811315582,733.965274874455,735.2125244140625,1020895,0.003535866863057402,0.003529630382407395,750574790.1116943
2021-07-06,736.8435523070345,737.8029840157676,727.2492352197033,731.66259765625,1411602,-0.004828436186722573,-0.004840130744196241,1032816386.1767578
2021-07-07,728.2087343185719,734.9727167792822,720.7731378877828,732.0944213867188,2104914,0.0005901951689919471,0.0005900210723205047,1540995796.8988037
2021-07-08,731.9984508334219,734.9247059009795,726.2898203225085,732.334228515625,1540033,0.00032756311467574406,0.00032750947759139663,1127818878.9436035
2021-07-09,732.0464346090328,741.4008942911272,728.8803215053681,734.8767700195312,1151792,0.003471832129244845,0.003465819233235983,846425184.6943359
2021-07-12,739.7218568468794,754.9288262001963,737.8989131534621,744.423095703125,2992685,0.012990376173327656,0.012906724898937877,2227823832.1643066
2021-07-13,749.2202988316986,749.2202988316986,735.5963558728691,741.496826171875,1500414,-0.003930922546789173,-0.003938668929775173,1112552218.9438477
2021-07-14,742.2164190594779,745.1906927829468,732.4302615203227,737.0355224609375,1094262,-0.006016618754755676,-0.0060347915344989116,806509964.8791504
2021-07-15,737.802956129444,743.1757500716514,732.5260819308589,741.0170288085938,965602,0.005402054889243502,0.005387516126689477,715527525.0516357
2021-07-16,741.0170496854527,743.5116072395917,730.511319423175,732.04638671875,980383,-0.01210585147316623,-0.01217972409244958,717685832.7504883
2021-07-19,730.1276387809361,738.7625254419457,727.7770190336244,734.4930419921875,1695546,0.003342213441424269,0.003336640659578986,1245366739.3776855
2021-07-20,731.0869811064301,736.843571508843,716.695505100398,726.3857421875,2195159,-0.011037953174747317,-0.01109932339885693,1594532199.4345703
2021-07-22,732.5261399704951,734.8287995904927,724.4668898595703,733.19775390625,1464419,0.009377953507506476,0.00933425350015157,1073708721.5776367
2021-07-23,736.0280981654903,745.4784775786063,734.9247282177766,743.7035522460938,2021122,0.014328737757135945,0.01422705159939486,1503115610.9227295
2021-07-26,748.59654317808,754.1132751527982,739.5299023947742,744.854736328125,2154261,0.0015479071984454418,0.0015467104249349897,1604611509.136963
2021-07-27,748.7404925986307,756.1760879806224,733.0057899150495,738.5225219726562,2001824,-0.008501274203725151,-0.008537616150419423,1478392109.0253906
2021-07-28,737.7549661145333,738.7623576176546,709.2118750247604,724.2749633789062,3112462,-0.01929197576221986,-0.019480494463996467,2254278301.0682373
2021-07-29,724.3709263685439,729.0721650758856,718.1346203799405,720.72509765625,1742057,-0.004901268029610328,-0.00491331863538324,1255544201.447754
2021-07-30,721.4926058884298,731.0869224560951,714.9684823342296,725.5701904296875,1613176,0.006722525397260926,0.006700029984447859,1170472417.5166016
2021-08-02,732.0465017907155,739.7219565932394,725.9061145250672,728.7364501953125,2054226,0.004363822835320663,0.004354328970128133,1496989363.138916
2021-08-03,729.1681361271981,739.4820275263656,728.7363801242566,736.5078125,2946289,0.010664160277154666,0.010607699172088241,2169964866.3828125
2021-08-04,738.7624797286861,738.7624797286861,724.5149410432607,727.9688720703125,5426419,-0.011593821932048387,-0.011661554312599633,3950264118.810913
2021-08-05,730.1275217366506,739.4340209134377,726.5776127443837,737.1793212890625,2469893,0.012652256946860785,0.012572885924502104,1820754045.3966064
2021-08-06,741.6407458170587,765.962317356514,740.6813140630909,749.6519775390625,7849735,0.016919433155273333,0.016777893825368734,5884569365.907593
2021-08-09,751.6668157717586,751.6668157717586,732.0464247849106,733.8213500976562,1661739,-0.021117302315902142,-0.021343462134933693,1219419556.4899292
2021-08-10,734.8287977074184,743.1278471751314,730.1755186037367,740.5853881835938,1429806,0.009217554224931312,0.009175331831795204,1058893431.5372314
2021-08-11,740.5853733345866,742.7920545943957,721.4926585477941,733.9652709960938,1391781,-0.008939032950321835,-0.008979225808167039,1021518918.8322144
2021-08-12,734.5889976483065,744.7109916546016,732.0464798973806,742.840087890625,880420,0.012091603302274656,0.012019083865957908,654011270.1806641
2021-08-13,745.4784678448781,777.9072492001908,742.8879904146849,774.6931762695312,7956492,0.04288014190154521,0.04198625273404298,6163840059.443115
2021-08-16,774.6452321088425,782.3686461214728,767.6413333624031,769.6082153320312,2604160,-0.0065638385534595445,-0.006585475273667064,2004182930.0390625
2021-08-17,772.342637872359,801.1255933210183,772.342637872359,799.0148315429688,7580699,0.03820985226652063,0.0374979341237378,6057090934.462952
2021-08-18,805.2031284071131,810.5759229984748,796.472322556383,807.2659301757812,3048603,0.010326590079534403,0.010273635099108142,2461033336.5316772
2021-08-20,799.1586914218846,817.8196507540363,793.1622429577654,812.926513671875,3782381,0.007012043100668386,0.006987573049885939,3074797799.70874
2021-08-23,815.1812688744014,815.229228753563,789.612387460703,798.7269897460938,2161681,-0.017467167925971583,-0.017621518927811768,1726592957.9213257
2021-08-24,799.6863340400255,806.354396167649,793.4500278957421,802.9484252929688,1170096,0.005285204583129088,0.0052712869063614755,939526740.6416016
2021-08-25,802.1809417334737,816.140721917696,799.4465844003778,802.0850219726562,1777820,-0.0010752911309309665,-0.0010758696712091004,1425962793.7634277
2021-08-26,807.8415383406004,822.0411166138713,800.6937600484575,818.68310546875,2464570,0.020693670921908325,0.02048246568496807,2017701821.2451172
2021-08-27,819.3067614463704,825.9748238762062,809.7604037425682,813.5501708984375,2366396,-0.006269745321510589,-0.0062894827169192495,1925181870.213379
2021-08-30,815.5169702559831,827.7497248098227,815.5169702559831,825.5910034179688,1875514,0.01480035645033917,0.014691899994740415,1548407485.1844482
2021-08-31,827.0301383616413,832.4989108491635,821.7053040550005,829.8604736328125,2132008,0.005171410779875263,0.005158084957604379,1769269168.6689453
2021-09-01,835.7609850365794,839.2149745176251,817.7236796102321,832.2590942382812,2051666,0.002890390230261941,0.0028862210841277955,1707517686.8394775
2021-09-02,831.2516831813334,839.5027727239077,827.0781199757806,836.0968017578125,1314628,0.004611193252317181,0.004600594270856898,1099156266.3012695
2021-09-03,838.1114932347829,838.1114932347829,827.1740077287086,834.5615844726562,1075187,-0.0018361716991723842,-0.0018378595288399697,897309766.3244019
2021-09-06,834.5617030081069,842.0453176729937,827.9896187970186,834.7536010742188,985142,0.0002300808054611636,0.0002300543409318851,822350832.069458
2021-09-07,834.7055695090484,852.9347716017747,829.8604511909522,833.0745239257812,2840271,-0.0020114643965317702,-0.002013490107927751,2366157411.1452026
2021-09-08,838.8311576622739,845.5951397101396,820.8418125567448,844.1080322265625,1601842,0.013244323267487479,0.013157384011191289,1352127698.5578613
2021-09-09,839.502794540295,851.5436514816023,837.1521750037687,840.0784301757812,1685368,-0.004773798965225007,-0.004785229937456779,1415841303.708496
2021-09-13,841.2296601901363,848.1375797916543,835.3771505405377,846.3146362304688,1064009,0.007423361713242205,0.007395944166981165,900486389.7809448
2021-09-14,848.9051299859484,849.9605399584872,841.9972102494706,845.547119140625,622424,-0.0009068933195606199,-0.0009073047961028469,526288820.0839844
2021-09-15,849.0971180663155,851.399777742326,835.1853573748335,836.1927490234375,1945751,-0.011063097378529174,-0.011124748564071002,1627022877.6051025
2021-09-16,838.0636800944942,847.1782822248865,836.000878293988,838.5433959960938,1294536,0.0028111305382658713,0.002807186700181218,1085524613.6791992
2021-09-17,844.2039882125245,845.2593396738489,831.1556817722453,838.687255859375,1829129,0.00017155923470180134,0.0001715445200992222,1534067181.6228027
2021-09-20,834.7536051945116,841.3737078741054,820.3141686741085,822.2330322265625,1081450,-0.01961902189148257,-0.019814029690498985,889203912.701416
2021-09-21,820.3141619181852,829.3808038406735,816.4764348448838,824.0559692382812,1478291,0.002217056406481621,0.002214602363425435,1218194522.821228
2021-09-22,827.0302346782576,828.3254442207724,817.3399966514796,819.4987182617188,982114,-0.005530268751981704,-0.005545617302110365,804841164.1868896
2021-09-23,822.3769312484529,824.8714303242078,814.6054990957107,816.140625,1464265,-0.004097740712568521,-0.004106159458471518,1195046152.265625
2021-09-24,816.1406289368717,817.4358383557104,800.1660671228433,802.8045043945312,2846056,-0.01634046902820052,-0.01647544691342301,2284826576.559082
2021-09-27,803.140224082142,808.2252587585403,795.3688510121618,801.1734008789062,1433229,-0.002031756805917717,-0.002033823623765575,1148264952.168274
2021-09-28,803.0443864386666,803.4281825678796,783.8557511593675,789.3245239257812,1933307,-0.014789403817109359,-0.014899857431340728,1526006627.3773804
2021-09-29,791.0515200974249,795.7527593469806,778.0991907810936,790.0441284179688,2156442,0.0009116712712895492,0.0009112559514403838,1703684340.3739014
2021-09-30,789.612309567081,790.5237814175194,777.9551906862981,780.5936279296875,1622014,-0.011961990663996835,-0.012034110986401258,1266133792.8127441
2021-10-01,779.9220313336288,786.7339727964119,763.7076126170048,768.74462890625,1989799,-0.015179471878170148,-0.015295859363844118,1529647293.8530273
2021-10-04,772.3905151415946,784.0955941506088,769.2244020926896,781.2652587890625,1709463,0.016287112016153626,0.016155899802176913,1335544053.0853271
2021-10-05,781.936872917945,785.966497962587,767.257578917311,768.9365844726562,3499870,-0.015780394914161833,-0.015906230929678158,2691178083.8983154
2021-10-06,776.5159805159751,800.1659940515547,770.4236129776959,787.3576049804688,5215518,0.023956488584095492,0.023674034097427462,4106477761.2125244
2021-10-07,794.4094774708062,796.9999548700241,788.0292330022754,791.0994262695312,1500439,0.004752378417879566,0.004741121518175684,1186996432.0524292
2021-10-08,793.3541826704076,795.3210061580808,779.490381381721,785.5347900390625,1747911,-0.007034054185463212,-0.007058909770204999,1373044900.3919678
2021-10-11,788.0773278120283,792.9704067165965,780.0180770243109,783.13623046875,1772719,-0.0030534097289226514,-0.003058080895489385,1388280475.340332
2021-10-12,784.3354927032273,789.6123675776832,780.5936852777126,783.040283203125,1246493,-0.00012251669874541182,-0.00012252420452920973,976054231.7307129
2021-10-13,786.734097145312,819.3547792220689,784.8631933732132,813.7421264648438,7233280,0.03920851062237696,0.03845937593115024,5886024648.515625
2021-10-14,825.0633323045842,825.1112921795255,811.679247888231,815.1331787109375,2352197,0.001709450943798263,0.001707991495533726,1917353817.564331
2021-10-18,827.9895646843554,827.9895646843554,807.8894586734264,809.71240234375,1914236,-0.006650172645113028,-0.00667238356896857,1549980630.2128906
2021-10-19,814.5575789952208,827.0301921011546,806.0186127529156,809.0888061523438,1915361,-0.0007701452881310189,-0.0007704420023652615,1549697144.8407593
2021-10-20,806.8821040230357,817.3399335511227,789.180576473856,793.402099609375,1535158,-0.019388114658967504,-0.019578529360144835,1217997580.432129
2021-10-21,803.1882676201355,804.7233349099001,775.2208102619365,781.7449340820312,2257911,-0.014692632566870034,-0.014801638331485845,1765110485.8580933
2021-10-22,785.4388873185687,788.4610624332561,757.9511420961372,762.9881591796875,2948977,-0.023993471635820662,-0.02428600369369041,2250034532.6932373
2021-10-25,760.8294126398124,768.1210708505637,742.2164124126382,756.9437255859375,2954698,-0.007922054256056299,-0.007953600445412988,2236540112.1013184
2021-10-26,754.2092602731136,778.9626457787758,754.2092602731136,776.0843505859375,1776800,0.025286721262117062,0.02497230153437407,1378946674.1210938
2021-10-27,779.0586253578244,787.8854096722148,776.803984040577,785.5347900390625,1930632,0.012177077718407814,0.012103533541028569,1516578602.7626953
2021-10-28,784.8151391608326,789.1805417316381,773.2539987615354,776.8518676757812,1822874,-0.011053517264142387,-0.01111506132521983,1416103071.437622
2021-10-29,774.261454704148,785.2949202916298,761.9327796235027,776.6600341796875,2220844,-0.00024693703404188305,-0.0002469675280114373,1724840776.947754
2021-11-01,788.1731504587219,796.3283200008998,773.3019589406327,791.4352416992188,1552830,0.019024034801967016,0.018845340617939257,1228964386.3677979
2021-11-02,794.3135093311869,802.0848824963423,789.4203726398507,799.97412109375,1251565,0.010789106858823061,0.010731319721579886,1001219610.8666992
2021-11-03,799.2066361429385,804.9632265593342,786.7819834490712,793.3541259765625,1044563,-0.00827526158988301,-0.00830969164377688,828708365.892456
2021-11-04,800.1660269802825,800.7416625688733,792.4905734840687,793.8338012695312,175837,0.000604616875696351,0.0006044341685546673,139585354.11383057
2021-11-08,796.3284077555774,804.19576036329,783.9037540191431,802.4207763671875,891122,0.010817094313600117,0.010759008056491614,715054807.0778809
2021-11-09,801.989064492804,807.3618591454859,792.4906662556998,801.7492065429688,1481130,-0.0008369297555568256,-0.000837280176796978,1187494802.2869873
2021-11-10,803.0922860740981,811.679211429282,797.0478781263309,808.2252807617188,1371873,0.008077431403610502,0.008044983567573516,1108782440.5944214
2021-11-11,807.9854726653889,807.9854726653889,789.9961273310862,803.6680297851562,1411243,-0.0056385899885085244,-0.005654546848100206,1134170881.3580933
2021-11-12,808.0814451294752,818.2513989315786,805.9227235485417,813.5022583007812,1180441,0.012236680011091128,0.01216241704986955,960291419.2908325
2021-11-15,817.9156631655422,823.1925384117715,813.0705439694555,817.963623046875,1190768,0.005484145496304382,0.005469162325356257,974004907.4882812
2021-11-16,821.1776687526947,823.19245202984,796.376322562509,799.5904541015625,1669041,-0.022462085632700024,-0.022718200798293703,1334549251.104126
2021-11-17,800.0701097397684,812.9744191234234,798.726881950101,802.4686889648438,1439354,0.0035996363494801287,0.0035931731639905185,1155036517.3363037
2021-11-18,803.2362628907222,808.8009552601771,788.9407065686656,798.295166015625,1132067,-0.0052008545711639265,-0.005214426091418796,903723613.7058105
2021-11-22,798.2952203366783,805.0112429607267,774.6932213957934,779.7781982421875,1951384,-0.023195640612303392,-0.02346889326798363,1521646699.5986328
2021-11-23,769.4642644165305,790.4278247553741,769.4642644165305,787.6455078125,1025086,0.010089163287775094,0.010038607439621207,807404383.0214844
2021-11-24,790.5717160974139,796.3283062631717,763.7076286572105,766.5379638671875,1634131,-0.02679827883984731,-0.027163899516839885,1252623449.432251
2021-11-25,766.5860036214597,777.6194692555607,763.323912097315,775.0289916992188,1767252,0.011077113244586156,0.011016211357680642,1369671535.6384277
2021-11-26,767.7373398877418,772.3426008268206,732.1904033254766,735.5963745117188,2616604,-0.05087889306056237,-0.05221887319355319,1924764415.9328613
2021-11-29,735.6443174875125,743.4637099199737,718.8542613335752,734.9247436523438,1584564,-0.0009130426449163176,-0.0009134597222442858,1164535291.5007324
2021-11-30,733.9653012068593,757.6153176693741,733.1977675056461,747.0135498046875,3529356,0.016449039519701225,0.01631521954838969,2636476754.0844727
2021-12-01,757.8551083875177,758.7665216373885,736.3158554332196,741.4487915039062,1263844,-0.007449340513617453,-0.007477225419745633,937075606.4494629
2021-12-02,741.4488592265958,749.2202916894189,732.5741153650788,741.880615234375,1766820,0.0005824053332028623,0.0005822358010378883,1310769508.6083984
2021-12-03,736.3638157291613,749.3161434325406,735.9800196328434,742.887939453125,1408239,0.001357798273825761,0.0013568772993203604,1046163768.9675293
2021-12-06,745.4784971080144,746.4379288932242,715.3043557513524,717.2711791992188,1654143,-0.03448267079522649,-0.03509122884918739,1186469100.1741333
2021-12-07,727.5850828471064,734.4450436477182,713.8172599267176,729.8397827148438,1741795,0.017522805711581713,0.01737105155919079,1271231284.3338013
2021-12-08,727.824909162229,742.2644039865685,727.824909162229,740.8252563476562,1002435,0.015051897543799209,0.0149397417716507,742629165.8468628
2021-12-09,741.6406873304361,747.4452372723741,734.9726254543979,745.9581298828125,935828,0.006928588747718845,0.006904696373505747,698088504.7719727
2021-12-10,749.9398781977876,750.2276960214849,734.3010932544296,738.4266967773438,1412794,-0.010096321500848715,-0.010147635032214742,1043244806.6468506
2021-12-13,742.6001611956254,745.7183143272608,721.4926630737859,723.5074462890625,1944410,-0.020204104961795255,-0.02041099937798344,1406795113.638916
2021-12-14,722.4521462090358,723.3636181318706,702.6878745305308,709.4998168945312,2333787,-0.01936072595572813,-0.01955059953268741,1655821449.1708374
2021-12-15,711.8983201551207,720.05348959086,705.3741963183421,716.0238647460938,1676700,0.00919527771003259,0.009153258532867282,1200557214.0197754
2021-12-16,716.6955247316679,719.5738200117148,705.4701614276717,710.2193603515625,1452909,-0.008106579515460122,-0.008139616496931595,1031884100.6290283
2021-12-17,708.0606432425883,708.8281769435039,691.7982630985771,696.8832397460938,1693819,-0.018777467005218318,-0.018956002129749867,1180394072.2634888
2021-12-20,688.3443045783769,690.3590877824179,668.3401179253855,680.7647705078125,2520192,-0.023129368478073786,-0.023401049706937512,1715657928.515625
2021-12-21,681.7242043557499,696.1636401871313,676.2074719056922,677.0709838867188,2695789,-0.005425936800957487,-0.005440710661631988,1825240510.5809937
2021-12-22,677.5507722416912,688.4403001236616,675.2481124186406,685.94580078125,1035751,0.013107660948022737,0.013022498936202847,710469049.1049805
2021-12-23,690.7909249226007,700.0014471646064,683.3553281612809,697.26708984375,1095354,0.01650464081798564,0.016369919563285297,763754295.9287109
2021-12-24,699.4257862345881,699.4257862345881,685.0343091515718,689.7835083007812,931510,-0.010732733054482413,-0.010790744286655765,642540235.8172607
2021-12-27,681.1965753373456,695.1083363829675,678.0784219995338,689.3517456054688,691930,-0.00062593942899003,-0.0006261354108605329,476983153.336792
2021-12-28,692.997542272541,699.9534224696704,690.2152253291293,697.4589233398438,819253,0.0117605820048432,0.011691963829438998,571395315.322937
2021-12-29,698.4662909390788,699.3298029091953,690.7908371924955,697.1710815429688,783940,-0.00041270071575916223,-0.0004127859001374651,546540297.6647949
2021-12-30,699.4257403363239,707.9166878344757,695.8758311769874,698.46630859375,2230935,0.0018578324389397771,0.001856108802742165,1558232934.1625977
2021-12-31,700.3851819499478,714.776658291385,699.4737100698434,713.28955078125,865277,0.021222558633277933,0.021000496459729415,617193042.6313477
2022-01-03,716.6954755324093,718.9981350220023,709.9794536733373,717.6549072265625,925699,0.0061200342000400365,0.0061013828499847,664332429.9647217
2022-01-04,721.4926490985201,726.0019898671989,701.3925429736568,708.8760986328125,2352482,-0.01223263229353011,-0.012308066745779814,1667618262.263916
2022-01-05,710.2193559160091,713.337509116586,697.0271692981839,703.839111328125,2076552,-0.007105596188674124,-0.00713096116420694,1461558514.3066406
2022-01-06,703.2634117276175,705.134315189592,693.2373390982696,696.0197143554688,2077754,-0.011109636913898213,-0.011171809838009887,1446157745.5809326
2022-01-07,696.0198182923014,714.4409207565385,695.6360221446644,706.2377319335938,2107056,0.014680643906167523,0.014573926439639912,1488082450.4970703
2022-01-10,710.411259734363,712.8577990151316,701.3446178735683,702.2081298828125,1592097,-0.0057057303349520305,-0.005722070197823509,1117983456.9620361
2022-01-11,706.5735036357379,713.4334053150942,701.1047311065355,708.6842651367188,1905347,0.009222529586758066,0.009180261739664818,1350289438.5254517
2022-01-12,712.857834846374,713.1456526775665,703.4074549412851,706.2377319335938,1817215,-0.003452218884319458,-0.0034581915418412735,1283385800.0357056
2022-01-13,707.1011500972492,709.4517694315017,694.2447421264014,700.5770263671875,1604671,-0.008015297555552414,-0.008047592739103816,1124195637.4776611
2022-01-14,700.5770775257222,745.4784718397797,697.5068842053023,731.5667114257812,8733345,0.04423451511005072,0.04328409556607325,6389024481.39679
2022-01-17,736.8435937973409,740.0576667789496,728.4485658732176,734.0612182617188,1857366,0.0034098145760019793,0.0034040143396943797,1363420348.7178955
2022-01-18,732.8138972275243,738.7623852884122,698.8500512730786,701.7763061523438,2674149,-0.0439812256882699,-0.04497772772217533,1876654407.320984
2022-01-19,705.1343508090624,708.0606058286552,685.0342446634957,688.5361938476562,2426249,-0.018866570712937847,-0.019046815121371585,1670560251.7866821
2022-01-20,698.5141921883804,715.97585970815,688.1043823418759,694.100830078125,5297725,0.008081835465137521,0.008049352331092746,3677155320.025635
2022-01-21,691.7502391464235,712.8097761692817,683.1153540530562,697.0750732421875,4854277,0.004285030409382662,0.004275875809087929,3383795495.312866
2022-01-24,695.5880330491087,695.5880330491087,660.5687734542225,663.3991088867188,3114690,-0.0483103838426433,-0.049516330799386166,2066282570.458374
2022-01-25,662.0079277143677,681.1486034231403,647.6164510249249,679.037841796875,2030546,0.023573641719839333,0.023300074405160603,1378817573.5092773
2022-01-27,671.6022214565869,680.7168230334978,659.6093246448621,677.3108520507812,3118535,-0.0025432894012560325,-0.002546529055830487,2112217598.000183
2022-01-28,677.8384568061721,700.2891807100007,677.8384568061721,688.7760009765625,2074152,0.016927454936041197,0.016785782109206497,1428626119.977539
2022-01-31,696.5474282110993,707.0532172492367,692.7576612080551,697.794677734375,1682459,0.013093773222391025,0.013008790797024062,1174010935.7062988
2022-02-01,702.3040849361316,709.0201076062858,687.960567664488,706.2377319335938,2063749,0.012099625389279112,0.012027010080527745,1457497413.0402222
2022-02-02,711.5145260437051,714.6806975042817,704.7985041366511,712.330078125,1771997,0.008626480738612052,0.008589485261908609,1262246761.4472656
2022-02-03,719.5738164876793,737.8030198387005,703.599254338026,708.1565551757812,8154082,-0.005858973357132924,-0.005876204478952817,5774366619.740845
2022-02-04,710.9389877995395,716.2638227574788,692.9016810624587,704.0310668945312,1931658,-0.005825672658252734,-0.005842708083306555,1359947242.6153564
2022-02-07,699.4257807550988,706.861377189738,673.5690820867006,676.20751953125,1908753,-0.03952034032533602,-0.04032247380706101,1290713131.527832
2022-02-08,676.4952779286036,681.1965167495149,663.3030918647927,668.81982421875,2410446,-0.010925189530014645,-0.010985307682275167,1612154070.008789
2022-02-09,677.3588209005222,680.2371161734706,668.2921790789213,671.7941284179688,2206837,0.0044470933598492746,0.004437234258928562,1482540138.975525
2022-02-10,677.5986395301045,682.1559401145547,670.6427596906804,678.0303955078125,1770292,0.009283003268471202,0.009240181002452955,1200311784.9243164
2022-02-11,666.8050551040367,674.5764287255078,662.0078964342234,672.5616455078125,2013324,-0.008065641358016351,-0.008098344610449991,1354084502.380371
2022-02-14,661.0485070825133,672.3697905573084,656.2993079830965,666.1334838867188,2069409,-0.009557728520543596,-0.00960369674346237,1378502626.7565308
2022-02-15,664.8861115284456,677.3587225672187,661.1923232213554,673.52099609375,2209622,0.011090137916393239,0.01102909325140114,1488226810.430664
2022-02-16,676.8790883106444,679.6134453288116,667.8124467128843,672.5616455078125,1217196,-0.0014243811128406003,-0.0014253965079388457,818639344.6655273
2022-02-17,673.0414420548551,696.6914605556791,673.0414420548551,691.126708984375,3442092,0.027603512035755617,0.02722940395479239,2378921715.9814453
2022-02-18,686.5693292209185,695.2042148746368,683.3072964427312,688.3922729492188,1686289,-0.003956490176995953,-0.003964337790432433,1160828317.5592651
2022-02-21,681.6762462421061,692.0860571206991,675.9196558445655,684.2667236328125,1542807,-0.005993020954072503,-0.006011051177246048,1055691491.0877686
2022-02-22,662.0079746799686,687.8167147976429,662.0079746799686,686.1856689453125,1861977,0.002804382043177789,0.0028004571001698756,1277661933.3057861
2022-02-23,685.9936848339472,701.5364905238162,685.1301728559846,693.9089965820312,1816654,0.011255448760085107,0.011192577519519457,1260592554.2767334
2022-02-24,670.6427937583651,685.5619457703608,646.7049598659062,650.2069091796875,3091298,-0.06297956593387022,-0.06505018901338372,2009983317.9333496
2022-02-25,662.0079379253106,684.4106468937929,657.7864146076663,680.7168579101562,1771881,0.046923445905797445,0.04585581164669627,1206149266.9107056
2022-02-28,671.1225088422839,691.5583933968617,666.3733099699712,689.4476318359375,1935344,0.0128258523706688,0.012744297724446518,1334318337.5878906
2022-03-02,683.0674777759236,689.4476640736251,673.0893636899365,682.156005859375,1938441,-0.010576040354429161,-0.010632364142977918,1322319170.1540527
2022-03-03,683.2593225680322,689.5915484940559,656.7789719704215,659.1775512695312,2112330,-0.033685043292839834,-0.03426545576988989,1392400516.873169
2022-03-04,660.4728284561409,660.4728284561409,630.8263644812293,642.7713012695312,2833168,-0.02488896954758646,-0.025203937080736497,1821079082.0751953
2022-03-07,632.2655001183056,646.1772599843381,623.8225127390091,633.0809936523438,2137318,-0.015075824944343785,-0.015190620412060343,1353095403.19104
2022-03-08,632.2655249750909,659.849187862851,631.3060932224731,655.9635009765625,2850859,0.036144675884527855,0.035506782624531094,1870059450.430542
2022-03-09,657.2107602405754,677.2629075897909,650.7825556913722,670.7867431640625,1920634,0.022597663079473085,0.02234611838780135,1288335825.670166
2022-03-10,676.9270697728157,697.9866087167001,676.9270697728157,694.8204956054688,2574455,0.035829200094266156,0.03520226547172624,1788784099.013977
2022-03-11,694.9164651988024,696.5954709072016,678.7500622301297,687.3849487304688,2305707,-0.01070139254962632,-0.010759064265015562,1584908287.982483
2022-03-14,690.7908026674455,694.6285293489312,680.8607083027257,692.9495239257812,1584725,0.008095282280459859,0.008062691253754037,1098134434.3032837
2022-03-15,694.6285339609371,742.6001177980185,694.3886760417518,718.2305297851562,9386502,0.03648318526311978,0.0358334301505509,6741672304.289429
2022-03-16,723.4115148128906,724.8986222628282,710.555106378001,717.510986328125,1959778,-0.0010018280025585469,-0.0010023301676486166,1406162245.7641602
2022-03-17,727.2492541310954,743.0319178619804,723.6513851297872,740.9691162109375,3099238,0.03269375707103794,0.032170686427639025,2296439641.7873535
2022-03-21,740.6813345298771,742.4562599001359,715.064494279271,717.4630737304688,1889226,-0.03172337681315329,-0.03223746477438077,1355449892.9315186
2022-03-22,719.5737648224468,727.2492183138862,701.7283588784752,722.3561401367188,3047970,0.006819955737663808,0.0067968050377598755,2201719844.4525146
2022-03-23,728.6884168264343,729.1681327032127,714.8725761515888,718.4224853515625,1103251,-0.005445589185982036,-0.005460470456217342,792600325.3865967
2022-03-24,717.6548435126182,721.1087738813015,708.7321412609707,710.4591064453125,1179087,-0.011084534613853392,-0.011146425849668058,837693096.4412842
2022-03-25,709.9794876592211,709.9794876592211,679.8533075970818,703.5992431640625,2968621,-0.009655535721925568,-0.00970245265665164,2088719488.8409424
2022-03-28,704.2228919095172,715.9279707620608,698.61023969599,711.1787719726562,1833105,0.010772508473017695,0.010714898371194269,1303665362.796936
2022-03-29,711.8982918779635,717.4150239241876,705.7579058289765,713.0496215820312,985708,0.0026306319635858166,0.0026271779075626067,702858716.3903809
2022-03-30,719.5738521030889,750.9952436449239,718.6144203002849,734.7808227539062,8328100,0.03047642199663514,0.030021240928092146,6119328169.976807
2022-03-31,736.7956021731505,748.356742704399,734.8287788560609,745.8622436523438,2892133,0.015081260364016025,0.01496866876109914,2157132808.320984
2022-04-01,748.3087763232918,760.3496326105482,747.3973044840593,757.7591552734375,3082307,0.015950548137195986,0.015824674878405668,2335646348.6134033
2022-04-04,759.8699812503339,762.7482766338579,750.035805356627,756.128173828125,1565651,-0.0021523744503277875,-0.0021546941373694582,1183832831.4821777
2022-04-05,758.9105285849423,777.1397321792709,756.2241313460128,773.9256591796875,2912280,0.02353765666666985,0.023264917495810777,2253888218.7158203
2022-04-06,777.5714347348846,779.5382580125188,764.715026502191,776.4201049804688,2004175,0.003223107763897115,0.0032179246861607945,1556081763.899231
2022-04-07,776.1802898384999,785.1029934486866,769.5122274290628,772.2466430664062,1965237,-0.005375262550893711,-0.005389761254204007,1517647676.079895
2022-04-08,777.6194235256824,786.5900868509333,771.3831172296713,784.52734375,1406219,0.015902562728961955,0.015777441731495263,1103217256.8007812
2022-04-11,784.5273279198381,790.5717360345025,776.6599761164196,788.1731567382812,1231236,0.004647145848166945,0.00463638120293423,970427164.8098145
2022-04-12,788.1730998720374,789.4683091749222,769.991858406634,779.1544189453125,1193490,-0.011442584305067283,-0.011508554401267659,929913007.467041
2022-04-13,779.1545823419538,790.0921288609254,778.1471906107762,784.4314575195312,1036739,0.006772776289149407,0.006749944073501681,813250684.8373413
2022-04-18,783.0882244742999,791.435292607375,776.180304000063,788.9407348632812,1480954,0.005748465720649243,0.005732006338915368,1168384937.0587158
2022-04-19,791.5311780252143,802.900420613223,753.009970604361,759.2462768554688,2460482,-0.03763838865914104,-0.03836500358267557,1868111797.7698975
2022-04-20,767.5453986858219,780.4497674130406,759.9658644501727,777.5714721679688,1522453,0.02413603579117507,0.02384936524619409,1183816020.5165405
2022-04-21,779.0586291044477,788.6529471968671,771.6230325828228,786.7820434570312,1344250,0.011845305053929334,0.011775698562251797,1057631761.9171143
2022-04-22,784.815171831631,788.2691027094637,770.5196153269635,782.5125122070312,1880668,-0.00542657434229199,-0.005441351681303053,1471646241.307373
2022-04-25,769.464282480635,777.0438169162287,757.5193451866719,760.5895385742188,1193621,-0.028016131743350714,-0.028416071103196928,907855645.6224976
2022-04-26,765.8664025200492,790.9075480356935,762.7482492996419,788.7008666992188,1285209,0.036959919508881,0.0362932780750634,1013645452.1896362
2022-04-27,781.840932326245,784.6712090539871,763.9954671925378,766.2021484375,1186809,-0.028526300923032877,-0.028941083020077196,909335605.5849609
2022-04-28,777.9551860976926,785.774578032879,767.1615792565817,778.7227783203125,1802590,0.016341157367341763,0.016209077603563358,1403717892.972412
2022-04-29,781.9368813128319,801.3653743761263,780.0180178004078,790.3319091796875,2268921,0.014907912266821866,0.014797881547105422,1793200665.7078857
2022-05-02,789.9001563347581,795.0331513864492,777.1397256379485,790.95556640625,1439813,0.0007891079928807887,0.0007887968108619595,1138828106.934082
2022-05-04,790.9555311874301,798.2471888154842,768.3129075230905,770.7114868164062,1817504,-0.025594458715075263,-0.025927695173909526,1400771210.1347656
2022-05-05,777.1396346994486,779.0584979950028,741.1609479078074,744.854736328125,5079723,-0.033549195685519395,-0.03412488249372388,3783655735.784912
2022-05-06,738.7624157809407,746.9175853057953,731.9984339456684,733.9172973632812,2003395,-0.014683989281939036,-0.014792866198741574,1470326243.9511108
2022-05-09,732.0463752079985,736.8435336300693,723.411490048271,727.4890747070312,1742459,-0.008758783420617644,-0.008797367026302632,1267619885.624939
2022-05-10,728.6405184533841,741.1131323024068,712.9058129432957,715.5442504882812,1326184,-0.016419248940006903,-0.016555538717731865,948943336.2895508
2022-05-11,715.5442538459989,728.0168677535501,708.0606972132828,713.9132080078125,1287768,-0.0022794432061409298,-0.0022820450914577853,919354584.0498047
2022-05-12,711.8982872528439,717.6548771767215,698.4662440971299,708.1085205078125,1488552,-0.008130802785114577,-0.00816403803753281,1054056354.4189453
2022-05-13,716.6955623236323,730.3674656209706,705.2303404782607,707.6768798828125,1481400,-0.0006095684665543555,-0.0006097543289464711,1048352529.8583984
2022-05-16,709.0201207724338,714.2490359459663,700.3852343218899,705.662109375,829085,-0.002847020391772759,-0.0028510808629891526,585053869.9511719
2022-05-17,707.1012671538507,712.6180002422287,691.7983175707961,704.4628295898438,2536701,-0.0016995099626625487,-0.0017009557680584685,1787011564.2833862
2022-05-18,706.9572454525461,727.1533301770372,704.0309903935479,723.6993408203125,2750146,0.027306637657048105,0.026940462483733593,1990278847.3596191
2022-05-19,714.7766293480357,716.1678170498549,689.4956270222378,692.0380859375,1504820,-0.04374918297828556,-0.044735039439963584,1041392752.4804688
2022-05-20,705.1823404722022,712.617936579222,701.7284095751489,709.595703125,1205301,0.025370882823182672,0.025054384043853177,855276410.5722656
2022-05-23,714.7766449568207,718.3745139750598,698.5142652825671,700.0973510742188,970827,-0.01338558281702007,-0.013475977292126351,679673411.0513306
2022-05-24,705.1822682187567,708.0605631910781,681.1964767827445,686.1375732421875,1513724,-0.019939766677607884,-0.020141246632396546,1038622911.918457
2022-05-25,690.5030919333304,694.5806771645955,681.2445514551825,687.1450805664062,822598,0.0014683750948925045,0.001467298086355621,565244168.9837646
2022-05-26,692.9974837974875,695.4440228451223,669.6833059192735,692.9495239257812,1339748,0.00844718753511331,0.008411709698436612,928377738.7805176
2022-05-27,700.3851167273681,701.9201839705431,693.2852989697948,696.0197143554688,1039408,0.004430611933021966,0.004420825667420723,723448459.2587891
2022-05-30,701.3446314205703,722.4521305878105,699.5216876143176,719.7177734375,1145649,0.034047971046303305,0.03348116867188678,824543947.4208984
2022-05-31,722.4520587826999,748.3087544044644,712.8577419329961,728.92822265625,6125585,0.01279730688705838,0.012716113327480233,4465111786.779785
2022-06-01,729.1681591985541,748.8365108611466,727.009437674611,730.2235107421875,1641729,0.0017769761763613001,0.001775399222059398,1198829114.0672607
2022-06-02,726.2897851015135,729.647795996963,716.695468257372,727.4890747070312,630109,-0.003744656252408274,-0.003751685030023208,458397413.37457275
2022-06-03,729.1681229880622,739.7218721365737,721.5406289370976,723.3156127929688,1747685,-0.005736803560580261,-0.005753322224642359,1264127846.7440796
2022-06-06,726.0500022499045,738.7624733827902,715.0644966157104,732.6701049804688,1441390,0.012932794511899326,0.012849880037023038,1056063362.6177979
2022-06-07,731.0869604991362,731.0869604991362,715.8319729391113,725.906005859375,1346609,-0.009232121080297251,-0.009275001230659434,977511560.6442871
2022-06-08,723.7473210937211,733.8213545230738,709.1159868272804,726.4337768554688,2461233,0.0007270514251620508,0.0007267872513121968,1787922783.911316
2022-06-09,724.331052605604,734.1951187985399,717.8517109575541,729.55322265625,882672,0.004294191570062278,0.004284997839804398,643956202.1484375
2022-06-10,725.2981252058102,745.9933219883143,722.4452741083514,731.6807250976562,3230970,0.0029161716723835607,0.0029119278921647417,2364038472.3687744
2022-06-13,727.2323067092228,729.3115184301269,702.0886365304465,711.7109375,1455794,-0.027293034943610017,-0.027672408593271317,1036104512.546875
2022-06-14,709.8251515448609,724.3311151322899,707.5525741927971,711.6141967773438,1209734,-0.00013592698602615805,-0.00013593622493614406,860863888.7242432
2022-06-15,714.6604904852169,721.8651310508432,708.3745727745891,713.45166015625,842942,0.0025821061288933134,0.002578778220307341,601398369.3154297
2022-06-16,724.0892965705727,724.0892965705727,695.3674789450279,701.0731811523438,1060953,-0.01735012993199192,-0.01750240736226576,743805694.7631226
2022-06-17,699.235800851528,704.5063128694678,685.4551351571013,688.2113037109375,1329315,-0.018345984110054503,-0.01851635868670302,914849609.1925049
2022-06-20,694.7872672918462,698.9456314331278,681.7802423526186,693.2399291992188,1028878,0.0073068045543078775,0.007280239184730073,713259311.8746338
2022-06-21,696.286209017274,708.8580433467525,696.286209017274,703.2974243164062,816577,0.01450795704858665,0.014403723573413971,574296500.8560181
2022-06-22,703.0557178348089,703.0557178348089,683.7144326123932,685.6002197265625,1190195,-0.02516318697888753,-0.025485193252819806,815997953.517456
2022-06-23,686.6155881127356,695.9961227412306,683.4726294347547,694.7872924804688,714841,0.013400043479522727,0.013311056964272492,496662442.94403076
2022-06-24,698.2202972286523,710.7921308352624,696.382851783876,704.98974609375,1013159,0.014684283555125743,0.014577513422847292,714266706.1625977
2022-06-27,710.8888051326235,712.8229333566544,700.6379491552229,705.3765869140625,695465,0.0005487183642824967,0.0005485678734097333,490564728.0181885
2022-06-28,705.9568111128139,715.6274523609345,698.3169809168345,712.5811767578125,878300,0.010213820500151849,0.010162011912648544,625860047.5463867
2022-06-29,706.0052387189016,719.3023720586776,692.4179979112413,696.2862548828125,1741451,-0.02286746044730037,-0.023132976413895882,1212548394.8519287
2022-06-30,698.2203322987845,698.2203322987845,679.9427958350145,683.0857543945312,2030048,-0.018958438997913163,-0.01914045435894938,1386696869.5371094
2022-07-01,676.9449798021174,699.1391163020418,674.0437870315368,695.85107421875,954981,0.018687726602545807,0.018515256443283508,664524554.7084961
2022-07-04,699.1873962720031,707.7458905832098,691.0156922146022,706.1019287109375,1281683,0.01473139134504664,0.014623938401733566,904998838.2960205
2022-07-05,707.8909981828845,714.9022136703516,702.185295762428,705.0381469726562,1367769,-0.0015065554915326684,-0.001507691487361063,964329321.2466431
2022-07-06,697.4950035325435,727.0871422908231,697.4950035325435,725.249755859375,1351519,0.028667397606079614,0.02826417584235382,980188824.7893066
2022-07-07,728.1993581221434,734.5819583682278,725.2981654603022,729.9884033203125,2064199,0.006533814624070544,0.00651256178182339,1506841332.1453857
2022-07-08,731.5839941199755,739.1754237206424,730.1817393652595,736.3226318359375,1456394,0.008677163208092198,0.008639732996941351,1072375863.0700684
2022-07-11,736.4677347976804,744.6394391491705,733.4215179615645,740.6744995117188,1287117,0.005910272871730626,0.005892875723295698,953334739.7880249
2022-07-12,734.9688328976139,736.9029614052391,727.3774021151517,731.5357666015625,609080,-0.012338392797620057,-0.012415142733359549,445563804.7216797
2022-07-13,733.0345626835586,742.7052033522073,732.0674986166938,737.4346923828125,697646,0.008063755800559402,0.008031417451134743,514468363.4020996
2022-07-14,739.8041176675922,753.149591906809,734.2918398878311,740.6260986328125,1697611,0.004327713739216588,0.004318376116790042,1257295011.9261475
2022-07-15,741.0129255485348,766.5434434286225,741.0129255485348,764.5125732421875,3002946,0.03225173222152056,0.03174256388536277,2295789973.767334
2022-07-18,771.5238223262983,771.6689055691546,761.8531801336275,768.1874389648438,1335985,0.004806808744912683,0.004795292927899898,1026286895.6454468
2022-07-19,764.8510969913964,767.2203570540347,758.3717550667326,761.3212890625,1184051,-0.008938117904656262,-0.00897830250952693,901443233.6357422
2022-07-20,764.9477832338346,774.8118498921489,761.56305852926,768.8160400390625,1173216,0.009844399577728424,0.009796259160703149,901987279.2304688
2022-07-21,768.8160484796517,793.6212691254707,767.2203689200109,791.3486328125,2245980,0.029308172046322856,0.028886898940139003,1777353202.3242188
2022-07-22,791.3485965167652,796.8608740768912,774.7634814579036,777.5679321289062,1746104,-0.017414196615992528,-0.017567607363353433,1357714476.5620117
2022-07-25,777.56796455346,786.9968405804419,774.8601965763354,781.3395385742188,940240,0.004850516963818441,0.004838791108762385,734646687.7490234
2022-07-26,779.3570362822176,783.0318683141311,762.2883301140378,764.8026733398438,1146412,-0.02116476181987581,-0.021391946651639123,876778962.348877
2022-07-27,763.9806877328317,777.2294785529278,761.1278366508723,775.1986083984375,1056918,0.013592963807507852,0.013501408216471283,819321362.7912598
2022-07-28,777.5196531544341,783.225355811181,772.2974826202956,780.0339965820312,1192580,0.006237612053488606,0.006218238672110816,930252943.6437988
2022-07-29,782.3549198929109,787.8671975117248,777.3261743630294,784.9176635742188,867439,0.006260838647529354,0.0062413210193629975,680868193.1731567
2022-08-01,785.2561235698953,787.6737840488667,773.119479770442,784.3857421875,1269287,-0.0006776779417813072,-0.0006779076692710607,995610625.5439453
2022-08-02,786.2231761535126,798.7950104585503,779.695492956666,784.8692626953125,2161684,0.0006164320458759143,0.0006162421296852656,1696639327.260254
2022-08-03,784.8692369000229,788.5441278729558,775.1502540424553,785.9813842773438,908414,0.0014169513763504504,0.0014159484480376313,713996493.216919
2022-08-04,766.2049661813742,771.717244015036,755.3738351621449,763.2554321289062,15358133,-0.028914109930647358,-0.02934035933050122,11722178439.608215
2022-08-05,759.1937313797941,767.2687527900204,756.3408802112101,758.9519653320312,2109882,-0.005638304839667652,-0.005654260082345707,1601299090.5186768
2022-08-08,755.7606370222211,767.7522561524361,755.2771049447916,762.7235107421875,947150,0.004969412535227091,0.004957105759545035,722413573.1994629
2022-08-10,762.7235281248904,767.5588490093833,760.4508918942308,764.5125732421875,1185175,0.0023456239053902816,0.0023428772239201443,906081188.9923096
2022-08-11,768.3807987366717,772.2490552871301,746.1866649734353,747.9757690429688,3371339,-0.021630519599028397,-0.021867888471646814,2521679881.229553
2022-08-12,747.9757559529982,750.3450748536717,735.5006051861277,738.3051147460938,2257305,-0.012929101044608093,-0.013013409346954094,1666579827.0419312
2022-08-16,742.0283431319509,754.8902850877673,740.0942147468684,753.8265380859375,1804736,0.02102304728741,0.020805112176933826,1360457891.0390625
2022-08-17,754.7935232584329,770.3148901187913,754.7935232584329,767.3653564453125,3021532,0.01796012434604899,0.01780074677769473,2318618980.190918
2022-08-18,766.8819179538183,786.9968417017224,764.9477895352715,781.2427978515625,3191360,0.018084529474375666,0.01792294952825628,2493227015.3515625
2022-08-19,780.5658977373968,782.8384750122718,758.2750205618961,761.0311889648438,1767351,-0.025871097874183513,-0.02621164105118403,1345009232.8482056
2022-08-22,760.0157434969242,770.7017906113348,754.406724174508,767.8005981445312,2166778,0.008895048294794927,0.008855720396358856,1663653444.4464111
2022-08-23,765.81819661242,784.9177153860006,761.0795582181217,782.6934204101562,1890327,0.019396731783766663,0.019211012899209106,1479546505.3236694
2022-08-24,778.4866175289602,786.2231304981922,772.2007007414593,779.16357421875,1355374,-0.004509870786388537,-0.004520070932758281,1056058050.2431641
2022-08-25,781.3878983155864,785.1594724248484,771.2337238944061,775.4404296875,1267482,-0.004778386277853319,-0.004789839264658739,982856786.7011719
2022-08-26,779.3570245846854,784.0956035198762,772.4908336828039,775.537109375,1254230,0.00012467713031028005,0.0001246693587628183,972701908.6914062
2022-08-29,763.9806459164555,789.8012694251961,758.0331780376487,779.5987548828125,2181301,0.005237203299124804,0.005223536845158262,1700539543.6246338
2022-08-30,782.3549051940453,787.1418845895228,779.7438201578836,782.9835205078125,2692962,0.004341676540400297,0.0043322786547104215,2108544867.3537598
2022-09-01,782.9835262969242,814.268028484431,779.4537184779708,810.78662109375,6228307,0.03550917721474578,0.034893264406934014,5049827987.664551
2022-09-02,817.1692071381775,819.1033354390962,803.3402015915907,806.2413940429688,1885440,-0.005605947277040335,-0.005621719572869255,1520119773.984375
2022-09-05,806.5315366523232,813.446069239584,801.7445570938285,809.867919921875,1553679,0.004498064606582197,0.0044879785478323525,1258274779.9562988
2022-09-06,813.9296191824054,817.9429002548626,789.124398487626,791.30029296875,2620566,-0.02292673471362605,-0.023193639693267053,2073654643.5439453
2022-09-07,788.1572368050214,800.2455379830126,787.2385141105125,797.924560546875,1321905,0.008371370056331484,0.008336524473139912,1054780466.2097168
2022-09-08,801.9379785440295,804.2105557776919,788.1573138539452,792.1222534179688,1094898,-0.0072717490046045885,-0.007298317047174984,867293071.0228271
2022-09-09,799.7620884267308,799.7620884267308,786.3682729499851,789.4144897460938,884012,-0.0034183658648537785,-0.0034242218264681507,697851881.9094238
2022-09-12,793.3794588066733,803.6303152711662,793.3794588066733,798.3114624023438,1300582,0.011270343744401723,0.011207306611600347,1038269518.394165
2022-09-13,802.6149150588681,823.938668079174,802.3731490177651,821.0374755859375,3310733,0.028467602250385804,0.028069929615114512,2718235864.6590576
2022-09-14,815.1384273007383,832.7873487236315,810.9316626699224,812.57568359375,3818926,-0.010306218953219815,-0.010359695774307058,3103166405.0439453
2022-09-15,816.6857122490572,820.0704369297816,802.856706072795,809.819580078125,1697675,-0.0033918114598699978,-0.003397576692439009,1374810455.6091309
2022-09-16,812.0437527196511,812.0437527196511,765.1411429371557,769.0093994140625,4786431,-0.0503941639199752,-0.0517082898757151,3680810428.6468506
2022-09-19,772.8777067110948,775.7788992595412,761.4179607297835,766.8818969726562,1707558,-0.0027665493335026214,-0.0027703833039882902,1309495318.230835
2022-09-20,770.7500784190179,786.1264210338272,769.7346729312267,777.7129516601562,1547208,0.01412349767318366,0.014024690329981849,1203283700.512207
2022-09-21,777.7129516601562,784.2889756559894,771.8138253062455,777.7129516601562,1082534,0.0,0.0,841900712.4124756
2022-09-22,774.1832279580834,781.1461019531782,762.046584140024,776.7459716796875,1255234,-0.0012433636065910525,-0.0012441372244454943,974997953.0153809
2022-09-23,776.5524973808884,779.7437972089785,753.8264902968899,755.8089599609375,1229421,-0.02695477348080022,-0.027324716356117947,929207407.3641357
2022-09-26,753.342973972767,760.0640816302663,736.902883398265,755.1320190429688,1431943,-0.0008956508242555783,-0.0008960521591102299,1081306008.7444458
2022-09-27,758.9519676282688,775.0052686632376,755.3254769008545,771.5721435546875,1830866,0.021771192449969723,0.021537584573277778,1412645204.1813965
2022-09-28,769.7347338210583,777.7130131811093,764.0290316384508,767.510498046875,1415083,-0.005264116313349776,-0.005278020590918807,1086091058.107666
2022-09-29,771.3787775494133,777.2295041150612,764.2708203122934,766.4950561523438,1136839,-0.001323033231617421,-0.0013239092128034611,871381473.1411743
2022-09-30,764.9477233889828,779.4536852737297,761.0794668863837,776.4074096679688,1436359,0.012932051467341665,0.01284914647914613,1115199770.543274
2022-10-03,776.4074378720624,778.2932247905653,750.4417887650908,752.3275756835938,1652675,-0.031014430934749537,-0.03150555980778745,1243352976.1428833
2022-10-04,760.8377453902386,766.3500230340829,755.4705509836982,759.2904663085938,1238967,0.009255131474708023,0.009212565181592084,940735831.1709595
2022-10-06,763.9806740700321,773.2644662462352,758.2749720081523,768.1390380859375,2067042,0.011653737495694427,0.011586355691532322,1587775653.5632324
2022-10-07,761.9499305682868,767.7523159493629,753.3913767162496,755.1804809570312,1053907,-0.01687006711857353,-0.017013987629555603,795889995.1439819
2022-10-10,743.9141611271646,749.5231218727663,730.1334958089168,732.2127075195312,2334168,-0.030413621666165458,-0.030885712513879574,1709107471.0854492
2022-10-11,733.0346578768149,734.823703022881,715.8692684608341,718.141845703125,1956824,-0.019216904694365655,-0.019403949566960857,1405277199.0761719
2022-10-12,720.9463193627683,734.0016853069633,714.4669777928893,732.406005859375,1372962,0.019862594335084527,0.019667906785587594,1005565614.6166992
2022-10-13,730.0850877790023,735.1621745382097,724.4761275452412,732.4544067382812,1198492,6.60847651698937e-05,6.608258166799686e-05,877840746.8405762
2022-10-14,743.6240183490739,743.6240183490739,734.968782071018,736.1776123046875,1278730,0.0050831908882713606,0.005070315088467076,941372398.182373
2022-10-17,736.1776300740995,746.5252289290568,732.3577146385186,738.0150756835938,940646,0.0024959511783493316,0.0024928414655929557,694210928.8814697
2022-10-18,741.7382321992283,750.4418098912662,738.4018489456311,748.8461303710938,1361691,0.01467592606759105,0.01456927684907876,1019697036.111145
2022-10-19,748.9428553399938,751.4088571588918,736.0325133059071,739.368896484375,1115277,-0.012655782679977579,-0.012736549264063354,824601124.7644043
2022-10-20,736.4677450259531,746.5735779311703,730.6170182992217,745.31640625,955562,0.008044035655144333,0.008011854860781912,712196035.7890625
2022-10-21,747.5406079106175,755.1320380808571,730.1817941496251,736.564453125,1692279,-0.011742600929764535,-0.011812089790379322,1246472556.1699219
2022-10-24,744.6393827370144,750.4417675375627,739.6589788399131,745.55810546875,292558,0.012210272034705039,0.012136327972691312,218118988.21972656
2022-10-25,744.639414298071,751.2154388790974,739.4656445749263,741.6898803710938,871995,-0.005188361670649622,-0.005201867956313726,646749867.2341919
2022-10-27,749.2329574947852,753.826512251933,734.5819118699176,744.687744140625,1692389,0.004041936999371387,0.004033790316891266,1260301346.6184082
2022-10-28,747.9758040194506,747.9758040194506,734.4852468639064,736.2742919921875,1598314,-0.01129795973498493,-0.01136226649767025,1176797508.7312012
2022-10-31,739.9975054763942,747.0087206216082,736.8062055601067,744.7844848632812,997865,0.01155845445597059,0.011492165828330314,743194369.9880981
2022-11-01,747.5406057687263,758.6618437588173,742.1250700096036,749.3296508789062,1893673,0.006102659370595509,0.006084113559164678,1418985327.968811
2022-11-02,750.4418344607017,752.5693875489496,739.5140205834607,742.753662109375,1073726,-0.00877582885158501,-0.00881456322157878,797513918.6020508
2022-11-03,742.7536634316516,744.6394504683403,731.7291667227842,737.6282348632812,1573795,-0.006900574857534703,-0.006924493924602533,1160875627.8866577
2022-11-04,735.935897033538,741.7382825554844,734.1951931819376,739.127197265625,940199,0.002032138049354426,0.0020300760498677974,694926651.7419434
2022-11-07,742.8503712214327,750.8769920860786,739.1271387247897,746.7186279296875,1004208,0.010270804121599975,0.010218417807322354,749860819.9160156
2022-11-09,752.8594469722871,756.0507468885745,740.6260617641213,744.7844848632812,1256533,-0.002590189924374542,-0.0025935502701734856,935846283.1187134
2022-11-10,744.6393737016532,746.2833945135089,736.951202129232,743.3822021484375,839329,-0.0018828033388761378,-0.001884578041042553,623942240.3470459
2022-11-11,747.1054544686335,754.1650114990621,744.6877939085609,747.7340698242188,921004,0.005854145637606001,0.005837076710625241,688666069.2443848
2022-11-14,747.8790366052417,749.4747160623067,741.2546707893653,742.4635009765625,708750,-0.007048721009723757,-0.007073680601614907,526221006.3171387
2022-11-15,742.4635679750371,748.507719456436,738.3535449676859,747.2988891601562,756436,0.006512627458769016,0.0064915119293615774,565283782.520752
2022-11-16,747.2988407959928,748.7010956539086,739.610668804238,744.2042236328125,1071710,-0.004141134922362344,-0.004149733167456849,797571108.5095215
2022-11-17,740.7711436342041,763.4488099016173,740.7711436342041,760.1124267578125,2944879,0.02137612582651638,0.02115086098771637,2238439123.19812
2022-11-18,763.3520625853342,766.8818703399911,743.9140967957605,750.1516723632812,1417103,-0.01310431726135286,-0.01319093638194024,1063042185.361023
2022-11-21,748.7977467057585,749.9098940691612,737.1929771046622,745.55810546875,760664,-0.006123517501546938,-0.0061423431268863,567119210.7382812
2022-11-22,745.6064379785707,751.3121399076962,740.9645419984721,745.8965454101562,868523,0.00045394173696688966,0.0004538387365862117,647828305.3092651
2022-11-23,747.6372769093354,750.4417865773856,739.8040808398197,744.7844848632812,875779,-0.0014909045412772048,-0.0014920170453485444,652266611.3690796
2022-11-24,761.9014985771895,768.8160311465232,755.5188985323538,766.64013671875,6211909,0.029344934406737577,0.02892261390377556,4762298765.044434
2022-11-25,772.442483561152,773.1677816677823,754.3100308953973,763.15869140625,2385612,-0.004541172769013557,-0.004551515217179815,1820600532.1230469
2022-11-28,763.0136824081925,782.2582843197093,759.1454254631573,777.8097534179688,2043706,0.019197923284764995,0.019015968240245013,1589614459.9188232
2022-11-29,778.4384123957676,785.1595210193192,776.600966633961,778.5350952148438,1278339,0.0009325439719514161,0.0009321094229579835,995231775.0818481
2022-11-30,778.5349175809865,794.8783239704323,777.7612781301344,791.1067504882812,3390682,0.016147833733774375,0.016018844214849486,2682391418.9591064
2022-12-01,794.8300963935632,794.8300963935632,783.467091946298,786.4166259765625,966282,-0.005928560853290632,-0.005946204539191337,759900230.1818848
2022-12-02,783.3219896655676,785.7396501274983,766.1082589816032,769.347900390625,2882169,-0.021704431241826527,-0.021943437061698084,2217390668.7209473
2022-12-05,769.3479081275666,776.5525481815564,762.6268001708256,774.1348876953125,1540201,0.0062221360482779264,0.006202858483537521,1192323328.163208
2022-12-06,773.6513614439633,773.6513614439633,767.4137855373384,771.3787841796875,826214,-0.0035602368003724294,-0.0035665895260302313,637323950.7922363
2022-12-07,773.5546375808195,779.9372373640387,770.7984693369979,773.022705078125,2020441,0.002131146114143778,0.0021288784435172935,1561846767.270752
2022-12-08,774.183144127697,781.3394419914879,770.2665463748403,777.7129516601562,805216,0.006067411152635094,0.0060490785305849564,626226912.0839844
2022-12-09,777.7129716438789,783.2252488941251,774.6183546766432,776.8425903320312,1080966,-0.001119129270339525,-0.0011197559631118388,839740427.5008545
2022-12-12,776.5525098631624,786.2231513309478,772.8776779103862,783.3703002929688,948219,0.008402873429155688,0.008367765820978946,742806602.7734985
2022-12-13,785.2560823923243,787.6254013424558,778.1965259689026,781.0009765625,1224742,-0.0030245258590766433,-0.0030291089809260678,956524698.0371094
2022-12-14,781.7746778494958,790.0914058803774,780.7592132780682,788.5924682617188,971275,0.009720207691201521,0.009673270387542388,765940149.6109009
2022-12-15,788.5441271317741,788.5924685340227,775.6337853861722,778.3899536132812,783051,-0.01293762628867956,-0.013022046295826348,609519031.5668335
2022-12-16,776.8426920094569,778.4383716150589,768.816070624275,775.1503295898438,849333,-0.004161955082281343,-0.004170640123545671,658360754.8815308
2022-12-19,774.763431442385,783.3219251629051,772.1523465535269,782.2097778320312,1120217,0.009107198917044812,0.00906597846056525,876244690.6936646
2022-12-20,781.8714031599795,783.273658050407,773.7480402964036,781.677978515625,677159,-0.0006798678966659644,-0.0006800991116474578,529320278.2536621
2022-12-21,782.3548834742556,785.1593930694798,774.6183704114694,776.1656494140625,811513,-0.007051918121104284,-0.007076900413699573,629868514.6529541
2022-12-22,776.3107646937176,782.3549157735504,761.0795039725391,772.3458251953125,1017965,-0.004921403339137265,-0.004933553324260408,786221017.9449463
2022-12-23,766.9302578873559,771.6205547082791,750.2484003094064,753.343017578125,1216647,-0.024604014156976883,-0.024911751110364474,916552522.307373
2022-12-26,753.3429807404282,757.8881940980166,747.5405957796547,749.7648315429688,1014226,-0.0047497434125818305,-0.004761059289718414,760430986.036499
2022-12-27,753.1495577200144,755.2771106818471,745.2196197849537,752.2308349609375,601101,0.0032890358606096903,0.003283638812981088,452166707.1258545
2022-12-28,752.3759884424774,757.1146268896786,747.6857504278352,754.4552001953125,610240,0.002957024800094077,0.00295266140192798,460398741.3671875
2022-12-29,753.3429617520873,753.3429617520873,737.9666183836401,750.5384521484375,1691955,-0.00519149188163992,-0.005205014497623021,1269877286.8048096
2022-12-30,752.3759276933756,756.5342918383693,739.8040934260056,741.6898803710938,715796,-0.01178963149991108,-0.011859680316192183,530898649.6101074
2023-01-02,744.5427777968159,745.606524844864,733.1313726090883,737.1930541992188,1061086,-0.00606294664506557,-0.006081400935470836,782225229.1080322
2023-01-03,739.8040892081509,742.6085989079247,734.0983870016786,741.88330078125,785495,0.006362304358830562,0.006342150339287846,582745623.347168
2023-01-04,742.2217401421316,742.2217401421316,734.3885440841468,737.1446533203125,1004383,-0.006387321908914001,-0.006407808130819243,740375558.3358154
2023-01-05,736.9029713179103,755.2771923875171,735.0655256009823,738.6920166015625,3198519,0.002099131119353892,0.0020969310219497474,2362720450.248413
2023-01-06,738.6436110451183,745.4614017291291,734.0500561766474,736.2742919921875,603050,-0.0032729805589317706,-0.003278348475726432,444010211.7858887
2023-01-09,739.9975180658708,743.4789254837928,736.0325195358295,741.6898803710938,729173,0.007355395180582702,0.00732847618077898,540820235.1398315
2023-01-10,741.6898877169594,747.347189583342,739.3689100654154,743.9141235351562,873061,0.002998885683797692,0.002994397995928786,649482408.607727
2023-01-11,746.5735357892462,747.2988339133938,730.6169770579994,734.2918090820312,688374,-0.012934711344635863,-0.0130190931493817,505467389.7850342
2023-01-12,734.9687610053447,738.6919344083675,727.2322477316043,729.4081420898438,763021,-0.006650853151001113,-0.006673068630869664,556553729.9855347
2023-01-13,730.2301551568047,732.6478156612636,725.2981513376743,728.1026611328125,1067599,-0.0017897811687307419,-0.0017913847406942965,777321672.9227295
2023-01-16,727.328970731591,730.133480558271,720.5595212429712,722.6387329101562,838829,-0.007504337663256533,-0.007532636871910276,606170325.6882935
2023-01-17,719.4957699352558,728.0059231510123,717.1747922287244,725.3464965820312,1427736,0.003747050287452147,0.003740047582065251,1035603305.644043
2023-01-18,725.2981451493275,727.9092302768479,721.9617618766578,725.7816772460938,747592,0.0005999624539625437,0.0005997825484435692,542588575.6557617
2023-01-19,725.4915423237176,727.9575441188722,713.3064985316229,714.1768798828125,1140422,-0.015989377697318674,-0.01611858696509934,814463025.7097168
2023-01-20,713.6932883645562,718.4319259487553,711.7591602118067,714.1284790039062,878832,-6.777155669646096e-05,-6.777385329217265e-05,627598959.4599609
2023-01-23,714.8054653570892,719.3990199106966,709.8250615468986,717.9967651367188,682160,0.005416792981296714,0.0054021749230987945,489788673.30566406
2023-01-24,719.3507171157623,724.814653725797,715.6275433717009,716.4979248046875,653737,-0.0020875307589245384,-0.0020897126883512936,468401203.868042
2023-01-25,715.9659497372872,718.0451613565681,707.1173478102658,715.6758422851562,868627,-0.001147362038425137,-0.0011480207621600237,621655359.8566284
2023-01-27,715.6757703540085,721.3331307140653,701.7984242268168,711.0338745117188,772860,-0.0064861317081985614,-0.006507258062224829,549529640.255127
2023-01-30,711.7592252148655,715.9659307213199,703.5875212182177,711.4207763671875,1295677,0.0005441398354395499,0.0005439918450418406,921771537.2611084
2023-01-31,711.7592448809115,715.0472867416858,701.1698801799424,705.4733276367188,2189899,-0.00835995929278155,-0.008395099737983048,1544915334.7183228
2023-02-01,712.9679963166337,723.7507844690592,707.1656118094791,716.4010620117188,933031,0.015489932711711507,0.015371188362093073,668424399.289856
2023-02-02,714.4670194414723,718.2869348379867,708.6646342391459,712.8713989257812,704702,-0.00492693726057003,-0.004939114630512261,502361900.5657959
2023-02-03,712.8713977595182,716.594571314954,696.7214138344817,702.6688232421875,1752697,-0.014311944200549931,-0.014415347864682411,1231565538.4901123
2023-02-06,704.4095139306532,708.3744531300183,697.2532159819019,705.7150268554688,852170,0.004335191077961431,0.0043258212074789235,601389174.4354248
2023-02-07,707.6975328166027,710.7438084975676,698.2203159562508,704.2161254882812,1244247,-0.002123947075161947,-0.002126205849662723,876218801.4904175
2023-02-08,707.7458401124563,707.7458401124563,697.3499010060602,700.541259765625,1521104,-0.005218377696347476,-0.005232040983428406,1065596112.3945312
2023-02-09,700.6379989261465,702.4270440504991,697.0598496525279,698.1719970703125,688243,-0.0033820458999163083,-0.003387777944825924,480511989.7796631
2023-02-10,698.2203515376475,704.0227367304811,695.4642421810173,702.6688232421875,651630,0.006440857254007115,0.006420203570437871,457880085.28930664
2023-02-13,702.6687830285655,705.473292654566,692.4179267178467,694.1586303710938,599763,-0.012111243006096117,-0.012185181709189594,416330662.6272583
2023-02-14,694.3521032664052,699.9127224778005,691.4509106343728,697.2532958984375,563171,0.004458153211592819,0.0044482450836178114,392672835.90441895
2023-02-15,697.3016547499127,705.7634668050481,693.5784810556198,704.1194458007812,727403,0.009847425523455522,0.009799255603714396,512178597.2338257
2023-02-16,708.0844011509732,711.275701125343,704.1194026162241,708.47119140625,837121,0.0061804082125860305,0.006161387818717623,593076112.2211914
2023-02-17,707.1173014994743,710.5987087468683,700.299511208797,702.330322265625,624402,-0.008667775366329233,-0.008705559023168432,438536457.8833008
2023-02-20,703.0073206635957,705.4249811246267,694.9322993088037,698.0269165039062,1316763,-0.006127324458719885,-0.006146173546994948,919136016.6564331
2023-02-21,701.5566843249834,705.9568143078103,698.2686426757774,702.281982421875,673449,0.006095847906955276,0.006077343388512405,472951098.7800293
2023-02-22,702.0886068528067,709.8251204269424,696.1411384327242,697.6884765625,1690647,-0.006540828291698331,-0.0065623132465806085,1179544929.834961
2023-02-23,699.1390736074063,701.0732020030143,691.4509014298814,692.5146484375,1165270,-0.007415670888662795,-0.007443303671198276,806966544.3847656
2023-02-24,693.3850302751069,697.5917359283164,690.0969883904753,692.5630493164062,1040351,6.989148751657126e-05,6.988904522035411e-05,720508660.9193726
2023-02-27,696.2861735132509,696.7697055781906,676.9448909156605,686.9056396484375,1064436,-0.00816880091069383,-0.00820234838485612,731167091.4448242
2023-02-28,688.5497276968465,694.1103469865332,682.3121516451713,691.7410278320312,2395442,0.007039377615342568,0.007014716860013828,1657025511.1920166
2023-03-01,689.4684520723654,693.2883675719362,686.1804100923742,691.6926879882812,991540,-6.988141776342882e-05,-6.988385958346236e-05,685840967.8479004
2023-03-02,693.2399047346648,694.6905009437978,682.6021992010233,684.0527954101562,969963,-0.011045212289788497,-0.01110666356090466,663505901.5944214
2023-03-03,685.6484780719683,689.7585006838242,682.9407102738454,686.470458984375,873264,0.003534323067518663,0.0035280920251078004,599469938.8945312
2023-03-06,689.5168309409935,695.0774505453563,686.5672966949675,690.0970458984375,739338,0.0052829467992372425,0.005269040990061355,510214969.720459
2023-03-08,689.5167332900058,699.3807993440176,687.3891803724879,696.7697143554688,1026628,0.009669174062822083,0.009622726763958535,715323298.3093262
2023-03-09,699.042370024064,699.042370024064,684.778172325922,685.8903198242188,905544,-0.015614046229483036,-0.015737229390160645,621103863.7749023
2023-03-10,683.7143553920018,686.8089724830583,678.2504193238126,681.2000122070312,970983,-0.0068382764439502974,-0.006861764596542469,661433631.4528198
2023-03-13,681.7802199850628,684.004455706273,668.9666201059109,671.28759765625,1158330,-0.014551401017545262,-0.014658311047972994,777572562.9931641
2023-03-14,673.0766612316354,676.9449179053804,666.7424027333604,670.465576171875,1501579,-0.0012245444236494984,-0.0012252947908067404,1006757029.4025879
2023-03-15,673.0767342111754,676.8966498956623,663.9863064322639,664.905029296875,1119482,-0.008293560583302106,-0.008328143499958415,744349212.0073242
2023-03-16,666.3071963615307,673.5118360516993,666.3071963615307,671.1425170898438,974834,0.009381020624200653,0.009337292116185957,654252544.5047607
2023-03-17,675.0108571187068,685.3101151531931,671.5294493739073,682.9407958984375,2111478,0.017579394105074142,0.017426663895035263,1442014465.842041
2023-03-20,668.2413083102504,683.4725682319385,668.2413083102504,679.459228515625,1018438,-0.0050979051240193085,-0.005110943774424595,691987097.7709961
2023-03-21,680.9098657743764,682.7473113270065,676.9449262449073,677.8153076171875,721243,-0.0024194548097151714,-0.0024223864200570776,488869545.91174316
2023-03-22,677.9120027446502,692.6113903580763,677.9120027446502,687.4859619140625,776214,0.01426738845847475,0.014166567111736542,533636228.4411621
2023-03-23,688.1144828724484,690.4354604381798,682.5538640200906,683.8594360351562,587643,-0.005275054444471072,-0.005289016666800908,401865210.5700073
2023-03-24,683.7144015165327,686.3254867077883,675.8328045368921,679.217529296875,960470,-0.006787808274159146,-0.006810950226283435,652368060.3637695
2023-03-27,683.6177273666813,684.1012594813768,674.2371925366023,676.3163452148438,3695292,-0.004271362202672435,-0.004280510530045944,2499186379.9416504
2023-03-28,667.2742131042013,676.6064050568533,667.2742131042013,673.1249389648438,1113702,-0.0047188069201347105,-0.004729975638711762,749660590.7750244
2023-03-29,673.1249653511306,679.8460727544675,671.9161352075416,674.5755615234375,1160832,0.002155056921267162,0.002152738116939489,783068898.234375
2023-03-31,677.090006852312,687.5826295583925,675.5426687548136,685.50341796875,972962,0.01619960322996783,0.016069789732592255,666968776.5537109
2023-04-03,686.6154985973533,694.8355432988709,685.9385419345997,693.4332885742188,797533,0.011567951957068612,0.011501554763265854,553035930.9364624
2023-04-05,693.3850138474451,704.409569058332,691.4508854964062,703.4425048828125,947741,0.014434288739114232,0.014331106120001746,666681303.0201416
2023-04-06,703.3457515363585,707.3590914090302,698.7038553748368,706.4403686523438,738748,0.004261704046488735,0.004252648704142028,521881409.46118164
2023-04-10,703.0556901634859,706.5854981876156,696.2862406020769,696.9148559570312,916628,-0.013483817060856884,-0.01357554925549451,638811670.5861816
2023-04-11,702.0402384536316,702.0402384536316,692.1278308179146,693.6751098632812,776167,-0.004648697134316482,-0.0046595359307395326,538407728.9972534
2023-04-12,697.1566131636771,699.76763931286,692.7564237846807,694.7389526367188,702063,0.0015336326160630964,0.0015324578025640513,487750513.3049927
2023-04-13,698.220330644993,699.8643515387519,694.0136251160305,695.8993530273438,502380,0.0016702682154512427,0.0016688748687881383,349605916.97387695
2023-04-17,693.384975903865,695.5608701797139,688.0661232295676,689.7101440429688,1180651,-0.008893827760365514,-0.008933613923005462,814306971.2744751
2023-04-18,692.6113558931527,696.1895050524022,683.424246470034,683.7626953125,1323608,-0.008623113320627374,-0.008660507486909707,905033773.6171875
2023-04-19,684.6814392331577,685.55182060486,675.2525634810062,677.7669067382812,1235220,-0.00876881499286608,-0.008807487290514627,837191238.5412598
2023-04-20,675.9778045150048,681.1999742542686,673.511802870039,680.23291015625,1263116,0.0036384240561939674,0.0036318210030124904,859213072.5449219
2023-04-21,680.232979700035,681.7802588050879,674.0437452299947,677.331787109375,966029,-0.004264896631079762,-0.004274017244269212,654322148.9694824
2023-04-24,682.7473094497888,710.7921706028254,682.7473094497888,708.4228515625,6009290,0.04590226687250465,0.04487992616507088,4257118357.6660156
2023-04-25,711.7591914855107,713.693319723243,704.3611273662204,710.26025390625,1783879,0.00259365199710504,0.002590294286333039,1267018351.4780273
2023-04-26,709.7768036224634,724.3311084832653,700.154502726147,722.1068725585938,3725680,0.016679264519153802,0.01654169320475388,2690339132.9541016
2023-04-27,718.5287361448576,730.3752731808933,717.7067551441609,729.1664428710938,1664942,0.009776351092583235,0.009728871771116905,1214019835.7266846
2023-04-28,733.0347142506247,739.8041641183746,726.7487965162857,738.6920166015625,1261145,0.01306364798270443,0.012979054470148832,931597743.2769775
2023-05-02,742.6569553919303,757.2596010288727,739.7557628263195,753.9232177734375,1438425,0.020619149563776196,0.020409452516758502,1084462004.5257568
2023-05-03,752.2792767112066,760.9344542184322,749.1846594171839,755.6640014648438,1189150,0.002308966815675717,0.0023063052479913985,898597847.341919
2023-05-04,747.5406524048245,756.8728458669342,743.575712657922,749.9583129882812,1001352,-0.007550562770625713,-0.007579212575578494,750972256.6274414
2023-05-05,752.2792733080338,756.437637610136,749.4747634863124,750.68359375,617459,0.0009670947693463106,0.0009666274344803283,463516341.11328125
2023-05-08,751.2154195284188,763.787253471949,750.8286292835649,762.9169311523438,1048005,0.016296263171588388,0.01616490425980117,799540758.432312
2023-05-09,763.6422261444164,766.1082279105896,759.1453542576392,763.0136108398438,652399,0.00012672374088484872,0.00012671571210988057,497789316.6983032
2023-05-10,763.0136837861345,765.9148765001502,758.9520021815291,765.0928955078125,476497,0.0027250951207542506,0.002721388780937822,364564469.43078613
2023-05-11,765.0928735013676,765.4313223649679,760.1124692089257,763.4488525390625,968940,-0.002148814841181901,-0.0021511268564483187,739736131.1791992
2023-05-12,762.0466060917581,769.0578216934907,758.9519887798034,763.06201171875,747655,-0.0005067016854186646,-0.0005068301020987986,570507128.371582
2023-05-15,763.0136587828073,765.3346364879301,758.3717623974766,761.0311889648438,803643,-0.0026614124707007303,-0.002664960325137782,611597387.7932739
2023-05-16,761.563017197747,763.6905701301388,758.9519321909438,760.3541870117188,658173,-0.000889585030077189,-0.0008899809456578547,500444596.32806396
2023-05-17,760.3542506545447,760.6926995249967,747.3955663656963,752.6177368164062,907649,-0.010174797913216849,-0.010226914991383708,683112736.2036743
2023-05-18,757.5981248921604,760.1124682254336,749.4747619271134,750.73193359375,1004449,-0.0025056587566395505,-0.0025088031731967278,754071939.9663086
2023-05-19,754.5897298285366,754.5897298285366,739.4861928828019,748.2843627929688,1233831,-0.0032602460229242958,-0.003265572204581654,923256443.6292114
2023-05-22,748.2843511968218,750.7771540327899,743.1520854954258,748.9197387695312,548104,0.0008491103224326224,0.0008487500321991376,410485904.49853516
2023-05-23,748.8708304691954,754.2474894773719,744.9605330087035,752.7811279296875,826476,0.005155945237203197,0.0051426988637663954,622155535.4868164
2023-05-24,750.1906024258458,757.2290902225978,748.3820540245764,753.8565063476562,861728,0.0014285406183418559,0.0014275212249071968,649619259.5019531
2023-05-25,747.8932603779319,764.903078294837,747.8932603779319,762.80126953125,980266,0.011865339236680539,0.011795498016099984,747748149.2783203
2023-05-26,766.4182927701125,773.2613132412744,763.6322297305582,771.990478515625,961268,0.012046661891401689,0.011974678390647106,742089743.3017578
2023-05-29,773.2612989387836,779.126744948433,772.5281181875774,776.4384155273438,1171159,0.005761647501496547,0.00574511269195913,909332838.2905884
2023-05-30,774.7765972525053,779.1268153694683,770.5730391656002,773.1636352539062,601270,-0.004217694807402528,-0.004226614370979576,464880098.9691162
2023-05-31,769.399908453156,782.0595086832471,769.399908453156,780.7398071289062,2201928,0.009798924224510452,0.009751226106906258,1719132842.0317383
2023-06-01,780.9841941937485,783.4769969235473,771.648311153797,775.8519287109375,703293,-0.006260572822517463,-0.00628025238844991,545651230.4989014
2023-06-02,777.660466109099,781.9128910515545,775.2165300119617,778.1981201171875,697200,0.0030240195576340945,0.0030194564075471646,542559729.3457031
2023-06-05,779.0779177385026,782.4994280845949,772.8702845964634,774.6788330078125,774985,-0.004522353650565303,-0.004532610426697002,600364475.3985596
2023-06-06,775.1675828734561,778.1003058860301,766.8582010044966,774.3366088867188,744002,-0.0004417625814880921,-0.0004418601873240895,576107985.6849365
2023-06-07,776.1940877983816,805.5213203348443,773.7501517536763,804.6414794921875,3971089,0.039136559291751416,0.038390136870037776,3195302928.1551514
2023-06-08,806.3033846645698,806.3033846645698,787.1429495431144,789.0003051757812,1117198,-0.01943868755843592,-0.01963010348887228,881469562.9417725
2023-06-09,792.5195313953421,793.6437060893717,781.0818996548504,783.0370483398438,835145,-0.007557990531586567,-0.007586696875007811,653949475.7357788
2023-06-12,784.9434002880711,789.733479193922,781.4240965411843,782.792724609375,3168760,-0.00031202065213487007,-0.00031206934070670606,2480482274.033203
2023-06-13,784.3567668136033,802.6862861321714,784.3567668136033,801.5132446289062,2697513,0.023915040892687145,0.023633555297056037,2162092397.058655
2023-06-14,804.348241576682,845.6018950973732,797.7007472826087,843.157958984375,7652583,0.05195761222230311,0.05065282093940028,6452336263.238525
2023-06-15,844.6242932622832,852.8359422022294,836.8036979542991,845.6018676757812,3106263,0.002898518202152811,0.0028943255978747247,2626661794.2921753
2023-06-16,848.5345481269017,850.9296172524761,832.9422250846069,843.4022827148438,1754715,-0.0026012063655715956,-0.0026045953811447103,1479930636.513977
2023-06-19,847.0193398941913,850.4897170361727,835.6794412005323,837.78125,1308412,-0.006664711289077974,-0.00668701965180589,1096163040.875
2023-06-20,837.7812566576215,847.5570006092856,828.2987730912259,839.638671875,1178858,0.002217072624864702,0.0022146185459308576,989814765.4492188
2023-06-21,839.7364222947232,857.5282885769731,833.9198425935097,840.8606567382812,1439299,0.0014553699159096656,0.0014543118915337592,1210249902.3827515
2023-06-22,842.6691187057271,842.6691187057271,821.7490030290692,823.0198974609375,988651,-0.02121726011839875,-0.021445581527415554,813679444.6446533
2023-06-23,823.1176426267192,827.2234670291598,812.999771479996,821.993408203125,806171,-0.0012472228933702034,-0.0012480013231606975,662667247.8845215
2023-06-26,834.848537919458,846.5794307239468,828.8364314905949,843.206787109375,3022935,0.025807237253425708,0.025479851176672657,2548959308.9904785
2023-06-27,844.5754178167073,848.6323157912905,833.4799125374064,835.0440673828125,1131450,-0.009680566915910904,-0.009727728216043624,944810610.0402832
2023-06-28,835.3373622818232,840.7140217230753,831.915851728299,835.7772827148438,914411,0.0008780558543806105,0.0008776705888455161,764243940.864563
2023-06-30,830.9871534350495,844.1844085758912,830.9871534350495,841.5938720703125,1394632,0.006959496836974166,0.006935391315770897,1173713744.993164
2023-07-03,847.5081714672527,847.5081714672527,837.2436398620774,839.5897827148438,1226135,-0.0023813022194882905,-0.002384142028810494,1029450418.229065
2023-07-04,839.3942859839372,842.375875983292,833.0889191439336,836.36376953125,759030,-0.003842368320827294,-0.0038497691819560447,634825191.9873047
2023-07-05,839.7363760429334,841.9359183550365,822.28669756681,826.93017578125,2537154,-0.011279295079086427,-0.011343388737773435,2098049203.2041016
2023-07-06,826.930217212333,828.543179188846,822.5311323677225,826.0992431640625,2363769,-0.0010048401201497859,-0.0010053453104353156,1952707781.9146729
2023-07-07,826.0992702910833,833.3822118173731,813.1464089343909,814.5639038085938,1811594,-0.013963624166131616,-0.01406203273356825,1475659080.7562256
2023-07-10,822.6288689664349,822.6288689664349,803.5661679030416,807.1343383789062,1177214,-0.009120911686547384,-0.00916276187046513,950169843.0203857
2023-07-11,807.4764476419969,824.0952123029097,807.2320540440422,821.4557495117188,2167322,0.017743528495611338,0.01758794974218061,1780359117.9432373
2023-07-12,826.0014879960636,828.7875511249201,819.9893816657035,824.339599609375,1435731,0.003510657877031642,0.003504509902422159,1183529917.6867676
2023-07-13,828.0054544956237,829.9606031485059,816.470089376899,818.5718383789062,985928,-0.00699682659088785,-0.0070214191625018185,807052895.4692383
2023-07-14,820.1359951218401,833.6265089266873,814.9059366626524,832.404541015625,1705168,0.016898581148495184,0.01675738854256346,1419389586.3945312
2023-07-17,835.9238554625057,841.3983079671128,830.3028025960081,833.4799194335938,1200820,0.0012918939830106613,0.0012910602060027356,1000859356.854248
2023-07-18,835.0440306124407,843.6466730509425,829.4229780399692,839.443115234375,1412514,0.007154576447184979,0.007129103889858367,1185725152.472168
2023-07-19,845.5530156013494,845.5530156013494,835.2396172927696,841.1539306640625,952601,0.0020380361678347114,0.002035962189541131,801284075.5045166
2023-07-20,840.7140015952609,855.3776179021551,835.3862090704746,853.5202026367188,1381298,0.014701556423678097,0.014594536177428995,1178965748.8616943
2023-07-21,854.1067218120896,856.7461844912474,830.5471441694192,833.2354736328125,1230534,-0.02376596235360584,-0.024052928644225913,1025324580.3112793
2023-07-24,834.8484821826981,847.5569485391093,829.8628769402055,843.744384765625,1149904,0.012612174427709899,0.012533303420079297,970225043.0195312
2023-07-25,843.7444123560033,850.000912171846,836.8036582163314,849.0722045898438,873678,0.00631449514854987,0.0062946422542327725,741815705.5616455
2023-07-26,854.351173916489,864.1269180893044,850.0498226138872,854.3023071289062,1940116,0.0061597853642954,0.006140891435097023,1657445574.897705
2023-07-27,856.3062599645638,860.265424130977,828.6897847012682,830.987060546875,3203072,-0.02729156457552817,-0.02767089696950039,2661711386.0
2023-07-28,835.0929465808308,841.1050531181249,823.1176599602687,840.0785522460938,2365708,0.010940593579442215,0.010881178251995516,1987380551.677002
2023-07-31,840.0785298722549,841.5448914602088,833.3821691538275,840.0296630859375,1454789,-5.819593896971842e-05,-5.8197632419076274e-05,1222065913.531128
2023-08-01,842.5713358470763,843.9399041042867,833.9686340410594,837.5368041992188,987812,-0.0029675843559631154,-0.0029719963652531716,827328905.6296387
2023-08-02,835.8260683722629,835.8260683722629,819.4028312427902,824.14404296875,1604731,-0.01599065397881083,-0.016119883985975858,1322529494.2172852
2023-08-03,821.1624676321532,822.7754892029923,813.8795266704681,816.6656494140625,1375222,-0.009074134089168018,-0.009115554805725137,1123096567.7185059
2023-08-04,818.2786439742938,822.7265955848623,813.6351655493957,816.0791015625,887582,-0.0007182227536854935,-0.0007184807992109591,724337121.1230469
2023-08-07,818.1808654529103,821.7979024868812,810.8979246006725,819.0117797851562,1106208,0.0035936200510970906,0.0035871784264495557,905997382.8925781
2023-08-08,820.1849189833846,833.9686941128481,815.0526533997579,828.4454345703125,1252297,0.011518338341398371,0.0114525073094641,1037459732.3760986
2023-08-09,831.9158491099134,843.1090883902087,828.6409985998398,840.9095458984375,1704615,0.015045180778369138,0.014933124585209895,1433427025.581665
2023-08-10,841.8382155173146,843.8422310971079,828.9830883351772,831.4758911132812,941390,-0.011218394215131933,-0.011281795015587582,782743089.1351318
2023-08-11,830.644959120989,834.7018569810602,816.2746038622294,818.1320190429688,909080,-0.016048417293790807,-0.016178587707328614,743747455.871582
2023-08-14,820.0382948414306,826.9302423741539,811.0446577296943,825.7571411132812,754694,0.009320160918811382,0.009276996213093266,623193959.8553467
2023-08-16,822.0423285691297,824.5351313308082,818.0342377695473,821.8468017578125,360863,-0.004735459326693614,-0.004746707137292199,296574102.4227295
2023-08-17,816.2746363699983,826.9790881454971,816.2746363699983,825.3171997070312,1105325,0.004222682307452041,0.004213791803578872,912243733.7661743
2023-08-18,826.0503425770694,829.9117732715093,816.7633860628894,823.6552734375,1145798,-0.0020136818548325275,-0.0020157120380253106,943742564.9941406
2023-08-21,827.0278659836292,830.3516425030788,821.9444676400478,829.4718017578125,680778,0.007061847969524138,0.007037029893636035,564686154.2570801
2023-08-22,828.0055147364167,832.4534663120501,825.0727915437257,829.76513671875,782931,0.00035364066664578253,0.00035357815052362417,649648848.2563477
2023-08-23,828.9830560680061,828.9830560680061,821.5045883583783,825.6104125976562,516482,-0.005007108562699258,-0.005019686133184659,426412917.1192627
2023-08-24,826.050358124244,835.6305751964276,823.2153685315749,825.268310546875,1482572,-0.00041436256806026694,-0.0004144484399513892,1223519689.7041016
2023-08-25,821.1624574731467,827.1745636176364,811.5333739514813,813.8795166015625,1149261,-0.013800110581933756,-0.013896217321435951,935359987.1290283
2023-08-28,813.8306891411581,824.0463535687638,809.6759979353325,822.922119140625,649996,0.01111049283660659,0.011049224706118823,534896085.7529297
2023-08-29,822.1400507270774,825.0239070713511,817.2521788440389,819.4517211914062,606053,-0.004217164502569037,-0.004226081820150426,496631173.98321533
2023-08-30,822.140047538859,830.2539028999569,819.8916384146614,829.3251953125,604884,0.012048878372893812,0.011976868486369401,501645541.44140625
2023-08-31,829.3252014774214,832.3557178555238,810.4580278750876,815.63916015625,2025392,-0.016502615902188933,-0.01664030094526306,1651989029.8671875
2023-09-01,814.3194433859989,828.3965380625945,814.3194433859989,825.2194213867188,661741,0.011745710233718398,0.011677264817943839,546081525.1278687
2023-09-04,825.0727667051685,829.960638545839,818.22974612823,827.0767822265625,705024,0.002250747851671564,0.002248218712983701,583108981.3125
2023-09-05,828.0055420615026,833.2844678491191,824.1441111304135,827.3212280273438,745626,0.00029555393892599646,0.00029551027146443743,616872217.9691162
2023-09-06,826.8323775600338,863.1981555008236,826.5391171868023,859.1901245117188,3618782,0.038520583546928666,0.03779718459685487,3109221757.1607666
2023-09-07,846.2861357573838,847.508103707921,834.848503807074,839.443115234375,3458930,-0.022983282412104122,-0.0232515159415355,2903574974.5776367
2023-09-08,844.6242118766361,845.455126181482,832.6489264651907,833.9686279296875,901217,-0.006521570318864356,-0.00654292866920776,751586704.9569092
2023-09-11,836.3149217092845,845.5530119712074,835.581740889551,843.2556762695312,1039583,0.011135968463104717,0.011074420078678014,876634265.7033081
2023-09-12,847.5570253635218,854.4000463295479,836.8037067026236,845.3574829101562,1795152,0.0024924903558587452,0.002489389253681009,1517545176.1611328
2023-09-13,842.6691042752681,871.2631545073465,840.8606155630487,869.3568725585938,2812359,0.028389634129480035,0.027994116749190636,2444943624.752014
2023-09-14,874.9291045479007,877.5685674111032,861.2430626890508,864.7134399414062,2205160,-0.005341227249428093,-0.005355542600810029,1906831489.2211914
2023-09-15,867.646152321873,869.7968279488746,853.9112438475323,856.2574462890625,1104866,-0.009778954809487761,-0.009827082806103308,946049739.6516113
2023-09-18,863.1981071792433,866.0819632984562,856.257353513558,861.194091796875,1084407,0.005765375272597462,0.005748819101128596,933884901.5031738
2023-09-20,861.0475241995377,861.1453174399054,845.6018605300732,850.1964721679688,924868,-0.012770198650526976,-0.012852438533947038,786319510.8210449
2023-09-21,849.5121363958453,854.4000082968571,841.887068163548,851.46728515625,1165593,0.0014947286067192866,0.0014936126118499746,992464307.3071289
2023-09-22,851.4672302924068,869.894482305309,850.5385227577744,858.0658569335938,1518828,0.007749648039775181,0.007719773761567009,1303254449.3547363
2023-09-25,862.1717164176637,885.2913141696733,851.0273448770596,880.4034423828125,2700627,0.02603248371756095,0.02569940679082509,2377641307.391968
2023-09-26,887.2464589314724,889.4949276765337,871.5075357144635,875.1245727539062,2064298,-0.005995966593018931,-0.006014014580293594,1806517905.2867432
2023-09-27,878.8393346031338,883.7272063195028,867.0107089160821,868.9169311523438,1233749,-0.0070934376599983695,-0.007118715698641001,1072025394.892273
2023-09-28,874.733532097265,875.9066332715345,850.5874332869676,856.8439331054688,1801983,-0.013894306364664821,-0.013991735768082394,1544018201.109192
2023-09-29,866.0331546449426,866.0331546449426,854.1067354473021,857.2349853515625,817204,0.0004563867829190382,0.00045628267014715085,700535858.9692383
2023-10-03,850.4897526882698,859.8255765459917,844.7220396942805,852.34716796875,1183376,-0.005701840762842858,-0.005718158313163137,1008647182.2421875
2023-10-04,847.5570253635218,850.3430886045551,835.8261322789056,845.3574829101562,623081,-0.008200514205087384,-0.008234323383668066,526726185.80914307
2023-10-05,846.6283325104791,849.75658265428,838.2700829750303,840.9095458984375,749977,-0.005261604825933075,-0.005275495815963546,630662818.5042725
2023-10-06,841.6915311461757,857.8215082238899,841.6915311461757,855.1331787109375,960117,0.01691458121967604,0.016773122604548343,821027902.1444092
2023-10-09,848.5345996172871,864.0291303635512,847.3614983757789,860.9009399414062,1200788,0.006744868956158667,0.0067222240949274415,1033759517.8703613
2023-10-10,865.1533707888317,872.387445439392,861.9762538904547,868.8192749023438,870512,0.009197730648867086,0.009155689118808017,756317604.6337891
2023-10-11,874.9290174343168,877.0796928741396,866.3263753414273,868.47705078125,1062565,-0.0003938956362727897,-0.0003939732335364117,922813317.4633789
2023-10-12,868.9658561956944,874.0981214895722,863.3936705147752,872.3384399414062,775364,0.004446161423243833,0.004436306447952819,676379822.1467285
2023-10-13,870.2855494627689,897.4132371882301,868.9169215307794,892.8674926757812,5120134,0.023533357919838904,0.023260717595758144,4571601206.744019
2023-10-16,897.217694657563,897.217694657563,885.7311964526791,888.2239990234375,1524935,-0.005200652605716338,-0.0052142230701073934,1354483863.9508057
2023-10-17,891.59666890646,907.1889916334403,884.8514417297168,887.4908447265625,3228492,-0.0008254159960562335,-0.0008257568394107845,2865257092.272949
2023-10-18,891.9877745447546,894.4805773351943,872.0940996752155,875.6134033203125,1218914,-0.013383170628548213,-0.013473532380029941,1067297435.8947754
2023-10-19,875.9066501597725,880.2080013262264,859.3367523780448,875.3201293945312,1430475,-0.0003349354003366889,-0.00033499150372557864,1252123562.095642
2023-10-20,871.9475064773245,881.576590544232,868.7215228592909,878.79052734375,2295312,0.003964718544310575,0.003956879759960897,2017098442.8984375
2023-10-23,878.5949611264584,885.7312420624106,860.5098353619638,863.2958984375,973113,-0.01763176596029592,-0.017789057169352748,840084461.6162109
2023-10-25,863.491377871517,874.3913553170692,862.5626703418205,870.0411376953125,1531972,0.007813357239413454,0.0077829910358398775,1332878661.7973633
2023-10-26,863.4425946261606,867.0596318638482,852.4448825519526,860.6076049804688,1966650,-0.010842628361036555,-0.010901838037232783,1692513946.3348389
2023-10-27,860.2654642377537,874.440292909853,856.3551666730367,871.1165161132812,797507,0.012211036797717956,0.012137083510098056,694721519.4159546
2023-10-30,866.1309218634551,875.906665902546,860.4610022540637,873.5115966796875,1147541,0.0027494376723478098,0.0027456648823758712,1002390371.1654053
2023-10-31,879.3281507222008,883.140714653039,871.9963429062847,880.3057250976562,1082510,0.007777948734503326,0.007747856428135602,952939750.4754639
2023-11-01,885.6824255383278,899.3684674340636,875.6134209340323,882.8963623046875,2678745,0.0029428835155467237,0.0029385617108227922,2365054216.04187
2023-11-02,889.7393892616892,897.1200642577414,883.2873622388506,890.814697265625,1082513,0.008968589405292882,0.008928610465991447,964318490.3811035
2023-11-03,891.5478284290225,898.6841094206668,890.8146476490643,893.209716796875,901911,0.002688572088675123,0.002684964343745282,805595668.8859863
2023-11-06,896.1912909116253,902.9854446194747,895.4581101445856,898.0487060546875,742374,0.005417528679788175,0.005402906657666418,666688010.1086426
2023-11-07,899.3684209968884,902.9854581015697,892.5254004023468,901.3724365234375,819721,0.0037010581345324756,0.0036942260709290327,738873915.0394287
2023-11-08,901.8123769746585,908.6065309350116,893.6496546648107,895.7514038085938,1090425,-0.00623608231967232,-0.006255607898759118,976749724.4979858
2023-11-09,895.7514150191575,898.3420110579607,878.2039425229642,882.60302734375,3194352,-0.014678599898296452,-0.014787396513031755,2819344745.6015625
2023-11-10,882.6030339766687,896.2890757441885,876.3954603272493,892.232177734375,3846444,0.01090994489289776,0.010850860791863216,3431921106.6533203
2023-11-13,893.5029858314929,899.8083525334973,886.757698723971,895.9957885742188,904887,0.004218196713551281,0.004209325061293729,810774941.1355591
2023-11-15,900.7369901749693,911.0992539607523,895.8001921923834,908.7530517578125,1564164,0.014238083868557183,0.014137674323110255,1421438808.449707
2023-11-16,912.0768975313217,912.0768975313217,897.4132818153842,899.4172973632812,1315309,-0.010273147778126268,-0.010326280769390177,1183011665.9776
2023-11-17,901.3235881656905,913.0544808533133,900.3460137750552,909.97509765625,961365,0.011738489268462882,0.011670127657933078,874818209.7583008
2023-11-20,914.5208424392662,919.7508415626024,907.38456132091,909.97509765625,1169030,0.0,0.0,1063788188.4130859
2023-11-21,885.6824358691706,910.6105838986009,885.6824358691706,906.8958129882812,804344,-0.003383921907203602,-0.003389660320158669,729456205.8022461
2023-11-22,910.5616605676452,918.7243827058039,901.5679644135944,907.4334106445312,885449,0.0005927887730328152,0.0005926131431722771,803486006.0217896
2023-11-23,908.3132667684287,916.6715158552315,906.2114579669916,912.076904296875,907511,0.005117172894312461,0.005104124659549228,827719823.4953613
2023-11-24,913.7388382066473,915.840587446374,903.2787797973573,906.11376953125,521207,-0.0065379736484194595,-0.00655943981276586,472272839.4760742
2023-11-28,904.2562762691559,913.9831530120346,904.0118826809751,910.95263671875,904835,0.005340242417906538,0.005326033885589544,824261829.0454102
2023-11-29,913.9831910055481,916.8670473992423,909.1441858251331,912.6145629882812,1047897,0.0018243827423536363,0.0018227205774679076,956326062.711731
2023-11-30,911.0993610172236,926.9360785819204,911.0993610172236,919.6531372070312,2982505,0.007712537695763633,0.0076829481200060895,2742870079.9856567
2023-12-01,924.6876432876084,931.5306640466182,918.6755368970589,921.7059936523438,1129388,0.0022322072988811836,0.0022297196254825887,1040963688.7590332
2023-12-04,932.6060469451991,935.0499831269212,920.82628648258,925.4208984375,1112904,0.004030466125576115,0.0040223655557347,1029904619.5546875
2023-12-05,925.4696566033706,932.7525975033695,922.976853923882,928.7445068359375,792716,0.0035914559570127125,0.0035850220791248904,736230630.480957
2023-12-06,932.6059530728991,941.4041224415114,927.6203476305807,930.3575439453125,982484,0.001736793162707695,0.0017352866815079557,914061401.2055664
2023-12-07,930.6507797944233,938.0314541924956,928.7444978815219,935.44091796875,933106,0.005463892947952909,0.005449020036281671,872865533.2021484
2023-12-08,938.471345908407,940.2798345313576,922.6346300129225,925.371826171875,649090,-0.010764006153097694,-0.010822357172252283,600649598.6499023
2023-12-11,928.5979051192293,931.6283617578613,922.8790593337801,929.1355590820312,476174,0.004067265507451401,0.004059016542685897,442430195.71032715
2023-12-12,931.6772517521038,940.377687608383,922.4391619196288,927.4736938476562,732063,-0.0017886143933796284,-0.001790215874009504,678969174.7391968
2023-12-13,926.7404796982072,938.1781114758644,925.2741181796973,935.8319091796875,899820,0.00901180851540584,0.008971444489715461,842080268.5180664
2023-12-14,939.2534298053899,939.2534298053899,922.9279261183251,929.1355590820312,1980762,-0.007155505205551305,-0.007181228615705958,1840396408.2784424
2023-12-15,938.4225487568766,938.4225487568766,927.6203636674995,933.290283203125,1155502,0.004471601673708969,0.004461633766904171,1078418788.8217773
2023-12-18,934.5611114735102,936.7117870524417,924.1010536272935,928.4024047851562,999922,-0.005237254159759619,-0.005251016648123252,928329989.397583
2023-12-19,931.6283934162516,956.067753159595,927.864755882339,944.4835205078125,3897491,0.017321277540613078,0.017172974297855418,3681116020.8275146
2023-12-20,953.1349880364716,987.3500901711142,944.4834789347017,954.4058227539062,4465789,0.010505532421316355,0.010450732781055311,4262175024.790344
2023-12-21,954.1125785462265,961.8354398825782,941.4529786086694,957.3385620117188,1588905,0.0030728430065003476,0.003068131473828349,1521120027.87323
2023-12-22,963.8883338195203,975.9124866996066,957.6807604043844,970.5358276367188,1491449,0.013785369302650619,0.013691215409907396,1447504689.5929565
2023-12-26,970.7313530882814,994.1931380571824,970.5358262802596,984.759521484375,1804990,0.014655506208659297,0.014549152133512178,1777481088.684082
2023-12-27,992.1891216385574,1005.9240296435582,987.4478501304822,1003.7244873046875,1799498,0.019258474182332064,0.019075376817892408,1806200207.4558105
2023-12-28,1007.6347700516612,1026.4530764533051,1002.3070375308123,1017.6549072265625,2052402,0.013878728772755755,0.013783301145665821,2088636966.9016113
2023-12-29,1030.3143250458781,1069.466221187173,1024.2044860308692,1062.427734375,5017576,0.043996080430111606,0.04305573507611155,5330811901.734375
2024-01-01,1069.3196993273293,1069.3196993273293,1051.8700207127365,1055.8780517578125,936544,-0.0061648264679766696,-0.006183907471805597,988876254.1054688
2024-01-02,1061.9879519157544,1078.313516400393,1055.2915909762155,1073.13232421875,2635193,0.016341160262032917,0.016209080451712453,2827910788.8549805
2024-01-03,1073.327729477717,1074.4519638673376,1058.4197203675888,1060.6192626953125,1100701,-0.011660315546404898,-0.0117288301477409,1167424683.0679932
2024-01-04,1063.6987255404647,1103.2904904067311,1061.792503113364,1100.3089599609375,2777186,0.03742124875684705,0.03673806542912269,3055762639.278076
2024-01-05,1099.7712873263192,1105.7833942302675,1091.999617962342,1097.7672119140625,1207155,-0.0023100312179273885,-0.002312703456136929,1325175178.69812
2024-01-08,1099.8201171064502,1103.68148822051,1070.1018317324445,1080.1707763671875,1722755,-0.01602929597085878,-0.016159154701196703,1860869605.840454
2024-01-09,1081.197261953013,1095.0299632668039,1081.197261953013,1086.7205810546875,998355,0.006063675143599179,0.006045365045850921,1084932925.6988525
2024-01-10,1087.0626498688616,1092.6347757906435,1076.3093322892237,1088.9688720703125,933127,0.002068876816009979,0.0020667396375683767,1016146256.6883545
2024-01-11,1091.9506040858137,1099.7222728276056,1087.1116585421034,1094.150146484375,1084035,0.004757963746210736,0.0047466804130108994,1186097054.0441895
2024-01-12,1100.2111184880896,1139.4119494516754,1098.6470232325653,1133.0087890625,6018282,0.03551490871977858,0.03489879935466518,6818766401.056641
2024-01-15,1163.3135448186204,1164.242192772535,1109.3025588091843,1124.99267578125,4237485,-0.007075067165086102,-0.007100214133974082,4767139588.73291
2024-01-16,1126.7033864422328,1136.4791301297876,1116.3899291187392,1118.0517578125,1449691,-0.006169745028722029,-0.006188856554960979,1620829570.834961
2024-01-17,1108.569343840429,1127.0943305568433,1106.516461514694,1113.066162109375,1272932,-0.004459181489843922,-0.004469153294724059,1416857535.866211
2024-01-18,1109.497924258407,1124.2104654744765,1097.3271717348694,1121.082275390625,1218211,0.0072018300026825965,0.007176020667202219,1365714759.7858887
2024-01-19,1130.8091260040565,1139.4606351093007,1120.9844560826127,1135.6480712890625,900162,0.012992619915752623,0.012908939865627429,1022267239.1477051
2024-01-23,1132.959797741089,1139.8517449613298,1112.7240554907664,1119.9581298828125,933643,-0.013815848239358663,-0.013912175326668885,1045641068.2581787
2024-01-24,1119.9092675484492,1134.96393796511,1108.5694277798748,1133.0087890625,1040096,0.011652809896610217,0.011585438777498305,1178437909.46875
2024-01-25,1133.986295050308,1137.5544654487096,1106.9563392370724,1111.2576904296875,1125321,-0.019197643339386894,-0.01938431100881385,1250521615.4520264
2024-01-29,1111.257686107339,1123.42843951082,1109.5469309274947,1115.4613037109375,1588430,0.0037827529271132754,0.003775616308973039,1771832198.6535645
2024-01-30,1119.2737045412239,1121.473246829199,1095.5187194307748,1097.71826171875,798009,-0.015906461239990732,-0.016034326732315498,875989052.315918
2024-01-31,1099.7712437283374,1102.2151798255115,1087.0627760230323,1092.92822265625,2428738,-0.004363632481616975,-0.004373180913189434,2654436305.6376953
2024-02-01,1092.9281294233806,1109.4491598975046,1083.1523858686098,1104.31689453125,4728358,0.010420329202700085,0.010366411806907073,5221605622.791992
2024-02-02,1106.6142685208827,1144.4463516992028,1106.6142685208827,1136.6746826171875,1741322,0.02930117998391424,0.028880105944273374,1979316631.6843262
2024-02-05,1143.6642989593176,1150.6050532388863,1120.5935672978953,1124.9437255859375,1266268,-0.010320417275626825,-0.010374042054465344,1424480241.510254
2024-02-06,1116.487623957009,1140.6337816273003,1116.487623957009,1137.4566650390625,1219085,0.011123169247072795,0.01106176174444832,1386656358.4991455
2024-02-07,1141.855849354729,1148.6499438426295,1127.1922330503548,1140.0472412109375,864874,0.0022775163674353394,0.0022749267582062955,985997217.6950684
2024-02-08,1133.9863288547758,1136.8213185434756,1099.771224104847,1112.3819580078125,2477973,-0.02426678667608495,-0.024566076939331744,2756452457.630493
2024-02-09,1116.389977057159,1123.6240515631464,1094.7366799928589,1103.9259033203125,917196,-0.007601754619109502,-0.0076307952223917935,1012516422.8217773
2024-02-12,1104.7078670701367,1108.960291337833,1050.8923550172944,1097.0338134765625,898953,-0.006243254029115963,-0.006262824638262595,986181837.7261963
2024-02-13,1097.8161515817535,1115.7058124706675,1093.123746299566,1112.2843017578125,886148,0.013901566290760226,0.01380582579299673,985648509.434082
2024-02-14,1109.5958285515512,1114.2881138946693,1094.8832866540147,1110.1334228515625,1206706,-0.0019337492247717414,-0.0019356213316500304,1339604662.1555176
2024-02-15,1114.4837524634524,1121.033453269157,1101.9707522979354,1106.0277099609375,1278358,-0.0036983958919809545,-0.0037052518673621197,1413899371.2502441
2024-02-16,1109.5470190672038,1123.6241152461625,1107.005349321808,1121.7177734375,1213292,0.014185958756057326,0.01408627963302969,1360971200.7695312
2024-02-19,1124.2106384013123,1138.1410745728067,1118.8339788263495,1129.0985107421875,961914,0.006579852329583025,0.006558299592138069,1086095664.8620605
2024-02-20,1128.6095743876526,1133.0086589132,1113.2617049983094,1128.5118408203125,1056193,-0.0005195914406878055,-0.0005197264750975984,1191926306.6915283
2024-02-21,1129.098308168042,1145.6193375826883,1124.25936315187,1134.7193603515625,1445959,0.005500624190826198,0.005485551006932148,1640757671.574585
2024-02-22,1134.963920247817,1138.6298243829845,1116.8298667260624,1133.49755859375,1689403,-0.0010767435548415527,-0.001077323659636451,1914934175.980957
2024-02-23,1132.031072327104,1139.4606133566454,1129.2938164743662,1134.279541015625,1280859,0.0006898845224203587,0.0006896466614846528,1452852158.6257324
2024-02-26,1133.0086866858112,1156.2750042576938,1123.672803786295,1150.7027587890625,1292210,0.01447898615779697,0.014375166572701223,1486949611.9348145
2024-02-27,1155.4929117018878,1163.0201866592076,1148.6009646223188,1157.0570068359375,1584564,0.005522058584062073,0.005506867915408895,1833430878.9799805
2024-02-28,1163.0691035108634,1177.9771126123894,1137.0167227554052,1141.7579345703125,2170054,-0.01322240146789444,-0.013310595707324072,2477676372.946045
2024-02-29,1140.7802436436434,1172.1115466478748,1124.7969282377317,1163.3623046875,2722341,0.01892202319164804,0.018745228438812586,3167068899.9052734
2024-03-01,1176.9994954562603,1186.4331116244432,1167.468145721461,1174.0667724609375,1804771,0.0092013190820317,0.009159244841017752,2118921663.0010986
2024-03-04,1179.8833348476635,1186.7752818700653,1163.3134970555006,1176.266357421875,790960,0.0018734751826141594,0.001871722416818264,930379638.0664062
2024-03-05,1179.7856211483663,1184.7224195193705,1169.1789629513646,1173.67578125,867925,-0.0022023720694970272,-0.002204800857581891,1018662552.4414062
2024-03-06,1176.8041132281649,1195.5734940193004,1165.268687547838,1192.689697265625,1367260,0.01620031385104892,0.016070489025162695,1630716915.4833984
2024-03-07,1200.4614831433537,1240.4443039647747,1189.4637700445242,1233.2591552734375,3522952,0.03401509889858412,0.033449378396048786,4344712807.588867
2024-03-11,1234.6763718221741,1240.5418177690728,1181.887358300086,1193.276123046875,2609165,-0.03242062469643492,-0.03295781578600129,3113454295.5895996
2024-03-12,1199.9237739698715,1200.3148276369834,1182.0342321945493,1187.948486328125,1089396,-0.004464714089096655,-0.004474710690787889,1294146329.211914
2024-03-13,1188.2416206407192,1190.0990357694914,1144.4462420933605,1152.51123046875,2050756,-0.029830633455251387,-0.030284618041024617,2363519320.951172
2024-03-14,1134.0352885218788,1178.0261387744488,1134.0352885218788,1171.476318359375,2211062,0.0164554473650651,0.016321523676699933,2590206771.4243164
2024-03-15,1173.0892444087992,1192.4940717934996,1149.5297259501508,1184.966796875,2843465,0.011515792768664879,0.011449990720451242,3369411613.076172
2024-03-18,1185.8465722334702,1190.3433902223169,1157.7413106371757,1160.331787109375,803158,-0.02078962029197151,-0.021008767088234497,931929757.4711914
2024-03-19,1158.3279528937917,1158.3279528937917,1114.2881775864598,1120.544677734375,2152306,-0.03428942464303064,-0.034891101093799885,2411755033.1557617
2024-03-20,1117.465249631524,1127.534313476126,1086.769390240651,1098.842529296875,2070193,-0.019367499456942272,-0.019557506786747694,2274816112.2526855
2024-03-21,1108.5693121927789,1113.4082574890692,1096.3496328255746,1108.5203857421875,1901034,0.008807318780703843,0.00876876057951181,2107334942.9890137
2024-03-22,1108.5204407971041,1114.434813637692,1093.9057512812083,1097.5716552734375,1696377,-0.009876886893171122,-0.009925986911587066,1861895311.857788
2024-03-26,1080.5617351944898,1095.958530512906,1080.5617351944898,1087.600341796875,2407110,-0.009084886101653478,-0.009126405335707216,2617973658.742676
2024-03-27,1090.3375041294455,1091.9505256390719,1059.7883063441088,1066.58251953125,1962948,-0.01932495003716206,-0.019514117956907197,2093646023.5488281
2024-03-28,1079.1444603019145,1084.130066135342,1069.1243221793832,1071.6170654296875,6721940,0.004720259151303363,0.004709153661556554,7203345616.794434
2024-04-01,1075.3318354852966,1079.6331866938,1058.8108043280963,1062.525634765625,2229535,-0.008483842743225778,-0.00852003538423477,2368938091.1071777
2024-04-02,1067.3157957689555,1107.9828676326458,1060.7659755780962,1105.7833251953125,5107047,0.04071213814924035,0.039905227040608705,5647287413.588745
2024-04-03,1103.6816110751522,1103.6816110751522,1087.8449519000292,1094.3946533203125,1133287,-0.010299189375991391,-0.010352593019497043,1240263233.477417
2024-04-04,1107.3963480290558,1107.4940816042563,1083.6901684014285,1092.8792724609375,2403608,-0.001384674947723319,-0.0013856344959559625,2626853362.321289
2024-04-05,1090.9729417658268,1099.6733770855378,1086.0850701629333,1090.5330810546875,627856,-0.0021467983384539924,-0.002149106013340265,684697738.1386719
2024-04-08,1094.8833460285316,1114.8746951045875,1091.9506227802408,1111.84423828125,1833218,0.01954196309748979,0.01935347065366081,2038252870.8134766
2024-04-09,1115.4123348930123,1115.4123348930123,1096.3496350416417,1100.357666015625,1184800,-0.010331098431001107,-0.010384834651584185,1303703762.6953125
2024-04-10,1104.6590312948917,1125.6768801204141,1093.6123932488197,1119.615966796875,1374918,0.017501855420323453,0.01735046184186781,1539380145.8364258
2024-04-12,1118.6872459659214,1130.7114588748577,1109.0092354944375,1123.6728515625,2006949,0.0036234609776344406,0.0036169120579751047,2255154105.770508
2024-04-15,1099.7711147951072,1111.2086866558552,1086.0850742554348,1105.29443359375,1990224,-0.01635566610263328,-0.016490896559717555,2199783508.8046875
2024-04-16,1091.9505869188654,1113.3594897948483,1088.9689373145661,1110.182373046875,1051408,0.004422296271982873,0.0044125466530586695,1167254628.4804688
2024-04-18,1117.3673884259854,1133.008576715413,1102.2639137171254,1109.10693359375,2573549,-0.0009687052138771524,-0.0009691747120008579,2854341039.8432617
2024-04-19,1079.7309168466365,1124.797072488114,1079.2910561030017,1112.577392578125,2160942,0.003129057153335113,0.003124171842292758,2404215215.8725586
2024-04-22,1115.3634423948124,1151.3871538049796,1115.3634423948124,1144.690673828125,2299311,0.028863862832575915,0.028455147645184666,2631999857.93042
2024-04-23,1146.694738070822,1153.4400251025063,1126.1656762639275,1147.036865234375,1930671,0.0020496291792120314,0.002047531555071298,2214550811.638916
2024-04-24,1081.19731472808,1112.1863762868888,1079.242165876854,1085.2542724609375,6447489,-0.053862778648194,-0.055367666166521036,6997164983.894897
2024-04-25,1090.973000529661,1090.973000529661,1053.2386535893727,1081.441650390625,6233672,-0.0035131140849296028,-0.0035192995613217543,6741352535.673828
2024-04-26,1086.8673153874345,1086.8673153874345,1059.7396245460898,1077.9224853515625,3426210,-0.003254142318072639,-0.003259448553810384,3693188798.536377
2024-04-29,1084.0322761432822,1085.4986377434402,1064.480788141177,1073.865478515625,2254895,-0.0037637278107379712,-0.0037708284564524457,2421453898.17749
2024-04-30,1075.234051312475,1089.26221936686,1071.0793603254351,1083.4945068359375,2504796,0.008966698821180508,0.008926736685277659,2713932706.744629
2024-05-02,1089.0177237162313,1089.0177237162313,1056.8555067524874,1066.68017578125,3423995,-0.015518612183636593,-0.015640286296123376,3652307588.474121
2024-05-03,1070.4438978567252,1089.8976510085363,1065.3605590429474,1069.7596435546875,2935813,0.002886964474784648,0.0028828051960490307,3140614268.423218
2024-05-06,1080.2196759798333,1084.765420654817,1065.6049869202884,1073.5233154296875,1076304,0.0035182406605784866,0.0035120661299905868,1155437438.4902344
2024-05-07,1070.4929363881051,1096.3986590029235,1065.6538713188543,1074.745361328125,2614541,0.001138350589011905,0.0011377031592682588,2809965811.7521973
2024-05-08,1077.6780929870072,1092.7815704424781,1070.5906782544932,1090.04443359375,1071294,0.014235067036455051,0.014134699837496987,1167758061.4423828
2024-05-09,1089.0178945698656,1089.7021489248898,1053.8252157507316,1060.7171630859375,1743688,-0.026904655997484372,-0.02727321187171835,1849559788.6669922
2024-05-10,1063.552018018461,1069.417464403414,1043.7073293490578,1066.4847412109375,1080599,0.005437432640592377,0.005422703173265715,1152442344.8677979
2024-05-13,1061.7435610625294,1076.3094438881603,1051.919009673049,1072.3502197265625,933422,0.00549982413153427,0.0054847553240742995,1000955286.7976074
2024-05-14,1071.4216126259923,1073.7678152063359,1057.9310372886318,1061.108154296875,1194960,-0.010483576375406645,-0.01053891617468995,1267981800.0585938
2024-05-15,1061.6458200026518,1066.3870320725646,1032.3185874058934,1044.9293212890625,1920081,-0.015247110242530448,-0.015364542626699807,2006348936.1500244
2024-05-16,1046.982139495482,1077.8246582847044,1034.1270127957125,1075.08740234375,2665288,0.02886135974965609,0.028452714781075934,2865417552.4179688
2024-05-17,1068.488788411969,1076.5048505278648,1064.725150946979,1070.639404296875,1069069,-0.004137336217667653,-0.004145918673673805,1144587397.3122559
2024-05-21,1064.5785348615957,1072.9856509397616,1064.5296084078611,1069.41748046875,906092,-0.001141302873050365,-0.0011419546551420924,968990623.7128906
2024-05-22,1075.331728682803,1096.8383632564592,1069.4173564419277,1095.225341796875,2032291,0.024132634634710604,0.023846044240006206,2225816605.105713
2024-05-23,1102.1662294284615,1105.8321334945895,1079.2421570680674,1092.8792724609375,2087340,-0.002142088250157159,-0.0021443858028196245,2281210620.5786133
2024-05-24,1093.5730773522862,1093.5730773522862,1078.8083643367288,1081.0230712890625,1424791,-0.01084859185331355,-0.010907866916382437,1540231942.7650146
2024-05-27,1081.7613128791413,1092.5887691499972,1069.6050564606983,1070.83544921875,1881215,-0.009424056101008382,-0.009468743496995072,2014471709.6020508
2024-05-28,1071.9181723917313,1080.7277364901256,1063.0593445207253,1078.365478515625,981637,0.007031920079194842,0.007007311425900054,1058563453.2336426
2024-05-29,1067.9809060754847,1072.9024770712242,1051.2475646899702,1054.495849609375,1526469,-0.022135008382414667,-0.022383663857252368,1609655225.057373
2024-05-30,1054.200525089957,1057.596361072147,1035.498554990322,1050.4600830078125,2743237,-0.0038272000814962848,-0.0038345425517839213,2881660966.7301025
2024-05-31,1052.9207386842625,1054.0035803124915,1031.85651318919,1043.6190185546875,4787041,-0.006512445892790875,-0.006533744389106347,4995847030.20105
2024-06-03,1059.5159172166493,1065.9139600498954,1046.6705677738346,1052.379638671875,1323788,0.008394461926652275,0.00835942437550398,1393127537.118164
2024-06-04,1052.37959970819,1075.4617207051558,1012.7609513230218,1069.9495849609375,3223165,0.01669544491685171,0.01655760802618169,3448624054.01062
2024-06-05,1091.604471786788,1141.8044970898775,1076.0031154050741,1124.4805908203125,6089603,0.050965958233785136,0.049709701488028946,6847640379.301147
2024-06-06,1129.9925734046928,1129.9925734046928,1102.0380292649695,1122.0196533203125,2655137,-0.0021885104288058566,-0.0021909087175131514,2979115896.2579346
2024-06-07,1130.9769960911487,1130.9769960911487,1113.849905278504,1117.83642578125,1877248,-0.003728301484455576,-0.003735268923635524,2098456194.625
2024-06-10,1121.133842946296,1125.513992953537,1107.9932727690339,1115.2772216796875,1392359,-0.0022894262904108453,-0.0022920510336498167,1552866277.100708
2024-06-11,1115.277180420253,1126.8428715240939,1109.026689529069,1117.787109375,805013,0.0022504608240203616,0.002247932329867582,899833154.2792969
2024-06-12,1124.0868612229954,1124.0868612229954,1105.8770477968785,1107.009033203125,773116,-0.009642333572715378,-0.00968912187964512,855846395.7138672
2024-06-13,1112.2749160177916,1115.2278582727063,1086.7320135749926,1097.116455078125,1605436,-0.008936312015788928,-0.008976480335498608,1761350253.1748047
2024-06-14,1097.1165436252236,1107.3041711958053,1092.6871298853587,1095.000244140625,1107470,-0.001928884511489093,-0.0019307472048841318,1212679920.378418
2024-06-18,1095.0002213395612,1110.6016966450925,1095.0002213395612,1109.2236328125,1161864,0.012989393151266126,0.012905754482474283,1288767006.9140625
2024-06-19,1111.9796372004123,1113.160886263119,1085.698497693792,1088.2576904296875,1201455,-0.01890145662480358,-0.019082372499250898,1307492643.4552002
2024-06-20,1090.669458636048,1090.9646808193056,1078.906831192006,1085.9447021484375,1223872,-0.002125404949205323,-0.0021276668278113254,1329057314.5078125
2024-06-21,1085.993850695823,1087.667136690055,1064.8310964525324,1067.8824462890625,1634958,-0.016632758393351432,-0.016772635921093758,1745942948.619873
2024-06-24,1063.206940863551,1086.6828090385761,1060.2539984476853,1084.6649169921875,912255,0.01571565368589467,0.015593441566420497,989490993.850708
2024-06-25,1090.7678033059865,1090.816946922596,1072.902476568711,1077.4302978515625,932314,-0.006669911626428271,-0.006692254894147447,1004503350.7111816
2024-06-26,1077.873258576501,1082.5487507914163,1066.1106323846034,1069.85107421875,1003738,-0.007034537313388878,-0.007059396320670537,1073850177.5341797
2024-06-27,1073.000824782626,1079.2511955684781,1060.942976513689,1068.5714111328125,2272855,-0.001196113287891043,-0.0011968292023232271,2428707874.6502686
2024-06-28,1068.5713754423268,1086.682779125525,1067.980811006517,1080.2354736328125,1129490,0.010915566688832534,0.01085642190077453,1220115165.1135254
2024-07-01,1073.0009550183665,1080.2356408267335,1070.9339190953403,1077.3812255859375,767705,-0.0026422461736756997,-0.0026457430672241337,827110953.7884521
2024-07-02,1078.808287082862,1092.5886849105627,1063.059260994061,1087.6671142578125,2026189,0.009547120766171702,0.009501835012924634,2203819142.570923
2024-07-03,1096.5259907491284,1130.5832371667818,1094.6066261704457,1128.3685302734375,4406793,0.0374208390435693,0.03673767049470319,4972486540.629272
2024-07-04,1129.5498091207533,1136.686087076114,1115.5233317602163,1117.3934326171875,2113837,-0.009726518740814538,-0.009774130305619024,2361987581.423218
2024-07-05,1117.5903316227455,1132.8963448588659,1114.9326112728631,1119.5589599609375,1281630,0.001938016888713756,0.0019361413568006873,1434860349.8547363
2024-07-08,1120.1495100321893,1145.7416780997087,1118.1808817193032,1132.748779296875,1958676,0.01178126370083965,0.011712404914995058,2218687848.038086
2024-07-09,1143.182473029718,1150.1710794341973,1122.1181262772657,1124.2835693359375,1545936,-0.007473157434071176,-0.007501221380034581,1738070444.0449219
2024-07-10,1124.2835814270354,1138.6054004654966,1112.2749967806449,1132.748779296875,1015150,0.0075294260201075325,0.007501221380034482,1149909923.3032227
2024-07-11,1132.5027165619147,1135.3079879158179,1107.84559853671,1113.653076171875,1883264,-0.01685784480549446,-0.017001555664362844,2097302746.84375
2024-07-12,1117.196605613677,1135.898575223069,1112.3242984355518,1134.176025390625,1092749,0.01842849416740866,0.018260747217061273,1239369717.56958
2024-07-15,1134.4221881485119,1138.851602332172,1121.9214450701797,1130.7802734375,1201063,-0.002994025510242526,-0.0029985165710945307,1358138347.555664
2024-07-16,1130.7801842205583,1160.506424556655,1124.8250353368257,1157.799560546875,2152821,0.023894374304247457,0.02361337120347094,2492535207.736084
2024-07-18,1142.3699138879779,1161.425621435249,1137.508781168547,1160.2589111328125,2591377,0.002124159197966824,0.0021219063615091137,3006668256.3546143
2024-07-19,1166.6756544603052,1166.7729804548803,1150.147778092653,1155.0089111328125,1402279,-0.0045248521253538065,-0.004535120254951848,1619644740.8944092
2024-07-22,1152.092166163694,1177.272922277744,1149.4185852529931,1171.34228515625,1719663,0.01414134026673275,0.014042284278479889,2014313988.1186523
2024-07-23,1181.2590323879517,1227.5371768042164,1166.9185895032288,1221.9954833984375,5204189,0.04324372037455371,0.04233482118030296,6359495452.751831
2024-07-24,1222.0927487792594,1222.7733097597215,1183.5923903893079,1197.057861328125,3367339,-0.020407294796998432,-0.020618400641731243,4030899621.706787
2024-07-25,1197.786971063701,1200.703626664221,1175.279915758972,1189.6202392578125,2529080,-0.006213251932584596,-0.006232634509972433,3008644754.7021484
2024-07-26,1196.9752930753768,1199.829708040571,1186.4923231461646,1194.6129150390625,802492,0.004196865198228927,0.0041880829229253265,958667307.4155273
2024-07-29,1195.9417022315579,1202.8319013390646,1166.4122774850996,1182.5550537109375,1944124,-0.01009353002661173,-0.010144815090879316,2299033661.2407227
2024-07-30,1187.0829684794212,1192.398289384319,1170.5464412543054,1176.1571044921875,1331004,-0.005410275994062852,-0.00542496454057781,1565469810.7075195
2024-07-31,1174.2868134487928,1174.2868134487928,1148.6946448405206,1170.30029296875,2994289,-0.004979616669463782,-0.004992056274041702,3504217293.9331055
2024-08-01,1170.3002772801522,1196.9260234798087,1169.3652268865235,1189.39599609375,1675363,0.01631692586913669,0.016185235425278617,1992670044.2036133
2024-08-02,1181.1770067048933,1200.8632901499748,1171.3338649823525,1174.9266357421875,1262150,-0.012165301042784127,-0.012239903979696298,1482933653.302002
2024-08-05,1157.5535701291083,1194.5637622857996,1132.9457136212616,1180.5865478515625,3718458,0.004817247253739998,0.004805681446883089,4389961493.551025
2024-08-06,1181.1769551096095,1193.0871320425247,1164.295943761728,1167.0028076171875,1304014,-0.011505924965090286,-0.011572630284310333,1521787999.1721191
2024-08-07,1164.0008396825124,1188.8055101935736,1164.0008396825124,1180.7833251953125,759323,0.01180846994384055,0.011739294004764788,896595936.8372803
2024-08-08,1173.3025617670783,1176.2555044560895,1155.5849056330117,1159.8175048828125,1298997,-0.017755857374622153,-0.01791538378315725,1506599459.3902588
2024-08-09,1170.251053218172,1170.251053218172,1161.4906337292775,1167.544189453125,489864,0.006661983060079146,0.0066398901185199,571937866.8222656
2024-08-12,1157.5535667404913,1165.7725667589418,1147.7596879412586,1152.4351806640625,787584,-0.012940845344911134,-0.013025307550197289,907639509.328125
2024-08-13,1154.3052793001486,1164.1976856296076,1149.28530062848,1160.3096923828125,785371,0.006832932429407856,0.006809693745461669,911273583.4163818
2024-08-14,1168.380946974093,1168.4793543622748,1140.5248072527638,1149.236083984375,991108,-0.009543666204922197,-0.009589498827845497,1139017076.725586
2024-08-16,1149.678936013471,1171.9736757129901,1149.678936013471,1169.119140625,831846,0.01730110715954103,0.017153147148381013,972527080.6523438
2024-08-19,1179.208366264013,1181.1769945883268,1153.1733047371767,1158.9315185546875,682374,-0.008713929758147887,-0.008752118052656143,790824736.0422363
2024-08-20,1164.3944271250527,1164.3944271250527,1148.448585252755,1152.8287353515625,673329,-0.005265870420657626,-0.005279783982471486,776233019.5455322
2024-08-21,1153.566968038977,1162.4750595294247,1148.7439246276822,1159.0792236328125,802420,0.005421870647025262,0.005407225219594881,930068350.6274414
2024-08-22,1165.477274584942,1190.8725088083152,1162.4750682178444,1186.8861083984375,2041300,0.023990495385183497,0.02370724472383266,2422790613.0737305
2024-08-23,1192.9887486834705,1195.9416911307069,1176.1570007653306,1178.0272216796875,852159,-0.007463973717498518,-0.007491968558154888,1003866499.1993408
2024-08-26,1186.0986207621077,1202.6842911375065,1175.3204282456152,1200.91259765625,1045317,0.019426865148270078,0.019240572459487838,1255334353.8442383
2024-08-27,1200.8633568347618,1201.4047777217825,1189.051586111797,1190.62646484375,483025,-0.008565263477604335,-0.008602156161587092,575102348.1811523
2024-08-28,1191.020116117966,1196.2861727655622,1177.8302825364617,1182.3089599609375,779730,-0.006985822277941756,-0.007010337373171086,921881765.3503418
2024-08-29,1182.3089654157611,1189.9374000789849,1166.6583463981694,1179.6512451171875,1062444,-0.0022479021421252243,-0.0022504324668048688,1253313387.4672852
2024-08-30,1176.2554648878634,1188.5593923448494,1176.2554648878634,1181.32470703125,2550399,0.0014186073392363774,0.0014176020664574973,3012849351.487793
2024-09-02,1181.1770561934534,1207.753539957806,1178.420928333451,1180.8817138671875,1852516,-0.00037499695166431923,-0.0003750672806038395,2187602269.0463867
2024-09-03,1190.0357681287142,1199.2390810967834,1177.535026897929,1180.192626953125,1884428,-0.0005835359341841428,-0.0005837062575404739,2223988031.6240234
2024-09-04,1177.2891406587291,1180.1435559414447,1156.5692770376636,1176.206298828125,1633635,-0.003377692788414932,-0.0033834100704799395,1921491776.986084
2024-09-05,1180.684912257568,1187.919597776349,1167.0521842797004,1170.005126953125,1062421,-0.005272180467982834,-0.005286127453708066,1243038016.982666
2024-09-06,1169.365326498186,1173.0565049277889,1150.4172772262245,1155.437255859375,989655,-0.01245111731406423,-0.012529281977904495,1143484257.4475098
2024-09-09,1155.4372158558622,1177.1905359500695,1151.5492227735097,1173.351806640625,1969830,0.01550456391327426,0.015385596280565841,2311303589.2749023
2024-09-10,1181.1770349469919,1193.9238557202448,1177.4858567127824,1185.261962890625,1815998,0.01015054153630146,0.010099370772208611,2152433354.085449
2024-09-11,1190.9217847868822,1199.8790200523085,1182.4074428530234,1185.508056640625,1837013,0.00020762815116404099,0.00020760659942257697,2177793711.6535645
2024-09-12,1191.020184354874,1206.7199478136984,1180.5372140730385,1203.5701904296875,2635403,0.015235774812231373,0.015120875973900503,3171892490.5689697
2024-09-13,1206.7691133376866,1207.7534274594955,1189.10072291343,1191.3154296875,1569211,-0.01018200753028986,-0.010234198745438851,1869425276.7353516
2024-09-16,1200.8633121056882,1204.554490319128,1188.067227632431,1199.3868408203125,984584,0.006775209093808021,0.006752360509242251,1180897093.2822266
2024-09-17,1203.8162389879124,1214.939037255004,1193.1364541939843,1201.109375,1450593,0.0014361789883481357,0.0014351486696682356,1742320851.609375
2024-09-18,1201.109391205753,1204.2100049375767,1175.2711436997902,1182.013671875,930896,-0.015898388208817393,-0.01602612324581557,1100331799.09375
2024-09-19,1188.0671525840235,1206.3753713350732,1185.1634739684216,1196.187744140625,2737652,0.01199146219953695,0.011920134267963433,3274745770.1220703
2024-09-20,1200.8633090349688,1211.6415013284354,1194.3175956554323,1197.7626953125,3533125,0.0013166421237718051,0.0013157761106003618,4231845322.8759766
2024-09-23,1202.8318104813513,1214.2990935894682,1191.2661199959537,1192.5457763671875,2818001,-0.004355553037115878,-0.004365066091369845,3360595190.3485107
2024-09-24,1196.9260297141693,1208.6393923584337,1191.0694084698061,1192.644287109375,3393528,8.260541787130649e-05,8.260200623165429e-05,4047271782.345703
2024-09-25,1194.8589448663115,1196.9259805054855,1163.5085638981584,1170.9400634765625,2448744,-0.01819840489524105,-0.018366032685682196,2867332454.7978516
2024-09-26,1176.2554667322295,1197.9103790904799,1172.465881100644,1194.416015625,2323705,0.020048807689384773,0.019850476827240067,2775470467.5878906
2024-09-27,1194.908158576588,1196.6307084028724,1180.1927095514034,1182.7027587890625,2177204,-0.009806680991135464,-0.00985508319041755,2574985177.246582
2024-09-30,1176.2061763358568,1194.612923517045,1176.2061763358568,1178.1748046875,1223096,-0.0038284802059636025,-0.003835827595191983,1441020890.9140625
2024-10-01,1178.1748117087154,1186.5414822530597,1172.9087548677949,1177.48583984375,892381,-0.0005847730243498939,-0.0005849440707803736,1050765991.2456055
2024-10-03,1167.3965349927482,1171.3337914345452,1132.1088981642508,1134.6680908203125,1912206,-0.03636370610547579,-0.037041344053958654,2169719131.2751465
2024-10-04,1131.9612338215534,1136.6367258742946,1107.5501956734497,1112.668701171875,1773781,-0.01938839192396158,-0.019578812107108663,1973630601.4333496
2024-10-07,1112.6687661786116,1124.7266148085716,1089.586526707936,1093.966796875,1542124,-0.01680815167819316,-0.01695101173111141,1687032452.6640625
2024-10-08,1093.9667986980803,1106.7628829797707,1088.1100572604448,1101.496826171875,1738272,0.006883233859003024,0.006859652553408613,1914701091.0234375
2024-10-09,1109.322122223632,1114.2436933071442,1092.588780539691,1100.2664794921875,1322027,-0.0011169770538181911,-0.0011176013376046426,1454581993.0836182
2024-10-10,1100.266354498297,1111.2906244107533,1093.9667201959521,1096.673583984375,1176370,-0.003265477568189401,-0.0032708208755347014,1290093903.9916992
2024-10-11,1100.4633004387226,1104.7450432742583,1084.369786936582,1095.64013671875,569469,-0.0009423471858146515,-0.0009427914740617405,623933093.0170898
2024-10-14,1102.431908436143,1120.149564107438,1088.2577598679984,1096.0831298828125,513799,0.00040432359970776766,0.0004042418829470619,563166416.0506592
2024-10-15,1098.494705415686,1101.4476481721797,1088.7499702881469,1097.7564697265625,768815,0.0015266541361045327,0.0015254899843663203,843971640.2728271
2024-10-16,1097.7070772412499,1102.431833159863,1084.8125860809332,1096.4766845703125,738403,-0.0011658188237039235,-0.0011664989190988346,809641673.3167725
2024-10-17,1095.5417267929522,1099.4789836727111,1070.5893853485882,1073.0501708984375,975432,-0.021365263850599225,-0.021596804998437823,1046687474.2998047
2024-10-18,1073.050090607301,1080.9246037776072,1055.2340285905898,1076.1014404296875,953926,0.002843547873157881,0.0028395126386827636,1026521142.6633301
2024-10-21,1030.5769000669552,1042.8315629940764,970.8782237062775,1001.0966796875,11484692,-0.06970045566730032,-0.0722486540145809,11497287028.433594
2024-10-22,1007.2486715510491,1007.7900323254511,978.9004356561973,982.5916137695312,2742491,-0.0184847940198396,-0.01865777279249691,2694748657.4384155
2024-10-23,984.3141661904514,1000.8506321668972,979.3925953594992,998.6359252929688,1936612,0.016328565498219927,0.01619668811501994,1933970316.5534668
2024-10-24,1001.9826403089763,1006.067508145037,979.294210277118,980.8198852539062,2014701,-0.01784037564424279,-0.018001433577088034,1976058803.6409302
2024-10-25,981.2627936014824,987.8084466085313,955.2768761842203,957.786865234375,2258366,-0.02348343499741412,-0.02376356516096305,2163033291.6918945
2024-10-28,957.7868926852976,967.9253166374934,948.8788614476346,960.5922241210938,2364081,0.002929001209504234,0.0029247200431186614,2270917825.7924194
2024-10-29,966.5964854750108,979.6878515213898,958.525097511499,976.4888305664062,1256095,0.016548756117464203,0.01641331763591043,1226562737.63031
2024-10-30,975.7014485539646,1010.8906811247633,972.6500985719407,1006.6581420898438,2048134,0.03089570569479827,0.03042804152300933,2061770767.19104
2024-10-31,1008.922022815478,1011.7765579355271,981.4596334804174,986.8241577148438,1381633,-0.019702800330829495,-0.019899488324503747,1363428821.4960327
2024-11-01,986.8241785376551,996.1259596427586,984.3141893703149,988.349853515625,212772,0.001546066529536816,0.0015448725991187595,210293175.03222656
2024-11-04,982.3455937537702,985.2493327248093,960.739884560966,978.9989013671875,1427199,-0.009461176237519076,-0.009506217486004657,1397226253.0323486
2024-11-05,969.6478880389897,997.208685458503,969.6478880389897,985.0524291992188,1163041,0.006183385725538004,0.006164347038080389,1145656362.3082886
2024-11-06,986.2828263899037,994.7971682336594,982.247162209237,991.2536010742188,683591,0.006295270882222148,0.00627553843524831,677612040.4119263
2024-11-07,991.6965346024134,994.157320048077,968.1221980174026,969.4017944335938,1144864,-0.022044617660853194,-0.02229123131811999,1109833215.9824219
2024-11-08,973.4867637094598,981.6565597209918,960.1001143467884,977.3748168945312,973252,0.008224683002155952,0.008191044614432692,951231995.2922363
2024-11-11,977.6208998661533,982.2963924328975,957.9838190702732,960.6414794921875,1108758,-0.017120696290816584,-0.017268949985719692,1065118925.5187988
2024-11-12,960.6414320545778,970.8782634380159,950.4045405933703,952.3731689453125,968082,-0.008607072173529073,-0.00864432694292392,921975322.138916
2024-11-13,949.8632078989069,954.7355752295903,935.0984948227581,937.8053588867188,948691,-0.01529632557238736,-0.015414521215476167,889687503.7276001
2024-11-14,935.0984546558277,940.2661040105047,907.5376580975507,910.4906005859375,1950720,-0.02912625529588242,-0.029558845196304216,1776112224.375
2024-11-18,915.2152801715267,927.7160818308488,901.6317569836153,916.150390625,2193819,0.006216198207230406,0.0061969573426712745,2009868133.8105469
2024-11-19,920.3337784111441,925.7475065194449,900.6966980754804,902.7637939453125,1844903,-0.01461178952350295,-0.014719593144681107,1665511631.7410889
2024-11-21,902.763755140218,907.5376547812244,886.3749003584519,897.3992309570312,1550618,-0.005942377202387217,-0.005960103384453722,1391523400.70813
2024-11-22,901.8778716372306,933.6220040904919,898.5311793784919,930.373779296875,1427895,0.03674456942054438,0.036085582050619784,1328476067.5891113
2024-11-25,935.0984427381736,947.6484481538702,931.751750596214,940.7090454101562,2468847,0.01110872462580792,0.011047475923609586,2322466704.633728
2024-11-26,944.9416097736824,952.2747624067509,937.0178926656133,948.4359130859375,638057,0.00821387623886638,0.008180325950836273,605156173.395874
2024-11-27,948.8788365830001,949.9615581123093,937.7560987506408,944.9907836914062,786040,-0.0036324324574781297,-0.003639045760030935,742800555.612793
2024-11-28,944.941583507711,957.442385221752,923.5819544482852,926.288818359375,1834887,-0.01979063251704527,-0.0199890898466268,1699635311.0529785
2024-11-29,927.0271232980433,949.2726607867191,926.7318410466684,943.6128540039062,1482253,0.018702628490339768,0.018529884850409295,1398672983.685852
2024-12-02,943.612850990127,947.7469226517164,932.4408485469843,941.9887084960938,916920,-0.001721199007538976,-0.001722681972446869,863728286.5942383
2024-12-03,943.0222269233413,944.695573113726,933.7697092974139,940.0200805664062,1346981,-0.0020898636171875484,-0.0020920504294475585,1266189188.1414185
2024-12-04,941.0043569779368,948.7311992672021,934.7539859600804,946.122802734375,1236061,0.006492118938875802,0.006471135902001855,1169465497.6706543
2024-12-05,949.8631987094865,955.7198801885862,931.4073075428514,951.2904663085938,2043341,0.005461937455987442,0.005447075168961453,1943810812.7174683
2024-12-06,954.7847678500035,961.0844027205345,948.9772900763024,959.1649780273438,1893714,0.008277715374680916,0.008243642987318216,1816384147.2000732
2024-12-09,958.7220024628416,958.7220024628416,916.8886501993192,919.3002319335938,3679131,-0.0415619283511971,-0.042450328235475815,3382225981.6140747
2024-12-10,923.7788259806194,923.8772333641081,910.6874598549452,912.213134765625,1990270,-0.007709230262089917,-0.00773909999182091,1815550435.7299805
2024-12-11,916.7902239670204,928.1590403917286,914.8215956656763,920.3829345703125,1356603,0.008956020795279018,0.00891615349911519,1248594250.1868896
2024-12-12,922.3023868141537,923.7296543909462,901.6317890306988,906.7994384765625,1913140,-0.014758526677911,-0.014868517273740604,1734834277.7270508
2024-12-13,904.83084773347,916.3965398312326,893.1667482447077,915.116943359375,1278151,0.009172375422713097,0.00913056466211987,1169657636.2717285
2024-12-16,915.1168866268513,919.9892537347207,902.6160847784876,905.9135131835938,848667,-0.01005710826639894,-0.010108022634926508,768818903.492981
2024-12-17,905.9135387572643,907.5376811983259,885.882769065611,890.7059326171875,1597108,-0.016787011502856664,-0.016929510385161193,1422553570.630371
2024-12-18,890.8043169948701,902.5176795588383,890.2629562210899,895.0860595703125,1154541,0.004917590410849382,0.004905538557694152,1033413554.3023682
2024-12-19,893.7573057489318,903.6004478827307,886.9655136455019,892.8713989257812,2589001,-0.0024742432538770176,-0.0024773092521111315,2311644944.6902466
2024-12-20,892.7729934825612,902.1239785300633,869.0510449194807,875.498291015625,2441036,-0.019457570184304163,-0.019649360630105504,2137122846.3076172
2024-12-23,880.9120217567046,891.7886818542734,876.0396543601582,888.5896606445312,1054695,0.014953049895414017,0.014842355163220992,937191072.1334839
2024-12-24,890.7551230288377,898.629636414225,882.7329384863666,893.0682373046875,1038280,0.0050400953989355735,0.005027436634556929,927254889.4287109
2024-12-26,893.7572740362973,897.0547025030105,884.5046967277211,886.81787109375,595956,-0.006998755470020268,-0.007023361634648401,528504431.1855469
2024-12-27,887.8513874800994,897.103964773195,884.8984449496778,893.7080688476562,870974,0.0077695747666972625,0.0077395470554133304,778396491.5565186
2024-12-30,893.7080297348665,897.6944899609158,884.6031239978726,889.3278198242188,1830048,-0.004901207873265978,-0.00491325818274613,1627512598.0136719
2024-12-31,884.8984885341387,902.7638157542295,879.0910105738291,900.3522338867188,1120133,0.012396344538821547,0.012320138993674058,1008514248.8002319
2025-01-01,898.6788374205269,908.0298220377174,896.7102090800656,905.8643188476562,641424,0.006122142816420206,0.00610347863786178,581043114.8525391
2025-01-02,906.5534068928462,916.6426277621748,898.7280967396172,915.0677490234375,1705632,0.01015983297309786,0.010108568801297305,1560768834.9023438
2025-01-03,918.0698077964516,927.1255098743877,911.4748910615543,924.7139282226562,1832664,0.010541491828898186,0.010486317710207534,1694689926.552246
2025-01-06,920.3337563918033,940.0200399509862,914.5262787107364,932.047119140625,2692614,0.007930226521042583,0.007898947532193501,2509643121.657715
2025-01-07,937.0671379049411,956.7534223147087,934.8524309088422,940.0200805664062,2413582,0.008554247164169748,0.008517866915100111,2268815546.093628
2025-01-08,940.0200300174156,948.7311863691918,930.6198417327952,946.5164794921875,1235226,0.006910915053928379,0.006887144136837874,1169161764.8972168
2025-01-09,942.4316401625202,967.3839810314334,939.5279012651096,954.8831787109375,2130681,0.00883946492219434,0.008800625563762642,2034551446.098999
2025-01-10,950.060068702709,964.6279067068089,943.9573087059487,957.5408325195312,1443387,0.0027832240297513966,0.002779358033379564,1382101989.6278687
2025-01-13,930.373789878945,953.8496594174959,930.1769150242322,950.30615234375,1876479,-0.007555479547274202,-0.007584166771372652,1783229538.4438477
2025-01-14,950.5522254975965,961.6749638313715,943.5635587004709,948.042236328125,1558290,-0.00238230175616716,-0.0023851439518717027,1477324736.447754
2025-01-15,948.0422251713804,948.0422251713804,929.7831490957171,940.5614013671875,3190709,-0.007890824558525633,-0.007922121864386227,3001057728.3948975
2025-01-16,944.9416501440415,944.9416501440415,911.5241703968306,922.991455078125,2019985,-0.018680275698665816,-0.01885695579709575,1864428894.3859863
2025-01-17,927.2239749441558,944.3018022562334,920.678261493325,939.4786987304688,677451,0.01786283454915427,0.01770516892153225,636450783.9336548
2025-01-20,944.9415952084573,953.4066729677589,929.6355220099574,945.2368774414062,702848,0.006129121095261203,0.006110414430589234,664357848.8359375
2025-01-21,945.9751467819659,962.6592844326254,942.87459310883,956.851806640625,2281022,0.012287850248350773,0.012212967425037377,2182600021.6870117
2025-01-22,961.5765708848958,966.3012670532889,943.1206795413515,952.2255859375,1759236,-0.004834835103010415,-0.0048465607278221886,1675189530.9023438
2025-01-23,952.1763482735333,977.9161894708868,946.0736480974834,968.466796875,1235360,0.01705605391973375,0.016912232479432212,1196405142.1875
2025-01-24,973.2406725719496,988.2514642348798,970.9275582156558,976.7841796875,2201712,0.008588196146050775,0.008551527385630413,2150597449.828125
2025-01-27,973.5359397331777,982.7393134764687,944.9416244666928,950.650634765625,1806238,-0.02675467668839171,-0.027119097731364415,1717101301.237793
2025-01-28,955.7198565465499,963.8896521519933,942.972976013898,946.1719970703125,1647098,-0.0047111289168987325,-0.00472226126243911,1558438004.0305176
2025-01-29,946.1720124959077,951.4873331381762,923.2867076423005,945.4337768554688,1479070,-0.0007802177797795462,-0.0007805223080807214,1398362736.3336182
2025-01-30,950.7982634123317,959.7062944374541,938.0513831783525,951.5364990234375,1706978,0.00645494408742886,0.006434200155271111,1624251870.0300293
2025-01-31,954.7847802692731,1015.0247616426019,952.717744466809,1008.5775756835938,5028986,0.05994628342548869,0.058218230826213295,5072122508.026733
2025-02-01,1009.9063295030209,1058.1377234071613,998.8327951882948,1053.0684814453125,3077657,0.0441125272208871,0.043167268346430476,3240983583.399536
2025-02-03,1050.6077448757715,1057.5963517147982,1017.4364041600227,1020.0448608398438,1298543,-0.03135942361520927,-0.03186165810354532,1324572113.7295532
2025-02-04,1023.6867927280933,1027.427234840664,1003.0653977244104,1017.9777221679688,2251233,-0.0020265174123548224,-0.002028573577138232,2291705041.409363
2025-02-05,1018.8636159077539,1019.0112870705318,994.6987140401095,999.3742065429688,1628436,-0.018274973233579628,-0.018444023314914838,1627416935.4060059
2025-02-06,1004.3941729104899,1010.2016503700448,994.304952971237,1007.2978515625,1172479,0.007928606689721063,0.007897340444142658,1181035577.7021484
2025-02-07,1015.7138142407507,1015.7138142407507,996.667299038593,1005.181640625,941811,-0.0021008790341578987,-0.002103088976272515,946691126.1386719
2025-02-10,1004.0004562043796,1020.586125984099,999.8663246632782,1011.3828125,1418998,0.0061692052703472555,0.006150253627954915,1435150188.171875
2025-02-11,1013.7451994451739,1019.2080710585672,993.2714164100357,997.897705078125,1204012,-0.013333336551905273,-0.013423023594206846,1201480811.6865234
2025-02-12,1003.016156668222,1022.7024404104835,994.2065326780059,1013.5975341796875,1082392,0.01573290430639207,0.015610425132585582,1097109862.2158203
2025-02-13,1013.5975263246935,1020.7338041259599,1000.899849378229,1006.7565307617188,1169309,-0.006749230525215588,-0.006772109583692152,1177209472.2284546
2025-02-14,1011.7765538390713,1021.5704317147774,1002.0318195782733,1006.5104370117188,2032391,-0.0002444421689659082,-0.0002444720498224194,2045622753.588684
2025-02-17,1005.969070192249,1011.3335342949538,989.2849331867162,1007.199462890625,925113,0.0006845690353216582,0.0006843348248223392,931773316.7131348
2025-02-18,1003.1145275722047,1011.8256837802195,1002.573166804536,1010.8413696289062,789814,0.003615874384830464,0.0036093528270748766,798376665.512085
2025-02-19,1007.9376897340218,1016.6488459315729,1005.2800295131148,1009.2173461914062,782204,-0.0016066056319956612,-0.001607897606805472,789413845.0603027
2025-02-20,1004.0004481598043,1014.0896683496454,987.9069355954091,993.0745849609375,878748,-0.01599532676621984,-0.016124632719839844,872662305.3852539
2025-02-21,992.1886603974726,997.7500593603711,975.8982732765398,988.2514038085938,1330146,-0.004856816623228233,-0.004868649285344219,1314518651.7703857
2025-02-24,974.4709943579015,995.2399985903822,974.4709943579015,986.676513671875,1002365,-0.0015936128505856795,-0.0015948840022063254,989010003.626709
2025-02-25,978.4083493496082,994.1573771057388,977.5717062811731,989.088134765625,1663313,0.0024441861748338845,0.002441204010127291,1645163152.701416
2025-02-27,989.2357780819848,994.305020279384,982.5916571844192,992.188720703125,1362115,0.003134792369372308,0.0031298891521456718,1351475139.300537
2025-02-28,979.3926409855408,985.7906833638383,942.3331868709089,948.5836181640625,5082193,-0.043948395732780865,-0.044943388028553105,4820885024.148071
2025-03-03,948.5835838076507,954.7847511033868,933.5235889243575,938.9373168945312,1323481,-0.0101691628284718,-0.010221221997617807,1242665699.100891
2025-03-04,930.2753063966907,942.8253121769832,928.3559418101559,939.5770874023438,1916433,0.0006813772296627718,0.0006811451975931503,1800636536.3417358
2025-03-05,933.6220132849704,950.7983079909017,933.1298561878249,941.7918090820312,2773457,0.0023571473904397955,0.0023543736763764773,2612019085.441223
2025-03-06,948.8788804923836,949.8631946837656,928.2574861673736,943.1206665039062,2421530,0.0014109885104758302,0.0014099940015713265,2283794987.559204
2025-03-07,941.9886372020908,952.2255283459479,935.2461093368194,946.9594116210938,945675,0.004070258720358044,0.004061997626272586,895515841.5847778
2025-03-10,944.941595800618,954.0957054943827,938.0513966645718,942.283935546875,1660207,-0.004937356360622536,-0.004949585373808013,1564386385.7824707
2025-03-11,941.004359735885,947.3039945434675,915.5105983437315,944.7939453125,2748541,0.0026637509894171796,0.002660209492466967,2596804895.243164
2025-03-12,936.7225716712261,946.6641204149474,928.5527162792032,930.6198120117188,1619168,-0.015002354080595914,-0.015116027742443056,1506829819.7753906
2025-03-13,935.0984929780215,940.0200639936953,925.4030221082526,931.2596435546875,907521,0.000687532690267556,0.0006872964479441412,845137682.9783936
2025-03-17,931.2596424169103,941.4965341481133,919.9400290946904,925.6983032226562,993027,-0.005971847239941819,-0.0059897500304074095,919243408.9542847
2025-03-18,925.6983032226562,925.6983032226562,925.6983032226562,925.6983032226562,0,0.0,0.0,0.0
2025-03-19,932.6376913577661,944.7939475253582,930.4229844389746,934.9508056640625,1650477,0.009995159772028694,0.009945538536762869,1543114800.880005
2025-03-20,938.149823275149,952.5208463857824,935.344551886235,950.6998291015625,2403031,0.01684476160894266,0.016704461962858356,2284561161.025757
2025-03-21,952.816127149208,956.9010550312139,941.5949214553925,946.122802734375,3155551,-0.004814375922958636,-0.004826002361763463,2985538756.29126
2025-03-24,950.1092763404794,960.8383250927596,941.4965271377038,955.2277221679688,1475967,0.00962340132515549,0.009577391344780223,1409884595.4050903
2025-03-25,963.6435502905599,964.5294570543141,943.9572673428466,955.4737548828125,1569597,0.00025756446251934406,0.00025753129848762944,1499708739.2427979
2025-03-26,959.7063052466256,960.9859016380674,941.9394466881263,944.5971069335938,1399118,-0.011383513041185234,-0.011448801170840796,1321602815.0587158
2025-03-27,947.8945502071609,965.0216408775259,937.5592513731265,958.279052734375,2585170,0.014484424841397558,0.014380527619205186,2477314258.757324
2025-03-28,960.1984691866589,999.0788787539301,959.706312103529,986.1843872070312,2313101,0.02912025927419637,0.02870432006609193,2281144092.232971
2025-04-01,987.267168948019,998.6359862458739,973.7328483368174,976.685791015625,1045548,-0.009631663525222933,-0.00967834800433181,1021171875.4248047
2025-04-02,1002.0318435018778,1056.316795007572,999.0789009375304,1046.0306396484375,8717812,0.0710001612296447,0.06859294200681859,9119098462.694824
2025-04-03,1033.4314352186288,1058.38377453032,1031.659621711956,1054.200439453125,1595000,0.007810287285115569,0.007779944877588829,1681449700.9277344
2025-04-04,1048.7374716408892,1078.3654239228704,1046.2275426311628,1070.7861328125,4089261,0.015732960012783792,0.015610479976127578,4378723972.250977
2025-04-07,1003.0161049831519,1060.7952967271315,1003.0161049831519,1030.92138671875,3200820,-0.03722941946310254,-0.03794012969202416,3299793793.0371094
2025-04-08,1039.43577281491,1056.661270943945,1028.3622383033876,1052.9700927734375,1444712,0.02138737864859408,0.02116187824160128,1521238528.6708984
2025-04-09,1045.341653717524,1075.8061293676978,1043.4222891387328,1072.6563720703125,2274161,0.018695952935399163,0.018523331832260084,2439393287.763794
2025-04-11,1107.3533546875767,1108.3376687806322,1076.5935392795884,1080.678466796875,1888677,0.007478718194792622,0.007450891235740825,2041052564.6345215
2025-04-15,1090.915448646768,1093.573048858105,1076.938115262909,1086.09228515625,1023355,0.005009647666452954,0.004997141133074947,1111457970.4760742
2025-04-16,1076.9380241663014,1091.5059207920094,1069.7526033870831,1088.552978515625,679360,0.00226563929511836,0.00226307660443578,739519351.484375
2025-04-17,1086.6829412560842,1116.015554218151,1077.331955801435,1102.6287841796875,1541674,0.012930749299181254,0.01284786093487342,1699894128.2214355
2025-04-21,1102.6287603137432,1111.782930780797,1085.1080389870638,1103.416259765625,692767,0.0007141801458805386,0.000713925240598461,764410372.0290527
2025-04-22,1104.1051604431657,1130.9769854441322,1100.6600608356334,1118.869873046875,1231830,0.014005243392491318,0.013908076154134003,1378257475.715332
2025-04-23,1125.0710858717594,1138.4577344284523,1114.834194567628,1132.0596923828125,1760325,0.011788519517483609,0.011719576218603329,1992792977.9937744
2025-04-24,1132.945622318905,1150.5648701897246,1081.0723130429744,1143.0841064453125,5766752,0.009738368159098787,0.00969125586950763,6591882557.011719
2025-04-25,1142.001190871765,1146.7259466971936,1112.963924410334,1137.57177734375,1451946,-0.004822330282156062,-0.004833995233438968,1651692791.8271484
2025-04-28,1128.1224767556068,1144.2652536118633,1127.0397551703943,1137.0797119140625,663435,-0.00043255769832517554,-0.00043265127839319125,754378478.673706
2025-04-29,1137.0796435590887,1155.6832047886396,1131.862850723745,1150.5648193359375,1439143,0.011859421358574096,0.01178964951513613,1655827305.793579
2025-04-30,1156.273850116613,1161.9829205755586,1134.323715408723,1147.5135498046875,1477319,-0.002651975342867763,-0.0026554980589598444,1695243569.8839111
2025-05-02,1138.8514950680294,1157.7502790760873,1132.945610046069,1136.5875244140625,825657,-0.009521478323706645,-0.009567097403431972,938431445.6451416
2025-05-05,1137.3751203362099,1155.1911842999816,1134.914334701558,1143.281005859375,1359727,0.005889103391983008,0.0058718304043656215,1554550052.2541504
2025-05-06,1143.2809225231288,1155.0926927084731,1134.5205022712237,1137.17822265625,1382140,-0.005337955561098173,-0.005352253349220589,1571739508.6621094
2025-05-07,1122.1181627842768,1144.0684170132376,1118.5746557750133,1128.0240478515625,1792683,-0.0080499033680973,-0.008082478777258402,2022189534.1746826
2025-05-08,1118.180912578405,1122.118169312836,1090.1279583455841,1098.49462890625,2692162,-0.02617800480544219,-0.026526748515361215,2957325497.145508
2025-05-09,1080.776907150052,1101.0537540545477,1069.3588873533438,1096.2305908203125,815694,-0.00206103701043292,-0.0020631638700722055,894188715.548584
2025-05-12,1105.3848932657272,1136.882948995472,1105.3848932657272,1127.63037109375,748637,0.028643408181066032,0.028240854694234454,844185818.1245117
2025-05-13,1127.3350940721182,1132.2566650404667,1098.691454911897,1101.0538330078125,1096797,-0.023568483757811065,-0.0238506629811944,1207632540.8814697
2025-05-14,1101.0538699235233,1111.192354520457,1098.2978621821705,1102.82568359375,1386813,0.0016092315678128966,0.0016079381421218524,1529412994.7416992
2025-05-15,1102.8256517749505,1141.0169705745752,1088.1593461895907,1129.2052001953125,2064096,0.023919933126330672,0.023638333253976983,2330787936.9023438
2025-05-16,1136.7844634315586,1155.0926830344004,1126.0554149052869,1149.678955078125,1336653,0.018131119905639093,0.017968711313149487,1536721824.342041
2025-05-19,1149.6789660316772,1151.35225208098,1125.0711114505198,1131.2723388671875,786128,-0.01601022279275066,-0.01613977100087287,889324861.2089844
2025-05-20,1130.9770252530323,1137.0797252818236,1109.1252978926059,1110.798583984375,825451,-0.018097989475561738,-0.018263761223248676,916909801.9484863
2025-05-21,1110.7985278243766,1135.4063817859267,1106.1722993418198,1120.93701171875,619421,0.00912715219532334,0.009085751464892702,694331924.7358398
2025-05-22,1120.937031045611,1120.937031045611,1098.0024626958007,1109.0267333984375,1414277,-0.010625287768891045,-0.010682139206173554,1568471001.430542
2025-05-23,1108.8300196652183,1133.930033425949,1106.3692340024015,1122.90576171875,897235,0.012514602130268226,0.01243694175161821,1007510351.1157227
2025-05-26,1119.1652875409056,1135.3080650598522,1119.1652875409056,1128.3194580078125,616370,0.004821149266146962,0.004809564744906979,695462264.3322754
2025-05-27,1128.6146635234777,1131.7645411289052,1109.5189435752582,1120.5433349609375,901912,-0.006891774303533382,-0.006915632259008142,1010631480.3212891
2025-05-28,1120.5432774476124,1120.937027147524,1101.447558479505,1103.8099365234375,492483,-0.01493328987413356,-0.015045914087243194,543607628.9688721
2025-05-29,1106.3384350763479,1108.7183215786372,1088.985272522652,1100.488037109375,2556089,-0.003009484970324827,-0.0030140225764098525,2812945366.286865
2025-05-30,1100.4880887282181,1110.4041820811626,1092.3568195511666,1097.0174560546875,2475644,-0.0031536744950028117,-0.003158657806332358,2715824682.977051
2025-06-02,1090.7702904573898,1115.5605243314214,1089.9769545549955,1110.9991455078125,907133,0.012745184113486019,0.012664647832369225,1007823987.8619385
2025-06-03,1106.7350945859268,1113.77549627354,1100.7854388984697,1105.2476806640625,795876,-0.005176840024589846,-0.00519028628708506,879640103.0961914
2025-06-04,1100.6863773377404,1116.4529901953044,1100.6863773377404,1114.965576171875,635699,0.008792504773204923,0.008754075796804909,708782501.8068848
2025-06-05,1115.0646878775588,1117.6428479177744,1098.9014074338752,1102.5704345703125,1044950,-0.011117062146546286,-0.01117931851723473,1152130975.604248
2025-06-06,1102.5704736623532,1114.469786004684,1100.091450257701,1106.2393798828125,503186,0.0033276289636134937,0.0033221046581871955,556644168.6057129
2025-06-09,1106.2393702296852,1113.0814989760333,1100.884655513149,1111.7923583984375,467790,0.005019689785598969,0.005007133145588384,520085347.3352051
2025-06-10,1111.7923229258022,1119.1302561146317,1103.3636436924578,1105.7435302734375,460271,-0.005440609552051168,-0.005455463569303462,508941680.42248535
2025-06-11,1105.842624035871,1109.6107877298725,1092.7534299180693,1095.0341796875,862130,-0.009685203026500333,-0.00973240965648233,944061817.3339844
2025-06-12,1099.5955892802494,1099.5955892802494,1070.93805598045,1075.9952392578125,941294,-0.017386617498205248,-0.017539539859573496,1012827862.7419434
2025-06-13,1057.6505235846978,1071.5330546826865,1057.6505235846978,1069.3515625,614108,-0.006174448097368113,-0.006193588831675918,656697349.34375
2025-06-16,1064.9884184188031,1075.8961210283067,1064.5917504783363,1074.3095703125,439929,0.004636461932976399,0.00462574665124698,472619934.9580078
2025-06-17,1074.3095588736614,1084.8205934307807,1056.5597278797961,1062.6085205078125,664517,-0.010891692793245644,-0.010951441518447479,706121426.22229
2025-06-18,1057.4522108516571,1066.773362737575,1050.1142776203576,1056.26220703125,545933,-0.005972390917333925,-0.005990296974213052,576648395.4711914
2025-06-19,1056.2621852068485,1082.4406951161232,1052.692415911506,1079.16845703125,2816398,0.021686139906851976,0.02145434080613852,3039367884.0458984
2025-06-20,1079.1684520000695,1093.7450603239513,1073.615343070917,1090.968505859375,2084108,0.01093439004007446,0.01087504182969638,2273696190.8095703
2025-06-23,1080.854185177381,1102.6695907497685,1080.854185177381,1100.0914306640625,758904,0.008362225633178344,0.008327455924698265,834863787.0966797
2025-06-24,1102.6696083148433,1107.5285183880335,1095.1334013880914,1098.4056396484375,1134930,-0.0015324099148807946,-0.0015335852558439644,1246613512.6062012
2025-06-25,1098.405668752515,1124.3859073004219,1097.314922636832,1117.0479736328125,1564437,0.016972176135531925,0.016829757926709713,1747551180.7261963
2025-06-26,1112.5856250113902,1140.3506851721022,1109.7099338569624,1135.789306640625,2236678,0.01677755427715688,0.01663836578434454,2540394954.79834
2025-06-27,1134.4011111079744,1137.5742126506898,1110.6024863994155,1114.866455078125,622376,-0.018421419747633005,-0.018593207082317334,693866124.8457031
2025-06-30,1114.5689365108865,1117.246233402584,1081.449159206065,1089.6795654296875,1836286,-0.022591844551168694,-0.022850950157125304,2000963330.4846191
2025-07-01,1089.6794635392282,1091.4642876181144,1076.7885428810334,1086.4071044921875,971874,-0.00300314059409712,-0.003007659069489931,1055850818.2712402
2025-07-02,1084.8206455445006,1089.0846142333485,1074.9045518923572,1086.6055908203125,1230645,0.00018269977000717752,0.00018268308243670977,1337225737.3150635
2025-07-03,1086.8038750095945,1096.5216953031068,1077.5818594035866,1080.25927734375,730322,-0.005840494039581978,-0.005857616426243016,788937115.9482422
2025-07-04,1081.8457811749804,1085.8122185028446,1072.9212971872857,1080.556640625,573351,0.00027527028694551703,0.00027523240703139663,619538230.4589844
2025-07-07,1075.8960757259106,1098.9013627515817,1075.8960757259106,1092.654296875,1152136,0.01119576317906179,0.011133554507554273,1258886350.984375
2025-07-08,1098.7031540619648,1099.298095459645,1084.3248185620564,1090.671142578125,605639,-0.001814987871778695,-0.0018166369579490711,660552980.119873
2025-07-09,1090.7702215155286,1098.1081544876627,1082.440679251108,1088.6878662109375,752158,-0.001818399964722106,-0.0018200552609026722,818865288.0734863
2025-07-10,1088.6879117381645,1094.4391732463034,1071.0372171789118,1079.763427734375,533377,-0.008197426235329597,-0.008231209886439217,575920977.7946777
2025-07-11,1074.8054169438985,1092.5552488198252,1064.988460002816,1067.7650146484375,983485,-0.01111207582860374,-0.011174276155616102,1050130875.4315186
2025-07-14,1067.764931212477,1074.4086650328363,1061.0219396263358,1062.806884765625,770739,-0.004643465383106782,-0.004654279758928477,819146715.557373
2025-07-15,1062.806929153094,1075.8961239010232,1058.5429606122968,1072.7230224609375,538506,0.009330140628040162,0.009286883719831024,577667783.9333496
2025-07-16,1072.7230683397597,1080.7550800534184,1059.2370840274675,1072.425537109375,1753658,-0.0002773179519164337,-0.0002773564116502087,1880667622.5561523
2025-07-17,1072.4254521668308,1100.3887858576127,1070.9380382248519,1096.5216064453125,1193262,0.022468757505426762,0.022220053461088435,1308437565.1501465
2025-07-18,1096.7199421494333,1099.0006920750411,1084.3248252625726,1086.7047119140625,844437,-0.008952759775590957,-0.008993076540653759,917653666.8145752
2025-07-21,1086.6055848772874,1086.6055848772874,1067.9632804947928,1081.1517333984375,805610,-0.005109924025123891,-0.005123024333671735,870986647.9431152
2025-07-22,1080.7550594743432,1081.151727425281,1066.2775871105944,1075.6978759765625,961735,-0.005044488440795969,-0.0050572548239555554,1034536296.7523193
2025-07-23,1075.8961559108811,1077.879374631454,1042.1814376611392,1053.68408203125,1508414,-0.02046466246419565,-0.0206769651316085,1589391820.913086
2025-07-24,1074.904560545757,1095.2325526962995,1056.559787141609,1063.798583984375,6264546,0.009599178848395118,0.009553399460973682,6664215164.10498
2025-07-25,1068.954811409823,1070.7397565448848,1041.1897513732042,1045.5528564453125,1180451,-0.01715148695792068,-0.017300277483702095,1234223914.9437256
2025-07-28,1039.2065390711946,1062.0135528103524,1035.636769825581,1051.0067138671875,1219854,0.005216242668416804,0.005202685200221344,1282074743.9377441
2025-07-29,1051.0068173371699,1067.169977776786,1045.1562977232436,1052.6925048828125,944513,0.00160397739936613,0.0016026924015054677,994281755.8643799
2025-07-30,1047.1394519405721,1073.91290383678,1047.1394519405721,1064.095947265625,1175543,0.010832643274193199,0.010774390504107827,1250890542.1364746
2025-07-31,1059.7328264422113,1070.6405289063894,1045.6520225886961,1064.195068359375,1114320,9.31505227557139e-05,9.314618451517322e-05,1185853848.5742188
2025-08-01,1058.1463418098976,1080.7550840201297,1058.0472050814276,1061.418701171875,1040166,-0.0026088893568922966,-0.0026122984393006235,1104051644.7231445
2025-08-04,1061.4186056419817,1066.57492551901,1051.1058448418692,1063.60009765625,663828,0.002055170576857668,0.0020530616028475667,706047525.6269531
2025-08-05,1063.6001107263014,1063.9967786554216,1050.2133851793787,1055.667236328125,861402,-0.00745849999977044,-0.007486453692709465,909353868.7075195
2025-08-06,1052.0974563507054,1058.344643294113,1041.78469552882,1043.96630859375,598309,-0.01108391672272957,-0.011145801032934562,624614438.128418
2025-08-07,1042.1813634539033,1047.6352145471444,1029.9845207724143,1043.96630859375,600790,0.0,0.0,627204518.5400391
2025-08-08,1043.173005805483,1053.0890990165617,1034.2485219155121,1042.181396484375,843741,-0.001709741104365059,-0.0017112043798063368,879331173.651123
2025-08-11,1039.2065399537375,1053.9815426412988,1028.9929158086704,1050.21337890625,617689,0.007706894835169287,0.0076773484314218874,648705251.8032227
2025-08-12,1046.9412078484502,1053.9816100760181,1036.2317783712592,1038.0167236328125,651741,-0.011613502092441275,-0.011681465515866131,676518057.4771729
2025-08-13,1039.008362191729,1049.8168076531467,1034.4468621831275,1047.2386474609375,501792,0.00888417654375595,0.00884494443940058,525495975.38671875
2025-08-14,1048.3292944201073,1050.5109074887594,1036.6283774095507,1042.379638671875,767620,-0.004639829518174654,-0.0046506269388935425,800151458.2373047
2025-08-18,1052.0975323862906,1080.854203865275,1050.114313663602,1062.3111572265625,1099268,0.019121170267756504,0.018940658130765543,1167764661.182129
2025-08-19,1067.6657114338234,1083.7298551208135,1060.030368052431,1076.689453125,667231,0.013534919407206303,0.013444140590883337,718400580.4980469
2025-08-20,1076.8877697546159,1097.612429680101,1069.8473674764828,1096.02587890625,871108,0.017959148503895683,0.017799788152108423,954756911.3222656
2025-08-21,1094.7367054028539,1094.7367054028539,1077.3835420472833,1078.9700927734375,614098,-0.01556148122144052,-0.015683832036777538,662593376.0319824
2025-08-22,1078.0776268565205,1082.5398688899434,1070.938088021469,1075.003662109375,394813,-0.0036761266050173713,-0.0036829001638273274,424425420.8483887
2025-08-25,1075.8961542320512,1082.143341610534,1070.045634806277,1072.524658203125,444715,-0.002306042289554333,-0.0023087052998722623,476967803.37280273
2025-08-26,1065.0876064590898,1082.639165040392,1061.121168955437,1070.8389892578125,1201357,-0.0015716831612400117,-0.001572919550864659,1286459915.6177979
2025-08-28,1072.4255549781167,1076.0944613016395,1051.1059530992175,1053.48583984375,641975,-0.01620519012488497,-0.01633793022424739,676311572.0336914
2025-08-29,1056.0639033602793,1068.4590195969022,1046.346083812344,1056.4605712890625,1079893,0.0028237033026980995,0.0028197241414145402,1140864375.7110596
2025-09-01,1050.2133821461618,1067.9632127700281,1048.1310268318662,1066.674072265625,807324,0.009667659403606699,0.009621226608867732,861151578.7177734
2025-09-02,1067.963248165785,1096.3232507880878,1065.0875569002305,1091.5635986328125,1649975,0.023333768968736512,0.023065698633253865,1801052648.6541748
2025-09-03,1093.6460087824175,1097.3149150678814,1077.3835907505545,1095.1334228515625,1244093,0.0032703767542461293,0.0032650407029557456,1362447825.435669
2025-09-04,1116.5521726658453,1116.5521726658453,1058.2454921401786,1062.11279296875,2407789,-0.030152152417037725,-0.03061607795013121,2557343499.6694336
2025-09-05,1064.9884061663035,1068.459038774853,1052.2957584937565,1063.40185546875,1130356,0.001213677594821938,0.0012129416835490172,1202022667.7402344
2025-09-08,1063.4018214224805,1072.2271682680196,1059.732794440419,1065.1866455078125,600835,0.001678377774012585,0.0016769708720251397,640001418.1536865
2025-09-09,1065.1866763703108,1076.8877146905284,1059.1378837658833,1074.40869140625,779147,0.00865768073354034,0.008620417934188163,837122308.6831055
2025-09-10,1074.4086780461475,1093.745059423074,1072.6237328852392,1091.7618408203125,1200433,0.01615134869334467,0.016022303311424135,1310586941.8614502
2025-09-11,1089.77869149201,1098.5049023172874,1085.118175897686,1096.02587890625,1030547,0.003905648582417598,0.003898041338041709,1129506181.4291992
2025-09-12,1095.728319305587,1099.9922878805855,1086.010499367529,1094.6375732421875,1131972,-0.0012666723393867096,-0.0012674752468798186,1239099083.0581055
2025-09-15,1094.6375291787663,1098.6039663740542,1081.4490770860116,1093.348388671875,1491729,-0.0011777273152556722,-0.0011784213810705846,1630979498.4851074
2025-09-16,1093.745089327281,1096.1249759248751,1077.8793400714,1082.9365234375,641025,-0.009522916338700282,-0.009568549243129705,694189384.9365234
2025-09-17,1093.8442441907673,1129.2447704326548,1093.8442441907673,1126.7657470703125,3361334,0.0404725694297281,0.03967500363016563,3787436015.662842
2025-09-18,1126.7657281888678,1134.7977395390506,1113.5772757037826,1119.824462890625,1030976,-0.006160361368576783,-0.006179414685186207,1154512145.453125
2025-09-19,1119.0311464533852,1123.0967205609286,1105.0494788903402,1117.345458984375,1438338,-0.0022137433038843524,-0.002216197255874189,1607120432.784668
2025-09-22,1110.6024457918038,1127.261530897105,1110.503309068356,1120.61767578125,701996,0.002928563203585588,0.002924283316277816,786669125.9277344
2025-09-23,1121.5101512525268,1125.0799206282034,1109.0158979146286,1119.0311279296875,1082761,-0.0014157797845338882,-0.0014167829476835682,1211643263.1082764
2025-09-24,1115.5605362656763,1137.475079035549,1109.0159386621306,1130.5338134765625,1100753,0.010279147076235562,0.01022667591015291,1244438486.7857666
2025-09-25,1135.3926564726867,1136.880070433131,1118.138630322318,1124.6832275390625,1023970,-0.0051750649717486885,-0.0051885019988527695,1151641884.5031738
2025-09-26,1116.5521051510837,1127.3606710531437,1107.8258946320113,1109.61083984375,565909,-0.01340145147206706,-0.013492061369540282,627938760.7651367
2025-09-29,1109.6108176406876,1120.9151879813594,1093.7450686842524,1113.6763916015625,1372491,0.003663943800679803,0.003657247909188521,1528510824.38562
2025-09-30,1113.5772757037826,1123.691642434226,1104.652791748899,1119.824462890625,1377509,0.005520518649247075,0.00550533643633189,1542568276.052002
2025-10-01,1119.6261182325895,1140.1525048701,1112.6848526253868,1135.1944580078125,789835,0.013725361095892286,0.013632021437834993,896616314.7406006
2025-10-03,1136.3842453640111,1140.3506825206043,1119.6260241681928,1127.95556640625,1567152,-0.006376785537049123,-0.00639720408335366,1767677821.8046875
2025-10-06,1123.4933472693647,1142.3339241432552,1122.7992691713816,1132.5169677734375,1472109,0.004043954835668329,0.004035800028034745,1667188420.9119873
2025-10-07,1126.8648337359275,1135.2935127934575,1105.9419016964468,1110.6024169921875,1354474,-0.019350306798788797,-0.0195399747271504,1504282098.1530762
2025-10-08,1102.6696327363782,1117.2462422327217,1100.6864139724637,1110.80078125,963508,0.00017860960392090952,0.000178593655124647,1070265439.140625
2025-10-09,1107.627653336909,1114.965586798309,1105.1486299408996,1108.6192626953125,852898,-0.001963915214600931,-0.001965846224726981,945539151.9143066
2025-10-10,1106.6360750769807,1121.9068838347475,1099.0998679505446,1117.0479736328125,982270,0.007602890569488929,0.007574134259063958,1097242713.0603027
2025-10-13,1110.6025137085944,1122.8984943195817,1103.1654433042959,1107.627685546875,832628,-0.008433199207462216,-0.008468959824769131,922241824.5615234
2025-10-14,1105.6444181007937,1115.0647068648811,1101.3804495049396,1109.51171875,1033610,0.0017009625415735918,0.0016995175431497465,1146802407.6171875
2025-10-15,1109.5117107275526,1112.6848121856663,1102.8678555459137,1104.85107421875,1299596,-0.004200626683331321,-0.004209474100755358,1435860036.6503906
2025-10-16,1104.8510329653932,1144.515404941118,1099.6947130269718,1139.6566162109375,2383412,0.03150247377620441,0.03101645175819328,2716271254.956543
2025-10-17,1142.5321740611084,1163.653500329569,1132.9136123788091,1156.2164306640625,2001759,0.014530529825889316,0.014425973301499088,2314466646.029663
2025-10-20,1157.109007780878,1177.5361367652342,1153.836648413967,1166.529296875,1751305,0.008919494601036249,0.008879950875149473,2042948590.2636719
2025-10-21,1166.5292078585237,1174.4620822798042,1162.6619073689378,1164.7442626953125,123219,-0.0015302094722090542,-0.0015313814384452778,143518623.3050537
2025-10-23,1164.7442854216627,1181.2049759577874,1148.283594885538,1151.2584228515625,1137414,-0.011578369841069414,-0.011645921093646538,1309457447.769287
2025-10-24,1153.539197992114,1153.539197992114,1134.7977571862002,1145.6063232421875,1103267,-0.004909496857686602,-0.004921588027992887,1263909651.4244385
2025-10-27,1146.201210082779,1170.0989699202437,1146.201210082779,1160.083740234375,874449,0.012637340331026481,0.012558155571021178,1014434066.564209
2025-10-28,1159.4888310247677,1166.5292330162783,1148.085323798245,1159.0921630859375,842574,-0.0008547461825791913,-0.0008551116863876735,976620920.2199707
2025-10-29,1159.1912555923832,1178.0318320305828,1157.5055682242296,1167.2232666015625,1017034,0.007015062110313108,0.006990571033018255,1187105747.7248535
2025-10-30,1174.0654724746794,1174.0654724746794,1157.208113494891,1166.7275390625,900192,-0.0004247066977218772,-0.0004247969111551592,1050278796.84375
2025-10-31,1161.1745094135595,1173.5696258675898,1148.0853148565272,1155.224853515625,749738,-0.009858930351569262,-0.009907851410517338,866115971.2250977
2025-11-03,1155.026572426774,1192.7077261976508,1147.490244835752,1187.4521484375,2595111,0.027896988905492748,0.02751495666723097,3081570132.383789
2025-11-04,1189.732898073308,1189.732898073308,1128.5505310435174,1169.4049072265625,2886618,-0.015198289240273666,-0.015314966948773476,3375625254.4885254
2025-11-06,1162.2652444290452,1182.4940984993782,1157.6047291049551,1180.4117431640625,2401724,0.009412339446740026,0.0093683193854066,2835023213.438965
2025-11-07,1175.0570667230584,1177.833621290702,1146.1021224424844,1157.4063720703125,1351606,-0.01948927670956979,-0.019681696852321788,1564357396.9284668
2025-11-10,1157.4063671795705,1163.9510856262093,1129.0463644130264,1133.1119384765625,1586398,-0.020990409401577148,-0.021213840178442942,1797566512.9753418
2025-11-11,1138.3675091510506,1149.2752117648674,1124.4849785516476,1146.4986572265625,1177071,0.011814118530953044,0.01174487665356964,1349510320.9603271
2025-11-12,1146.5978754407977,1156.0181637368391,1143.4246530713394,1152.25,1168588,0.005016440915291076,0.005003900496922747,1346505523.0
2025-11-13,1158.1996680381078,1158.1996680381078,1136.9792047055953,1145.1104736328125,1603498,-0.006196160874105017,-0.006215436744406301,1836182354.2492676
2025-11-14,1139.3591166529498,1153.8365886170477,1137.1776245521082,1148.0853271484375,1832598,0.0025978746890571447,0.0025945060455549516,2103978874.3615723
2025-11-17,1156.2165158054079,1172.8756015013043,1148.283640911374,1169.00830078125,2105780,0.01822423223958447,0.018060161298941193,2461674299.6191406
2025-11-18,1168.8098241412686,1168.8098241412686,1142.2347677414994,1144.416259765625,1695622,-0.02103666928557313,-0.021261093011718666,1940497387.2163086
2025-11-19,1144.4163680767324,1156.0182705195932,1139.3591844177731,1152.3492431640625,1935207,0.006931903781288717,0.006907988591196271,2230034321.815796
2025-11-20,1155.1256872795577,1169.5040219988641,1153.2416054174719,1164.0501708984375,2193836,0.010153977020236571,0.01010277172875111,2553735170.7231445
2025-11-21,1164.050216218977,1177.040274227439,1152.7458456523993,1173.1729736328125,3194549,0.007837121597030317,0.0078065708755665365,3747758549.7457275
2025-11-24,1178.5277294654268,1184.675659105634,1161.9679015001147,1176.0487060546875,4765158,0.002451243326011987,0.0024482439295907105,5604057900.046143
2025-11-25,1178.0318616277964,1183.9815174946034,1155.9189255710733,1167.8182373046875,1258048,-0.006998408065607142,-0.007023011781761238,1469171397.8046875
2025-11-26,1140.3507556865732,1177.0403017390977,1140.3507556865732,1175.3546142578125,713335,0.006453381795542779,0.006432647882009589,838421583.7615967
2025-11-27,1177.0402523166617,1182.890771461567,1158.4972066168698,1167.8182373046875,1118308,-0.006412002694083818,-0.0064326478820096004,1305980477.3237305
2025-11-28,1167.2233818981128,1172.1814288189662,1155.9190107093534,1162.5628662109375,1020242,-0.004500161862413865,-0.004510318071986547,1186095463.7487793
2025-12-01,1162.5628505595332,1168.1158388269166,1149.8702021946006,1154.0350341796875,487062,-0.007335372803575102,-0.007362408945248314,562086611.817627
2025-12-02,1150.2668720568208,1163.25693062687,1146.498708023036,1152.4483642578125,708989,-0.0013748888680861215,-0.0013758348950065923,817073213.3267822
2025-12-03,1150.068606511046,1153.638376067252,1124.088368146187,1130.4346923828125,716554,-0.01910165570773925,-0.01928644936082889,810017500.5656738
2025-12-04,1143.3255387904346,1144.3171481042164,1127.5589264920918,1138.76416015625,703643,0.007368375926149362,0.007341362061963286,801283429.9448242
2025-12-05,1138.764242041262,1155.5224648584183,1130.5338357266264,1153.142578125,699541,0.012626335172663872,0.012547287693918725,806670512.2441406
2025-12-08,1153.1425307351478,1161.1745422150402,1132.7154024510812,1136.18603515625,590111,-0.014704636955059969,-0.014813821800030184,670475877.3920898
2025-12-09,1131.029576442965,1141.4414743974169,1122.4026236991292,1137.078369140625,851746,0.0007853766520307115,0.0007850684051706336,968501952.6020508
2025-12-10,1131.525422842132,1146.994504735803,1128.7489892461765,1130.5338134765625,342793,-0.005755588921288468,-0.005772216153574531,387539077.5230713
2025-12-11,1126.5673119185246,1144.5154162049666,1125.476565887669,1132.5169677734375,616435,0.0017541751279217532,0.0017526383596433701,698123097.029419
2025-12-12,1132.5169566276727,1141.3423036014829,1128.4513827093724,1139.6566162109375,751834,0.006304230877473449,0.006284442338129659,856832592.392334
2025-12-15,1133.4095214208924,1159.5880332639742,1130.5338300094738,1147.688720703125,1037323,0.007047828598488071,0.007023108734128791,1190523906.8259277
2025-12-16,1147.6886240275928,1166.8266108232306,1143.7221868414224,1160.083740234375,1181775,0.010799983747907138,0.010742080453456329,1370957962.1154785
2025-12-17,1160.1829368100437,1177.9327683431022,1160.1829368100437,1169.9007568359375,1502200,0.00846233445145872,0.008426729624893974,1757424916.9189453
2025-12-18,1167.025002483509,1173.6687363358299,1158.1996555564447,1161.6702880859375,568209,-0.007035185422274437,-0.007060049021213933,660071512.7230225
2025-12-19,1161.6703132423195,1176.3461795318367,1159.7862313334401,1174.0654296875,598033,0.010670102979035256,0.010613579151454973,702129871.1123047
2025-12-22,1174.0655000191575,1178.7260156633072,1164.2485429972842,1168.9091796875,670307,-0.004391791010635915,-0.0044014632541464664,783528005.5087891
2025-12-23,1168.9091068368325,1177.337785999164,1161.1745057753283,1175.6519775390625,805182,0.005768453160206244,0.005751879340598873,946613810.5788574
2025-12-24,1177.3377964074004,1179.5192884973364,1161.571183978678,1169.3056640625,530345,-0.005398122571823483,-0.005412745081948728,620135412.4072266
2025-12-26,1163.7527275487469,1169.900778244637,1162.1661767726048,1165.8350830078125,322741,-0.0029680699934606647,-0.0029724834483291097,376262780.5250244
2025-12-29,1164.1493179811253,1190.8236323553215,1160.6786854317777,1185.17138671875,1806020,0.016585796732974112,0.0164497545903285,2140443227.8417969
2025-12-30,1190.6252963189052,1191.7161634390995,1161.273683812681,1169.107421875,2256987,-0.01355412814025525,-0.013646823894818782,2638660252.7753906
2025-12-31,1169.1073700565619,1185.0722556504977,1162.7610462982732,1181.998291015625,960678,0.011026248657245441,0.010965902764846294,1135519754.2163086
2026-01-01,1181.9983008277527,1185.4689334224652,1163.4552550972844,1167.0250244140625,947192,-0.012667756557157794,-0.012748676695992873,1105396766.9248047
2026-01-02,1167.025003381035,1175.7510925485512,1158.596324374356,1160.876953125,955406,-0.005268157203526358,-0.0052820828736317126,1109108806.2773438
2026-01-05,1155.224900692014,1181.0067439692607,1155.224900692014,1172.181396484375,1521762,0.009737848037162156,0.009690740763726774,1783781106.2768555
2026-01-06,1172.1814246637089,1204.8053974964896,1172.1814246637089,1200.2440185546875,1202300,0.02394051138712694,0.023658430581265173,1443053383.5083008
2026-01-07,1206.1935788039668,1210.6558206616423,1195.1867397642457,1202.4254150390625,1021615,0.001817460825175976,0.0018158112416503214,1228415840.3851318
2026-01-08,1201.8304992475864,1201.8304992475864,1182.9899221141673,1187.35302734375,562710,-0.012534987623180616,-0.012614213339021968,668135422.0166016
2026-01-09,1187.2539113535747,1197.6658094249178,1163.9510918605688,1166.033447265625,555547,-0.017955552887096604,-0.01811870982618949,647786383.5280762
2026-01-12,1163.6535938919594,1186.6588828218871,1163.6535938919594,1182.2958984375,663978,0.013946813627011112,0.013850451748967098,785018466.0527344
2026-01-13,1180.015107406786,1188.2455132970392,1171.3881546197995,1179.420166015625,598454,-0.0024323288490432082,-0.0024352917663594434,705828716.0327148
2026-01-14,1179.4201345268414,1181.006685209599,1158.794612512818,1161.5711669921875,577684,-0.015133706831328753,-0.015249389999928035,671021078.0327148
2026-01-15,1161.5711669921875,1161.5711669921875,1161.5711669921875,1161.5711669921875,0,0.0,0.0,0.0
2026-01-16,1161.4721064607002,1189.633715803648,1156.5140595980592,1179.1226806640625,1250225,0.015110149227725245,0.014997128012354644,1474168653.4332275
2026-01-19,1170.2972412109375,1178.6267834958026,1164.1493120020918,1170.2972412109375,547580,-0.00748475082181832,-0.007512902127556755,640831363.3422852
2026-01-20,1170.0989603935918,1193.7984465972154,1166.4300544446783,1175.0570068359375,2027446,0.0040671424808922385,0.0040588940144739676,2382364628.281494
2026-01-21,1170.59476909397,1187.4521270563566,1148.9776381120164,1153.8365478515625,946906,-0.018059088930089562,-0.01822414446464796,1092574750.1799316
2026-01-22,1155.6215346154158,1178.5276858741831,1153.9357261308287,1165.3392333984375,1495139,0.009969077135139282,0.009919713686585521,1742344136.0841064
2026-01-23,1168.611645444317,1177.8336610266228,1140.0532470990374,1143.8214111328125,1456971,-0.018464856969479415,-0.018637460475626467,1666514625.199585
2026-01-27,1148.8784938115805,1189.9311424347918,1139.8548735239942,1177.4368896484375,3844021,0.029388747393994885,0.028965176948866075,4526092129.983276
2026-01-28,1180.0150802883525,1182.692377010079,1104.6527726396846,1122.303466796875,4560055,-0.04682494946121862,-0.047956708524380894,5117765535.284424
2026-01-29,1120.518530940173,1121.9068081965675,1090.8693880804203,1097.9097900390625,2786421,-0.02173536612823057,-0.021975058768369863,3059238895.0704346
2026-01-30,1097.2157439049085,1129.343910999362,1090.8694198665125,1124.3858642578125,2570464,0.024114981448346562,0.02382880688430188,2890193386.1835938
2026-02-02,1083.7298504092491,1123.1958287311618,1074.9045032490076,1115.9571533203125,1776779,-0.007496279707379316,-0.007524518022153671,1982809234.9193115
2026-02-03,1139.2599836895608,1170.9914822563387,1126.5673358444253,1145.7054443359375,1254462,0.02665719819718415,0.026308085739635327,1437243943.1125488
2026-02-04,1144.3171708569357,1160.8769983079314,1136.2851594648125,1143.3255615234375,1109383,-0.002077220479544284,-0.002079380894294901,1268385941.4195557
2026-02-05,1139.8549697738958,1153.8366376689123,1135.690258842126,1146.2012939453125,1162295,0.002515234959011403,0.002512077049709388,1332224032.946167
2026-02-06,1136.384301293063,1152.2500507002958,1136.384301293063,1149.57275390625,830634,0.002941420480631951,0.0029371029677518604,954874214.8681641
2026-02-09,1149.5727551290083,1165.1409733329904,1146.3003958918612,1157.4063720703125,1105510,0.006814373546558006,0.006791260643701199,1279524318.3874512
2026-02-10,1157.406366577006,1158.0014290144354,1138.962457168231,1142.5322265625,978264,-0.012851273214615544,-0.012934565201127447,1117698146.0859375
2026-02-11,1147.8870020123925,1156.414818530119,1140.549068340463,1142.928955078125,751635,0.00034723617102572213,0.0003471758984986185,859065405.1501465
2026-02-12,1147.2919593978418,1147.2919593978418,1132.7153511151855,1139.6566162109375,624666,-0.0028631166028721955,-0.002867223161456768,711904739.8220215
2026-02-13,1139.2600222447886,1144.3172057908037,1115.9572021961892,1122.7000732421875,525887,-0.014878642151989752,-0.01499043946221004,590413373.4171143
2026-02-16,1119.0311854729464,1132.219638647058,1107.726814330289,1129.641357421875,780629,0.006182670104974752,0.006163635815029118,881830803.2028809
2026-02-17,1123.989141747388,1141.3423045004354,1122.2041965886515,1138.86328125,442621,0.008163585519896044,0.008130443704149287,504084804.41015625
2026-02-18,1138.3675020992089,1163.3560086049138,1136.1860100083834,1159.8853759765625,641938,0.018458839680465466,0.018290543183244367,744574498.4836426
2026-02-19,1159.1912521500365,1159.1912521500365,1142.0363631309338,1150.7625732421875,994383,-0.007865262312402255,-0.00789635663869431,1144298739.8682861
2026-02-20,1152.3491764740945,1158.695500385891,1143.8213604579591,1146.4986572265625,484995,-0.0037052960486990694,-0.003712177662306368,556046116.2615967
2026-02-23,1146.498692667723,1169.6032391550877,1145.507083308541,1161.9678955078125,623773,0.013492591712816138,0.01340237727571952,724804200.0845947
2026-02-24,1151.2584853374694,1172.4789501894234,1150.9609541062944,1168.1158447265625,625615,0.005290980277956159,0.00527703221944195,730790794.1986084
2026-02-25,1173.1729307877367,1175.0570126543685,1151.2583896132674,1162.463623046875,565726,-0.004838750972520733,-0.004850495629638219,657635895.6118164
2026-02-26,1162.1661124811342,1167.5208269696957,1143.8213402278056,1149.77099609375,629003,-0.010918730445824143,-0.010978777273218216,723209405.855957
2026-02-27,1141.4414997674935,1149.7710425254027,1125.3774766991473,1131.42626953125,2035788,-0.01595511334415689,-0.016083766450119684,2303344022.3964844
2026-03-02,1101.4797112995234,1136.1860384518807,1101.4797112995234,1115.7587890625,1368110,-0.013847548789229558,-0.013944320498873128,1526480756.9042969
2026-03-04,1105.1485504287464,1109.4125187815282,1089.481075274771,1101.28125,1221984,-0.012975509764672877,-0.013060427054738071,1345748067.0
2026-03-05,1102.9670902186986,1114.2713395802898,1086.6055365104323,1109.7099609375,1368338,0.0076535498425129855,0.007624410017541992,1518458308.5292969
2026-03-06,1109.7099646998465,1119.2293899531733,1102.7686994667456,1107.330078125,919798,-0.002144598945916898,-0.002146901891421762,1018519991.1992188
2026-03-09,1077.5817920143643,1097.6123727645193,1073.4170813182043,1093.249267578125,1007371,-0.01271600115000715,-0.01279754147470343,1101307607.9294434
2026-03-10,1093.1501052119397,1101.6779208944406,1086.803781548431,1090.2744140625,1165119,-0.0027211118304384385,-0.002724820785083484,1270299435.038086
2026-03-11,1092.7534340093068,1092.8525707287718,1061.220210271923,1064.3934326171875,1066872,-0.023738043479234472,-0.02402433050680932,1135571550.243164
2026-03-12,1061.5178290387928,1063.798579004897,1042.5781143085935,1048.9244384765625,961388,-0.01453315443950931,-0.014639795207441129,1008423368.0581055
2026-03-13,1040.1981549538232,1084.721436701096,1039.2065456545345,1074.5078125,2855691,0.024390101979694823,0.024097413035419662,3068462289.5859375
2026-03-16,1074.5078732164184,1090.4727596278706,1062.0136195485888,1083.531494140625,1527989,0.008397967456029942,0.008362900716774008,1655624204.2004395
2026-03-17,1083.5314423930115,1094.9349494345886,1064.988396752522,1068.954833984375,1998285,-0.013452917829408495,-0.013544228180294018,2136076410.4284668
2026-03-18,1066.5750283243956,1076.094454193578,1059.0388212215457,1066.0792236328125,1092393,-0.002690113988113141,-0.0026937388470629374,1164577481.341919
2026-03-19,1046.2469809838597,1058.9396288397509,1030.678762904766,1035.8350830078125,747138,-0.028369505712660725,-0.02877969670713739,773911752.248291
2026-03-20,1045.850303472341,1047.139444009337,1034.7443274846053,1041.3880615234375,2095970,0.005360871249408206,0.005346552928785146,2182718135.3112793
2026-03-23,1027.406408196378,1033.2569274844368,1011.0448541623153,1015.0112915039062,2006447,-0.0253284735960434,-0.02565476074243686,2036566360.8041382
2026-03-24,1022.2501145477376,1050.6101180654446,1014.2180424091611,1044.2637939453125,1423695,0.02881987883904613,0.0284123966697595,1486713142.1209717
2026-03-25,1044.26381930545,1063.9968702793979,1041.7847958425436,1047.2386474609375,1566241,0.0028487567345274467,0.0028447067169146147,1640228106.4378662
2026-03-27,1040.4957284682355,1048.6268766345895,1024.0349165939067,1039.702392578125,1815831,-0.007196310889675761,-0.007222329234094414,1887923835.2175293
2026-03-30,1030.083841172431,1039.1074620479906,1002.3187188501,1006.28515625,1801570,-0.03214115555246644,-0.03266902419032148,1812893148.9453125
2026-04-01,1016.3995379976045,1027.3072403566032,1004.5002263332423,1015.2095947265625,1309809,0.008868697328121344,0.008829601415152813,1329730664.059204
2026-04-02,1011.441551984615,1037.3225321938319,998.7489642211792,1033.2569580078125,2586178,0.0177769825807359,0.01762082004237708,2672186413.1467285
2026-04-06,1034.2484844747887,1054.6756115409187,1014.1188280896165,1046.3460693359375,2179297,0.012667818229225025,0.012588252663374915,2280298849.8656006
2026-04-07,1036.529283890448,1055.4689979358188,1025.9189914029141,1053.089111328125,1342335,0.006444370739087324,0.006423694564391575,1413598372.2546387
2026-04-08,1066.9716157105463,1082.7382279214287,1057.0555226277345,1059.5345458984375,1950233,0.006120502530107652,0.006101848331182466,2066339236.0511475
2026-04-09,1053.5848897109447,1077.8793177560442,1051.2050031626213,1068.954833984375,2167226,0.008890968324161141,0.008851676389115088,2316666709.036621
2026-04-10,1076.9868646216385,1086.6055477102443,1069.946462617151,1084.5230712890625,1580158,0.01456398045056706,0.014458944288815214,1713717807.2819824
2026-04-13,1066.4758664551066,1084.3248349313426,1064.7901789618877,1081.1517333984375,1688476,-0.003108590291784008,-0.003113431995103313,1825498754.2016602
2026-04-15,1088.9853583662382,1099.000709809287,1082.539897481062,1085.0189208984375,1384602,0.0035769146739876856,0.0035705327286169306,1502319367.9138184
2026-04-16,1088.7870101065055,1095.8274119189298,1072.6237301172848,1093.348388671875,1439626,0.007676794950764787,0.0076474783034067755,1574012767.3901367
2026-04-17,1089.1837510910225,1116.9488133203477,1081.9449543056653,1103.8594970703125,1287668,0.009613686275429245,0.009567768849446736,1421404550.8735352
2026-04-20,1103.859485524453,1120.0227664287472,1097.414024717205,1110.9991455078125,1132404,0.006467896010723173,0.00644706892801936,1258099876.369629
2026-04-21,1115.560488191461,1135.9876160326883,1111.098246238695,1132.4178466796875,1072221,0.019278773758268697,0.019095292643279273,1214202195.9847412
2026-04-22,1134.4010358887347,1184.873973320618,1130.2363252593143,1168.710693359375,4284220,0.03204898861855643,0.031546135524350025,5007013726.704102
2026-04-23,1168.1158340466297,1178.9244003535578,1150.3660021723617,1174.462158203125,1581113,0.004921204945269819,0.004909135397827593,1856957386.3430176
2026-04-24,1175.0571172607006,1186.9564298405558,1152.2501014826448,1164.1494140625,1235448,-0.008780822837581304,-0.008819601434651108,1438246065.3046875
2026-04-27,1158.19964286676,1173.9662546800648,1145.3087221841677,1150.7625732421875,1019797,-0.01149924628110821,-0.011565873884258128,1173544219.904663
2026-04-28,1140.548969541453,1150.068515667479,1134.4010402939473,1138.0699462890625,1646292,-0.011029753007490095,-0.011091031742683562,1873595448.0161133
2026-04-29,1138.069989047128,1161.3728084951026,1138.069989047128,1158.19970703125,1346355,0.017687630543118393,0.017533024816561025,1559347966.5600586
2026-04-30,1160.182871911595,1160.182871911595,1129.839651778503,1134.9959716796875,1433160,-0.020034312917449615,-0.020237721111566215,1626630826.772461
2026-05-01,1134.9959716796875,1134.9959716796875,1134.9959716796875,1134.9959716796875,0,0.0,0.0,0.0
2026-05-04,1140.053160045666,1164.5459823028232,1140.053160045666,1150.6634521484375,1313831,0.013803996542440133,0.013709589189237488,1511777313.9996338
2026-05-05,1151.4567548823295,1157.0098642049593,1139.3591689567418,1143.8214111328125,1065572,-0.005946170448752897,-0.00596391931374803,1218824068.7036133
2026-05-06,1150.2668277884677,1157.1089564043527,1129.3438950439415,1142.5322265625,1566762,-0.0011270855377988331,-0.001127721176361164,1790076076.3535156
2026-05-07,1142.5321816007638,1152.448274553543,1126.0714915083622,1142.036376953125,1465163,-0.0004339917928326553,-0.0004340859945269391,1673269444.1657715
2026-05-08,1145.3087417997951,1183.981504509918,1145.3087417997951,1166.330810546875,3672201,0.021272906961655513,0.021049797257930318,4283001168.821045
2026-05-11,1192.1126793949365,1268.664991739085,1189.9311873033043,1260.33544921875,19203071,0.08059860703482369,0.07751515336057485,24202311115.16455
2026-05-12,1259.0462770508416,1271.9371979227803,1239.9082902301361,1242.4864501953125,3357918,-0.014162101870975441,-0.014263341415500817,4172167615.8669434
2026-05-13,1238.6192411647273,1267.1776394692872,1222.6543545000948,1224.6375732421875,2412317,-0.014365449981622924,-0.01446963200968052,2954214036.770874
2026-05-14,1230.5871643414375,1239.511648208539,1214.0273371397952,1217.9937744140625,1390903,-0.005425114314054347,-0.005439883687962066,1694111194.8138428
2026-05-15,1218.4895540910322,1244.5688060070095,1215.5147261963236,1223.6458740234375,2755516,0.004640499588837388,0.00462976566499005,3371775784.2055664
2026-05-18,1220.3736113467223,1223.051029291146,1204.9045292811845,1220.671142578125,1494098,-0.0024310394930939783,-0.002433999267461101,1823802312.7836914
2026-05-19,1220.6710691550636,1226.2240571207244,1196.277504167513,1200.73974609375,2163846,-0.01632822779956833,-0.016463002411968054,2598215896.6259766
2026-05-20,1196.9715548072577,1206.3918431020604,1184.1797707029982,1198.55810546875,1718132,-0.0018169138084229708,-0.001818566398362287,2059281034.8652344
2026-05-21,1201.0371830363429,1207.185233566077,1181.9983321450488,1184.8740234375,1443629,-0.011417120262098734,-0.01148279594292378,1710518501.5810547
2026-05-22,1187.9479782604642,1193.8976342450742,1179.122631007414,1181.800048828125,1808205,-0.002594347203643599,-0.0025977183542358357,2136936757.2912598
2026-05-25,1191.0,1198.5999755859375,1181.5,1187.199951171875,1811755,0.004569218243902107,0.00455881105598878,2150915447.5354004
2026-05-26,1191.699951171875,1200.199951171875,1174.5,1187.5999755859375,1766780,0.000336947801983678,0.00033689104782148275,2098227884.8657227
2026-05-27,1190.0,1208.0,1184.699951171875,1204.5999755859375,1608027,0.01431458432930044,0.014213098010134841,1937029284.9415283
2026-05-28,1204.5999755859375,1204.5999755859375,1204.5999755859375,1204.5999755859375,0,0.0,0.0,0.0
2026-05-29,1204.5999755859375,1211.0,1168.4000244140625,1178.4000244140625,9836874,-0.021749918398538015,-0.02198993447586404,11591772561.758057
2026-06-01,1178.4000244140625,1182.5,1140.4000244140625,1143.300048828125,2075188,-0.02978612937774705,-0.030238746610412676,2372562541.727539
2026-06-02,1126.5,1164.0999755859375,1124.199951171875,1154.699951171875,2873292,0.009971050342764132,0.00992166741540947,3317790132.102539
2026-06-03,1160.0,1163.9000244140625,1140.5,1144.0,1872463,-0.009266434246416932,-0.009309634731649658,2142097672.0
2026-06-04,1135.0,1163.4000244140625,1135.0,1149.300048828125,1711734,0.0046329098147945835,0.004622210920068508,1967295969.7807617
2026-06-05,1149.800048828125,1156.0,1129.0,1130.9000244140625,998276,-0.016009765624585115,-0.01613930639435974,1128950352.7719727
2026-06-08,1115.0,1124.5999755859375,1103.300048828125,1107.0,762825,-0.02113363153073189,-0.021360143756815102,844447275.0
2026-06-09,1117.0,1117.0,1093.5999755859375,1106.5,757420,-0.0004516711833785214,-0.0004517732175325501,838085230.0
2026-06-10,1103.9000244140625,1134.300048828125,1101.0,1108.0,2202915,0.0013556258472662286,0.0013547078161248438,2440829820.0
2026-06-11,1108.0,1119.0,1105.0,1108.5999755859375,737748,0.0005414942111350296,0.0005413476560481174,817867414.7885742
2026-06-12,1120.800048828125,1120.800048828125,1096.699951171875,1100.699951171875,1455068,-0.007126127176655395,-0.007151639294906859,1601593276.5517578
2026-06-15,1109.699951171875,1117.0,1097.5,1100.4000244140625,1264668,-0.0002724873000068406,-0.00027252443141655136,1391640698.0756836
2026-06-16,1111.199951171875,1135.800048828125,1107.5999755859375,1130.9000244140625,2602426,0.02771719313277954,0.027340025228498214,2943083626.935791
2026-06-17,1126.0,1134.199951171875,1117.9000244140625,1124.5,931423,-0.005659230945174398,-0.00567530506608165,1047385163.5
2026-06-18,1124.5999755859375,1132.0,1106.0999755859375,1111.4000244140625,871582,-0.011649600343208055,-0.011717988586604855,968676256.0788574
2026-06-19,1105.0,1118.5,1103.199951171875,1111.5,1309050,8.995463716154894e-05,8.99505914857919e-05,1455009075.0
2026-06-22,1111.5,1117.5,1105.199951171875,1112.9000244140625,889468,0.0012595811192646078,0.0012587885124651624,989888958.9155273
2026-06-23,1118.0,1126.699951171875,1101.0999755859375,1103.800048828125,1416080,-0.008176813178460085,-0.00821042667492843,1563069173.1445312
2026-06-24,1105.0,1109.0999755859375,1092.0,1098.0999755859375,1405228,-0.005164045107842741,-0.005177424871125239,1543080832.4926758
2026-06-25,1104.9000244140625,1135.300048828125,1099.800048828125,1131.300048828125,2959240,0.030234107986818026,0.029786065722833335,3347788356.4941406
2026-06-26,1131.300048828125,1131.300048828125,1131.300048828125,1131.300048828125,0,0.0,0.0,0.0
2026-06-29,1142.5999755859375,1142.699951171875,1102.0,1112.800048828125,1632263,-0.016352867675700655,-0.016488051605646765,1816382346.1003418
2026-06-30,1089.0,1097.699951171875,1065.0999755859375,1075.5999755859375,5430865,-0.033429251985891306,-0.034000782791227,5841438261.410522
2026-07-01,1078.9000244140625,1094.0,1072.0999755859375,1090.9000244140625,2201765,0.014224664536451215,0.014124443286832447,2401905492.2540283
2026-07-02,1099.9000244140625,1115.0,1085.0999755859375,1107.199951171875,2315853,0.014941723707969867,0.014831195779403119,2564112328.52124
2026-07-03,1115.300048828125,1124.699951171875,1096.300048828125,1116.699951171875,1546610,0.008580202690530392,0.00854360196351391,1727099311.4819336
2026-07-06,1115.0999755859375,1122.4000244140625,1110.5,1117.9000244140625,942307,0.001074660423266094,0.0010740833891269264,1053405018.305542
2026-07-07,1111.199951171875,1130.0,1108.300048828125,1125.0,1423870,0.006351172225493862,0.00633108852302207,1601853750.0
2026-07-08,1112.9000244140625,1120.300048828125,1084.300048828125,1089.800048828125,1518093,-0.031288845486111105,-0.03178879768485754,1654417825.5256348
2026-07-09,1098.800048828125,1114.199951171875,1091.699951171875,1106.699951171875,1017956,0.015507342252299106,0.015388332196604947,1126571855.4951172
2026-07-10,1105.0,1117.699951171875,1105.0,1111.9000244140625,1189725,0.004698720043026183,0.004687715516002021,1322855256.5460205
2026-07-13,1105.5999755859375,1106.5999755859375,1092.0999755859375,1098.5999755859375,1072732,-0.011961550981288704,-0.01203366598063615,1178503349.010254
2026-07-14,1089.800048828125,1110.199951171875,1089.800048828125,1097.5999755859375,1581478,-0.0009102494285662122,-0.000910663957146007,1735830214.1896973
2026-07-15,1095.5,1101.9000244140625,1081.0999755859375,1085.5,1154409,-0.01102403048021039,-0.011085245410141303,1253110969.5
2026-07-16,1088.300048828125,1100.0,1081.699951171875,1088.5,1188115,0.002763703362505865,0.002759891356255703,1293263177.5
2026-07-17,1082.0,1091.800048828125,1074.9000244140625,1088.5999755859375,1262534,9.184711615750629e-05,9.184289846938608e-05,1374394481.576416
2026-07-20,1089.0,1097.9000244140625,1085.300048828125,1091.9000244140625,1003699,0.003031461420296866,0.0030268758061962765,1095938962.60437
2026-07-21,1093.0,1096.5,1079.9000244140625,1081.5,1241515,-0.009524703893695197,-0.009570353986154497,1342698472.5
2026-07-22,1074.199951171875,1099.4000244140625,1071.0999755859375,1094.9000244140625,1519534,0.012390221372226007,0.012314090784249275,1663737813.697998
2026-07-23,1099.0,1111.0,1091.0999755859375,1107.699951171875,1965538,0.01169049819380752,0.011622692264883232,2177226346.626465
2026-07-24,1100.0,1117.0999755859375,1079.0,1088.0,1644917,-0.017784555421379022,-0.017944601026358226,1789669696.0
2026-07-27,1115.0999755859375,1123.4000244140625,1096.5999755859375,1107.4000244140625,2360635,0.017830904792336844,0.017673799019269472,2614167256.6326904
2026-07-28,1108.0,1115.9000244140625,1078.199951171875,1082.0999755859375,1500024,-0.02284635025316306,-0.023111372419298042,1623175933.7783203
2026-07-29,1092.5,1106.5999755859375,1085.699951171875,1096.0999755859375,1130132,0.01293780640963349,0.012854827932245858,1238737657.6088867
2026-07-30,1096.0999755859375,1108.9000244140625,1090.4000244140625,1094.199951171875,1677784,-0.001733440795897101,-0.0017349449428780272,1835831170.8769531
2026-07-31,1098.9000244140625,1098.9000244140625,1081.0,1083.0999755859375,1479617,-0.010144375873942901,-0.010196180704448637,1602573136.576538
2026-08-03,1085.0,1110.0,1083.0999755859375,1110.0,1322017,0.024836141649352328,0.024532738005601185,1467438870.0
2026-08-04,1102.9000244140625,1104.4000244140625,1079.699951171875,1092.0,2064394,-0.01621621621621616,-0.01634913800152941,2254318248.0
2026-08-05,1086.300048828125,1096.300048828125,1082.9000244140625,1096.300048828125,1294174,0.003937773652129106,0.003930040914660584,1418803019.3920898
2026-08-06,1102.0,1102.0,1086.0,1090.0,1350606,-0.005746646490492613,-0.005763221996321588,1472160540.0
2026-08-07,1082.199951171875,1092.0,1078.0,1082.300048828125,879013,-0.007064175387041294,-0.007089244806941391,951355812.8205566
2026-08-10,1085.5999755859375,1109.800048828125,1082.300048828125,1108.699951171875,1417750,0.02439240612835114,0.024099662321175663,1571859355.7739258
2026-08-11,1108.699951171875,1109.5999755859375,1074.5999755859375,1078.0,1933872,-0.027690044668465696,-0.028080641268481258,2084714016.0
2026-08-12,1077.0,1078.0,1054.300048828125,1061.9000244140625,1713131,-0.014935042287511635,-0.015047693068218612,1819173850.7244873
2026-08-13,1061.9000244140625,1095.0,1058.199951171875,1090.5,1827014,0.026932832591013867,0.02657652724095984,1992358767.0
2026-08-14,1090.5,1093.4000244140625,1079.5,1079.5,1039725,-0.010087116001833984,-0.010138335686821667,1122383137.5
2026-08-17,1083.800048828125,1084.5,1070.9000244140625,1072.5999755859375,881078,-0.006391870693897683,-0.006412386167609878,945044241.2893066
2026-08-18,1075.5,1079.0999755859375,1061.5999755859375,1061.5999755859375,939925,-0.010255454270349906,-0.010308403766676076,997824357.0526123
2026-08-19,1061.0999755859375,1071.5,1056.800048828125,1068.0,1241204,0.006028659157165217,0.0060105594995640355,1325605872.0
2026-08-20,1068.5999755859375,1074.699951171875,1056.300048828125,1056.300048828125,1684035,-0.010955010460557135,-0.011015458465402262,1778846252.7282715
2026-08-21,1060.0,1062.0,1044.699951171875,1049.0,1126589,-0.006910961365782176,-0.0069349526584407285,1181791861.0
2026-08-24,1049.0,1062.5,1041.800048828125,1062.5,1085041,0.012869399428026673,0.0127872924022747,1152856062.5
2026-08-25,1061.699951171875,1061.699951171875,1051.0999755859375,1060.5,717171,-0.0018823529411764461,-0.0018841267938347322,760559845.5
2026-08-26,1063.5,1063.5,1039.5999755859375,1047.0999755859375,1069304,-0.01263557229048795,-0.012716080027205345,1119668192.2939453
2026-08-27,1041.0,1048.4000244140625,1035.5999755859375,1042.0,996048,-0.004870571774279409,-0.004882471664219562,1037882016.0
2026-08-28,1047.0,1047.0,1030.4000244140625,1040.699951171875,971764,-0.0012476476277590853,-0.001248426588039985,1011314747.3505859
2026-08-31,1036.4000244140625,1045.0999755859375,1028.0,1037.5,1686812,-0.0030748066897396953,-0.0030795436204189013,1750067450.0
2026-09-01,1037.5,1041.800048828125,1025.0999755859375,1030.5,1005860,-0.006746987951807282,-0.006769851774339694,1036538730.0
2026-09-02,1025.5,1027.4000244140625,1008.2999877929688,1012.0,1052859,-0.017952450266860764,-0.018115550483102885,1065493308.0
2026-09-03,1012.5,1023.0,1008.0,1019.2000122070312,935640,0.007114636568212651,0.007089446947559406,953604299.4213867
2026-09-04,1020.0,1022.9000244140625,1008.5,1010.0,1030689,-0.00902669946707424,-0.009067686959665188,1040995890.0
2026-09-07,1014.0,1019.9000244140625,1004.0,1015.0,1368015,0.004950495049504955,0.004938281640582577,1388535225.0
2026-09-08,1015.0,1018.7000122070312,1007.9000244140625,1014.0999755859375,720871,-0.0008867235606526691,-0.0008871169325477872,731035263.5006104
2026-09-09,1010.7999877929688,1013.7000122070312,1001.0,1001.0,973918,-0.012917834435769993,-0.013001995228119326,974891918.0
2026-09-10,1004.0,1005.5999755859375,992.5,999.5999755859375,1001929,-0.0013986257882742104,-0.0013996047782555841,1001528203.9388428
2026-09-11,993.0,1000.0,988.0,991.0,905959,-0.00860341716284696,-0.008640640206976953,897805369.0
