Date,open,high,low,close,volume,returns,log_returns,dollar_vol
2018-01-02,1069.2307055647493,1073.0896225536526,1053.2324219970772,1057.654052734375,1920290,-0.005443012401684211,-0.005457879566335676,2031002500.925293
2018-01-03,1057.9760094227283,1072.8487724731237,1057.6544165403109,1060.6490478515625,1257120,0.0028317341662376094,0.0028277323599644696,1333363131.0351562
2018-01-04,1065.2111842515108,1070.0347820669892,1061.1915194052785,1068.065185546875,913082,0.006992075003823928,0.006967743798629088,975231095.7495117
2018-01-05,1065.2111949899422,1085.108536179377,1065.2111949899422,1080.96826171875,1153706,0.012080794642949089,0.012008404282206403,1247119569.3544922
2018-01-08,1085.3092573947793,1096.1020942645132,1078.013606641267,1091.0975341796875,1242220,0.009370554917895513,0.009326923622675383,1355383178.9086914
2018-01-09,1091.338922747742,1093.7507214720463,1075.8833322167595,1088.9271240234375,2149396,-0.001989199029655775,-0.001991180113661783,2340535604.6674805
2018-01-10,1089.730790606406,1131.9372579666688,1083.1586014343522,1128.1588134765625,3365850,0.03602783748114313,0.035394013631838715,3797213342.340088
2018-01-11,1129.5253549291122,1134.3087148645022,1118.3506716481036,1121.68701171875,2520744,-0.005736605237226189,-0.005753122757001393,2827485804.6679688
2018-01-12,1127.5155637609446,1127.5155637609446,1101.6088532333433,1115.999267578125,3360314,-0.005070705179967883,-0.005083604830839757,3750107962.8325195
2018-01-15,1116.3209439806606,1128.7216466249279,1099.3982174910507,1103.8399658203125,1457214,-0.010895438833217086,-0.010955228815589597,1608531051.9528809
2018-01-16,1107.8196075012577,1150.28732642252,1105.6289098350285,1145.9461669921875,4267752,0.03814520444599423,0.03743566363648343,4890614046.073242
2018-01-17,1153.6433777208229,1175.7515260743578,1150.487902746748,1161.2606201171875,4280806,0.013364024913313788,0.013275514034757964,4971131430.161377
2018-01-18,1164.4967638106318,1178.9675554907087,1152.859855128504,1173.0184326171875,2209478,0.010125041955537428,0.010074127106469391,2591758420.462158
2018-01-19,1177.9826505953479,1198.6638022032798,1167.1696955769755,1189.5391845703125,1820000,0.014083966196732911,0.0139857086408204,2164961315.9179688
2018-01-22,1193.0445565272053,1263.031649136002,1177.3306971200586,1255.658203125,4367110,0.055583724699721504,0.054093907471826824,5483597495.449219
2018-01-23,1255.074111236335,1266.1141648602095,1245.0414547590788,1249.8563232421875,3239610,-0.0046205885235115485,-0.004631296439979388,4049047043.338623
2018-01-24,1245.0214851587637,1313.1350588992666,1242.059986938684,1279.1085205078125,5621538,0.02340444795266028,0.023134763629810363,7190557154.158447
2018-01-25,1279.2692224022849,1281.2032553886938,1241.3947950303748,1257.53173828125,3833844,-0.016868609567229242,-0.017012505068385322,4821180509.619141
2018-01-29,1261.7021499767097,1299.4154565277288,1257.914745823122,1288.879150390625,3141060,0.024927730374598278,0.02462210315302811,4048446744.1259766
2018-01-30,1281.2838280158533,1290.8733304276343,1266.6578325694184,1270.3446044921875,1574758,-0.014380359782234176,-0.0144847592324257,2000485328.6809082
2018-01-31,1263.9587842536969,1269.1967390497755,1248.4867109728978,1254.02685546875,3043214,-0.01284513585190561,-0.012928347958006238,3816272082.9384766
2018-02-01,1258.7208500256618,1285.3135440402884,1244.5380995583364,1264.603515625,2400630,0.008434157618017357,0.008398788842058575,3035845137.7148438
2018-02-02,1257.1090324253812,1285.3134017426173,1250.4406940058566,1270.667236328125,2456490,0.0047949579676189735,0.004783498772968165,3121381359.367676
2018-02-05,1253.0794715038273,1284.5071881524764,1239.7227312757536,1250.339599609375,2757742,-0.015997608293963128,-0.016126951337271593,3448114028.105957
2018-02-06,1212.7878590856724,1239.843867823642,1202.7148702228346,1207.650634765625,2657306,-0.03414189621530561,-0.034738346051118765,3209097277.666504
2018-02-07,1219.6373784532816,1221.2490565219348,1187.5851111891373,1190.6473388671875,2180324,-0.014079648044682536,-0.014179706592279014,2595996968.4682617
2018-02-08,1200.5993820821366,1219.8791195361725,1192.2388024435077,1198.3631591796875,2755004,0.006480357416194238,0.006459450175724074,3301495296.992676
2018-02-09,1188.6122592985932,1206.3407133355893,1167.1164694311371,1197.3555908203125,2102458,-0.0008407871617688301,-0.0008411408215434888,2517389840.7648926
2018-02-12,1200.0151221486055,1218.1666646261858,1190.8487038625692,1195.5830078125,1974562,-0.001480414858712198,-0.001481511755497673,2360752775.0722656
2018-02-14,1196.6710900629703,1198.4640624264634,1165.4448242448289,1173.22119140625,2847532,-0.018703692056617927,-0.01888081819052218,3340784885.607422
2018-02-15,1181.3395854022488,1185.7918647107938,1170.5212578903547,1178.8818359375,2465236,0.004824874092552944,0.004813271692660654,2906221941.6992188
2018-02-16,1177.7337203308236,1208.5973939505293,1177.7337203308236,1181.7830810546875,2515756,0.002461014351688773,0.0024579910151695883,2973077876.8618164
2018-02-19,1186.5983934869334,1189.9426463240527,1166.5329748332751,1177.9759521484375,1568224,-0.003221512447827868,-0.0032267126904880292,1847330159.5820312
2018-02-20,1179.748533539562,1202.7351153166592,1179.7082022338338,1186.4974365234375,1889068,0.00723400537970087,0.007207965469271232,2241374339.418457
2018-02-21,1198.2824613817174,1233.981164508211,1192.6617546478944,1225.8018798828125,3089228,0.03312644608364357,0.03258958931015728,3786781489.786621
2018-02-22,1229.7100158088701,1240.5888396708751,1217.8238934411238,1228.9847412109375,3463010,0.0025965544517105865,0.0025931892282654444,4255986448.6608887
2018-02-23,1228.904340977088,1244.6181997633523,1205.5753438189292,1239.2996826171875,3362500,0.008393058970029621,0.008358033096940306,4167145182.800293
2018-02-26,1238.9774395601555,1245.0010662998234,1217.3003511877062,1221.531005859375,1363882,-0.014337675549378148,-0.014441453167004584,1666024151.333496
2018-02-27,1225.2782849144714,1240.407932867967,1221.6520091616828,1225.822265625,1717800,0.00351301747155075,0.003506861239427388,2105717487.890625
2018-02-28,1222.8608157943106,1234.5253169169612,1217.4012363004017,1222.8809814453125,2706864,-0.0023994377179858972,-0.0024023209817317266,3310172504.9589844
2018-03-01,1228.5013736074955,1233.416971105886,1216.8167098375322,1223.9483642578125,1718124,0.0008728427612296752,0.0008724620555014797,2102895059.3920898
2018-03-05,1228.5013397332812,1254.5500414856335,1222.0344632202814,1251.4073486328125,2858168,0.02243475719798904,0.022186799757726507,3576732438.8271484
2018-03-06,1257.914871724676,1259.9294695333317,1220.9066706320557,1226.003662109375,1906764,-0.02030009377137787,-0.020508972345924824,2337699646.7783203
2018-03-07,1236.9629714602754,1244.61844261915,1216.2126154243783,1219.8187255859375,1917772,-0.005044794493350935,-0.005057562428263971,2339334197.0043945
2018-03-08,1230.8787038135588,1230.8787038135588,1203.7219696860718,1210.3499755859375,1951826,-0.007762423876098268,-0.00779270831052496,2362392551.447998
2018-03-09,1210.772929632689,1234.222821607681,1199.5717494118703,1222.4979248046875,1872436,0.01003672447125803,0.009986691054759654,2289049124.32959
2018-03-12,1226.0838343489627,1242.5631998074325,1223.0619386021283,1229.7705078125,2091340,0.0059489532540306644,0.005931328097897763,2571868253.8085938
2018-03-13,1178.4986273256188,1184.461852670295,1157.1842355928238,1163.1474609375,88067154,-0.05417518671309518,-0.05569791387976355,102435086567.0918
2018-03-14,1165.626159654249,1177.7540781555906,1158.4139386413417,1163.1884765625,3668668,3.526261835018474e-05,3.526199663867369e-05,4267352341.9335938
2018-03-15,1166.4520626977842,1169.4941248839793,1150.5770722456396,1156.2581787109375,2348906,-0.005958017974905694,-0.005975837779733373,2715941773.5231934
2018-03-16,1155.8956576029807,1157.18498052586,1130.189369907743,1138.52978515625,7197482,-0.015332556241420159,-0.015451315366362524,8194547635.125977
2018-03-19,1139.859078124655,1147.5145473662133,1136.232803220759,1140.6649169921875,3489940,0.0018753412196805819,0.0018735849627133862,3980852120.407715
2018-03-20,1136.2330965315218,1157.66839626746,1135.8301769937448,1154.3040771484375,4024984,0.011957201412150953,0.011886278876267744,4646055441.657227
2018-03-21,1157.3865108234609,1162.1409816122268,1148.3208201381597,1151.04052734375,3907678,-0.0028272877739023983,-0.0028312921013522755,4497895745.80957
2018-03-22,1152.3295908877024,1158.7763028123807,1137.2604411113734,1140.80615234375,2326094,-0.00889141151582018,-0.008931175998928606,2653622346.129883
2018-03-23,1128.980316884259,1141.9140707828917,1127.388804705208,1135.4874267578125,3654122,-0.004662251842708187,-0.00467315403788183,4149209586.8391113
2018-03-26,1135.830008878156,1139.214493146931,1120.7406940955957,1135.024169921875,2964210,-0.00040798059495938954,-0.0004080638416851237,3364449994.724121
2018-03-27,1138.2474250866692,1153.5583639019944,1137.4617518475784,1147.3936767578125,2494574,0.010898011834222787,0.010839056447503598,2862258433.8044434
2018-03-28,1142.6394655956983,1158.3936587016515,1138.2476820285792,1147.9781494140625,6865654,0.0005093915611436017,0.0005092618653044277,7881620773.437256
2018-04-02,1144.2909546510023,1174.106986567965,1144.2909546510023,1172.354248046875,1662988,0.0212339395529908,0.021011640804515303,1949611046.2509766
2018-04-03,1165.2837631368288,1180.5140446501773,1165.2837631368288,1172.9996337890625,1937290,0.0005505040334545797,0.0005503525616971476,2272440460.543213
2018-04-04,1180.3322067073625,1182.1655096357088,1165.2428949783468,1172.8580322265625,2841820,-0.00012071748227460155,-0.00012072476921631165,3333051413.14209
2018-04-05,1179.1642828654856,1194.1528711398532,1176.6662012145969,1191.81591796875,1809424,0.01616383673154176,0.016034592781371326,2156500325.5546875
2018-04-06,1190.224425332798,1192.641942784388,1179.1643026655813,1188.733642578125,1129018,-0.0025862008923980273,-0.0025895508870118307,1342101679.6762695
2018-04-09,1184.4623386650962,1194.0518416632056,1174.5102474939242,1178.09619140625,1235866,-0.008948557347804642,-0.008988836158656003,1455969027.6884766
2018-04-10,1178.8215320560664,1191.5336616376105,1178.8215320560664,1183.6163330078125,1184532,0.004685645910605496,0.00467470244329936,1402031422.1704102
2018-04-11,1188.8546209118833,1218.8318000514826,1186.8400228952694,1214.4600830078125,3124416,0.02605890873575545,0.02572516102213578,3794478514.7109375
2018-04-12,1212.7877639681801,1269.1964971760024,1211.9617592724035,1264.8651123046875,6114360,0.04150406423572073,0.04066588400193412,7733840648.071289
2018-04-13,1269.196712862122,1305.78183143367,1261.9844915239505,1270.5263671875,8179118,0.0044757775574164604,0.004465791052207577,10391785079.33789
2018-04-16,1255.4969508940067,1289.3220175576748,1253.3816238746892,1284.3660888671875,6270274,0.010892903946829291,0.010834003613055053,8053327293.505615
2018-04-17,1284.3661413250895,1287.307472974456,1268.0680692986693,1275.884765625,3301724,-0.006603509167443122,-0.006625408796949303,4212619351.8984375
2018-04-18,1275.6432646602998,1286.7033863683405,1267.5244752704175,1272.8631591796875,2433066,-0.0023682440034719088,-0.0023710527286759184,3096960075.2526855
2018-04-19,1281.2435233620704,1296.2724385637407,1275.5422524759103,1285.7763671875,4820952,0.010145008844575809,0.010093893660976423,6198666148.9453125
2018-04-20,1309.4883931938118,1378.9316093312516,1305.4591981378308,1370.9134521484375,18465662,0.06621453553946233,0.06411455834629239,25314824438.62622
2018-04-23,1379.596475247156,1433.5473611435857,1365.715917066912,1373.41162109375,15185910,0.001822265979954718,0.0018206076675890436,20856505270.88379
2018-04-24,1373.9552927675704,1387.312032878985,1346.758230520705,1364.1441650390625,8314336,-0.006747762952018066,-0.006770632039291058,11341952940.574219
2018-04-25,1363.882318555377,1403.3684240851928,1355.8440953177512,1398.231201171875,8196574,0.02498785466112108,0.024680763409068843,11460705509.51416
2018-04-26,1396.9221422664693,1434.3936620907502,1396.9221422664693,1426.0330810546875,12135034,0.019883607131289338,0.019688510129464834,17304959923.72339
2018-04-27,1420.2914478038942,1427.9469194374471,1377.984894039523,1390.858154296875,4501330,-0.024666276838260504,-0.02497558638289593,6260711535.681152
2018-04-30,1390.8578019222439,1429.9611549542624,1385.0759667273644,1423.15185546875,3458558,0.023218543941456504,0.022953094595062524,4922053234.946289
2018-05-02,1422.5075749167631,1423.1925185278608,1398.6547554926885,1410.1177978515625,3158046,-0.009158585267693975,-0.009200782954763577,4453216871.033936
2018-05-03,1414.166853572078,1420.694129672721,1398.2917665560267,1402.9052734375,3761550,-0.005114838224899665,-0.005127963785809395,5277098331.298828
2018-05-04,1406.9951253939075,1409.0097232252276,1398.1308949360994,1402.4622802734375,2347244,-0.00031576840749703017,-0.0003158182728381593,3291921172.5981445
2018-05-07,1406.1889180087283,1406.1889180087283,1374.3179493159985,1378.3673095703125,3484426,-0.017180476824251723,-0.01732977368122782,4802818891.016846
2018-05-08,1383.9072689690004,1404.7785139468137,1368.5963314872913,1386.5262451171875,2992820,0.005919275283319481,0.005901825200747374,4149623476.911621
2018-05-09,1386.1237166607611,1408.1029962081343,1386.1237166607611,1405.9071044921875,2615050,0.013977996769446,0.013881205495139028,3676517373.602295
2018-05-10,1411.4069701598287,1414.710890684038,1386.123769254289,1390.5760498046875,3858678,-0.010904742310863802,-0.010964634819531267,5365785210.708252
2018-05-11,1391.7644079854076,1404.1743472851444,1387.0502698792282,1392.8724365234375,2627876,0.0016513923989072143,0.0016500303497918247,3660296047.001465
2018-05-14,1392.892656092537,1398.5335288681504,1374.2777956068157,1383.4442138671875,2433894,-0.006768906045540368,-0.006791918997196143,3367156571.4660645
2018-05-15,1390.072399503362,1408.5261339299948,1383.5047913913234,1403.126953125,1952890,0.01422734582321361,0.014127086964620932,2740152595.4882812
2018-05-16,1402.1395471451533,1413.8443770651052,1400.2458453677705,1407.76025390625,1648450,0.003302125136240175,0.0032966850935439583,2320622390.551758
2018-05-17,1415.4358917682048,1423.5748451544034,1400.5480374535402,1406.9141845703125,2968048,-0.0006010038524598693,-0.0006011845276698301,4175788831.685547
2018-05-18,1402.4817864849088,1417.3494721417176,1393.2952050197719,1411.0438232421875,1874996,0.0029352456014482,0.002930946179263133,2645701524.4038086
2018-05-21,1421.7823145254151,1447.2871438330287,1417.4912603090493,1433.084228515625,3446178,0.015619929665114718,0.015499194193770334,4938663340.45752
2018-05-22,1433.5875860865515,1440.4170519619795,1407.6798424708238,1413.80419921875,1857416,-0.01345352137246325,-0.013544839953670352,2626022540.4960938
2018-05-23,1420.2911494398197,1428.3495389401876,1402.5626925390106,1408.243896484375,1507298,-0.003932866189991224,-0.003940620245343921,2122643208.6831055
2018-05-24,1414.2472014473515,1456.5537416615884,1411.164907150772,1452.000732421875,2962316,0.03107191591366898,0.03059895615566705,4301285001.665039
2018-05-25,1460.5831202884478,1480.648530138903,1439.4500131597324,1444.7886962890625,3769772,-0.004966964528167361,-0.004979340895472411,5446523973.187012
2018-05-28,1457.1579262446514,1457.1579262446514,1404.5769475705392,1411.0438232421875,3716798,-0.02335626872881047,-0.02363334925495068,5244564860.138916
2018-05-29,1422.26577974193,1427.9469851421704,1405.383488762949,1419.6871337890625,3525312,0.006125472791493447,0.006106788344925081,5004840088.9921875
2018-05-30,1413.8647728664048,1423.5146757753396,1403.1672398493124,1415.8995361328125,3779106,-0.002667910109279581,-0.0026714753239818795,5350834432.3967285
2018-05-31,1408.9524287227325,1429.3067119614925,1402.5333061246,1414.680908203125,5049371,-0.0008606740087053755,-0.000861044601234836,7143248752.1345215
2018-06-01,1425.2029999513818,1428.0469055955266,1394.5701131166174,1407.692626953125,1603856,-0.004939828628122367,-0.004952069911426681,2257736265.8945312
2018-06-04,1417.890170101315,1421.140348141662,1391.563708136993,1417.28076171875,1681483,0.006811241731355722,0.006788150020575902,2383133507.057129
2018-06-05,1417.0776034936955,1423.496724860795,1390.3855365910883,1398.8765869140625,2449568,-0.012985553252249482,-0.013070602626646537,3426643323.2539062
2018-06-06,1400.0141598733114,1409.6834591667098,1393.6762731599752,1402.2486572265625,2236512,0.0024105559733034188,0.0024076552438983857,3136145948.8710938
2018-06-07,1401.6392856303858,1421.1403539521998,1400.6642718893202,1410.211669921875,2414762,0.0056787451029278735,0.005662681814145969,3405325552.4838867
2018-06-08,1409.7646672153344,1427.8844487225779,1409.7646672153344,1419.596435546875,2582138,0.006654863113932263,0.006632817266414736,3665593900.8901367
2018-06-11,1419.5966324205249,1432.5161112305666,1416.265219441224,1421.709228515625,2179378,0.0014883053492142917,0.0014871989204745355,3098441815.023926
2018-06-12,1427.6405356234209,1450.3917792190132,1424.3903579669077,1447.1416015625,4608875,0.01788858968962903,0.017730471755826732,6669694748.901367
2018-06-13,1475.5807631211535,1488.297103962435,1460.9549626056355,1482.162353515625,5370983,0.02419994830866079,0.02391176957634557,7960668803.972412
2018-06-14,1486.9565892563378,1488.8254814752404,1449.5795383788561,1452.464111328125,3819998,-0.02003710465122599,-0.020240569923304974,5548410000.345215
2018-06-15,1462.5798726124792,1500.8506927749966,1453.316846915091,1495.122314453125,9183574,0.029369540212593304,0.028946517952792798,13730566413.831543
2018-06-18,1517.792614815664,1517.792614815664,1480.5781324102356,1486.14404296875,4674987,-0.006005041458871596,-0.006023144228637968,6947704081.006348
2018-06-19,1480.5777232115336,1494.269075819681,1479.643277361413,1482.4871826171875,3245034,-0.002460636550584594,-0.002463668892049801,4810721312.156982
2018-06-20,1488.5813720611059,1492.0753527295012,1477.6932570349393,1480.821533203125,3107695,-0.0011235506340917523,-0.00112418229028157,4601941674.627686
2018-06-21,1488.5813186492455,1488.5813186492455,1476.8806596258466,1478.3026123046875,2910659,-0.0017010293556367628,-0.0017024777488103772,4302834803.228149
2018-06-22,1484.5186934578328,1484.5186934578328,1462.214388231148,1470.54296875,2949458,-0.005249022419428817,-0.00526284693562597,4337304723.5234375
2018-06-25,1472.249375476694,1480.7404256887664,1467.4553431670417,1478.2215576171875,2083217,0.005221601157098021,0.0052080158685607674,3079456278.5946045
2018-06-26,1481.2687273787628,1512.145420544091,1479.6436382647983,1504.83251953125,4679712,0.01800201179379224,0.01784189434817812,7042182799.640625
2018-06-27,1511.3326083574407,1531.7681201843002,1504.222844742856,1509.70751953125,4081208,0.003239563165154502,0.003234327085763012,6161430406.371094
2018-06-28,1515.3952923268403,1520.2705586828515,1483.9498640055867,1497.2755126953125,4888125,-0.008234712138015632,-0.008268804670476351,7318869865.493774
2018-06-29,1499.0630526791292,1517.3453000849163,1496.9504572608575,1501.3787841796875,3506276,0.0027404919465947586,0.002736743645105126,5264248397.878418
2018-07-02,1504.832617193205,1509.5454156045848,1495.9758611097905,1504.304443359375,2650290,0.001948648276181686,0.0019467521240190565,3986843023.190918
2018-07-03,1511.2923092155345,1527.5026337138943,1508.9360091942226,1522.749267578125,3242233,0.012261363914846557,0.012186802258668058,4937107926.067627
2018-07-04,1527.5023200892,1527.5023200892,1509.0169339884894,1516.329833984375,2700614,-0.00421568654172455,-0.004224597601207306,4095021578.275879
2018-07-05,1521.8957783266026,1533.6776730333488,1513.0390238474681,1527.827392578125,2472571,0.0075824918405373865,0.007553889244257585,3777661703.894287
2018-07-06,1529.8991241228264,1560.8977112079049,1528.9241105685626,1554.356689453125,3713781,0.017364066781282883,0.01721503410901543,5772540340.513916
2018-07-09,1563.3351893898534,1563.660226938252,1524.7393362214448,1530.0208740234375,6151747,-0.01565651924993461,-0.015780377036265204,9412301321.71106
2018-07-10,1542.2092146258606,1542.9405243965432,1520.067380538108,1523.6019287109375,5303302,-0.0041953318555846275,-0.00420415695172726,8080121155.736572
2018-07-11,1543.8346292861097,1623.4639943756038,1539.081263554505,1608.7569580078125,22903802,0.05589060219221542,0.05438458350870422,36846650832.33325
2018-07-12,1612.088278011324,1617.6948548640974,1592.9934823796377,1601.8095703125,6921701,-0.004318481832032428,-0.0043278334074829585,11087246904.641602
2018-07-13,1604.7753101498529,1623.382598140494,1603.9627656890175,1609.7318115234375,4148185,0.004945807140727787,0.004933616814071807,6677465354.584351
2018-07-16,1616.9634297168438,1621.8386963391056,1606.7659573569247,1616.3133544921875,2582159,0.004088595952217222,0.004080260356650735,4173578075.1221924
2018-07-17,1619.4068974191746,1635.6905263524995,1612.8934458458446,1630.1134033203125,3315492,0.008537978597881857,0.00850173620369241,5404627947.80127
2018-07-18,1632.4346245659722,1637.8896032571793,1622.7051911221608,1628.5672607421875,2013869,-0.0009484877401632064,-0.0009489378392913367,3279721120.8236084
2018-07-19,1630.072878862382,1636.8712750003253,1603.9376707045237,1613.2193603515625,1746318,-0.00942417348094704,-0.009468861993659901,2817194006.93042
2018-07-20,1616.0690856910858,1628.3632080342638,1615.3363023699897,1625.594970703125,1934995,0.007671374802286968,0.007642099432838226,3145518140.3356934
2018-07-23,1629.1777798741775,1636.4646672205931,1616.9650528886139,1632.9637451171875,2086201,0.00453297072571246,0.004522727756301401,3406690598.0272217
2018-07-24,1640.575855249402,1640.575855249402,1615.4583738194654,1627.5489501953125,2038423,-0.00331593088827975,-0.0033214407707390053,3317633213.7039795
2018-07-25,1629.910351812629,1629.991750104482,1602.6352650851063,1613.301025390625,1535492,-0.008754221986980948,-0.008792765297616243,2477210818.0791016
2018-07-26,1607.96792003981,1616.1504849199325,1591.8064350680913,1599.62255859375,3503036,-0.008478558298543826,-0.008514705737752282,5603535409.166016
2018-07-27,1596.4880378276282,1599.5819677931013,1579.7566648742854,1582.5655517578125,2033977,-0.010663144717671713,-0.010720403447821325,3218901933.2677
2018-07-30,1581.9547756667648,1591.4806601914256,1572.6324365326943,1583.2574462890625,1579251,0.00043719802347608194,0.0004371024802667368,2500360905.3094482
2018-07-31,1581.1406154150864,1585.2115232817575,1569.742073388407,1579.675048828125,2204803,-0.0022626752644265835,-0.002265238982073117,3482872286.6813965
2018-08-01,1587.6136594492061,1613.3418821909443,1587.4916116969662,1609.230224609375,2425180,0.018709655383349455,0.018536782711058644,3902672956.118164
2018-08-02,1612.079807068262,1616.1507156719697,1583.583446842308,1586.3516845703125,1509287,-0.014217070801423759,-0.01431910155933848,2394259974.9500732
2018-08-03,1592.9464067252545,1613.748787748723,1592.9464067252545,1611.6318359375,1505131,0.01593603209999106,0.015810386642687826,2425717036.8564453
2018-08-06,1625.920575608578,1627.5081898959008,1605.7695819950015,1608.4564208984375,1532249,-0.0019703104445162323,-0.0019722540595764467,2464555742.46521
2018-08-07,1610.61400185238,1611.3875340050556,1596.2030272829804,1601.7801513671875,1353521,-0.004150730753103571,-0.004159368947495028,2168043072.258667
2018-08-08,1605.5660948284733,1610.6954785983523,1597.424278931777,1607.1944580078125,1315062,0.0033801808793820776,0.003374480909002414,2113560358.33667
2018-08-09,1612.0797607252437,1612.7311458380782,1600.68121696254,1607.4796142578125,2060297,0.00017742485893923465,0.00017740912101045552,3311885426.8165283
2018-08-10,1612.8531561280483,1625.5137209825768,1605.6070186999639,1622.7454833984375,2784105,0.009496773088269128,0.0094519622210886,4517893814.057007
2018-08-13,1626.572044674758,1631.823476254131,1620.2213884224627,1628.4853515625,3559575,0.0035371339638805566,0.003530893017919539,5796715745.288086
2018-08-14,1621.8498244266373,1648.3921259730055,1614.033700571942,1631.253662109375,3311765,0.001699929658083077,0.0016984864130404043,5402328784.295654
2018-08-16,1628.607806970134,1644.6878966579307,1624.2926039065417,1635.2840576171875,2152065,0.002470734994458601,0.0024676877470140262,3519237585.4559326
2018-08-17,1639.6399648500044,1646.1941679622532,1631.6202941598872,1638.744384765625,1213731,0.0021160404104223485,0.0021138047501891672,1988994860.8659668
2018-08-20,1647.90377024459,1647.90377024459,1631.3758418848981,1636.4644775390625,1587032,-0.0013912525026827938,-0.001392221193012044,2597121492.7177734
2018-08-21,1636.6272801415007,1647.9036762303183,1631.6200430659871,1642.733642578125,1376866,0.003830920331671539,0.003823601043495513,2261824099.5219727
2018-08-23,1646.9267868057332,1659.3023089230094,1644.8913325504302,1656.941162109375,3046791,0.008648705525353906,0.008611519723933508,5048353420.244385
2018-08-24,1656.9408706120064,1665.8154694813463,1653.602746098052,1663.3729248046875,1570533,0.003881708561771946,0.003874194170599796,2612382069.7122803
2018-08-27,1663.3733414352455,1676.4002496403184,1656.859887332709,1669.8052978515625,1532702,0.0038670660986201977,0.0038596082190735805,2559313919.6276855
2018-08-28,1673.143492912406,1686.9845826347957,1670.7009476672783,1684.704833984375,1987983,0.008922918230037213,0.008883344231319605,3349164569.97876
2018-08-29,1687.3913437243134,1690.7295677501663,1665.4898390959602,1686.9842529296875,1525867,0.00135300789748527,0.0013520934070821613,2574113601.0650635
2018-08-30,1683.7276460195253,1697.5687340187187,1681.692191901997,1695.4517822265625,2408020,0.005019329185894872,0.0050067743468778176,4082681800.637207
2018-08-31,1695.370618370859,1703.2681412209804,1688.6128704074154,1692.1951904296875,2504554,-0.0019207811339808645,-0.0019226281996480926,4238194232.9714355
2018-09-03,1697.4062341650783,1701.6399397146613,1667.7698977682953,1671.4337158203125,1439711,-0.01226895970795372,-0.01234484471966288,2406381506.437378
2018-09-04,1677.051719136399,1713.6491514603656,1674.731221485746,1708.8861083984375,4420803,0.022407345396729728,0.022159989080045163,7554648834.666138
2018-09-05,1709.7815996697277,1715.684417097159,1689.4678056571895,1692.8873291015625,1681106,-0.009362109749882053,-0.009406209761283379,2845923046.2766113
2018-09-06,1689.42733654972,1694.7195185678274,1677.4589031252806,1689.671630859375,2238097,-0.0018995347102598314,-0.0019013411142314099,3781649008.0114746
2018-09-07,1692.928258887209,1696.7548735976457,1681.611012586305,1693.3760986328125,1312182,0.0021924187550887986,0.0021900189120903956,2222017635.856201
2018-09-10,1697.0802041120746,1704.4078391881626,1688.8163396195266,1694.1085205078125,1530539,0.00043252167996898905,0.00043242816942975283,2592899160.869507
2018-09-11,1700.8254298187424,1700.8254298187424,1662.7216896733935,1666.0191650390625,3679745,-0.016580611648378984,-0.016719608567551322,6130525692.456665
2018-09-12,1670.9858518278138,1684.460399623001,1660.9306285616408,1664.1466064453125,2307661,-0.001123971820399805,-0.0011246039504349543,3840286221.9761963
2018-09-14,1664.1874305988808,1686.6181766713619,1643.1408530786239,1681.61083984375,3642038,0.010494407963095087,0.010439723915593134,6124490579.922852
2018-09-17,1685.35621062281,1691.7068679830236,1672.7771424289267,1688.7349853515625,1033857,0.0042365007045710446,0.004227552000685291,1745910485.7506104
2018-09-18,1687.7989501511001,1692.5212445664085,1675.2606293560154,1685.967041015625,1456507,-0.0016390637725559598,-0.001640408507185969,2455622797.008545
2018-09-19,1686.9027522700253,1700.8253369314675,1682.791294271435,1691.787841796875,1301268,0.0034524997462248574,0.003446553551203497,2201469381.319336
2018-09-21,1691.0552985535323,1726.8792913972277,1669.1944415923954,1712.3460693359375,4508530,0.012151776381858381,0.012078536281813986,7720163623.983154
2018-09-24,1721.9940851880838,1799.74842804173,1708.2750457086966,1789.9375,3032226,0.045312937643588125,0.044316302446914146,5427495025.875
2018-09-25,1795.1890645910823,1800.888336217327,1753.5845009843872,1777.5213623046875,2868778,-0.006936631974754692,-0.006960802244693903,5099314178.709717
2018-09-26,1780.614748663304,1790.384925610702,1738.3588128757108,1744.0986328125,1970951,-0.018802997365304552,-0.018982021397927897,3437532944.4404297
2018-09-27,1743.895952944357,1799.097519848309,1738.929563129496,1782.1219482421875,3311802,0.02180112679084667,0.021566880664830056,5902035032.432373
2018-09-28,1773.2879145524562,1783.0580958998528,1757.6964129955088,1777.9287109375,2904371,-0.002352946333904704,-0.002355718862056956,5163764588.114258
2018-10-01,1783.7906450136566,1853.0368398285216,1783.3430040889855,1836.4276123046875,3772208,0.03290283857126153,0.032373128183574074,6927386930.556641
2018-10-03,1832.1532812031903,1835.979895776447,1755.0503071532685,1760.953125,3902322,-0.041098536527649054,-0.04196695862453079,6871806120.65625
2018-10-04,1755.8644848410672,1755.9050349096938,1674.2427623916349,1681.12255859375,4762419,-0.045333725965164495,-0.04639345084615454,8006210014.375488
2018-10-05,1669.07285658652,1726.0655882748401,1645.3801837192914,1711.939453125,3417624,0.01833114092349586,0.01816515101384744,5850765361.546875
2018-10-08,1711.9390145474613,1727.85630600329,1667.5661133864846,1691.503173828125,2010154,-0.011937501212189616,-0.012009325352565534,3400181870.883301
2018-10-09,1693.7826416162059,1716.00963857758,1671.677493600792,1703.10498046875,1867130,0.006858873704841173,0.006835458636946778,3179918402.182617
2018-10-10,1709.7815618752118,1714.625903212226,1651.974661449907,1663.8616943359375,2749573,-0.02304220032402904,-0.023311821653224384,4574909190.480347
2018-10-11,1616.1507199556097,1638.947808196797,1580.3267241480294,1612.0390625,4700256,-0.031145997297942762,-0.031641346449067964,7576996275.75
2018-10-12,1610.4515839104677,1610.4515839104677,1549.3879495357025,1561.844970703125,9373289,-0.03113701954531578,-0.03163208012926473,14639624283.596924
2018-10-15,1579.5127093385322,1592.17327622248,1563.2290731597845,1587.2474365234375,2638151,0.01626439646495559,0.016133548042721668,4187398411.911743
2018-10-16,1594.1675584980107,1605.4847025139602,1575.4413818660116,1597.6685791015625,2815425,0.006565543807681706,0.006544084501733755,4498116059.317017
2018-10-17,1603.9378348684916,1619.4072860677309,1563.2287527652304,1570.882080078125,2779207,-0.016765992255102558,-0.01690813249112685,4365806473.127686
2018-10-19,1570.556124143699,1570.556124143699,1522.5601641483852,1557.6920166015625,3428776,-0.00839659681897098,-0.008432046817078664,5340977001.915039
2018-10-22,1558.3435707753792,1559.9719339632322,1536.319918904706,1549.3875732421875,1778496,-0.005331248585001336,-0.005345510402184489,2755579601.4609375
2018-10-23,1540.4127774142414,1548.5717433963084,1498.8020509057,1504.227783203125,2752811,-0.02914686474770345,-0.029580073157903293,4140854788.1071777
2018-10-24,1511.0815317340564,1528.9904245629903,1477.6705019195113,1508.18505859375,2735913,0.0026307687138966696,0.0026273142990682796,4126263108.2124023
2018-10-25,1504.5133756914463,1531.3563945588717,1489.052174494708,1511.8564453125,2507233,0.0024343078442730093,0.0024313497166222994,3790576370.9501953
2018-10-26,1512.5904374302183,1512.5904374302183,1461.3521009090268,1467.8792724609375,2285970,-0.02908819351725711,-0.029519642331078528,3355527980.4675293
2018-10-29,1475.7124384026326,1532.2132893553683,1455.8453721025055,1526.5428466796875,2609483,0.0399648495072753,0.03918691403140059,3983487607.182251
2018-10-30,1523.2792124467908,1557.8732541164093,1505.329484180144,1545.961181640625,2404883,0.012720465071238252,0.012640239576165082,3717855764.387451
2018-10-31,1550.2036016772345,1586.0214837616547,1530.173299511597,1581.330078125,2769190,0.022878256520542317,0.022620473553893104,4379003439.042969
2018-11-01,1585.8175517292075,1586.3886395483983,1551.2643483459342,1579.3719482421875,2769759,-0.0012382802995402065,-0.0012390476020794727,4374479667.991333
2018-11-02,1578.1075934332114,1594.75190852305,1554.2834460671152,1561.177734375,1818635,-0.011519904407215398,-0.011586772545077357,2839212468.955078
2018-11-05,1558.3628465440224,1572.5186357280909,1537.7614528920662,1542.7384033203125,1713366,-0.011811167075137297,-0.011881473054432051,2643275527.1433105
2018-11-06,1545.3082621903886,1580.7997666282356,1542.860572229158,1576.8834228515625,1398710,0.022132734530859066,0.021891360579955554,2205602612.376709
2018-11-07,1582.8394302911995,1590.182499813169,1580.391740450543,1584.5936279296875,144530,0.004889521296496557,0.004877606410184928,229021317.04467773
2018-11-09,1599.9737011742714,1600.7487633325577,1554.283478193262,1557.710205078125,2570479,-0.016965499783491156,-0.01711106258766804,4004061370.2390137
2018-11-12,1557.1384132714277,1587.816100629526,1557.1384132714277,1562.3193359375,2552008,0.0029589142090418186,0.002954545238544459,3987051443.8671875
2018-11-13,1562.44201857157,1582.02353734218,1552.6512591862652,1578.7191162109375,1418432,0.010497073099076992,0.010442361369542724,2239305713.4453125
2018-11-14,1570.6011361596907,1574.5990498801773,1525.7268179836994,1534.4161376953125,2422318,-0.02806260978327546,-0.028463889953606644,3716843829.829834
2018-11-15,1520.8314581036184,1549.3878427783109,1515.6096992723214,1528.0521240234375,1829123,-0.004147514820480036,-0.004156139615978508,2794995285.250122
2018-11-16,1541.22892402582,1550.040648554564,1525.9308603278403,1539.270751953125,1829729,0.007341783538213464,0.007314963835089291,2816448333.7004395
2018-11-19,1549.3875892452102,1556.200305697739,1521.0760180534683,1552.202392578125,1740628,0.008401147497015371,0.008366054269313626,2701806946.1884766
2018-11-20,1551.8356784438224,1551.8356784438224,1529.153708078962,1532.4581298828125,1190182,-0.012720159941590037,-0.01280175383948085,1823904081.9401855
2018-11-21,1526.542941398705,1526.5837760781808,1467.43125697,1478.405029296875,3840461,-0.03527215493324498,-0.03590924325747611,5677756857.218506
2018-11-22,1484.9322735565627,1507.451006796635,1476.732470339144,1478.8538818359375,3194219,0.00030360593353506715,0.00030355985457995515,4723783167.584106
2018-11-26,1484.1161473151506,1517.567913142485,1455.96771021654,1506.2269287109375,4333177,0.018509635881685194,0.018340417495821777,6526747884.270874
2018-11-27,1512.6725231140888,1548.4904091416993,1497.4560293241432,1542.248779296875,3344839,0.023915287862211976,0.023633796498215492,5158573864.69458
2018-11-28,1541.2290870064924,1622.8187686902666,1535.9257576970472,1618.65771484375,5313249,0.04954384569635417,0.04835563710608136,8600331484.73584
2018-11-29,1629.3459669508904,1629.3459669508904,1584.9204244658793,1599.6065673828125,4035441,-0.011769719617823249,-0.011839531082670027,6455117925.885864
2018-11-30,1604.052904309031,1624.4503217086879,1599.0351197093623,1605.888671875,5268901,0.003927281007895633,0.003919589371406503,8461268429.130859
2018-12-03,1618.7388863460997,1623.6342660427108,1605.9293493120022,1617.4334716796875,1610576,0.007189041187523948,0.007163323215737634,2604999531.0839844
2018-12-04,1617.9232910231926,1647.6219532992009,1608.1325298067134,1640.64599609375,3270615,0.014351455451182549,0.014249448125100199,5365921404.51416
2018-12-05,1636.688614646272,1646.4793740559207,1619.554785679387,1637.300537109375,2501539,-0.0020391108089985455,-0.0020411926259626357,4095771148.300049
2018-12-06,1630.1616949267584,1645.6637330667027,1615.1491749139848,1625.83740234375,2321216,-0.007001240460021485,-0.00702586414219737,3773919791.71875
2018-12-07,1619.5955603714392,1634.9751911218666,1609.7639666563025,1627.8768310546875,1680420,0.0012543866366940826,0.0012536005510784482,2735516784.440918
2018-12-10,1611.3960708904879,1640.7683537016562,1599.1576197191678,1612.048828125,2010786,-0.009723096138319454,-0.009770674092113121,3241485214.9101562
2018-12-11,1607.3164349365234,1639.952301635742,1599.9733649291993,1631.7933349609375,2942014,0.012248082372853908,0.012173681507844007,4800758836.561768
2018-12-12,1632.6906082185828,1649.742866470891,1619.5138586783107,1645.500244140625,2219993,0.008399905114219397,0.008364822236243864,3652999023.4904785
2018-12-13,1651.3751948023883,1656.0257669253226,1610.988301451243,1617.5970458984375,3748429,-0.01695727383909329,-0.017102694712502656,6063447677.160034
2018-12-14,1617.9229956726465,1630.936506908568,1611.599796874632,1623.4302978515625,2473761,0.003606121789054839,0.0035996353211943197,4015978557.043579
2018-12-17,1630.9777416178654,1635.7915527706107,1619.555186148806,1627.14306640625,1227921,0.002286989813853335,0.0022843786330537788,1998003141.244629
2018-12-18,1625.1847928443758,1633.425330285603,1612.5383929345724,1621.88037109375,1768742,-0.003234316281802596,-0.0032395579879832387,2868687931.3291016
2018-12-19,1619.3918711086271,1619.3918711086271,1599.1984270216005,1606.0518798828125,2498833,-0.009759345690991461,-0.009807280233297284,4013255437.163208
2018-12-20,1594.099004341643,1611.3144047063581,1587.7349702747035,1594.302978515625,1940277,-0.007315393428040884,-0.007342282133103561,3093389400.2453613
2018-12-21,1589.3664938571424,1590.9982869719854,1539.2296902422884,1546.7767333984375,3729956,-0.029810045993539314,-0.030263397784039435,5769409157.399902
2018-12-24,1554.93600309532,1581.9421645086322,1554.283245883014,1565.2978515625,1864116,0.011974008765550437,0.011902887497465296,2917896769.8632812
2018-12-26,1567.9900308611159,1567.9900308611159,1525.930523836859,1541.3917236328125,2446614,-0.015272574421426599,-0.015390401406500024,3771190570.52417
2018-12-27,1557.5465719724075,1584.2263503125955,1527.4399682365136,1557.5057373046875,4968201,0.010454197609091054,0.010399930371216528,7738001561.582886
2018-12-28,1562.4420361588989,1566.5215192820292,1544.4923104171255,1546.9808349609375,2239130,-0.0067575368049453965,-0.006780472340326056,3463891196.986084
2018-12-31,1556.7308182827992,1557.5467149380836,1538.9034962841852,1544.533203125,1879740,-0.0015821991977033045,-0.0015834521966909814,2903320843.2421875
2019-01-01,1546.9401438489665,1558.3626976537585,1537.9652801452014,1552.48828125,1094883,0.005150474013057682,0.005137255689439202,1699793026.8398438
2019-01-02,1554.2827996441156,1578.3109112224906,1550.2033172303516,1569.2137451171875,2100463,0.010773326967544516,0.010715708142125475,3296075410.710083
2019-01-03,1565.7054666453357,1586.8779421059842,1544.5737262538062,1550.16259765625,2611668,-0.012140568816846997,-0.01221486748688993,4048510051.095703
2019-01-04,1550.2034548594793,1551.1824908870074,1502.0655581033166,1531.3154296875,4280862,-0.012158187790910269,-0.012232703153211106,6555350032.962891
2019-01-07,1543.513406528105,1557.383650334913,1534.7016823886033,1548.4903564453125,1856423,0.011215799452446884,0.011153368746906898,2874653112.9832764
2019-01-08,1554.6095176218348,1555.4254142827472,1536.5782213350228,1544.941162109375,1691756,-0.0022920351561536156,-0.0022946658893228155,2613663480.645508
2019-01-09,1556.2415454725774,1565.7059282461116,1523.034486611012,1539.556396484375,2414376,-0.0034854179285688236,-0.0034915061484141934,3717068014.3183594
2019-01-10,1542.0445825034474,1554.2830315709352,1527.4400133635615,1540.861572265625,3053461,0.0008477609421977395,0.0008474017958560087,4704960717.311768
2019-01-11,1525.7267680170555,1529.8062513539994,1497.1703846584476,1503.3304443359375,9209862,-0.02435723533198586,-0.024658779378006594,13845465932.732666
2019-01-14,1509.408761622346,1510.2246582502498,1476.7728965061872,1479.424560546875,3615370,-0.015901948822450884,-0.016029741388527904,5348667173.464355
2019-01-15,1476.77313431041,1525.1965870547697,1475.1413407918349,1523.9320068359375,7711653,0.030084295932338856,0.02964063960378472,11752034832.312378
2019-01-16,1525.727082859968,1529.806567038738,1506.9614556376262,1525.8494873046875,2359280,0.0012582454204970173,0.0012574544931122373,3599906178.408203
2019-01-17,1535.5383047389935,1551.8912153325928,1530.0601196142356,1548.865966796875,2625816,0.015084370826669469,0.014971733006307174,4067037037.470703
2019-01-18,1537.9914705244819,1556.9608097158314,1533.903242266841,1554.0582275390625,1683728,0.0033522982966209813,0.003346691870800033,2616611351.3378906
2019-01-21,1555.1615861274604,1579.6909486846757,1549.8059687117088,1560.6397705078125,2409803,0.00423506844989463,0.004226125787142206,3760834400.889038
2019-01-22,1559.3316726202504,1568.448439670701,1545.3499548951518,1555.0799560546875,2457093,-0.0035625226001487764,-0.0035688834955028923,3820976074.4622803
2019-01-23,1554.3440203216223,1558.5139922078865,1528.9970110475717,1533.5758056640625,2578169,-0.01382832458671901,-0.013924826540195999,3953817601.3131104
2019-01-24,1541.098140273713,1557.818949326779,1533.0851751674113,1554.793701171875,1962927,0.013835570064059999,0.013740732319547633,3051946535.460205
2019-01-25,1555.1617934929814,1582.144095903743,1554.3441479653827,1570.5335693359375,2327080,0.01012344477096816,0.010072545930114342,3654757258.5302734
2019-01-28,1580.5087472901016,1604.2204667269423,1574.3764060564358,1598.4969482421875,2769033,0.01780501827673353,0.017648365674031902,4426290800.081909
2019-01-29,1604.2205010648486,1626.3378521784484,1583.4932072134445,1621.1866455078125,2557626,0.014194395110091351,0.014094597948692719,4146389115.4035645
2019-01-30,1618.6110838526079,1626.705794624803,1598.2108676440655,1620.0828857421875,2429575,-0.0006808344792892385,-0.0006810663523340822,3936112877.127075
2019-01-31,1624.6616505571953,1651.4395413753878,1623.026359514863,1646.81982421875,4094319,0.016503438627656353,0.01636873689181297,6742605695.875488
2019-02-01,1643.0586086347332,1663.704157213,1633.737430106656,1659.7794189453125,3064163,0.007869467282318299,0.007838664520017777,5085834683.693726
2019-02-04,1659.7793211193145,1680.6292798407644,1654.0967252350133,1676.3775634765625,1590764,0.010000211077323184,0.009950539840594942,2666721078.3862305
2019-02-05,1676.1734135755582,1680.2616414135473,1658.1852110884058,1671.71728515625,1111404,-0.002779969394631987,-0.0027838406859283394,1857953277.5917969
2019-02-06,1676.0911937485182,1706.3033504005377,1668.8551518683541,1696.45068359375,1789812,0.014795204103658088,0.014686822779573777,3036327790.904297
2019-02-07,1696.4102426836928,1715.3795810607166,1690.0734891563768,1703.073974609375,1339945,0.003904204867066552,0.003896603238364525,2282025456.907959
2019-02-08,1696.6143207421003,1708.4701798509006,1676.9908298033965,1685.4942626953125,1684474,-0.010322341939430268,-0.010375986790628967,2839171262.659424
2019-02-11,1684.3497993246453,1713.7850385361442,1675.2738540529033,1689.173828125,1778730,0.0021830779914986387,0.0021806985391309487,3004584163.3007812
2019-02-12,1692.5262877179755,1692.5262877179755,1650.0087191376206,1677.481689453125,2422903,-0.006921809038950899,-0.0069458758808232084,4064375417.821045
2019-02-14,1684.390740161475,1696.6145011007284,1662.314310508598,1671.758056640625,1724085,-0.003412038920297178,-0.0034178732000674557,2882252989.083252
2019-02-15,1675.3556717139077,1677.8086082757143,1644.2442197308962,1659.5750732421875,1930065,-0.007287527851320252,-0.007314211600492102,3203087763.7371826
2019-02-18,1666.034439910753,1669.5911778503767,1604.7519500117896,1611.0069580078125,2942184,-0.02926539209792489,-0.02970216637855385,4739878895.739258
2019-02-19,1610.761744236555,1611.579389792005,1546.985390911453,1557.4512939453125,4408554,-0.03324359575003166,-0.03380872400157734,6866108131.727783
2019-02-20,1565.791325462691,1581.1631026811522,1538.2367086410522,1565.5869140625,4645778,0.005223675468257083,0.005210079402627753,7273369242.439453
2019-02-21,1565.5863415197352,1586.2318853888426,1551.1140596029034,1565.1365966796875,4683919,-0.0002876348663671813,-0.00028767624120944467,7330973042.783325
2019-02-22,1567.5896162422634,1578.0555165872422,1557.696127525186,1574.498779296875,2271955,0.005981703218139955,0.005963883856225547,3577190374.1174316
2019-02-25,1580.0996341303462,1627.1142416141727,1578.4643434352565,1623.148681640625,2934880,0.030898659931305694,0.03043090721762629,4763746602.7734375
2019-02-26,1622.2086690461606,1672.2077112421669,1612.6013344386542,1666.933837890625,6453309,0.026975443928983323,0.026618020172716042,10757239138.464111
2019-02-27,1667.9970434086542,1696.5737175370682,1653.2794224374013,1682.7965087890625,4732082,0.009516077085885088,0.00947108443481288,7963131068.903564
2019-02-28,1684.3495866860178,1693.629942169586,1616.9755832565304,1621.7587890625,8454295,-0.03627159873922314,-0.03694576549889402,13710827221.577148
2019-03-01,1631.2437512536899,1639.3792843366489,1619.224302100835,1631.5299072265625,4148548,0.006025013232523246,0.006006935416675983,6768480133.564941
2019-03-05,1639.3792643791505,1641.0145554159376,1616.1581116947236,1625.56103515625,2449622,-0.0036584509078715355,-0.0036651594062000505,3982010074.0615234
2019-03-06,1626.54205726362,1647.5555044182117,1623.067064264227,1634.9637451171875,2635047,0.005784286014233642,0.005767621263462126,4308206311.67981
2019-03-07,1639.3792737189467,1654.9554608571823,1635.4545352842001,1646.165771484375,2539884,0.006851544201296411,0.006828179036583569,4181070104.3408203
2019-03-08,1655.7323093395892,1662.2734740184617,1643.508547770047,1653.8516845703125,2031071,0.0046689787985367825,0.00465811292558642,3359090194.831909
2019-03-11,1658.9212394812805,1662.2735666038704,1638.2756873136723,1647.3924560546875,3111689,-0.0039055669718673913,-0.003913213614697121,5126172984.1883545
2019-03-12,1646.779137985546,1655.5688280648194,1637.7441143055407,1645.4708251953125,2658550,-0.0011664681675045419,-0.0011671490210115698,4374566462.322998
2019-03-13,1645.920520724311,1648.291712822526,1617.793493353957,1635.699951171875,1833163,-0.00593804148565058,-0.005955741758747302,2998504629.590088
2019-03-14,1639.3381426053572,1641.668511897274,1619.7555747479191,1624.988525390625,1905495,-0.0065485272977944264,-0.006570062972133484,3096407510.189209
2019-03-15,1634.3916440277242,1691.6676526121369,1627.9322244808443,1667.9559326171875,5184318,0.026441668082692216,0.02609812983461434,8647213964.674072
2019-03-18,1670.4495021295922,1688.1107220883946,1644.284850113857,1653.93310546875,2349915,-0.008407192824593568,-0.008442732603555417,3886602213.5375977
2019-03-19,1659.8201122481996,1659.8201122481996,1631.2842686814934,1653.93310546875,2373993,0.0,0.0,3926425614.851074
2019-03-20,1658.1846580510794,1671.9211389294353,1635.2905897939638,1647.59619140625,3091165,-0.003831421017903902,-0.003838779713599988,5092991681.008301
2019-03-22,1647.5558549349569,1648.3735005205326,1621.6365297963093,1639.910888671875,3148149,-0.004664554806851906,-0.004675467791994171,5162683824.261475
2019-03-25,1641.668553897907,1641.668553897907,1616.6485235927025,1622.4129638671875,2429205,-0.01067004611382183,-0.010727379252052907,3941173683.890991
2019-03-26,1622.2085376996945,1631.1617152593772,1600.9906786553872,1621.104736328125,2316539,-0.000806346823033377,-0.000806672095499586,3755352344.7888184
2019-03-27,1630.3850826717908,1633.6556645828678,1603.4027819054072,1609.0445556640625,2266166,-0.007439482714349022,-0.0074672936845523,3646362064.531006
2019-03-28,1618.9381329387961,1647.228648027092,1613.0511251067528,1635.536376953125,4054489,0.016464318030105174,0.01633025069602566,6631264249.456299
2019-04-01,1643.4673892647463,1667.9558310861632,1642.0365096969786,1661.16943359375,2095740,0.015672568951585975,0.0155510225607031,3481379228.7597656
2019-04-02,1665.6257898273627,1705.6086786219212,1665.5440452314733,1700.1304931640625,3719663,0.023453994988352767,0.023183176392180947,6323912490.594116
2019-04-03,1704.791033042524,1708.552282555951,1682.7964468049488,1700.1304931640625,2939886,0.0,0.0,4998189835.026123
2019-04-04,1699.189780595966,1700.457170944085,1641.3414658902007,1647.146728515625,4397518,-0.031164528170911754,-0.03166047322166298,7243357387.288574
2019-04-05,1658.7165710851511,1679.7708429957183,1650.6627828355502,1674.7833251953125,3152103,0.016778466788197388,0.016639263237899844,5279089543.69812
2019-04-08,1683.532555266623,1696.6148869248386,1662.028432679323,1693.139892578125,2194294,0.010960562543618435,0.010900930913114875,3715246707.444824
2019-04-09,1692.5262122868978,1715.420286655996,1682.4282103509045,1710.1055908203125,2690970,0.010020257816000022,0.00997038789558864,4601842841.729736
2019-04-10,1703.1555157532778,1705.19962943037,1664.726178623943,1668.201171875,3313062,-0.024503995057528316,-0.02480921432205573,5526853910.894531
2019-04-11,1672.085067926583,1680.2615230264685,1646.4519011504906,1651.235107421875,3422442,-0.010170274868021911,-0.010222345462489802,5651256383.515137
2019-04-12,1666.3613962347204,1667.1790416695753,1641.0143877542118,1647.146728515625,3198471,-0.0024759520239570065,-0.0024790222620579955,5268351043.9021
2019-04-15,1692.5262073107713,1733.2449936716205,1668.814487498205,1727.9302978515625,9189201,0.04904454954583071,0.04787979709755326,15878298820.947876
2019-04-16,1733.4082628280619,1762.8025752854173,1729.7697806910292,1743.0565185546875,5771952,0.008753953051192198,0.008715859356367657,10060838558.384766
2019-04-18,1757.8559931674574,1762.0260650954594,1728.6660885328963,1757.978759765625,3413728,0.008560962339483336,0.008524525112194628,6001261315.6171875
2019-04-22,1756.3025127695337,1779.1965864927865,1754.3402434414472,1767.2998046875,2007135,0.005302137395060358,0.005288130553566585,3547209293.4814453
2019-04-23,1768.567013515787,1770.6111270311774,1744.896218931658,1762.0667724609375,2163524,-0.0029610325382726232,-0.002965425068211326,3812273751.8217773
2019-04-24,1764.479288495184,1794.7321771301802,1762.9258416297018,1785.288330078125,3003071,0.013178591174928034,0.013092509011886827,5361347610.696045
2019-04-25,1778.3789020790325,1802.9082662456399,1772.6963059711973,1794.7318115234375,4211526,0.00528961136764905,0.005275670512964928,7558559687.258057
2019-04-26,1801.27287511611,1834.7554154171667,1793.2189878144995,1830.3402099609375,2716958,0.019840512219635897,0.019646254501607115,4972957476.175049
2019-04-30,1830.3404485819065,1853.5615018805602,1823.4313837492834,1848.1651611328125,3488395,0.009738600001720776,0.009691485476109384,6447130107.269897
2019-05-02,1843.7908330007083,1847.3883938022623,1807.8962709115585,1811.4119873046875,2457699,-0.01988630377903977,-0.02008669749491891,4451905429.786743
2019-05-03,1786.555301458706,1787.4138691020364,1737.4965746451946,1743.2200927734375,3780886,-0.0376457123002244,-0.03837261368356064,6590916443.685791
2019-05-06,1725.2320277728686,1770.2025308664743,1724.0055595066794,1764.3564453125,2891422,0.012124890383425457,0.012051972720739632,5101499041.818359
2019-05-07,1766.1553576138047,1786.0241849362797,1748.780389209876,1759.5323486328125,2201698,-0.0027341961951645732,-0.002737940937044953,3873958852.920166
2019-05-08,1758.7549765969302,1772.6549461934658,1741.9114041788398,1760.2677001953125,1824895,0.00041792443490540343,0.0004178371288128106,3212303724.747925
2019-05-09,1753.849679983683,1785.8197003854289,1746.5727145396402,1776.3758544921875,2264162,0.00915096851182784,0.0091093520938261,4022002707.45874
2019-05-10,1778.3788093532444,1792.2787816562354,1738.1916163371955,1746.3271484375,2039633,-0.016915736598591358,-0.017060441856274526,3561866480.7490234
2019-05-13,1744.0381042301271,1771.838055258643,1734.7577466121088,1740.5631103515625,1701744,-0.0033006633900726223,-0.0033061225954561136,2961992829.6621094
2019-05-14,1745.6732848198644,1765.9509347971411,1694.4478699167928,1710.80078125,2456110,-0.017099253066182207,-0.017247133481245337,4201914906.8359375
2019-05-15,1714.6023798527233,1736.6788053443893,1704.3818124954705,1713.2940673828125,2346876,0.0014573795851267057,0.00145631863817566,4020888727.6831055
2019-05-16,1713.784859402786,1736.6789319520597,1698.2905180837108,1724.2098388671875,1946529,0.006371218865568018,0.006351008448555319,3356224453.4403076
2019-05-17,1727.3578219589242,1745.672999813701,1708.8789553211404,1713.3350830078125,1947908,-0.006307095351294256,-0.006327069105719014,3337419114.871582
2019-05-20,1737.4962620787808,1759.082018145374,1676.1728645936473,1752.9906005859375,2625116,0.023145220086492557,0.022881432013576033,4601803673.447754
2019-05-21,1756.343077501551,1756.874467113781,1719.1402152731232,1725.0272216796875,1863157,-0.015951813373616064,-0.01608041298011806,3213996543.2630615
2019-05-22,1725.2320306401616,1735.0028545862774,1696.6144377148507,1702.133544921875,2595795,-0.013271487238050939,-0.013360340443239214,4418389745.2404785
2019-05-23,1715.4202201990186,1729.6064491513346,1676.1732370867435,1679.4847412109375,2541294,-0.013306126172360377,-0.013395445887008766,4268064495.930908
2019-05-24,1692.5262880325317,1692.5262880325317,1661.6601685285568,1674.5380859375,2274208,-0.0029453410037360017,-0.0029496870563860563,3808247911.34375
2019-05-27,1680.0982211556545,1691.6678265636447,1668.078770932679,1680.38427734375,2329820,0.003491226300163186,0.0034851461170443193,3914992897.0410156
2019-05-28,1684.349659998493,1715.0113649741938,1672.0849780082128,1695.59228515625,5872979,0.009050315465067182,0.009009606793252543,9958177883.284668
2019-05-29,1700.7029484420839,1736.4340233482294,1698.3318559102522,1723.2291259765625,3281320,0.016299225387054417,0.016167818972032604,5654466195.649414
2019-05-30,1735.8614173532874,1763.2934641319314,1728.829586120619,1754.91259765625,4971725,0.018386105017655252,0.01821912423402051,8724942834.58252
2019-05-31,1766.1144045910953,1802.8675324847595,1759.777651519067,1795.9993896484375,4265370,0.02341244347271787,0.023142576268147603,7660601916.624756
2019-06-03,1799.6376959954428,1837.780777673007,1787.0867580675015,1833.406494140625,3682419,0.020828016260912907,0.020614078628432706,6751370908.746826
2019-06-04,1833.1590187316497,1833.1590187316497,1792.7701734448463,1799.44677734375,2408658,-0.018522742722580476,-0.01869643692743977,4334251875.823242
2019-06-06,1812.5524704514455,1812.5524704514455,1773.8121493458439,1785.434326171875,3735467,-0.007787088425343369,-0.007817566123203347,6669431006.082275
2019-06-07,1791.946074212036,1804.9694575928625,1765.6521897720036,1798.3341064453125,2659446,0.007225009670949856,0.007199034328271228,4782572446.049561
2019-06-10,1810.657301022564,1842.9272969909348,1801.4256017412704,1839.3416748046875,2080593,0.022803086596868694,0.02254698222156966,3826921413.206909
2019-06-11,1843.8749296800672,1866.0887604006405,1838.9293554386365,1856.8983154296875,3048937,0.009545067599723733,0.009499801260865368,5661565979.151245
2019-06-12,1850.4684098171986,1868.5196692671723,1829.0375952714314,1863.5740966796875,2404448,0.0035951248350694076,0.003588677821039278,4480867009.613281
2019-06-13,1866.1297202125381,1883.439227334651,1848.8614664498007,1857.9696044921875,3320916,-0.003007388972343761,-0.00301192025372349,6170160987.071777
2019-06-14,1860.5659154645352,1865.3879299960927,1841.4018186500264,1858.2991943359375,2131408,0.0001773924842221053,0.00017737675203586295,3960793769.201172
2019-06-17,1859.5358102050827,1864.4813841683942,1847.5427530968686,1853.9307861328125,1489497,-0.002350756119595676,-0.0023535234845466365,2761424344.152466
2019-06-18,1849.6443728617292,1862.8325680336488,1839.0937764770158,1855.2906494140625,1877447,0.0007335027237378444,0.000733233842090559,3483209863.8704834
2019-06-19,1858.711439467188,1876.0209473291884,1848.9438509649817,1862.750244140625,1652817,0.0040207148830930795,0.004012653410371737,3078785270.2697754
2019-06-20,1838.104719230505,1882.614878350885,1823.2679995237115,1877.6280517578125,2199377,0.007987011497642582,0.007955284147153774,4129611951.5909424
2019-06-21,1883.4392910942636,1889.6212581328662,1847.996013406275,1854.466552734375,3871804,-0.012335509688276125,-0.012412223610944711,7180131016.743164
2019-06-24,1858.0100803530838,1879.3173332440672,1855.2489234338984,1875.608154296875,1382424,0.011400368225205959,0.011335873738433094,2592885727.095703
2019-06-25,1871.0754217745055,1874.7433487638411,1855.0023069178524,1869.2620849609375,1386077,-0.003383472886593686,-0.0033892097750404093,2590941182.9364014
2019-06-26,1866.9537069097257,1868.4374189769603,1854.5897750758863,1858.0516357421875,1762224,-0.005997259190641646,-0.006015314975885279,3274303185.7441406
2019-06-27,1858.7111745097923,1866.1295339645985,1847.4188231424296,1856.6917724609375,2813464,-0.000731875936648474,-0.0007321438885881578,5223735460.915039
2019-06-28,1862.8319743108634,1864.4392448379936,1831.9221517282717,1835.796142578125,2372928,-0.011254226572629533,-0.011318034571993417,4356212069.015625
2019-07-01,1842.2258853701715,1858.711128192276,1818.8169210571327,1845.976318359375,2769940,0.005545373772794404,0.005530054794534128,5113243643.276367
2019-07-02,1850.3860742091238,1860.3597270104447,1826.935855602314,1856.3209228515625,1771746,0.005603866306032268,0.005588223061800126,3288929169.7785645
2019-07-03,1856.4030881548824,1861.8432985877132,1839.7530337418473,1844.4100341796875,1656881,-0.00641639520691184,-0.006437068751171971,3055967941.841675
2019-07-04,1841.4019499898432,1856.2386711625456,1838.187407563455,1848.53173828125,984140,0.00223470054119268,0.002232207311661638,1819214024.9121094
2019-07-05,1852.1171889619684,1854.5899755960966,1763.9211323447319,1782.961669921875,4088470,-0.035471432273238346,-0.03611582786632397,7289585298.625488
2019-07-08,1771.3396537858184,1804.1453330375027,1757.409701637567,1793.10009765625,2788062,0.005686284739267133,0.0056701788484758205,4999274244.47168
2019-07-09,1791.94562359625,1792.275247908462,1734.7006668062709,1758.439453125,3977224,-0.0193300109550798,-0.019519278617389776,6993707595.515625
2019-07-10,1714.4656809400885,1753.9067147195465,1707.2946387718027,1737.7098388671875,6343581,-0.011788642606359256,-0.011858679625358979,11023303117.350952
2019-07-11,1754.029798961803,1754.8540610853752,1719.4520431251199,1733.0523681640625,2400346,-0.0026802349845479467,-0.002683833245228344,4159925319.713135
2019-07-12,1732.682254563305,1747.2304069656993,1725.263892179679,1737.2156982421875,1560725,0.0024023106021520135,0.0023994296670488756,2711315970.639038
2019-07-15,1751.5574390413603,1775.1314220094139,1729.3023562864819,1768.61962890625,2900415,0.018077162609017927,0.017915713496475097,5129730900.974121
2019-07-16,1756.4749246943259,1761.8451443606066,1734.9940460292023,1739.951171875,2735399,-0.016209509700499725,-0.01634232096208668,4759460695.595703
2019-07-17,1741.6030059536988,1755.6481914855835,1728.4667072268273,1749.2452392578125,1802969,0.005341567931930635,0.005327352357778704,3153834939.779419
2019-07-18,1748.3781083189995,1748.3781083189995,1701.9464068802527,1706.8621826171875,3072096,-0.024229339425618668,-0.02452769910060773,5243644483.769531
2019-07-19,1715.9911788115155,1732.5149263205335,1704.0114618674775,1715.9498291015625,1953177,0.005324182922865184,0.005310059569001162,3351553739.3551025
2019-07-22,1715.9908839814168,1749.4101172353555,1709.2161890078826,1743.17236328125,1920167,0.01586441148686779,0.015739886989654485,3347182047.284668
2019-07-23,1758.0444649539286,1759.7795395485402,1736.9766817339812,1745.2799072265625,3538588,0.0012090278561698309,0.0012082975705558334,6175826536.353027
2019-07-24,1743.255855829422,1752.1787223521103,1715.5785709145946,1732.3502197265625,2413196,-0.0074083746947769535,-0.007435952993924916,4180500620.8432617
2019-07-25,1742.3466279452655,1763.9102010147458,1728.8385841975803,1758.044189453125,2544464,0.014831856419089462,0.014722940070428106,4473280150.472656
2019-07-26,1759.6140929226644,1759.6140929226644,1730.8627289690114,1742.470703125,1720592,-0.008858415744924741,-0.00889788477125991,2998081152.03125
2019-07-29,1743.9164169504468,1769.6934236768266,1737.7200114053599,1759.7791748046875,1647090,0.009933292794332749,0.009884281933701815,2898514681.0290527
2019-07-30,1759.7794382082138,1805.2197523403509,1751.8893069586277,1800.386474609375,2851672,0.023075224656635918,0.022813017654738244,5134111698.822266
2019-07-31,1794.2725109239013,1827.2786576721217,1773.9482199186507,1822.321533203125,3000677,0.012183527760898816,0.012109905965460821,5468198311.2873535
2019-08-01,1817.612034736606,1832.070312285647,1789.7282137491693,1801.129638671875,2375236,-0.011629064435188186,-0.011697210839479152,4278107958.4404297
2019-08-02,1795.3051958676876,1825.8741292533778,1789.1087904516694,1821.9910888671875,2500816,0.011582425688522635,0.01151586287561795,4556464466.896484
2019-08-05,1817.5295280661812,1860.7805178889514,1813.9770837135438,1857.7650146484375,3039682,0.019634522912783448,0.01944425221768161,5647014875.256592
2019-08-06,1844.7112385361122,1860.5326463190997,1827.0720571365064,1829.92236328125,2885467,-0.014987176067828178,-0.01510061867431848,5280180591.810059
2019-08-07,1842.3984212507628,1849.4210161299698,1823.6026526034736,1828.7249755859375,2165362,-0.0006543379759376133,-0.0006545521484635647,3959851570.584717
2019-08-08,1841.4890576010587,1884.533502815061,1833.227183410725,1865.6138916015625,2073298,0.02017193208826029,0.019971173962235772,3867973550.2297363
2019-08-09,1867.1833176822483,1873.7101167386948,1851.7750050571806,1855.8232421875,1744550,-0.005247950531531265,-0.005261769392256616,3237576437.158203
2019-08-13,1854.7905887336224,1855.8233229144316,1812.9029307011733,1817.15771484375,1647281,-0.020834703685559064,-0.02105480870746772,2993369377.6655273
2019-08-14,1801.9977936747064,1832.3601869407044,1790.6788625754111,1821.247802734375,1945002,0.002250816127413957,0.0022482868353973923,3542330618.813965
2019-08-16,1851.8166331563189,1851.8166331563189,1770.7264084655935,1788.7786865234375,3755507,-0.01782795079405952,-0.01798878311652614,6717770878.689575
2019-08-19,1801.088397642886,1806.045521673096,1782.6643796560945,1787.043212890625,974884,-0.0009702003081137889,-0.0009706712570672412,1742159835.555664
2019-08-20,1794.47901914585,1821.7432031383976,1789.9349884804255,1806.665283203125,1843611,0.010980187927722485,0.010920343335659988,3330787989.4313965
2019-08-21,1805.1783252025102,1819.2648623205198,1802.9476593092436,1806.2110595703125,1214408,-0.0002514154874372343,-0.00025144709760919814,2193477160.430664
2019-08-22,1806.8719844336115,1847.0659238896485,1792.8267975404376,1830.8314208984375,2131601,0.013630943735878809,0.013538878106436645,3902602087.6185303
2019-08-23,1829.9637251926831,1867.1008081548482,1829.0961880891323,1857.0213623046875,2826425,0.014304944249535545,0.014203593931494998,5248731603.952026
2019-08-26,1856.4435418247535,1885.3601078967902,1838.2674145794733,1880.65087890625,2345475,0.012724418297610063,0.012644143139677747,4411019620.202637
2019-08-27,1875.4454674007586,1879.4525571214042,1841.571782747265,1847.7681884765625,3432106,-0.017484739351947942,-0.01763940289313751,6341736286.279541
2019-08-28,1850.6602901362062,1860.6983891525504,1830.831787027604,1850.0406494140625,1294621,0.0012298409246744857,0.0012290852898014912,2395101475.585083
2019-08-29,1835.953560892984,1857.434432836143,1835.953560892984,1845.2481689453125,1670652,-0.0025904730635339934,-0.0025938341446619653,3082767543.944824
2019-08-30,1851.4859829296054,1872.1406681474725,1832.4836725291675,1866.8531494140625,2583625,0.011708441624466603,0.01164042819456714,4823248468.154907
2019-09-03,1875.445912271156,1897.091987745604,1848.1403708724472,1860.244140625,2545060,-0.0035401867528449538,-0.003546468042975977,4734432952.5390625
2019-09-04,1871.314939897738,1875.4458779549072,1844.8769363318538,1855.12158203125,2228092,-0.002753702313519457,-0.002757500726470067,4133381555.951172
2019-09-05,1852.4777835727314,1861.9375911861448,1823.6439172144412,1830.25341796875,2055943,-0.01340513975114821,-0.01349579975531103,3762896702.898926
2019-09-06,1830.8317117285267,1845.2899946505706,1811.4990026751475,1815.5472412109375,1890550,-0.008035049470981881,-0.008067504449464524,3432382836.871338
2019-09-09,1817.6125165166939,1819.9672315954642,1800.9235692062273,1803.4434814453125,1703945,-0.006666728075636286,-0.006689049971908874,3072968502.991333
2019-09-11,1806.045786794735,1813.4814739315843,1773.45273185273,1779.6077880859375,2627440,-0.013216767591891831,-0.013304886356069934,4675812686.728516
2019-09-12,1780.4342398285614,1788.696115651432,1751.8069207846968,1762.75390625,2118859,-0.009470559720389127,-0.00951569064050462,3735026979.0429688
2019-09-13,1763.9103807440354,1782.8713442614307,1747.8410735885157,1769.65234375,2291174,0.0039134433204437435,0.0039058057208564948,4054581439.0390625
2019-09-16,1784.5231352158062,1795.6353135423049,1756.804512250063,1776.3026123046875,2597948,0.0037579519944550555,0.00375090853333623,4614741819.031738
2019-09-17,1780.3925593301676,1781.7145398985979,1739.6203307429223,1753.7066650390625,2796530,-0.012720775789609173,-0.012802377622309413,4904293299.981689
2019-09-18,1756.8048415158287,1770.4782835981605,1745.8578582487453,1766.8431396484375,1454663,0.007490690929821131,0.007462775024124344,2570161342.050415
2019-09-19,1763.9097769730417,1764.5707671135501,1727.557538009663,1736.604248046875,1652691,-0.017114644148647717,-0.017262792440726246,2870070211.308838
2019-09-20,1739.0417831622347,1759.2833745272367,1699.4674872575129,1706.44873046875,6941979,-0.017364645751638763,-0.01751717958918479,11846131251.490723
2019-09-23,1734.167339694457,1734.167339694457,1631.7201028568618,1665.4285888671875,6323401,-0.02403830883937219,-0.02433194419939222,10531172804.271362
2019-09-24,1664.7675729732368,1702.7721925051321,1663.1151982109807,1689.3052978515625,4620978,0.014336675342300875,0.014234877025030566,7806242616.655518
2019-09-25,1706.0772368510727,1728.384299996341,1701.9876489489611,1725.4512939453125,4002232,0.021396958939109423,0.02117125788128143,6905656383.069336
2019-09-26,1733.2583475718075,1740.7767330814272,1704.4244899606,1724.748779296875,4234281,-0.0004071483506388196,-0.0004072312580330365,7303070985.949951
2019-09-27,1722.6009713856226,1722.7661685476858,1694.8409901571774,1698.765380859375,2046795,-0.01506503367295764,-0.015179664023190141,3477024487.7160645
2019-09-30,1703.4746048070238,1738.298323718157,1701.9460774046595,1734.415283203125,2620039,0.020985771634759454,0.020768603370204614,4544235684.188232
2019-10-01,1731.6477815515268,1731.6477815515268,1685.1747311536333,1701.905029296875,3342877,-0.0187442155411649,-0.018922114912998604,5689259178.62085
2019-10-03,1710.2082829706271,1719.4201937641512,1690.5037294461258,1702.1529541015625,2317618,0.00014567487634131737,0.00014566426678687001,3944940325.178955
2019-10-04,1702.4420894229931,1725.0381971381744,1697.7740088976423,1717.93310546875,2163251,0.009270701160646766,0.009227991970476648,3716320508.338379
2019-10-07,1718.4700774818928,1730.449796772031,1686.2487635291072,1691.7841796875,2177916,-0.015221154827280148,-0.01533818568632512,3684563833.4882812
2019-10-09,1701.946099680947,1701.946099680947,1665.1807591781305,1668.981201171875,2066920,-0.013478656905183461,-0.013570318583897699,3449650624.326172
2019-10-10,1675.5081463642844,1684.6375580157867,1649.9789340227574,1656.0513916015625,2881452,-0.007747127146329635,-0.007777292030968849,4771832594.433105
2019-10-11,1595.3684241633912,1648.2444361501632,1590.4112980396312,1641.510986328125,12593069,-0.00878016548712024,-0.008818938261199423,20671661115.088135
2019-10-14,1648.2439795960772,1679.4325561523438,1625.936918218085,1669.724853515625,3510704,0.01718774191734851,0.017041703684474798,5861909722.136719
2019-10-15,1678.8130602828285,1691.2058732278297,1671.1294759157397,1683.19189453125,2261310,0.008065425262892889,0.00803307355764733,3806218663.022461
2019-10-16,1683.7699664205238,1698.6413400199199,1665.593843132373,1690.7099609375,3034082,0.004466553356558212,0.004456607910694384,5129752659.701172
2019-10-17,1701.3539055228232,1721.6282321030355,1688.9359217406661,1715.672607421875,3818774,0.014764594200730397,0.01465665869871685,6551765945.734863
2019-10-18,1721.206089014165,1743.507768848983,1710.6465424557957,1737.9747314453125,3087901,0.01299905583790295,0.012915293220606496,5366693911.204712
2019-10-22,1757.1085674869034,1783.7186251195176,1723.3602975471028,1732.9482421875,5552505,-0.0028921532441570363,-0.002896343600736721,9622203779.487305
2019-10-23,1740.2131657375228,1760.3608618275866,1733.8774381923618,1748.745361328125,2348134,0.009115747808303931,0.009074450162141173,4106288440.2768555
2019-10-24,1760.4873787974302,1773.158833059408,1741.3112859291944,1758.7978515625,2798671,0.005748401372021705,0.005731942358077426,4922296542.030273
2019-10-25,1768.9350510897834,1799.3465419394645,1752.9268214601893,1795.0804443359375,3954245,0.02062920007617941,0.020419299934300878,7098187871.613159
2019-10-27,1798.5018777030496,1798.5018777030496,1781.4376925869728,1787.2664794921875,224405,-0.004352988674354741,-0.00436249051384656,401071534.33044434
2019-10-29,1792.1661404770978,1859.916146113747,1792.1661404770978,1854.129638671875,5064173,0.03741085056252236,0.036728042262112515,9389633254.661865
2019-10-30,1879.5995088143889,1909.1662426609073,1838.9242131762885,1903.083984375,5195136,0.0264028710194133,0.026060331489396727,9886780118.25
2019-10-31,1900.7181046687965,1930.2425513130956,1889.7361778418212,1917.317626953125,4879261,0.007479250886975208,0.007451419973501871,9355093121.804932
2019-11-01,1912.544777604509,1921.83717714234,1854.2560895944775,1859.2401123046875,4172620,-0.030291024205900907,-0.03075927745573651,7757902477.404785
2019-11-04,1864.3931017460905,1883.1468107737044,1842.3446912226595,1853.368896484375,2646411,-0.0031578577621341752,-0.003162854316668906,4904775834.714111
2019-11-05,1855.9456606538047,1867.7723512542386,1832.292279452937,1860.0428466796875,2693475,0.003600983165290117,0.0035945151482415136,5009978906.460571
2019-11-06,1858.4797953971042,1867.603282913637,1840.7397609864954,1848.7650146484375,2540719,-0.006063210883223369,-0.006081666785498291,4697192399.252563
2019-11-07,1862.2811424933925,1862.2811424933925,1837.5295306055482,1846.10400390625,1915598,-0.001439345033632411,-0.0014403818857400483,3536393137.6748047
2019-11-08,1849.694472001591,1849.694472001591,1794.2778970172308,1799.30419921875,2788759,-0.02535057861771295,-0.02567744045733512,5017825779.309082
2019-11-11,1803.57027187641,1806.949326249949,1766.4006737674817,1774.8060302734375,2983768,-0.013615356956288682,-0.01370889594367503,5295609439.336914
2019-11-13,1789.2100539404403,1844.7955633422594,1789.2100539404403,1840.40283203125,3823365,0.03695998359195696,0.03629333987405174,7036531773.88916
2019-11-14,1847.9209983715439,1858.480546933667,1813.4545906165376,1855.77734375,2995915,0.008353883971033316,0.00831918340472845,5559751180.800781
2019-11-15,1855.1011843310318,1868.1950223807273,1832.0813722759224,1836.896484375,2724180,-0.010174097360649448,-0.010226207237814679,5004036664.8046875
2019-11-18,1840.2328450700354,1848.1314668029556,1815.1856881695123,1818.4381103515625,1611089,-0.010048674043664385,-0.010099502762845216,2929665636.7681885
2019-11-19,1818.7762586908816,1820.1700363090754,1778.2276008101746,1781.437744140625,2975313,-0.020347333241813814,-0.020557191815045776,5300334878.832275
2019-11-20,1792.5461908748468,1803.5703977863564,1769.357469865819,1781.2264404296875,2894129,-0.00011861414278013793,-0.00011862117799389439,5155099096.814331
2019-11-21,1784.1409263396383,1796.4745588003727,1780.2549308407392,1789.2940673828125,2052574,0.004529253984787429,0.004519027780382964,3672658481.064209
2019-11-22,1771.4691160982563,1779.9167513681573,1740.6352473631173,1750.0965576171875,3742049,-0.0219066896158433,-0.022150204107752886,6548947073.334839
2019-11-25,1752.5041790007688,1761.2896369987172,1733.6236320764951,1758.375244140625,2737010,0.004730417008938836,0.004719263745626863,4812690626.965332
2019-11-26,1765.4293984690967,1772.2295808664776,1719.1363091478993,1728.935546875,6561580,-0.016742556723160162,-0.016884297623264773,11344548905.664062
2019-11-27,1733.4551955079933,1750.0969999476329,1728.8512743704925,1735.398193359375,2907521,0.0037379337223160114,0.0037309650083884216,5045706690.554443
2019-11-28,1746.1688875585185,1769.2730515410706,1740.2132620880952,1754.8699951171875,2924429,0.011220365350340211,0.011157883992404182,5131992704.950562
2019-11-29,1761.332356513207,1761.332356513207,1728.217659931547,1734.5111083984375,2064271,-0.01160136464547079,-0.011669185529775174,3580500980.244751
2019-12-02,1740.2129479268553,1746.7175861441863,1703.043350980845,1707.3094482421875,3809860,-0.01568260936729693,-0.015806882482422138,6504609974.47998
2019-12-03,1712.927074704648,1741.9025068278431,1697.9748005450847,1732.610107421875,4664774,0.014819023701729384,0.014710294824404824,8082234581.23877
2019-12-04,1734.299593611867,1758.797736921533,1727.9638668938499,1755.841064453125,3334301,0.01340806966999497,0.013318976994215349,5854502617.047119
2019-12-05,1759.6423433724506,1796.643025350247,1747.2666407846764,1791.996826171875,3902721,0.02059170528057508,0.0203825623176028,6993663645.434326
2019-12-06,1794.277764326821,1797.656818496928,1774.8482028487058,1793.93994140625,1829461,0.0010843296182203588,0.0010837421574889131,3281943159.1450195
2019-12-09,1797.6148094147732,1797.6148094147732,1734.7221954634597,1740.59326171875,2244747,-0.0297371603453358,-0.030188275473951927,3907191502.463379
2019-12-10,1740.2133217928972,1740.9314534755335,1692.272979068748,1700.3826904296875,4520045,-0.023101647107007905,-0.023372672379537114,7685806277.963257
2019-12-11,1710.9844940385951,1730.0761338762002,1695.2296297148753,1724.923095703125,4943024,0.014432283633301513,0.014329129542694965,8526336260.214844
2019-12-12,1732.6950329268784,1760.1919283583677,1676.0113020593574,1707.18310546875,7137306,-0.010284510815911863,-0.010337761818924207,12184688221.760742
2019-12-13,1708.9568295135223,1754.9118886510507,1695.440611385882,1749.7166748046875,5711133,0.02491447414145931,0.024609169247081644,9992864642.12732
2019-12-16,1770.6248328582344,1804.4153831036206,1757.3620831351507,1796.601318359375,5574177,0.02679556309304809,0.026442848904078817,10014573746.968506
2019-12-17,1796.389851493662,1832.292305614744,1790.054124295824,1828.8709716796875,6059673,0.01796149929901003,0.01780209747110559,11082360047.571167
2019-12-18,1836.516223145939,1861.3944720410652,1818.7761860318337,1831.2364501953125,8251081,0.0012934091864624797,0.0012925734533529689,15109680280.71399
2019-12-19,1841.416016262547,1889.3140784106442,1831.0676605905012,1883.0206298828125,6251505,0.028278259578099263,0.027885810929052735,11771712882.815552
2019-12-20,1875.375341103864,1897.9304897689144,1865.4493680146882,1877.8250732421875,5548338,-0.002759160764451263,-0.002762974264835667,10418808211.222412
2019-12-23,1866.9277028890467,1893.9178607843976,1866.9277028890467,1885.259033203125,2247329,0.00395881387828223,0.003950998394527385,4236797297.8293457
2019-12-24,1891.4258344097223,1895.2695503102766,1867.8990839863793,1871.658447265625,1805896,-0.007214173595228468,-0.007240321578850077,3380020503.283203
2019-12-26,1872.3342359737105,1882.9783413959594,1854.425286267433,1860.12744140625,1880367,-0.006160849420053682,-0.006179905761993534,3497722256.614746
2019-12-27,1865.238390521947,1880.781961279835,1838.2059500796,1857.213134765625,2720261,-0.0015667241801571308,-0.0015679527759002623,5052104459.190674
2019-12-30,1864.393256632709,1879.5990013628352,1839.134907605222,1844.287841796875,2288830,-0.00695950977666393,-0.006983840115362383,4221261340.9399414
2019-12-31,1849.1875765092375,1855.9456855142962,1822.5352428723124,1826.12548828125,1909289,-0.009847895271016704,-0.009896706514705493,3486601307.3950195
2020-01-01,1831.447442076299,1844.8791005065223,1819.6207519521902,1831.109619140625,1354908,0.0027293474032095144,0.002725629498019302,2480985071.850586
2020-01-02,1841.5427411126095,1841.5427411126095,1815.5662551576124,1822.7044677734375,2380752,-0.004590195627464544,-0.004600762925122664,4339407307.060547
2020-01-03,1828.0687873854736,1877.9098495184417,1828.0687873854736,1859.029296875,4655761,0.019929083262705705,0.01973309866608691,8655196098.248047
2020-01-06,1862.70394554869,1880.4017036924106,1848.2584038826742,1858.8602294921875,3023209,-9.09439044864957e-05,-9.094804013412051e-05,5619722975.542847
2020-01-07,1858.9024290045934,1870.8557522661133,1844.7949171674397,1863.4219970703125,2429317,0.002454067016846695,0.0024510607118298946,4526842735.65686
2020-01-08,1862.7038253515234,1909.1658255303596,1860.2118138628832,1905.1531982421875,5197454,0.02239492784644881,0.022147843602271042,9901946110.81665
2020-01-09,1899.6622032186847,1902.3654055725954,1866.9276127240882,1870.6024169921875,3734173,-0.018135434610654255,-0.01830189725790405,6985153039.266968
2020-01-10,1882.1334293476755,1887.2020112938542,1865.2381561937466,1869.9266357421875,1915807,-0.0003612639670842466,-0.0003613292386318488,3582418538.241333
2020-01-13,1873.559495954311,1874.4886123993474,1845.5554519462369,1850.3284912109375,2843893,-0.0104807023744391,-0.010536011728917005,5262136243.855347
2020-01-14,1854.2561114256578,1883.653926103317,1854.2561114256578,1864.3087158203125,2948452,0.007555536584871847,0.0075271364806385,5496824761.777832
2020-01-15,1869.4618479414632,1884.6675927507476,1853.5802510035435,1881.2039794921875,2620681,0.009062481727679428,0.009021663862242261,4930035526.179565
2020-01-16,1881.2465473806064,1899.8736288763785,1871.1516620547702,1891.257080078125,3117214,0.005343971571148298,0.005329743223153166,5895453047.618652
2020-01-17,1892.9042862294834,1903.7173029831172,1869.462093239249,1874.615234375,3281059,-0.008799356723326879,-0.008838299679649496,6150723186.283203
2020-01-20,1854.1715203904298,1894.1288794283232,1821.4792107198302,1833.4327392578125,5817599,-0.021968505516236192,-0.022213406517189786,10666176470.47351
2020-01-21,1833.0949694156698,1847.1181294839687,1823.0423637732745,1834.0242919921875,1902980,0.0003226476334301509,0.00032259559387579697,3490111547.175293
2020-01-22,1842.4294209655397,1866.92756549007,1836.2626054059695,1864.3087158203125,1773686,0.016512553274432795,0.01637770351756782,3306698268.928467
2020-01-23,1870.9976335544377,1877.728713064251,1848.8991541122455,1855.03759765625,2069866,-0.004972952218368576,-0.004985358492882278,3839679252.1103516
2020-01-24,1855.0376311633627,1855.0376311633627,1837.2996870473519,1848.6451416015625,1319430,-0.0034459981095606995,-0.0034519492366947738,2439157859.1833496
2020-01-27,1853.9792759996194,1857.1543330576778,1833.0662748524296,1836.6646728515625,1549101,-0.0064806752147255065,-0.006501765961245258,2845179081.3790283
2020-01-28,1840.6866231620277,1852.370875819301,1822.0596196157699,1848.9417724609375,1743024,0.006684453504685717,0.006662211606962638,3222749884.001953
2020-01-29,1850.0004059378768,1851.6513947065393,1820.3665321585515,1824.2613525390625,2306761,-0.013348403010563947,-0.013438293770296563,4208134941.8443604
2020-01-30,1828.8330241962835,1833.0664339745156,1799.1991557486585,1810.0791015625,2098567,-0.0077742429596632245,-0.007804619927502282,3798572269.928711
2020-01-31,1811.3911966562785,1815.582437480852,1753.9863284914206,1760.2940673828125,3287223,-0.027504341736619087,-0.027889668010163952,5786479145.064331
2020-02-03,1822.0595603262486,1858.212838327261,1772.2746202170779,1780.1488037109375,4728073,0.011279215612903126,0.011216079566962963,8416673494.807983
2020-02-04,1802.5857401257265,1809.1051493235125,1766.6865107468786,1784.59375,3509339,0.0024969520973732173,0.0024938398920933695,6262744446.03125
2020-02-05,1790.7328145328584,1826.0394201725248,1781.673356529371,1817.4456787109375,2439322,0.01840863149438765,0.018241243769513707,4433335227.8845215
2020-02-06,1816.133062628058,1840.8561380361546,1791.1559412539193,1802.035888671875,2640065,-0.00847881739716827,-0.00851496705197848,4757491878.426514
2020-02-07,1811.0523563960546,1821.2125379186132,1794.1187205251238,1808.97802734375,2083442,0.003852386467725344,0.0038449850296868844,3768900799.245117
2020-02-10,1812.6613123185796,1834.759793997909,1794.119060212999,1830.4840087890625,2383032,0.0118884702413391,0.011818357520602198,4362101968.432617
2020-02-11,1831.3731026494938,1841.3639912457854,1818.3342829843193,1823.244873046875,1335820,-0.00395476590203947,-0.00396260666779872,2435526966.3134766
2020-02-12,1821.2975970774796,1850.0000320534737,1820.3661642631434,1837.934814453125,1620407,0.008057031517495039,0.008024746935055858,2978202438.883545
2020-02-13,1839.7969588314284,1860.1596950600604,1838.145970858166,1855.8839111328125,1645948,0.009765904937726555,0.009718526699281364,3054688411.7612305
2020-02-14,1852.5404313628048,1872.8608017251024,1838.1468356895107,1849.322998046875,1500115,-0.0035351958420356544,-0.003541459413180628,2774197169.215088
2020-02-17,1860.1178886830219,1877.0939033046884,1854.4027854591577,1865.4520263671875,1774724,0.008721585324654946,0.008683772001726335,3310662482.0424805
2020-02-18,1862.6580275677402,1880.4807250384322,1850.8892304325136,1876.03564453125,2486223,0.005673487184054471,0.005657453571385688,4664242968.253418
2020-02-19,1876.0356556620814,1888.100874253161,1854.6569350006946,1859.610107421875,1760463,-0.008755450440004364,-0.008794004600533721,3273774788.5422363
2020-02-20,1866.51059413286,1874.8926638110138,1821.4247746102585,1826.1239013671875,2317278,-0.018007111233177886,-0.018171212235539084,4231636741.9123535
2020-02-24,1825.4463483876807,1844.8776584815464,1783.7048854430448,1791.02880859375,3092877,-0.019218352460729782,-0.019405425701123042,5539431808.437012
2020-02-25,1791.1558226491493,1842.9303457583126,1787.3457535392836,1825.5733642578125,2674567,0.019287548864825643,0.019103901739249928,4882618276.122925
2020-02-26,1823.7524699750502,1832.134536526548,1788.9961431677664,1798.013427734375,2686842,-0.015096592151826238,-0.015211705716848904,4830977994.200684
2020-02-27,1794.9233555887888,1794.9233555887888,1766.347839823601,1782.6888427734375,2349001,-0.008523064802829383,-0.008559593827234875,4187537874.3636475
2020-02-28,1750.938317920366,1752.2083408782385,1684.8971241109905,1693.490966796875,4298076,-0.050035583236046954,-0.0513307511269896,7278752880.606445
2020-03-02,1722.9978636323435,1739.0424461311534,1681.2563998447122,1694.4647216796875,2667076,0.0005749985691712034,0.0005748333208359321,4519266192.038574
2020-03-03,1710.2977084088952,1744.164989763527,1703.524252137969,1724.013916015625,2757585,0.017438660101843917,0.017288351605211937,4754114914.595947
2020-03-04,1740.7779118358399,1773.3327881545006,1714.530774060105,1763.8076171875,3237002,0.023082006938692556,0.022819646942020703,5709448784.451172
2020-03-05,1765.9243190391005,1818.4609699421144,1764.5273766499372,1799.2413330078125,3937056,0.020089331441267788,0.01989020330566923,7083713885.566406
2020-03-06,1776.3385993898473,1798.0559071132902,1753.9862802509888,1791.9598388671875,2595027,-0.00404698025053285,-0.0040551914362654045,4650184164.776001
2020-03-09,1756.865047921116,1761.013706796278,1638.329574808366,1669.953125,4940975,-0.06808562961116127,-0.07051434578271483,8251196641.796875
2020-03-11,1636.636321432878,1682.6111958082988,1625.6294553290875,1654.16259765625,6796449,-0.00945567100498701,-0.009500659685440439,11242431732.678223
2020-03-12,1612.0826647462989,1615.8080865332583,1488.7634003146889,1498.500244140625,8728786,-0.09410341748518547,-0.09883012678910233,13080087952.05127
2020-03-13,1429.1142995856846,1540.960950070993,1275.1452275256336,1529.3614501953125,8029720,0.020594728746531565,0.02038552477699023,12280344223.862305
2020-03-16,1485.9266945620784,1559.7996883515607,1418.911803307323,1436.3111572265625,7844271,-0.0608425777679088,-0.06277216501589655,11266813957.608765
2020-03-17,1464.7595531431411,1465.6062349657673,1374.291621066486,1403.7984619140625,5713248,-0.02263624782758089,-0.022896380804298733,8020248754.933594
2020-03-18,1419.7161825948867,1450.8317409149295,1378.1863960666562,1400.75048828125,7258778,-0.002171233061943001,-0.0021735936059273505,10167736827.825195
2020-03-19,1330.218453737501,1437.4666269722372,1319.173852491675,1395.5908203125,5135111,-0.0036835025309047698,-0.0036903033320008537,7166513772.885742
2020-03-20,1390.175175606175,1594.0106768146877,1387.616570988495,1532.9879150390625,8547498,0.09845084442143048,0.09390086393182505,13103211137.820557
2020-03-23,1381.6465477649003,1492.5194188818368,1379.727594226338,1424.0340576171875,7003490,-0.07107287432145137,-0.07372498707881676,9973208282.181396
2020-03-24,1409.8337053945918,1509.5765916570176,1392.6057066848948,1452.5623779296875,6350865,0.020033453666294943,0.01983542447040038,9225027566.310425
2020-03-25,1449.875955977972,1543.6914590118408,1432.8185917899957,1492.7752685546875,2765520,0.027684105850459106,0.027307829780981802,4128299860.6933594
2020-03-26,1562.1130762640564,1562.496929346754,1469.1078792643561,1527.4439697265625,4556067,0.023224327132269185,0.02295874653960927,6959137064.82019
2020-03-27,1552.2200766155968,1577.8061218345351,1492.8604725296366,1556.0579833984375,4331250,0.01873326566407374,0.01855995909600807,6739676140.594482
2020-03-30,1506.1651976132011,1624.7138739825302,1504.0757122276236,1516.8260498046875,8513547,-0.025212385407430205,-0.025535662900056773,12913569865.836548
2020-03-31,1567.0599369510269,1582.0703953517955,1518.105285027599,1557.4224853515625,3927593,0.026764068003778174,0.02641217524961516,6116921651.509399
2020-04-01,1557.2520289759525,1564.7998915386968,1451.581640767877,1457.3385009765625,4941878,-0.06426257827683002,-0.06642037420814519,7201989076.529053
2020-04-03,1483.990582092841,1483.990582092841,1407.2324485363147,1410.814453125,5735369,-0.03192398184799672,-0.03244466364020555,8091541479.205078
2020-04-07,1458.4045137410935,1523.094541087107,1454.14017305764,1514.011474609375,5427577,0.07314712523378986,0.07059557003077582,8217413857.325928
2020-04-08,1501.0477984254007,1540.27972952061,1450.7285824554583,1454.5238037109375,6285615,-0.03929142671378083,-0.04008416960686746,9142576638.462524
2020-04-09,1492.9028775308734,1517.0817707011477,1476.4851671169138,1506.29296875,5307397,0.0355918307469314,0.03497308043899789,7994494783.464844
2020-04-13,1501.9008444899505,1524.0754168674284,1489.1078219644824,1500.4083251953125,2990438,-0.003906705851233538,-0.003914356960126481,4486878071.18042
2020-04-15,1522.3698317101966,1545.3972745427877,1473.5858092791832,1479.8543701171875,4761399,-0.01369890764598991,-0.013793603495670726,7046177118.021606
2020-04-16,1458.3619956778816,1505.2271676211903,1428.596977587081,1463.5645751953125,6245533,-0.011007701332520381,-0.011068734379147521,9140740852.013306
2020-04-17,1535.162820120313,1579.4692832014955,1495.0780131505048,1540.4505615234375,9895823,0.05253337476951758,0.05119999606643923,15244026097.086548
2020-04-20,1560.7486357074638,1560.7486357074638,1537.2947627665046,1551.068603515625,3244282,0.006892815814671049,0.006869168959832903,5032103951.150879
2020-04-21,1505.3122506775458,1530.5571265241565,1473.5002277586523,1481.986328125,5122541,-0.04453850412163862,-0.04556081346765608,7591535727.259766
2020-04-22,1481.986437410874,1526.6340665232499,1466.2083758294884,1509.1502685546875,3829836,0.018329413648542348,0.018163454830406725,5779798027.92041
2020-04-23,1518.1053595642554,1620.449541107913,1501.7729131042697,1601.899658203125,5934366,0.061458021497927895,0.05964345498063367,9506258867.052246
2020-04-24,1569.874468017424,1579.4692353525088,1541.8151872765093,1550.9835205078125,2987102,-0.031784848342140126,-0.03230095229320838,4632945976.075928
2020-04-27,1562.7101712534297,1599.1275953816398,1556.4841928381295,1566.37744140625,3374741,0.009925263998548095,0.009876332074284488,5286118172.98877
2020-04-28,1590.5986924710714,1593.1572962659309,1562.9657506646163,1585.524169921875,2678505,0.012223572690395423,0.012149468096509368,4246834416.756592
2020-04-29,1598.274771036094,1631.1528769401505,1577.848622303141,1625.26806640625,4241510,0.025066723824420434,0.0247577068857606,6893590756.342773
2020-04-30,1688.6790349073412,1733.0281812786452,1656.440575324246,1718.060302734375,5915544,0.057093496295232526,0.05552315737097405,10163261315.478516
2020-05-04,1676.7389408258857,1676.7389408258857,1632.0913097901657,1646.41943359375,3729348,-0.04169869301246598,-0.042593033772832994,6140071021.833984
2020-05-05,1667.4424410401703,1686.1202736951882,1643.4768676836761,1648.380859375,2905528,0.0011913281277109444,0.0011906190594564378,4789416741.578125
2020-05-06,1654.3936646178984,1666.2484485118362,1614.9910939648391,1623.519775390625,3517431,-0.01508212367486561,-0.015197015575081085,5710618787.0720215
2020-05-07,1628.9778656290234,1649.8304464011148,1606.2489128075674,1613.3277587890625,3166754,-0.0062777286461510595,-0.006297516443044472,5109012133.456299
2020-05-08,1653.7967140002902,1654.1378821039598,1608.7226502287158,1614.8206787109375,2686530,0.0009253667853552638,0.0009249388974600296,4338264197.977295
2020-05-11,1628.1251915449864,1664.2868195547599,1628.1251915449864,1650.5556640625,2449841,0.022129383047093887,0.02188808166211389,4043598938.602539
2020-05-12,1648.935105013233,1668.636336102306,1629.1911888778072,1662.666259765625,3256595,0.007337284023076984,0.007310497103678879,5414630628.221436
2020-05-13,1700.6193654672973,1700.6193654672973,1642.3258388320605,1662.794677734375,2656665,7.723616690702428e-05,7.723318434785835e-05,4417488422.523193
2020-05-14,1628.978075084585,1640.1506264006246,1612.8588471321916,1622.45361328125,2263146,-0.024261001669846127,-0.024560148075774998,3671849405.083008
2020-05-15,1634.0952752037724,1635.2893113625353,1590.769534196382,1614.39404296875,3173682,-0.004967519716141733,-0.004979898854966685,5123573315.077148
2020-05-18,1626.4195210233427,1665.608769883336,1596.6544025171956,1659.3402099609375,3727694,0.027840890015633946,0.02746037880451029,6185512544.630127
2020-05-19,1623.008195965995,1677.1226419910054,1623.008195965995,1661.941650390625,3198693,0.0015677559153157716,0.0015665282689431839,5316041123.512939
2020-05-20,1663.093025314906,1674.0950461505058,1647.4854952795333,1666.163330078125,2778505,0.00254020933075938,0.0025369884523545297,4629443143.438721
2020-05-21,1659.6808824962864,1704.0300119360638,1655.544494130123,1698.23046875,3400908,0.019246095561574528,0.019063232012389967,5775525587.015625
2020-05-22,1686.205376319067,1733.0278524053383,1672.687438745064,1723.0919189453125,3663418,0.01463962085994841,0.014533496107437588,6312405951.518799
2020-05-26,1718.5293090631835,1726.2051223542846,1641.7711761521728,1657.122802734375,4575317,-0.03828531460545448,-0.03903745713536376,7581862130.438232
2020-05-27,1670.7687536775409,1714.2650305726681,1655.6303435816876,1710.256591796875,3482160,0.032063881430407726,0.03156056575446744,5955387093.691406
2020-05-28,1695.9283280161928,1717.6764659917587,1681.2590373785874,1709.4036865234375,3475681,-0.0004987001819074521,-0.0004988245742011949,5941341914.579468
2020-05-29,1690.3846171413618,1707.9963646757335,1673.6684227786902,1682.1544189453125,7237735,-0.015940803095811806,-0.01606922428391529,12174987913.405151
2020-06-01,1697.2076471970115,1756.908418706454,1689.6170997116913,1744.32861328125,3747773,0.03696105044560638,0.03629436870169938,6537347679.98291
2020-06-02,1757.078840994254,1774.818539350599,1739.8936318420235,1745.948974609375,2443886,0.0009289312322160459,0.0009285000426086208,4266900255.762207
2020-06-03,1755.1014085219333,1765.280288250353,1727.8576292020414,1750.2257080078125,3699799,0.002449517975973148,0.002446522796981913,6475483324.261597
2020-06-04,1750.7388491306572,1796.2875696466986,1750.7388491306572,1789.0596923828125,4048593,0.02218798649644027,0.02194541468704976,7243174547.163208
2020-06-05,1789.10268982106,1794.5770070725391,1745.221904268795,1752.0220947265625,3573289,-0.02070227047981854,-0.02091956673026885,6260481278.843384
2020-06-08,1777.683351391746,1792.0108847182523,1763.869126672349,1772.1234130859375,2957841,0.01147321053762873,0.011407892388752117,5241659288.285522
2020-06-09,1764.724561102675,1792.438632517968,1762.2866583847024,1772.380126953125,2909439,0.00014486229643595472,0.00014485180490669616,5156631864.182373
2020-06-10,1776.6571087445461,1823.6599344250149,1773.6204850048164,1803.7724609375,5168397,0.017711964553755788,0.017556935610979155,9322612175.791992
2020-06-11,1796.2879264299108,1800.5648024452203,1763.612635439315,1768.616455078125,2269513,-0.019490266439206483,-0.019682706254985825,4013898036.8137207
2020-06-12,1720.330439433072,1752.8346947461082,1720.1594061714727,1744.53759765625,2842642,-0.013614516224102036,-0.013708043606978302,4959095845.676758
2020-06-15,1744.1955820959836,1761.217569777895,1711.5629967217715,1736.326171875,2399022,-0.004706935403560153,-0.004718047908280287,4165484685.5039062
2020-06-16,1766.3495514760434,1774.0051167245538,1737.2667985703847,1749.9263916015625,2146528,0.007832756279815944,0.007802239494458656,3756265997.5117188
2020-06-17,1750.097368090685,1761.0890211150797,1733.4603649844335,1751.6370849609375,2703527,0.0009775801814209117,0.0009771026610996202,4735598153.393188
2020-06-18,1749.2419523943145,1761.3882361653632,1732.3054848786117,1743.33984375,1944389,-0.0047368494776545145,-0.004748103903553778,3389730815.4492188
2020-06-19,1746.6761918050258,1787.7342021902564,1738.122439641436,1748.900146484375,5681758,0.0031894542847219487,0.003184378764634106,9936827398.48877
2020-06-22,1753.5188990334416,1755.4434929470149,1727.1305989238506,1734.6578369140625,3196138,-0.00814358075213284,-0.008176920834339381,5544205829.558838
2020-06-23,1733.8451697690746,1748.3865451445429,1719.3037943936063,1740.94482421875,4205944,0.0036243385703500497,0.003617786481866173,7322316437.753906
2020-06-24,1739.8331331902984,1765.7082326391708,1737.780211854973,1746.84716796875,2560937,0.003390310633565763,0.0033845764871730244,4473565545.796387
2020-06-25,1740.6882156705926,1762.072591784482,1718.6623082732867,1724.5216064453125,3043931,-0.012780489291114083,-0.012862862342271065,5249324778.028687
2020-06-26,1732.1349341096304,1823.6600886527071,1727.8152471989367,1812.4119873046875,6300722,0.050965079550693515,0.049708865415792676,11419504081.474365
2020-06-29,1803.1306899643346,1819.89612526333,1788.8459677257608,1797.698974609375,3076341,-0.008117918441486793,-0.008151048159450986,5530335061.248779
2020-06-30,1796.287817087347,1806.4666978514458,1774.9462488364122,1781.019287109375,3071725,-0.009278354015651802,-0.00932166606010402,5470801469.696045
2020-07-01,1778.923703988262,1808.2203036382577,1778.7526707201755,1789.4876708984375,2503466,0.0047547962284040235,0.0047435278898024826,4479921541.513428
2020-07-02,1797.9985087745308,1851.8871415303802,1794.577008282096,1845.17236328125,3758699,0.03111767311302871,0.030643333452120024,6935447516.692871
2020-07-03,1850.7323732813536,1886.102219524902,1847.8241812828435,1881.52587890625,4185208,0.019701961913386246,0.019510390396573783,7874577160.605469
2020-07-06,1886.101979629705,1941.6157366765628,1886.101979629705,1935.884765625,5190366,0.028890852540571776,0.028481379836801844,10047950467.417969
2020-07-07,1945.9787082778078,1969.6725611133259,1909.3257950089342,1941.6162109375,5630055,0.00296063351201048,0.002956259467782232,10931406056.469727
2020-07-08,1941.7014497480034,1945.4650166024567,1888.3261277898566,1897.99169921875,2793358,-0.022468143535784635,-0.022724397920437383,5301770296.946289
2020-07-09,1906.6310547835878,1919.8893685337653,1874.1696122390308,1885.546142578125,3443998,-0.006557223957168956,-0.006578816995534657,6493817143.946777
2020-07-10,1886.315994989314,1924.4658091088334,1861.2962725753305,1900.9429931640625,9610320,0.008165724634500382,0.008132565495062673,18268670466.064453
2020-07-13,1898.9326171875,1920.2741829881797,1890.3788666596286,1898.9326171875,2963503,-0.0010575677354828228,-0.0010581273548320941,5627492507.833008
2020-07-14,1890.3789735448652,1915.1848514782594,1851.8870939930466,1857.8319091796875,2976738,-0.021644110820891904,-0.021881780274834957,5530278841.667725
2020-07-15,1868.9946280644901,1933.1477617509142,1865.6587486455223,1910.8223876953125,5569321,0.028522751845199368,0.02812355125190729,10641983251.061646
2020-07-16,1923.7679832143556,2000.067159019203,1903.2787377014963,1915.8380126953125,8582118,0.002624851494465341,0.0026214125882123534,16441947893.83667
2020-07-17,1917.7667276403465,1923.6819726733422,1877.516815158558,1886.6898193359375,4509135,-0.015214330839154577,-0.015331256247785854,8507339098.511353
2020-07-20,1886.9039693779814,1909.1077987913955,1878.1596130155679,1892.8192138671875,2952646,0.0032487558200782196,0.003243490014683955,5588825080.548096
2020-07-21,1911.7657805932868,1919.1812905960917,1887.032762895532,1907.522216796875,2665286,0.00776777983970689,0.0077377659651385496,5084092259.117676
2020-07-22,1912.6228738470609,1912.6228738470609,1872.5014736292972,1878.2882080078125,2861534,-0.015325645243677632,-0.015444296780002587,5374785569.013428
2020-07-23,1878.2882459396003,1878.2882459396003,1854.3269205187987,1861.356689453125,2265766,-0.009014334691823334,-0.009055209632471061,4217398700.835449
2020-07-24,1847.0395663657628,1854.3265639587582,1821.8352113524438,1849.525634765625,3665100,-0.0063561458986004515,-0.006376432201430085,6778696403.979492
2020-07-27,1856.0412938169518,1898.9059888242716,1854.7553529667323,1891.876220703125,4248480,0.022898079994910114,0.022639853457760976,8037598286.1328125
2020-07-28,1898.9063953375296,1988.9222741232816,1898.9063953375296,1980.135009765625,8092319,0.046651460648782894,0.045595983103955164,16023884162.091553
2020-07-29,1964.9178157703439,2007.7825150672536,1925.5251989765416,1951.2440185546875,6090431,-0.014590414829520726,-0.014697901732167583,11883917059.170044
2020-07-30,1959.6883804131087,2021.4993649880387,1947.986400379165,1954.2017822265625,7098496,0.0015158348436941083,0.0015146871257449438,13871893534.328125
2020-07-31,1974.4764655680665,2001.60994450558,1935.2981741443718,1955.830322265625,4723290,0.0008333530620399099,0.0008330060161713453,9237953802.854004
2020-08-03,1963.5885570327482,1975.0764196187954,1912.365252099724,1932.46875,4012337,-0.011944580263262838,-0.012016489956465828,7753715866.96875
2020-08-04,1937.44180575069,1945.7575168594187,1907.5223246655733,1928.654541015625,2927928,-0.0019737493733728018,-0.001975699783503662,5646961632.966797
2020-08-05,1937.4843110339677,1971.776068751383,1931.48325343342,1937.0556640625,3800641,0.004355950154998123,0.004346490464799079,7362053176.118164
2020-08-06,1950.3437018787224,1988.493281981405,1942.0708991271279,1978.72021484375,4748047,0.02150921708355491,0.021281158322012418,9395056579.928223
2020-08-07,1978.6346026496758,1995.7804830885811,1960.6314281888253,1967.7899169921875,3165491,-0.005523922871746523,-0.005539236152650708,6229021272.129517
2020-08-10,1987.2080880617398,1993.2091478617538,1951.2446358345849,1957.0313720703125,2929353,-0.005467323939905011,-0.005482324455539209,5732835720.868286
2020-08-11,1957.2017619053229,1982.063282314983,1950.8578714519217,1954.5440673828125,2774423,-0.001270958004556011,-0.0012717663566743384,5422732015.060425
2020-08-12,1961.7885123299432,1968.689560547439,1925.9535866820563,1935.21240234375,3415751,-0.009890626341798492,-0.009939863513167354,6610203698.518066
2020-08-13,1948.628547738755,1971.7754772543494,1929.339439809093,1932.7257080078125,2695682,-0.0012849723022267945,-0.0012857985870467921,5210013902.013916
2020-08-14,1952.0581720338082,1955.7445775915971,1914.4230542816767,1922.181396484375,2270405,-0.00545566889277127,-0.005470605404852003,4364130253.485107
2020-08-17,1940.0560326269137,1946.0570897318137,1918.838009291732,1931.825927734375,2625630,0.005017492765063469,0.005004947095942563,5072260110.637207
2020-08-18,1939.8849879538966,1962.3460498536288,1927.4542244227137,1945.8431396484375,3493374,0.007255939426437763,0.007229741747474369,6797557832.126221
2020-08-19,1951.5013815948237,1958.5740574607785,1931.05483491676,1934.56982421875,2843005,-0.0057935376187231435,-0.005810385260939251,5499991683.103027
2020-08-20,1934.9121778684423,1951.6723141358157,1920.381089283269,1931.3544921875,2895164,-0.0016620397935486197,-0.0016634225139896082,5591587997.019531
2020-08-21,1937.484248554819,1946.9144816230064,1921.2385707201329,1927.711181640625,1975294,-0.0018864017774119501,-0.0018881832740096417,3807796330.8276367
2020-08-24,1929.4257054202005,1937.4412776819038,1911.7653676313919,1927.282470703125,2167966,-0.00022239375980337428,-0.00022241849296264217,4178282868.880371
2020-08-25,1924.624587438087,1928.9110564524258,1914.8086152553003,1922.60986328125,1663419,-0.0024244538581675856,-0.002427397605371493,3198105776.1694336
2020-08-26,1922.0526207279995,1937.398095398196,1900.1487231767837,1931.9114990234375,2618149,0.004838025602507123,0.004826359967272642,5058032159.256714
2020-08-27,1942.6276382965923,1960.9309435866905,1921.8382648505676,1927.5391845703125,3579393,-0.002263206391874162,-0.0022657713141567013,6899420264.476685
2020-08-28,1944.6856821145025,1954.587469960892,1916.1379585292202,1919.0955810546875,2941136,-0.004380509399349641,-0.00439013194202308,5644321100.880859
2020-08-31,1920.3385099401928,1951.372510071133,1910.0509822083702,1935.1268310546875,6018154,0.008353544324868789,0.0083188465723652,11645891278.819092
2020-09-01,1945.1998495823848,1952.915494644633,1921.4528505286294,1925.7822265625,3610908,-0.0048289364512064115,-0.004840633436021217,6953822448.152344
2020-09-02,1926.339611733236,1944.9857561725767,1921.75300512804,1941.8994140625,2084137,0.008369164112999927,0.008334336840874696,4047184419.1259766
2020-09-03,1944.343014233733,1992.3514837209855,1944.343014233733,1971.3477783203125,4654146,0.015164721738190279,0.01505088675335922,9174940377.07837
2020-09-04,1950.343740083254,1992.5654672037376,1940.0133061053941,1962.1744384765625,5231303,-0.004653334101994977,-0.004664194565802473,10264729026.525757
2020-09-07,1962.3464658650591,2009.069000766608,1957.5028372513673,1994.966552734375,4620401,0.01671212997926541,0.01657401896378226,9217545455.220459
2020-09-08,2002.5956836957052,2049.3182021754624,1994.9658515539825,2013.0975341796875,7453998,0.009088363622167694,0.009047312980145734,15005624993.580322
2020-09-09,1993.208845104087,2022.3568454195874,1988.9223744694546,1995.4805908203125,3866535,-0.008751162355654873,-0.008789678649812095,7715595546.227417
2020-09-10,2001.7812560546859,2013.3547237021112,1992.60825318678,1998.4805908203125,2308813,0.0015033972336291335,0.0015022682633935966,4614117968.333618
2020-09-11,1998.3090367829261,2042.9312230662235,1997.6231598500876,2035.3013916015625,4145424,0.018424397489963162,0.018256724661026635,8437187235.978516
2020-09-14,2043.8743536451395,2148.1640668867335,2041.94544248062,2135.86181640625,7512131,0.0494081246245095,0.04822631440222446,16044873762.7417
2020-09-15,2135.86181640625,2175.811793578182,2112.886508642399,2135.86181640625,7318770,0.0,0.0,15631881386.05957
2020-09-16,2133.7616194198476,2149.75027630151,2123.774229163415,2145.806640625,3074003,0.004656117798614412,0.004645311612404868,6596216050.701172
2020-09-17,2126.089060462095,2139.5914405839812,2100.884701288022,2109.757568359375,4828176,-0.016799776635570973,-0.016942493549266774,10186280857.371094
2020-09-18,2130.3757736833554,2143.5780187015507,2088.7111979708725,2100.28466796875,4183256,-0.004490042141662487,-0.004500152656656279,8786028438.988281
2020-09-21,2113.229586361241,2147.435531239836,2102.2132753856554,2113.48681640625,4598809,0.0062858852606242355,0.00626621148555554,9719522192.67041
2020-09-22,2130.375645817018,2190.3862273893283,2107.228707210555,2162.909912109375,7499613,0.02338462455477419,0.023115393389707972,16220987294.684326
2020-09-23,2151.8079803694095,2160.25241014795,2065.2212847449828,2115.330078125,7502280,-0.021998065531066313,-0.022243630964681155,15869798538.515625
2020-09-24,2100.3705761059264,2100.3705761059264,1974.0055076146205,1999.4241943359375,8424708,-0.05479328497602598,-0.05635162935270927,16844565005.415527
2020-09-25,2030.0721851134797,2091.7973529040923,2016.4412942798363,2076.623291015625,8228267,0.03861066445948835,0.03788392048579074,17087010896.895264
2020-09-28,2091.797130746494,2095.2263063706687,2028.3573816992644,2080.05224609375,4347166,0.0016512167098192698,0.0016498549503417908,9042332402.442383
2020-09-29,2087.382596318132,2152.708364039755,2080.052689997132,2133.29052734375,6995811,0.0255946846287054,0.025272624476518325,14924097337.387207
2020-09-30,2133.804920937642,2147.521625933625,2108.943393132422,2136.634033203125,3917166,0.0015672998199349752,0.0015660728873856692,8369550189.306152
2020-10-01,2151.8080599641003,2177.526881397934,2136.6339971781995,2163.338623046875,2610337,0.012498438866348938,0.012420978136972374,5647042851.268311
2020-10-05,2246.109679934696,2338.7832202963714,2231.5785923768453,2319.66552734375,17412105,0.07226187460042754,0.06977031882350336,40390259726.989746
2020-10-06,2345.5568549564737,2345.5568549564737,2271.9153692903647,2326.95361328125,9846367,0.0031418693133080655,0.0031369439557736535,22912039268.34326
2020-10-07,2350.699853504022,2374.7040824967694,2317.2653916926956,2345.51318359375,9656101,0.007975909019659833,0.007944269581489031,22648512197.612793
2020-10-08,2400.423394818779,2473.2933907329207,2400.423394818779,2422.455810546875,19839329,0.032804175858536455,0.03227760378237787,48059897813.40112
2020-10-09,2408.9959271272833,2426.0132952436484,2383.277109399946,2411.52490234375,7739245,-0.0045123251188047275,-0.004522536387080419,18663382042.839355
2020-10-12,2413.7113264858936,2446.7171464360645,2401.0662396218668,2426.14208984375,4623203,0.006061387749217717,0.006043091435304891,11216547388.191895
2020-10-13,2439.001358145839,2447.488484775687,2410.882073914188,2423.184326171875,4209878,-0.0012191221957925658,-0.001219865929786566,10201310384.6958
2020-10-14,2446.817026444454,2446.817026444454,2399.9383960375526,2418.92236328125,4395936,-0.0017588273597650694,-0.0017603759126302804,10633427897.953125
2020-10-15,2420.1280703092193,2434.548968629276,2347.8083414205767,2359.517333984375,6629355,-0.024558468762218788,-0.024865057939490332,15642078035.635986
2020-10-16,2367.696304451943,2386.2495901900656,2351.5104186466215,2379.060791015625,5273773,0.008282819858859813,0.008248705552105856,12546626565.016846
2020-10-19,2388.272072169572,2388.272072169572,2330.2442046733445,2334.505859375,3331194,-0.018727950041833252,-0.018905538843047628,7776691911.714844
2020-10-20,2346.086360712737,2376.133401035261,2340.0166273556647,2358.1396484375,3406273,0.01012367947914572,0.01007277828602243,8032467414.702148
2020-10-21,2358.1395015420994,2366.748992237762,2292.7504617470677,2303.383056640625,4570143,-0.023220249841079843,-0.023494087196064325,10526789952.624756
2020-10-22,2290.985571742331,2313.0688322406895,2271.269921286172,2299.72412109375,5262294,-0.001588505019313402,-0.0015897680311225328,12101824444.086914
2020-10-23,2314.0589471149146,2326.284381842546,2298.8201906491454,2313.197998046875,3499091,0.00585891013167128,0.005841813463763691,8094090296.183838
2020-10-26,2315.909736932558,2333.12871705465,2299.1643208023493,2314.403076171875,2672752,0.000520957620583129,0.0005208219692722518,6185825450.644531
2020-10-27,2324.3474370965296,2340.1888171708038,2259.2167188339877,2264.42529296875,3537502,-0.021594243335430807,-0.021830810872835674,8010409002.727539
2020-10-28,2281.514992135864,2286.637596966471,2243.633233775872,2257.58056640625,3569445,-0.003022721298756692,-0.0030272989477471176,8058309664.855957
2020-10-29,2245.3555666549883,2285.8201800111174,2238.6832101973287,2266.577880859375,3105968,0.003985379120908794,0.00397745853492445,7039918367.457031
2020-10-30,2269.548006346375,2302.4793094178826,2257.064244397699,2294.30029296875,3427003,0.012230955019672196,0.01215676125046838,7862573986.904785
2020-11-02,2290.124471783228,2294.3001587505646,2238.5106183016787,2242.427978515625,2571196,-0.02260920883464823,-0.022868715957040504,5765721848.647461
2020-11-03,2241.9113317918805,2294.429223972873,2239.3715741265737,2267.3955078125,2879269,0.011134149919678649,0.011072621561843354,6528441596.383789
2020-11-04,2247.077420872264,2343.3746733495504,2247.077420872264,2284.227294921875,4893928,0.00742340145395004,0.0073959836148524,11178843916.982422
2020-11-05,2311.6481101486306,2333.171835569009,2296.151027845958,2312.250732421875,2816502,0.012268235110533654,0.012193590201596065,6512458812.367676
2020-11-06,2323.7015847566868,2335.9701092408595,2308.4628279622434,2330.9765625,3884421,0.008098529201680194,0.008065912096117352,9054494309.882812
2020-11-09,2351.3381380831197,2362.4442972401707,2320.343970918161,2347.4638671875,3646592,0.00707313190220038,0.007048234636902129,8560242958.375
2020-11-10,2322.1521994277373,2335.884297479438,2271.4854638310926,2281.171142578125,4760020,-0.028240146967118407,-0.02864656982821495,10858420262.094727
2020-11-11,2296.969157957218,2318.3638276224265,2275.8328150660113,2314.05908203125,3242441,0.014417129359244774,0.014314190756247853,7503200044.000488
2020-11-12,2312.5093308688784,2335.754957054083,2291.6313147580927,2299.63818359375,2437505,-0.006231862682106404,-0.006251361791074654,5605379570.700684
2020-11-13,2286.465225572201,2294.342824565467,2269.461483425895,2287.412353515625,2548093,-0.00531641462789556,-0.005330597048896848,5828539406.106689
2020-11-14,2305.577997442895,2315.091524548824,2290.1670966596052,2299.034912109375,298819,0.005081094615881909,0.005068229415764036,686995313.4016113
2020-11-17,2320.2576848595636,2320.2576848595636,2281.5580671821594,2295.333251953125,2827273,-0.0016100930598107466,-0.001611390652658574,6489533729.249268
2020-11-18,2290.9853035080814,2293.7402982870026,2244.537146702465,2261.41162109375,2893762,-0.014778521084252483,-0.014888811394286706,6543987015.479492
2020-11-19,2270.3227512517196,2304.0288240618443,2265.0279984231297,2270.236572265625,4167501,0.0039024081638028285,0.0038948135209165764,9461213185.153564
2020-11-20,2285.8198609740625,2303.8997920778124,2262.1868502126913,2290.33984375,2711471,0.00885514387794073,0.008816167019519447,6210190066.472656
2020-11-23,2315.952683902393,2350.3906420273356,2294.4289600743036,2345.440185546875,3706418,0.02405771438122417,0.02377288672946931,8693181721.634277
2020-11-24,2354.179226542401,2361.5834731674927,2328.867406094811,2343.546630859375,3120516,-0.0008073344607841815,-0.0008076605307601307,7313074758.342773
2020-11-25,2349.5303798400746,2352.9310871604134,2314.403610246583,2325.68212890625,3302249,-0.007622848940954996,-0.0076520513523137225,7679981484.498535
2020-11-26,2312.508933127224,2351.2085472853,2307.3432393078774,2342.2978515625,2341099,0.007144451277210528,0.007119050596047294,5483551157.995117
2020-11-27,2328.867134250973,2339.80114493148,2297.916058553336,2307.0419921875,6086808,-0.015051825860439405,-0.015166254281010915,14042521654.382812
2020-12-01,2306.482098667442,2355.4700069062574,2259.517294224178,2347.635498046875,3605017,0.017595477670904858,0.017442469481134128,8463265880.262451
2020-12-02,2340.92061902529,2371.6564600684815,2326.671869283608,2367.22265625,2509032,0.008343355780495054,0.008308742382317316,5939437395.65625
2020-12-03,2388.1863635837553,2388.1863635837553,2325.251117362909,2332.6982421875,2852548,-0.01458435435777361,-0.014691751545278981,6654133705.355469
2020-12-04,2333.8608409880508,2358.0105050608636,2323.7015996623713,2348.28173828125,2686527,0.0066804594833220765,0.006658244098302999,6308722293.499512
2020-12-07,2337.4765194002043,2362.4440402335767,2329.857036724004,2357.02001953125,1996400,0.003721138357272169,0.0037142320495173495,4705554766.9921875
2020-12-08,2359.000342214054,2415.435593169417,2352.5001349989884,2408.332763671875,4277818,0.021770177476400754,0.02153659122556884,10302409246.425293
2020-12-09,2423.571754785466,2445.0954826254792,2404.759932576233,2419.955810546875,3659996,0.004826179774791051,0.0048145711045516825,8857028586.77832
2020-12-10,2426.1543205822477,2434.1611884481035,2393.653495315399,2397.140380859375,2127801,-0.009428035664148737,-0.009472760928630357,5100637699.532959
2020-12-11,2404.372596916649,2417.286833886007,2380.1369629478827,2396.5380859375,1795408,-0.00025125559048777557,-0.0002512871604618503,4302763651.796875
2020-12-14,2412.379613764411,2414.1015121325513,2372.991188593204,2408.677490234375,2483658,0.0050653917699481354,0.0050526058320695694,5982331118.040527
2020-12-15,2398.603871576667,2406.094085705665,2371.914453048714,2377.5537109375,2365509,-0.01292152204812047,-0.01300573110682058,5624124701.206055
2020-12-16,2392.578170763626,2427.704945212083,2376.607518769106,2422.883544921875,2565149,0.019065745508016763,0.0188862717942383,6215057302.372803
2020-12-17,2420.12788119189,2456.890365132334,2414.9621866749385,2443.545654296875,2863460,0.008527900326990911,0.008491743202475808,6996995239.25293
2020-12-18,2469.202425943726,2495.0309032025516,2450.4336904304423,2463.17578125,6076692,0.008033460278757731,0.008001363819234128,14967960564.515625
2020-12-21,2463.1749760676994,2485.1291745611375,2397.7428550676486,2428.005126953125,2705195,-0.014278580751158065,-0.014381500559170974,6568227329.407959
2020-12-22,2439.9301148417103,2482.6761599819592,2426.7144601002688,2473.07666015625,2881737,0.018563195234964303,0.018393002118691732,7126756515.408691
2020-12-23,2476.132410166916,2513.110127628787,2467.0062667021075,2504.285400390625,2790988,0.012619398637001122,0.012540437625754674,6989430501.06543
2020-12-24,2504.5005857327255,2515.13338972514,2482.288059984368,2504.802001953125,1807144,0.00020628701601643762,0.00020626574177563196,4526537909.017578
2020-12-28,2505.361638000797,2539.5412719171272,2498.474045868836,2522.06396484375,2108994,0.006891547865725434,0.006867909690003934,5319017769.47168
2020-12-29,2513.971265302423,2541.5216353331343,2513.971265302423,2523.01123046875,1994151,0.0003755914355085821,0.00037552091870182166,5031265368.250488
2020-12-30,2526.368973799279,2537.819638953184,2498.4743068283597,2504.75927734375,2637968,-0.007234194166313324,-0.0072604878346758835,6607474821.3359375
2020-12-31,2496.7527314071917,2501.0574774958245,2449.4005244322275,2464.682373046875,4040956,-0.016000301769268588,-0.01612968860601662,9959673023.458008
2021-01-01,2479.533664518057,2531.1906158621828,2478.672715328988,2521.074462890625,2681440,0.02288006376011742,0.022622240370195095,6760109907.7734375
2021-01-04,2539.800147587225,2626.540779746348,2532.0085152654137,2616.81201171875,5113293,0.03797489928891418,0.037271602648724894,13380526541.837402
2021-01-05,2616.9402103765938,2681.2099579972355,2616.9402103765938,2662.914794921875,5801309,0.01761791943657598,0.017464522957888876,15448391566.013428
2021-01-06,2668.942064225586,2680.564876440762,2614.8744216601654,2627.18603515625,3726716,-0.01341716221403666,-0.01350798564500619,9790776232.19336
2021-01-07,2647.418435112393,2652.4550713343,2583.062491039336,2611.08642578125,3717827,-0.006128081209156755,-0.006146934963163834,9707567613.103027
2021-01-08,2660.3325495967133,2693.0486133134364,2634.5040782414053,2686.935791015625,5879039,0.02904896769614984,0.02863504337383472,15796600305.876709
2021-01-11,2780.86533670378,2780.86533670378,2709.0191829689534,2734.761474609375,9508039,0.017799339959542637,0.017642786675177893,26002218756.283447
2021-01-12,2734.7619140231536,2763.6468003456735,2711.9898508065016,2733.384521484375,3611458,-0.00050350026420376,-0.0005036270630257333,9871503397.190918
2021-01-13,2733.513343203706,2735.235241372653,2691.5420753356175,2719.695068359375,3572801,-0.005008242717920219,-0.005020825996471233,9716929259.929443
2021-01-14,2721.462889940996,2817.6413724222707,2691.617285579722,2804.012451171875,6931542,0.031002513404329468,0.030531642863402743,19436130073.8208
2021-01-15,2790.4707926772085,2824.1117079521423,2768.906103398405,2789.047607421875,4131692,-0.0053369391222730655,-0.005351231456094733,11523485687.204102
2021-01-18,2803.4088639168835,2809.231328480403,2749.4108120240853,2779.040771484375,4160906,-0.0035879043121641585,-0.00359435627815495,11563327420.313965
2021-01-19,2788.7455273267615,2828.4245543162547,2787.8829397835116,2812.63916015625,2975735,0.012089922903120609,0.012017423541394826,8369668791.247559
2021-01-20,2820.6612006556556,2870.648105502872,2818.1597810756234,2854.129638671875,3453446,0.014751440249918257,0.01464369605088452,9856582584.152832
2021-01-21,2850.851694185324,2854.431348081658,2813.8467745856074,2823.982177734375,2778546,-0.010562751084960742,-0.010618932913530265,7846564384.015137
2021-01-22,2796.4223664998394,2868.103472870908,2796.4223664998394,2849.212890625,3052459,0.00893444480264649,0.008894768797615095,8697105530.904297
2021-01-25,2854.2587642828466,2880.8696719465147,2828.1223218457994,2839.0341796875,2272887,-0.0035724641605378027,-0.003578860649322206,6452803879.567383
2021-01-27,2846.539152001297,2852.102800043491,2783.570255608541,2812.94140625,2786662,-0.009190721839203775,-0.009233217098306502,7838716925.0234375
2021-01-28,2786.157216463153,2824.9736482714634,2746.3057219251455,2757.3037109375,3083938,-0.01977918743308338,-0.019977413752187437,8503353691.701172
2021-01-29,2768.948861893027,2774.814498620506,2674.0210717281498,2683.8115234375,5445659,-0.02665364254524294,-0.027015291530775167,14615122376.911133
2021-02-01,2674.021691641305,2730.089888401526,2625.8031266645894,2707.964599609375,3985846,0.008999542613536082,0.008959288064665576,10793529867.494629
2021-02-02,2737.852457955675,2780.981828748928,2717.150359974914,2763.255615234375,2881837,0.020417924086960193,0.020212272876990327,7963252272.440186
2021-02-03,2771.493218222829,2791.3327277214676,2728.0618599311533,2760.32275390625,2505866,-0.0010613789444434696,-0.0010619426059495897,6916998938.040039
2021-02-04,2774.124145975899,2792.928592710051,2739.5774797814165,2750.316650390625,2057261,-0.003624975920466178,-0.0036315620669103727,5658119182.499268
2021-02-05,2759.3741428830053,2765.3261227769435,2699.0361915221556,2724.008056640625,2366135,-0.009565659920018121,-0.009611704712690019,6445370803.099365
2021-02-08,2751.2226474927297,2782.707089139848,2721.5926846096877,2772.4423828125,2526592,0.017780537048633693,0.017624312420129632,7004830744.875
2021-02-09,2755.967657686999,2799.787154268918,2729.2274394121014,2740.354736328125,2658751,-0.011573782987628345,-0.011641280520577002,7285920895.567139
2021-02-10,2747.3409311746523,2777.013854169125,2723.4473017724445,2771.752197265625,2127983,0.011457444002147765,0.011392304572683481,5898241555.9938965
2021-02-11,2773.218854022487,2776.9280224465538,2747.384400129207,2765.45556640625,1165882,-0.002271714933819391,-0.0022742991927311874,3224194866.6728516
2021-02-12,2746.650589270533,2799.5272357807867,2744.7529392249153,2752.34375,2777404,-0.0047412862334609285,-0.004752561785565545,7644370540.625
2021-02-15,2768.043350559288,2768.043350559288,2701.2359892808677,2708.3955078125,2630853,-0.01596757025262563,-0.0160964254126158,7125390446.915039
2021-02-16,2717.149881279084,2732.3744622498484,2674.020518084178,2681.611328125,3435770,-0.009889316242860269,-0.00993854032796547,9213399752.832031
2021-02-17,2678.420672557879,2702.3574769525526,2627.053542089694,2650.81787109375,3678426,-0.011483191731883502,-0.011549632704074653,9750837378.295898
2021-02-18,2643.830643622175,2672.2096876641276,2614.5026691089115,2637.23193359375,4189909,-0.0051251870783541875,-0.005138365898211111,11049761813.651855
2021-02-19,2637.792094735,2662.9364315448893,2601.6927301955807,2649.739013671875,3725028,0.004742502894344192,0.004731292656577385,9870352018.620117
2021-02-22,2670.571335367419,2670.571335367419,2538.7247302611877,2551.92236328125,5366696,-0.03691557918946731,-0.037614206633233324,13695391539.332031
2021-02-23,2561.8845121926547,2611.914580107528,2560.159337436969,2570.682861328125,3832829,0.007351515985287493,0.007324625302744349,9852987820.701416
2021-02-24,2563.6098964027583,2590.6520971446007,2519.7472404187038,2542.994140625,3774549,-0.010770959389685197,-0.010829386092618763,9598655990.501953
2021-02-25,2565.335097001332,2613.553651608383,2560.5476944966717,2583.708251953125,4224073,0.016010304812624776,0.015883491636966018,10913772266.952393
2021-02-26,2553.2588677587523,2563.9119070690585,2484.25187133284,2496.5869140625,5553153,-0.033719495157693014,-0.034301109237511306,13863929111.586914
2021-03-01,2523.9311176442743,2557.572031379109,2503.0565414965754,2522.37841796875,3265871,0.010330705396625506,0.010277708345076492,8237762526.27002
2021-03-02,2553.2592161286207,2609.3274083746887,2542.9081652524237,2593.240234375,3306469,0.02809325353462011,0.027705876473825566,8574468444.513672
2021-03-03,2617.952528053705,2642.9675604469694,2585.0878667758557,2638.740966796875,3509857,0.017545899457649394,0.017393747349273958,9261603453.49878
2021-03-04,2607.602254512263,2658.020456448059,2601.6073129494007,2630.63330078125,3916760,-0.003072550931540241,-0.0030772809073662814,10303559287.167969
2021-03-05,2601.6501701271904,2642.2779138838096,2584.8297143482514,2594.706298828125,3203686,-0.01365716838696418,-0.013751285408229967,8312624243.66748
2021-03-08,2601.56304823453,2616.227030933465,2584.3113038828424,2593.756591796875,2003125,-0.00036601716027706566,-0.0003660841609072933,5195618672.943115
2021-03-09,2593.7570925981777,2645.469164158386,2580.9477962993865,2631.7109375,1942397,0.014632963564569224,0.014526934844618283,5111827429.8671875
2021-03-10,2652.456411920203,2668.155461410439,2639.517600154739,2648.962890625,3053778,0.006555413392546949,0.006534020113800571,8089344598.207031
2021-03-12,2652.4566713156337,2688.685347801896,2623.4306849869185,2637.74951171875,2938317,-0.004233120420801484,-0.004242105440461781,7750544232.024902
2021-03-15,2623.1280346685035,2673.1580991245287,2623.1280346685035,2644.822021484375,3097083,0.0026812666381716976,0.0026776784552648854,8191233320.764893
2021-03-16,2639.5176408388097,2709.387225449249,2639.5176408388097,2682.690185546875,4894756,0.014317849652978554,0.014216317246526234,13131113881.84668
2021-03-17,2678.3336350174654,2721.463001120806,2661.3407068912707,2685.191162109375,3838390,0.0009322644023428417,0.0009318301137784576,10306810904.729004
2021-03-18,2696.4047297995426,2714.0877694592687,2576.591438000685,2619.246337890625,3656306,-0.024558707457887796,-0.024865302644775652,9576766100.70752
2021-03-19,2613.6399845393075,2673.158518840698,2592.075298198224,2631.064208984375,5776626,0.004511935713258364,0.004501787445422885,15198673917.288574
2021-03-22,2629.7697933434956,2708.0495888524592,2603.8490035109885,2699.59619140625,2821646,0.02604724817731796,0.025713796543355448,7617304795.09668
2021-03-23,2708.5245224357504,2733.5395578340426,2693.7312322907105,2710.767333984375,3305973,0.0041380791000100725,0.004129540797367495,8961723615.434326
2021-03-24,2683.682424609866,2719.134858224196,2683.6392531125275,2692.22216796875,2207104,-0.00684129758505192,-0.00686480654391624,5942014315.8125
2021-03-25,2684.5445603732155,2700.631942315349,2630.8916642888676,2643.701171875,3179786,-0.01802265677440673,-0.018187042965532786,8406403974.511719
2021-03-26,2665.9558856292324,2689.5477372213268,2624.8968483248655,2645.38330078125,3697370,0.0006362780045434668,0.0006360756655186318,9780960854.80957
2021-03-30,2659.3575873429486,2750.3174082102432,2640.2943170272924,2724.526123046875,4694008,0.02991733645640382,0.029478543153300837,12788947417.791016
2021-03-31,2721.4633767178425,2764.5927487735926,2701.6238655721972,2741.173583984375,3530069,0.006110222543538324,0.006091630828347108,9676531892.442139
2021-04-01,2752.602480471492,2773.218233177824,2712.8371207913706,2730.0888671875,4285076,-0.004043785064046568,-0.004051983271525117,11698638282.652344
2021-04-05,2735.264867673802,2814.6229149226165,2718.0131182718865,2793.83447265625,5317862,0.023349278565580223,0.0230808544697794,14857226176.42871
2021-04-06,2824.973558972409,2824.973558972409,2786.157128391109,2816.0888671875,2291562,0.007965537954756297,0.007933980527787404,6453242236.669922
2021-04-07,2811.1726516221984,2827.1736918038127,2790.298076321503,2821.86865234375,2491268,0.0020524157542025634,0.0020503124264321937,7030031073.787109
2021-04-08,2820.6603156080578,2876.728487019227,2817.253138079282,2861.50390625,2578118,0.01404574726514296,0.013948019797408862,7377294727.7734375
2021-04-09,2893.118353143342,2893.420342992683,2853.4393298146024,2865.731201171875,2911129,0.0014772983229698333,0.0014762081913033613,8342513205.936279
2021-04-12,2865.7309281284092,2879.403022361947,2771.665732059278,2800.43310546875,3791828,-0.02278584107135484,-0.023049450419192482,10618760661.44336
2021-04-13,2772.3560975851465,2772.3560975851465,2650.7744371664544,2677.5146484375,8654596,-0.04389265960012112,-0.044885091480736335,23172807566.308594
2021-04-15,2726.034824803063,2792.4108787917376,2663.1952525684956,2776.62548828125,6062760,0.03701598417083818,0.036347342986686876,16834013945.332031
2021-04-16,2785.2948606645173,2800.8214346787513,2745.2708874426585,2756.09619140625,3224657,-0.007393613925120279,-0.007421082165350305,8887464876.291504
2021-04-19,2733.539444524105,2750.7911923595366,2704.297816180099,2727.328857421875,2679106,-0.010437710437710468,-0.01049256537782798,7306803105.89209
2021-04-20,2781.8445825285053,2782.1465723791703,2696.750413101551,2712.449462890625,3141893,-0.005455665711437296,-0.00547060220606652,8522225980.309814
2021-04-22,2715.425304500609,2715.425304500609,2678.549690851498,2690.23779296875,1988980,-0.008188786639440004,-0.008222498920679932,5350829165.458984
2021-04-23,2678.3341765783284,2690.4104015290845,2666.301123120927,2682.2158203125,1615309,-0.0029818823738244626,-0.0029863370428067576,4332607354.493164
2021-04-26,2675.7889274647837,2719.7377074827195,2663.712705484207,2674.710693359375,2490260,-0.00279810703385186,-0.0028020290532000877,6660725051.245117
2021-04-27,2679.196748658006,2705.160716389788,2676.6089861834494,2701.6240234375,1471417,0.01006214621452095,0.010011859865685856,3975215515.694336
2021-04-28,2717.107575977585,2718.0133350119418,2684.3724209956085,2694.809814453125,1639037,-0.002522263988348983,-0.00252545025502723,4416892993.851807
2021-04-29,2713.3549037740027,2723.490305328415,2678.765066147004,2687.17529296875,1621395,-0.002833046489376989,-0.0028370671612114795,4356972584.143066
2021-04-30,2673.157926775423,2701.6664779226376,2605.0135330305834,2618.512939453125,3072305,-0.025551869911608183,-0.02588398865648398,8044870396.446533
2021-05-03,2609.2408297283305,2635.2047975682726,2591.212835317542,2619.67822265625,1545831,0.00044501716434841576,0.00044491817357743935,4049579806.6069336
2021-05-04,2641.932343146011,2665.394674864487,2617.952374826446,2630.675537109375,1990777,0.0041979638407552144,0.004189176973268817,5237088353.73999
2021-05-05,2648.1437977814962,2673.5037876990805,2632.9621725538914,2670.312255859375,1939289,0.015067125607422183,0.014954743910391926,5178507184.3532715
2021-05-06,2678.7648644721144,2703.3486025617794,2651.593364478274,2683.897216796875,1791671,0.0050874053802849595,0.005074508256968723,4808660810.315674
2021-05-07,2702.4862453182805,2725.6468005693077,2684.1994350905716,2702.39990234375,1912540,0.006893962045594781,0.0068703073434357095,5168447909.228516
2021-05-10,2713.6564327074034,2729.398650691024,2695.5852711680127,2713.268310546875,2137153,0.004021761617774899,0.004013695952742299,5798669509.690186
2021-05-11,2695.5852619628977,2698.2593667798046,2666.386598168276,2693.51513671875,2415625,-0.007280213958693826,-0.007306844043531859,6506522502.13623
2021-05-12,2691.272945509579,2691.272945509579,2648.661208109403,2663.3251953125,1978558,-0.011208380080992453,-0.011271667315627445,5269543371.787109
2021-05-14,2672.726908249209,2672.726908249209,2622.265548193511,2632.185302734375,2043935,-0.011692110536457134,-0.011761000768821289,5380015666.744385
2021-05-17,2635.2043269536657,2652.628549124657,2618.8151674734304,2647.927490234375,2890462,0.005980653217555254,0.0059628400985415695,7653733789.277832
2021-05-18,2674.021044561117,2694.7231429706226,2655.0441210190706,2664.360107421875,2098538,0.006205841076881491,0.0061866641435839795,5591260931.108887
2021-05-19,2660.2198038763386,2689.5477783678416,2645.6421596161504,2658.49462890625,1986041,-0.0022014586163807692,-0.0022038853886806133,5279879331.287598
2021-05-20,2645.64203321326,2664.3601386258806,2632.7032215557847,2639.517578125,2329027,-0.007138269370533745,-0.007163868711408622,6147507706.427734
2021-05-21,2640.3799854458744,2663.8423201990017,2635.290804111499,2657.200439453125,1685566,0.006699277729639519,0.0066769372896271955,4478886715.927246
2021-05-24,2658.06298828125,2678.333791534409,2649.868408242739,2658.06298828125,1652260,0.00032460811586432214,0.0003245554420484701,4391811153.017578
2021-05-25,2680.166821273382,2711.5885700674185,2671.5855179759806,2699.236572265625,1841613,0.015490070839517145,0.015371324382935618,4970949161.559814
2021-05-26,2704.43702261754,2743.44332582837,2690.394795786189,2737.80908203125,1923753,0.014290155283887884,0.014189013431274601,5266868434.984863
2021-05-27,2740.8003802229773,2789.168253657503,2740.6704438207285,2756.4462890625,5959785,0.006807343562986068,0.006784278216453585,16427827246.860352
2021-05-28,2764.680144221278,2772.0480016365095,2718.0025158298026,2724.893798828125,1763701,-0.011446800309360072,-0.011512819215041848,4805897917.886963
2021-05-31,2730.4420914942166,2748.0816988614047,2711.892506061442,2738.373291015625,1652799,0.004946795428613315,0.0049346002376480375,4525980637.017334
2021-06-01,2746.5647543647196,2747.7348168450917,2714.839533405685,2733.04248046875,1377441,-0.00194670703383093,-0.0019486043306893399,3764604767.3393555
2021-06-02,2731.178455725699,2738.6328676832036,2700.103345415868,2712.628662109375,2240078,-0.007469264932857489,-0.007497299578211247,6076499788.160645
2021-06-03,2734.384771144831,2734.384771144831,2706.733513946814,2722.856201171875,1281706,0.0037703424745747505,0.003763252548764545,3489901130.179199
2021-06-04,2711.3717184393636,2736.379179711541,2708.7712979932903,2725.02392578125,1836060,0.0007961215904248586,0.0007958048537276223,5003307429.169922
2021-06-07,2726.107503558531,2765.5038319928763,2716.2259902615097,2759.219482421875,2559821,0.012548717945961352,0.01247063533083436,7063107974.7126465
2021-06-08,2772.048315150032,2800.652941291355,2762.686758815591,2773.911865234375,2574057,0.005324832948629288,0.005310706152028805,7140207254.0896
2021-06-09,2775.5156913705473,2791.11821555689,2761.8201000379795,2773.998779296875,1710925,3.133266906907295e-05,3.1332178211250686e-05,4746103861.468506
2021-06-10,2782.450396793021,2794.585694473738,2767.7146781807214,2788.3447265625,1874324,0.005171576632510666,0.005158249956946722,5226261441.269531
2021-06-11,2783.7934729559292,2868.2637548720177,2783.316686882457,2837.752197265625,3452954,0.017719283499079808,0.017564127153637303,9798627800.557129
2021-06-14,2842.2595999383007,2868.003720504315,2834.761805496382,2839.962646484375,1847360,0.0007789437079388506,0.0007786404887390236,5246433394.609375
2021-06-15,2858.7285204139052,2858.7285204139052,2818.465391188049,2828.173583984375,1304985,-0.004151132943453928,-0.004159772814268839,3690724104.4958496
2021-06-16,2827.610620330609,2855.868395770496,2819.7225935967435,2838.22900390625,1635552,0.003555446518140881,0.003549140860035955,4642071123.796875
2021-06-17,2830.557731356494,2891.7109961422934,2825.7902937443487,2875.848388671875,2273413,0.013254527634609214,0.013167454944236505,6537991112.835693
2021-06-18,2904.5827872718105,2910.737200128449,2838.792236575542,2858.1220703125,3380431,-0.00616385704795841,-0.006182932038885456,9661684448.268555
2021-06-21,2830.124044333925,2848.3269861198405,2818.5954722116307,2837.145263671875,1130569,-0.007339366942550329,-0.007366432607320414,3207588483.604248
2021-06-22,2863.9295426652607,2883.9094808610066,2847.460214181411,2861.50244140625,1708688,0.00858510068069318,0.008548458273658263,4889414883.6015625
2021-06-23,2885.5998874590587,2885.5998874590587,2822.6696280338883,2827.003662109375,1467104,-0.012056176782404227,-0.012129441942310911,4147508380.6953125
2021-06-24,2846.593309464444,2932.4071759799676,2841.8258724358034,2924.25927734375,4155204,0.034402366200618095,0.0338238359831593,12150893846.25586
2021-06-25,2925.689668189585,2946.839669579688,2903.8027963662275,2930.50048828125,2722861,0.0021342878129360088,0.002132013456214766,7979345490.021973
2021-06-28,2939.7752998610995,2939.7752998610995,2889.0671014114832,2892.317626953125,1355238,-0.013029467656058724,-0.013115095775562689,3919778756.116699
2021-06-29,2896.8685694266683,2917.9320187641097,2883.4330628958146,2895.871826171875,1497322,0.0012288412536813897,0.0012280868462360953,4336052594.507324
2021-06-30,2900.335109870031,2931.540149904496,2893.8340598628506,2900.118408203125,1693146,0.0014664261010695068,0.001465351948296774,4910323882.375488
2021-07-01,2910.7371261210815,2914.2043531921013,2888.503617177266,2896.434814453125,990310,-0.0012701528805102447,-0.0012709602083724595,2868368361.101074
2021-07-02,2887.3335252667507,2894.874702296693,2856.3017987018657,2882.522705078125,1682274,-0.004803184005929939,-0.0048147563652117505,4849193001.162598
2021-07-05,2896.867979688912,2924.6057939767766,2862.19571182908,2878.6650390625,1972858,-0.0013382951013114486,-0.0013391914179805996,5679197351.634766
2021-07-06,2871.730999063715,2884.7331013836533,2822.409775579186,2827.783935546875,2159420,-0.017675242803586344,-0.01783331532418046,6106373186.098633
2021-07-07,2838.792406104131,2845.4667764595783,2809.841142245182,2838.7490234375,2640710,0.0038776257806643066,0.0038701271681082033,7496312933.681641
2021-07-08,2858.7288592275495,2858.7288592275495,2801.4328444405023,2824.489990234375,2485811,-0.005022998893314812,-0.005035656556330687,7021148287.114502
2021-07-09,2817.12238849086,2844.8602089313854,2774.648850941305,2780.846435546875,6365067,-0.01545183549539808,-0.015572459291510467,17700273878.96704
2021-07-12,2804.120642287623,2804.9874492867843,2763.6841804258574,2767.801513671875,1892226,-0.004690989659928757,-0.0047020268824484466,5237305987.009277
2021-07-13,2785.9169872102957,2785.9169872102957,2752.111522835311,2762.989990234375,1809339,-0.0017383917935346327,-0.0017399045499783498,4999185545.940674
2021-07-14,2762.5139556719832,2792.8522011845403,2760.780341642694,2786.39453125,2044279,0.008470729571350866,0.008435054263963007,5696167825.949219
2021-07-15,2803.8114955031597,2807.503464302064,2774.623139694448,2782.39794921875,2232968,-0.0014343202250892695,-0.0014353498469994415,6213005583.871094
2021-07-16,2791.1281405842824,2797.0788098448206,2772.8854729987643,2775.31787109375,1256526,-0.0025445957962224597,-0.002547838782666806,3487259063.2939453
2021-07-19,2762.461177532685,2779.66144992292,2758.9863835986816,2766.457275390625,1597058,-0.003192641749405478,-0.0031977491036074427,4418192723.320801
2021-07-20,2766.4576554739774,2792.8660081668077,2741.743010555163,2784.8740234375,1811945,0.00665715975833181,0.006635098725397205,5046038562.397461
2021-07-22,2771.148041204873,2801.5090094588377,2771.148041204873,2794.038330078125,2859334,0.0032907436973803605,0.0032853410495809676,7989088794.495605
2021-07-23,2805.895650355468,2815.9291586428453,2785.611459194772,2790.99755859375,1776193,-0.0010883070041096676,-0.001088899640196286,4957350326.591309
2021-07-26,2779.835544562506,2800.901485798644,2771.8870371361213,2777.707275390625,1259611,-0.0047618397809783275,-0.00477321346081985,3498830638.8620605
2021-07-27,2779.8355234873798,2788.522509498278,2746.0864980011934,2765.024169921875,1121367,-0.0045660338586133165,-0.0045764900321812185,3100606858.352783
2021-07-28,2769.410297866369,2783.7003430905816,2721.1105855038863,2777.923583984375,1660654,0.004665208428490608,0.004654360070466404,4613169911.437988
2021-07-29,2780.052678048742,2801.943840221094,2771.4091694472813,2776.18701171875,1731997,-0.0006251332022366718,-0.0006253286794673913,4808347575.73584
2021-07-30,2796.340533109807,2800.2496764459347,2747.1288468343987,2751.55908203125,2999943,-0.008871134971650485,-0.008910717759544143,8254520407.226074
2021-08-02,2762.4613507193862,2801.465830240041,2751.1682697258793,2796.68798828125,2608669,0.016401212877713345,0.0162681657706308,7295633257.70166
2021-08-03,2805.027724666387,2858.0183382323976,2796.2972614898176,2853.587890625,3804735,0.02034545955150291,0.02014125578988585,10857145723.03711
2021-08-04,2866.705324099397,2871.2225143143883,2832.99977665973,2844.07568359375,2929598,-0.003333420029746015,-0.003338988251885655,8331998434.504883
2021-08-05,2844.9873983899706,2879.73533608023,2834.128667861765,2852.76220703125,2534521,0.0030542518568015264,0.0030495971050468734,7230385721.727051
2021-08-06,2842.859243449068,2887.553737675778,2836.30052753051,2875.21826171875,2292362,0.00787168822979778,0.00784086812386186,6591041084.870117
2021-08-09,2887.4669563649913,2898.8469919313166,2875.39213164299,2886.424560546875,1510489,0.0038975471800968275,0.003889971421290991,4359912548.035889
2021-08-10,2880.2567959075063,2910.0529844223115,2880.2567959075063,2896.15380859375,2040777,0.0033706919556670822,0.003365023906796993,5910404081.040527
2021-08-11,2910.1400563577786,2918.8270416006376,2890.2469449854716,2905.1015625,1929707,0.0030895299412962984,0.0030847671510011955,5605994820.8671875
2021-08-12,2889.2911701909447,2925.776506675617,2889.2911701909447,2911.66015625,1310205,0.0022576125511963863,0.0022550679730421316,3814871695.0195312
2021-08-13,2919.4788086544804,3023.0711163036794,2916.655538215404,3008.650634765625,4363584,0.0333110573730353,0.032768265209693614,13128499771.453125
2021-08-16,3005.6964431368747,3035.536317803578,2985.282030878575,3016.946044921875,2083489,0.0027571862483448673,0.002753392182704551,6285773898.188232
2021-08-17,3024.89517973779,3093.2617103569523,3008.302953290365,3086.529296875,4336019,0.02306413535974494,0.022802178415625034,13383249675.30664
2021-08-18,3104.5976757575286,3122.970560983455,3072.2386622953213,3093.0439453125,2631309,0.0021106711814127266,0.002108446844340911,8138754370.696289
2021-08-20,3045.6567137951697,3105.596905823654,3040.4445231839973,3092.132080078125,2836148,-0.0002948115999957812,-0.0002948550654784895,8769744214.649414
2021-08-23,3109.9407441812386,3190.729707647399,3094.2172159201127,3159.803955078125,3744176,0.021885182536669046,0.021649139615713207,11830862133.308594
2021-08-24,3176.8302851679027,3185.8213991107027,3122.4496764479563,3138.78125,2511141,-0.006653167530960125,-0.006675398509203446,7881922286.90625
2021-08-25,3136.0011620533273,3212.22944514756,3133.438544240862,3178.5673828125,2123263,0.012675662826933332,0.012595999100245224,6748934516.932617
2021-08-26,3179.436550700011,3203.4127144407685,3168.9252138816178,3189.730712890625,1902533,0.0035120633712182325,0.0035059104786804253,6068567942.387939
2021-08-27,3184.6485399994513,3239.8108919607075,3171.7050178376517,3231.6884765625,3944728,0.013154014381938639,0.013068251599334512,12748132020.773438
2021-08-30,3227.2150924852535,3249.2366854199036,3203.4128372022465,3215.31396484375,2033114,-0.0050668595805272165,-0.005079739639585762,6537099836.319336
2021-08-31,3222.3497059723213,3304.615612737441,3217.180992996099,3289.282958984375,3207480,0.023005216582082433,0.02274458625471135,10550309305.283203
2021-09-01,3297.5799401108075,3315.5619590111364,3220.265763432762,3227.171875,2643336,-0.018882864368577446,-0.01906342223152487,8530499595.375
2021-09-02,3243.720232119877,3352.437765671095,3233.295850013439,3332.97900390625,3403717,0.032786332121294226,0.03226032665298196,11344517296.23877
2021-09-03,3322.7714133861414,3350.4828077907487,3305.00657334456,3337.582763671875,1746812,0.0013812747575756568,0.0013803216751425553,5830129622.575195
2021-09-06,3344.2287575634564,3368.4655743015705,3313.216261819144,3346.226806640625,1723693,0.0025899111964613475,0.002586563155964367,5767867723.018799
2021-09-07,3356.651431363143,3361.820145679296,3308.2214838221244,3314.866943359375,1585039,-0.009371708821116376,-0.00941589959632359,5254193385.0354
2021-09-08,3309.741068553439,3314.0845607693886,3262.831352621186,3278.59814453125,4147175,-0.010941253283418106,-0.011001549005663523,13596920260.046387
2021-09-09,3292.1067510211997,3308.612022962336,3270.649939914643,3293.58349609375,1441148,0.004570658220952151,0.004560244482368806,4746541268.228516
2021-09-13,3272.38733704224,3346.5741060930313,3272.38733704224,3340.449951171875,1691473,0.014229624095976057,0.014129333275778854,5650280900.258545
2021-09-14,3344.446351097762,3384.884315985918,3322.7723620290353,3375.676025390625,1991188,0.010545308187117852,0.010490094250848578,6721605593.645508
2021-09-15,3372.374362683401,3457.419856737662,3358.3882327004526,3435.3115234375,2461369,0.017666238584010507,0.01751200443339016,8455569289.131836
2021-09-16,3413.985223966324,3458.9403729078654,3381.0616345028816,3390.791015625,2946666,-0.012959671199760936,-0.013044380403422925,9991528598.847656
2021-09-17,3405.2985386578143,3427.016003827826,3305.398198875761,3325.248046875,6477148,-0.019329698718668742,-0.01951896022652961,21538123736.320312
2021-09-20,3308.873108045843,3362.732423535169,3307.874189447231,3321.46923828125,2002008,-0.0011363990115869083,-0.0011370452025439082,6649607986.792969
2021-09-21,3351.4385106205073,3363.2094166504107,3319.861238160691,3355.738525390625,1568129,0.010317508503287609,0.01026464630563063,5262230898.082275
2021-09-22,3355.348074632068,3385.187953993705,3346.6176119821243,3355.0439453125,1744067,-0.0002069827767776644,-0.0002070042006689077,5851421428.569336
2021-09-23,3361.8629496086937,3369.681235538016,3331.458504327995,3361.21142578125,2003869,0.0018382711431743637,0.0018365835905794384,6735427378.568848
2021-09-24,3379.237295943802,3426.494411341155,3348.832847265645,3362.99267578125,2320754,0.0005299428611771351,0.0005298024910489875,7804678704.290039
2021-09-27,3387.92431758242,3391.399111754299,3303.573604226205,3333.15283203125,1673362,-0.00887300289557369,-0.008912602404164334,5577571289.313477
2021-09-28,3344.4887714625593,3344.4887714625593,3258.7048062205004,3282.94140625,2253075,-0.015064243469043337,-0.015178861733065076,7396713208.886719
2021-09-29,3266.1329691904434,3306.266801239433,3233.4263403457007,3294.01806640625,2489161,0.003374004828463395,0.00336832564498185,8199341304.193848
2021-09-30,3305.3978259324667,3305.3978259324667,3257.706362633929,3279.814697265625,2252412,-0.004311867407612802,-0.004321190316967719,7387493981.897461
2021-10-01,3285.200640749703,3309.7413740348698,3235.9019995485273,3240.419189453125,1578374,-0.012011504139347817,-0.012084225167796225,5114593397.733887
2021-10-04,3235.728229979652,3286.8510096871387,3220.6562261020495,3277.860107421875,1356860,0.011554343984448767,0.01148810231637488,4447597265.356445
2021-10-05,3261.093862461569,3335.801926439112,3250.3220869079396,3329.981689453125,1877966,0.01590110020657498,0.015776002101856184,6253592393.415527
2021-10-06,3332.32761162696,3350.9611529611852,3296.710971356703,3310.523193359375,1678154,-0.005843424351364979,-0.005860563957382664,5555567739.028809
2021-10-07,3327.115296164053,3387.055493405651,3318.4717883990315,3381.75634765625,1647233,0.02151718931912705,0.021288962661248755,5570540653.818848
2021-10-08,3409.641755966438,3466.0202061548184,3387.924292552639,3418.893310546875,2934339,0.010981560784638633,0.010921701281147358,10032191977.976807
2021-10-11,3261.9628843462647,3264.1346306074806,3179.436526420061,3201.67529296875,11845402,-0.06353459960509256,-0.06564270343463113,37925130918.68262
2021-10-12,3219.396333690102,3220.2650321071796,3153.89655787627,3173.22509765625,5752877,-0.008886033938225957,-0.008925750192848553,18255173680.129395
2021-10-13,3170.749899527101,3192.858236546606,3166.4064065140506,3175.26708984375,3545655,0.0006435068816921241,0.000643299919921521,11258401633.439941
2021-10-14,3155.0742541878826,3194.2406932053873,3140.4520744563747,3143.28076171875,6442299,-0.010073586636950904,-0.0101246685524221,20249954507.93994
2021-10-18,3136.3176201055894,3179.1831087021405,3134.5768896042064,3174.3525390625,3590107,0.00988514221260961,0.009836603804917835,11396265270.956055
2021-10-19,3193.370156269083,3211.7349483513485,3155.248115175907,3163.037841796875,3135441,-0.003564411049620464,-0.003570778698467471,9917518533.721436
2021-10-20,3143.760120959149,3159.426699635025,3114.4288467142956,3141.0185546875,2933693,-0.006961436508412522,-0.006985780352076513,9214784146.756836
2021-10-21,3136.883670314862,3139.7992665819975,3056.070167017759,3074.5654296875,4871211,-0.021156552832465314,-0.021383560201429508,14976856941.313477
2021-10-22,3098.5008355842356,3099.8935052260636,3033.223430340186,3045.278076171875,2691670,-0.009525688812093924,-0.009571348376314752,8196883639.289551
2021-10-25,3048.8897923083487,3058.94255450439,3002.7604291932066,3040.142578125,2595594,-0.0016863806583241603,-0.001687804198832444,7890975834.925781
2021-10-26,3041.491784387086,3071.5193896414444,3024.519659678101,3031.134521484375,3878763,-0.002963037557988657,-0.002967436044509637,11757052429.956299
2021-10-27,3031.482212206842,3056.0700308961455,3031.482212206842,3037.357177734375,2510813,0.0020529132593405386,0.0020508089124509398,7626235887.498779
2021-10-28,3061.944982824926,3061.944982824926,2972.297361099239,2978.085205078125,2424942,-0.01951432419300192,-0.019707242522313855,7221683893.372559
2021-10-29,2959.286062701825,3012.334793877842,2947.013824976602,2957.2841796875,3960501,-0.00698469787068412,-0.007009205056386222,11712326950.936523
2021-11-01,2992.2725316859896,3034.963994875041,2970.513397796722,3025.738037109375,2020718,0.023147541210972955,0.022883700627846972,6114163314.871582
2021-11-02,3041.056478243757,3058.115723793771,3019.950118885597,3032.52685546875,3087414,0.002243690060445669,0.002241176746598126,9362665868.950195
2021-11-03,3049.9342708836666,3063.5989646219014,3016.729917190848,3039.533447265625,1537639,0.002310479718997227,0.002307814664977376,4673705170.320068
2021-11-04,3057.549497759696,3057.81064982747,3050.6301366669845,3053.806884765625,328991,0.0046959303944624775,0.00468493891005943,1004674980.8259277
2021-11-08,3088.0563970942476,3088.0563970942476,3029.915946668684,3048.67236328125,2526082,-0.0016813510736350956,-0.001682766130712431,7701196380.782227
2021-11-09,3053.241873185459,3076.7417393701817,3042.7974882144713,3051.239990234375,1782692,0.0008422115095245708,0.0008418570484180368,5439421120.670898
2021-11-10,3044.538221499019,3063.4251085051474,3029.045674614578,3032.6142578125,1516489,-0.006104315780301572,-0.006123023285742065,4598926163.21582
2021-11-11,3028.871104008793,3055.0256225632647,2990.5750325787967,3036.008056640625,1284514,0.0011191000699748432,0.001118474344281136,3899794852.867676
2021-11-12,3051.500793099573,3076.0014917098492,3033.832334714238,3068.95166015625,1747259,0.0108509605050513,0.010792511273178082,5362253408.772949
2021-11-15,3070.6491463666757,3106.856432182133,3070.6491463666757,3092.66943359375,1809157,0.007728298149959345,0.007698587829111636,5595124554.472168
2021-11-16,3106.333630694664,3112.034565678552,3082.833768540347,3095.366943359375,2013204,0.000872226994687475,0.0008718468257686794,6231605111.838867
2021-11-17,3090.319500939084,3100.9814771812103,3051.8491799334315,3065.33984375,1632914,-0.009700659133093592,-0.009748017044411434,5005436345.6171875
2021-11-18,3059.4642841407654,3064.425535995087,3004.152743208787,3025.12841796875,2136598,-0.01311809712167411,-0.01320489931314575,6463483327.575195
2021-11-22,3027.4785951812783,3060.16085491759,2994.317804519924,3010.0712890625,3167936,-0.004977351975146926,-0.0049897802485677056,9535713199.1875
2021-11-23,2998.409038950305,3029.69863504423,2966.0314860207664,3015.16357421875,2153461,0.001691749020946265,0.0016903196254631978,6493037165.700684
2021-11-24,3022.0821816920316,3040.229382169995,2980.1306190967416,2996.9287109375,2161746,-0.00604771941302551,-0.006066080935730042,6478598653.154297
2021-11-25,2997.4516518175155,3014.075717816251,2988.878679162161,2999.1923828125,1849619,0.000755330571173829,0.0007550454526014368,5547363215.905273
2021-11-26,2981.0012315223835,3037.574977522078,2969.5993607935234,3000.018798828125,1941251,0.0002755461838197526,0.00027550822794228185,5823789493.2438965
2021-11-29,3000.2796653058103,3071.8238631118234,2964.8558400184647,3048.019287109375,2981745,0.016000062499608392,0.015873410671650847,9088416269.241943
2021-11-30,3038.4448235185223,3101.7638899496233,3038.4448235185223,3071.649169921875,5588446,0.007752537168132401,0.007722640668264928,17165745517.053223
2021-12-01,3076.7419673552504,3124.612068686096,3076.7419673552504,3113.99365234375,2102118,0.013785585553363289,0.013691428720038075,6545982108.477539
2021-12-02,3123.9147513020857,3175.0922678546226,3110.7723642014284,3170.6533203125,3152938,0.01819517773458057,0.01803162640591909,9996873338.439453
2021-12-03,3173.743431912985,3190.7155548684677,3160.165861043513,3168.521240234375,2486263,-0.0006724418795539533,-0.0006726680700002791,7877777124.308838
2021-12-06,3168.5212674324416,3183.796220721799,3065.4265416572375,3077.959716796875,1849642,-0.02858163684924553,-0.02899804544974935,5693123566.495605
2021-12-07,3100.676911298592,3131.57488473048,3067.4289936532964,3119.824951171875,1484458,0.013601618678287242,0.013509946983153295,4631249107.366699
2021-12-08,3134.185649600943,3173.743712566218,3134.185649600943,3156.72802734375,1428660,0.0118285726761731,0.011759161927628253,4509891063.544922
2021-12-09,3142.0184035972097,3163.5599425138385,3103.722334412091,3134.837890625,1567957,-0.00693443861147891,-0.006958593563028478,4915291014.470703
2021-12-10,3120.259759230678,3169.8705838544292,3111.6432273189575,3165.3447265625,1510718,0.009731551359875246,0.009684504791754325,4781943254.623047
2021-12-13,3176.833684068705,3187.278068783452,3134.7949930935406,3141.71435546875,1883864,-0.007465338891986084,-0.007493343999841915,5918562572.550781
2021-12-14,3137.6668751812713,3163.777833920644,3113.0354949388247,3154.02978515625,1747007,0.003919971166717495,0.003912308099217841,5510112112.876465
2021-12-15,3150.7223405880436,3153.3334364504094,3096.8901625623257,3107.5087890625,1603233,-0.014749700942169541,-0.014859559372098765,4982060638.415039
2021-12-16,3117.648598243218,3140.6697186213864,3107.2042143295057,3117.300537109375,2072320,0.003150996090932612,0.003146042106678726,6460044249.0625
2021-12-17,3135.491383100008,3178.0088182880068,3110.4248168450613,3119.6943359375,4333992,0.0007679076173852106,0.0007676129271843747,13520730294.398438
2021-12-20,3123.7417962117256,3138.538009790884,3055.1133911729394,3095.802978515625,2312310,-0.007658236624869641,-0.007687711499109354,7158456185.251465
2021-12-21,3118.215277739568,3169.1752268679547,3104.071836531394,3140.540283203125,2340989,0.014450953435334757,0.01434753356091806,7351970257.0354
2021-12-22,3154.204135250981,3165.3448546066893,3138.7551497651352,3160.0791015625,1224328,0.006221483119919435,0.006202209592455782,3868973326.2578125
2021-12-23,3175.092635394332,3194.67585477382,3159.4260598907417,3187.886962890625,1792861,0.00879973584027538,0.008761243813141341,5715438208.175049
2021-12-24,3207.2964067053445,3224.7037142044237,3172.3077611305043,3195.024169921875,2209923,0.002238851977605316,0.0022363494829638485,7060757398.66626
2021-12-27,3195.1110213296242,3220.351615069357,3179.5315674317108,3216.957275390625,1534135,0.006864769811518068,0.00684131456131445,4935246749.6813965
2021-12-28,3229.0549636020323,3242.1104418915284,3214.998650306945,3226.05224609375,1456218,0.00282719660988362,0.0028232076062445124,4697835349.702148
2021-12-29,3213.60690491044,3237.7159859183944,3207.2967552562723,3215.7392578125,1456923,-0.0031967827842024343,-0.003201903410218696,4685084486.709961
2021-12-30,3204.1195040416433,3255.1663458319385,3202.94442584533,3249.7265625,1966475,0.010569048658074287,0.010513586707747043,6390506041.9921875
2021-12-31,3257.6030632890643,3272.5733029211456,3247.5938630274704,3253.72998046875,1207141,0.0012319245609606622,0.0012311663645287,3927710862.3530273
2022-01-03,3263.870867754854,3333.5001129336238,3259.5190399311805,3322.838134765625,2346158,0.021239670996583193,0.02101725306169484,7795903272.585449
2022-01-04,3334.456838580845,3384.9813780824193,3317.571622986017,3381.15185546875,2488606,0.017549371452376894,0.017397159469362027,8414354794.430664
2022-01-05,3363.961789441821,3368.313615818848,3318.180490958889,3360.436767578125,1733031,-0.006126636358293136,-0.006145481204599909,5823741091.752686
2022-01-06,3317.832030196248,3337.850429119258,3283.017423373622,3313.871826171875,1810293,-0.013856812261880291,-0.01395371409328957,5999078969.816162
2022-01-07,3324.7956415940866,3363.874960866469,3304.2549343090877,3353.952880859375,2460591,0.012094932088487331,0.012022372877276259,8252706273.06665
2022-01-10,3462.312983509929,3462.312983509929,3360.4802487008137,3376.88671875,3937092,0.006837853334644484,0.006814581242734238,13295113685.296875
2022-01-11,3356.128390327744,3416.18359233309,3356.128390327744,3408.26318359375,1906106,0.009291536097297382,0.009248635313809633,6496510903.827148
2022-01-12,3416.1840637185605,3419.6655251847706,3339.200289545301,3359.523193359375,3203744,-0.014300535964767436,-0.014403774051144645,10763052273.585938
2022-01-13,3410.091351901108,3414.4431785370202,3356.999066942974,3392.596923828125,6684507,0.009844769202405068,0.009796625182051736,22677837885.50757
2022-01-14,3375.145934824292,3461.4425634732415,3359.653391036117,3453.73974609375,3348123,0.01802242460228154,0.017861945982259795,11563545479.910645
2022-01-17,3475.10802715091,3518.887450996019,3448.6490029439037,3498.129150390625,3442604,0.012852562022682923,0.012770668792850947,12042673405.651367
2022-01-18,3511.0102394918767,3517.755570912798,3464.0540716471287,3473.280029296875,2389041,-0.007103545931394506,-0.007128896236501705,8297808394.471436
2022-01-19,3498.0413840088618,3498.0413840088618,3409.544075814221,3413.162353515625,3102539,-0.017308617581698438,-0.01746016294262908,10589469315.114014
2022-01-20,3409.1084508046006,3417.8273982491137,3322.7908711039217,3336.348876953125,6176776,-0.02250507553014014,-0.022762179494296184,20607879670.791016
2022-01-21,3319.3032369219345,3358.1461897142185,3288.0023012626775,3342.408447265625,3112358,0.001816228019305255,0.001814580671534052,10402771670.114746
2022-01-24,3348.075701814863,3356.4894006591326,3260.9735050308036,3288.22021484375,3258414,-0.016212331101007615,-0.016345188853758182,10714382783.129883
2022-01-25,3286.6073819205503,3321.3958985887766,3245.366716144262,3286.9560546875,3330501,-0.00038445118442598236,-0.00038452510472902475,10947210427.092773
2022-01-27,3253.0393597437615,3255.1318220283392,3160.7057895166804,3181.761962890625,5718297,-0.03200349808354108,-0.03252680543475595,18194259887.111572
2022-01-28,3178.928199480695,3251.9930207471753,3178.928199480695,3217.335205078125,3143862,0.011180359373955673,0.011118321134360596,10114857892.507324
2022-01-31,3268.7333570748997,3276.5804096792403,3244.668977275617,3257.61669921875,2739393,0.012520142158966241,0.012442413291021326,8923892382.52295
2022-02-01,3287.043355557894,3320.1753575502544,3257.7476054923573,3313.766845703125,2105169,0.01723657252181976,0.017089708030602647,6976039236.802002
2022-02-02,3337.525291145709,3369.000771700149,3313.766163032658,3362.199951171875,1984212,0.014615725162303361,0.014509944909020895,6671317489.514648
2022-02-03,3357.6666174504307,3385.1313015453898,3327.1939390990083,3334.648681640625,1960538,-0.008194417325372627,-0.00822817611190345,6537705457.006348
2022-02-04,3326.539803558479,3334.735528375889,3286.171037442491,3326.19091796875,2307366,-0.002536328255039355,-0.002539550184615058,7674739833.629883
2022-02-07,3305.3526284106038,3340.9259728140128,3274.9670146178178,3294.889892578125,1919149,-0.009410471666412956,-0.009455029918007314,6323384642.451416
2022-02-08,3305.832756080194,3312.9386135210448,3244.3205356543667,3263.89453125,2946443,-0.00940710079506546,-0.009451627029610322,9616879194.339844
2022-02-09,3269.605179127238,3293.974593822682,3266.204874886914,3278.8037109375,1638721,0.004567910986324142,0.004557509743540818,5373044495.991211
2022-02-10,3304.306207839928,3304.306207839928,3276.5799169014713,3287.347900390625,2112459,0.002605886233635557,0.002602496799147762,6944387658.311279
2022-02-11,3271.7847587121223,3271.7847587121223,3217.2913416782762,3221.607177734375,3851488,-0.019998103227357955,-0.02020077183710469,12407981385.757812
2022-02-14,3246.9360379352192,3307.3147491669633,3234.7295114768162,3255.43701171875,5951745,0.010500918367138068,0.010446166685606686,19375530957.31201
2022-02-15,3300.993431710489,3343.7162732725105,3267.861432131778,3328.7197265625,3931683,0.022510868611480106,0.022261238327207868,13087470760.69043
2022-02-16,3351.5632877458197,3360.3695095219214,3318.431288543338,3324.621826171875,3256906,-0.0012310740246240792,-0.0012318324187412264,10827980773.390137
2022-02-17,3334.996927113229,3343.715873327904,3294.8897745257236,3299.423583984375,3134372,-0.007579280743793437,-0.007608149453969146,10341620897.780273
2022-02-18,3286.171253915909,3327.1066691225346,3276.2317390898334,3307.88134765625,3688883,0.0025634064425463787,0.0025601265202384554,12202387269.38623
2022-02-21,3321.919043560008,3337.438812898183,3230.8496782327734,3242.92529296875,7465922,-0.01963675472626114,-0.01983211755179939,24211427289.131836
2022-02-22,3182.4159725046347,3198.022804045737,3112.664389545629,3126.96337890625,5408531,-0.03575842906832494,-0.0364134235118106,16912278370.6792
2022-02-23,3148.411687072803,3158.787148610905,3100.152231425736,3107.25830078125,2426203,-0.006301665781545673,-0.006321605088727884,7538839411.130371
2022-02-24,3028.9617852607425,3037.550032060359,2956.6818093824854,2965.880126953125,5039136,-0.045499330967296414,-0.04656693489179927,14945473319.414062
2022-02-25,3023.7309413943226,3077.78841497173,3018.499572983606,3069.723388671875,2549723,0.035012629396262485,0.03441362895811421,7826944327.734619
2022-02-28,3042.912824650469,3107.215065572524,3013.181127091719,3098.888427734375,3288942,0.009500868765611514,0.00945601936039128,10192064303.28955
2022-03-02,3097.4055122433483,3114.3638193433144,3056.862414053534,3091.868896484375,2761341,-0.0022651771477723015,-0.0022677465423502612,8537704350.487061
2022-03-03,3106.429888039803,3120.162228552476,3077.8753387197994,3090.34326171875,1928039,-0.0004934344943796631,-0.00049355627324136,5958302331.980957
2022-03-04,3052.939667338102,3104.991744753714,3040.340829947351,3072.862548828125,2370257,-0.005656560262144672,-0.00567261918662636,7283473966.397705
2022-03-07,3008.037021468879,3093.4827107743718,2991.9506051879243,3038.466064453125,3054130,-0.011193629336957334,-0.011256749476809201,9279870361.428223
2022-03-08,3016.755720684322,3146.6680335114793,3016.755720684322,3138.77734375,3300992,0.033013789579686925,0.03248053910908792,10361078901.5
2022-03-09,3143.180735701617,3185.903580652901,3136.2492146549575,3167.2451171875,2719654,0.009069701453715995,0.009028818721667987,8613810851.939453
2022-03-10,3212.060163122713,3212.060163122713,3151.8994271684605,3157.087158203125,2005441,-0.003207190668398696,-0.0032123447273739885,6331352027.634033
2022-03-11,3141.654687525225,3173.5661198059825,3132.5870674744247,3138.079833984375,1623423,-0.006020525651109443,-0.006038722087167718,5094430978.326416
2022-03-14,3121.382892115444,3180.9769774502593,3121.382892115444,3176.312255859375,1765688,0.012183380888196371,0.012109760860636377,5608376434.423828
2022-03-15,3190.262874496947,3190.262874496947,3126.091336067845,3133.50244140625,3651133,-0.013477835617122791,-0.013569486075078144,11440834169.398926
2022-03-16,3174.1324778294074,3198.109580738433,3152.989032536903,3187.5595703125,3090475,0.017251344116390843,0.017104229222348777,9851073163.061523
2022-03-17,3223.046239918665,3234.7295445021614,3191.3964177054013,3202.25146484375,3600452,0.0046091356748541035,0.0045985461356340416,11529552691.09961
2022-03-21,3222.5226847081344,3238.173151385832,3151.8992167802776,3162.100341796875,2413831,-0.012538404147106608,-0.012617673238657487,7632775830.139893
2022-03-22,3173.696684055792,3235.6012072887484,3160.618263654463,3226.838623046875,2907611,0.02047319004848913,0.02026643153460775,9382391475.595947
2022-03-23,3232.9855258355424,3251.9928727405686,3217.291421341195,3236.82177734375,1596195,0.0030937879029873105,0.003089011989100631,5166598736.887207
2022-03-24,3226.0110527855736,3276.7552921780193,3221.651578389917,3269.47509765625,1879046,0.01008808101238623,0.010037535973845699,6143494104.350586
2022-03-25,3278.2366923518357,3295.325913070277,3201.597235823272,3232.505859375,1690133,-0.011307392525409243,-0.011371807122689304,5463364825.623047
2022-03-28,3221.651343649219,3237.3454503300545,3192.1812563088843,3232.724365234375,1760990,6.759643102927093e-05,6.759414649347739e-05,5692795279.934082
2022-03-29,3221.4323931578824,3245.191519678906,3218.1627885907687,3230.674560546875,2689063,-0.0006340796355990275,-0.0006342807491103165,8687487425.807861
2022-03-30,3259.1422326604416,3259.1422326604416,3231.4159399540727,3253.5185546875,1583455,0.007070967289493302,0.007046085224943026,5151800223.012695
2022-03-31,3260.8866548924902,3273.6598289695526,3243.623094734776,3260.843017578125,2168110,0.0022512436205635034,0.0022487133684083883,7069866354.841309
2022-04-01,3267.861263042484,3280.9396832520993,3250.4670067366783,3277.234130859375,1387014,0.005026648996253602,0.005014057573667866,4545569620.779785
2022-04-04,3280.067495312223,3295.761598160607,3258.357404851249,3287.347900390625,1472994,0.0030860686564977424,0.0030813165210553635,4842243733.187988
2022-04-05,3288.7873503056335,3344.2399475087295,3288.7873503056335,3326.1044921875,2314947,0.0117896228118326,0.011720666657688346,7699755615.875977
2022-04-06,3321.308450856893,3321.308450856893,3253.1697538188087,3274.269775390625,2051729,-0.015584211776456969,-0.015706922170909472,6717914251.992432
2022-04-07,3265.68124894717,3265.68124894717,3207.7002576095683,3212.1904296875,2494829,-0.018959752849234568,-0.01914179360109101,8013865837.506836
2022-04-08,3217.2920954382435,3230.3705185904314,3175.877088789648,3213.499267578125,2296773,0.0004074596196192992,0.00040737663049086957,7380678353.293213
2022-04-11,3217.2917846452956,3236.778718405586,3187.734636322579,3222.871826171875,2291660,0.0029166207343851447,0.00291237564833194,7385726449.165039
2022-04-12,3211.188787152056,3260.01489958228,3180.977715231838,3218.251220703125,4483476,-0.0014336919734838638,-0.0014347206931836266,14428952109.993164
2022-04-13,3232.1138622901385,3234.5988474920932,3187.2549196419677,3192.8349609375,1621672,-0.007897537520415221,-0.007928888241280022,5177731056.7734375
2022-04-18,3147.5401125729736,3147.5401125729736,3071.2493203707204,3076.08837890625,3820792,-0.0365651790523398,-0.03725044162804022,11753093869.417969
2022-04-19,3095.2261642756557,3107.0403799545356,2998.576552281814,3027.131103515625,3170014,-0.01591543199029688,-0.016043442523488414,9596047977.97998
2022-04-20,3051.631609318995,3111.9230458257116,3034.1937144086005,3101.1552734375,2640370,0.024453572504971932,0.024159370446897994,8188197349.326172
2022-04-21,3121.3829461849764,3177.184205558116,3110.3969880999252,3163.800537109375,2280996,0.020200621429198984,0.01999929563138009,7216616369.944336
2022-04-22,3122.3421383520026,3153.643072364982,3113.971864238743,3149.76318359375,1581465,-0.004436864255813799,-0.004446736349608389,4981240233.14209
2022-04-25,3102.201593746609,3124.870857781857,3080.49149910498,3093.656982421875,1960694,-0.01781283160083802,-0.017973389604905354,6065714683.492676
2022-04-26,3117.1545248627376,3128.2711832624163,3067.456522605351,3092.00048828125,1943469,-0.0005354485484451166,-0.0005355919522116432,6009207096.959473
2022-04-27,3091.7386978183854,3111.3126918404437,3057.124519775637,3104.991455078125,1727648,0.004201476308335339,0.004192674751160916,5364332277.3828125
2022-04-28,3128.3590253256302,3142.658017106993,3084.807915915622,3125.133056640625,1703660,0.006486846052203843,0.0064658970130083045,5324164183.276367
2022-04-29,3136.205470355331,3159.092707941327,3083.761085375679,3092.34912109375,2051115,-0.010490412712896191,-0.010545824964621846,6342763667.512207
2022-05-02,3068.9822217914025,3093.4389119139187,3045.3103646568115,3088.599853515625,1324161,-0.001212433470900831,-0.0012131690629926053,4089803470.6311035
2022-05-04,3085.199399623491,3091.259025222723,3021.376750080482,3033.9755859375,2305825,-0.017685770306551163,-0.017844032308863313,6995816755.444336
2022-05-05,3062.1818925690936,3080.4044092212253,3038.858706057158,3063.315185546875,1612262,0.009670347957104308,0.009623889415676509,4938866667.680176
2022-05-06,3015.884148783102,3029.398518342552,2985.803777828197,2992.8662109375,2010812,-0.022997625233525665,-0.023266196270379694,6018091291.347656
2022-05-09,2962.697839506829,3013.2677261140675,2918.1005160327813,3003.76416015625,2481830,0.0036413085152029456,0.003634695001052898,7454832005.600586
2022-05-10,2994.0862835389403,3020.9406818291613,2983.623547545211,2998.227783203125,1622685,-0.0018431463516885849,-0.0018448470359867866,4865179250.386963
2022-05-11,2994.957626360662,3006.6845648865383,2948.877916599529,2974.904052734375,1841769,-0.007779172282845193,-0.007809587885037487,5479086062.300537
2022-05-12,2945.2606403315326,3007.7754550444442,2920.934860508519,2971.984130859375,2807195,-0.0009815179996531809,-0.0009820000038680218,8342938992.227783
2022-05-13,2994.958273964552,2999.2304728192926,2948.878554239539,2977.43310546875,2187823,0.001833446737752098,0.0018317680258547165,6514096629.105957
2022-05-16,2977.5206937156568,2990.599115503573,2935.3210712259547,2944.21435546875,1195813,-0.011156841757077984,-0.011219546140883505,3520729801.0561523
2022-05-17,2938.2851908443163,3022.858978236571,2921.1959692768205,3009.431884765625,1754076,0.02215108053383963,0.021909309166982326,5278772242.702148
2022-05-18,3021.1156206320347,3047.2724658323123,3001.977571466822,3006.990966796875,1866781,-0.0008110892893460342,-0.0008114184002345915,5613393603.988037
2022-05-19,2961.826327355389,2968.8014850294667,2816.2199109090097,2844.076904296875,4642963,-0.05417843428826141,-0.05570134747623516,13204943835.804932
2022-05-20,2885.971870225431,2889.372174896334,2851.139714546002,2871.149658203125,3065125,0.009518995026241317,0.009473974865391857,8800432596.099854
2022-05-23,2881.437735548261,2911.1692180116047,2848.4800723039907,2896.21630859375,2293690,0.008730527271195054,0.008692636595323712,6643022384.858398
2022-05-24,2890.4618972135286,2898.9194468786245,2855.978628927339,2866.7900390625,1711510,-0.010160245781344224,-0.010212213380561597,4906539819.755859
2022-05-25,2890.357885421766,2890.357885421766,2768.523667729061,2780.461181640625,3548046,-0.030113421717520072,-0.03057614392719864,9865204173.675293
2022-05-26,2800.957469317206,2845.2847498563847,2791.7848372931185,2832.51318359375,2813186,0.0187206360933303,0.01854756169086167,7968386432.901367
2022-05-27,2855.554301399254,2878.112892084147,2834.4878731863514,2862.664306640625,3103153,0.010644654090760763,0.010588398621617324,8883285331.144775
2022-05-30,2894.0009370688977,2972.649031269277,2884.652794101805,2962.686279296875,2094624,0.034940168298541074,0.03434361663915533,6205713785.0859375
2022-05-31,2944.165004523289,2969.839714625581,2918.5781569271903,2953.118408203125,4840965,-0.003229458063315649,-0.0032346840173731878,14295942854.967041
2022-06-01,2973.877991535847,2973.877991535847,2931.789058688959,2945.087158203125,1493835,-0.0027195827900740044,-0.0027232875738520002,4399474274.974365
2022-06-02,2944.911151142661,3012.499275922984,2937.274613670097,3004.599365234375,2657939,0.020207282105552338,0.020005824400791187,7986041832.231689
2022-06-03,3036.549616789654,3052.2617878256715,3011.7966095219977,3019.652587890625,1913622,0.005010059853712168,0.004997551265630037,5778473624.544434
2022-06-06,3000.210585639355,3030.932461150583,2964.3536823588743,3011.57763671875,1084210,-0.002674132515858685,-0.0026777143952533403,3265182589.506836
2022-06-07,2985.33191096936,3000.956219056718,2945.7884328004134,2951.66943359375,2308256,-0.019892631156031793,-0.02009315327391732,6813208680.109375
2022-06-08,2966.986795089598,2996.655390105723,2937.4499938250347,2988.05322265625,2185707,0.012326512125106603,0.012251159267868331,6531008845.132324
2022-06-09,2971.244130502211,3016.888058060886,2943.243422200155,3008.1982421875,1279197,0.006741854321236529,0.006719229652612736,3848078166.8115234
2022-06-10,2968.6111594481968,2978.266606743859,2942.2781213691173,2949.21240234375,1527582,-0.01960836191462456,-0.019803156449236768,4505163779.99707
2022-06-13,2887.856545320782,2890.4898491615,2802.2302392403376,2826.061767578125,3030921,-0.04175712629845063,-0.04265401153331619,8565569958.649658
2022-06-14,2800.0795032064775,2843.0022662978668,2786.6496119457593,2818.11767578125,2611493,-0.0028110113826999017,-0.002814969694843993,7359494583.479004
2022-06-15,2825.0956872779684,2838.7010882886284,2809.73475065303,2814.386962890625,1404536,-0.0013238314789643102,-0.0013247085179766784,3952907807.310547
2022-06-16,2843.968536163272,2848.2257970063874,2750.0912842876514,2757.947265625,2032028,-0.020053993288704164,-0.02025780402787059,5604226066.2734375
2022-06-17,2714.058324390178,2737.5386155213027,2654.2385282186283,2711.337158203125,5240434,-0.016900289575084493,-0.01704472916233254,14208583429.311035
2022-06-20,2715.813756717515,2755.0938684218168,2693.869560234665,2731.964599609375,1502769,0.0076078481585521995,0.007579054428421938,4105511709.390381
2022-06-21,2747.4134022673966,2841.9928891984864,2743.375584391192,2819.346435546875,2964461,0.03198498104623826,0.03148411370370229,8357842553.667725
2022-06-22,2808.769360580185,2853.2284323936533,2793.9351690902718,2829.001953125,3336315,0.003424736121955929,0.003418885068274407,9438441651.240234
2022-06-23,2829.0021781757464,2912.434064877153,2829.0021781757464,2904.358642578125,3692578,0.026637199514791376,0.026288606134162586,10724570827.693848
2022-06-24,2930.8670987174446,2936.1337062623097,2876.884371382577,2890.57763671875,2132118,-0.004744939435971984,-0.004756232398206534,6163052609.645508
2022-06-27,2940.522604717636,2951.8457254461277,2902.339699253392,2909.537353515625,2037686,0.006559144634633363,0.006537727048481998,5928723531.73584
2022-06-28,2902.778403463079,2922.9670648721058,2872.5832738577947,2912.5654296875,1400046,0.001040741466410866,0.0010402002704750655,4077725579.5722656
2022-06-29,2871.1786926111868,2925.600300358632,2871.1786926111868,2888.295166015625,2133994,-0.008332950540609452,-0.00836786366112165,6163604554.506348
2022-06-30,2872.0563477532055,2906.20143071572,2857.134294601676,2867.75537109375,2719603,-0.007111390540534446,-0.007136797000067772,7799156110.492676
2022-07-01,2861.5230910289315,2925.6001418403152,2854.544879724983,2909.88818359375,1502879,0.014691913028805681,0.014585032456225938,4373209843.471191
2022-07-04,2907.166993000027,2912.3896686210524,2830.8451246154136,2839.622802734375,2622535,-0.024147106839203847,-0.024443428149577135,7447010186.968994
2022-07-05,2857.134615129158,2872.0566699547176,2814.9578231889177,2823.1650390625,2170627,-0.005795756977309496,-0.005812617554881667,6128038259.245117
2022-07-06,2825.0959473592156,2868.9843417565935,2810.832219180068,2862.181640625,2182144,0.013820163193667412,0.013725535587538171,6245692494.0
2022-07-07,2871.1782778598463,2913.6621507610735,2865.9556026660175,2885.96875,1989921,0.008310831513057115,0.008276486710873311,5742849820.96875
2022-07-08,2896.634052528085,2901.022892001612,2852.7456577928106,2866.30712890625,2136916,-0.0068128322920163464,-0.006836145580621102,6125057564.673828
2022-07-11,2814.2548339907876,2830.8008409044132,2726.346484294297,2733.193115234375,6974600,-0.04644094567865442,-0.047553921594858786,19062928701.51367
2022-07-12,2734.1584432507025,2752.8549375750463,2703.743879052446,2707.64990234375,3734815,-0.009345557307404051,-0.009389501028096285,10112571470.021973
2022-07-13,2724.590993932538,2729.857600235243,2664.0250214514344,2667.316650390625,3863530,-0.014896036565957949,-0.015008096746156965,10305257898.283691
2022-07-14,2689.539151729887,2690.419236530846,2611.21160444456,2639.154296875,4764908,-0.010558309044972458,-0.010614443462560026,12575327422.414062
2022-07-15,2656.579694419883,2665.688442078549,2598.8900997906226,2635.501708984375,4574806,-0.0013839993724314992,-0.0013849579841437019,12056909031.271973
2022-07-18,2660.4964567532797,2707.976990638422,2652.839761660094,2696.139892578125,3202795,0.023008212587013466,0.022747514881560345,8635183367.249756
2022-07-19,2666.701122969062,2709.7371858696033,2666.701122969062,2705.600830078125,1865074,0.0035090677327402897,0.0035029253197984183,5046145762.557129
2022-07-20,2735.1274060003793,2791.584756291882,2726.5465797601073,2785.292236328125,3402251,0.029454236324912397,0.029028794166359083,9476263296.3396
2022-07-21,2787.228540686377,2802.189982174116,2767.03063765082,2796.29345703125,2420640,0.003949754557039942,0.003941974755319143,6768819793.828125
2022-07-22,2803.0699659604375,2813.630983100634,2766.5464483505916,2790.748779296875,2075886,-0.0019828668984769315,-0.0019848353816359667,5793276320.459473
2022-07-25,2785.4681525136675,2804.3459268777215,2771.474891342548,2787.00830078125,1797504,-0.0013403135901639551,-0.001341212613829491,5009658568.6875
2022-07-26,2785.2040361556637,2788.9003489613156,2725.1823019627623,2742.255859375,2639367,-0.016057519955611554,-0.01618783887790036,7237819620.791016
2022-07-27,2741.464386254903,2811.079185829187,2737.063961878892,2806.458740234375,1389808,0.023412432738500133,0.0231425657794948,3900438808.8476562
2022-07-28,2830.3528264453307,2872.5968984818282,2817.7235231303016,2869.5166015625,2106333,0.02246883605452865,0.022220130284070355,6044157511.918945
2022-07-29,2895.4794676833635,2919.505829643421,2882.2781935145945,2905.952392578125,2430257,0.012697536231637496,0.012617598482240781,7062211143.729736
2022-08-01,2928.042472386347,2928.042472386347,2878.757717816574,2903.22412109375,1306913,-0.0009388562219199148,-0.000939297223468939,3794261345.770996
2022-08-02,2895.4790367844817,2915.632893070421,2879.329394508913,2897.063232421875,1269114,-0.0021220851077642378,-0.0021243399208681567,3676703507.1518555
2022-08-03,2886.6784066664172,2947.4042633920217,2884.082199243072,2939.04345703125,2895824,0.014490613853215928,0.014386628248045224,8510952579.9140625
2022-08-04,2948.284247964706,2981.6393778391775,2910.748715052076,2952.640625,2150567,0.004626392282911285,0.004615723423032643,6349851490.984375
2022-08-05,2958.141372288894,2972.0467569139196,2952.684888790702,2961.52978515625,1106933,0.0030105797776354137,0.0030060570574030193,3278215049.6723633
2022-08-08,2961.4850004127557,2973.7180917346627,2935.962544242779,2969.8017578125,1068836,0.0027931418072209002,0.0027892482351574905,3174231031.6132812
2022-08-10,2979.0875141786073,2979.0875141786073,2935.0832672926604,2952.02490234375,1878359,-0.0059858727681015855,-0.006003859919619681,5544962543.541504
2022-08-11,2992.2881808117236,3017.5465704239223,2970.3301090460086,3012.090087890625,1449248,0.020347113433625275,0.02014287669265608,4365265535.6953125
2022-08-12,3009.0100251572753,3009.0100251572753,2975.7868229198702,2993.652587890625,1472354,-0.006121164859618111,-0.006139975992553466,4407716362.391113
2022-08-16,3001.969364945804,3005.3577774981677,2981.2873713731783,2985.86376953125,839942,-0.0026017776380869995,-0.002605168143697314,2507952386.307617
2022-08-17,2979.1752345613872,3008.0858922168222,2966.854046980335,2993.256591796875,1622326,0.0024759409123296106,0.0024728808206589065,4856037993.543457
2022-08-18,2983.4876075843345,2985.247777264325,2958.8452320644637,2975.786865234375,1430659,-0.005836361176110416,-0.005853459291642024,4257336260.8293457
2022-08-19,2980.847420528017,3011.2103481950435,2966.986083984375,2979.747314453125,1398410,0.0013308914240530711,0.0013300065730684756,4166908442.0043945
2022-08-22,2961.4856625107705,2978.2953698990436,2945.996082460912,2952.288818359375,1536532,-0.009215041812627445,-0.009257762964436703,4536286242.651367
2022-08-23,2921.837677410358,2941.155497044556,2877.877481785338,2890.726806640625,1849256,-0.020852299861692014,-0.02107277945694985,5345693891.541016
2022-08-24,2897.2393996241462,2911.3207575810075,2860.451808988953,2864.984375,1691923,-0.008905176228168332,-0.00894506429340259,4847332958.703125
2022-08-25,2883.157513491952,2885.0496096749976,2829.2523249384167,2832.28857421875,1946930,-0.011412209108906612,-0.011477828083279604,5514267593.803711
2022-08-26,2846.4584386730107,2866.4363215518924,2831.05695398552,2835.809326171875,1457962,0.001243076706650914,0.0012423047264890818,4134502236.804199
2022-08-29,2750.264984792601,2765.842442693576,2711.5412538067208,2756.90966796875,2539173,-0.02782262455904727,-0.02821700614850786,7000270592.345215
2022-08-30,2776.6677926566595,2839.5938614918264,2765.314783665754,2826.08447265625,3431525,0.025091429542001276,0.024781808165499894,9697779520.031738
2022-09-01,2807.470361006476,2807.470361006476,2746.7445130724805,2756.161376953125,3546935,-0.024742040225501083,-0.025053268850161077,9775925253.563232
2022-09-02,2783.708430697643,2783.708430697643,2746.1288498985514,2755.017578125,2052900,-0.0004149970454159213,-0.00041508318052114036,5655775586.1328125
2022-09-05,2749.076644387517,2770.4627467931514,2739.043764179659,2757.657470703125,2147912,0.0009582126078200304,0.000957753815176344,5923205573.212891
2022-09-06,2759.506254646854,2764.214794894149,2733.85186528633,2752.069580078125,1936453,-0.0020263178746326993,-0.002028373634248309,5329253394.551025
2022-09-07,2730.023159097114,2782.7401547857316,2730.023159097114,2771.915283203125,1291534,0.007211192358165919,0.007185316035509972,3580022833.376465
2022-09-08,2789.869150819009,2801.7502970448945,2781.1563961991515,2789.56103515625,1346113,0.006365905935167726,0.006345729139762493,3755064373.717285
2022-09-09,2811.8710957340245,2845.754362458832,2788.548847209157,2831.804931640625,1561185,0.015143564149335376,0.015030045003362203,4420971382.203369
2022-09-12,2851.386499317343,2877.7011622955056,2838.273322470928,2854.07080078125,1785928,0.0078627835172691,0.007832032919966161,5097164957.097656
2022-09-13,2872.1128147669933,2872.1128147669933,2838.273595799271,2842.10205078125,1972678,-0.004193571510813232,-0.00420238919217383,5606552189.331055
2022-09-14,2759.066122177662,2764.698579511597,2740.4083655364684,2746.216796875,5090269,-0.03373744228497799,-0.034319682823407756,13978982228.41211
2022-09-15,2754.6653975512245,2761.4860546857367,2728.2628538047275,2732.09130859375,2138023,-0.005143617320134353,-0.0051568912566328255,5841274055.873535
2022-09-16,2707.141133277641,2723.290777024356,2640.254681350105,2647.911376953125,5322221,-0.03081153670663872,-0.031296193439788955,14092769536.558838
2022-09-19,2671.936908092196,2677.2174158156986,2629.5168723529423,2665.600341796875,2072220,0.006680346252412761,0.006658131618802065,5523710340.27832
2022-09-20,2684.259193456649,2710.6176956785125,2666.6574938274252,2675.722412109375,1544295,0.0037972947983930805,0.003790103274308777,4132104742.4084473
2022-09-21,2664.8966169537493,2676.6896666312164,2638.626001280077,2641.310302734375,2253818,-0.012860866739861754,-0.01294428366765954,5953032703.888184
2022-09-22,2631.453213955486,2666.6125542259188,2622.0363507780953,2646.7666015625,2017983,0.0020657545697968516,0.002063623832707532,5341130006.920898
2022-09-23,2643.7748504500028,2660.056419935131,2621.772729524154,2624.45703125,2652374,-0.00842899041393741,-0.008464715244788066,6961041593.8046875
2022-09-26,2604.9189274404216,2663.00452081125,2575.2160671939755,2635.32568359375,2925489,0.004141295595368577,0.004132744032334737,7709616298.770996
2022-09-27,2648.527334337031,2662.2567443196413,2619.1325854860343,2655.612060546875,2227447,0.007697863334091171,0.00766838596267553,5915235117.428955
2022-09-28,2622.6529999705645,2684.2148957050317,2622.6529999705645,2671.629638671875,2739767,0.006031595639651277,0.006013478380824238,7319642720.255127
2022-09-29,2687.778440736988,2689.406683236571,2631.4530248210854,2637.877685546875,2493902,-0.012633470087485166,-0.012713950924003035,6578608435.740723
2022-09-30,2632.2016704566418,2657.5919876362846,2596.338215395767,2644.2587890625,2817353,0.0024190293396042506,0.002416108198067615,7449810432.141602
2022-10-03,2635.8541732184285,2658.4723112978595,2617.372391035595,2627.00927734375,1763331,-0.006523382578928927,-0.00654475282730053,4632286896.027832
2022-10-04,2666.612972771875,2726.502788091317,2660.496426210475,2720.47412109375,2145875,0.035578421650838354,0.03496013211079773,5837797404.602051
2022-10-06,2737.943814323573,2749.3849167299395,2721.6181983015977,2729.97900390625,1790816,0.003493833203117802,0.003487743947000525,4888890079.859375
2022-10-07,2725.9748289925205,2732.663560045022,2691.387665003336,2697.3720703125,1939879,-0.011944023579336549,-0.0120159265429585,5232575434.385742
2022-10-10,2649.0551349695907,2752.02505217605,2644.6547111573486,2744.58837890625,3064063,0.01750455901631698,0.01735311893029205,8409591702.036621
2022-10-11,2728.263141363747,2767.8669611577366,2687.2072674564333,2701.464599609375,4730645,-0.015712293919301734,-0.01583704043747022,12779670000.819092
2022-10-12,2714.9736648998382,2736.97578612618,2694.8638550176415,2728.923095703125,1665247,0.010164299801566967,0.010112990694197214,4544330998.350342
2022-10-13,2728.922977087694,2737.063761587593,2686.326958190763,2731.167236328125,2054781,0.0008223539272813607,0.0008220159795529064,5611950545.029541
2022-10-14,2767.866869127891,2772.267293403134,2702.7405898542934,2727.514892578125,2245977,-0.0013372830859345042,-0.0013381780469269118,6125935715.887939
2022-10-17,2711.191188700507,2760.3829006019378,2710.132396730235,2745.691650390625,1517005,0.006664219455578824,0.006642111711321786,4165227962.10083
2022-10-18,2779.4417007596876,2784.162426006963,2760.515069405285,2774.76513671875,1793722,0.010588765975956926,0.010533097621482234,4977157270.56543
2022-10-19,2787.3829499859935,2787.3829499859935,2745.911915275851,2754.603271484375,1194289,-0.007266151995198089,-0.007292679055485963,3289792386.4978027
2022-10-20,2739.735696686924,2788.2656365638254,2739.735696686924,2785.88330078125,1587601,0.01135554786443671,0.011291557604766082,4422871114.203613
2022-10-21,2786.324544285981,2788.6185576972553,2759.1477342638077,2768.32421875,1021913,-0.006302877807669027,-0.006322824801814622,2828986507.3554688
2022-10-24,2797.1771100771816,2804.1476868183136,2783.853351765821,2789.76513671875,260949,0.007745089185554832,0.007715249954944092,727986422.6616211
2022-10-25,2806.3542823473385,2809.663142136303,2780.45685356415,2790.118896484375,2069643,0.00012680628952188577,0.00012679825028396474,5774550043.276611
2022-10-27,2788.8832750526153,2800.618740078452,2765.6331510594896,2785.971435546875,2438421,-0.0014864817921292905,-0.0014875877022678457,6793371253.8376465
2022-10-28,2779.4419971424763,2804.589329497575,2775.0301844485994,2791.13330078125,1355739,0.0018528062307148208,0.0018510919024692753,3784048270.067871
2022-10-31,2822.6772870116406,2822.6772870116406,2803.971247418453,2817.515380859375,1919414,0.009452103226578412,0.009407711609077522,5407978467.236816
2022-11-01,2836.3538362553886,2878.795552389022,2826.6036889900406,2876.236572265625,2991060,0.020841480335890505,0.02062726790808863,8602996161.84082
2022-11-02,2885.325640459638,2885.325640459638,2843.0163977761526,2860.354736328125,1405955,-0.005521741879872533,-0.005537043048630833,4021530043.314209
2022-11-03,2848.3102329584,2848.3102329584,2819.1481100504548,2829.515869140625,1422652,-0.010781483427852123,-0.010840024775588973,4025416410.2646484
2022-11-04,2838.560227097683,2841.2514758680345,2793.692006783395,2838.9130859375,1464013,0.0033211394568815056,0.0033156366535875476,4156205663.682617
2022-11-07,2849.148593513063,2861.325239443402,2819.2365900807545,2853.295654296875,1474498,0.00506622355950892,0.005053433429182555,4207178735.6694336
2022-11-09,2867.501904513535,2867.501904513535,2825.0160177906464,2837.72216796875,1162267,-0.005458069620185468,-0.005473019304601534,3298190830.998535
2022-11-10,2797.0887887002486,2845.618720365395,2797.0887887002486,2828.544921875,1573092,-0.0032340185368884278,-0.0032392592769877036,4449561388.2421875
2022-11-11,2884.9729821003893,2948.5030923607014,2872.134562567838,2925.870361328125,3265394,0.03440830608714873,0.03382957830323742,9554119522.658691
2022-11-14,2932.972948442887,2955.032010931176,2919.737510949914,2943.1201171875,1342074,0.00589559813974283,0.005878287106968937,3949884988.154297
2022-11-15,2930.3257883875335,2947.046514255534,2904.7372765347063,2940.561279296875,1400708,-0.0008694303286099769,-0.0008698085023711774,4118867708.401367
2022-11-16,2946.1199747492524,2971.7084864646695,2930.72279268046,2960.635009765625,1748235,0.006826496223724332,0.006803301199043975,5175885746.297607
2022-11-17,2947.090720002706,2964.7379698230816,2927.4581545775386,2955.031982421875,1417986,-0.0018925086426623272,-0.001894301699751433,4190193980.626465
2022-11-18,2955.915016760777,2967.1651410782993,2930.3264987052357,2950.135498046875,1164540,-0.001656998775013907,-0.00165837311588135,3435550792.895508
2022-11-21,2931.6496896547724,2941.5321075260067,2887.972741682489,2897.237548828125,1304194,-0.01793068462576408,-0.018093387197929543,3778559827.7563477
2022-11-22,2894.148780733,2928.5167544201013,2872.31031051253,2924.9873046875,1149739,0.009578005045046911,0.009532426756331532,3362971978.7041016
2022-11-23,2938.2673417659494,2938.2673417659494,2903.855201727249,2919.1201171875,1150011,-0.0020058847744731656,-0.002007899255666283,3357020245.086914
2022-11-24,2926.1346994104915,2993.8118614360064,2919.1199604786734,2982.517578125,1296591,0.02171800350531039,0.021485527586848272,3867105449.138672
2022-11-25,2985.0327653272407,3002.9889309440055,2954.1500734010056,2990.900390625,1588981,0.002810649821976874,0.0028067073313453733,4752483893.595703
2022-11-28,2970.0322052062625,3015.0326931639333,2969.6351851613313,2995.84130859375,2195437,0.0016519834576360637,0.0016506204338858992,6577180855.015137
2022-11-29,2985.0323478503824,3025.6210229911208,2985.0323478503824,2997.6943359375,1576028,0.0006185332108328279,0.0006183419980099676,4724450208.878906
2022-11-30,2985.032567947061,3013.179847701842,2977.973667402108,2991.9150390625,3410702,-0.0019279139990077132,-0.001929774817251165,10204530607.560547
2022-12-01,3022.0918682867737,3070.6218106972183,3017.6800553403696,3066.783447265625,2180856,0.025023574274550375,0.024715611618136103,6688213081.669922
2022-12-02,3051.2983369722797,3060.827681164754,3011.5036956693657,3034.577392578125,2411749,-0.010501574448047557,-0.010557105095959437,7318638991.9729
2022-12-05,3029.150113101841,3034.5765556827137,3006.2086907480257,3022.88525390625,1475065,-0.0038529709937440426,-0.0038604128080299816,4458952237.053223
2022-12-06,3000.0763974160222,3007.046974384895,2971.7966386935204,2987.105712890625,1166999,-0.011836222023111742,-0.01190682778904528,3485949379.8376465
2022-12-07,2972.0616929376706,2994.473614579414,2959.4438659290595,2982.914794921875,1167505,-0.001403002896972927,-0.0014039880270721172,3482567937.6452637
2022-12-08,2964.7381854060955,2982.9149402110297,2946.605591813029,2956.39990234375,1285619,-0.008888920536135991,-0.008928662675380799,3800803886.0512695
2022-12-09,2977.1791964798053,2977.1791964798053,2890.9282679261296,2905.39892578125,1797896,-0.017251041214711105,-0.01740157417165825,5223605107.066406
2022-12-12,2872.5312544502576,2908.2669373884346,2855.413507309817,2899.84033203125,1527610,-0.001913194673776264,-0.0019150271683584163,4429825089.614258
2022-12-13,2891.6785277132994,2943.958509197416,2883.3844058485947,2940.120361328125,1378016,0.013890430052974745,0.013794842183429603,4051532899.8359375
2022-12-14,2954.8553547630254,2979.737932256247,2947.8845622993376,2969.45849609375,1213311,0.00997854888919325,0.00992909190405216,3602876657.354004
2022-12-15,2963.6794580212227,2968.9294722548675,2910.869971774407,2916.296630859375,1415694,-0.017902882058903336,-0.01806507741074346,4128583642.527832
2022-12-16,2889.7370465513122,2904.7372083196706,2845.795353110489,2859.074951171875,2703680,-0.019621350956551376,-0.019816405366779293,7730023763.984375
2022-12-19,2847.384043898269,2863.707751618169,2818.7072600660117,2825.369140625,2120965,-0.011789061540013024,-0.011859103556676336,5992509059.345703
2022-12-20,2822.589128527509,2866.7955730239714,2791.485852458228,2862.339599609375,1529971,0.013085178305655587,0.013000306929664758,4379296579.553955
2022-12-21,2866.7956690407614,2896.8401542703996,2858.854406799651,2884.0458984375,1432566,0.007583411427172226,0.007554801910190796,4131586096.5410156
2022-12-22,2906.5016446182144,2906.5016446182144,2863.354210925507,2876.236572265625,1384101,-0.0027077676454823063,-0.002711440279551222,3981001915.909424
2022-12-23,2838.5600510219747,2882.545906087743,2838.5600510219747,2848.574951171875,1360281,-0.009617296908216666,-0.00966384177238288,3874862383.1550293
2022-12-26,2848.575232221792,2887.09027146601,2845.6633927147495,2870.237060546875,870157,0.007604542533131697,0.007575773756433443,2497556869.894287
2022-12-27,2884.6194199757956,2888.6783736131365,2851.354397062912,2876.060546875,835883,0.002028921725028221,0.002026866243150062,2404050118.1035156
2022-12-28,2867.502312795073,2881.88486772493,2846.502037690796,2873.943603515625,910795,-0.0007360566041195726,-0.000736327626781981,2617573464.3640137
2022-12-29,2851.00179159365,2886.6491533221797,2848.2663814531547,2884.22265625,1037927,0.0035766368977458995,0.003570255942377464,2993612568.9335938
2022-12-30,2899.487515031026,2910.9140670266365,2864.3252810692306,2873.590087890625,1163131,-0.0036864589272727066,-0.003693270662926069,3342361712.5183105
2023-01-02,2877.3842299429016,2882.546136946802,2854.6192334296225,2877.78125,709547,0.001458510776132238,0.0014574481823676814,2041921052.59375
2023-01-03,2869.443216210816,2929.4438738683607,2863.5314297904347,2921.8115234375,1245178,0.015300076556374886,0.015184210727750494,3638175429.1308594
2023-01-04,2917.707917742617,2935.9288318835124,2899.6194872236865,2924.72265625,1231668,0.000996345174611113,0.000995849152203308,3602287304.578125
2023-01-05,2938.4433252143804,2944.708184643928,2895.8693379101937,2921.59033203125,1826057,-0.0010709816235247027,-0.0010715555341454105,5334990476.937988
2023-01-06,2911.7966394640803,2913.1643446061225,2823.5603776621383,2833.751708984375,2488376,-0.030065345604359472,-0.030526576356372466,7051439742.595703
2023-01-09,2849.148585709542,2935.6201129314486,2842.221953738348,2929.3994140625,2885060,0.03375302951732695,0.03319589796073407,8451493073.535156
2023-01-10,2898.5606771633866,2910.031389127808,2850.1190643433856,2899.7958984375,3864655,-0.01010566038993832,-0.010157069215908485,11206710717.875977
2023-01-11,2903.0608113950348,2955.4730552710416,2886.3398704670703,2937.119873046875,2720512,0.012871241948264833,0.012789111510012904,7990469860.0625
2023-01-12,2937.384743237744,2955.9143556162335,2925.5170107746744,2942.10546875,2250391,0.0016974437267189835,0.0016960046973337548,6620887667.925781
2023-01-13,2949.6495136518442,2981.502886054615,2916.208061086269,2977.576416015625,1742837,0.012056313970516985,0.011984215533006437,5189430348.159424
2023-01-16,2993.323430799437,3025.8105105428135,2976.2226370534986,3008.709716796875,1843607,0.010455919993788143,0.01040163493460318,5546878294.854736
2023-01-17,3005.0549468178974,3051.800290054043,2996.9331766913624,3048.73193359375,1688475,0.013302119700495219,0.01321442334845786,5147707651.574707
2023-01-18,3050.1762493662427,3076.3012356043387,3043.1825020489086,3059.200439453125,2421189,0.0034337246066220573,0.003427842834695986,7406902452.799072
2023-01-19,3050.176310188505,3056.4932433752856,3033.030348681528,3043.94970703125,1585044,-0.004985202089144991,-0.004997669661919337,4824794219.431641
2023-01-20,3036.640289423254,3063.3969277693154,3028.157637960052,3034.92578125,1529349,-0.002964544966168603,-0.0029689479336132978,4641460708.628906
2023-01-23,3057.395186106383,3085.370171575479,3028.156902323591,3081.670166015625,1067916,0.015402150871173026,0.015284741779034574,3290964877.010742
2023-01-24,3090.78528655422,3115.1054362054274,3083.8367038420397,3100.982666015625,1387863,0.006266893911287541,0.006247338589864255,4303739105.804443
2023-01-25,3091.0553251104056,3099.8087438753964,3072.7361784267027,3095.071044921875,874110,-0.0019063702479013012,-0.0019081896843764418,2705432551.07666
2023-01-27,3091.6874086767493,3109.7357881786565,3052.251743528508,3078.1962890625,1785879,-0.00545213845319048,-0.005467055605004784,5497286110.514648
2023-01-30,3086.272889450756,3120.9708549193124,3055.1845998762938,3098.5908203125,1953798,0.0066254810722974344,0.006603629039626785,6054020547.544922
2023-01-31,3112.4430679566062,3112.4430679566062,3024.0060077479234,3030.95458984375,2820375,-0.021828061332063387,-0.022069817990522256,8548428551.330566
2023-02-01,3034.83473656795,3085.3701945661082,3027.615385425356,3075.759521484375,2205161,0.01478244899833192,0.014674253558281022,6782544942.156006
2023-02-02,3092.5897637316407,3130.491359902265,3086.363161059032,3122.73046875,1813847,0.0152713328000873,0.01515589972508685,5664155292.550781
2023-02-03,3162.076591434319,3162.076591434319,3115.9628863490348,3142.494140625,1804469,0.006328971415490603,0.006309027580974917,5670533259.439453
2023-02-06,3134.2358590554663,3134.2358590554663,3101.4782319079895,3122.323974609375,1138714,-0.006418521439665592,-0.006439208717067673,3555434022.42334
2023-02-07,3130.4006191290414,3152.1490012524987,3123.632477843787,3133.694580078125,1455647,0.0036417122506233746,0.0036350972716009495,4561553114.406982
2023-02-08,3138.658220197554,3194.4726991238244,3138.658220197554,3176.60498046875,1986946,0.013693229922092431,0.01360032480257191,6311742559.522461
2023-02-09,3172.0027035874955,3201.421650359285,3163.249283575588,3195.330322265625,1655427,0.005894765610457542,0.005877459456831736,5289636089.397217
2023-02-10,3176.5147978181903,3196.683950073236,3165.8210448180002,3192.352294921875,1187821,-0.0009319935791922696,-0.0009324281552438052,3791943095.3063965
2023-02-13,3202.6849319015614,3202.6849319015614,3134.461969485681,3142.583740234375,1087939,-0.01558993184012547,-0.015712732805354335,3418939411.7668457
2023-02-14,3162.9781608505896,3180.891263668698,3153.9539720892467,3158.556396484375,1579818,0.005082650955486878,0.005069777886239038,4989944249.181152
2023-02-15,3146.7350075745903,3181.929348066534,3122.504969647513,3177.101318359375,1429449,0.005871328400417708,0.005854159322575902,4541504302.42749
2023-02-16,3183.012093754283,3226.147763863208,3182.831654026723,3210.851806640625,1618931,0.010623044372622736,0.01056701628007466,5198147526.176514
2023-02-17,3182.0648709651223,3193.5707139463975,3149.442510168604,3159.50439453125,1061369,-0.015991834940242144,-0.016121084139353217,3353400019.7192383
2023-02-20,3160.2713747659004,3178.319754975871,3135.951226496393,3147.005859375,1296082,-0.003955853069197657,-0.003963698152115177,4078777648.2304688
2023-02-21,3153.0520648453344,3166.498020154709,3108.607927983963,3114.248046875,1139541,-0.0104091997167447,-0.010463754346368087,3548813333.5839844
2023-02-22,3081.715617084995,3110.6381891326687,3063.712402699568,3069.623291015625,1218430,-0.014329223359120014,-0.01443287806596914,3740121106.472168
2023-02-23,3087.175351151494,3115.5112191854573,3075.443904333321,3080.677978515625,1441570,0.003601317312243335,0.003594848096199115,4441012953.48877
2023-02-24,3088.5289980581183,3098.861651446193,3052.2517986673643,3068.630615234375,977592,-0.003910620767658024,-0.003918287238686575,2999868740.408203
2023-02-27,3059.2009273950857,3059.2009273950857,2992.4219101009153,3006.725341796875,1128022,-0.02017358268218017,-0.0203798481919359,3391652333.5043945
2023-02-28,3003.701381280899,3061.004982816527,2977.8921119899733,2989.57861328125,4116217,-0.0057027917639387304,-0.005719114768268512,12305754310.824707
2023-03-01,2998.737959955803,3058.297606467113,2991.518608863523,3055.319580078125,1669307,0.021990044518254148,0.021751750558190563,5100266362.261475
2023-03-02,3033.0295746479205,3041.061013808906,2994.225566403392,2997.3388671875,1556538,-0.01897697159690981,-0.019159345275280338,4665471845.654297
2023-03-03,3026.7130393735433,3030.322715031711,3006.047734357381,3016.019287109375,1043190,0.006232334997678501,0.006212994314730126,3146281160.119629
2023-03-06,3033.8420446565137,3072.691222785889,3031.2251179450036,3042.8212890625,1334132,0.008886548593266097,0.008847295598013992,4059525252.0195312
2023-03-08,3035.7370214238013,3064.614424719153,3005.8219245743644,3059.560791015625,1844590,0.0055013095949130175,0.005486232661261072,5643635239.499512
2023-03-09,3054.6884491786423,3054.6884491786423,3005.82254630904,3011.237060546875,1648500,-0.015794335778734125,-0.015920395414141853,4964024294.311523
2023-03-10,2989.6241340532706,3011.598127160692,2968.9588248883592,3005.9580078125,1024404,-0.0017531176151956984,-0.001754656124269899,3079315407.0351562
2023-03-13,3007.762627347276,3040.97169171865,2952.7150665107374,2961.694091796875,1901233,-0.014725394001041558,-0.01483488884794874,5630870543.229248
2023-03-14,2959.933835721557,2981.9527675921568,2896.222976618514,2901.2314453125,2670334,-0.020414885741184663,-0.020626149753742273,7747256970.287109
2023-03-15,2932.861497795797,2942.2016217694713,2880.521200296672,2886.747802734375,1780522,-0.004992239623462735,-0.00500474248055495,5139917971.220215
2023-03-16,2894.959981480573,2905.608569116776,2862.4728993941326,2874.204345703125,1901060,-0.004345186309440918,-0.004354654067542094,5464034913.442383
2023-03-17,2843.0708376396906,2907.0522516200167,2837.205114597425,2869.060546875,6739966,-0.0017896427008798899,-0.001791246024581562,19337370537.878906
2023-03-20,2860.3523392948427,2860.3523392948427,2793.0320130478685,2836.57373046875,2289468,-0.01132315469662526,-0.011387749688398717,6494244785.548828
2023-03-21,2836.5736038648693,2848.7110949967246,2795.197605797223,2803.003662109375,1815297,-0.011834724406697306,-0.011905312235335506,5088284138.816162
2023-03-22,2824.6161546151097,2836.753644037391,2803.0032673043625,2825.29296875,1123939,0.007951936325281572,0.00792048629536126,3175456954.0039062
2023-03-23,2810.944823053039,2839.326076534462,2798.4012872223343,2819.743408203125,1372218,-0.0019642425080363957,-0.0019661741622576177,3869302660.117676
2023-03-24,2841.6273934074825,2860.6685243938773,2802.9137024502784,2815.998779296875,1329577,-0.0013280034258990048,-0.0013288860039128892,3744087208.981201
2023-03-27,2829.0837247587583,2845.1016629132937,2802.913572280926,2817.623046875,1524217,0.0005767998161314569,0.0005766335310565735,4294668947.638672
2023-03-28,2821.8638616076223,2842.213451587019,2806.6580152242736,2811.846923828125,1303530,-0.0020499985096591455,-0.0020521026327285103,3665326820.617676
2023-03-29,2823.6684368917195,2842.619231770187,2801.198296805515,2832.602294921875,1740616,0.007381401497309481,0.007354292274246975,4930472876.177734
2023-03-31,2878.6711597054764,2899.47195965751,2844.4244061128143,2893.064697265625,2382581,0.021345178760937777,0.021120561146508007,6892960979.47583
2023-04-03,2910.256278083939,2910.256278083939,2864.052466678619,2887.740966796875,1521830,-0.0018401698633915275,-0.0018418650559019274,4394650835.500488
2023-04-05,2874.6555889687143,2945.8114118907883,2874.6555889687143,2923.656982421875,2655065,0.012437409046711867,0.012360699862262143,7762499326.033936
2023-04-06,2910.3008553601517,2939.4941939275836,2901.2766666613607,2906.42041015625,1703464,-0.005895552169511542,-0.0059129995456107046,4950982537.566406
2023-04-10,2905.7892047556925,2952.7149931554736,2901.2771097172517,2944.9541015625,2203187,0.013258127169626599,0.013171007386910728,6488284592.15918
2023-04-11,2945.4954794330633,2953.572085045166,2880.656589162442,2900.194091796875,2348779,-0.015198881959442634,-0.015315568815464873,6811914978.736572
2023-04-12,2912.963319978562,2942.7431464979895,2886.8383344135827,2925.326416015625,2417727,0.008665738713776516,0.008628406717898834,7072640659.814209
2023-04-13,2896.765029058617,2914.813409301973,2869.6924586935834,2877.678955078125,4174070,-0.01628791258187079,-0.01642201883115226,12011633396.02295
2023-04-17,2828.2713129172603,2854.7120118386847,2770.6517749633886,2833.144287109375,5505048,-0.015475898689171541,-0.015596900439956275,15596595291.46289
2023-04-18,2847.0862947489463,2848.801022746983,2807.064151110326,2825.247802734375,2617302,-0.0027871804520964716,-0.002791071871940906,7394526724.592285
2023-04-19,2825.2482224420037,2833.595598009388,2771.779897861731,2788.11376953125,3298034,-0.01314363758364323,-0.01323077960580627,9195294007.782227
2023-04-20,2788.474964066555,2809.2306029576653,2777.6459350798887,2801.830810546875,2419999,0.004919828295934625,0.004907765489150812,6780427759.692627
2023-04-21,2806.5232795765946,2855.6599533822787,2798.22106827922,2852.411376953125,1929184,0.018052684057813462,0.01789166930180282,5502826389.8359375
2023-04-24,2843.612470588807,2870.5495443318514,2821.09694130206,2864.999755859375,1640676,0.004413241024054715,0.004403531233169783,4700536339.444336
2023-04-25,2872.399452036514,2879.799243193542,2840.363580045532,2866.08251953125,2024090,0.00037792801540748044,0.0003778566186030675,5801208966.958008
2023-04-26,2870.5946482272543,2895.3208390571563,2870.5946482272543,2886.071044921875,2000029,0.006974162556175889,0.006949955568305811,5772225785.904053
2023-04-27,2874.20436323212,2887.018668292053,2861.254563139059,2876.866455078125,2434446,-0.0031893150585969865,-0.003194411763418478,7003576034.099121
2023-04-28,2888.101861479268,2912.3319012830834,2884.3569105201195,2905.112548828125,2931312,0.009818354168001475,0.009770467320278217,8515791275.730469
2023-05-02,2919.325628047492,2919.325628047492,2896.765151787465,2905.247802734375,2321159,4.6557200100494356e-05,4.6556116347691294e-05,6743542084.547119
2023-05-03,2902.179217450923,2902.179217450923,2863.5104789920574,2869.601806640625,2468285,-0.012269520025176672,-0.0123454119969469,7082995095.303955
2023-05-04,2869.8272809192304,2909.8044809182966,2867.8871684758333,2906.42041015625,1953253,0.012830561867650747,0.012748947572218188,5676974385.398926
2023-05-05,2905.78922896011,2927.44728532503,2896.8102038222487,2915.445068359375,1710027,0.0031050766680515984,0.003100265873512355,4985489783.911377
2023-05-08,2928.349685732607,2937.2386011027506,2915.9865893662864,2933.4033203125,928235,0.0061596948431721366,0.006140801468146791,2722887631.0302734
2023-05-09,2935.208133223178,2976.177867775832,2929.2520796847634,2962.8671875,1107375,0.010044260529561644,0.009994152199495537,3281005051.7578125
2023-05-10,2968.9582531273554,2983.848165339088,2947.345364010718,2966.070556640625,1559987,0.0010811720330021757,0.00108058798745094,4627031509.442139
2023-05-11,2986.104796779693,2986.7364460851772,2952.7152901369464,2961.874755859375,1719623,-0.0014145991139206116,-0.0014156006038297442,5093307953.295166
2023-05-12,2959.1668827295052,2968.958216036899,2941.885648717414,2954.790283203125,1027479,-0.002391887989941166,-0.00239475312365047,3035984965.3952637
2023-05-15,2963.5436844116543,2970.7630356526083,2931.372538570999,2937.418701171875,1150390,-0.005879125205602853,-0.005896475297858568,3379177099.6411133
2023-05-16,2938.456635647952,2964.446346309158,2933.2677265181874,2940.21630859375,986306,0.0009524033535834864,0.0009519501052701746,2899952986.463867
2023-05-17,2938.231342296513,2959.9345651071476,2886.161805748151,2895.592041015625,1588815,-0.015177205652419534,-0.015293558210407085,4600560068.64624
2023-05-18,2911.1582258666713,2913.8654825847825,2883.228404788249,2887.605224609375,1369364,-0.002758267149901572,-0.002762078178239376,3954182640.791992
2023-05-19,2896.7646688524947,2918.873931901369,2890.492901561237,2908.36083984375,1152449,0.0071878299213088415,0.0071621205944878774,3351737541.51709
2023-05-22,2914.813666901652,2985.6084005993453,2903.12738372472,2976.809814453125,1333243,0.02353524145685193,0.023262557824281604,3968810847.4509277
2023-05-23,2983.397162487744,3003.2052151323046,2969.048788762343,2975.320556640625,1687418,-0.0005002865165484316,-0.0005004117016017556,5020609463.04541
2023-05-24,2956.324611866416,2993.5042301988665,2956.324611866416,2981.005859375,1016555,0.00191082023807021,0.0019089969433685723,3030356411.376953
2023-05-25,2972.5681528543437,2983.3971807335947,2948.293170151878,2972.116943359375,1374917,-0.002981851239127975,-0.002986305814993089,4086414111.412842
2023-05-26,2972.1169557498865,3012.861085188572,2969.860908265637,3004.0625,1791115,0.010748418467180887,0.01069106482535568,5380621404.6875
2023-05-29,3032.849480091868,3042.9565276981425,2988.811393753336,2996.3466796875,1210372,-0.0025684619785706353,-0.00257176613598608,3626694123.3867188
2023-05-30,2991.5191919697595,3002.3030557024185,2979.2012598943925,2992.60205078125,1344224,-0.0012497315252721908,-0.0012505130909475231,4022727499.109375
2023-05-31,2986.1044948593535,3002.9796862307608,2946.5333332663195,2968.50732421875,5815424,-0.008051430211447497,-0.008084018012478466,17263128737.4375
2023-06-01,2990.6164353941035,3014.0793283694343,2975.7265225443743,2999.640625,1177314,0.010487863892821414,0.010433247787262047,3531518902.78125
2023-06-02,3001.670995775546,3010.379250409834,2975.681286269555,2983.0361328125,2030661,-0.0055354938351990235,-0.005550871455937118,6057535136.493164
2023-06-05,2991.5190448102617,3002.3480730267693,2964.491639283323,2967.9658203125,1861468,-0.005052004678800626,-0.005064809198304566,5524773399.605469
2023-06-06,2959.9340095974917,2967.920505036819,2906.3304147456515,2916.888671875,2022849,-0.01720948000409317,-0.01735928429544584,5900425333.013672
2023-06-07,2935.5686573495286,2958.896273847872,2924.739630639355,2955.33154296875,1567196,0.013179409781532314,0.013093316970405404,4631583772.814453
2023-06-08,2942.7882185183284,2950.9099891306146,2917.520487724549,2920.6337890625,1759366,-0.011740731421082673,-0.011810198069745278,5138463786.927734
2023-06-09,2928.349367716642,2932.8614622739865,2892.568546003746,2896.133056640625,1775689,-0.008388840981580103,-0.008424225336197326,5142631611.213135
2023-06-12,2901.2771305591828,2936.8323515906563,2897.6674545025,2930.064208984375,2324605,0.011716019837537672,0.011647918677375309,6811241910.526123
2023-06-13,2941.885987673672,2946.398082746791,2922.9351883665713,2927.176513671875,1371928,-0.000985539942655711,-0.000986025906462394,4015875420.048828
2023-06-14,2927.1762148240855,2938.140736922636,2911.068169247874,2933.80908203125,1658544,0.0022658586963910654,0.002263295509724048,4865851450.1484375
2023-06-15,2950.4009142583286,2952.3554558246337,2918.3085669348598,2924.0361328125,2273810,-0.003331146964745124,-0.003336707587063012,6648702599.150391
2023-06-16,2906.4895735209416,2908.6713974620043,2869.2152311642453,2886.397705078125,4156189,-0.012872080242788297,-0.012955643329372504,11996414391.470947
2023-06-19,2900.1257053530403,2922.7629614182097,2886.488750625675,2918.671875,1468186,0.011181470199028487,0.011119419676724846,4285153185.46875
2023-06-20,2921.9451044006205,2938.7640167937166,2910.171910116586,2934.400146484375,1528452,0.0053888453920072354,0.005374377518160257,4485089772.694336
2023-06-21,2954.6733500744476,2965.0373462739954,2930.990462369648,2962.128173828125,1645987,0.009449300013486539,0.009404934640289075,4875624466.454834
2023-06-22,2963.7648075039565,2970.719565585934,2936.5819000456095,2944.218505859375,1529603,-0.0060462164085237635,-0.0060645687873153555,4503485459.218018
2023-06-23,2943.128271216813,2954.1286173145772,2917.5361139538345,2924.08203125,1119505,-0.006839327505516635,-0.006862822895606536,3273524454.3945312
2023-06-26,2913.76261193622,2921.8537828251756,2884.6704423318647,2899.807373046875,1978803,-0.008301633792656582,-0.008336284258044335,5738147529.207275
2023-06-27,2911.0359619393075,2917.990721723186,2893.126134859427,2906.80859375,863542,0.0024143744057623096,0.002411464486691644,2510151306.6640625
2023-06-28,2916.4902067752564,2937.354704231224,2903.2168146828576,2923.26318359375,1575872,0.005660706342732524,0.005644744752171802,4606688599.65625
2023-06-30,2927.39956983638,3009.221296943608,2922.035789841607,3002.175537109375,2672406,0.026994611350255937,0.026636683951405418,8023031918.424316
2023-07-03,3013.130740028882,3017.221826572155,2971.719808516399,2974.947265625,1687264,-0.009069513473749624,-0.009110891889149252,5019521423.1875
2023-07-04,2991.0390723859205,3013.767332814385,2979.493160479394,3008.17626953125,1656681,0.011169611068473584,0.011107691613615639,4983588470.383301
2023-07-05,3018.312834894104,3026.495008241709,3004.6758793147633,3018.267333984375,1453008,0.0033545455947292524,0.0033489316579568998,4385566582.417969
2023-07-06,3006.084827429316,3025.9946921480014,3001.948240187536,3020.948974609375,1848238,0.0008884702142868406,0.0008880757582503389,5583432690.934082
2023-07-07,3001.9483663386086,3051.8595329506525,3001.9483663386086,3026.72216796875,1789326,0.0019110529200916382,0.001909229181597474,5415792669.922852
2023-07-10,3022.6310315390187,3022.6310315390187,2968.492276589758,2974.62890625,1407431,-0.017211114475601197,-0.01736094738929332,4186584936.1523438
2023-07-11,2995.584029096335,2995.584029096335,2964.4918204388714,2975.03759765625,1110172,0.00013739240057519808,0.00013738296310374486,3302803439.8652344
2023-07-12,2982.810819949394,2990.265643534798,2954.764285186682,2963.673583984375,1515240,-0.0038197882543828943,-0.003827102276822574,4490676761.396484
2023-07-13,2985.583996893055,3061.4508783669453,2975.356280703942,3036.995361328125,4585146,0.02474016630575626,0.024439084167689706,13925067133.012207
2023-07-14,3059.2238677171986,3204.5484543463,3047.4051722401337,3195.275146484375,6306101,0.05211722980275857,0.05080454328080524,20149727796.520264
2023-07-17,3191.0475301955958,3227.3217423976093,3161.0917295383088,3174.410400390625,2743228,-0.006529874623381504,-0.006551287521273716,8708131493.842773
2023-07-18,3160.1375582293717,3203.7758214040005,3150.1371229185193,3179.093017578125,2600090,0.0014751139887028142,0.0014740270768109816,8265927964.074707
2023-07-19,3181.9564387643286,3197.275374973218,3132.545112140107,3154.72802734375,2405370,-0.007664132537064439,-0.007693652929700604,7588288155.131836
2023-07-20,3147.4820964492365,3170.998479134149,3131.9410689920446,3156.779296875,1715404,0.0006502207206042776,0.0006500094187018149,5415151832.9765625
2023-07-21,3102.772940548675,3130.892412746542,3061.755687476042,3070.18701171875,3770223,-0.027430579401597877,-0.027813822388484562,11575289685.8833
2023-07-24,3081.7628492870426,3111.3408007755556,3073.650637395516,3094.2958984375,1680132,0.007852579216421463,0.007821908176129426,5198825556.433594
2023-07-25,3096.8020315497083,3105.2789734494727,3081.0331349031017,3098.305908203125,1272980,0.0012959361021840365,0.00129509710177595,3944081455.024414
2023-07-26,3099.400300884362,3118.0859374639376,3085.408771798231,3088.416748046875,1066803,-0.0031917959198500823,-0.0031969005653321825,3294732252.0666504
2023-07-27,3094.4780014441108,3109.699914070163,3085.454295510359,3096.25537109375,1701769,0.0025380716678966575,0.0025348562035710474,5269111406.61084
2023-07-28,3085.4082996318757,3093.3382557772507,3036.187605930215,3058.427978515625,2599831,-0.012217142336280351,-0.012292385081956589,7951395869.812256
2023-07-31,3066.6317666989726,3123.3722948817326,3063.4415361987367,3118.632568359375,2743678,0.01968481529291055,0.019493574929622892,8556523567.891113
2023-08-01,3112.753742203544,3153.7709950290664,3112.753742203544,3146.524658203125,1956167,0.008943692221627497,0.008903934285670491,6155127701.063232
2023-08-02,3130.937826905583,3141.374393886134,3111.477553853232,3136.13330078125,1914899,-0.003302487204346005,-0.0033079524511358065,6005378521.532715
2023-08-03,3117.3109079687597,3129.3882090010948,3069.913198256954,3099.035400390625,2026351,-0.011829184805819182,-0.011899706305348232,6279733482.616943
2023-08-04,3100.2203533858487,3163.7970883064404,3100.2203533858487,3138.776611328125,2248493,0.01282373571224471,0.01274220786800092,7057517239.13501
2023-08-07,3148.256552023698,3179.2929859139754,3136.680615761602,3175.692626953125,1853889,0.011761275234359436,0.011692649000704883,5887381628.489502
2023-08-08,3175.6921726071587,3181.06990066204,3150.67169533121,3163.4326171875,1634225,-0.0038605782126299726,-0.0038680494798378298,5169760668.823242
2023-08-09,3158.236569613068,3160.1507966916743,3121.9136546042855,3156.049072265625,1794589,-0.0023340294595682876,-0.0023367575521196283,5663810948.548096
2023-08-10,3144.656039836463,3158.237218937404,3126.4717689822373,3137.455322265625,1096701,-0.005891464161123516,-0.005908887301679487,3440850389.384033
2023-08-11,3133.80930927876,3159.8322990598804,3111.8422029571116,3143.562255859375,1679974,0.0019464607353643082,0.0019445688352755079,5281102857.225098
2023-08-14,3136.1792226802268,3149.2136391229633,3109.1078793193715,3144.51953125,1190425,0.00030451930412400685,0.00030447294753146087,3743314662.9882812
2023-08-16,3144.6560351883286,3159.2399472355787,3131.1658720380547,3152.3125,1328445,0.0024782701053545075,0.002475204258283665,4187673779.0625
2023-08-17,3149.2132599891765,3154.499972197025,3111.112748256115,3131.6669921875,1843241,-0.006549321430695754,-0.006570862340034736,5772416998.34668
2023-08-18,3108.196040036422,3108.196040036422,3059.431087502126,3069.093017578125,2526749,-0.0199810435673643,-0.02018336420599078,7754827713.07251
2023-08-21,3076.293965445594,3107.96839960833,3073.5594819207536,3100.585205078125,1375579,0.010261073000925602,0.010208785570598322,4265099895.816162
2023-08-22,3099.0813009996327,3109.1077405028673,3067.2246127209246,3082.81103515625,1222012,-0.005732521039178207,-0.0057490150027774516,3767232078.6933594
2023-08-23,3088.143022258699,3100.9039438382806,3077.205089476201,3097.48583984375,1330046,0.004760202464617169,0.004748908527634671,4119798651.3408203
2023-08-24,3106.373291177773,3110.9763829614676,3079.1196943322775,3087.91552734375,1152881,-0.0030897033900508797,-0.0030944863781205987,3559999141.07959
2023-08-25,3076.2936734488317,3086.137857710432,3053.734186510207,3082.0361328125,1158046,-0.0019040010904403104,-0.001905816004614785,3569139615.4589844
2023-08-28,3093.6121942799687,3093.6121942799687,3062.712621128665,3076.795166015625,1037485,-0.0017004884339536508,-0.0017019359055825758,3192128832.8137207
2023-08-29,3081.8082530524075,3089.555955621917,3067.1787231057706,3077.341796875,944517,0.0001776624149090189,0.00017764663481117577,2906601641.9589844
2023-08-30,3097.2581115677926,3106.464294438142,3083.6313141767887,3090.83203125,1188200,0.004383729616482368,0.0043741490626410615,3672526619.53125
2023-08-31,3099.9925997056025,3114.941019553153,3047.7183044022304,3059.70458984375,3417652,-0.010070893886026333,-0.010121948403504078,10457005510.888672
2023-09-01,3068.090387808054,3089.054760630272,3059.704683185733,3080.1220703125,1277950,0.006673023446944093,0.00665085738112585,3936241999.7558594
2023-09-04,3079.028080349797,3129.023637156642,3071.7817443830672,3115.943603515625,1828332,0.011629906992449479,0.011562799426140696,5696979400.50293
2023-09-05,3117.310934204945,3141.9212836855104,3103.775152977507,3125.83349609375,1501842,0.003173963921223155,0.003168937530649734,4694508029.44043
2023-09-06,3130.0716886126784,3139.0953939260744,3097.3491295124654,3126.33447265625,1314818,0.00016026975305183377,0.00016025691122704787,4110560838.6689453
2023-09-07,3127.1556523960603,3153.771249649537,3119.4079484590598,3149.441650390625,1885092,0.007391140626979098,0.007363959995506889,5936987259.618164
2023-09-08,3149.4410000920693,3158.3280704200915,3131.0288578677555,3137.2724609375,1518917,-0.003863919641634128,-0.0038714038643098167,4765256474.549805
2023-09-11,3155.593978203435,3177.1963534783295,3140.0985716091377,3172.59326171875,1783604,0.011258442236379729,0.011195537673521811,5658650031.974609
2023-09-12,3182.9384041965895,3272.1736158051285,3174.7349547012377,3263.879150390625,4476016,0.02877327193918977,0.02836709432235744,14609175299.214844
2023-09-13,3255.0377963035894,3271.2168221792035,3231.2477030451937,3252.075439453125,1754929,-0.003616466907510163,-0.0036230221332335683,5707161498.884033
2023-09-14,3254.0807646975677,3279.2834969091505,3231.794770182642,3244.9658203125,2604721,-0.0021861790333561615,-0.0021885722113189426,8452230616.450195
2023-09-15,3252.075604550965,3288.0796357921176,3247.153400937542,3279.83056640625,2952897,0.010744256804033903,0.010686947409351258,9685001840.049316
2023-09-18,3263.195724267092,3298.971881144957,3258.820506435336,3286.985595703125,1395753,0.0021815240610782993,0.002179147992470178,4587820006.159424
2023-09-20,3263.1500568604156,3304.167306178493,3263.1500568604156,3286.89453125,1649396,-2.770454888634255e-05,-2.770493266444533e-05,5421390692.265625
2023-09-21,3270.9430695057613,3285.937106943507,3215.7520425233542,3267.980712890625,2004073,-0.00575431252191172,-0.005770932366063922,6549271911.2248535
2023-09-22,3266.796010717758,3312.1428582437647,3249.52323591542,3284.706787109375,1989083,0.005118167972281373,0.005105114670965985,6533554430.223877
2023-09-25,3283.6584732834535,3299.6096247844835,3243.689356080608,3260.552001953125,1238778,-0.007353711220448589,-0.007380883045930919,4039100087.8754883
2023-09-26,3251.847543695411,3276.7767822705646,3223.0442313478416,3268.345458984375,1726062,0.002390226264320061,0.0023873742173104334,5641366899.625488
2023-09-27,3272.264954709884,3294.1408207023737,3241.000651722388,3271.626953125,1541134,0.0010040230391203941,0.0010035193451075873,5042015532.777344
2023-09-28,3281.3795548526186,3283.9317834573963,3215.1595814601687,3223.7275390625,1755753,-0.014640854458283337,-0.01474908950269345,5660069297.891602
2023-09-29,3224.1380349399456,3252.622235715334,3195.28932540776,3216.29931640625,2243791,-0.0023042340167526154,-0.002306892849121167,7216703459.458496
2023-10-03,3221.403759691803,3221.403759691803,3172.0920416447743,3202.85498046875,1948148,-0.0041800636740868535,-0.004188824562818424,6239635524.490234
2023-10-04,3177.7430606044213,3233.982222159653,3169.539610773689,3224.639404296875,1788138,0.00680156421722744,0.006778537930208015,5766100255.120605
2023-10-05,3239.451432181438,3303.2560467713934,3236.8992030912727,3271.6728515625,2990768,0.014585645515263534,0.014480298125338714,9784814470.921875
2023-10-06,3273.176401347944,3313.236535855373,3258.63811012588,3300.8857421875,2075691,0.008929037819612073,0.008889409680825485,6851618827.086914
2023-10-09,3322.443150428711,3353.3883449301275,3309.636607893801,3316.336181640625,4233074,0.004680695019418035,0.004669774629902049,14038296465.762207
2023-10-10,3317.885464751515,3325.13180122624,3282.610673537835,3307.72216796875,1848148,-0.002597448871306418,-0.0026008280944672213,6113160109.287109
2023-10-11,3326.9550728215254,3326.9550728215254,3285.9378184990683,3290.404052734375,2426417,-0.00523566199183223,-0.005249416098987415,7983892330.423584
2023-10-12,3258.5928446615626,3271.0346556007717,3224.958786550778,3229.014892578125,4241281,-0.018657027882406974,-0.01883326571901728,13695159512.608643
2023-10-13,3217.575662499397,3260.4159050312583,3213.018189889624,3254.810302734375,2890357,0.007988631522121592,0.007956891333713413,9407563742.18042
2023-10-16,3250.3892477395666,3258.2735858136334,3207.6402465342494,3212.152099609375,1671104,-0.013106202560918101,-0.0131928467169422,5367840222.265625
2023-10-17,3217.5754919446927,3221.3581049971613,3193.284253235353,3196.65673828125,1672065,-0.004823981196285576,-0.004835654148775508,5345017849.094238
2023-10-18,3200.2571247966926,3210.9215657245095,3175.6467737942685,3178.609130859375,1408245,-0.005645775852548551,-0.005661773486154065,4476260415.487061
2023-10-19,3170.613008079076,3177.3299169246034,3154.529105910934,3157.9560546875,1514545,-0.006497519928249651,-0.006518720695695955,4782866552.84668
2023-10-20,3153.1583821122936,3198.0286547963883,3147.3555492799665,3193.505126953125,1481211,0.011256987636942606,0.011194099267252431,4730254922.599365
2023-10-23,3173.81148296811,3179.2488637203114,3108.288267201467,3116.375732421875,1106272,-0.024151955755536192,-0.024448397062835744,3447559214.2578125
2023-10-25,3098.418186283159,3129.946110609001,3086.2638983706042,3098.052734375,1518537,-0.00587958565337543,-0.005896938468777602,4704507705.099609
2023-10-26,3077.90271648634,3083.0658968190555,3043.1305643648857,3049.299072265625,1984471,-0.015736872897100795,-0.015862012084009405,6051245579.238037
2023-10-27,3061.407274974717,3072.3735099895516,3049.5271870419792,3062.275390625,1108851,0.004255508578151268,0.00424647950798225,3395607129.169922
2023-10-30,3061.407257455826,3091.427414880595,3046.5571476248833,3087.497802734375,910972,0.008236493747947105,0.008202758944395962,2812624048.352539
2023-10-31,3106.186535395408,3106.186535395408,3061.4534729540014,3078.54248046875,999811,-0.002900511300022224,-0.0029047259346261164,3077960635.9399414
2023-11-01,3065.976774735599,3081.146823579833,3025.7672432636564,3043.724365234375,1563475,-0.011309934962818291,-0.011374378640528912,4758786951.934814
2023-11-02,3055.1929592139313,3085.121641576822,3055.1929592139313,3070.63720703125,1245384,0.008842075880547862,0.008803213641514976,3824122447.4414062
2023-11-03,3090.6506520884154,3096.0422952066797,3056.1984407717223,3062.229736328125,1402598,-0.002738021503769117,-0.0027417767408261717,4295077303.714355
2023-11-06,3084.253541799562,3100.063241613325,3069.631895379179,3089.05126953125,1099852,0.008758824618849914,0.008720688636966664,3397499216.8964844
2023-11-07,3086.995582368968,3110.8927502240704,3076.0293458419023,3080.095947265625,1191144,-0.002899052648933198,-0.002903263041465874,3668837807.0097656
2023-11-08,3081.009497872084,3108.8820129756928,3079.273266502525,3090.239501953125,992899,0.0032932593208678806,0.0032878484188052187,3068295711.249756
2023-11-09,3098.0531123476367,3099.3324172908847,3054.14243153224,3059.0771484375,2112352,-0.010084122442914012,-0.010135311628399944,6461847732.65625
2023-11-10,3050.4407899010757,3059.076654645612,3036.139082151722,3046.28271484375,1338557,-0.004182448814762707,-0.004191219718252895,4077623051.9331055
2023-11-13,3066.890289328859,3066.890289328859,3040.388555601047,3044.546630859375,1030990,-0.000569902450588522,-0.000570064906715811,3138897130.949707
2023-11-15,3091.6556611078686,3118.9797720354964,3066.9358969333903,3111.029296875,2059802,0.021836639104738875,0.02160163468483146,6408104367.761719
2023-11-16,3134.5614749653105,3225.307120972767,3120.076815913559,3196.520751953125,3951984,0.027480118931699105,0.027109318229476473,12632598867.386719
2023-11-17,3196.5205315189633,3220.874622639635,3191.6770664120663,3200.72412109375,2021292,0.001314982591011482,0.0013141187586042755,6469598060.173828
2023-11-20,3190.4889097792343,3229.464646386725,3190.4889097792343,3216.396728515625,1475621,0.004896581782412257,0.004884632516997899,4746182556.928955
2023-11-21,3216.396747586853,3234.1711418231757,3199.398994448308,3207.806396484375,1807236,-0.002670793672649441,-0.002674366605198725,5797263200.756836
2023-11-22,3198.4847810027104,3228.3219855020557,3181.2130524287327,3226.037353515625,1798051,0.0056833096446313736,0.005667220571047277,5800579689.526123
2023-11-23,3225.9012058072935,3238.695148266586,3198.4856148230956,3206.02490234375,2729804,-0.006203415825320802,-0.006222736955385095,8751819602.517578
2023-11-24,3193.230552452981,3202.6432821116277,3155.5341196594813,3159.281005859375,1989733,-0.014580016658698791,-0.014687349657053464,6286125673.631592
2023-11-28,3159.2809411434473,3181.350399374295,3137.25699707058,3171.20654296875,1689195,0.0037747630195785753,0.0037676564797066037,5356786236.350098
2023-11-29,3181.121855475698,3214.9344118251956,3176.3698651510044,3211.050537109375,1441634,0.012564301189705862,0.012486025329908553,4629159630.015137
2023-11-30,3197.9828327668433,3213.7010597281014,3181.122289556821,3187.15380859375,3266235,-0.0074420281585281245,-0.007469858210743604,10409993320.012207
2023-12-01,3198.4855376057844,3213.975301516175,3189.3927447706055,3209.1318359375,1172141,0.0068958163501520175,0.006872148950317549,3761554999.307617
2023-12-04,3239.2888137345485,3242.167584431117,3196.657662284584,3209.86279296875,1625213,0.00022777407368068658,0.00022774813710474433,5216710739.349121
2023-12-05,3233.2116065096975,3233.2116065096975,3201.044028590681,3227.363037109375,1377656,0.005452022491104547,0.005437214016191658,4446196052.251953
2023-12-06,3228.2771864947563,3301.6138895051217,3221.4688031800893,3293.61767578125,1896572,0.020529031878364856,0.02032115154352272,6246583062.591797
2023-12-07,3294.4395183103784,3317.7885032075033,3282.2852308055703,3303.486572265625,1967653,0.0029963697841870474,0.002991889615508854,6500115264.378174
2023-12-08,3320.027581556413,3330.993816342727,3291.7438789584367,3314.270263671875,1641155,0.003264336382289068,0.0032590200027729542,5439231214.576416
2023-12-11,3310.797891464415,3338.304955567598,3303.5785421234236,3329.074951171875,1102503,0.0044669523974179,0.004457005177063376,3670315120.8918457
2023-12-12,3325.4654041320105,3379.7939215758247,3318.2003172411905,3355.759765625,2236866,0.008015684490290997,0.007983729538330493,7506384923.894531
2023-12-13,3329.6687183950803,3335.563024872104,3256.0578240052896,3283.97607421875,3850968,-0.021391189006308542,-0.02162329649536847,12646486774.582031
2023-12-14,3317.2861268874835,3361.15106740831,3315.0929691048923,3351.3271484375,3290396,0.020509002713965385,0.020301525094568167,11027193443.910156
2023-12-15,3350.8243262846063,3560.325100013102,3350.8243262846063,3528.385986328125,8531230,0.052832454143778795,0.051484107618137945,30101472378.14209
2023-12-18,3525.736106571666,3590.5281905815186,3500.1937384877283,3526.7412109375,2521612,-0.0004661551760488658,-0.00046626386015002767,8893072958.394531
2023-12-19,3513.7645660221524,3522.9945699903956,3463.5026541544753,3487.445556640625,2004435,-0.011142199539622366,-0.011204738828998004,6990357934.324951
2023-12-20,3497.543727025331,3562.929950670811,3442.0728971992326,3454.409912109375,2586083,-0.009472734124363669,-0.009517885836601517,8933390748.737549
2023-12-21,3432.6603552689257,3478.764194819794,3420.8717407298955,3461.21826171875,1517562,0.0019709153755924635,0.0019689756701289775,5252613307.69043
2023-12-22,3472.6412593570217,3514.632758384625,3437.9148467634514,3494.57373046875,2413058,0.00963691574117509,0.009590776856202975,8432609096.897461
2023-12-26,3490.78113326196,3503.71206271633,3463.6395233033168,3468.574462890625,1285231,-0.0074398967036924946,-0.007467710776933671,4457919425.515381
2023-12-27,3471.727259647645,3489.2731911736523,3443.3978189924524,3482.876220703125,1293976,0.004123237936942248,0.004114760685892767,4506758240.560547
2023-12-28,3494.5735047759663,3507.367445431527,3465.421686382815,3472.549560546875,1682889,-0.0029649805223813663,-0.002969384784986738,5843915457.39917
2023-12-29,3465.330070230173,3493.294057192247,3441.021494734587,3466.609375,1574996,-0.0017106121722102463,-0.0017120769398833835,5459895899.1875
2024-01-01,3463.5022836894645,3501.884103192092,3447.966785319353,3482.78466796875,825907,0.004666027007657947,0.004655174848192349,2876456236.7680664
2024-01-02,3482.785206409597,3482.785206409597,3442.7126637044803,3457.28857421875,1344068,-0.007320605831445226,-0.007347532962072365,4646830939.373047
2024-01-03,3442.484483918429,3446.9167605117736,3369.4219762467496,3373.717041015625,1803075,-0.02417256512121202,-0.02446951672734662,6083064853.729248
2024-01-04,3382.8548848897744,3398.6188470061647,3336.4768514169155,3350.915771484375,3598144,-0.006758500862415473,-0.006781442957243541,12057077477.671875
2024-01-05,3358.409127485445,3424.8919204172994,3358.2721388053137,3415.890380859375,1963127,0.01939010521479556,0.019204512397194014,6705826635.705322
2024-01-08,3415.890793989658,3417.5815111616193,3356.0334267910252,3361.42529296875,1067805,-0.01594462404174768,-0.016073107133001988,3589346734.958496
2024-01-09,3390.3486750012953,3429.09617357813,3365.4919196193155,3372.02587890625,1370944,0.0031535985522788135,0.003148636390072336,4622858646.53125
2024-01-10,3372.11752875156,3407.986258562806,3370.289822773917,3393.181884765625,1292227,0.00627397493943227,0.006254375493565795,4384761247.405029
2024-01-11,3403.1881186966993,3447.966909732182,3387.6526197660214,3413.7431640625,1777909,0.006059586545946516,0.006041301082444191,6069324695.075195
2024-01-12,3516.5062216937445,3568.824304124089,3492.3805925763054,3548.308349609375,6813450,0.039418661299269075,0.03866157734605222,24176221524.645996
2024-01-15,3618.8577598512566,3623.4270246995534,3550.318787126801,3567.499267578125,2801505,0.005408469636203561,0.005393896386671053,9994367035.616455
2024-01-16,3563.1126115927123,3563.1126115927123,3523.405745987789,3528.660400390625,1432672,-0.01088686059180799,-0.010946556118538451,5055412953.1484375
2024-01-17,3490.0047645318223,3573.119654011733,3484.1104570374932,3549.95361328125,3458696,0.0060343616201399275,0.0060162277742809205,12278210362.441406
2024-01-18,3562.1990189583394,3572.068676049219,3529.3003107278364,3566.40283203125,2239110,0.004633643292819123,0.004622941015359653,7985568245.229492
2024-01-19,3630.266062846807,3647.336180140823,3602.7055327268636,3628.4716796875,2941975,0.017403768048518176,0.017254057005446907,10674872969.848633
2024-01-23,3588.8561772055014,3620.051529496022,3536.17360896319,3550.43701171875,2618854,-0.021506208359181822,-0.021740836937909264,9298076169.887695
2024-01-24,3570.4516563375996,3573.8103676439687,3501.9874154730123,3535.29931640625,2657709,-0.004263614665613202,-0.004272729788763239,9395796810.906738
2024-01-25,3533.550617096936,3552.9673375818998,3477.2332310375527,3506.312255859375,2205154,-0.008199322872706971,-0.00823312220169331,7731958496.257324
2024-01-29,3497.570151432114,3515.2383200453005,3479.211818227295,3497.754150390625,1646747,-0.0024407710563850715,-0.002443754593803165,5759916153.893311
2024-01-30,3503.6897568365657,3540.8207042314343,3484.871312637016,3497.34033203125,1411621,-0.00011830973292636937,-0.00011831673207487229,4936919056.842285
2024-01-31,3507.140432085803,3528.12148113154,3493.5671947757637,3511.511474609375,2459358,0.004051976997587303,0.004043789847437141,8636063837.172363
2024-02-01,3515.2381710106256,3593.364709605868,3501.4809356666156,3546.66357421875,2363107,0.01001053246260164,0.009960758979588686,8381145518.881348
2024-02-02,3565.896668660393,3666.522537605696,3563.089954213246,3649.86669921875,2826510,0.02909865084193486,0.028683322851309673,10316384724.00879
2024-02-05,3665.234434230392,3701.12299635316,3646.0019356759444,3656.308349609375,1691523,0.0017649001789583618,0.001763344572695091,6184729668.456299
2024-02-06,3678.1170862666413,3818.818548187844,3671.675550213635,3806.027587890625,4474396,0.04094819800885929,0.04013202663565357,17029674615.14746
2024-02-07,3821.671387213115,3823.511826118587,3748.927994541734,3757.6240234375,2124267,-0.012717607357110916,-0.012799168370725448,7982196711.395508
2024-02-08,3763.697529491343,3826.272451742055,3760.062707616723,3804.279296875,2345173,0.01241616328469708,0.012339714876181292,8921693091.490234
2024-02-09,3806.533398655103,3850.8881536905233,3772.8995591447865,3803.9111328125,2100596,-9.677629684090583e-05,-9.678097996886724e-05,7990480509.941406
2024-02-12,3800.5065922172184,3827.745179692485,3778.007045373113,3791.94873046875,1013716,-0.003144763882773849,-0.0031497190439814153,3843959099.2558594
2024-02-13,3796.3195851121786,3837.3151826933213,3755.875759751269,3818.45068359375,1257415,0.006989006183562907,0.006964696282155683,4801377166.311035
2024-02-14,3779.3413678448446,3786.6110118014235,3726.4287482560744,3772.991943359375,1391283,-0.011905022220056849,-0.011976454498374194,5249299549.932861
2024-02-15,3798.6662354102896,3815.506073147937,3757.2563563905555,3775.844970703125,1091582,0.0007561710670418442,0.0007558853137437058,4121644404.8100586
2024-02-16,3785.092771105926,3817.024566750078,3772.9919748251077,3798.94189453125,1307556,0.006117021225006569,0.006098388197813528,4967329267.845703
2024-02-19,3794.110954472966,3798.942107006786,3731.49019516973,3776.396728515625,772291,-0.005934590904925319,-0.005952270571959692,2916477205.8620605
2024-02-20,3756.427991026826,3771.059390745061,3690.0800773274027,3709.08251953125,1193648,-0.01782498339649663,-0.01798576186064469,4427338931.2734375
2024-02-21,3692.8406262355356,3739.1737650742916,3663.0256061355944,3673.055908203125,1885939,-0.009713078945646658,-0.009760558596165087,6927159386.460693
2024-02-22,3654.1917205441428,3768.2528853223134,3654.1917205441428,3761.029296875,2982052,0.0239510072458744,0.02366868098628131,11215584936.804688
2024-02-23,3800.5060448617196,3800.5060448617196,3723.575614717989,3728.821044921875,2538072,-0.008563680155293296,-0.008600559161816528,9464016287.126953
2024-02-26,3714.0058645493514,3726.888937419443,3665.0041766684662,3681.84423828125,1379284,-0.012598300126148598,-0.012678331593278752,5078308848.353516
2024-02-27,3679.9574496143205,3794.984876771557,3679.9574496143205,3776.948486328125,2960475,0.025830600615324162,0.02550262650423606,11181561570.062256
2024-02-28,3768.8506776946274,3823.419508575245,3762.777139768197,3790.337890625,1939225,0.0035450322781320764,0.003538763462273443,7350317995.947266
2024-02-29,3771.979635234801,3807.9603066412583,3740.278119193048,3768.390869140625,3772719,-0.005790254620480884,-0.005807083137138963,14217079831.43335
2024-03-01,3779.5253487627083,3809.7083657464814,3760.7527379598155,3767.700439453125,2043265,-0.00018321604936311076,-0.00018323283547383743,7698410438.419189
2024-03-04,3777.5010270993284,3789.371768720034,3750.722549928762,3755.1396484375,1749271,-0.003333808304953334,-0.003339377825782034,6568756887.961914
2024-03-05,3737.931557869195,3739.7719968440197,3662.4735599013775,3692.0126953125,2070859,-0.016810813720673945,-0.01695371928619249,7645637718.202148
2024-03-06,3675.4026769184316,3747.1337408010263,3642.642773405773,3740.048095703125,1744204,0.013010627090099813,0.012926715922377856,6523406848.717773
2024-03-07,3740.6918212833148,3794.984765306861,3715.5697869974592,3780.8134765625,2688905,0.010899694286340855,0.010840720760518669,10166248261.19629
2024-03-11,3762.7778722197604,3821.6719254900136,3762.7778722197604,3793.46728515625,2304068,0.0033468481511165216,0.0033412599200124712,8740406580.77539
2024-03-12,3793.4670286122573,3892.482738841845,3792.270473640545,3857.790283203125,4039801,0.016956254848583985,0.016814102226434598,15584705043.874268
2024-03-13,3869.522767451965,3902.6506674824695,3802.2546361359555,3817.990478515625,2837260,-0.01031673620538398,-0.010370322604795645,10832631665.073242
2024-03-14,3822.0854919676153,3887.9270110877537,3760.0165129714937,3871.915283203125,2919608,0.01412387091873124,0.014025058377344671,11304474836.16211
2024-03-15,3858.1119847979994,3900.8100755188275,3843.756472149597,3882.6357421875,3373143,0.002768774159621179,0.0027649481650305874,13096685575.30957
2024-03-18,3878.9547030215235,3915.30336817053,3789.325426164842,3821.2109375,1526904,-0.01582038820177678,-0.015946866271612258,5834622265.3125
2024-03-19,3728.0391998604628,3734.250681402964,3650.142710085243,3659.989013671875,8931209,-0.0421913174815739,-0.043107226050583015,32688126818.807373
2024-03-20,3667.995014019841,3697.442038718445,3644.253305423998,3654.099609375,1817913,-0.0016091316872469674,-0.0016104277301628308,6642835183.177734
2024-03-21,3671.721682393882,3688.6075746001366,3633.0264093675964,3655.98583984375,3829582,0.000516195689879595,0.0005160625067148826,14000897564.520508
2024-03-22,3586.095269718309,3623.824267937054,3547.4460520308135,3598.88623046875,5852485,-0.015618115571651159,-0.01574136328760571,21062427680.524902
2024-03-26,3565.8503303060525,3631.8300192271254,3562.583506361182,3568.15087890625,3440925,-0.008540239839284092,-0.008576916656042616,12277739563.000488
2024-03-27,3578.2734848298974,3584.2549115114957,3523.8884231366437,3534.470947265625,1968575,-0.009439043578490458,-0.009483873675510183,6957871145.013428
2024-03-28,3542.937169152786,3602.659324539871,3534.102972131641,3567.046875,4311783,0.009216634744041885,0.00917442074844708,15380332075.828125
2024-04-01,3586.73930579266,3619.499208082045,3577.8592779642013,3604.26953125,1569676,0.010435146370203041,0.01038107605943015,5657535380.734375
2024-04-02,3579.653802211397,3597.9202488822098,3564.0100709420926,3573.948486328125,2142666,-0.008412535372003482,-0.008448120462123685,7657777907.406738
2024-04-03,3543.7649069859053,3663.3934289044114,3543.7649069859053,3632.382080078125,3973090,0.016349870171193936,0.016217650282572795,14431780918.537598
2024-04-04,3658.700888118243,3707.2424702980325,3621.2940525690565,3683.9150390625,3394637,0.014187097570767193,0.014087402517901694,12505554296.458008
2024-04-05,3660.633172890031,3682.718440901434,3644.5293316317166,3661.783447265625,1636819,-0.006007628178772317,-0.006025746579127044,5993676720.369873
2024-04-08,3665.2344132847697,3710.923223399392,3644.069363948704,3655.6181640625,2302538,-0.0016836831811364306,-0.001685102168637586,8417199736.244141
2024-04-09,3666.1543123632814,3695.463391899339,3611.9074203697137,3631.692138671875,1876992,-0.006545001232851955,-0.0065665136707515545,6816657090.75
2024-04-10,3640.756241235992,3671.859704425388,3605.419903259126,3666.75244140625,2101965,0.00965398535879114,0.00960768340256255,7707385295.500488
2024-04-12,3654.191918795021,3693.163307517169,3630.7263197194047,3682.16650390625,4354821,0.004203736888789944,0.004194925871044246,16035176016.70752
2024-04-15,3682.166211852168,3739.9560412971437,3606.3862709398386,3626.76904296875,4200329,-0.015044800629936517,-0.015159121717457402,15233623187.483887
2024-04-16,3590.6967826807418,3615.266600407698,3554.670276174343,3563.826416015625,3051420,-0.017355013844940648,-0.01750737752023801,10874731202.358398
2024-04-18,3567.5069887926393,3621.983938050233,3542.84506135503,3553.8876953125,3476284,-0.002788777999529146,-0.0027926738857548135,12354322933.011719
2024-04-19,3531.802482817412,3545.1917216335364,3497.6622490979976,3520.94384765625,2957749,-0.009269805486454286,-0.009313037509035707,10414068144.461426
2024-04-22,3530.8823684558647,3568.6113695261515,3507.8768799983727,3556.280517578125,1728883,0.010036135607614849,0.009986108042478445,6148392930.0720215
2024-04-23,3567.7368242988855,3584.254718312047,3552.599259445536,3565.57421875,1807586,0.002613320610097558,0.0026099118253320934,6445082039.7734375
2024-04-24,3579.653877353025,3587.0156333989953,3519.3334438187635,3525.406982421875,1317312,-0.011265292450484021,-0.011329226467904458,4644060922.828125
2024-04-25,3507.1403866301107,3564.6080473941747,3506.9563876693583,3544.869384765625,2856271,0.005520611504088002,0.005505428781375992,10125107622.493896
2024-04-26,3547.5841971159175,3567.507084546707,3499.1807851009403,3516.48095703125,2039178,-0.008008314172696096,-0.008040552954862803,7170730604.99707
2024-04-29,3531.802085484041,3568.426862829934,3514.5019156929066,3561.43310546875,1110693,0.01278327651614819,0.012702260142842335,3955658820.2124023
2024-04-30,3563.0895379766434,3572.061677179968,3506.0359348375546,3515.836181640625,2203078,-0.012802970736164765,-0.012885635090165451,7745661343.376465
2024-05-02,3476.6355119648906,3562.2619859302818,3476.6355119648906,3555.084228515625,2491044,0.011163218320566104,0.01110136946148064,8855871236.938477
2024-05-03,3579.7917453667596,3582.966682325397,3494.625611625741,3536.771484375,2962234,-0.005151142128711594,-0.005164454998662468,10476744741.246094
2024-05-06,3545.605583246127,3625.6186204477826,3545.605583246127,3608.2265625,2053831,0.02020347609131079,0.02000209376545096,7410687569.0859375
2024-05-07,3617.1983629119873,3669.834866210911,3601.2785227974928,3661.5068359375,2062112,0.014766332577681673,0.014658371781211273,7550437184.46875
2024-05-08,3644.9892925462136,3666.4304509643703,3624.3764664424393,3659.666748046875,1247685,-0.0005025493527868186,-0.0005026756730360243,4566111306.536865
2024-05-09,3645.9096138402,3654.191589237616,3598.1042563399305,3644.253173828125,1726486,-0.004211742565624621,-0.004220636935994723,6291752085.069824
2024-05-10,3646.4619361248674,3656.5843507790987,3575.098867879944,3583.24267578125,1672489,-0.0167415640837012,-0.01688328808200506,5992933959.574707
2024-05-13,3574.593071392054,3639.4685538307563,3561.249887060689,3632.843017578125,931326,0.01384230605761605,0.013747376366548787,3383361156.188965
2024-05-14,3621.983888045264,3631.0020839186186,3582.322338430397,3589.960205078125,1058317,-0.011804201913626411,-0.011874424667795539,3799315914.357666
2024-05-15,3592.996713752849,3613.655594732349,3566.3103506592815,3570.8193359375,1115021,-0.005331777525987458,-0.005346042178342138,3981538546.776367
2024-05-16,3606.6908950730917,3623.745907431527,3562.569994938758,3615.82080078125,2599399,0.012602559975758432,0.012523808671904486,9398960973.72998
2024-05-17,3632.5515570276343,3633.4784647992665,3550.0567653523444,3553.857177734375,2765804,-0.017136806955003636,-0.01728534141462151,9829272397.606445
2024-05-21,3550.6133662673315,3563.7290220685823,3531.565364339062,3540.973388671875,1908117,-0.0036252973651331732,-0.0036318846810978805,6756591519.472412
2024-05-22,3554.6913678959663,3560.484541572459,3538.5168722503677,3551.91064453125,1311168,0.003088770984375433,0.0030840105313921454,4657151575.96875
2024-05-23,3560.206480963538,3619.574971009692,3545.8858006651926,3608.869140625,2095742,0.016036016047151103,0.015908797393300176,7563258630.511719
2024-05-24,3594.7801911641072,3599.924574735908,3563.3117164748414,3568.131591796875,1309452,-0.01128817566964202,-0.011352370678167646,4672297049.141602
2024-05-27,3573.229711889253,3622.680335515065,3560.577510431646,3565.86083984375,1841538,-0.0006363980404605618,-0.000636600627648799,6566668239.28418
2024-05-28,3576.0107665007445,3587.1336615753967,3550.0573446598887,3559.233642578125,1801993,-0.0018585125901647848,-0.001860241767486046,6413714109.290283
2024-05-29,3567.57539103945,3567.57539103945,3522.2496895007944,3525.6328125,1568095,-0.009440467654656781,-0.009485311322714782,5528527185.1171875
2024-05-30,3500.9307015339277,3517.058806463482,3443.8794821472993,3463.020263671875,2919230,-0.017759237038563525,-0.017918824546618212,10109352644.318848
2024-05-31,3466.6351077409063,3475.718849271696,3386.6893114728173,3402.632080078125,10956800,-0.01743801046365223,-0.01759184355337096,37281959175.0
2024-06-03,3459.961527315394,3477.3410487975398,3425.8512745605985,3432.20068359375,2156773,0.008689920867067658,0.008652380827944778,7402477764.956543
2024-06-04,3429.5587856451884,3471.269635740873,3328.989291525593,3443.46240234375,3395997,0.0032811947167985522,0.00327582334388692,11693987987.972168
2024-06-05,3444.389471569407,3507.2338672517226,3429.5589463958036,3472.61376953125,2799670,0.008465713802380481,0.0084300806129718,9722172592.143555
2024-06-06,3504.638577151665,3559.2333589407076,3468.025717115301,3550.427734375,4328036,0.022407895034711522,0.02216052667187344,15366379049.773438
2024-06-07,3556.8232840964106,3628.8439736397468,3556.8232840964106,3609.33251953125,4552445,0.016590898213738603,0.01645477282684201,16431287781.877441
2024-06-10,3610.3062254373317,3620.409430902877,3561.0873260433164,3576.659423828125,1734661,-0.009052392797371911,-0.009093614664649608,6204291612.797119
2024-06-11,3563.9608556158682,3596.3562412809524,3560.253224036554,3570.5419921875,1419898,-0.0017103757768687222,-0.0017118401394962239,5069805433.623047
2024-06-12,3591.211736958369,3608.915767675147,3547.6934580124953,3551.58642578125,2177001,-0.005308876480860758,-0.00532301864046414,7731807200.512207
2024-06-13,3574.898153664247,3605.6714482720763,3570.4489508339425,3594.6875,1932323,0.012135724448622653,0.012062676940461063,6946097334.0625
2024-06-14,3604.7443844726295,3604.7443844726295,3548.2030094526167,3551.95703125,1860730,-0.011887116404416198,-0.011958333109434189,6609233006.7578125
2024-06-18,3546.3954442186373,3561.1795775806077,3517.6613039518497,3536.245849609375,1774045,-0.0044232465377250785,-0.004433058035831691,6273459268.270264
2024-06-19,3547.8786522964565,3553.625661858595,3515.714995969622,3523.825439453125,1509050,-0.00351231523046458,-0.003518497890816999,5317628779.406738
2024-06-20,3518.542084048452,3531.4724028758133,3503.757949581445,3510.431640625,2846526,-0.0038009257434169497,-0.0038081676180464767,9992534936.261719
2024-06-21,3547.275873620781,3594.3628314432963,3520.4419401652044,3532.213623046875,4642195,0.006204929949297222,0.006185758635029378,16397224419.840088
2024-06-24,3530.359636956601,3575.082932652868,3514.1851431504833,3537.8212890625,1702154,0.0015875783896637241,0.0015863195192862105,6021916658.462891
2024-06-25,3538.0067905497995,3566.4164218366413,3515.668223832292,3557.888916015625,1338808,0.005672312226500997,0.00565628524164963,4763330143.873047
2024-06-26,3563.496840516408,3584.3058742192884,3560.252663395376,3574.017333984375,1639845,0.004533142644265409,0.004522898899054549,5860834455.047607
2024-06-27,3550.9837890347926,3653.8705550444147,3539.0267689087714,3646.59423828125,4526556,0.02030681373779597,0.020103379847749694,16506513028.857422
2024-06-28,3631.4395370159273,3670.555002133022,3612.94777109011,3618.787109375,2731571,-0.007625506730180143,-0.007654729560675704,9884973923.142578
2024-07-01,3600.1098911444064,3709.206893822337,3600.1098911444064,3687.424560546875,2658723,0.018966976806692903,0.01878934626373062,9803840489.89087
2024-07-02,3701.699052905465,3729.320724102144,3691.4566765329196,3723.75927734375,2307449,0.009853684109400795,0.009805453140484014,8592384620.747559
2024-07-03,3726.169344471108,3731.8235725519535,3665.9203376575206,3675.421142578125,1821198,-0.012981004185669498,-0.013065993721364681,6693669634.020996
2024-07-04,3707.4921862442698,3751.5203059355035,3691.039573096493,3727.0498046875,2518001,0.014047005800581491,0.013949260899855117,9384715135.25293
2024-07-05,3716.9006123476197,3732.426319394209,3696.5086389132935,3718.569091796875,1668616,-0.0022754493057642877,-0.002278042074424984,6204863883.677734
2024-07-08,3728.0236062930962,3736.597504442825,3687.2860489922064,3701.32861328125,1758882,-0.004636320608821687,-0.004647101679121129,6510200273.985352
2024-07-09,3693.727708193667,3714.0732898340816,3684.551411180989,3694.191162109375,1305801,-0.0019283484169073661,-0.0019302100743836786,4823878513.673584
2024-07-10,3692.5226544204043,3710.6901382951037,3616.794330433944,3623.421630859375,2669716,-0.019156975950749278,-0.019342848480424824,9673506702.651367
2024-07-11,3643.6744309405326,3689.092911509367,3610.8619865173036,3636.907958984375,4872189,0.0037219869777620485,0.003715077523522734,17719702951.776123
2024-07-12,3689.0931958411575,3892.966755879167,3681.0291429084155,3878.13623046875,13509164,0.06632784612776921,0.06422082642273261,52390378351.74414
2024-07-15,3926.103726954822,3930.089249638286,3853.20206311634,3864.46435546875,4848030,-0.0035253725468915587,-0.003531601316152326,18735039129.243164
2024-07-16,3867.059349578485,3887.960939474929,3841.940057628319,3873.0380859375,2029521,0.002218607724151278,0.002216150248146724,7860412129.209961
2024-07-18,3855.936374706022,4008.876158798929,3855.936374706022,4000.11669921875,5613364,0.032811093116449364,0.03228430131024459,22454111075.19336
2024-07-19,4011.1260943754664,4049.5428404415234,3981.2568871814256,3997.190185546875,3903354,-0.0007316070734753044,-0.0007318748285325782,15602448299.515137
2024-07-22,3994.913527390536,4013.4947357577657,3962.4426843116894,3983.207275390625,1896386,-0.0034981848516514313,-0.0035043178072651613,7553698512.148926
2024-07-23,3979.167115356308,4052.2843764255626,3963.6516196739526,3997.14453125,2365208,0.00349900341503262,0.0034928961446770664,9454078222.46875
2024-07-24,3983.3474471890877,4031.287066378296,3965.3237617134737,4000.767333984375,1809793,0.0009063476954740413,0.0009059372104108988,7240560715.673584
2024-07-25,3990.314849906467,4034.909753933361,3970.990572951942,4015.864013671875,2810342,0.0037734460485272514,0.003766344460353469,11285951303.910645
2024-07-26,4041.4133370768022,4108.723954458355,4029.3818216621617,4076.578369140625,3552210,0.01511862833553379,0.015005480871798172,14480862448.64502
2024-07-29,4101.803419907934,4116.668392664113,4060.924744828444,4070.308349609375,1746803,-0.0015380593633900208,-0.0015392433909181644,7110026836.022705
2024-07-30,4079.597869696845,4086.0082967599183,4020.3235344521822,4055.674560546875,1797906,-0.003595253186138736,-0.0036017316413271975,7291721626.45459
2024-07-31,4041.413235340456,4100.873108228224,4036.7679327710994,4074.255615234375,2330091,0.004581495484932141,0.004571032380099803,9493386340.75708
2024-08-01,4087.309021156136,4105.797235952523,4055.3956995339786,4085.17236328125,2202244,0.0026794460332963954,0.0026758627172145696,8996546326.001953
2024-08-02,4055.34909195336,4086.008088524829,3967.088344247617,3979.21240234375,2811282,-0.025937696506982078,-0.02628001076010421,11186688200.885742
2024-08-05,3938.2877856411073,3938.2877856411073,3818.9035015045465,3860.29296875,2787771,-0.029885168613695168,-0.03034083161892861,10761612789.785156
2024-08-06,3875.065586406783,3956.1723973259723,3865.6352581703713,3875.2978515625,2203067,0.003886980323505984,0.003879445534228718,8537540811.948242
2024-08-07,3928.068585003328,3943.816345106616,3883.752208772118,3902.47314453125,1237666,0.007012439820023975,0.0069879670067210745,4829958326.899414
2024-08-08,3884.4027462435265,3931.7848414500368,3864.892471746728,3876.552001953125,2441283,-0.006642234710685924,-0.006664392524431833,9463760500.98413
2024-08-09,3917.8489177851575,3951.898901241262,3907.2109914599246,3928.765380859375,1302536,0.013469025794041523,0.013379124818867709,5117358344.123047
2024-08-12,3929.926507307199,3938.288053067427,3889.3731010986708,3898.01318359375,936912,-0.007827445592818338,-0.007858240849129708,3652095327.8671875
2024-08-13,3914.132187982019,3933.642459984778,3886.260370835221,3899.220947265625,1495593,0.00030984083813723196,0.0003097928473774854,5831647554.183838
2024-08-14,3910.416129361195,4000.721002615426,3891.0451248057766,3990.547607421875,3226545,0.023421771013077297,0.023151690382318138,12875681429.989014
2024-08-16,4041.413561593398,4112.951226936545,4018.280043659057,4102.77783203125,3457058,0.02812401596228109,0.027735797852387667,14183540926.44629
2024-08-19,4107.377235436386,4175.430929735349,4078.901616536801,4171.482421875,2055210,0.016745871372161325,0.01660720518437456,8573272388.261719
2024-08-20,4185.417806867609,4241.161440255413,4180.772504085293,4202.41943359375,2212298,0.007416311179095025,0.007388945561343142,9297004108.100586
2024-08-21,4197.495611851862,4236.516155388334,4173.8508391327405,4228.619140625,1896990,0.0062344341028437444,0.006215080416421318,8021648223.574219
2024-08-22,4236.5168692386715,4237.399658376934,4178.172037672117,4182.63134765625,1829872,-0.010875368870877478,-0.010934937979301812,7653679989.3984375
2024-08-23,4180.772083599913,4186.346446378046,4138.964362763913,4147.23291015625,1809253,-0.008463198058283439,-0.008499214271165324,7503393584.398926
2024-08-26,4170.5527823500615,4229.222864979793,4166.836540173764,4183.048828125,1844164,0.008636099959816512,0.008599022167313558,7714228059.0703125
2024-08-27,4185.418705944727,4190.064009724909,4168.509618727682,4178.12548828125,930697,-0.001176974031631528,-0.00117766720952206,3888568857.5668945
2024-08-28,4179.611105918801,4238.838715366386,4141.101365063979,4186.39306640625,1848058,0.0019787768816874607,0.001976821681558718,7736697197.516602
2024-08-29,4143.61019488178,4232.8000107357375,4143.61019488178,4191.7353515625,2133641,0.0012761069186548735,0.0012752933862502911,8943658407.243164
2024-08-30,4180.772468175268,4266.47830377286,4169.437748026632,4230.70947265625,3637222,0.009297848701068867,0.009254889784202714,15388029569.55371
2024-09-02,4251.381655472286,4262.530383589784,4191.921772178967,4200.32958984375,1216500,-0.007180801000127746,-0.007206707043555412,5109700946.044922
2024-09-03,4200.329136859027,4232.706988670382,4176.9633540945715,4192.24658203125,1717263,-0.001924374656704142,-0.0019262286445070732,7199189942.19873
2024-09-04,4159.358459046624,4168.695337572208,4121.963766080883,4161.4951171875,1265505,-0.007335318722795692,-0.007362354464836244,5266392878.276367
2024-09-05,4163.120774045665,4179.843865751271,4138.1754048562225,4158.42919921875,1688793,-0.0007367347269223723,-0.0007370062493194759,7022726122.63623
2024-09-06,4156.570844055927,4198.378570967705,4125.029055295338,4140.5908203125,1649179,-0.004289691624328129,-0.004298918748577007,6828575428.452148
2024-09-09,4138.965417739988,4171.714807408975,4116.203430594168,4133.90185546875,1184938,-0.0016154614483846474,-0.001616767713233477,4898417396.81543
2024-09-10,4127.30496423786,4217.888362209953,4125.446843253818,4188.0654296875,1385591,0.013102288373657567,0.01301719585853611,5802945766.786133
2024-09-11,4200.701434505407,4226.622135770557,4154.062408672436,4161.587890625,1325919,-0.006322140737059945,-0.006342210101087551,5517928454.349609
2024-09-12,4190.295114701829,4211.05970757852,4116.945606864631,4197.216796875,2742216,0.008561373011071849,0.00852493229779891,11509675055.859375
2024-09-13,4208.644488913913,4224.43851900476,4185.417974074432,4201.76953125,1458786,0.0010847031724425804,0.0010841153070243457,6129482567.4140625
2024-09-16,4205.857591838961,4223.556015887551,4175.616848928026,4193.0830078125,1155120,-0.0020673488569269427,-0.002069488772384909,4843514043.984375
2024-09-17,4193.082435128378,4214.032568613279,4149.184325105708,4186.021484375,1699364,-0.0016840886346258799,-0.0016855083060160437,7113574213.7734375
2024-09-18,4178.03182491242,4178.03182491242,4014.47088636393,4037.836669921875,2961779,-0.03539991732155434,-0.036041685634594894,11959179854.404541
2024-09-19,4078.62174424568,4108.491401339115,3978.0509481369045,3991.383056640625,2927551,-0.011504579575317142,-0.011571269235325263,11684977458.851318
2024-09-20,4010.6618255380617,4023.4831346819124,3927.6038942336454,3980.931884765625,5447908,-0.0026184336924545137,-0.002621867785895926,21687750662.469727
2024-09-23,3994.960476501186,4003.693555186361,3951.294629432452,3965.695068359375,1702319,-0.0038274496643759814,-0.0038347930935684216,6750878063.074463
2024-09-24,3950.0404365312907,3986.5990621222545,3939.216971195143,3968.29638671875,3012026,0.0006559552145422032,0.0006557401699550674,11952611892.50293
2024-09-25,3950.6915713330377,3985.299084273533,3939.217580340956,3971.50244140625,2713073,0.0008079171450574574,0.000807590955678323,10774976043.213379
2024-09-26,3957.7979636084015,4010.5684216660406,3957.7979636084015,3987.992431640625,3964251,0.0041520785842790175,0.0041434824922123425,15809402985.12378
2024-09-27,4027.4778141813813,4067.4274211040574,3995.0069638417276,4003.043701171875,3012477,0.0037741469647318837,0.003767042741387574,12059077079.775146
2024-09-30,3982.7896922279247,3993.799150781273,3957.8443250356186,3965.695068359375,2503416,-0.009330058725455892,-0.009373856359233488,9927784485.251953
2024-10-01,3953.66354966123,3991.011966244493,3941.9577493270317,3983.71875,1823365,0.004544898518403118,0.004534601654146172,7263773338.59375
2024-10-03,3960.2137504333123,3975.4502533375357,3911.345072809307,3932.481201171875,3350119,-0.012861738502027764,-0.012945166787902243,13174279989.18872
2024-10-04,3925.2814844232284,3993.1029159884106,3924.3986952950054,3950.598388671875,2965463,0.004607062710077603,0.0045964826794682315,11715353349.466064
2024-10-07,3970.712881215561,3992.406541726999,3929.3696754195635,3969.737548828125,1472619,0.004844623085740851,0.004832925663839767,5845910939.417725
2024-10-08,3969.5047586663354,3975.8221898436273,3905.724833607358,3951.52734375,1541867,-0.004587256677333951,-0.004597810426785735,6092729610.925781
2024-10-09,3957.798231053306,3990.315352669941,3945.4419062961365,3951.24853515625,1082504,-7.055717182147259e-05,-7.055966109581177e-05,4277242344.3007812
2024-10-10,3951.527295380479,3989.24724931777,3900.754220484527,3927.510986328125,2378875,-0.0060076071188436275,-0.006025725391913678,9343057697.601318
2024-10-11,3849.0977975212186,3941.028518940875,3820.7151796266107,3854.858154296875,5759183,-0.018498441451636483,-0.018671677341906483,22200833549.63794
2024-10-14,3846.3109301040067,3869.908978898292,3829.773832682932,3843.198486328125,2137590,-0.0030246684837815785,-0.003029252038321998,8215182652.390137
2024-10-15,3837.995460690613,3874.1362795372975,3804.5030088222256,3824.75634765625,2759474,-0.0047986433012714436,-0.004810193755859712,10554315697.692383
2024-10-16,3795.212679191423,3823.0844981328532,3778.675354588552,3804.456787109375,2359151,-0.005307412734752215,-0.005321547083116396,8975288033.76587
2024-10-17,3821.0405029589083,3836.9742562004353,3802.5987849412795,3817.51025390625,2522659,0.003431098715880765,0.0034252259262617184,9630276599.608887
2024-10-18,3809.128022883925,3861.4219511234783,3799.814751434331,3839.908203125,2361000,0.005867161508166685,0.0058500167441325,9066023267.578125
2024-10-21,3848.8025545031073,3855.647899798256,3790.501385728475,3799.675048828125,1595450,-0.010477634403898595,-0.010532911268125783,6062191556.652832
2024-10-22,3786.7761613201965,3808.941792786158,3731.222588221232,3739.744140625,1928049,-0.015772640405554816,-0.015898352120905356,7210409950.587891
2024-10-23,3724.936169449571,3831.0606256089795,3720.791581721823,3787.009033203125,1966476,0.012638536434801617,0.012559336747164989,7447062375.577148
2024-10-24,3729.033775833075,3798.8833095961822,3729.033775833075,3769.9189453125,2676744,-0.004512819415212754,-0.004523032924147846,10091107917.351562
2024-10-25,3778.440830569176,3810.990668738502,3755.762923689694,3778.906494140625,1759676,0.0023840164625554827,0.0023811792037949447,6649651063.983398
2024-10-28,3789.5232343448033,3850.1061056967715,3772.8059589205664,3809.91943359375,1532534,0.008206855475575203,0.008173362361163956,5838831069.243164
2024-10-29,3814.5762988806255,3821.7008604425628,3781.281354135695,3795.390869140625,1445885,-0.0038133521472974996,-0.003820641511773797,5487698726.827393
2024-10-30,3795.158047833668,3824.960515939356,3781.2347527404995,3804.145263671875,1935002,0.002306585759698665,0.0023039296743069637,7361028693.495605
2024-10-31,3790.5016133417075,3798.231674391787,3688.0556237919313,3695.92529296875,3740372,-0.028447907007280726,-0.028860390405378362,13824135479.91211
2024-11-01,3715.8558850555814,3724.3308260712956,3703.0035243410357,3710.59375,154895,0.003968818595753376,0.003960963611708945,574752418.90625
2024-11-04,3693.923144215517,3717.7649842744486,3644.5161904410857,3691.920654296875,2269192,-0.00503237405149104,-0.0050450790880422055,8377676813.365234
2024-11-05,3670.45333173397,3712.2698276535116,3670.45333173397,3698.6259765625,967590,0.00181621516102215,0.0018145678365621002,3578753508.6621094
2024-11-06,3728.6612931693503,3864.8210432401042,3702.258078759821,3855.3681640625,3792017,0.042378490956708204,0.04150511246049628,14619621619.38379
2024-11-07,3883.3551713111415,3916.975719116069,3804.518188145807,3865.845947265625,3724349,0.0027177127468118734,0.0027140264428911335,14397759487.852783
2024-11-08,3869.663995504092,3883.401069856363,3834.878838313008,3862.21337890625,1648039,-0.000939656781187681,-0.0009400985353741219,6365078274.759277
2024-11-11,3844.704960664376,3943.518408459811,3834.879186284666,3910.363525390625,1406487,0.012466982468485766,0.012389909559174175,5499875463.736084
2024-11-12,3926.4751190486577,3928.3377732797053,3878.3721644817633,3909.15234375,1587640,-0.00030973632828779074,-0.0003097843064916389,6206326627.03125
2024-11-13,3891.1780687289943,3908.5472291817673,3847.358853332509,3865.333740234375,1098813,-0.011209234039108895,-0.011272530954100905,4247278963.1081543
2024-11-14,3851.0375903197846,3874.3207680121654,3833.7616543718636,3861.18896484375,1825432,-0.0010722943138083973,-0.0010728696326669756,7048337894.472656
2024-11-18,3923.681541984777,3923.681541984777,3716.1817937910387,3743.4697265625,3313944,-0.0304878210709415,-0.03096224230607022,12405649039.523438
2024-11-19,3743.8418634756777,3848.383334503383,3738.440347986104,3762.142578125,1776233,0.004988113415210327,0.0049757139935423505,6682441797.970703
2024-11-21,3767.124986745769,3811.409636894372,3747.660340835974,3793.15576171875,2384347,0.008243489700277884,0.00820969772126281,9044199560.986816
2024-11-22,3791.4328432690386,3962.750655117127,3775.6002816538157,3953.111328125,3096553,0.04216952228024806,0.04130461942715458,12241018742.439453
2024-11-25,3986.079860138673,4030.8767831616365,3960.189149488993,4018.76953125,4052167,0.01660924716636858,0.016472822159242628,16284725275.136719
2024-11-26,4024.310489157352,4066.7327083086975,4014.0195073550117,4053.787353515625,2060669,0.008713568168895014,0.008675824132129544,8353513931.981689
2024-11-27,4059.6083950341376,4076.7911069702654,4027.104715840101,4035.02099609375,1558993,-0.004629339377064223,-0.004640087953967382,6290569487.763184
2024-11-28,4022.4023078590976,4041.9137952346705,3942.3081660494468,3953.390869140625,2558544,-0.020230409465564092,-0.020437846660163173,10114924487.894531
2024-11-29,3930.2012415881145,4003.4968826616723,3907.523330677833,3977.559326171875,2017425,0.006113348725496515,0.00609473801981711,8024427623.602295
2024-12-02,3976.767214179378,3993.71755141835,3939.5605099829345,3982.96044921875,1670944,0.001357898802749835,0.001356977691926481,6655303864.859375
2024-12-03,4018.0715527591838,4027.9900963818563,3972.529744122267,4007.26806640625,2010905,0.0061029019738993995,0.0060843546908945076,8058235391.07666
2024-12-04,4017.3255608945797,4085.6853292498736,3994.508048474772,4055.370361328125,3302642,0.012003762694371867,0.011932288935804326,13393436480.877441
2024-12-05,4098.584281260393,4180.727516616581,4060.586315983135,4157.49072265625,3746747,0.025181512964128183,0.024869682731190414,15577065892.640137
2024-12-06,4147.199308267314,4158.375232745017,4109.713394915021,4140.21435546875,1842087,-0.004155479432185527,-0.004164137430588412,7626635041.422363
2024-12-09,4126.198676219265,4162.473596939852,4112.321537472264,4146.408203125,2066639,0.0014960210086873982,0.0014949030840784258,8569128902.498047
2024-12-10,4122.193406026578,4185.1975942064855,4109.108442002176,4128.15380859375,2087828,-0.004402459583572216,-0.004412178945319603,8618875109.888672
2024-12-11,4127.502045111503,4143.148158287083,4104.358476029229,4123.404296875,1635256,-0.0011505171413096482,-0.0011511794942368743,6742821616.890625
2024-12-12,4125.825703197917,4177.002312539005,4122.054010099808,4149.01611328125,1914642,0.006211327961621604,0.0061921171727317564,7943880509.165039
2024-12-13,4130.389630221359,4186.222421425734,4092.624040484277,4166.66455078125,1967048,0.004253644000925094,0.004244622830133628,8196029171.285156
2024-12-16,4152.788043789598,4167.689279201268,4095.0457565693796,4111.99609375,1646224,-0.013120436350221532,-0.013207269638625391,6769266657.4375
2024-12-17,4107.152673369455,4128.52681305927,4021.470576782156,4031.24951171875,3225027,-0.019636833350590965,-0.019832197750984087,13000888519.029785
2024-12-18,4015.6033671632454,4062.448939888911,3995.020946646264,4049.270751953125,1575404,0.0044703857158896465,0.0044604232214260475,6379237339.709961
2024-12-19,3987.9426274375915,4064.3114493548924,3969.3160855065425,3978.5361328125,3015763,-0.01746848345631291,-0.01762285784614516,11998322063.499023
2024-12-20,4031.7151268140337,4081.0754644719555,3867.3358891418975,3883.913330078125,4116989,-0.023783321195447904,-0.024070710237068447,15990028456.88501
2024-12-23,3911.6202111793405,3927.4063874513017,3832.31779942793,3872.7373046875,2195338,-0.002877516679910097,-0.0028816646902553576,8501967368.998047
2024-12-24,3872.737129750613,3928.337537104468,3872.737129750613,3892.4814453125,1181886,0.0050982390675200495,0.005085287049728604,4600469325.474609
2024-12-26,3892.48160931481,3911.527430384508,3858.62777832456,3882.7958984375,1208464,-0.0024882705315560916,-0.00249137142164552,4692219062.609375
2024-12-27,3877.1150885157394,3893.832593461187,3862.446685286308,3878.838134765625,858100,-0.0010193076781264132,-0.0010198275254840485,3328431003.442383
2024-12-30,3865.938711530591,3910.9216276232846,3829.6169553875666,3873.202880859375,1527169,-0.0014528200740685504,-0.001453876440416482,5915035370.359131
2024-12-31,3851.0376939335874,3855.6479451405453,3755.1576110916253,3813.598388671875,1555429,-0.015388941406104473,-0.015508580161192066,5931781528.093506
2025-01-01,3813.2258927424173,3850.1065398065944,3804.8905600046846,3830.03662109375,763161,0.004310425678462737,0.0043011624032644295,2922934577.7905273
2025-01-02,3837.0675295044302,3895.7411349313184,3815.6006224345697,3888.989013671875,1720835,0.015392122428659727,0.01527486540441088,6692308409.342041
2025-01-03,3892.900907869697,3892.900907869697,3811.269950829448,3818.347900390625,1791953,-0.018164390033735933,-0.018331387934176494,6842299975.148682
2025-01-06,3823.5633582481973,3864.6813582169702,3787.148378172113,3813.784423828125,2085593,-0.0011951442565076853,-0.0011958590109511502,7954002097.844971
2025-01-07,3832.364669490885,3856.020287112112,3736.065309985075,3751.6650390625,2669054,-0.016288121682366152,-0.01642223139387286,10013396579.169922
2025-01-08,3757.812097968954,3842.6560984111843,3741.839927142883,3826.2646484375,2181277,0.01988440028581051,0.019689287820377026,8346143073.549805
2025-01-09,3819.3726136468736,3853.5988861539504,3748.8711943929684,3761.49072265625,2392472,-0.016928762574669576,-0.017073692055531837,8999261232.214844
2025-01-10,3911.5737991914198,4001.9125274108405,3883.633986340052,3972.71533203125,7894300,0.056154494308001235,0.054634476011090984,31361806645.654297
2025-01-13,3953.4839382998034,4026.0810749677194,3937.0924887364367,3996.418212890625,4003771,0.005966418149385921,0.00594868955912415,16000743344.64331
2025-01-14,4006.5691894349775,4017.6518909895462,3929.315424489214,3942.35400390625,3441709,-0.013528165998740738,-0.013620505370291493,13568435256.430176
2025-01-15,3928.3377943076216,3964.1475039910265,3918.512475086078,3957.767822265625,1653474,0.003909800678503883,0.003902177272036857,6544066192.152832
2025-01-16,3967.4533641062476,3999.1184848526354,3903.9835145012657,3917.44091796875,2637705,-0.010189305211388056,-0.010241571523117008,10333053496.530762
2025-01-17,3945.5156582213353,3946.179768328342,3888.7499900580783,3911.750244140625,1761466,-0.0014526508369335778,-0.0014537069570670384,6890415055.54541
2025-01-20,3932.142300220547,3932.142300220547,3858.446917151911,3867.64697265625,1287799,-0.01127456221174572,-0.011338601889486148,4980751903.739746
2025-01-21,3884.2452782424407,3899.136119079718,3822.3105229606576,3827.859130859375,1971591,-0.01028735095994271,-0.010340631480091494,7546972611.670166
2025-01-22,3841.2798581228535,3948.598485486215,3835.77871966863,3942.38623046875,2409223,0.029919361108689202,0.02948050899096921,9498087581.328613
2025-01-23,3953.1984717808796,3975.3452017162494,3926.6887142484056,3931.810791015625,1822998,-0.0026824970550558547,-0.0026861013974826355,7167683208.399902
2025-01-24,3892.49689011529,3962.683237549143,3892.49689011529,3938.355224609375,1910099,0.0016644833491745725,0.0016630996320014073,7522648376.171143
2025-01-27,3890.59942943467,3942.1485418020825,3832.7905934392124,3855.6484375,1551782,-0.02100033704236981,-0.021223980723769496,5983125843.640625
2025-01-28,3861.007499214359,3890.5995312485556,3820.6977771085412,3832.079345703125,2468272,-0.006112873665462426,-0.006131633768854675,9458614150.777344
2025-01-29,3845.0737102492853,3896.148597963248,3845.0737102492853,3888.51318359375,1217089,0.014726688254486087,0.01461930357768094,4732666622.106934
2025-01-30,3888.6078230102007,3917.061745659292,3849.3415023779007,3888.75,1531251,6.090153101423468e-05,6.089967659128582e-05,5954652326.25
2025-01-31,3898.1871578608666,3915.6865044368305,3874.7126731511203,3900.46337890625,1492943,0.0030121192944390085,0.003007591952102174,5823169498.294434
2025-02-01,3901.032960408717,3922.7526963272944,3846.970505085766,3863.236572265625,437172,-0.00954420104081688,-0.009590038817364305,1688898858.7705078
2025-02-03,3823.1637429283855,3866.8880293594016,3792.623246059982,3858.96826171875,1265713,-0.0011048535255431258,-0.0011054643261378188,4884346295.444824
2025-02-04,3873.242905885086,3906.5815588564824,3856.5026066809596,3895.389404296875,2547132,0.009438051859463448,0.009393791716427798,9922071004.145508
2025-02-05,3936.1259160718655,3936.1259160718655,3865.9395744358853,3880.261474609375,1693912,-0.0038835474755907207,-0.003891108026943081,6572821474.978516
2025-02-06,3893.8244160755,3926.1671344471406,3842.749763323274,3872.341796875,2284536,-0.002041016510407223,-0.0020431022230709794,8846504239.265625
2025-02-07,3879.218228908592,3879.218228908592,3801.444171507491,3821.7412109375,1548940,-0.013067179652977656,-0.013153306356513482,5919647831.269531
2025-02-10,3831.7949614241543,3843.176530616503,3807.4669498989556,3828.902099609375,1339511,0.001873724115955655,0.0018719708846305539,5128856480.3498535
2025-02-11,3811.308028813468,3831.7949459001434,3751.1754977809574,3759.284912109375,1810908,-0.018182023381350554,-0.01834934766774209,6807719121.618164
2025-02-12,3766.445947952812,3814.4855628593755,3737.090798282343,3746.575439453125,1678002,-0.003380821872614792,-0.003386549764513882,6286761080.553223
2025-02-13,3763.5054582381317,3779.10764599597,3701.143945163747,3708.63671875,2277310,-0.010126239633029499,-0.010177858765040182,8445715485.9765625
2025-02-14,3722.721744594235,3744.536419785488,3699.010141125482,3732.064208984375,1681975,0.0063170086506265655,0.006297139981285094,6277238697.906494
2025-02-17,3657.7517993998813,3731.257767104663,3657.467213858333,3703.278076171875,1799806,-0.0077131933430303334,-0.007743093870405008,6665182101.162598
2025-02-18,3697.492313192335,3722.1523795147264,3665.33947318774,3673.591064453125,2149879,-0.008016414405865424,-0.00804871861427001,7897776284.05542
2025-02-19,3672.6428039185434,3675.251080308744,3573.955063643061,3589.083251953125,4366672,-0.023004142545348993,-0.023272867015230823,15672349341.972656
2025-02-20,3567.647585834546,3592.781883594646,3557.973298668796,3584.625,2888572,-0.0012421701142482089,-0.0012429422470243126,10354447405.5
2025-02-21,3581.495307989525,3620.2873962692524,3580.451904877241,3590.885009765625,1833931,0.0017463499712313535,0.0017448268751017804,6585435336.844482
2025-02-24,3550.2433706104594,3569.260122487774,3480.8633130033377,3486.1748046875,2508516,-0.029159999496881528,-0.02959360232884839,8745125276.355469
2025-02-25,3438.1820010806746,3469.4813130905127,3434.625261079557,3442.49755859375,4101954,-0.012528702242647682,-0.012607848191446624,14120966630.463867
2025-02-27,3425.5682244971263,3450.5128801402716,3415.1351179326557,3426.37451171875,3823856,-0.004683531825534937,-0.004694533926616875,13101962734.882812
2025-02-28,3400.1963006835795,3414.470731581497,3278.8403664103434,3303.737548828125,7085018,-0.03579204855487539,-0.03644829036848873,23407040000.723145
2025-03-03,3305.3972886171223,3341.6760393458467,3297.0032889623258,3313.032470703125,4990439,0.0028134564981703303,0.0028095061371481295,16533486450.063232
2025-03-04,3294.964557324782,3367.9962990962294,3285.764501101665,3350.02294921875,2797737,0.011165142159857755,0.011103272059821489,9372483155.878418
2025-03-05,3339.400041837824,3414.8029405590255,3339.400041837824,3364.249755859375,2501894,0.004246778859811284,0.0042377867438319295,8416996278.686035
2025-03-06,3373.6871734120996,3423.434074596987,3353.8643641732256,3415.98876953125,2786513,0.015379064405596887,0.015262005242569236,9518697114.152832
2025-03-07,3414.470997652364,3438.1826018027277,3390.190222378938,3425.09375,2051315,0.002665401171678683,0.00266185528937739,7025946185.78125
2025-03-10,3420.635765390215,3435.4318979249574,3397.9675660982793,3404.654052734375,1004626,-0.00596763147450341,-0.005985508946805297,3420403982.382324
2025-03-11,3374.6354690920352,3403.8007419067008,3355.3341308822914,3391.0439453125,1995450,-0.003997500835934975,-0.004005512199818359,6766658640.673828
2025-03-12,3381.2746199098347,3385.305592458114,3307.15224085139,3325.5048828125,3174167,-0.01932710503224111,-0.019516315420222793,10555707857.362305
2025-03-13,3321.805675922365,3342.6718849425615,3304.5436765901054,3330.104736328125,1693004,0.001383204559223028,0.0013822488130235209,5637880639.022461
2025-03-17,3309.1915231821918,3348.505317121511,3298.1420081114443,3317.443115234375,2690906,-0.003802169029587632,-0.003809415648664694,8926927583.442871
2025-03-18,3317.443115234375,3317.443115234375,3317.443115234375,3317.443115234375,0,0.0,0.0,0.0
2025-03-19,3364.202538836237,3364.202538836237,3284.2944294770737,3316.874267578125,3051244,-0.00017147171375375692,-0.00017148641670885036,10120592707.702148
2025-03-20,3331.0059291540974,3394.505554527131,3331.0059291540974,3379.519775390625,2845192,0.018886910614866803,0.018710767330901823,9615382628.783203
2025-03-21,3295.9127223046994,3429.883275405574,3286.428081377204,3393.699462890625,4161925,0.00419576994437354,0.004186992245897117,14124322637.091064
2025-03-24,3414.470721860925,3461.6568103088644,3382.792113898217,3441.9287109375,1834751,0.014211408103236955,0.014111372691812712,6315082144.321289
2025-03-25,3457.1514681076355,3518.8016314620927,3450.512219746386,3469.244384765625,3135390,0.007936153279794356,0.00790482764291034,10877434151.550293
2025-03-26,3459.7601257453803,3490.822326860632,3438.9888533482517,3448.426025390625,1734499,-0.006000833918307635,-0.006018911277934691,5981291492.614014
2025-03-27,3428.555935669893,3474.2243946717267,3424.4300237407233,3463.032470703125,2528474,0.004235684687725172,0.004226739425981188,8756187563.328613
2025-03-28,3462.8426654904715,3472.279837617975,3406.7883407304835,3420.303955078125,2051919,-0.012338468087284338,-0.012415218963585165,7018186671.199951
2025-04-01,3388.577667798288,3399.2953585160476,3343.3359762190476,3367.806396484375,2618493,-0.015348799195406881,-0.015467811380384361,8818577474.54956
2025-04-02,3361.3567956889556,3380.4210168658315,3348.1257677061367,3361.309326171875,1764313,-0.0019291697762918725,-0.0019310330210340228,5930401741.186279
2025-04-03,3311.0882917953854,3321.52139726939,3221.1263760619972,3227.765625,4537821,-0.0397296672853269,-0.04054043758334531,14647022636.203125
2025-04-04,3189.3056688327865,3224.446080623458,3125.663631237096,3129.362548828125,5317367,-0.030486437865783755,-0.030960815604888847,16639969148.17456
2025-04-07,2940.238860434007,3121.7748058386424,2898.5539074179674,3105.319091796875,6623955,-0.007683180410097856,-0.007712848099876489,20569493924.70337
2025-04-08,3131.8757443343147,3176.406084910182,3087.5350502556194,3123.24462890625,5557558,0.005772526616259155,0.005755929425676801,17357613173.33496
2025-04-09,3092.5147195117684,3101.4776590955953,3046.5142098890965,3079.28369140625,2990265,-0.014075406419699843,-0.014175404403111146,9207874247.48291
2025-04-11,3120.0198074686773,3128.935276473692,3040.775593704065,3064.96142578125,7108961,-0.004651167953433788,-0.004662018292672377,21788691242.3833
2025-04-15,3143.5893021337306,3143.5893021337306,3071.69590901875,3080.801025390625,3512160,0.0051679605087811,0.005154652431590669,10820266129.335938
2025-04-16,3080.8012559903377,3109.1604734732773,3062.590790324908,3105.08203125,2384391,0.0078813937217177,0.007850497767499165,7403729649.574219
2025-04-17,3078.240292358944,3133.3461501914685,3052.1575291360596,3128.88818359375,2932346,0.007666835241117997,0.0076375944210775645,9174982749.608398
2025-04-21,3120.5420796132057,3181.1488478659085,3114.8512945544117,3150.418701171875,2432946,0.006881203902082467,0.006857636471604313,7664798577.341309
2025-04-22,3151.3669464223676,3162.0844056249766,3125.189244347029,3143.58935546875,2710498,-0.0021677581143689784,-0.002170111103078759,8520692660.819336
2025-04-23,3191.5816342442954,3244.6006837766467,3165.3092254984945,3237.10791015625,3543923,0.029748972945467633,0.02931505695114989,11472061176.284668
2025-04-24,3225.8214222352462,3236.633820616935,3213.1118640484187,3226.295654296875,2252175,-0.003340097444837098,-0.0033456880224948813,7266182415.216064
2025-04-25,3243.747204561521,3298.568475558524,3229.5202431380058,3270.30419921875,2742991,0.013640580293149185,0.013548385029565813,8970414985.719238
2025-04-28,3257.9739444135007,3279.5989706182713,3229.5200235015927,3266.035888671875,1593296,-0.001305172328584847,-0.0013060248078241076,5203761917.277344
2025-04-29,3276.9436254865236,3314.8821913387555,3253.6113148639492,3293.541748046875,1578332,0.008421787240735279,0.008386521850641794,5198302334.27832
2025-04-30,3293.067634171488,3329.0143339832575,3192.530431054501,3275.710693359375,2809332,-0.005413945245441032,-0.005428653758411008,9202558873.59668
2025-05-02,3293.0674491310842,3311.562499608635,3243.7473145242825,3254.180419921875,1721761,-0.006572702980500389,-0.006594398309624197,5602920933.985107
2025-05-05,3272.2013429677813,3323.892639545098,3268.786779377753,3276.27978515625,1284443,0.006791069449955556,0.006768114007219316,4208194636.085449
2025-05-06,3281.685791015625,3294.01582433447,3259.871116682284,3281.685791015625,1324763,0.0016500440175677422,0.0016486841905818713,4347455913.563232
2025-05-07,3244.3163408615387,3281.211501134211,3244.3163408615387,3267.5537109375,1477128,-0.004306347706052427,-0.004315646727483994,4826595077.9296875
2025-05-08,3270.3044338611708,3297.8098945868014,3251.999029204456,3271.157958984375,2543591,0.001103041714298536,0.0011024338107743581,8320487944.051025
2025-05-09,3223.8296054868374,3268.5970664946117,3222.976080385976,3263.001220703125,2531757,-0.002493532377073726,-0.002496646406630939,8261126181.523682
2025-05-12,3324.3664350329263,3443.3986711517946,3321.710689429311,3433.819091796875,2228678,0.05234992558689311,0.051025687891674484,7652877065.867676
2025-05-13,3433.8198450043396,3436.2859446540497,3329.583717556732,3333.851806640625,3062887,-0.029112566062395095,-0.02954474538460943,10211211358.486084
2025-05-14,3339.542044274439,3377.4806076856794,3327.7811822404,3365.814453125,2119499,0.00958730271714825,0.00954163617773518,7133840367.583984
2025-05-15,3380.326007773164,3414.4707149223877,3332.9977424314357,3395.406494140625,3548330,0.008791940681147858,0.008753516621144791,12048022725.354004
2025-05-16,3408.6849264465072,3408.6849264465072,3363.348529175367,3377.76513671875,1666727,-0.005195654026202257,-0.005209198371439258,5629812353.027832
2025-05-19,3367.0478467189873,3367.0478467189873,3323.133908772587,3337.455810546875,2537377,-0.011933726751360951,-0.012005505297028585,8468383612.197998
2025-05-20,3349.785756293493,3374.6354708973113,3313.9337648440714,3318.01220703125,2038374,-0.0058258759424409945,-0.005842912558722438,6763349814.495117
2025-05-21,3327.212019490534,3354.7174780325026,3318.0119641520128,3344.0947265625,1440153,0.007860887152849605,0.00783015134815442,4816008052.743164
2025-05-22,3314.8821689714327,3317.5379148748953,3273.4343323692665,3297.809814453125,2034383,-0.013840789778390206,-0.013937466601518518,6709008223.756592
2025-05-23,3297.8098235860703,3352.820743852965,3286.9974249846496,3333.47216796875,1274331,0.010813950931715333,0.010755898308160254,4247946921.279785
2025-05-26,3339.54242872468,3362.3055693919314,3329.2042616284266,3355.00244140625,967470,0.006458813019164733,0.0064380442660505405,3245864211.9873047
2025-05-27,3349.9752588067204,3357.5629717372003,3303.5954561426133,3318.391357421875,2467680,-0.010912386689360898,-0.010972363506913208,8188727984.8828125
2025-05-28,3338.5939127547476,3347.1300903725864,3312.985379901231,3317.443115234375,1222933,-0.00028575357315197003,-0.0002857944084836678,4057010661.24292
2025-05-29,3324.0819895701998,3350.449337105284,3306.819989757275,3317.822265625,3188072,0.00011428994483253518,0.00011428341423437334,10577456266.015625
2025-05-30,3310.1398835450454,3325.979188538535,3275.141649033021,3284.91064453125,3404365,-0.009919645616565331,-0.00996917310341315,11183034826.369629
2025-06-02,3272.2008769614918,3281.6855171845687,3242.4191992844703,3272.01123046875,1877585,-0.0039268690866751665,-0.003934599481221763,6143479206.159668
2025-06-03,3268.4070961095445,3294.4898573234195,3225.2519821011338,3229.709716796875,2848125,-0.012928291100582467,-0.01301258879425197,9198616987.1521
2025-06-04,3242.9152450223373,3248.465279476926,3224.7342507303856,3235.164306640625,2544807,0.0016888792870091152,0.0016874547340924796,8232868773.689209
2025-06-05,3262.0530702216233,3262.0530702216233,3218.7057063727016,3225.786865234375,3584683,-0.0028985981908249414,-0.0029028072621329008,11563423337.428955
2025-06-06,3225.7868448606714,3244.7331673196672,3213.9212139850256,3238.322021484375,2070390,0.0038859220319533705,0.0038783913397514723,6704589530.061035
2025-06-09,3253.440835404879,3285.975243758928,3244.7330032516393,3274.396728515625,1718678,0.011139938150658057,0.011078346039067852,5627633620.571777
2025-06-10,3291.7168496023487,3335.5426613582063,3275.6409764041855,3313.629638671875,2419874,0.011981721644962473,0.011910509086511128,8018566208.251465
2025-06-11,3320.423693236899,3338.604687522634,3300.424692969312,3322.24169921875,2847013,0.0025989810226125787,0.0025956095118328712,9458465306.817871
2025-06-12,3322.2416207116808,3324.9209717927824,3275.640909498604,3286.166748046875,4060134,-0.01085861729456894,-0.010918002363776104,13342277343.41455
2025-06-13,3246.933943792306,3301.76403815699,3246.933943792306,3297.1708984375,2178493,0.00334862812337966,0.0033430339532767943,7182863722.049805
2025-06-16,3291.716884024651,3357.7426005937496,3278.5116939874692,3345.590087890625,1934088,0.01468507121546847,0.014578289684044766,6470665641.908203
2025-06-17,3358.6991651797816,3368.268108670322,3337.743272382211,3363.770751953125,2111940,0.005434217457872315,0.0054195053732272016,7104082001.879883
2025-06-18,3367.4071820205213,3385.4923927635227,3294.683207501011,3302.625244140625,2696327,-0.01817766795700826,-0.018344911596305694,8904957616.657959
2025-06-19,3301.2855030665887,3302.242397415304,3265.8804121641356,3276.40625,2672768,-0.007938834170525877,-0.007970514495816108,8757073780.0
2025-06-20,3277.3635707817734,3297.745469784743,3263.8712652626323,3287.602294921875,2351248,0.0034171723735036963,0.003411347106843315,7729968320.730469
2025-06-23,3267.7945867055305,3277.3635313225304,3224.73433592903,3247.317138671875,3123421,-0.01225365863511707,-0.012329353706726937,10142738544.587646
2025-06-24,3286.549310178985,3293.726017546798,3236.2165757260095,3244.25439453125,3403048,-0.0009431613882583401,-0.0009436064448226077,11040353428.800781
2025-06-25,3260.4262751214173,3301.2856185170967,3253.440899408153,3296.309814453125,1757699,0.01604541863598108,0.015918051538994893,5793920464.554443
2025-06-26,3296.3098921986184,3302.625255099875,3268.081507258558,3293.439208984375,2879106,-0.0008708542674488173,-0.0008712336813185024,9482160587.222168
2025-06-27,3306.0702704397795,3316.978773543857,3283.1048040170426,3292.76953125,1778433,-0.00020333690464002796,-0.0002033575803912319,5855969995.769531
2025-06-30,3291.6208515129015,3315.5432107745055,3282.1476906920225,3312.768310546875,1468351,0.00607354359516421,0.006055173970881686,4864306661.559814
2025-07-01,3306.0700701470973,3334.776901436363,3266.35895353028,3281.860595703125,2375183,-0.00932987518183781,-0.009373671087031889,7795019495.283936
2025-07-02,3336.8825269936165,3339.4660954770175,3272.5792619041285,3275.737060546875,3090585,-0.0018658730246700062,-0.001867615934111351,10123943823.270264
2025-07-03,3282.147812903343,3287.2193999790024,3251.144527592608,3254.20654296875,2531870,-0.006572724605231506,-0.006594420077428865,8239227919.946289
2025-07-04,3261.096050751665,3279.2770439923584,3243.967734776887,3272.387451171875,1109320,0.005586894366741424,0.005571345558558643,3630124847.3339844
2025-07-07,3270.952315509477,3278.416138875185,3261.4789203702617,3264.63671875,1639174,-0.0023685252854455108,-0.002371334678414953,5351307628.8203125
2025-07-08,3258.2253086430815,3277.363195918518,3247.125240576613,3259.37353515625,2325242,-0.0016121804804564155,-0.001613481441851591,7578832237.633789
2025-07-09,3263.010040732191,3266.837618492581,3221.863579808002,3237.939453125,2034938,-0.006576135505813485,-0.006597853551143632,6589006034.863281
2025-07-10,3234.303008112803,3252.484001353674,3211.33754296644,3236.216796875,3035012,-0.000532022378719077,-0.0005321639528407668,9821956813.117188
2025-07-11,3157.655913683438,3191.2430024482833,3120.528595780786,3125.21728515625,7635550,-0.034299158148469844,-0.03490118025699895,23862752841.674805
2025-07-14,3125.217020314649,3130.9583865491522,3062.0619917351123,3083.783447265625,3924009,-0.013257906286203491,-0.013346576922462066,12100794001.121338
2025-07-15,3067.8034091107847,3118.9014760029677,3067.8034091107847,3112.107666015625,2590889,0.009184892270926115,0.009142967667686354,8063125518.695557
2025-07-16,3098.377660261314,3115.5641051149655,3092.23284636304,3104.234619140625,2540733,-0.002529811857402642,-0.0025330172385683116,7887031336.593018
2025-07-17,3095.5933632665156,3112.779808234124,3076.390526695053,3081.287109375,2947640,-0.007392324544070017,-0.007419783180948322,9082525135.078125
2025-07-18,3096.4574198500977,3100.1060057073505,3059.972030096825,3062.75634765625,3432645,-0.006013967884514582,-0.0060321246219968575,10513355263.000488
2025-07-21,3062.8523807267275,3070.1495522628406,3026.3669918654064,3032.31982421875,3844346,-0.00993762480021998,-0.009987332585945934,11657286586.956055
2025-07-22,3033.6640625,3053.3469689942053,3028.8633535989743,3033.6640625,3198036,0.00044330359565436517,0.00044320536564481055,9701766883.78125
2025-07-23,3033.663712058185,3055.1707916864866,3031.7434287196015,3052.386474609375,1922875,0.006171550878295351,0.006152584851373145,5869357642.364502
2025-07-24,3038.944885626984,3047.2019644087272,3014.8452328363246,3022.5263671875,2934778,-0.009782544795772119,-0.009830708251966582,8870443886.841797
2025-07-25,3014.845292873372,3031.0715957495104,3001.019344529776,3010.812744140625,2568917,-0.0038754411455390603,-0.003882970125950776,7734528042.239502
2025-07-28,2986.0407571253136,2993.7218909057005,2947.5389802872855,2956.564453125,3374473,-0.018017822968631414,-0.01818212045493573,9976846919.830078
2025-07-29,2938.0339265993125,2951.4759118844077,2919.9832137631183,2934.193359375,4785312,-0.007566584156944223,-0.007595355983028519,14041030692.9375
2025-07-30,2938.033974050545,2946.6752504448114,2925.7441118523307,2931.88916015625,2880121,-0.0007852922205647817,-0.0007856007240214383,8444195539.838379
2025-07-31,2920.4633903186314,2937.8420514011964,2894.827650050853,2915.7587890625,2968371,-0.005501698806680166,-0.0055168888913591525,8655053832.448242
2025-08-01,2909.133383273443,2915.758501968501,2880.4252388236764,2883.3056640625,2053847,-0.011130250253120089,-0.011192654973968357,5921868688.217773
2025-08-04,2889.1625521624956,2956.660327755159,2872.360072011628,2951.859619140625,2519252,0.023776166340107707,0.02349791516508513,7436478249.239258
2025-08-05,2951.859809051624,2954.836342347973,2920.751308991888,2941.7783203125,1927996,-0.0034152365386060923,-0.0034210817712761084,5671736834.449219
2025-08-06,2940.9142942671037,2944.562879940478,2905.3890481398157,2911.43798828125,1487081,-0.01031360242944035,-0.01036715616650491,4329544115.05127
2025-08-07,2895.7876067904904,2929.9687479023937,2890.890789951502,2925.552001953125,2543076,0.004847780968952442,0.004836068317118669,7439901082.918945
2025-08-08,2926.6086035572216,2937.8422168454263,2904.4292320215636,2915.374755859375,2762140,-0.0034787438702014173,-0.0034848087692306313,8052673228.149414
2025-08-11,2915.3746004762743,2928.3365153663553,2900.876599282036,2919.599365234375,1884215,0.0014490793564392312,0.001448030454121465,5501152917.965088
2025-08-12,2919.791194448837,2972.9829560524563,2906.253101394714,2914.414306640625,3358232,-0.0017759486645639866,-0.001777527530994303,9787279385.81836
2025-08-13,2915.086743648966,2923.055733419127,2907.8856798255947,2915.1826171875,2148166,0.0002636243395883753,0.00026358959679805954,6262296182.033203
2025-08-14,2913.0700372499637,2934.0970475783347,2898.7640190971856,2901.83642578125,3342174,-0.004578166502353098,-0.004588678402370694,9698442254.499023
2025-08-18,2925.072007661826,2927.4723621732833,2883.6898021204543,2891.178955078125,2945609,-0.003672664182046592,-0.00367942497162633,8516282750.688721
2025-08-19,2891.1790271854784,2904.429031301108,2891.083153648401,2895.979736328125,2650784,0.001660492596477825,0.0016591155028714154,7676616749.3828125
2025-08-20,2890.890836056874,2979.7039520714934,2890.890836056874,2975.095458984375,4952358,0.027319156161141667,0.026952648161662277,14733737797.064941
2025-08-21,3005.2438266480435,3005.2438266480435,2960.2132701020532,2978.93603515625,3230726,0.0012909085522876396,0.0012900760462248985,9624126101.11621
2025-08-22,2962.997485687316,2972.3108139224278,2928.4323821601793,2932.27294921875,1593791,-0.01566434639307468,-0.015788328705994937,4673430236.008301
2025-08-25,2964.245782645686,3026.366909314735,2954.4523833109183,3015.42138671875,3448370,0.02835630889073726,0.027961710959006597,10398288647.319336
2025-08-26,3004.2834255253156,3035.968102112831,2995.642150092357,3031.359375,5522097,0.005285492883829734,0.00527157369130369,16739460510.609375
2025-08-28,3019.645945976872,3021.086158669707,2963.4776509563167,2970.390625,3116051,-0.020112676346729752,-0.020317689791760733,9255888677.421875
2025-08-29,2969.7184911417403,2990.841610057071,2954.548204311535,2961.749267578125,2271789,-0.002909165329686214,-0.00291340517608329,6728469406.842041
2025-09-01,2966.8382982161247,3006.3002217717835,2966.8382982161247,2988.53759765625,1246862,0.009044766338384358,0.009004107422352853,3726293966.088867
2025-09-02,2996.698656186325,3029.247369338668,2979.416103841445,2987.481201171875,2185229,-0.0003534827486204595,-0.0003535452383737126,6528330557.755615
2025-09-03,3005.1475613511693,3016.6692623196923,2964.917715899919,2974.0390625,1799774,-0.004499488956316133,-0.004509642124241978,5352598179.671875
2025-09-04,2991.8017155695825,2993.7219990840686,2967.6061901689773,2972.310791015625,1481391,-0.0005811192953606437,-0.0005812882106214788,4403154455.013428
2025-09-05,2973.655259644998,2979.703965451406,2907.885546409113,2926.80029296875,2802055,-0.015311487003458413,-0.015429918281807769,8201055394.914551
2025-09-08,2928.4323632618416,2942.7383816988513,2895.7875434746607,2898.66796875,2626187,-0.009611972598996266,-0.009658465774910332,7612444136.847656
2025-09-09,2911.2459361835313,2938.0337976334035,2909.997705008497,2927.856201171875,2489301,0.010069532880808696,0.01001917291994288,7288315369.43335
2025-09-10,2934.5773210773896,2998.2347696750494,2931.696895660388,2986.041015625,2079428,0.01987283884701596,0.019677951727460802,6209257297.0390625
2025-09-11,3013.8854400458617,3013.8854400458617,2986.13743275291,2999.67529296875,2263446,0.0045660047107209945,0.004555612134239362,6789603043.168945
2025-09-12,3018.685897890405,3023.198517586115,2996.6026359147436,3008.50830078125,1447167,0.0029446546541902485,0.002940327650946376,4353813932.116699
2025-09-15,3009.0844623500607,3009.0844623500607,2972.5990732086116,2987.865234375,1732539,-0.006861562057478565,-0.006885210814773421,5176593045.298828
2025-09-16,3003.323408916267,3024.4465275211764,2985.176823514983,3020.31787109375,2573429,0.010861479408571295,0.01080291720758539,7772573598.690918
2025-09-17,3026.367137231914,3055.55535595913,3017.149681628776,3046.338134765625,2418271,0.00861507456579469,0.008578176578734309,7366871167.497803
2025-09-18,3058.0517436415034,3075.334296666793,3035.392302577828,3050.08251953125,2633138,0.0012291428593869114,0.0012283880817255933,8031288185.313477
2025-09-19,3043.64975218093,3053.731241896356,3018.6860633617807,3042.881591796875,4901694,-0.002360896037488791,-0.0023636873467314324,14915274441.221191
2025-09-22,2971.6386491648127,2983.0642419680353,2942.8343973150727,2951.28369140625,3634901,-0.030102354504216833,-0.030564733159786785,10727624041.17627
2025-09-23,2947.6353061603577,2957.9087764692863,2930.352753876681,2940.338134765625,3177741,-0.0037087443245449325,-0.0037156387685429214,9343633044.708252
2025-09-24,2928.432470591566,2935.153463147022,2912.1100600997443,2914.414306640625,1625714,-0.008816614599009842,-0.008855710913228603,4738004140.105957
2025-09-25,2901.5486952997107,2908.8458671854296,2833.378623371756,2839.5234375,4974361,-0.025696713391086035,-0.026032641253735254,14124814646.085938
2025-09-26,2823.7769658283983,2837.0269692313786,2776.057966398974,2783.547119140625,3934636,-0.019713279214436885,-0.019910177878261853,10952244702.666992
2025-09-29,2799.7732301976002,2812.5431618400235,2778.6501125486475,2780.66650390625,3110035,-0.001034872093440331,-0.0010354079432878236,8647970150.476074
2025-09-30,2794.9724895498107,2799.101145742985,2770.1049132760872,2773.273193359375,2253458,-0.0026588267728219206,-0.0026623677306474957,6249454663.76123
2025-10-01,2775.7701654990638,2808.223007812976,2752.342797471782,2798.04541015625,1952902,0.00893248341208941,0.008892824773923882,5464308477.584961
2025-10-03,2807.454578770542,2807.454578770542,2775.8660078142957,2786.2353515625,2899519,-0.00422082449086858,-0.004229757315343967,8078742340.327148
2025-10-06,2786.3316788238635,2874.28076699856,2780.1868646812827,2869.287841796875,2112774,0.02980813885223288,0.029372511931584862,6062156750.664551
2025-10-07,2875.624650921264,2884.745997894136,2837.699050349848,2855.173583984375,3062943,-0.004919080479447779,-0.004931218979027676,8745233942.849854
2025-10-08,2856.4219038307547,2921.711547346886,2849.7009111158586,2906.541259765625,4121889,0.017991086800952738,0.01783116249172227,11980440446.674072
2025-10-09,2913.069893498166,2943.794427641851,2899.6279098103037,2939.665771484375,3211304,0.011396539308518472,0.0113320879736109,9440160450.63086
2025-10-10,2928.4324419455565,2947.635277630445,2887.0502372807746,2907.597412109375,8817365,-0.010908845381700338,-0.010968783135191526,25637347655.62378
2025-10-13,2906.349233459963,2914.5104387736105,2878.6971026918,2887.33837890625,2866865,-0.006967619767011546,-0.006992006976174289,8277609341.643066
2025-10-14,2900.5884226064827,2906.5412549765147,2837.699133735008,2842.307861328125,3611416,-0.015595857384468781,-0.01571875220963423,10264756087.326172
2025-10-15,2863.220385125294,2871.6047262713414,2843.9459294866183,2862.06396484375,4282226,0.006950726128025275,0.006926681186740385,12256004723.916992
2025-10-16,2862.160371154854,2867.0754517571395,2836.332787245134,2862.931396484375,3251495,0.00030307905458437645,0.00030303313540557247,9308807121.011963
2025-10-17,2862.256586509825,2880.3746213869317,2848.1861401528254,2854.739501953125,4374683,-0.002861365990575071,-0.002865467524101904,12488580368.622803
2025-10-20,2877.1943748710046,2913.333979311689,2870.4483153754104,2905.81689453125,3133039,0.017892137809134345,0.017733957513853017,9104037657.425293
2025-10-21,2921.1404673344027,2921.815026282457,2887.3137006926995,2897.62548828125,310644,-0.0028189684853908714,-0.0028229492599304014,900129972.1816406
2025-10-23,2944.172939856895,2985.6130172427693,2925.958674375256,2961.712646484375,5564758,0.022117129512530198,0.02187609334809349,16481214143.225098
2025-10-24,2968.2662739630537,2977.9035021252716,2947.3535359078196,2952.07568359375,2684318,-0.003253848040276397,-0.0032591533153094833,7924309894.833008
2025-10-27,2955.2558763824863,2981.9509500743798,2949.184375870237,2972.98828125,1946312,0.007084031677260905,0.007059057799322344,5786362767.65625
2025-10-28,2964.4114953280427,2978.096312781555,2929.9101701396817,2946.968017578125,3470737,-0.008752225441310713,-0.008790751121411084,10228150936.425049
2025-10-29,2946.96788369373,2964.4113606511696,2935.596142774,2946.678955078125,2895420,-9.808810217004638e-05,-9.809291312254074e-05,8531873180.112305
2025-10-30,2938.4874105526364,2952.654089267939,2922.7786811771543,2925.18798828125,2241536,-0.007293284108823239,-0.007320010131641271,6556914182.5
2025-10-31,2924.898585437403,2956.1231088421955,2915.357824198127,2947.064208984375,1868085,0.007478569169149019,0.007450743316333761,5505366442.840576
2025-11-03,2936.367047373489,2947.06446508497,2900.80576844531,2907.359130859375,2194877,-0.013472756380385476,-0.01356433745921812,6381295687.063232
2025-11-04,2910.0574685167057,2919.4055326440953,2868.039060214524,2881.723876953125,2670720,-0.008817367498274109,-0.008856470509849477,7696277592.65625
2025-11-06,2881.627605776501,2914.2977142131544,2881.531139384038,2901.6728515625,2542721,0.006922583655192938,0.00689873258372007,7378144494.797852
2025-11-07,2892.1323165785257,2895.0234851722394,2853.101540563387,2883.26611328125,1830520,-0.00634349191754624,-0.0063636973564160405,5277876285.683594
2025-11-10,2884.422275161144,2937.3305615709287,2883.4585523829414,2915.4541015625,1556656,0.011163724407185827,0.011101869960790647,4538359119.921875
2025-11-11,2934.5359333014544,2944.847720230334,2908.5154176367123,2936.46337890625,2806868,0.0072061766750126655,0.0071803362500589855,8242265091.423828
2025-11-12,2948.991669923252,3022.619995280987,2946.1969680097523,3018.18701171875,4460315,0.02783063238573047,0.02745039897087269,13462064801.174316
2025-11-13,3018.186949242595,3018.2831803470704,2989.4679642954256,2993.03369140625,1740435,-0.00833391708825093,-0.008368838331110975,5209180592.702637
2025-11-14,2977.9034333434784,3000.1655239975616,2965.6642009169345,2993.322998046875,2210794,9.666000134100905e-05,9.665533006409409e-05,6617620524.144043
2025-11-17,2993.323082448971,3010.188231818854,2974.626953832486,2989.660888671875,2232853,-0.0012234260644071737,-0.0012241750610316935,6675473284.253662
2025-11-18,2989.4682629851,2992.3594315179676,2966.338914722159,2975.10888671875,2548350,-0.0048674423270759215,-0.004879326905162049,7581618731.469727
2025-11-19,2984.6495543039355,3040.5454775036865,2971.639296317787,3033.51025390625,3151053,0.019629993190572126,0.019439809711890372,9558751586.10205
2025-11-20,3033.79944214396,3049.7008686990343,3024.2586803244717,3030.715576171875,2700767,-0.0009212685965956924,-0.0009216932253273382,8185256614.510986
2025-11-21,3030.715536432949,3055.0013041600305,3021.463703354114,3036.30517578125,4177037,0.0018443167855544118,0.0018426181216139332,12682759062.529785
2025-11-24,3043.4366842823783,3063.578397230728,3017.4161679823073,3027.24609375,6703764,-0.002983587454748915,-0.002988047224750604,20293943382.421875
2025-11-25,3031.1974493056246,3035.534202019235,3001.996600643867,3006.044189453125,2737920,-0.007003693667537614,-0.007028334649358527,8230308507.1875
2025-11-26,3005.658657913636,3062.71099952004,3003.923909850209,3048.15869140625,2508527,0.01400994107168696,0.013912708939166026,7646388377.677246
2025-11-27,3064.6384631299097,3064.6384631299097,3011.6337098367826,3022.81298828125,2836233,-0.008315086480391476,-0.00834984965195746,8573401950.191895
2025-11-28,3026.0897270293826,3033.124950840084,3011.6338843843378,3023.680419921875,1616690,0.0002869617286904713,0.00028692056304872567,4888353898.083496
2025-12-01,3024.0657566161144,3039.581788202742,3008.935355329588,3019.72900390625,1747647,-0.0013068232970623317,-0.0013076779352824374,5277420334.489746
2025-12-02,3017.416350282513,3029.9447477765,3007.2007935969305,3021.94580078125,2512003,0.0007341045743285424,0.0007338352513649369,7591136917.399902
2025-12-03,3026.089516693691,3095.3810901757683,3025.125793917674,3064.638427734375,3952112,0.014127529005347528,0.014028665510677775,12111794305.910156
2025-12-04,3078.13047294951,3132.0989471151875,3071.769808666434,3112.053466796875,5025905,0.015471658461697624,0.015353192699256517,15640885079.041748
2025-12-05,3112.824571063191,3152.915532717371,3105.5001838412545,3120.72705078125,5244013,0.0027870934985261275,0.0027832167550019544,16365133223.748535
2025-12-08,3125.353065437683,3141.6398867746047,3092.2010949656524,3119.0888671875,2544725,-0.0005249365186679178,-0.0005250743460781046,7937223417.553711
2025-12-09,3112.8243568679477,3116.3900838422614,3065.794641509269,3091.91162109375,2734893,-0.008713200312966962,-0.008751382195536348,8456047449.147949
2025-12-10,3108.0062080861744,3108.0062080861744,3062.807700289892,3073.5048828125,1386849,-0.0059531903032657985,-0.005970981184132606,4262487173.223633
2025-12-11,3088.7315521574005,3092.0081155406747,3038.7144333046613,3076.106689453125,1914362,0.0008465275767657321,0.0008461694743780671,5888781754.234863
2025-12-12,3081.696263178982,3106.078496384854,3070.131589906683,3103.669189453125,1146554,0.008960189870690138,0.008920285559097749,3558524323.8442383
2025-12-15,3094.6101270221197,3120.7268716204835,3081.310706400481,3113.01708984375,1562190,0.0030118868410302646,0.0030073601967412883,4863124167.583008
2025-12-16,3103.187500999765,3103.187500999765,3075.3360054304358,3088.828125,1734623,-0.007770264070398714,-0.007800609871062506,5357952308.671875
2025-12-17,3084.3949307247763,3119.4743477745933,3084.3949307247763,3101.0673828125,1376350,0.003962427599463858,0.003954597859593029,4268154092.3339844
2025-12-18,3110.897128527372,3168.5277977297296,3104.1510690788923,3161.78173828125,2307422,0.019578534734606468,0.019389340664441913,7295564742.108398
2025-12-19,3179.3215200364916,3197.5357868591873,3159.854366515901,3162.938232421875,3902511,0.0003657729205728266,0.00036570604196587304,12343401244.346924
2025-12-22,3189.9223631467994,3207.8477007511456,3171.6116305486757,3204.28173828125,2632816,0.013071234030301637,0.012986542666186112,8436284229.0546875
2025-12-23,3199.4631245744913,3199.4631245744913,3174.0209376032617,3189.92236328125,2365420,-0.004481308503072601,-0.004491379665275396,7545506156.552734
2025-12-24,3184.236571775606,3206.4021959958864,3176.5267894381177,3198.595947265625,1367708,0.0027190580197862246,0.0027153680688091998,4374745265.842773
2025-12-26,3192.9103071634727,3199.559900795541,3153.108505919085,3161.010986328125,1176664,-0.011750455999179898,-0.011820038226323798,3719447831.216797
2025-12-29,3161.0105311971397,3168.7203129805475,3125.2563240630398,3133.54443359375,2079473,-0.008689167121902486,-0.008727138051721288,6516121043.958496
2025-12-30,3132.0992469072426,3148.9643966982817,3121.9801570326194,3129.015380859375,2807593,-0.0014453449856400846,-0.0014463905042486607,8785001680.193115
2025-12-31,3122.462063286045,3128.2444004402787,3082.467564635931,3089.88818359375,3362634,-0.01250463564512072,-0.012583476542051374,10390163062.350586
2026-01-01,3098.368779137981,3116.775978595714,3082.1781891606697,3110.31884765625,1255735,0.0066121046615796875,0.006590340582454387,3905736238.161621
2026-01-02,3116.6795578205924,3136.243177859361,3102.7055771191704,3132.773681640625,1184324,0.007219463689806416,0.007193528114308228,3710219057.7353516
2026-01-05,3122.9439430034404,3129.2081416238766,3075.23966120166,3099.42919921875,2341703,-0.010643757197427828,-0.010700807159480026,7257942654.098145
2026-01-06,3093.550169667909,3144.8201752673103,3088.7315556964636,3137.688720703125,2912325,0.012344054025824835,0.012268487420914008,9137969303.521729
2026-01-07,3125.2565425983025,3180.8635358265738,3106.271250685878,3176.044921875,1989442,0.012224348743963276,0.012150234778190468,6318557161.464844
2026-01-08,3167.6606296336045,3167.6606296336045,3066.566193971062,3087.671630859375,4159336,-0.02782494995802931,-0.028219398100657652,12842663770.41211
2026-01-09,3075.239584998998,3112.5356118812538,3075.239584998998,3091.43017578125,1938673,0.0012172748177980974,0.0012165345394942663,5993272213.172363
2026-01-12,3086.804068110982,3134.026484388671,3059.145271347969,3122.076416015625,2228342,0.009913288831319145,0.009864474525360776,6957054005.01709
2026-01-13,3127.2804209827063,3161.0107182814413,3094.0319850739534,3149.446044921875,5645341,0.008766482705499845,0.008728280201367037,17779696884.685303
2026-01-14,3141.736098705462,3141.736098705462,3067.529448521315,3076.684814453125,3539511,-0.02310286616469248,-0.023373920266220094,10889959744.289795
2026-01-15,3076.684814453125,3076.684814453125,3076.684814453125,3076.684814453125,0,0.0,0.0,0.0
2026-01-16,3159.0110444402844,3161.464149941515,3111.519017760894,3146.54931640625,4293470,0.022707721514055423,0.022453738927518882,13509615093.510742
2026-01-19,3128.2002715520307,3159.600023336744,3092.973770842994,3104.258056640625,3387562,-0.013440520237555598,-0.013531661609291472,10515866630.869629
2026-01-20,3092.4832014713097,3100.7255406282875,3033.118044759914,3044.10791015625,4499273,-0.019376657928196983,-0.019566846181492407,13696272529.252441
2026-01-21,3041.8509292683366,3079.6287553253787,3024.188569033875,3064.027099609375,2015150,0.006543522779421718,0.006522206871131057,6174474209.777832
2026-01-22,3090.9130188550284,3100.7254411371077,3063.7326570458863,3091.305419921875,2269827,0.008902767314289628,0.008863371330892562,7016728507.38501
2026-01-23,3130.457047950816,3134.578217290946,3092.875423666008,3103.178466796875,2068857,0.0038407873898465006,0.0038334303977042637,6420032493.281982
2026-01-27,3115.4440572399217,3115.4440572399217,3071.2881572160486,3098.762939453125,4279874,-0.0014229047381563165,-0.0014239180284276649,13262314936.729004
2026-01-28,3116.425451779539,3145.0776781720924,3111.1268393421374,3140.073486328125,2751234,0.01333130274311678,0.013243222876088654,8639076938.084473
2026-01-29,3140.07335254898,3140.07335254898,3066.9708064954257,3085.41796875,2457641,-0.017405808436043002,-0.017559070557594023,7582849702.136719
2026-01-30,3082.081828102924,3082.081828102924,3034.000959087629,3065.302490234375,3022068,-0.006519531136254586,-0.006540876102734176,9263552566.057617
2026-02-02,3138.0126916764966,3138.0126916764966,3075.2131881532646,3110.1455078125,2636272,0.014629230792389425,0.014523255899442856,8199189518.171875
2026-02-03,3287.1613923698505,3287.1613923698505,3126.53209104895,3164.800537109375,4366060,0.017573142208165082,0.017420519985134136,13817709033.051758
2026-02-04,3061.475843095512,3061.475843095512,2929.9893806035893,2942.84375,10852595,-0.07013294661283864,-0.07271365640077737,31937491367.03125
2026-02-05,2933.9143670738968,2972.869637012123,2916.5464269268496,2935.38623046875,3521545,-0.0025341201112869527,-0.0025373364284946025,10337094702.976074
2026-02-06,2920.765595757455,2929.0079343210614,2861.302223276454,2886.422119140625,4687389,-0.0166806367148169,-0.016821325245926534,13529783290.616455
2026-02-09,2903.5941220720847,2921.15826303242,2882.3991930324937,2892.8984375,2380318,0.0022437183793835302,0.0022412050021389115,6886018222.953125
2026-02-10,2894.468444356794,2955.109263473934,2888.2865702537815,2928.61572265625,3547763,0.012346539613439234,0.012270942697411275,10390034502.058105
2026-02-11,2924.1019081110685,2941.76426862986,2849.723697569715,2855.21875,3363513,-0.025062001849009752,-0.02538140164633394,9603565383.46875
2026-02-12,2815.9687988010764,2825.977420921291,2688.603518515395,2698.51416015625,10612156,-0.05488356709752973,-0.05644714965744809,28637053235.78711
2026-02-13,2536.5110796879476,2662.110080925881,2536.5110796879476,2641.7001953125,11168735,-0.02105379533767593,-0.021278587233789496,29504449430.893555
2026-02-16,2649.3540277067937,2668.7826718221954,2620.898002964758,2655.830322265625,2918730,0.005348876067843733,0.0053346216377764665,7751651636.506348
2026-02-17,2665.0538469624375,2708.228504276998,2644.6439610469733,2666.427490234375,4209118,0.0039901524882470785,0.003982212942797605,11223307944.840332
2026-02-18,2678.7913077273606,2678.7913077273606,2607.4550449905755,2644.349609375,2950820,-0.00827994796042042,-0.008314417130021803,7802999714.3359375
2026-02-19,2657.2039438116426,2697.140454434555,2616.5806115438327,2627.66845703125,3238849,-0.006308225011023683,-0.006328205936188727,8510621354.387207
2026-02-20,2616.972941852777,2651.905259923164,2597.838718993336,2635.812744140625,2293482,0.00309943481932895,0.0030946414731181193,6045189084.057129
2026-02-23,2635.616634548502,2653.2789947204583,2610.3005370564806,2626.0986328125,4699596,-0.003685433022402429,-0.003692240962636152,12341602630.371094
2026-02-24,2591.460746119642,2597.8388206557183,2513.255787797201,2525.423095703125,7798833,-0.038336540696323196,-0.03909072392642306,19695352977.73169
2026-02-25,2547.3048106742554,2604.4130601353972,2546.3235684513456,2579.980224609375,3621285,0.021603163841764195,0.021373122679090955,9342843687.67456
2026-02-26,2600.2918170703697,2620.897903167908,2585.5731841435563,2598.034912109375,3464267,0.006997994530261842,0.006973622205407232,9000286610.868408
2026-02-27,2631.299321894741,2638.168017666852,2576.8403768444346,2587.92822265625,5083717,-0.003890128422069261,-0.0038977146523038113,13156294700.297363
2026-03-02,2543.37985460111,2574.5834053591284,2531.8993684474203,2564.4765625,3374385,-0.009061943817042617,-0.00910325298016622,8653531245.351562
2026-03-04,2575.7609535201655,2585.5733762002424,2531.997452542583,2539.2587890625,3446434,-0.009833497332849994,-0.009882165482658235,8751387825.423828
2026-03-05,2551.229777430436,2560.551578540278,2498.6350985020495,2530.427490234375,2960636,-0.0034779042081746203,-0.0034839661763929114,7491674722.977539
2026-03-06,2523.7550365456814,2570.069622274581,2505.7002751879877,2509.625244140625,3998643,-0.00822084259439626,-0.008254820064633323,10035095415.106201
2026-03-09,2482.542780637602,2511.9800468111703,2458.0117254929614,2479.991455078125,3653428,-0.011808053466025537,-0.011878322235375193,9060470221.743164
2026-03-10,2493.3365235176843,2497.45769299971,2443.39138949283,2465.9599609375,4323710,-0.005657880034987017,-0.005673946468192725,10662095742.705078
2026-03-11,2461.0536733182116,2473.711601954393,2413.9540474182472,2418.663818359375,2720664,-0.01917960685790865,-0.019365921661034756,6580371578.712891
2026-03-12,2413.6596961153996,2426.513825649523,2390.3060830242093,2396.5859375,2752075,-0.009128131281324947,-0.009170047947206486,6595584243.9453125
2026-03-13,2391.287343235487,2400.0203033629555,2352.0376535639975,2365.284423828125,2466488,-0.01306087680065715,-0.013146920073612877,5833945647.958984
2026-03-16,2364.793830777467,2379.5124645789865,2321.7173916761253,2364.0087890625,3807907,-0.0005393155904525049,-0.0005394610734153957,9001925615.932617
2026-03-17,2374.6061161428333,2374.6061161428333,2315.731584337639,2346.8369140625,2993367,-0.007263879508167981,-0.007290389937981124,7024944172.936523
2026-03-18,2364.793804301608,2436.326267951688,2364.793804301608,2395.01611328125,3082388,0.02052941937722852,0.020321531247360622,7382368927.384766
2026-03-19,2371.6624152761565,2378.5311107279285,2306.115387909886,2311.806640625,2757060,-0.03474276110078034,-0.03536064435882141,6373789616.6015625
2026-03-20,2341.2440023374425,2362.6351312433567,2319.8528734315287,2345.7578125,4206320,0.014685991154442357,0.014579196308753225,9867008001.875
2026-03-23,2320.6378037995523,2361.6537756859007,2303.956686393805,2339.085205078125,3860515,-0.00284454234206033,-0.0028485957411633358,9030073520.482178
2026-03-24,2359.0045869106293,2389.7172776589064,2334.47353068287,2353.803955078125,3420182,0.006292524089351659,0.006272808822282005,8050437918.687012
2026-03-25,2355.864368126978,2376.1762738846405,2325.3478785890734,2332.80517578125,5843778,-0.00892120996380008,-0.008961242226072468,13632395564.516602
2026-03-27,2358.8080275261386,2376.6668272056972,2340.262645780238,2344.97265625,4979411,0.00521581510323732,0.005202259853661801,11676582639.230469
2026-03-30,2330.5484146912077,2353.0187649541185,2302.1903717438945,2314.652099609375,6804756,-0.012930025669942169,-0.013014346083887702,15750642762.729492
2026-04-01,2383.4374750291136,2425.630892660341,2352.9207445923203,2363.027587890625,4132661,0.020899680038055868,0.02068427778114273,9765591954.399658
2026-04-02,2341.24390183887,2423.570027038862,2331.1370592120925,2404.730224609375,5378361,0.01764796861977236,0.017494051466547034,12933507255.560303
2026-04-06,2427.593337237373,2435.4432752720936,2402.2772391631793,2427.4951171875,2572417,0.009466713706658192,0.009422185177759425,6244529706.870117
2026-04-07,2414.837240451596,2496.182129281132,2402.0810908677395,2492.1591796875,4516550,0.02663818437456622,0.026289565440237722,11255961543.017578
2026-04-08,2523.755016821873,2531.899375247164,2492.453485493659,2511.195068359375,4769337,0.0076383117206269,0.00760928752121577,11976735553.743896
2026-04-09,2506.092558435327,2556.135910228672,2483.6222080623565,2540.43603515625,5628261,0.011644243478057925,0.011576970996123292,14298237059.66455
2026-04-10,2517.671257898199,2517.671257898199,2454.1849361455575,2476.94970703125,10480239,-0.024990327347917396,-0.025307887364696715,25959024920.66748
2026-04-13,2443.195026142192,2457.9136601554055,2423.6684008424363,2426.2197265625,3739587,-0.020480827820098302,-0.020693468353772917,9073059748.59668
2026-04-15,2454.9697496490417,2510.9987747578325,2446.629190999006,2506.9755859375,5261384,0.033284643798282776,0.032742702807972764,13190161236.242188
2026-04-16,2523.754997213638,2545.3423261167095,2510.0176060935014,2528.56298828125,3905403,0.008610934412301985,0.00857407177989245,9875057480.122559
2026-04-17,2521.792618261851,2540.4362212762385,2507.957006516208,2533.076904296875,2718206,0.0017851704847950955,0.001783578961776977,6885424839.721191
2026-04-20,2538.571963483115,2545.3424392975157,2513.15764504414,2531.212646484375,2288558,-0.000735965737691413,-0.0007362366934258555,5792826951.812988
2026-04-21,2511.9802240950007,2564.9673069470045,2511.9802240950007,2561.532958984375,2719959,0.011978571828847429,0.011907396558933187,6967264625.586182
2026-04-22,2531.6048516902206,2531.6048516902206,2456.6380441545243,2490.88330078125,5232045,-0.02758100689484666,-0.027968504537220124,13032413519.436035
2026-04-23,2481.5614778281533,2511.489364373728,2469.0997500312283,2474.49658203125,2509050,-0.006578677830816226,-0.006600412708766791,6208635649.145508
2026-04-24,2441.3307179215667,2458.0118361710306,2343.991534636913,2351.939453125,5107719,-0.04952810595747359,-0.050796687146260795,12013045831.576172
2026-04-27,2351.9393059532576,2412.874541687738,2351.9393059532576,2401.6884765625,5853425,0.021152340197958308,0.020931734906316793,14058103370.922852
2026-04-28,2398.155951805419,2440.349366669426,2381.867235359066,2398.8427734375,4508363,-0.001184876037325644,-0.0011855785579256031,10814854002.583008
2026-04-29,2405.024637022461,2441.2323784506298,2401.688509360205,2428.280029296875,2835961,0.012271440290016145,0.012196756530733932,6886507460.164795
2026-04-30,2432.4995485090735,2444.2744555611544,2392.26861608113,2427.4951171875,3970446,-0.00032323788850752155,-0.00032329014113412745,9638238278.05664
2026-05-01,2427.4951171875,2427.4951171875,2427.4951171875,2427.4951171875,0,0.0,0.0,0.0
2026-05-04,2447.2181772447047,2451.4375668418284,2379.512461835769,2385.6943359375,2632358,-0.017219717952895564,-0.017369701573512697,6280001570.759766
2026-05-05,2384.4185931895904,2414.24826083551,2366.952433771704,2381.769287109375,3385720,-0.0016452438055449825,-0.001646598705432517,8064003910.751953
2026-05-06,2396.0951150032492,2424.6493574491965,2361.359238648924,2389.717041015625,3147628,0.003336911744250326,0.0033313566088232736,7521940270.37793
2026-05-07,2392.4647422177254,2393.9366055534624,2353.018852732181,2356.35498046875,5829594,-0.013960673993727801,-0.014059040787162679,13736592856.010742
2026-05-08,2353.0188960201936,2361.8500761970836,2330.548544505656,2349.486328125,3792199,-0.002914948045045218,-0.0029192047802183156,8909719704.029297
2026-05-11,2326.5252955775945,2369.699953108347,2326.5252955775945,2348.014404296875,1975188,-0.0006264875051644747,-0.0006266838304627181,4637769875.194336
2026-05-12,2330.450360002076,2330.450360002076,2240.176072372522,2257.151611328125,6347884,-0.038697715313190106,-0.03946636724949595,14328136599.124023
2026-05-13,2262.7446759395275,2265.8846032931383,2226.4387119283556,2230.16748046875,3171843,-0.011954948318025238,-0.012026983405470525,7073741111.752441
2026-05-14,2222.513720137884,2222.513720137884,2165.012827845418,2203.8701171875,5633313,-0.011791653995296691,-0.01186172694261883,12415090181.463867
2026-05-15,2209.7573207679993,2261.6649346543286,2209.7573207679993,2221.5322265625,3410637,0.008014133517786348,0.007982190897888972,7576840008.606445
2026-05-18,2221.5322685970373,2249.8900714309348,2209.953563101145,2240.3720703125,3773336,0.008480562885712306,0.0084448049350856,8453676586.3046875
2026-05-19,2256.857213357978,2333.0017090765828,2254.0117066090534,2283.448974609375,10394707,0.019227567093740072,0.019045053246409906,23735783040.514893
2026-05-20,2280.3085723429836,2298.06915136111,2274.3231388707036,2283.742919921875,2537422,0.0001287286537901,0.0001287203689679351,5794819527.354004
2026-05-21,2287.275643394801,2292.0836345084317,2270.594525446405,2283.546875,3299087,-8.584369114617019e-05,-8.584737592670327e-05,7533619809.203125
2026-05-22,2287.373954930871,2296.106915322829,2264.805382686245,2273.832763671875,2617262,-0.004253957488008608,-0.004263031307401178,5951216086.713379
2026-05-25,2312.3217190072714,2313.415817804508,2280.496215777924,2295.61328125,3298364,0.009578768467982224,0.009533182936282813,7571768204.796875
2026-05-26,2295.613098349941,2315.205623652634,2260.008270887014,2263.78759765625,3587597,-0.013863695533430809,-0.013960694109638927,8121557593.98877
2026-05-27,2262.5943570616037,2283.0821217701528,2248.571147658945,2271.744140625,2653950,0.0035147038427931765,0.0035085417057453346,6029095362.011719
2026-05-28,2271.744140625,2271.744140625,2271.744140625,2271.744140625,0,0.0,0.0,0.0
2026-05-29,2278.507085795833,2321.2726050840133,2222.81245602518,2246.58203125,16331582,-0.011076119411967511,-0.011137916359852255,36690238663.08594
2026-06-01,2271.5452382799426,2322.267132829976,2267.5670504720965,2284.8720703125,7505095,0.0170436861551837,0.016900072048646506,17148181950.541992
2026-06-02,2307.34897134468,2443.9996279549005,2303.569644295269,2433.556884765625,11306127,0.06507358393714768,0.06304388967331427,27514103200.88452
2026-06-03,2379.9508308808004,2379.9508308808004,2212.6680838914085,2229.475830078125,15660062,-0.08386122221554515,-0.08758742165209774,34913729726.5249
2026-06-04,2229.4759194813155,2240.8139007540485,2204.5129359355733,2228.77978515625,4867263,-0.0003122011517167067,-0.0003122498966420185,10848057383.438965
2026-06-05,2250.560184151513,2259.4117976453776,2180.0469028924485,2186.9091796875,5019717,-0.018786335800248022,-0.01896504068605294,10977665186.733398
2026-06-08,2158.1668832997775,2165.128711955583,2131.6125282744956,2139.668212890625,6536734,-0.02160170492476765,-0.021838437174846084,13986441955.921387
2026-06-09,2162.145087858845,2162.145087858845,2121.169801728995,2139.2705078125,4148655,-0.00018587231222533251,-0.0001858895886243945,8875095288.588867
2026-06-10,2139.568864676436,2168.907999188303,2133.1043096144995,2142.154541015625,2848650,0.0013481386260374428,0.0013472307030723402,6102248533.26416
2026-06-11,2115.4013888441136,2142.8509821277357,2098.494090484758,2123.95458984375,3079815,-0.008496096254216212,-0.00853239381795066,6541387205.119629
2026-06-12,2138.276030955957,2156.177876796519,2126.3414670622496,2149.61376953125,2124656,0.012080851356331301,0.012008460318622589,4567189793.1171875
2026-06-15,2180.046856932239,2180.046856932239,2147.525221086398,2150.21044921875,3337083,0.00027757530025041,0.00027753678335415,7175430736.510254
2026-06-16,2155.183285992923,2196.954258771743,2148.818282502735,2187.0087890625,3079898,0.01711383174475789,0.016969039755409365,6735763995.416016
2026-06-17,2196.9542720106556,2218.8343055028395,2188.6994835403766,2210.8779296875,2865010,0.01091405793354494,0.010854929435465663,6334187377.333984
2026-06-18,2196.9542695909468,2201.927004470057,2170.101501243751,2191.285400390625,3735188,-0.008861877462246093,-0.008901377434085941,8184862932.114258
2026-06-19,2093.521413717831,2126.341464384191,2048.6672473500757,2113.412353515625,13286502,-0.03553761041857817,-0.03618444212821572,28079857461.81006
2026-06-22,2120.5729308842238,2145.237743488044,2109.434053749718,2116.197021484375,4566101,0.0013176169639199653,0.00131674966844672,9662769335.996826
2026-06-23,2099.4885101234904,2102.4721508294924,2043.7938836114508,2048.368896484375,6392736,-0.03205189512667539,-0.03257680381071635,13094681585.835938
2026-06-24,2049.7612582514666,2109.1356624395376,2049.7612582514666,2097.49951171875,4747277,0.02398523787326501,0.023702110374012864,9957411189.493652
2026-06-25,2121.965363861958,2136.78401555451,2076.61392807904,2083.27734375,4738903,-0.006780534579050257,-0.0068036268481216425,9872449254.128906
2026-06-26,2083.27734375,2083.27734375,2083.27734375,2083.27734375,0,0.0,0.0,0.0
2026-06-29,2078.6031371123327,2093.521341445675,2059.706744956766,2086.4599609375,3412470,0.0015276973068651944,0.0015265315644511647,7119982022.900391
2026-06-30,2078.60311543387,2092.8251853118586,2007.791421498655,2020.422119140625,6848411,-0.03165066334040867,-0.03216237182996464,13836681065.365967
2026-07-01,2028.776408877907,2040.8104030555382,1966.0205187179013,1971.788818359375,4658295,-0.02407086139105219,-0.024365299089108935,9185173993.619385
2026-07-02,1997.0503819057583,2065.5745732846704,1991.580373389582,2056.82275390625,6040621,0.04312527526027221,0.042221279314356375,12424486720.523926
2026-07-03,2088.5485393778363,2105.0581154318793,2073.6303355251375,2082.083984375,4028819,0.012281675910466694,0.01220686801693672,8388339515.845703
2026-07-06,2078.6031065753987,2081.5867473982344,2039.4180542258837,2046.3798828125,2567386,-0.017148252342576664,-0.017296986427167496,5253847061.814453
2026-07-07,2038.8212111731864,2111.124724588052,2037.8266642409067,2084.669921875,4769048,0.018711109987005425,0.0185382105983961,9941890921.578125
2026-07-08,2082.5813599967723,2098.1956989000228,2037.6278854106638,2046.2803955078125,3666985,-0.018415158181329327,-0.018586828024686874,7503679516.121216
2026-07-09,2046.280350211656,2053.7394523387943,2005.006651774823,2038.323974609375,3791498,-0.003888235901543191,-0.0038958147426831347,7728301273.083496
2026-07-10,2093.7200783959847,2121.666943317309,2053.341620075063,2057.717529296875,6714551,0.009514461356034731,0.00946948393415715,13816649294.057861
2026-07-13,2063.684994131224,2192.8765503750355,2053.8390761022306,2169.604248046875,12382622,0.05437418749512801,0.05294740371448214,26865389293.15869
2026-07-14,2170.996422535663,2215.850586742918,2167.1177865856457,2188.60009765625,9546290,0.008755444513198984,0.008717337874394476,20893011226.254883
2026-07-15,2174.10009765625,2202.89990234375,2145.39990234375,2189.199951171875,5426489,0.0002740809142187661,0.000274043360906604,11879669453.834717
2026-07-16,2206.0,2231.39990234375,2187.800048828125,2201.0,5197595,0.0053901192633447614,0.005375644560793901,11439906595.0
2026-07-17,2224.800048828125,2275.0,2215.10009765625,2269.0,5615138,0.030895047705588263,0.030427403253379958,12740748122.0
2026-07-20,2280.10009765625,2283.39990234375,2245.10009765625,2251.10009765625,2202693,-0.007888894818752767,-0.007920176778155921,4958482427.406738
2026-07-21,2245.10009765625,2259.89990234375,2218.5,2221.10009765625,2382160,-0.013326817421950632,-0.013416416389707538,5291015808.6328125
2026-07-22,2216.0,2226.800048828125,2201.0,2208.300048828125,1599665,-0.005762932000062393,-0.005779601768025776,3532540297.6086426
2026-07-23,2204.0,2250.0,2193.60009765625,2242.89990234375,2503539,0.015668094348857187,0.015546616994655378,5615187378.61377
2026-07-24,2205.10009765625,2264.300048828125,2205.10009765625,2254.300048828125,3211699,0.00508277095757248,0.005069897281473176,7240133212.52124
2026-07-27,2286.0,2315.0,2272.39990234375,2295.60009765625,4007292,0.01832056422550954,0.01815476465474669,9199139906.53711
2026-07-28,2325.0,2417.39990234375,2323.0,2398.0,8248513,0.04460702996497412,0.04364076681263171,19779934174.0
2026-07-29,2440.0,2475.5,2415.10009765625,2446.60009765625,7169419,0.020266929798269384,0.02006428894044188,17540701225.538574
2026-07-30,2440.0,2495.0,2423.0,2431.800048828125,4901582,-0.006049230866255084,-0.0060676015865784695,11919667346.935059
2026-07-31,2385.0,2391.0,2326.10009765625,2365.60009765625,4343683,-0.027222612814641778,-0.027600013121246214,10275416928.987793
2026-08-03,2383.89990234375,2473.699951171875,2383.0,2473.699951171875,3036839,0.04569658820302136,0.04468325492512719,7512228486.016846
2026-08-04,2463.10009765625,2467.39990234375,2435.10009765625,2460.0,2792792,-0.005538242892144218,-0.005553635818795571,6870268320.0
2026-08-05,2460.0,2460.89990234375,2408.0,2413.0,3014409,-0.019105691056910623,-0.01929056330137681,7273768917.0
2026-08-06,2417.0,2434.5,2368.5,2373.0,2729141,-0.016576875259013635,-0.016715809189268127,6476251593.0
2026-08-07,2375.0,2457.699951171875,2375.0,2452.699951171875,4547979,0.03358615725742742,0.03303446121021972,11154827871.230713
2026-08-10,2452.699951171875,2472.89990234375,2423.5,2425.699951171875,2322023,-0.011008276812293993,-0.011069316264306605,5632531077.719971
2026-08-11,2438.0,2456.60009765625,2428.0,2445.699951171875,1514105,0.008245042834064353,0.008211238155300903,3703046524.569092
2026-08-12,2445.699951171875,2445.800048828125,2300.10009765625,2349.699951171875,7022647,-0.03925256651127662,-0.04004372090299656,16501113312.997314
2026-08-13,2349.699951171875,2375.0,2332.300048828125,2375.0,2123494,0.010767353004159874,0.010709797834760558,5043298250.0
2026-08-14,2375.10009765625,2390.0,2333.39990234375,2361.0,2232160,-0.005894736842105286,-0.005912179383228688,5270129760.0
2026-08-17,2351.0,2361.10009765625,2310.60009765625,2313.199951171875,2237636,-0.020245679300349373,-0.020453431909925164,5176099485.94043
2026-08-18,2300.0,2307.0,2280.0,2280.0,1797822,-0.014352391437262413,-0.014456383227101265,4099034160.0
2026-08-19,2293.60009765625,2308.199951171875,2258.300048828125,2289.0,3368922,0.003947368421052699,0.00393959800408031,7711462458.0
2026-08-20,2319.39990234375,2329.0,2288.10009765625,2298.0,2047848,0.003931847968545288,0.003924138456134365,4705954704.0
2026-08-21,2290.10009765625,2307.199951171875,2263.300048828125,2302.0,2066749,0.0017406440382941035,0.0017391308731268974,4757656198.0
2026-08-24,2302.39990234375,2321.60009765625,2279.5,2284.10009765625,1542723,-0.007775804667137232,-0.0078061938724356275,3523733754.956543
2026-08-25,2305.0,2313.5,2262.0,2296.199951171875,3041609,0.0052974269945702535,0.0052834449855663325,6984142437.283936
2026-08-26,2305.10009765625,2306.300048828125,2266.39990234375,2270.0,1660737,-0.011410134887644974,-0.011475729919510312,3769872990.0
2026-08-27,2270.0,2283.60009765625,2243.89990234375,2248.39990234375,1709113,-0.009515461522577096,-0.009561022781193331,3842769502.2944336
2026-08-28,2272.0,2348.5,2263.300048828125,2342.0,4054069,0.04162964851523099,0.04078645646340762,9494629598.0
2026-08-31,2342.0,2399.300048828125,2306.199951171875,2399.300048828125,2905846,0.024466288995783625,0.02417178331970068,6971996449.687012
2026-09-01,2355.0,2372.0,2325.0,2369.0,2678034,-0.01262870345996292,-0.012709123318577745,6344262546.0
2026-09-02,2347.89990234375,2363.0,2303.5,2348.0,2533005,-0.008864499788940439,-0.008904023210798351,5947495740.0
2026-09-03,2353.60009765625,2353.60009765625,2316.10009765625,2320.10009765625,1892786,-0.01188241156037051,-0.011953571676886444,4391452983.442383
2026-09-04,2330.0,2363.89990234375,2302.39990234375,2304.0,2564322,-0.006939397861546626,-0.006963587455318702,5908197888.0
2026-09-07,2290.10009765625,2299.89990234375,2260.10009765625,2270.0,2297551,-0.01475694444444442,-0.014866911340333473,5215440770.0
2026-09-08,2270.0,2274.5,2244.0,2255.5,2148114,-0.006387665198237857,-0.006408153626997712,4845071127.0
2026-09-09,2237.0,2237.0,2193.199951171875,2208.0,3370071,-0.02105963201064065,-0.021284549451464685,7441116768.0
2026-09-10,2199.0,2232.0,2190.60009765625,2204.10009765625,2490912,-0.0017662601194520233,-0.0017678217960124098,5490219382.453125
2026-09-11,2185.5,2232.60009765625,2185.5,2200.800048828125,2634124,-0.0014972318324535383,-0.0014983538040745194,5797180227.819336
